{
"type": "FeatureCollection",
"name": "Molise",
"crs": { "type": "name", "properties": { "name": "urn:ogc:def:crs:OGC:1.3:CRS84" } },
"features": [
{ "type": "Feature", "properties": { "Name": null, "description": null, "timestamp": null, "begin": null, "end": null, "altitudeMode": null, "tessellate": -1, "extrude": 0, "visibility": -1, "drawOrder": null, "icon": null, "cartodb_id": 12, "ccn_1": 0.0, "id_1": 12.0, "id_0": 112.0, "varname_1": "Molisa", "nl_name_1": null, "engtype_1": "Region", "type_1": "Regione", "cca_1": "14", "hasc_1": null, "name_1": "Molise", "name_0": "Italy", "iso": "ITA" }, "geometry": { "type": "MultiPolygon", "coordinates": [ [ [ [ 14.7801380157472, 42.070137023925803 ], [ 14.7801380157472, 42.069862365722798 ], [ 14.7809715270997, 42.069862365722798 ], [ 14.7809715270997, 42.069583892822401 ], [ 14.7820854187013, 42.069583892822401 ], [ 14.7820854187013, 42.069305419922003 ], [ 14.782916069030801, 42.069305419922003 ], [ 14.782916069030801, 42.069026947021598 ], [ 14.784029006958001, 42.069026947021598 ], [ 14.784029006958001, 42.068748474121001 ], [ 14.7843065261841, 42.068748474121001 ], [ 14.7843065261841, 42.068473815917997 ], [ 14.7854166030884, 42.068473815917997 ], [ 14.7854166030884, 42.068195343017599 ], [ 14.7862510681153, 42.068195343017599 ], [ 14.7862510681153, 42.067916870117202 ], [ 14.7868051528932, 42.067916870117202 ], [ 14.7868051528932, 42.067638397216903 ], [ 14.7870826721191, 42.067638397216903 ], [ 14.7870826721191, 42.067359924316499 ], [ 14.787638664245501, 42.067359924316499 ], [ 14.787638664245501, 42.066806793212898 ], [ 14.788194656371999, 42.066806793212898 ], [ 14.788194656371999, 42.0665283203125 ], [ 14.788473129272401, 42.0665283203125 ], [ 14.788473129272401, 42.066806793212898 ], [ 14.789029121398899, 42.066806793212898 ], [ 14.789029121398899, 42.067081451416101 ], [ 14.7898607254029, 42.067081451416101 ], [ 14.7898607254029, 42.066806793212898 ], [ 14.7915267944337, 42.066806793212898 ], [ 14.7915267944337, 42.0665283203125 ], [ 14.7934732437135, 42.0665283203125 ], [ 14.7934732437135, 42.066249847412202 ], [ 14.7940273284912, 42.066249847412202 ], [ 14.7940273284912, 42.065971374511797 ], [ 14.7948608398438, 42.065971374511797 ], [ 14.7948608398438, 42.065692901611399 ], [ 14.795416831970201, 42.065692901611399 ], [ 14.795416831970201, 42.065418243408097 ], [ 14.795693397521999, 42.065418243408097 ], [ 14.795693397521999, 42.065139770507798 ], [ 14.7962493896485, 42.065139770507798 ], [ 14.7962493896485, 42.064861297607401 ], [ 14.797082901001, 42.064861297607401 ], [ 14.797082901001, 42.064582824707003 ], [ 14.7973623275757, 42.064582824707003 ], [ 14.7973623275757, 42.064304351806598 ], [ 14.798195838928301, 42.064304351806598 ], [ 14.798195838928301, 42.0640258789062 ], [ 14.798471450805801, 42.0640258789062 ], [ 14.798471450805801, 42.063472747802798 ], [ 14.7987499237062, 42.063472747802798 ], [ 14.7987499237062, 42.0631942749025 ], [ 14.7990283966066, 42.0631942749025 ], [ 14.7990283966066, 42.062915802002102 ], [ 14.799305915832599, 42.062915802002102 ], [ 14.799305915832599, 42.062084197998097 ], [ 14.799584388733001, 42.062084197998097 ], [ 14.799584388733001, 42.061805725097699 ], [ 14.799861907958901, 42.061805725097699 ], [ 14.799861907958901, 42.061527252197301 ], [ 14.800417900085399, 42.061527252197301 ], [ 14.800417900085399, 42.061248779296903 ], [ 14.8006944656372, 42.061248779296903 ], [ 14.8006944656372, 42.0609741210938 ], [ 14.8012504577637, 42.060970306396598 ], [ 14.8012504577637, 42.060695648193402 ], [ 14.8015279769897, 42.060695648193402 ], [ 14.8015279769897, 42.060417175292997 ], [ 14.8020839691162, 42.060417175292997 ], [ 14.8020839691162, 42.060138702392599 ], [ 14.802639961242701, 42.060138702392599 ], [ 14.802639961242701, 42.059860229492202 ], [ 14.802915573120201, 42.059860229492202 ], [ 14.802915573120201, 42.059581756591903 ], [ 14.803471565246699, 42.059581756591903 ], [ 14.803471565246699, 42.059307098388601 ], [ 14.803750038147101, 42.059307098388601 ], [ 14.803750038147101, 42.059028625488203 ], [ 14.8040275573732, 42.059028625488203 ], [ 14.8040275573732, 42.058750152587898 ], [ 14.804583549499601, 42.058750152587898 ], [ 14.804583549499601, 42.0584716796875 ], [ 14.805416107177701, 42.0584716796875 ], [ 14.805416107177701, 42.058193206787102 ], [ 14.8056936264038, 42.058193206787102 ], [ 14.8056936264038, 42.057918548584098 ], [ 14.805972099304199, 42.057914733886697 ], [ 14.805972099304199, 42.0576400756837 ], [ 14.8065280914307, 42.0576400756837 ], [ 14.8065280914307, 42.057361602783303 ], [ 14.807359695434601, 42.057361602783303 ], [ 14.807359695434601, 42.057083129882898 ], [ 14.808471679687599, 42.057083129882898 ], [ 14.808471679687599, 42.0568046569825 ], [ 14.809027671814, 42.0568046569825 ], [ 14.809027671814, 42.056526184082102 ], [ 14.809584617614799, 42.056526184082102 ], [ 14.809584617614799, 42.056251525878999 ], [ 14.8112506866456, 42.056251525878999 ], [ 14.8112506866456, 42.055973052978601 ], [ 14.811529159546, 42.055973052978601 ], [ 14.811529159546, 42.055694580078203 ], [ 14.8118066787719, 42.055694580078203 ], [ 14.8118066787719, 42.055416107177798 ], [ 14.8120822906494, 42.055416107177798 ], [ 14.8120822906494, 42.055137634277401 ], [ 14.812360763549799, 42.055137634277401 ], [ 14.812360763549799, 42.054862976074197 ], [ 14.8129167556763, 42.054862976074197 ], [ 14.8129167556763, 42.0545845031738 ], [ 14.813195228576699, 42.0545845031738 ], [ 14.813195228576699, 42.054306030273402 ], [ 14.8137512207031, 42.054306030273402 ], [ 14.8137512207031, 42.054027557372997 ], [ 14.814305305481, 42.054027557372997 ], [ 14.814305305481, 42.053749084472699 ], [ 14.8148612976075, 42.053749084472699 ], [ 14.8148612976075, 42.053470611572301 ], [ 14.815138816833599, 42.053470611572301 ], [ 14.815138816833599, 42.053195953369197 ], [ 14.8165273666381, 42.053195953369197 ], [ 14.8165273666381, 42.0529174804687 ], [ 14.8170833587646, 42.0529174804687 ], [ 14.8170833587646, 42.052639007568303 ], [ 14.8173608779907, 42.052639007568303 ], [ 14.8173608779907, 42.052360534667997 ], [ 14.8179168701172, 42.052360534667997 ], [ 14.8179168701172, 42.052082061767599 ], [ 14.818751335144, 42.052082061767599 ], [ 14.818751335144, 42.051807403564503 ], [ 14.819582939148001, 42.051807403564503 ], [ 14.819582939148001, 42.051528930664198 ], [ 14.820417404174901, 42.051528930664198 ], [ 14.820417404174901, 42.0512504577638 ], [ 14.820693016052401, 42.0512504577638 ], [ 14.820693016052401, 42.050971984863402 ], [ 14.8212490081788, 42.050971984863402 ], [ 14.8212490081788, 42.050693511962997 ], [ 14.821526527404901, 42.050693511962997 ], [ 14.821526527404901, 42.050415039062599 ], [ 14.8223609924318, 42.050415039062599 ], [ 14.8223609924318, 42.050140380859403 ], [ 14.822916984558001, 42.050140380859403 ], [ 14.822916984558001, 42.049861907958999 ], [ 14.8234710693359, 42.049861907958999 ], [ 14.8234710693359, 42.0495834350587 ], [ 14.824027061462401, 42.0495834350587 ], [ 14.824027061462401, 42.049304962158303 ], [ 14.8248615264893, 42.049304962158303 ], [ 14.8248615264893, 42.049026489257898 ], [ 14.8254146575928, 42.049026489257898 ], [ 14.8254146575928, 42.048751831054702 ], [ 14.826250076294, 42.048751831054702 ], [ 14.826250076294, 42.048473358154297 ], [ 14.826527595520099, 42.048473358154297 ], [ 14.826527595520099, 42.048194885253899 ], [ 14.826806068420501, 42.048194885253899 ], [ 14.826806068420501, 42.047916412353501 ], [ 14.8273620605469, 42.047916412353501 ], [ 14.8273620605469, 42.047637939453097 ], [ 14.828415870666401, 42.047637939453097 ], [ 14.828472137451101, 42.047359466552699 ], [ 14.8287496566772, 42.047359466552699 ], [ 14.8287496566772, 42.047084808349702 ], [ 14.829028129577599, 42.047084808349702 ], [ 14.829028129577599, 42.046806335449297 ], [ 14.8293056488037, 42.046806335449297 ], [ 14.8293056488037, 42.0465278625488 ], [ 14.8304157257081, 42.0465278625488 ], [ 14.8304157257081, 42.046249389648402 ], [ 14.831250190734901, 42.046249389648402 ], [ 14.831250190734901, 42.045970916747997 ], [ 14.831806182861399, 42.045970916747997 ], [ 14.831806182861399, 42.045696258545 ], [ 14.8323621749878, 42.045696258545 ], [ 14.8323621749878, 42.045417785644602 ], [ 14.8334722518922, 42.045417785644602 ], [ 14.8334722518922, 42.045139312744297 ], [ 14.833749771118301, 42.045139312744297 ], [ 14.833749771118301, 42.044860839843899 ], [ 14.8348598480225, 42.044860839843899 ], [ 14.8348598480225, 42.044303894043097 ], [ 14.8351383209228, 42.044303894043097 ], [ 14.8351383209228, 42.044029235839901 ], [ 14.835415840148899, 42.044029235839901 ], [ 14.835415840148899, 42.043750762939503 ], [ 14.8356943130493, 42.043750762939503 ], [ 14.8356943130493, 42.043472290039098 ], [ 14.836250305175801, 42.043472290039098 ], [ 14.836250305175801, 42.0431938171387 ], [ 14.837408065796, 42.0431938171387 ], [ 14.8379163742066, 42.0431938171387 ], [ 14.8379163742066, 42.042915344238303 ], [ 14.838473320007401, 42.042915344238303 ], [ 14.838473320007401, 42.042640686035199 ], [ 14.839026451111, 42.042640686035199 ], [ 14.839026451111, 42.042362213134801 ], [ 14.839306831359901, 42.042362213134801 ], [ 14.839306831359901, 42.042083740234403 ], [ 14.8398609161378, 42.042083740234403 ], [ 14.8398609161378, 42.041805267333999 ], [ 14.8409729003906, 42.041805267333999 ], [ 14.8409729003906, 42.041526794433601 ], [ 14.841251373291, 42.041526794433601 ], [ 14.841251373291, 42.041248321533203 ], [ 14.842082977294901, 42.041248321533203 ], [ 14.842082977294901, 42.040973663330199 ], [ 14.8437509536744, 42.040973663330199 ], [ 14.8437509536744, 42.040695190429801 ], [ 14.844582557678301, 42.040695190429801 ], [ 14.844582557678301, 42.040416717529403 ], [ 14.8448610305787, 42.040416717529403 ], [ 14.8448610305787, 42.0401420593262 ], [ 14.845417022705201, 42.0401382446288 ], [ 14.845417022705201, 42.039981842041101 ], [ 14.845417022705201, 42.039585113525398 ], [ 14.8456945419313, 42.039585113525398 ], [ 14.8456945419313, 42.039306640625099 ], [ 14.846248626709, 42.039306640625099 ], [ 14.846248626709, 42.039028167724702 ], [ 14.847083091735801, 42.039028167724702 ], [ 14.847083091735801, 42.038749694824297 ], [ 14.8473606109619, 42.038749694824297 ], [ 14.8473606109619, 42.038471221923899 ], [ 14.8479166030884, 42.038471221923899 ], [ 14.8479166030884, 42.038192749023601 ], [ 14.849026679992701, 42.038192749023601 ], [ 14.849026679992701, 42.037918090820298 ], [ 14.8493051528931, 42.037918090820298 ], [ 14.8493051528931, 42.03763961792 ], [ 14.849582672119199, 42.03763961792 ], [ 14.849582672119199, 42.037361145019602 ], [ 14.849861145019601, 42.037361145019602 ], [ 14.849861145019601, 42.0368041992188 ], [ 14.8501386642457, 42.0368041992188 ], [ 14.8501386642457, 42.036529541015597 ], [ 14.8504152297975, 42.036529541015597 ], [ 14.8504180908204, 42.036251068115199 ], [ 14.851248741149799, 42.036251068115199 ], [ 14.851248741149799, 42.035972595214801 ], [ 14.851805686950801, 42.035972595214801 ], [ 14.851805686950801, 42.036251068115199 ], [ 14.8523616790771, 42.036251068115199 ], [ 14.8523616790771, 42.036529541015597 ], [ 14.852917671203601, 42.036529541015597 ], [ 14.852917671203601, 42.036251068115199 ], [ 14.8537502288818, 42.036251068115199 ], [ 14.8537502288818, 42.035972595214801 ], [ 14.854027748107899, 42.035972595214801 ], [ 14.854027748107899, 42.035694122314503 ], [ 14.854306221008301, 42.035694122314503 ], [ 14.854306221008301, 42.035415649414098 ], [ 14.8545837402344, 42.035415649414098 ], [ 14.8545837402344, 42.0351371765137 ], [ 14.854862213134799, 42.0351371765137 ], [ 14.854862213134799, 42.034862518310703 ], [ 14.857084274292101, 42.034862518310703 ], [ 14.857084274292101, 42.034584045410298 ], [ 14.857640266418599, 42.034584045410298 ], [ 14.857640266418599, 42.034305572509901 ], [ 14.858471870422401, 42.034305572509901 ], [ 14.858471870422401, 42.034027099609503 ], [ 14.8587503433228, 42.034027099609503 ], [ 14.8587503433228, 42.033748626708899 ], [ 14.8598623275757, 42.033748626708899 ], [ 14.8598623275757, 42.033473968505902 ], [ 14.860693931579601, 42.033473968505902 ], [ 14.860693931579601, 42.033195495605497 ], [ 14.861805915832599, 42.033195495605497 ], [ 14.861805915832599, 42.032917022705099 ], [ 14.8629159927369, 42.032917022705099 ], [ 14.8629159927369, 42.032638549804702 ], [ 14.8634719848632, 42.032638549804702 ], [ 14.8634719848632, 42.032360076904403 ], [ 14.864028930664199, 42.032360076904403 ], [ 14.864028930664199, 42.032081604003999 ], [ 14.864582061767599, 42.032081604003999 ], [ 14.864582061767599, 42.031806945800803 ], [ 14.865694999694799, 42.031806945800803 ], [ 14.865694999694799, 42.031528472900398 ], [ 14.866525650024499, 42.031528472900398 ], [ 14.866525650024499, 42.03125 ], [ 14.866805076599199, 42.03125 ], [ 14.8668069839478, 42.030971527099702 ], [ 14.869304656982401, 42.030971527099702 ], [ 14.869304656982401, 42.030693054199297 ], [ 14.870139122009199, 42.030693054199297 ], [ 14.870139122009199, 42.030418395996001 ], [ 14.8706951141357, 42.030418395996001 ], [ 14.8706951141357, 42.030139923095703 ], [ 14.8712511062622, 42.030139923095703 ], [ 14.8712511062622, 42.029861450195298 ], [ 14.871805191040099, 42.029861450195298 ], [ 14.871805191040099, 42.029582977294901 ], [ 14.8723611831666, 42.029582977294901 ], [ 14.8723611831666, 42.029304504394503 ], [ 14.873473167419499, 42.029304504394503 ], [ 14.873473167419499, 42.029026031494098 ], [ 14.874027252197401, 42.029026031494098 ], [ 14.874027252197401, 42.028751373291101 ], [ 14.874860763549901, 42.028751373291101 ], [ 14.874860763549901, 42.028472900390703 ], [ 14.8751392364503, 42.028472900390703 ], [ 14.8751392364503, 42.028751373291101 ], [ 14.8765268325806, 42.028751373291101 ], [ 14.8765268325806, 42.028472900390703 ], [ 14.877082824706999, 42.028472900390703 ], [ 14.877082824706999, 42.028194427490298 ], [ 14.8776397705078, 42.028194427490298 ], [ 14.8776397705078, 42.02791595459 ], [ 14.8781957626343, 42.02791595459 ], [ 14.8781957626343, 42.027637481689602 ], [ 14.879305839538601, 42.027637481689602 ], [ 14.879305839538601, 42.027362823486399 ], [ 14.880137443542401, 42.027362823486399 ], [ 14.880140304565501, 42.027084350586001 ], [ 14.8809719085693, 42.027084350586001 ], [ 14.8809719085693, 42.026805877685597 ], [ 14.881806373596101, 42.026805877685597 ], [ 14.881806373596101, 42.026527404785199 ], [ 14.8831939697266, 42.026527404785199 ], [ 14.8831939697266, 42.026248931884801 ], [ 14.8837499618531, 42.026248931884801 ], [ 14.8837499618531, 42.025970458984503 ], [ 14.8840284347534, 42.025970458984503 ], [ 14.8840284347534, 42.0256958007812 ], [ 14.887082099914499, 42.0256958007812 ], [ 14.887082099914499, 42.025417327880902 ], [ 14.887638092041, 42.025417327880902 ], [ 14.887638092041, 42.025138854980497 ], [ 14.887915611267101, 42.025138854980497 ], [ 14.887915611267101, 42.024860382080099 ], [ 14.8881940841675, 42.024860382080099 ], [ 14.8881940841675, 42.024581909179702 ], [ 14.888471603393601, 42.024581909179702 ], [ 14.888471603393601, 42.024307250976499 ], [ 14.8893041610718, 42.024307250976499 ], [ 14.8893041610718, 42.024028778076101 ], [ 14.890416145324799, 42.024028778076101 ], [ 14.890416145324799, 42.023750305175803 ], [ 14.8918066024781, 42.023750305175803 ], [ 14.8918066024781, 42.023471832275398 ], [ 14.892639160156399, 42.023471832275398 ], [ 14.892639160156399, 42.023193359375 ], [ 14.8931951522828, 42.023193359375 ], [ 14.8931951522828, 42.022914886474602 ], [ 14.8948612213135, 42.022914886474602 ], [ 14.8948612213135, 42.022640228271598 ], [ 14.895694732666099, 42.022640228271598 ], [ 14.895694732666099, 42.0223617553712 ], [ 14.8965272903443, 42.0223617553712 ], [ 14.8965291976929, 42.022083282470803 ], [ 14.897639274597299, 42.022083282470803 ], [ 14.897639274597299, 42.021804809570398 ], [ 14.899582862854, 42.021804809570398 ], [ 14.899582862854, 42.02152633667 ], [ 14.900138854980501, 42.02152633667 ], [ 14.900138854980501, 42.021251678466903 ], [ 14.9023609161378, 42.021251678466903 ], [ 14.9023609161378, 42.020973205566499 ], [ 14.902916908264199, 42.020973205566499 ], [ 14.902916908264199, 42.020694732666101 ], [ 14.9037494659425, 42.020694732666101 ], [ 14.9037494659425, 42.020416259765703 ], [ 14.904582977294901, 42.020416259765703 ], [ 14.904582977294901, 42.020137786865298 ], [ 14.90625, 42.020137786865298 ], [ 14.90625, 42.019859313964901 ], [ 14.908472061157299, 42.019859313964901 ], [ 14.908472061157299, 42.019027709960902 ], [ 14.9090280532837, 42.019027709960902 ], [ 14.9090280532837, 42.0193061828613 ], [ 14.9098596572875, 42.0193061828613 ], [ 14.9098615646363, 42.019027709960902 ], [ 14.9106941223144, 42.019027709960902 ], [ 14.9106941223144, 42.018749237060497 ], [ 14.911527633666999, 42.018749237060497 ], [ 14.911527633666999, 42.018470764160199 ], [ 14.9137496948243, 42.018470764160199 ], [ 14.9137496948243, 42.018196105957102 ], [ 14.914584159851101, 42.018196105957102 ], [ 14.914584159851101, 42.017917633056598 ], [ 14.915694236755501, 42.017917633056598 ], [ 14.915694236755501, 42.0176391601562 ], [ 14.9162502288819, 42.0176391601562 ], [ 14.9162502288819, 42.017360687255902 ], [ 14.917916297912599, 42.017360687255902 ], [ 14.917916297912599, 42.017082214355497 ], [ 14.918750762939499, 42.017082214355497 ], [ 14.918750762939499, 42.016803741455099 ], [ 14.921528816223301, 42.016803741455099 ], [ 14.921528816223301, 42.016529083252102 ], [ 14.923473358154199, 42.016529083252102 ], [ 14.923473358154199, 42.016250610351698 ], [ 14.924304962158301, 42.016250610351698 ], [ 14.924304962158301, 42.0159721374513 ], [ 14.925139427185099, 42.0159721374513 ], [ 14.925139427185099, 42.015693664550902 ], [ 14.9281930923462, 42.015693664550902 ], [ 14.9281930923462, 42.015415191650497 ], [ 14.929582595825201, 42.015415191650497 ], [ 14.929582595825201, 42.015140533447301 ], [ 14.931527137756399, 42.015140533447301 ], [ 14.931527137756399, 42.014862060546903 ], [ 14.934027671813899, 42.014862060546903 ], [ 14.934027671813899, 42.014583587646499 ], [ 14.935972213745099, 42.014583587646499 ], [ 14.935972213745099, 42.014305114746101 ], [ 14.9365282058716, 42.014305114746101 ], [ 14.9365282058716, 42.014026641845803 ], [ 14.9370841979981, 42.014026641845803 ], [ 14.9370841979981, 42.013748168945398 ], [ 14.9381942749025, 42.013748168945398 ], [ 14.9381942749025, 42.013473510742202 ], [ 14.9395837783815, 42.013473510742202 ], [ 14.9395837783815, 42.013195037841797 ], [ 14.940416336059601, 42.013195037841797 ], [ 14.940416336059601, 42.013473510742202 ], [ 14.9423599243165, 42.013473510742202 ], [ 14.9423599243165, 42.013195037841797 ], [ 14.9429159164429, 42.013195037841797 ], [ 14.9429159164429, 42.012916564941399 ], [ 14.945416450500399, 42.012916564941399 ], [ 14.945416450500399, 42.012638092041001 ], [ 14.946250915527299, 42.012638092041001 ], [ 14.946250915527299, 42.012359619140597 ], [ 14.9473609924316, 42.012359619140597 ], [ 14.9473609924316, 42.012084960937599 ], [ 14.9481954574585, 42.012084960937599 ], [ 14.9481954574585, 42.011806488037202 ], [ 14.949304580688599, 42.011806488037202 ], [ 14.949304580688599, 42.011528015136697 ], [ 14.9504165649415, 42.011528015136697 ], [ 14.9504165649415, 42.011806488037202 ], [ 14.9512510299684, 42.011806488037202 ], [ 14.9512510299684, 42.011528015136697 ], [ 14.951805114746101, 42.011528015136697 ], [ 14.951805114746101, 42.0112495422363 ], [ 14.953194618225099, 42.0112495422363 ], [ 14.953194618225099, 42.010971069335902 ], [ 14.954583168029799, 42.010971069335902 ], [ 14.954583168029799, 42.010692596435497 ], [ 14.9551391601563, 42.010692596435497 ], [ 14.9551391601563, 42.0104179382325 ], [ 14.955693244934199, 42.0104179382325 ], [ 14.955693244934199, 42.010139465332102 ], [ 14.9565267562866, 42.010139465332102 ], [ 14.9565267562866, 42.009860992431697 ], [ 14.956805229187101, 42.009860992431697 ], [ 14.956805229187101, 42.009582519531399 ], [ 14.959027290344199, 42.009582519531399 ], [ 14.959027290344199, 42.009304046631001 ], [ 14.961250305175801, 42.009304046631001 ], [ 14.961250305175801, 42.009029388427798 ], [ 14.963472366333001, 42.009029388427798 ], [ 14.963472366333001, 42.008750915527401 ], [ 14.964305877685501, 42.008750915527401 ], [ 14.964305877685501, 42.008472442627003 ], [ 14.9648599624634, 42.008472442627003 ], [ 14.9648599624634, 42.008193969726598 ], [ 14.965971946716399, 42.008193969726598 ], [ 14.965971946716399, 42.0079154968262 ], [ 14.968194007873601, 42.0079154968262 ], [ 14.968194007873601, 42.007637023925803 ], [ 14.969584465026999, 42.007637023925803 ], [ 14.969584465026999, 42.0079154968262 ], [ 14.970416069030801, 42.0079154968262 ], [ 14.970416069030801, 42.008193969726598 ], [ 14.971529006958001, 42.008193969726598 ], [ 14.971529006958001, 42.0079154968262 ], [ 14.9718065261841, 42.0079154968262 ], [ 14.9718065261841, 42.007637023925803 ], [ 14.974028587341399, 42.007637023925803 ], [ 14.974028587341399, 42.0079154968262 ], [ 14.974861145019499, 42.0079154968262 ], [ 14.974861145019499, 42.007637023925803 ], [ 14.9743051528932, 42.007637023925803 ], [ 14.9743051528932, 42.007083892822301 ], [ 14.9784708023072, 42.007083892822301 ], [ 14.9784708023072, 42.006805419921903 ], [ 14.9787511825562, 42.006805419921903 ], [ 14.9787511825562, 42.006526947021499 ], [ 14.9798612594606, 42.006526947021499 ], [ 14.9798612594606, 42.006805419921903 ], [ 14.981248855590801, 42.006805419921903 ], [ 14.981248855590801, 42.006526947021499 ], [ 14.982083320617701, 42.006526947021499 ], [ 14.982083320617701, 42.006248474121101 ], [ 14.9868059158325, 42.006248474121101 ], [ 14.9868059158325, 42.005973815918097 ], [ 14.987084388733001, 42.005973815918097 ], [ 14.987084388733001, 42.005695343017699 ], [ 14.989306449890099, 42.005695343017699 ], [ 14.989306449890099, 42.005416870117301 ], [ 14.990971565246699, 42.005416870117301 ], [ 14.990971565246699, 42.005138397216697 ], [ 14.992637634277299, 42.005138397216697 ], [ 14.992637634277299, 42.0048599243163 ], [ 14.992916107177701, 42.0048599243163 ], [ 14.992916107177701, 42.005138397216697 ], [ 14.994305610656699, 42.005138397216697 ], [ 14.994305610656699, 42.0048599243163 ], [ 14.995138168335, 42.0048599243163 ], [ 14.995138168335, 42.005138397216697 ], [ 14.995415687561101, 42.005138397216697 ], [ 14.995415687561101, 42.005416870117301 ], [ 14.9956941604615, 42.005416870117301 ], [ 14.9956941604615, 42.005973815918097 ], [ 14.995971679687599, 42.005973815918097 ], [ 14.995971679687599, 42.006248474121101 ], [ 14.997360229492299, 42.006248474121101 ], [ 14.997360229492299, 42.006355285644602 ], [ 14.997360229492299, 42.006526947021499 ], [ 14.9995822906494, 42.006526947021499 ], [ 14.9995822906494, 42.006805419921903 ], [ 15.0000267028809, 42.006805419921903 ], [ 15.000695228576699, 42.006805419921903 ], [ 15.000695228576699, 42.006526947021499 ], [ 15.0012512207031, 42.006526947021499 ], [ 15.0012512207031, 42.006248474121101 ], [ 15.0015287399293, 42.006248474121101 ], [ 15.0015287399293, 42.005973815918097 ], [ 15.0020847320557, 42.005973815918097 ], [ 15.0020847320557, 42.005695343017699 ], [ 15.002638816833599, 42.005695343017699 ], [ 15.002638816833599, 42.005973815918097 ], [ 15.003473281860501, 42.005973815918097 ], [ 15.003473281860501, 42.006248474121101 ], [ 15.0048608779907, 42.006248474121101 ], [ 15.0048608779907, 42.006526947021499 ], [ 15.005139350891101, 42.006526947021499 ], [ 15.005139350891101, 42.006248474121101 ], [ 15.0054168701172, 42.006248474121101 ], [ 15.0054168701172, 42.005973815918097 ], [ 15.0065269470215, 42.005973815918097 ], [ 15.0065269470215, 42.005695343017699 ], [ 15.0068054199219, 42.005695343017699 ], [ 15.0068054199219, 42.005416870117301 ], [ 15.007082939148001, 42.005416870117301 ], [ 15.007082939148001, 42.005138397216697 ], [ 15.0073614120484, 42.005138397216697 ], [ 15.0073614120484, 42.004581451416001 ], [ 15.007638931274499, 42.004581451416001 ], [ 15.007638931274499, 42.004306793212898 ], [ 15.008193016052401, 42.004306793212898 ], [ 15.008193016052401, 42.004028320312599 ], [ 15.0084733963013, 42.004028320312599 ], [ 15.0084733963013, 42.003749847412202 ], [ 15.0087490081788, 42.003749847412202 ], [ 15.0087490081788, 42.003471374511797 ], [ 15.0093050003053, 42.003471374511797 ], [ 15.0093050003053, 42.003192901611399 ], [ 15.0095834732057, 42.003192901611399 ], [ 15.0095834732057, 42.002639770507898 ], [ 15.0093050003053, 42.002639770507898 ], [ 15.0093050003053, 42.0023612976075 ], [ 15.0087490081788, 42.0023612976075 ], [ 15.0087490081788, 42.002639770507898 ], [ 15.0084733963013, 42.002639770507898 ], [ 15.0084733963013, 42.0023612976075 ], [ 15.007917404174901, 42.0023612976075 ], [ 15.007917404174901, 42.002082824707102 ], [ 15.007082939148001, 42.002082824707102 ], [ 15.007082939148001, 42.0023612976075 ], [ 15.0068054199219, 42.0023612976075 ], [ 15.0068054199219, 42.003192901611399 ], [ 15.0065269470215, 42.003192901611399 ], [ 15.0065269470215, 42.003749847412202 ], [ 15.006251335144, 42.003749847412202 ], [ 15.006251335144, 42.004028320312599 ], [ 15.005695343017599, 42.004028320312599 ], [ 15.005695343017599, 42.004306793212898 ], [ 15.005139350891101, 42.004306793212898 ], [ 15.005139350891101, 42.004581451416001 ], [ 15.0048608779907, 42.004585266113303 ], [ 15.0048608779907, 42.0048599243163 ], [ 15.0045833587646, 42.0048599243163 ], [ 15.0045833587646, 42.004585266113303 ], [ 15.0040273666381, 42.004581451416001 ], [ 15.0040273666381, 42.004306793212898 ], [ 15.0037508010865, 42.004306793212898 ], [ 15.0037508010865, 42.004028320312599 ], [ 15.002638816833599, 42.004028320312599 ], [ 15.002638816833599, 42.003749847412202 ], [ 15.0020847320557, 42.003749847412202 ], [ 15.0020847320557, 42.004306793212898 ], [ 15.001805305481, 42.004306793212898 ], [ 15.001805305481, 42.004581451416001 ], [ 15.0012512207031, 42.004585266113303 ], [ 15.0012512207031, 42.0048599243163 ], [ 15.000972747802701, 42.0048599243163 ], [ 15.000972747802701, 42.005138397216697 ], [ 15.0004167556763, 42.005138397216697 ], [ 15.0004167556763, 42.005416870117301 ], [ 15.000139236450201, 42.005416870117301 ], [ 14.999859809875501, 42.005416870117301 ], [ 14.9995822906494, 42.005416870117301 ], [ 14.9995822906494, 42.005138397216697 ], [ 14.9995822906494, 42.003761291503899 ], [ 14.9995822906494, 42.000415802001903 ], [ 14.9993066787719, 42.000415802001903 ], [ 14.9993066787719, 42.000137329101598 ], [ 14.9993066787719, 41.999862670898601 ], [ 14.9993066787719, 41.9984741210938 ], [ 14.999029159546, 41.9984741210938 ], [ 14.999029159546, 41.998195648193402 ], [ 14.998472213745099, 41.998195648193402 ], [ 14.998472213745099, 41.997917175292997 ], [ 14.9981937408447, 41.997917175292997 ], [ 14.9981937408447, 41.9959716796875 ], [ 14.998750686645501, 41.9959716796875 ], [ 14.998750686645501, 41.995693206787202 ], [ 14.999029159546, 41.995693206787202 ], [ 14.999029159546, 41.995418548583899 ], [ 14.9995822906494, 41.995414733886797 ], [ 14.9995822906494, 41.995140075683601 ], [ 14.999859809875501, 41.995140075683601 ], [ 14.999859809875501, 41.994583129882798 ], [ 15.000139236450201, 41.994583129882798 ], [ 15.000139236450201, 41.994304656982401 ], [ 15.0004167556763, 41.994304656982401 ], [ 15.0004167556763, 41.994026184082003 ], [ 15.000695228576699, 41.994026184082003 ], [ 15.000695228576699, 41.993473052978601 ], [ 15.000972747802701, 41.993473052978601 ], [ 15.000972747802701, 41.993194580078203 ], [ 15.0012512207031, 41.993194580078203 ], [ 15.0012512207031, 41.992916107177798 ], [ 15.001805305481, 41.992916107177798 ], [ 15.001805305481, 41.9926376342775 ], [ 15.0020847320557, 41.9926376342775 ], [ 15.0020847320557, 41.992362976074297 ], [ 15.0023612976075, 41.992362976074297 ], [ 15.0023612976075, 41.992084503173899 ], [ 15.002638816833599, 41.992084503173899 ], [ 15.002638816833599, 41.991806030273501 ], [ 15.003194808960099, 41.991806030273501 ], [ 15.003194808960099, 41.991527557373097 ], [ 15.0045833587646, 41.991527557373097 ], [ 15.0045833587646, 41.991249084472699 ], [ 15.005139350891101, 41.991249084472699 ], [ 15.005139350891101, 41.990970611572401 ], [ 15.005695343017599, 41.990970611572401 ], [ 15.005695343017599, 41.990695953369098 ], [ 15.006251335144, 41.990695953369098 ], [ 15.006251335144, 41.9904174804688 ], [ 15.0065269470215, 41.9904174804688 ], [ 15.0065269470215, 41.990139007568402 ], [ 15.0068054199219, 41.990139007568402 ], [ 15.0068054199219, 41.989860534667997 ], [ 15.007082939148001, 41.989860534667997 ], [ 15.007082939148001, 41.989582061767599 ], [ 15.007917404174901, 41.989582061767599 ], [ 15.007917404174901, 41.989307403564403 ], [ 15.0087490081788, 41.989307403564403 ], [ 15.0087490081788, 41.9887504577637 ], [ 15.0093050003053, 41.9887504577637 ], [ 15.0093050003053, 41.988471984863303 ], [ 15.0095834732057, 41.988471984863303 ], [ 15.0095834732057, 41.988193511962898 ], [ 15.0098609924316, 41.988193511962898 ], [ 15.0098609924316, 41.9879150390625 ], [ 15.011248588561999, 41.9879150390625 ], [ 15.011248588561999, 41.987640380859503 ], [ 15.0123615264893, 41.987640380859503 ], [ 15.0123615264893, 41.987361907959098 ], [ 15.01291847229, 41.987361907959098 ], [ 15.01291847229, 41.9870834350587 ], [ 15.0131931304932, 41.9870834350587 ], [ 15.0131931304932, 41.986804962158303 ], [ 15.013750076294, 41.986804962158303 ], [ 15.013750076294, 41.986526489257898 ], [ 15.014306068420501, 41.986526489257898 ], [ 15.014306068420501, 41.986251831054702 ], [ 15.0145835876466, 41.986251831054702 ], [ 15.0145835876466, 41.985973358154403 ], [ 15.0148620605469, 41.985973358154403 ], [ 15.0148620605469, 41.985416412353601 ], [ 15.0179157257081, 41.985416412353601 ], [ 15.0179157257081, 41.985137939453203 ], [ 15.019306182861399, 41.985137939453203 ], [ 15.019306182861399, 41.984859466552798 ], [ 15.0198621749878, 41.984859466552798 ], [ 15.0198621749878, 41.984584808349602 ], [ 15.0204162597657, 41.984584808349602 ], [ 15.0204162597657, 41.984306335449197 ], [ 15.022084236145099, 41.984306335449197 ], [ 15.022084236145099, 41.9840278625488 ], [ 15.022915840148899, 41.9840278625488 ], [ 15.022915840148899, 41.983749389648402 ], [ 15.0231943130493, 41.983749389648402 ], [ 15.0231943130493, 41.983470916748097 ], [ 15.0234718322754, 41.983470916748097 ], [ 15.0234718322754, 41.983196258545 ], [ 15.023750305175801, 41.983196258545 ], [ 15.023750305175801, 41.982917785644503 ], [ 15.0243062973022, 41.982917785644503 ], [ 15.0243062973022, 41.982639312744098 ], [ 15.0245819091797, 41.982639312744098 ], [ 15.0245819091797, 41.9823608398438 ], [ 15.024860382080099, 41.9823608398438 ], [ 15.024860382080099, 41.982082366943402 ], [ 15.0254163742066, 41.982082366943402 ], [ 15.0254163742066, 41.981803894042997 ], [ 15.0262508392335, 41.981803894042997 ], [ 15.0262508392335, 41.98152923584 ], [ 15.026806831359901, 41.98152923584 ], [ 15.026806831359901, 41.981250762939602 ], [ 15.027360916137599, 41.981250762939602 ], [ 15.027360916137599, 41.9806938171388 ], [ 15.0276393890382, 41.9806938171388 ], [ 15.0276393890382, 41.978748321533303 ], [ 15.0282268524169, 41.978748321533303 ], [ 15.0284729003906, 41.978748321533303 ], [ 15.0284729003906, 41.978473663330099 ], [ 15.029028892517101, 41.978473663330099 ], [ 15.029028892517101, 41.978195190429702 ], [ 15.0304174423218, 41.978195190429702 ], [ 15.0304174423218, 41.977916717529297 ], [ 15.030973434448301, 41.977916717529297 ], [ 15.030973434448301, 41.977638244628899 ], [ 15.0312509536744, 41.977638244628899 ], [ 15.0312509536744, 41.977359771728501 ], [ 15.0315265655519, 41.977359771728501 ], [ 15.0315265655519, 41.977085113525497 ], [ 15.031806945800801, 41.977085113525497 ], [ 15.031806945800801, 41.976806640625099 ], [ 15.032917022705201, 41.976806640625099 ], [ 15.032917022705201, 41.976528167724602 ], [ 15.033473014831699, 41.976528167724602 ], [ 15.033473014831699, 41.976249694824197 ], [ 15.033748626709, 41.976249694824197 ], [ 15.033748626709, 41.9759712219238 ], [ 15.034304618835399, 41.9759712219238 ], [ 15.034304618835399, 41.975692749023402 ], [ 15.034583091735801, 41.975692749023402 ], [ 15.034583091735801, 41.975418090820398 ], [ 15.035972595214799, 41.975418090820398 ], [ 15.035972595214799, 41.974582672119297 ], [ 15.035693168640201, 41.974582672119297 ], [ 15.035693168640201, 41.974029541015703 ], [ 15.0354166030884, 41.974029541015703 ], [ 15.0354166030884, 41.973194122314503 ], [ 15.035693168640201, 41.973194122314503 ], [ 15.035693168640201, 41.972362518310497 ], [ 15.035972595214799, 41.972362518310497 ], [ 15.035972595214799, 41.972084045410199 ], [ 15.037082672119199, 41.972084045410199 ], [ 15.037082672119199, 41.971805572509801 ], [ 15.0379152297975, 41.971805572509801 ], [ 15.037917137146099, 41.971527099609403 ], [ 15.0384712219238, 41.971527099609403 ], [ 15.0384712219238, 41.970973968506001 ], [ 15.038748741149799, 41.970973968506001 ], [ 15.038748741149799, 41.970695495605597 ], [ 15.039027214050201, 41.970695495605597 ], [ 15.039027214050201, 41.970417022705199 ], [ 15.0401401519775, 41.970417022705199 ], [ 15.0401401519775, 41.970138549804602 ], [ 15.040417671203601, 41.970138549804602 ], [ 15.040417671203601, 41.969860076904197 ], [ 15.040971755981399, 41.969860076904197 ], [ 15.040971755981399, 41.969581604003899 ], [ 15.0412502288818, 41.969581604003899 ], [ 15.0412502288818, 41.968193054199297 ], [ 15.041527748107899, 41.968193054199297 ], [ 15.041527748107899, 41.968471527099702 ], [ 15.0437498092653, 41.968471527099702 ], [ 15.0437498092653, 41.968193054199297 ], [ 15.0440282821656, 41.968193054199297 ], [ 15.0440282821656, 41.967918395996101 ], [ 15.044305801391699, 41.967918395996101 ], [ 15.044305801391699, 41.967639923095803 ], [ 15.0448598861694, 41.967639923095803 ], [ 15.0448598861694, 41.967361450195398 ], [ 15.0454158782959, 41.967361450195398 ], [ 15.0454158782959, 41.967082977295 ], [ 15.0456943511963, 41.967082977295 ], [ 15.0456943511963, 41.966804504394602 ], [ 15.045971870422401, 41.966804504394602 ], [ 15.045971870422401, 41.966251373291001 ], [ 15.0462503433228, 41.966251373291001 ], [ 15.0462503433228, 41.965972900390597 ], [ 15.04847240448, 41.965972900390597 ], [ 15.04847240448, 41.965694427490199 ], [ 15.0490283966065, 41.965694427490199 ], [ 15.0490283966065, 41.965415954589801 ], [ 15.049305915832599, 41.965415954589801 ], [ 15.049305915832599, 41.965137481689503 ], [ 15.050694465637299, 41.965137481689503 ], [ 15.050694465637299, 41.964862823486399 ], [ 15.0509719848632, 41.964862823486399 ], [ 15.0509719848632, 41.964305877685703 ], [ 15.051250457763601, 41.964305877685703 ], [ 15.051250457763601, 41.963748931884702 ], [ 15.0515279769897, 41.963748931884702 ], [ 15.0515279769897, 41.963470458984297 ], [ 15.052082061767599, 41.963470458984297 ], [ 15.052082061767599, 41.9631958007813 ], [ 15.0523595809937, 41.9631958007813 ], [ 15.0523595809937, 41.962917327880902 ], [ 15.052638053894, 41.962917327880902 ], [ 15.052638053894, 41.962360382080199 ], [ 15.052915573120201, 41.962360382080199 ], [ 15.052915573120201, 41.962081909179801 ], [ 15.053659439086999, 41.962081909179801 ], [ 15.055417060852101, 41.962081909179801 ], [ 15.055417060852101, 41.961807250976598 ], [ 15.055973052978599, 41.961807250976598 ], [ 15.055973052978599, 41.9615287780762 ], [ 15.0562486648559, 41.9615287780762 ], [ 15.0562486648559, 41.961250305175803 ], [ 15.056529045105099, 41.961250305175803 ], [ 15.056529045105099, 41.960693359375099 ], [ 15.056804656982401, 41.960693359375099 ], [ 15.056804656982401, 41.960414886474702 ], [ 15.0570831298828, 41.960414886474702 ], [ 15.0570831298828, 41.960140228271499 ], [ 15.0576391220093, 41.960140228271499 ], [ 15.0576391220093, 41.959861755371101 ], [ 15.0579166412354, 41.959861755371101 ], [ 15.0579166412354, 41.959583282470703 ], [ 15.0584726333618, 41.959583282470703 ], [ 15.0584726333618, 41.959304809570298 ], [ 15.0590267181397, 41.959304809570298 ], [ 15.0590267181397, 41.959026336669901 ], [ 15.059305191040099, 41.959026336669901 ], [ 15.059305191040099, 41.958473205566499 ], [ 15.0595827102662, 41.958473205566499 ], [ 15.0595827102662, 41.956249237060597 ], [ 15.0598611831666, 41.956249237060597 ], [ 15.0598611831666, 41.955696105957003 ], [ 15.060138702392599, 41.955696105957003 ], [ 15.060138702392599, 41.955417633056598 ], [ 15.060417175293001, 41.955417633056598 ], [ 15.060417175293001, 41.9551391601562 ], [ 15.0606946945191, 41.9551391601562 ], [ 15.0606946945191, 41.954860687255902 ], [ 15.061248779296999, 41.954860687255902 ], [ 15.061248779296999, 41.954582214355497 ], [ 15.0618047714235, 41.954582214355497 ], [ 15.0618047714235, 41.954303741455099 ], [ 15.0623607635497, 41.954303741455099 ], [ 15.0623607635497, 41.954029083251903 ], [ 15.0626392364503, 41.954029083251903 ], [ 15.0626392364503, 41.953750610351598 ], [ 15.0629167556762, 41.953750610351598 ], [ 15.0629167556762, 41.9534721374512 ], [ 15.0631952285766, 41.9534721374512 ], [ 15.0631952285766, 41.952915191650398 ], [ 15.0634708404541, 41.952915191650398 ], [ 15.0634708404541, 41.952640533447401 ], [ 15.0640268325806, 41.952640533447401 ], [ 15.0640268325806, 41.952362060547003 ], [ 15.0654153823853, 41.952362060547003 ], [ 15.0654153823853, 41.952083587646598 ], [ 15.0656957626343, 41.952083587646598 ], [ 15.0656957626343, 41.9518051147462 ], [ 15.0659713745118, 41.9518051147462 ], [ 15.0659713745118, 41.951248168945398 ], [ 15.0662488937379, 41.951248168945398 ], [ 15.0662488937379, 41.950973510742202 ], [ 15.0681943893434, 41.950973510742202 ], [ 15.0681943893434, 41.950695037841903 ], [ 15.0687503814697, 41.950695037841903 ], [ 15.0687503814697, 41.950416564941499 ], [ 15.0690279006957, 41.950416564941499 ], [ 15.0690279006957, 41.9495849609375 ], [ 15.069306373596101, 41.9495849609375 ], [ 15.069306373596101, 41.949306488037102 ], [ 15.069583892822299, 41.949306488037102 ], [ 15.069583892822299, 41.949028015136697 ], [ 15.069862365722599, 41.949028015136697 ], [ 15.069862365722599, 41.948471069336001 ], [ 15.069583892822299, 41.948471069336001 ], [ 15.069583892822299, 41.948192596435597 ], [ 15.069306373596101, 41.948192596435597 ], [ 15.069306373596101, 41.947639465332003 ], [ 15.0687503814697, 41.947639465332003 ], [ 15.0687503814697, 41.947360992431598 ], [ 15.0684719085693, 41.947360992431598 ], [ 15.0684719085693, 41.946804046630902 ], [ 15.0681943893434, 41.946804046630902 ], [ 15.0681943893434, 41.9462509155275 ], [ 15.0679178237916, 41.9462509155275 ], [ 15.0679178237916, 41.945972442627102 ], [ 15.067640304565501, 41.945972442627102 ], [ 15.067640304565501, 41.945590972900497 ], [ 15.067640304565501, 41.945137023925902 ], [ 15.0679178237916, 41.945137023925902 ], [ 15.0679178237916, 41.944862365722699 ], [ 15.069989204406699, 41.944862365722699 ], [ 15.0701398849487, 41.944862365722699 ], [ 15.0701398849487, 41.945137023925902 ], [ 15.070416450500501, 41.945137023925902 ], [ 15.070416450500501, 41.945693969726698 ], [ 15.0701398849487, 41.945693969726698 ], [ 15.0701398849487, 41.946804046630902 ], [ 15.0715284347535, 41.946804046630902 ], [ 15.0715284347535, 41.946529388427798 ], [ 15.072361946106, 41.946529388427798 ], [ 15.072361946106, 41.9462509155275 ], [ 15.072916030883899, 41.9462509155275 ], [ 15.072916030883899, 41.945972442627102 ], [ 15.073749542236399, 41.945972442627102 ], [ 15.073749542236399, 41.945693969726698 ], [ 15.0740280151368, 41.945693969726698 ], [ 15.0740280151368, 41.9454154968263 ], [ 15.074305534362701, 41.9454154968263 ], [ 15.074305534362701, 41.945137023925902 ], [ 15.074861526489199, 41.945137023925902 ], [ 15.074861526489199, 41.944862365722699 ], [ 15.075138092041, 41.944862365722699 ], [ 15.075138092041, 41.944583892822301 ], [ 15.075971603393601, 41.944583892822301 ], [ 15.075971603393601, 41.944305419921903 ], [ 15.076250076293899, 41.944305419921903 ], [ 15.076250076293899, 41.944026947021499 ], [ 15.07652759552, 41.944026947021499 ], [ 15.07652759552, 41.9437484741212 ], [ 15.0770835876465, 41.9437484741212 ], [ 15.0770835876465, 41.943473815917997 ], [ 15.0776376724244, 41.943473815917997 ], [ 15.0776376724244, 41.943195343017599 ], [ 15.0781936645509, 41.943195343017599 ], [ 15.0781936645509, 41.942916870117202 ], [ 15.078749656677401, 41.942916870117202 ], [ 15.078749656677401, 41.942638397216797 ], [ 15.079029083251999, 41.942638397216797 ], [ 15.079029083251999, 41.942359924316399 ], [ 15.0798597335815, 41.942359924316399 ], [ 15.0798597335815, 41.942081451416101 ], [ 15.080416679382299, 41.942081451416101 ], [ 15.080416679382299, 41.941806793212997 ], [ 15.0812511444091, 41.941806793212997 ], [ 15.0812511444091, 41.941528320312401 ], [ 15.0815286636353, 41.941528320312401 ], [ 15.0815286636353, 41.941280364990199 ], [ 15.081633567810201, 41.941272735595703 ], [ 15.0820827484131, 41.941249847412102 ], [ 15.0820827484131, 41.941108703613402 ], [ 15.0820827484131, 41.940971374511697 ], [ 15.0823612213135, 41.941024780273402 ], [ 15.0823612213135, 41.941249847412102 ], [ 15.082917213439901, 41.941249847412102 ], [ 15.082917213439901, 41.940971374511697 ], [ 15.0834732055665, 41.940971374511697 ], [ 15.0834732055665, 41.9406929016113 ], [ 15.0837507247925, 41.9406929016113 ], [ 15.0837507247925, 41.940139770507898 ], [ 15.0840272903443, 41.940139770507898 ], [ 15.0840291976929, 41.9398612976075 ], [ 15.0843048095704, 41.9398612976075 ], [ 15.0843048095704, 41.939582824707102 ], [ 15.0848608016969, 41.939582824707102 ], [ 15.0848608016969, 41.939304351806797 ], [ 15.0865268707275, 41.939304351806797 ], [ 15.0865268707275, 41.939025878906399 ], [ 15.086805343627899, 41.939025878906399 ], [ 15.086805343627899, 41.938751220703203 ], [ 15.0873613357544, 41.938751220703203 ], [ 15.0873613357544, 41.938472747802798 ], [ 15.0881948471069, 41.938472747802798 ], [ 15.0881948471069, 41.938194274902401 ], [ 15.088748931884799, 41.938194274902401 ], [ 15.088748931884799, 41.937915802002003 ], [ 15.0898609161378, 41.937915802002003 ], [ 15.0898609161378, 41.937362670898402 ], [ 15.0901393890381, 41.937362670898402 ], [ 15.0901393890381, 41.937084197997997 ], [ 15.0923614501953, 41.937084197997997 ], [ 15.0923614501953, 41.936805725097699 ], [ 15.0929183959962, 41.936805725097699 ], [ 15.0929183959962, 41.936527252197301 ], [ 15.093193054199199, 41.936527252197301 ], [ 15.093193054199199, 41.936248779296903 ], [ 15.0951366424562, 41.936248779296903 ], [ 15.0951366424562, 41.935974121093899 ], [ 15.095972061157299, 41.935970306396499 ], [ 15.095972061157299, 41.935695648193501 ], [ 15.0962495803834, 41.935695648193501 ], [ 15.0962495803834, 41.935417175293097 ], [ 15.0979156494141, 41.935417175293097 ], [ 15.0979156494141, 41.9351387023925 ], [ 15.098194122314499, 41.9351387023925 ], [ 15.098194122314499, 41.934860229492102 ], [ 15.098471641540501, 41.934860229492102 ], [ 15.098471641540501, 41.934581756591797 ], [ 15.099027633666999, 41.934581756591797 ], [ 15.099027633666999, 41.9343070983887 ], [ 15.1001377105713, 41.9343070983887 ], [ 15.1001377105713, 41.934028625488303 ], [ 15.1009721755982, 41.934028625488303 ], [ 15.1009721755982, 41.933750152587997 ], [ 15.102084159851101, 41.933750152587997 ], [ 15.102084159851101, 41.933471679687599 ], [ 15.103194236755501, 41.933471679687599 ], [ 15.103194236755501, 41.933750152587997 ], [ 15.103471755981399, 41.933750152587997 ], [ 15.103471755981399, 41.933471679687599 ], [ 15.1045837402344, 41.933471679687599 ], [ 15.1045837402344, 41.933193206787202 ], [ 15.1051378250122, 41.933193206787202 ], [ 15.1051378250122, 41.932918548583999 ], [ 15.105416297912599, 41.932918548583999 ], [ 15.105416297912599, 41.933193206787202 ], [ 15.1059722900391, 41.933193206787202 ], [ 15.1059722900391, 41.932918548583999 ], [ 15.107359886169499, 41.932914733886797 ], [ 15.107359886169499, 41.9326400756837 ], [ 15.1079168319703, 41.9326400756837 ], [ 15.1079168319703, 41.932361602783303 ], [ 15.1095829010009, 41.932361602783303 ], [ 15.1095829010009, 41.932083129882898 ], [ 15.1098613739013, 41.932083129882898 ], [ 15.1098613739013, 41.9318046569825 ], [ 15.1115274429321, 41.9318046569825 ], [ 15.1115274429321, 41.931526184082102 ], [ 15.1136760711669, 41.931526184082102 ], [ 15.114027023315501, 41.931526184082102 ], [ 15.114027023315501, 41.931251525878899 ], [ 15.114860534667899, 41.931251525878899 ], [ 15.114860534667899, 41.930973052978501 ], [ 15.117638587951699, 41.930973052978501 ], [ 15.117638587951699, 41.930694580078097 ], [ 15.117917060852101, 41.930694580078097 ], [ 15.117917060852101, 41.930416107177699 ], [ 15.1181945800782, 41.930416107177699 ], [ 15.1181945800782, 41.930137634277301 ], [ 15.1193046569825, 41.930137634277301 ], [ 15.1193046569825, 41.930416107177699 ], [ 15.119861602783301, 41.930416107177699 ], [ 15.119861602783301, 41.930137634277301 ], [ 15.1206932067871, 41.930137634277301 ], [ 15.1206932067871, 41.929862976074297 ], [ 15.1218061447143, 41.929862976074297 ], [ 15.1218061447143, 41.929584503173899 ], [ 15.123193740844799, 41.929584503173899 ], [ 15.123193740844799, 41.929306030273601 ], [ 15.124305725097701, 41.929306030273601 ], [ 15.124305725097701, 41.929027557373203 ], [ 15.1270837783815, 41.929027557373203 ], [ 15.1270837783815, 41.928749084472599 ], [ 15.127916336059601, 41.928749084472599 ], [ 15.127916336059601, 41.928470611572202 ], [ 15.1304159164429, 41.928470611572202 ], [ 15.1304159164429, 41.928195953369197 ], [ 15.1309719085694, 41.928195953369197 ], [ 15.1309719085694, 41.9279174804688 ], [ 15.1315279006959, 41.9279174804688 ], [ 15.1315279006959, 41.927639007568402 ], [ 15.132081985473601, 41.927639007568402 ], [ 15.132081985473601, 41.9279174804688 ], [ 15.1331939697266, 41.9279174804688 ], [ 15.1331939697266, 41.927639007568402 ], [ 15.134581565856999, 41.927639007568402 ], [ 15.134581565856999, 41.927360534668097 ], [ 15.135139465331999, 41.927360534668097 ], [ 15.135139465331999, 41.927082061767699 ], [ 15.1356954574585, 41.927082061767699 ], [ 15.1356954574585, 41.927360534668097 ], [ 15.1376390457154, 41.927360534668097 ], [ 15.1376390457154, 41.927082061767699 ], [ 15.1373605728151, 41.927082061767699 ], [ 15.1373605728151, 41.9262504577637 ], [ 15.137508392334, 41.9262504577637 ], [ 15.1370077133179, 41.925567626953097 ], [ 15.1365108489991, 41.924575805664098 ], [ 15.1362924575806, 41.923969268798899 ], [ 15.1361951828003, 41.923618316650398 ], [ 15.136060714721699, 41.923049926757798 ], [ 15.1358299255372, 41.922073364257699 ], [ 15.132307052612401, 41.9039916992188 ], [ 15.132282257080201, 41.903774261474702 ], [ 15.132109642028899, 41.9018173217775 ], [ 15.1321449279785, 41.900966644287202 ], [ 15.1323461532594, 41.898811340332003 ], [ 15.1325597763063, 41.898170471191499 ], [ 15.1335906982422, 41.896144866943402 ], [ 15.133795738220201, 41.895854949951101 ], [ 15.136573791504, 41.892932891845803 ], [ 15.138575553894199, 41.891971588134801 ], [ 15.138780593872101, 41.891895294189403 ], [ 15.1389360427857, 41.891716003418097 ], [ 15.140338897705, 41.883232116699197 ], [ 15.139669418335, 41.880249023437599 ], [ 15.1334905624391, 41.875953674316399 ], [ 15.1308479309082, 41.874233245849702 ], [ 15.1266374588013, 41.865764617919901 ], [ 15.126366615295399, 41.863529205322301 ], [ 15.124264717102101, 41.860496520996101 ], [ 15.123990058898899, 41.860263824462898 ], [ 15.120491027832101, 41.858242034912202 ], [ 15.1201772689819, 41.858142852783203 ], [ 15.119753837585399, 41.858097076416001 ], [ 15.120426177978599, 41.856708526611399 ], [ 15.119393348693899, 41.855178833007798 ], [ 15.115537643432701, 41.851749420166101 ], [ 15.115116119384901, 41.851516723632798 ], [ 15.1146593093872, 41.851291656494197 ], [ 15.113452911376999, 41.850936889648402 ], [ 15.1128749847413, 41.850799560546903 ], [ 15.110212326049901, 41.850170135498097 ], [ 15.109640121460099, 41.850051879882898 ], [ 15.1091041564941, 41.850170135498097 ], [ 15.1067419052125, 41.849952697753999 ], [ 15.1046667099, 41.8479804992675 ], [ 15.104534149169901, 41.847709655761697 ], [ 15.102078437805201, 41.839210510253999 ], [ 15.101858139038001, 41.838451385497997 ], [ 15.1011400222779, 41.834758758545 ], [ 15.1024522781372, 41.832912445068303 ], [ 15.1040868759156, 41.832397460937599 ], [ 15.10542011261, 41.832111358642699 ], [ 15.105086326599199, 41.831630706787102 ], [ 15.104966163635201, 41.831417083740199 ], [ 15.104977607727101, 41.831256866455099 ], [ 15.105097770691, 41.830894470215 ], [ 15.1078100204468, 41.825469970703203 ], [ 15.107918739318899, 41.825252532959098 ], [ 15.1084814071656, 41.824134826660199 ], [ 15.1089134216309, 41.823394775390703 ], [ 15.1096591949463, 41.822269439697301 ], [ 15.109863281250099, 41.822097778320398 ], [ 15.1102361679078, 41.821876525878999 ], [ 15.111259460449199, 41.821727752685597 ], [ 15.111813545227101, 41.821701049804801 ], [ 15.1128129959107, 41.8216361999513 ], [ 15.1158409118653, 41.818363189697401 ], [ 15.1170291900635, 41.816066741943501 ], [ 15.117303848266699, 41.815505981445298 ], [ 15.1172924041747, 41.815311431884901 ], [ 15.117218971252401, 41.814704895019503 ], [ 15.1170959472657, 41.814102172851698 ], [ 15.1166257858278, 41.813041687011697 ], [ 15.1156482696534, 41.811885833740298 ], [ 15.115238189697299, 41.8114204406738 ], [ 15.1146821975709, 41.809658050537102 ], [ 15.1145839691163, 41.809188842773402 ], [ 15.114679336548001, 41.808685302734403 ], [ 15.1150627136231, 41.807739257812599 ], [ 15.115255355835, 41.807350158691499 ], [ 15.115771293640099, 41.806510925292997 ], [ 15.1160840988159, 41.806007385253999 ], [ 15.116623878479, 41.805366516113303 ], [ 15.1168546676635, 41.800037384033303 ], [ 15.115994453430201, 41.790531158447401 ], [ 15.1158142089843, 41.790306091308601 ], [ 15.112678527832101, 41.787410736083999 ], [ 15.112428665161101, 41.7872123718262 ], [ 15.112022399902299, 41.787303924560703 ], [ 15.1108512878419, 41.787216186523601 ], [ 15.108081817627101, 41.7861557006837 ], [ 15.1027812957765, 41.783241271972699 ], [ 15.098201751709, 41.771030426025398 ], [ 15.0978994369507, 41.769737243652301 ], [ 15.097873687744199, 41.769256591797003 ], [ 15.097861289978001, 41.768806457519602 ], [ 15.0978860855104, 41.768375396728601 ], [ 15.098112106323301, 41.767189025878999 ], [ 15.0982322692871, 41.7669067382813 ], [ 15.1074676513672, 41.757575988769602 ], [ 15.110902786254799, 41.754753112793097 ], [ 15.1171417236329, 41.750244140625 ], [ 15.1174020767212, 41.749946594238303 ], [ 15.116976737976101, 41.7497787475587 ], [ 15.116896629333599, 41.749748229980497 ], [ 15.114489555358899, 41.748958587646598 ], [ 15.1130695343018, 41.748691558837898 ], [ 15.112467765808001, 41.7486991882325 ], [ 15.1113624572754, 41.748870849609503 ], [ 15.1097621917725, 41.749153137207102 ], [ 15.108692169189499, 41.749370574951101 ], [ 15.107623100280801, 41.749607086181598 ], [ 15.1064195632935, 41.7497787475587 ], [ 15.1047964096069, 41.749977111816499 ], [ 15.104146957397401, 41.750011444091903 ], [ 15.103967666626, 41.749805450439503 ], [ 15.1032667160035, 41.748592376709098 ], [ 15.103013992309601, 41.747898101806598 ], [ 15.1027946472168, 41.747291564941499 ], [ 15.1026973724366, 41.746295928955199 ], [ 15.1026601791382, 41.745494842529403 ], [ 15.102742195129499, 41.743736267089801 ], [ 15.103175163269, 41.742927551269602 ], [ 15.103702545166, 41.7422485351562 ], [ 15.110653877258301, 41.735183715820298 ], [ 15.112117767334, 41.733802795410298 ], [ 15.114616394043001, 41.731666564941499 ], [ 15.1166324615478, 41.729988098144602 ], [ 15.117088317871101, 41.729312896728601 ], [ 15.11741065979, 41.728816986083999 ], [ 15.1187648773194, 41.72660446167 ], [ 15.1198196411132, 41.724872589111399 ], [ 15.1205520629884, 41.7236557006837 ], [ 15.1217622756959, 41.721366882324297 ], [ 15.1220140457154, 41.721210479736399 ], [ 15.139372825622599, 41.715915679931697 ], [ 15.1554927825928, 41.712711334228601 ], [ 15.1540899276735, 41.707038879394602 ], [ 15.1344566345215, 41.698947906494197 ], [ 15.133473396301399, 41.698600769042997 ], [ 15.1327266693116, 41.698383331298899 ], [ 15.125093460083001, 41.697097778320398 ], [ 15.123324394226, 41.696754455566499 ], [ 15.1222543716431, 41.696426391601698 ], [ 15.1216278076172, 41.696216583252003 ], [ 15.1191043853759, 41.6952743530275 ], [ 15.1186227798462, 41.695083618164198 ], [ 15.1179370880128, 41.694725036621001 ], [ 15.1174564361572, 41.694374084472699 ], [ 15.1146154403688, 41.691864013671797 ], [ 15.110824584961099, 41.688568115234503 ], [ 15.1075296401978, 41.686809539794901 ], [ 15.1069431304932, 41.686592102050803 ], [ 15.1050853729247, 41.683498382568402 ], [ 15.1046752929688, 41.682758331298899 ], [ 15.104410171508899, 41.681842803955 ], [ 15.104311943054199, 41.681083679199297 ], [ 15.104370117187401, 41.680362701416001 ], [ 15.1045274734497, 41.6798324584962 ], [ 15.104791641235501, 41.679237365722798 ], [ 15.105089187622101, 41.678703308105398 ], [ 15.105628967285201, 41.678192138671903 ], [ 15.105916023254499, 41.677516937255902 ], [ 15.106072425842401, 41.676956176757898 ], [ 15.1058912277222, 41.676319122314403 ], [ 15.1055288314819, 41.675399780273601 ], [ 15.1051540374756, 41.674552917480497 ], [ 15.1049118041993, 41.674049377441499 ], [ 15.1047315597535, 41.673896789550902 ], [ 15.1033267974854, 41.6730346679688 ], [ 15.1026067733766, 41.672821044921903 ], [ 15.101681709289499, 41.672809600830099 ], [ 15.096027374267701, 41.674793243408097 ], [ 15.0955209732056, 41.675155639648501 ], [ 15.095284461975099, 41.675662994384801 ], [ 15.0949716567994, 41.676624298095803 ], [ 15.0948657989503, 41.677814483642699 ], [ 15.0947942733766, 41.6788558959962 ], [ 15.0946626663209, 41.679443359375099 ], [ 15.094365119934199, 41.6803817749025 ], [ 15.094090461731, 41.680770874023501 ], [ 15.0923023223878, 41.682563781738303 ], [ 15.0919303894043, 41.682754516601598 ], [ 15.0913286209106, 41.682792663574297 ], [ 15.090799331665099, 41.682796478271399 ], [ 15.090234756469799, 41.682601928711001 ], [ 15.0897645950319, 41.682113647461101 ], [ 15.0893669128419, 41.681549072265703 ], [ 15.088630676269601, 41.6802787780763 ], [ 15.088246345520099, 41.679576873779297 ], [ 15.0880060195922, 41.679134368896598 ], [ 15.0867166519165, 41.676425933837898 ], [ 15.0867166519165, 41.676036834716797 ], [ 15.0869207382203, 41.675819396972798 ], [ 15.0908212661744, 41.672969818115298 ], [ 15.0804357528687, 41.667568206787102 ], [ 15.0771551132203, 41.665866851806598 ], [ 15.070422172546399, 41.661041259765703 ], [ 15.0616168975831, 41.660659790039098 ], [ 15.0607299804688, 41.660858154296903 ], [ 15.0598793029785, 41.6609916687012 ], [ 15.059144973754901, 41.660942077636797 ], [ 15.0565729141235, 41.66072845459 ], [ 15.055661201476999, 41.660617828369297 ], [ 15.0549640655518, 41.660446166992202 ], [ 15.0537385940553, 41.659782409668097 ], [ 15.051109313965, 41.658290863037202 ], [ 15.050086975097701, 41.657444000244098 ], [ 15.049436569213899, 41.656845092773501 ], [ 15.0491733551025, 41.656494140625099 ], [ 15.048836708068899, 41.655757904052699 ], [ 15.0480766296387, 41.654090881347599 ], [ 15.047932624816999, 41.653759002685703 ], [ 15.0466556549072, 41.649265289306598 ], [ 15.045557975769, 41.641323089599702 ], [ 15.0349550247193, 41.639030456542898 ], [ 15.032024383544901, 41.638416290283203 ], [ 15.026847839355501, 41.635543823242301 ], [ 15.0263223648072, 41.635078430175803 ], [ 15.025468826293899, 41.632953643798899 ], [ 15.0251064300538, 41.632049560546903 ], [ 15.0247220993041, 41.630970001220703 ], [ 15.024457931518601, 41.629997253417997 ], [ 15.0243368148804, 41.629249572753999 ], [ 15.0244207382203, 41.628475189208999 ], [ 15.024828910827701, 41.627372741699297 ], [ 15.0268211364747, 41.623573303222599 ], [ 15.026374816894499, 41.623298645019602 ], [ 15.0254020690919, 41.623104095458899 ], [ 15.0249700546266, 41.623031616210902 ], [ 15.0235662460328, 41.622829437255902 ], [ 15.0135707855225, 41.622814178466903 ], [ 15.012212753295801, 41.622875213623203 ], [ 15.0098581314087, 41.623111724853501 ], [ 15.0091857910157, 41.6232719421388 ], [ 14.998706817626999, 41.627254486084098 ], [ 14.998263359069799, 41.627429962158303 ], [ 14.9923067092897, 41.630050659179801 ], [ 14.9913244247437, 41.630649566650398 ], [ 14.9905662536622, 41.631385803222798 ], [ 14.990159034728901, 41.632450103759702 ], [ 14.9901828765869, 41.6331596374513 ], [ 14.990387916564901, 41.633991241455099 ], [ 14.9904108047485, 41.635017395019503 ], [ 14.9904222488404, 41.637184143066399 ], [ 14.9900016784669, 41.638134002685703 ], [ 14.9895582199097, 41.638782501220703 ], [ 14.9876251220704, 41.639564514160298 ], [ 14.9860858917237, 41.640068054199297 ], [ 14.9608459472657, 41.647010803222798 ], [ 14.9604129791259, 41.64701461792 ], [ 14.9584922790528, 41.646133422851598 ], [ 14.9580240249634, 41.645877838134801 ], [ 14.9574480056762, 41.645313262939503 ], [ 14.9570999145509, 41.644840240478501 ], [ 14.956775665283301, 41.644378662109403 ], [ 14.954318046569901, 41.638736724853501 ], [ 14.9509840011597, 41.634933471679702 ], [ 14.9388799667359, 41.624996185302798 ], [ 14.9349689483643, 41.6204223632813 ], [ 14.9360342025757, 41.617698669433601 ], [ 14.936658859253001, 41.617149353027301 ], [ 14.9410314559938, 41.613346099853601 ], [ 14.951006889343301, 41.594177246093899 ], [ 14.951174736023001, 41.593639373779297 ], [ 14.951031684875501, 41.593196868896499 ], [ 14.948637962341399, 41.586196899413999 ], [ 14.9476156234741, 41.585006713867301 ], [ 14.947436332702701, 41.583297729492301 ], [ 14.949398040771401, 41.5747299194337 ], [ 14.946410179138301, 41.564254760742102 ], [ 14.9454259872438, 41.562263488769602 ], [ 14.945138931274499, 41.561767578125099 ], [ 14.9447813034059, 41.561275482177798 ], [ 14.9430084228515, 41.559894561767599 ], [ 14.942646026611399, 41.5592231750488 ], [ 14.9423122406006, 41.5584945678712 ], [ 14.939188003540099, 41.551712036132798 ], [ 14.9383277893068, 41.548542022705099 ], [ 14.937875747680801, 41.544876098632898 ], [ 14.9376411437988, 41.538803100586001 ], [ 14.937891006469799, 41.528835296631001 ], [ 14.938012123108001, 41.528453826904403 ], [ 14.9382276535035, 41.528068542480497 ], [ 14.9394283294678, 41.526176452636697 ], [ 14.939837455749499, 41.525745391845803 ], [ 14.940244674682701, 41.525405883789098 ], [ 14.940688133239901, 41.525035858154403 ], [ 14.941324234008899, 41.524593353271499 ], [ 14.945075988769601, 41.523124694824197 ], [ 14.94597530365, 41.522811889648601 ], [ 14.946607589721699, 41.522758483886797 ], [ 14.9478216171265, 41.522708892822301 ], [ 14.967258453369199, 41.519985198974702 ], [ 14.97083568573, 41.515670776367202 ], [ 14.971339225769, 41.515102386474702 ], [ 14.972297668457101, 41.514202117919901 ], [ 14.9809284210206, 41.50643157959 ], [ 14.984534263611, 41.503940582275398 ], [ 14.987806320190399, 41.501678466797003 ], [ 14.9888486862184, 41.501216888427699 ], [ 14.9893512725831, 41.501132965087898 ], [ 14.9903116226197, 41.501026153564403 ], [ 14.9907789230346, 41.500892639160298 ], [ 14.991268157959, 41.500637054443501 ], [ 14.996925354004, 41.497463226318402 ], [ 14.9989376068116, 41.496208190917997 ], [ 15.0035152435303, 41.492786407470803 ], [ 15.005406379699799, 41.491001129150398 ], [ 15.005873680114799, 41.490524291992202 ], [ 15.0084896087647, 41.487365722656399 ], [ 15.006605148315501, 41.487293243408097 ], [ 15.006030082702599, 41.487247467041101 ], [ 15.0049762725831, 41.486942291259801 ], [ 15.002926826477101, 41.486255645752003 ], [ 14.9914045333862, 41.4811210632325 ], [ 14.9845905303956, 41.476005554199197 ], [ 14.983131408691399, 41.470050811767599 ], [ 14.9817752838134, 41.470012664795 ], [ 14.979322433471699, 41.469860076904403 ], [ 14.9785919189454, 41.469776153564503 ], [ 14.978173255920399, 41.4697074890138 ], [ 14.9778242111206, 41.469650268554602 ], [ 14.961373329162599, 41.466426849365298 ], [ 14.961012840271099, 41.466270446777301 ], [ 14.960512161254901, 41.465957641601598 ], [ 14.9546709060669, 41.461196899414098 ], [ 14.953785896301399, 41.460292816162202 ], [ 14.952625274658301, 41.4590454101563 ], [ 14.948219299316399, 41.457248687744197 ], [ 14.9477529525756, 41.457069396972599 ], [ 14.9472742080688, 41.456958770752102 ], [ 14.931258201599199, 41.453598022461101 ], [ 14.930684089660801, 41.453502655029403 ], [ 14.930240631103599, 41.453430175781399 ], [ 14.928541183471699, 41.453231811523601 ], [ 14.927893638611, 41.453166961669901 ], [ 14.9212503433229, 41.4526596069337 ], [ 14.916293144226101, 41.452663421630902 ], [ 14.9156484603882, 41.452762603759901 ], [ 14.9146890640259, 41.452880859375 ], [ 14.9141750335693, 41.452896118164098 ], [ 14.912522315978901, 41.4529418945313 ], [ 14.9116973876954, 41.452869415283303 ], [ 14.9110851287843, 41.452732086181797 ], [ 14.9000034332275, 41.4502563476562 ], [ 14.894259452819799, 41.4487915039063 ], [ 14.890323638916, 41.446281433105497 ], [ 14.889739036560201, 41.445934295654297 ], [ 14.889404296875099, 41.445796966552798 ], [ 14.8890686035156, 41.445705413818501 ], [ 14.8888292312622, 41.4456596374513 ], [ 14.888207435608001, 41.445625305175703 ], [ 14.887860298156699, 41.445644378662202 ], [ 14.887464523315399, 41.445693969726598 ], [ 14.886901855468899, 41.445812225341903 ], [ 14.8863639831544, 41.445934295654297 ], [ 14.8860750198365, 41.445972442627003 ], [ 14.885801315307599, 41.445938110351598 ], [ 14.8855485916138, 41.445854187011697 ], [ 14.8852863311768, 41.445766448974602 ], [ 14.8851070404053, 41.4456596374513 ], [ 14.8845338821412, 41.445297241210902 ], [ 14.883576393127401, 41.444675445556697 ], [ 14.8830738067628, 41.444313049316399 ], [ 14.881688117981099, 41.443149566650398 ], [ 14.875654220581101, 41.437351226806598 ], [ 14.875486373901399, 41.437084197998203 ], [ 14.875343322753899, 41.436836242675902 ], [ 14.8752603530884, 41.436668395996101 ], [ 14.8754682540894, 41.434486389160199 ], [ 14.861204147338899, 41.4273910522462 ], [ 14.8580360412597, 41.425971984863203 ], [ 14.857748985290501, 41.425846099853601 ], [ 14.857425689697401, 41.425739288330099 ], [ 14.8569345474244, 41.425674438476598 ], [ 14.8565168380737, 41.4256820678712 ], [ 14.8471555709838, 41.426780700683601 ], [ 14.845372200012299, 41.427173614502102 ], [ 14.8439826965332, 41.427593231201101 ], [ 14.825304031372101, 41.435665130615199 ], [ 14.812162399291999, 41.443675994872997 ], [ 14.8101797103882, 41.446422576904403 ], [ 14.8099393844606, 41.446685791015703 ], [ 14.8097229003906, 41.446907043457102 ], [ 14.808079719543599, 41.447868347168097 ], [ 14.8075170516969, 41.448192596435497 ], [ 14.807204246521, 41.4483451843263 ], [ 14.8067970275879, 41.448520660400497 ], [ 14.8064851760865, 41.4486312866212 ], [ 14.8005542755128, 41.450576782226499 ], [ 14.791049957275501, 41.453540802001903 ], [ 14.789746284485, 41.453773498535298 ], [ 14.789385795593301, 41.453792572021499 ], [ 14.787865638733001, 41.4535522460938 ], [ 14.7873268127441, 41.453460693359403 ], [ 14.7868118286132, 41.453353881836001 ], [ 14.786321640014799, 41.453235626220803 ], [ 14.7858076095582, 41.453079223632798 ], [ 14.785102844238301, 41.452808380127003 ], [ 14.7847089767457, 41.452655792236399 ], [ 14.7841825485231, 41.452426910400398 ], [ 14.783440589904799, 41.452072143554801 ], [ 14.783226013183601, 41.451969146728601 ], [ 14.782521247863899, 41.451614379882898 ], [ 14.7799997329712, 41.450050354003899 ], [ 14.7775630950929, 41.448417663574297 ], [ 14.7751274108887, 41.446727752685497 ], [ 14.7748289108278, 41.4465141296387 ], [ 14.774554252624601, 41.446212768554702 ], [ 14.7724103927612, 41.443191528320298 ], [ 14.7721710205078, 41.442840576171903 ], [ 14.7720184326172, 41.442352294922003 ], [ 14.7717590332031, 41.441432952880902 ], [ 14.772108078002899, 41.440578460693402 ], [ 14.7722520828247, 41.440364837646598 ], [ 14.772407531738301, 41.440231323242301 ], [ 14.7726364135743, 41.440067291259801 ], [ 14.77281665802, 41.439769744873203 ], [ 14.772912979126099, 41.439544677734403 ], [ 14.7729864120484, 41.439308166503999 ], [ 14.7734718322754, 41.437557220458999 ], [ 14.773522377014199, 41.436824798583999 ], [ 14.773487091064499, 41.436439514160298 ], [ 14.7734642028809, 41.436183929443303 ], [ 14.7733707427979, 41.435211181640703 ], [ 14.7731952667237, 41.434501647949297 ], [ 14.7730388641357, 41.434299468994098 ], [ 14.7726821899413, 41.433834075927798 ], [ 14.7683439254762, 41.428573608398501 ], [ 14.7659721374512, 41.425895690917997 ], [ 14.7655687332153, 41.418354034423899 ], [ 14.763451576233001, 41.417926788330099 ], [ 14.762903213501, 41.417736053466797 ], [ 14.7593898773194, 41.416358947753999 ], [ 14.759019851684601, 41.416091918945298 ], [ 14.7586612701416, 41.415798187255902 ], [ 14.757993698120099, 41.4149589538575 ], [ 14.757221221923899, 41.413742065429801 ], [ 14.756972312927401, 41.413253784179702 ], [ 14.7564716339112, 41.412414550781399 ], [ 14.7560319900512, 41.411903381347699 ], [ 14.755639076233001, 41.411598205566499 ], [ 14.7552442550659, 41.411308288574197 ], [ 14.754742622375501, 41.4109916687013 ], [ 14.754265785217299, 41.4107666015625 ], [ 14.752820968627899, 41.410133361816499 ], [ 14.752211570739901, 41.409870147705099 ], [ 14.751732826232899, 41.409713745117301 ], [ 14.718147277831999, 41.401817321777301 ], [ 14.7177286148072, 41.401763916015597 ], [ 14.717441558838001, 41.401752471923899 ], [ 14.717046737671, 41.401763916015597 ], [ 14.716700553894, 41.401798248291101 ], [ 14.7156829833984, 41.401992797851598 ], [ 14.715312004089499, 41.402099609375099 ], [ 14.7004919052125, 41.4118270874025 ], [ 14.699725151061999, 41.412139892578203 ], [ 14.6993770599366, 41.4122123718262 ], [ 14.690010070800801, 41.412258148193402 ], [ 14.6850471496581, 41.411647796630902 ], [ 14.6723127365112, 41.407623291015703 ], [ 14.666303634643601, 41.4011039733887 ], [ 14.6664848327637, 41.400760650634801 ], [ 14.6666307449341, 41.400455474853601 ], [ 14.666704177856399, 41.400020599365298 ], [ 14.666706085205201, 41.399642944336101 ], [ 14.666638374328601, 41.398929595947401 ], [ 14.6665906906128, 41.398654937744098 ], [ 14.666449546814, 41.398365020752102 ], [ 14.6662721633912, 41.398128509521499 ], [ 14.6641187667847, 41.3954048156738 ], [ 14.6637496948243, 41.395103454589801 ], [ 14.661723136901999, 41.394138336181697 ], [ 14.6596670150757, 41.396236419677798 ], [ 14.6579008102418, 41.397712707519602 ], [ 14.6566781997681, 41.398185729980497 ], [ 14.655575752258301, 41.398479461669901 ], [ 14.655287742614799, 41.398551940917997 ], [ 14.6536359786988, 41.398738861084098 ], [ 14.6533851623535, 41.398746490478601 ], [ 14.6519269943238, 41.398471832275398 ], [ 14.651461601257299, 41.398365020752102 ], [ 14.6397142410278, 41.391971588134801 ], [ 14.6388549804687, 41.391490936279403 ], [ 14.638128280639799, 41.391036987304801 ], [ 14.6346502304078, 41.388420104980497 ], [ 14.6343650817871, 41.388160705566499 ], [ 14.6340799331665, 41.387901306152401 ], [ 14.6322250366212, 41.385894775390703 ], [ 14.6314888000488, 41.384944915771499 ], [ 14.631252288818301, 41.384555816650398 ], [ 14.618848800659199, 41.372447967529403 ], [ 14.615506172180201, 41.369228363037102 ], [ 14.6039113998413, 41.364948272705099 ], [ 14.599217414856099, 41.367931365966797 ], [ 14.5886526107788, 41.374702453613303 ], [ 14.5890111923218, 41.374927520752102 ], [ 14.58930683136, 41.375129699707102 ], [ 14.589617729187101, 41.375373840332102 ], [ 14.5897474288941, 41.375633239746101 ], [ 14.5898170471193, 41.376060485839801 ], [ 14.589727401733301, 41.376922607422003 ], [ 14.5896406173707, 41.377246856689403 ], [ 14.5894718170166, 41.377616882324297 ], [ 14.5885171890259, 41.379268646240298 ], [ 14.5882863998413, 41.379661560058601 ], [ 14.5877323150634, 41.380508422851598 ], [ 14.587116241455099, 41.3814086914062 ], [ 14.586551666259799, 41.381931304931697 ], [ 14.586261749267599, 41.382186889648501 ], [ 14.577832221985, 41.389434814453203 ], [ 14.5762567520141, 41.390674591064503 ], [ 14.575777053833001, 41.390972137451101 ], [ 14.5754652023316, 41.39111328125 ], [ 14.575213432311999, 41.391201019287102 ], [ 14.567197799682701, 41.393115997314503 ], [ 14.5663290023804, 41.392581939697301 ], [ 14.565899848938001, 41.392292022705199 ], [ 14.565579414367701, 41.392036437988303 ], [ 14.565114974975501, 41.391666412353601 ], [ 14.556589126586999, 41.384151458740199 ], [ 14.5540981292725, 41.381504058837898 ], [ 14.553322792053301, 41.380729675293097 ], [ 14.552991867065501, 41.380527496337898 ], [ 14.5526943206788, 41.380416870117202 ], [ 14.552395820617701, 41.380371093750099 ], [ 14.535198211669901, 41.383541107177699 ], [ 14.532851219177299, 41.384048461914098 ], [ 14.5315914154053, 41.384490966796903 ], [ 14.5299606323243, 41.385116577148601 ], [ 14.5292530059815, 41.385318756103501 ], [ 14.5254573822021, 41.386123657226598 ], [ 14.5243797302247, 41.386264801025398 ], [ 14.523674011230501, 41.386291503906399 ], [ 14.5231733322144, 41.386207580566499 ], [ 14.5225038528443, 41.385993957519602 ], [ 14.521956443786699, 41.3858032226563 ], [ 14.5182199478151, 41.384696960449297 ], [ 14.5112018585206, 41.382820129394602 ], [ 14.5105209350587, 41.382682800292898 ], [ 14.5102996826172, 41.382659912109503 ], [ 14.5098628997803, 41.382617950439503 ], [ 14.5091705322266, 41.382617950439503 ], [ 14.507599830627401, 41.382999420166001 ], [ 14.5059452056885, 41.3834838867187 ], [ 14.5048599243165, 41.3851127624512 ], [ 14.5043296813965, 41.386001586914098 ], [ 14.5007858276368, 41.3890380859375 ], [ 14.499419212341399, 41.389308929443402 ], [ 14.4980554580688, 41.389209747314602 ], [ 14.496918678283601, 41.389488220215 ], [ 14.4958248138428, 41.389755249023402 ], [ 14.493705749511699, 41.390274047851698 ], [ 14.4925603866578, 41.390556335449197 ], [ 14.491533279419, 41.390937805175803 ], [ 14.490538597106999, 41.391304016113303 ], [ 14.4894800186157, 41.391693115234403 ], [ 14.4870023727418, 41.396110534667997 ], [ 14.4867267608643, 41.396602630615298 ], [ 14.4862146377565, 41.397514343261797 ], [ 14.485760688781699, 41.398323059082003 ], [ 14.485327720642101, 41.399093627929702 ], [ 14.483560562133899, 41.402969360351598 ], [ 14.483611106872599, 41.403228759765703 ], [ 14.4836750030518, 41.403556823730497 ], [ 14.4837303161622, 41.403842926025398 ], [ 14.478864669799901, 41.411159515381001 ], [ 14.479293823242299, 41.411342620849702 ], [ 14.480175971985, 41.411746978759901 ], [ 14.4813451766968, 41.412326812744297 ], [ 14.4820213317872, 41.413040161132798 ], [ 14.4832410812378, 41.414604187011797 ], [ 14.4832859039307, 41.414974212646598 ], [ 14.482766151428301, 41.415592193603501 ], [ 14.482066154480099, 41.416381835937599 ], [ 14.48011302948, 41.418350219726499 ], [ 14.479907035827701, 41.4185600280762 ], [ 14.4796667099, 41.418777465820298 ], [ 14.4790754318237, 41.419296264648402 ], [ 14.4782209396363, 41.419967651367202 ], [ 14.477501869201699, 41.420120239257798 ], [ 14.472541809081999, 41.420726776122997 ], [ 14.467384338378899, 41.420745849609403 ], [ 14.4667387008668, 41.4207992553712 ], [ 14.4574699401857, 41.427066802978501 ], [ 14.457335472106999, 41.4274711608887 ], [ 14.4571733474731, 41.427864074707102 ], [ 14.4568996429444, 41.428302764892699 ], [ 14.4561777114869, 41.428821563720803 ], [ 14.454848289489901, 41.428901672363303 ], [ 14.4489488601684, 41.428695678710902 ], [ 14.4470834732057, 41.428585052490199 ], [ 14.445544242858899, 41.4281005859375 ], [ 14.444623947143601, 41.427886962890597 ], [ 14.44291305542, 41.427822113037102 ], [ 14.441260337829601, 41.4279975891113 ], [ 14.439496994018601, 41.428272247314503 ], [ 14.4295148849488, 41.429859161377102 ], [ 14.428496360778899, 41.430095672607401 ], [ 14.427204132080099, 41.432743072509702 ], [ 14.420207977295, 41.4361381530763 ], [ 14.4133758544922, 41.442211151123097 ], [ 14.4066734313965, 41.4395561218263 ], [ 14.405434608459499, 41.439125061035298 ], [ 14.4025697708131, 41.438343048095703 ], [ 14.401814460754499, 41.438194274902301 ], [ 14.4007244110107, 41.438568115234297 ], [ 14.3999185562134, 41.438987731933601 ], [ 14.3987379074096, 41.439640045166001 ], [ 14.3978004455566, 41.440155029296903 ], [ 14.3969078063965, 41.440792083740199 ], [ 14.396080017089901, 41.441276550292997 ], [ 14.3951759338379, 41.441734313964901 ], [ 14.392820358276399, 41.442920684814503 ], [ 14.390671730041401, 41.443935394287202 ], [ 14.389794349670501, 41.444126129150398 ], [ 14.388773918151999, 41.444244384765703 ], [ 14.383359909057599, 41.444248199462898 ], [ 14.3600282669069, 41.449535369872997 ], [ 14.3430576324463, 41.455070495605497 ], [ 14.341006278991699, 41.455356597900398 ], [ 14.3391380310059, 41.455352783203097 ], [ 14.338121414184601, 41.455348968505902 ], [ 14.336672782898001, 41.455204010009901 ], [ 14.3350124359131, 41.455032348632798 ], [ 14.333433151245099, 41.454715728759801 ], [ 14.3322505950928, 41.454521179199297 ], [ 14.330936431884799, 41.4543685913087 ], [ 14.3298110961913, 41.454319000244098 ], [ 14.328411102294901, 41.454345703125099 ], [ 14.3280410766603, 41.454425811767599 ], [ 14.315671920776399, 41.461147308349702 ], [ 14.310738563537701, 41.464599609375099 ], [ 14.3099775314332, 41.465137481689602 ], [ 14.3088684082031, 41.465812683105597 ], [ 14.3077487945557, 41.46639251709 ], [ 14.305594444274901, 41.467422485351598 ], [ 14.298781394958599, 41.469669342041101 ], [ 14.2932891845704, 41.470405578613402 ], [ 14.2851619720459, 41.473091125488203 ], [ 14.2873640060425, 41.473392486572301 ], [ 14.2877960205079, 41.473449707031399 ], [ 14.2881288528444, 41.473495483398402 ], [ 14.288581848144601, 41.4736137390137 ], [ 14.289191246032701, 41.473789215087898 ], [ 14.289645195007299, 41.473949432372997 ], [ 14.2901573181153, 41.474220275878999 ], [ 14.2904891967775, 41.474494934082102 ], [ 14.2907495498657, 41.474784851074297 ], [ 14.293021202087401, 41.477325439453097 ], [ 14.292401313781699, 41.478134155273501 ], [ 14.291049003601101, 41.479236602783303 ], [ 14.289914131164601, 41.480007171631001 ], [ 14.288459777831999, 41.480533599853601 ], [ 14.287402153015099, 41.480804443359403 ], [ 14.286260604858301, 41.481033325195398 ], [ 14.2824621200563, 41.483448028564602 ], [ 14.280011177063001, 41.487369537353601 ], [ 14.2796058654785, 41.487190246582102 ], [ 14.278435707092299, 41.486839294433601 ], [ 14.264198303222599, 41.485298156738203 ], [ 14.261864662170501, 41.485137939453097 ], [ 14.2559738159181, 41.484992980957102 ], [ 14.2503023147584, 41.485542297363303 ], [ 14.2495079040528, 41.4859428405763 ], [ 14.248044967651399, 41.486949920654297 ], [ 14.247530937194799, 41.487911224365199 ], [ 14.2451295852662, 41.4925346374512 ], [ 14.242506980896099, 41.497650146484503 ], [ 14.241625785827599, 41.4981880187988 ], [ 14.2385778427125, 41.498550415039098 ], [ 14.2332201004028, 41.498893737792997 ], [ 14.2287845611572, 41.498996734619098 ], [ 14.216926574706999, 41.497833251953203 ], [ 14.216383934021099, 41.498069763183501 ], [ 14.215481758117599, 41.498451232910099 ], [ 14.2120532989503, 41.499496459961001 ], [ 14.2057352066041, 41.500923156738402 ], [ 14.203055381775, 41.500652313232401 ], [ 14.1915292739869, 41.498764038086001 ], [ 14.175540924072401, 41.500972747802798 ], [ 14.1746711730957, 41.501693725585902 ], [ 14.174280166626, 41.5013427734375 ], [ 14.169071197509901, 41.496498107910298 ], [ 14.168185234069799, 41.495407104492102 ], [ 14.1678895950318, 41.494201660156399 ], [ 14.1673278808594, 41.490402221679801 ], [ 14.1665334701538, 41.4803886413575 ], [ 14.1661577224732, 41.479766845703097 ], [ 14.165846824646099, 41.479770660400398 ], [ 14.1609859466553, 41.480575561523402 ], [ 14.160000801086399, 41.480808258056598 ], [ 14.158269882202299, 41.481262207031399 ], [ 14.1536226272584, 41.4831352233887 ], [ 14.152525901794499, 41.483646392822401 ], [ 14.1328992843628, 41.501335144042997 ], [ 14.126154899597299, 41.508354187011797 ], [ 14.123506546020501, 41.508281707763601 ], [ 14.121642112731999, 41.507987976074197 ], [ 14.1203908920288, 41.5075073242188 ], [ 14.1194982528687, 41.506134033203097 ], [ 14.1194190979004, 41.50492477417 ], [ 14.1195878982544, 41.502105712890597 ], [ 14.1194257736207, 41.498222351074297 ], [ 14.119255065918001, 41.497600555419901 ], [ 14.1087799072266, 41.4865112304688 ], [ 14.104290008544901, 41.484661102294901 ], [ 14.1007165908815, 41.482261657714801 ], [ 14.097809791565, 41.478584289550902 ], [ 14.0866441726685, 41.463443756103601 ], [ 14.087691307068001, 41.460651397705099 ], [ 14.079253196716399, 41.448070526122997 ], [ 14.0792398452759, 41.447685241699297 ], [ 14.0792798995972, 41.4474906921387 ], [ 14.079649925231999, 41.446643829345803 ], [ 14.080210685729901, 41.445880889892699 ], [ 14.085201263427701, 41.440643310547003 ], [ 14.100721359252899, 41.426517486572301 ], [ 14.1024074554443, 41.425819396972699 ], [ 14.104836463928301, 41.424919128417997 ], [ 14.105908393859901, 41.424396514892599 ], [ 14.106114387512299, 41.424247741699297 ], [ 14.1066207885743, 41.4230575561525 ], [ 14.106990814209, 41.422191619873097 ], [ 14.1083726882935, 41.417423248291101 ], [ 14.1079607009888, 41.416915893554702 ], [ 14.105710983276399, 41.411670684814503 ], [ 14.1041841506959, 41.405258178711001 ], [ 14.104076385498001, 41.404422760009801 ], [ 14.104318618774499, 41.403274536132798 ], [ 14.104422569275, 41.403144836425803 ], [ 14.104721069336099, 41.402778625488303 ], [ 14.1143770217897, 41.391143798828203 ], [ 14.115752220153899, 41.390308380127003 ], [ 14.112322807312101, 41.387428283691499 ], [ 14.0969858169556, 41.391189575195398 ], [ 14.0958166122437, 41.391822814941499 ], [ 14.094726562500099, 41.392765045166101 ], [ 14.094009399414199, 41.393749237060597 ], [ 14.093385696411101, 41.394657135009801 ], [ 14.0927829742432, 41.395786285400398 ], [ 14.0925722122193, 41.396377563476698 ], [ 14.092018127441399, 41.397491455078203 ], [ 14.0911321640016, 41.398422241211001 ], [ 14.090332031250099, 41.3991889953613 ], [ 14.0892963409425, 41.399768829345703 ], [ 14.0856533050537, 41.401027679443501 ], [ 14.0850954055787, 41.401073455810703 ], [ 14.0843467712403, 41.401138305664198 ], [ 14.0622215270997, 41.399143218994297 ], [ 14.0615053176881, 41.3990287780762 ], [ 14.0556983947754, 41.397758483886697 ], [ 14.0542459487915, 41.397369384765597 ], [ 14.0432691574097, 41.393772125244197 ], [ 14.0425701141357, 41.394260406494098 ], [ 14.042157173156699, 41.394546508789098 ], [ 14.040702819824199, 41.395786285400398 ], [ 14.039854049682599, 41.396610260009801 ], [ 14.029569625854499, 41.409366607666101 ], [ 14.030378341674901, 41.4111938476563 ], [ 14.030616760254, 41.412033081054801 ], [ 14.030856132507299, 41.412891387939602 ], [ 14.030678749084499, 41.4135551452637 ], [ 14.030262947082599, 41.414127349853601 ], [ 14.0274581909181, 41.417678833007898 ], [ 14.0266580581666, 41.418357849121101 ], [ 14.0240125656128, 41.419227600097699 ], [ 14.0194110870362, 41.423618316650398 ], [ 14.018573760986399, 41.424411773681598 ], [ 14.017474174499499, 41.425117492675803 ], [ 14.01628780365, 41.425224304199197 ], [ 14.0150699615479, 41.425041198730497 ], [ 14.013841629028301, 41.424781799316499 ], [ 14.0130167007446, 41.424709320068501 ], [ 14.010396003723301, 41.424758911132898 ], [ 14.0084629058837, 41.425117492675803 ], [ 14.0074787139894, 41.425346374511797 ], [ 14.006553649902299, 41.425563812255902 ], [ 14.005901336669901, 41.425994873046903 ], [ 14.0015859603882, 41.431922912597699 ], [ 14.002226829528899, 41.432258605957102 ], [ 14.002937316894499, 41.432819366455099 ], [ 14.004423141479499, 41.434200286865298 ], [ 14.005730628967401, 41.435577392578097 ], [ 14.008460044860801, 41.439540863037202 ], [ 14.008898735046399, 41.440563201904197 ], [ 14.009295463561999, 41.442085266113303 ], [ 14.0093126296997, 41.4421615600587 ], [ 14.0094738006593, 41.442863464355497 ], [ 14.0101127624512, 41.446559906005902 ], [ 14.0098791122438, 41.447723388671797 ], [ 14.0095720291138, 41.449085235595803 ], [ 14.0089712142944, 41.450794219970803 ], [ 14.008547782897899, 41.451808929443501 ], [ 14.007921218872101, 41.452869415283303 ], [ 14.006661415100201, 41.453826904296797 ], [ 14.0035705566407, 41.454746246337898 ], [ 14.00230884552, 41.455104827880902 ], [ 13.990059852600201, 41.458286285400497 ], [ 13.9885854721069, 41.458408355712898 ], [ 13.987263679504499, 41.458683013916001 ], [ 13.9861907958985, 41.4590644836425 ], [ 13.980649948120201, 41.461948394775398 ], [ 13.9798860549928, 41.462574005127003 ], [ 13.9787950515747, 41.463470458984403 ], [ 13.982486724853599, 41.470947265625099 ], [ 13.9851837158203, 41.474563598632898 ], [ 13.9897079467775, 41.480098724365199 ], [ 13.992417335510201, 41.482261657714801 ], [ 13.9936628341675, 41.483070373535199 ], [ 13.991370201111, 41.484996795654403 ], [ 13.9803009033204, 41.4919242858887 ], [ 13.980058670043899, 41.492073059082102 ], [ 13.9781961441041, 41.4931640625 ], [ 13.9765529632568, 41.4932670593262 ], [ 13.976174354553301, 41.493091583252003 ], [ 13.975837707519499, 41.493099212646499 ], [ 13.975371360778899, 41.493133544921903 ], [ 13.9749269485475, 41.493179321289098 ], [ 13.9745416641235, 41.493240356445398 ], [ 13.974311828613301, 41.493335723877003 ], [ 13.973986625671399, 41.493534088134901 ], [ 13.9737796783447, 41.493774414062599 ], [ 13.9736547470094, 41.494098663330099 ], [ 13.973578453064, 41.494392395019602 ], [ 13.973632812500099, 41.494693756103601 ], [ 13.9737949371338, 41.495025634765597 ], [ 13.974040985107401, 41.495323181152401 ], [ 13.976076126098601, 41.497692108154403 ], [ 13.976324081420801, 41.497928619384901 ], [ 13.9765281677246, 41.4979858398438 ], [ 13.9795446395875, 41.501941680908303 ], [ 13.992770195007401, 41.509773254394503 ], [ 14.005735397338899, 41.51522064209 ], [ 14.0118141174316, 41.515804290771499 ], [ 14.0122213363647, 41.515880584716903 ], [ 14.0125074386597, 41.515945434570398 ], [ 14.013568878173899, 41.516250610351598 ], [ 14.013975143432701, 41.516391754150398 ], [ 14.0143423080444, 41.5165634155275 ], [ 14.0146293640137, 41.5167045593262 ], [ 14.0149965286256, 41.516895294189503 ], [ 14.0153064727784, 41.517143249511697 ], [ 14.015553474426399, 41.517383575439602 ], [ 14.016156196594199, 41.517978668212997 ], [ 14.0201778411866, 41.522838592529297 ], [ 14.021765708923301, 41.522579193115199 ], [ 14.0221138000488, 41.522537231445298 ], [ 14.022544860839799, 41.522598266601598 ], [ 14.0273962020875, 41.523639678955099 ], [ 14.0277652740478, 41.523777008056598 ], [ 14.0281095504762, 41.523933410644602 ], [ 14.028392791748001, 41.524196624755902 ], [ 14.0284843444825, 41.524574279785298 ], [ 14.028536796569799, 41.525051116943501 ], [ 14.0284128189088, 41.525325775146499 ], [ 14.0269527435303, 41.526752471923899 ], [ 14.025406837463301, 41.527511596679702 ], [ 14.025093078613301, 41.527652740478601 ], [ 14.0245771408081, 41.5277290344238 ], [ 14.0217580795288, 41.528762817382898 ], [ 14.0188245773315, 41.530059814453203 ], [ 14.0145473480225, 41.5323905944825 ], [ 14.009717941284199, 41.535366058349602 ], [ 14.0093803405762, 41.535591125488402 ], [ 14.0090894699097, 41.535831451416101 ], [ 14.0084066390991, 41.536434173583999 ], [ 14.008090972900501, 41.5368041992188 ], [ 14.006238937378001, 41.5394706726075 ], [ 14.0061511993409, 41.539737701416101 ], [ 14.0063409805297, 41.539932250976598 ], [ 14.0067777633666, 41.540340423583999 ], [ 14.0215969085693, 41.543350219726598 ], [ 14.023110389709601, 41.546417236328203 ], [ 14.0233526229859, 41.5469779968263 ], [ 14.023735046386699, 41.547920227050803 ], [ 14.026768684387299, 41.5558891296387 ], [ 14.026905059814499, 41.556312561035199 ], [ 14.026852607726999, 41.556655883789098 ], [ 14.0267505645753, 41.557010650634801 ], [ 14.0259876251222, 41.559116363525398 ], [ 14.024553298950201, 41.562019348144503 ], [ 14.0181913375856, 41.564796447753999 ], [ 14.0176239013672, 41.565029144287202 ], [ 14.011614799499601, 41.566650390625099 ], [ 14.0025472640991, 41.570678710937599 ], [ 13.999835968017599, 41.5754623413087 ], [ 13.999708175659199, 41.575866699218899 ], [ 13.998830795288001, 41.579036712646399 ], [ 13.9985885620118, 41.580028533935497 ], [ 13.9987020492554, 41.580413818359503 ], [ 13.999045372009199, 41.5807495117188 ], [ 13.9993286132812, 41.581012725830099 ], [ 14.003766059875399, 41.585014343261797 ], [ 14.0110616683959, 41.593547821044901 ], [ 14.011878013610801, 41.608524322509801 ], [ 14.0048036575318, 41.617450714111399 ], [ 14.0043754577637, 41.617961883544901 ], [ 13.998852729797401, 41.624034881591903 ], [ 13.9975547790528, 41.625125885009801 ], [ 13.9947786331178, 41.6400146484375 ], [ 13.9899559020997, 41.645145416259801 ], [ 13.9896993637084, 41.645492553711101 ], [ 13.988288879394601, 41.648902893066499 ], [ 13.9882564544678, 41.6493339538575 ], [ 13.988196372985801, 41.650226593017599 ], [ 13.988212585449199, 41.650676727295 ], [ 13.988242149353001, 41.651107788085902 ], [ 13.9883661270143, 41.651660919189602 ], [ 13.9891834259034, 41.654815673828203 ], [ 13.976590156555201, 41.665737152099702 ], [ 13.9743957519532, 41.668514251708999 ], [ 13.9740905761718, 41.668834686279403 ], [ 13.971927642822299, 41.6711235046388 ], [ 13.968250274658301, 41.675014495849602 ], [ 13.9601135253907, 41.679679870605497 ], [ 13.959510803222701, 41.679862976074197 ], [ 13.958641052246, 41.680107116699297 ], [ 13.9564332962037, 41.680706024169901 ], [ 13.955997467041099, 41.680812835693402 ], [ 13.955660820007299, 41.680862426757798 ], [ 13.9544725418091, 41.680862426757798 ], [ 13.952441215515099, 41.680950164794901 ], [ 13.952030181884901, 41.681098937988303 ], [ 13.9516553878784, 41.681251525878999 ], [ 13.9513511657715, 41.681407928466903 ], [ 13.950986862182599, 41.681610107421903 ], [ 13.9501762390137, 41.682083129882898 ], [ 13.945322990417599, 41.685001373291101 ], [ 13.9430847167969, 41.6873168945312 ], [ 13.941911697387701, 41.688949584961101 ], [ 13.948967933654799, 41.694248199462798 ], [ 13.9497442245484, 41.694599151611399 ], [ 13.9502925872803, 41.694808959961001 ], [ 13.950889587402401, 41.695003509521399 ], [ 13.951537132263301, 41.6952095031738 ], [ 13.953091621398899, 41.695686340332003 ], [ 13.954298973083599, 41.696044921875099 ], [ 13.95494556427, 41.696197509765703 ], [ 13.956023216247599, 41.696449279785199 ], [ 13.9564304351807, 41.6965141296388 ], [ 13.957328796386699, 41.696647644042997 ], [ 13.9591407775879, 41.696815490722599 ], [ 13.9599933624269, 41.696887969970803 ], [ 13.9609899520875, 41.696933746337898 ], [ 13.963007926941, 41.696960449218899 ], [ 13.964114189147899, 41.696933746337898 ], [ 13.9828138351441, 41.696117401123203 ], [ 13.993344306945801, 41.695152282714801 ], [ 13.995298385620201, 41.694671630859503 ], [ 14.002754211425801, 41.691261291503999 ], [ 14.0035524368287, 41.690891265869197 ], [ 14.004896163940501, 41.690265655517599 ], [ 14.005209922790501, 41.690101623535298 ], [ 14.0081443786621, 41.688461303710902 ], [ 14.0086889266968, 41.688129425048899 ], [ 14.008969306945801, 41.687957763671903 ], [ 14.0092592239381, 41.687770843505902 ], [ 14.0096740722657, 41.687438964843899 ], [ 14.009819030761699, 41.687301635742202 ], [ 14.010100364685, 41.687076568603601 ], [ 14.0106086730956, 41.686756134033303 ], [ 14.011300086975, 41.686347961425803 ], [ 14.017036437988301, 41.683647155761797 ], [ 14.017942428588899, 41.683284759521499 ], [ 14.018257141113301, 41.683162689209098 ], [ 14.018630027771099, 41.683090209960902 ], [ 14.019086837768601, 41.6830825805663 ], [ 14.0193748474121, 41.6830825805663 ], [ 14.019616127014199, 41.6830825805663 ], [ 14.019986152648899, 41.683212280273501 ], [ 14.020069122314499, 41.683349609375099 ], [ 14.026486396789601, 41.695812225341797 ], [ 14.0337972640991, 41.702877044677699 ], [ 14.0350608825684, 41.702732086181697 ], [ 14.03581905365, 41.7026557922363 ], [ 14.0422792434694, 41.702232360839901 ], [ 14.0430011749268, 41.702205657959098 ], [ 14.0446586608887, 41.702247619628999 ], [ 14.0470371246338, 41.702327728271499 ], [ 14.054135322570801, 41.702682495117301 ], [ 14.053923606872701, 41.719558715820298 ], [ 14.053934097290099, 41.7197036743163 ], [ 14.053962707519601, 41.720012664794901 ], [ 14.054103851318301, 41.720298767089801 ], [ 14.0543661117553, 41.720588684082102 ], [ 14.0563783645631, 41.722633361816399 ], [ 14.0574808120728, 41.723686218261797 ], [ 14.0587615966796, 41.724861145019503 ], [ 14.059853553771999, 41.725852966308601 ], [ 14.061469078064, 41.727207183837997 ], [ 14.06227684021, 41.727931976318402 ], [ 14.0644235610962, 41.729885101318501 ], [ 14.0669507980347, 41.732269287109503 ], [ 14.067247390747101, 41.732555389404403 ], [ 14.0681562423707, 41.733699798584098 ], [ 14.0684652328491, 41.734111785888601 ], [ 14.068687438964799, 41.734432220459098 ], [ 14.0688991546631, 41.734825134277301 ], [ 14.0704679489135, 41.738212585449197 ], [ 14.071688652038601, 41.738075256347699 ], [ 14.0745649337769, 41.737876892089801 ], [ 14.078426361084, 41.738170623779297 ], [ 14.081935882568301, 41.738819122314602 ], [ 14.0825700759888, 41.738960266113402 ], [ 14.083470344543599, 41.739192962646499 ], [ 14.0850477218628, 41.73974609375 ], [ 14.0952806472779, 41.738933563232401 ], [ 14.096199035644499, 41.7326469421387 ], [ 14.0981550216675, 41.730640411377102 ], [ 14.1042842864991, 41.7193603515625 ], [ 14.1065959930419, 41.713821411132798 ], [ 14.1080856323243, 41.708332061767699 ], [ 14.109025955200201, 41.708450317382798 ], [ 14.109301567077701, 41.708564758300803 ], [ 14.1096363067628, 41.708732604980497 ], [ 14.110029220581, 41.708946228027401 ], [ 14.111102104186999, 41.709632873535199 ], [ 14.111576080322299, 41.710014343261697 ], [ 14.1193504333496, 41.71736907959 ], [ 14.1196317672731, 41.717807769775398 ], [ 14.121003150939901, 41.720417022705099 ], [ 14.124170303344799, 41.727043151855497 ], [ 14.124197959899901, 41.72713470459 ], [ 14.1243085861206, 41.727512359619197 ], [ 14.124229431152299, 41.728034973144602 ], [ 14.1237907409669, 41.730155944824297 ], [ 14.1236772537232, 41.730625152587997 ], [ 14.1234788894654, 41.731082916259801 ], [ 14.1232452392578, 41.731494903564503 ], [ 14.1229496002197, 41.731952667236399 ], [ 14.121763229370201, 41.733390808105597 ], [ 14.1214103698732, 41.733741760253999 ], [ 14.120756149291999, 41.734111785888601 ], [ 14.1202478408813, 41.7343368530275 ], [ 14.1197052001954, 41.734519958496101 ], [ 14.119438171386699, 41.734607696533303 ], [ 14.118906974792599, 41.7347831726075 ], [ 14.1181335449219, 41.735038757324297 ], [ 14.117988586425801, 41.735084533691499 ], [ 14.1177711486818, 41.735153198242102 ], [ 14.1174573898315, 41.735294342041001 ], [ 14.117104530334601, 41.735500335693402 ], [ 14.116644859314, 41.735847473144602 ], [ 14.116386413574199, 41.736167907714801 ], [ 14.1163234710693, 41.736423492431598 ], [ 14.1161575317384, 41.737907409667997 ], [ 14.1220722198487, 41.746925354003999 ], [ 14.1222743988037, 41.7470932006837 ], [ 14.1225843429565, 41.747314453125099 ], [ 14.12282371521, 41.747451782226598 ], [ 14.1233406066894, 41.747474670410199 ], [ 14.1237125396729, 41.747402191162202 ], [ 14.1307773590088, 41.745349884033303 ], [ 14.134814262390099, 41.743789672851598 ], [ 14.1592817306519, 41.747924804687599 ], [ 14.159569740295399, 41.747997283935703 ], [ 14.1597843170166, 41.748180389404403 ], [ 14.163434028625501, 41.751350402832102 ], [ 14.1637706756593, 41.7516899108887 ], [ 14.162590980529799, 41.753051757812599 ], [ 14.1623983383179, 41.7534370422363 ], [ 14.162112236023001, 41.754058837890597 ], [ 14.162034988403301, 41.754444122314503 ], [ 14.162004470825099, 41.754913330078203 ], [ 14.1619987487794, 41.755290985107401 ], [ 14.1621007919313, 41.755859375000099 ], [ 14.1622400283813, 41.756286621093899 ], [ 14.162626266479601, 41.757087707519503 ], [ 14.164035797119199, 41.759693145752003 ], [ 14.1644706726075, 41.760440826416001 ], [ 14.164695739746101, 41.760753631591903 ], [ 14.1697864532472, 41.765304565429702 ], [ 14.1703443527222, 41.765754699707102 ], [ 14.1709375381469, 41.766178131103501 ], [ 14.171624183654799, 41.766468048095803 ], [ 14.1724014282228, 41.7667045593263 ], [ 14.1727266311647, 41.7667465209962 ], [ 14.1731481552125, 41.766731262207102 ], [ 14.173786163330099, 41.766696929931797 ], [ 14.174340248108001, 41.766666412353601 ], [ 14.174750328064, 41.766578674316499 ], [ 14.175087928772101, 41.766471862792997 ], [ 14.1753549575806, 41.766311645507798 ], [ 14.175585746765099, 41.766098022460902 ], [ 14.175781250000099, 41.765884399414098 ], [ 14.1759576797485, 41.76566696167 ], [ 14.176383972168001, 41.765113830566399 ], [ 14.1765041351319, 41.764801025390703 ], [ 14.1766061782837, 41.764396667480497 ], [ 14.1766471862794, 41.763996124267699 ], [ 14.176675796508899, 41.763668060302699 ], [ 14.1766471862794, 41.763080596923899 ], [ 14.176605224609499, 41.762649536132798 ], [ 14.176572799682701, 41.762321472167997 ], [ 14.1764688491821, 41.761989593505902 ], [ 14.1761541366578, 41.755592346191399 ], [ 14.176180839538601, 41.755329132080099 ], [ 14.1762466430665, 41.754882812500099 ], [ 14.1762990951538, 41.754554748535298 ], [ 14.176486968994199, 41.753944396972699 ], [ 14.1766109466553, 41.753631591797003 ], [ 14.177204132080099, 41.752391815185703 ], [ 14.179583549499499, 41.750202178955099 ], [ 14.1803846359253, 41.750019073486399 ], [ 14.1811685562134, 41.749923706054702 ], [ 14.191931724548301, 41.74906539917 ], [ 14.192340850830201, 41.749031066894602 ], [ 14.192630767822299, 41.749008178711001 ], [ 14.1940021514894, 41.7489433288575 ], [ 14.1942300796509, 41.748947143554702 ], [ 14.1948547363282, 41.748996734619098 ], [ 14.195070266723601, 41.749114990234403 ], [ 14.195187568664601, 41.749374389648501 ], [ 14.195219993591399, 41.7496147155762 ], [ 14.195203781128001, 41.749965667724602 ], [ 14.195154190063599, 41.750106811523501 ], [ 14.194995880127101, 41.750282287597599 ], [ 14.194705009460399, 41.750492095947401 ], [ 14.1945199966431, 41.7507514953613 ], [ 14.194456100463899, 41.751064300537202 ], [ 14.194437980651999, 41.752487182617301 ], [ 14.194845199585, 41.756500244140703 ], [ 14.194933891296399, 41.757110595703097 ], [ 14.1953954696656, 41.758773803711101 ], [ 14.1955471038818, 41.759140014648601 ], [ 14.195756912231399, 41.759559631347798 ], [ 14.1959342956544, 41.759857177734403 ], [ 14.1960763931276, 41.760040283203203 ], [ 14.1975841522216, 41.761669158935597 ], [ 14.2020626068116, 41.764747619628899 ], [ 14.2028465270997, 41.7660102844238 ], [ 14.2028303146363, 41.767463684082102 ], [ 14.202811241149901, 41.767967224121001 ], [ 14.1985015869141, 41.771995544433601 ], [ 14.1978826522828, 41.772571563720803 ], [ 14.197807312011699, 41.772640228271399 ], [ 14.1955032348634, 41.774196624755902 ], [ 14.195300102233899, 41.774318695068501 ], [ 14.195163726806699, 41.774398803711101 ], [ 14.1948614120484, 41.774486541748203 ], [ 14.1894121170044, 41.775341033935497 ], [ 14.1882801055909, 41.775485992431797 ], [ 14.186502456665099, 41.775226593017599 ], [ 14.184664726257401, 41.774963378906399 ], [ 14.1839094161988, 41.774833679199197 ], [ 14.1830453872681, 41.774608612060497 ], [ 14.1814842224122, 41.774402618408203 ], [ 14.180785179138301, 41.774410247802699 ], [ 14.178242683410801, 41.7746391296387 ], [ 14.177677154541099, 41.774715423584098 ], [ 14.177061080932701, 41.774917602539098 ], [ 14.176733970642101, 41.775119781494098 ], [ 14.174065589904799, 41.777725219726598 ], [ 14.172334671020501, 41.779426574707003 ], [ 14.172004699707101, 41.7798461914062 ], [ 14.17178440094, 41.780174255371001 ], [ 14.171584129333599, 41.780677795410199 ], [ 14.169850349426399, 41.788341522216797 ], [ 14.169782638549799, 41.788871765136797 ], [ 14.169777870178301, 41.789249420166001 ], [ 14.1698331832887, 41.789615631103501 ], [ 14.1689929962159, 41.797836303711001 ], [ 14.1655435562134, 41.810440063476698 ], [ 14.1653451919556, 41.810848236083999 ], [ 14.1651372909547, 41.811111450195298 ], [ 14.164463996887299, 41.811943054199297 ], [ 14.161540985107401, 41.815555572509702 ], [ 14.161160469055201, 41.815998077392599 ], [ 14.1509742736818, 41.825248718261697 ], [ 14.148043632507401, 41.828277587890597 ], [ 14.1517801284791, 41.831703186035199 ], [ 14.1633167266847, 41.840000152587898 ], [ 14.1670322418213, 41.843425750732401 ], [ 14.1780519485475, 41.846115112304801 ], [ 14.188037872314499, 41.844215393066499 ], [ 14.1959075927734, 41.842517852783303 ], [ 14.1954355239869, 41.847766876220803 ], [ 14.1954574584962, 41.847991943359403 ], [ 14.195753097534199, 41.848537445068501 ], [ 14.1960849761963, 41.848945617675803 ], [ 14.1963472366334, 41.849136352539098 ], [ 14.1966457366943, 41.849288940429702 ], [ 14.208729743957599, 41.854026794433601 ], [ 14.2111768722535, 41.854938507080099 ], [ 14.211595535278301, 41.855060577392599 ], [ 14.2121982574463, 41.855178833007798 ], [ 14.2128467559815, 41.8552436828613 ], [ 14.2131719589234, 41.855213165283303 ], [ 14.213787078857401, 41.855117797851698 ], [ 14.214138984680099, 41.854991912841903 ], [ 14.2144422531129, 41.854808807373203 ], [ 14.2148027420044, 41.854621887207003 ], [ 14.2159547805787, 41.854175567627003 ], [ 14.2164630889893, 41.854091644287102 ], [ 14.216703414916999, 41.854118347168097 ], [ 14.2170867919921, 41.854236602783303 ], [ 14.2175197601319, 41.854408264160199 ], [ 14.217757225036699, 41.854736328125099 ], [ 14.2272891998291, 41.869350433349602 ], [ 14.226524353027401, 41.871894836425902 ], [ 14.2277669906616, 41.875766754150497 ], [ 14.230606079101699, 41.878063201904403 ], [ 14.232734680175801, 41.878490447997997 ], [ 14.238387107849199, 41.879501342773501 ], [ 14.2386884689332, 41.879554748535199 ], [ 14.239252090454, 41.879779815673899 ], [ 14.2463111877443, 41.883110046386797 ], [ 14.246948242187599, 41.883430480957102 ], [ 14.247260093689, 41.883598327636697 ], [ 14.2521839141847, 41.887985229492202 ], [ 14.2530708312988, 41.889503479003899 ], [ 14.2566814422609, 41.893039703369098 ], [ 14.271309852600099, 41.901977539062599 ], [ 14.2801818847657, 41.910491943359403 ], [ 14.285094261169499, 41.911754608154297 ], [ 14.285653114318899, 41.909770965576101 ], [ 14.2857513427734, 41.909564971923899 ], [ 14.286093711853001, 41.909152984619297 ], [ 14.2863273620606, 41.9089126586913 ], [ 14.287947654724199, 41.907253265381001 ], [ 14.2880821228028, 41.907119750976598 ], [ 14.292336463928301, 41.902965545654297 ], [ 14.292507171630801, 41.90283203125 ], [ 14.2963094711304, 41.901218414306598 ], [ 14.3011226654054, 41.899913787841797 ], [ 14.3033142089844, 41.8955688476562 ], [ 14.3034019470215, 41.895404815673899 ], [ 14.303765296936, 41.895046234131001 ], [ 14.303923606872599, 41.894912719726598 ], [ 14.304059028625501, 41.894809722900398 ], [ 14.3042764663696, 41.894691467285199 ], [ 14.3048715591431, 41.894371032715 ], [ 14.305921554565399, 41.894058227539098 ], [ 14.3063087463379, 41.894027709961101 ], [ 14.306851387023899, 41.893993377685497 ], [ 14.3131093978882, 41.893871307373097 ], [ 14.313493728637701, 41.893871307373097 ], [ 14.313891410827599, 41.893947601318303 ], [ 14.3156232833862, 41.894298553466903 ], [ 14.315972328186, 41.8943901062012 ], [ 14.3216924667359, 41.896072387695398 ], [ 14.3220520019531, 41.896202087402301 ], [ 14.322413444519199, 41.896339416503899 ], [ 14.3235883712768, 41.896896362304602 ], [ 14.3240070343018, 41.897094726562401 ], [ 14.324584960937599, 41.897388458252003 ], [ 14.324766159057701, 41.897262573242301 ], [ 14.324995994568001, 41.897048950195398 ], [ 14.3253746032715, 41.8966255187988 ], [ 14.3257703781128, 41.895664215087798 ], [ 14.326067924499499, 41.894802093505902 ], [ 14.3280248641969, 41.889148712158303 ], [ 14.3284626007081, 41.886795043945298 ], [ 14.3337135314941, 41.881813049316499 ], [ 14.3389739990234, 41.876487731933501 ], [ 14.3392190933228, 41.876190185546903 ], [ 14.343116760254, 41.8709526062012 ], [ 14.344139099121101, 41.867580413818501 ], [ 14.343879699707101, 41.863498687744197 ], [ 14.3446388244629, 41.863559722900497 ], [ 14.345409393310501, 41.863590240478601 ], [ 14.3458299636841, 41.863590240478601 ], [ 14.3502817153931, 41.863185882568501 ], [ 14.3543586730957, 41.862625122070298 ], [ 14.356489181518601, 41.861671447753899 ], [ 14.3575038909913, 41.861289978027301 ], [ 14.3580369949341, 41.861156463622997 ], [ 14.358373641967701, 41.861076354980497 ], [ 14.3590230941772, 41.860931396484403 ], [ 14.3591327667237, 41.861045837402301 ], [ 14.359418869018601, 41.861362457275398 ], [ 14.362883567810099, 41.865623474121001 ], [ 14.3631076812744, 41.865978240966797 ], [ 14.365147590637299, 41.869346618652401 ], [ 14.365255355835, 41.869564056396499 ], [ 14.3653478622437, 41.869808197021499 ], [ 14.365393638611, 41.870052337646598 ], [ 14.365389823913601, 41.870323181152401 ], [ 14.365304946899499, 41.871681213378999 ], [ 14.3652791976929, 41.871906280517599 ], [ 14.3652534484863, 41.87211227417 ], [ 14.364383697509901, 41.873523712158303 ], [ 14.364151954650801, 41.8736572265625 ], [ 14.3639106750488, 41.873737335205099 ], [ 14.363487243652401, 41.873912811279197 ], [ 14.3619728088379, 41.8752670288087 ], [ 14.362098693847701, 41.875404357910199 ], [ 14.3622598648071, 41.875576019287202 ], [ 14.3647556304931, 41.877197265625099 ], [ 14.365187644958599, 41.877452850341903 ], [ 14.367323875427401, 41.878410339355497 ], [ 14.3715057373047, 41.879589080810703 ], [ 14.3742351531982, 41.880340576171903 ], [ 14.3746786117554, 41.880443572997997 ], [ 14.3759784698487, 41.880691528320298 ], [ 14.3775539398194, 41.880908966064503 ], [ 14.380102157592701, 41.866764068603601 ], [ 14.385435104370201, 41.867572784423899 ], [ 14.3907375335694, 41.868541717529403 ], [ 14.3910007476807, 41.868598937988303 ], [ 14.391229629516699, 41.868732452392699 ], [ 14.391528129577599, 41.868934631347699 ], [ 14.3929033279419, 41.870182037353601 ], [ 14.3932132720947, 41.870491027832102 ], [ 14.393593788146999, 41.870841979980497 ], [ 14.393893241882401, 41.8711166381837 ], [ 14.394576072693001, 41.871608734131001 ], [ 14.3970403671265, 41.8709526062012 ], [ 14.4005479812622, 41.869495391845803 ], [ 14.402362823486399, 41.868648529052798 ], [ 14.408609390258899, 41.865623474121001 ], [ 14.408923149108899, 41.865455627441399 ], [ 14.4092016220093, 41.865306854248203 ], [ 14.4095048904419, 41.865119934082102 ], [ 14.410135269165201, 41.864734649658303 ], [ 14.4104270935059, 41.864490509033303 ], [ 14.410586357116699, 41.864124298095803 ], [ 14.437065124511699, 41.842723846435597 ], [ 14.4424877166747, 41.842315673828203 ], [ 14.443209648132299, 41.842227935791101 ], [ 14.4448604583741, 41.840991973877003 ], [ 14.445125579834, 41.840785980224602 ], [ 14.446577072143601, 41.838794708252102 ], [ 14.4466753005981, 41.8385429382325 ], [ 14.447712898254499, 41.835399627685497 ], [ 14.451588630676399, 41.820274353027301 ], [ 14.4556169509887, 41.796783447265597 ], [ 14.457750320434601, 41.792060852050803 ], [ 14.464764595031699, 41.777778625488303 ], [ 14.4641790390015, 41.777370452881001 ], [ 14.4613342285157, 41.7752075195312 ], [ 14.461118698120201, 41.775024414062401 ], [ 14.459100723266699, 41.772720336914198 ], [ 14.458931922912701, 41.772514343261797 ], [ 14.458763122558601, 41.772247314453203 ], [ 14.4586763381957, 41.772106170654297 ], [ 14.4553956985475, 41.765983581542997 ], [ 14.4553241729737, 41.765819549560497 ], [ 14.4552927017213, 41.765472412109503 ], [ 14.455331802368301, 41.765090942382898 ], [ 14.4554920196534, 41.764625549316499 ], [ 14.4556617736816, 41.764328002929801 ], [ 14.4563522338868, 41.763843536377102 ], [ 14.4568481445313, 41.763565063476698 ], [ 14.457174301147401, 41.763404846191399 ], [ 14.457633972168001, 41.763221740722699 ], [ 14.458127021789499, 41.763065338134901 ], [ 14.4586925506591, 41.763053894042997 ], [ 14.4597368240357, 41.763301849365199 ], [ 14.4651689529419, 41.763927459716797 ], [ 14.4685611724854, 41.764072418212898 ], [ 14.471797943115201, 41.764011383056797 ], [ 14.478351593017599, 41.762893676757898 ], [ 14.480904579162599, 41.762344360351598 ], [ 14.483545303344799, 41.761745452881001 ], [ 14.4846792221069, 41.761280059814503 ], [ 14.485185623169, 41.761066436767599 ], [ 14.486200332641699, 41.760623931884702 ], [ 14.4876556396485, 41.760910034179602 ], [ 14.487902641296399, 41.760971069335902 ], [ 14.489720344543599, 41.761665344238203 ], [ 14.490425109863301, 41.7619438171388 ], [ 14.490709304809601, 41.7621269226075 ], [ 14.4926929473878, 41.763679504394602 ], [ 14.4927864074706, 41.763759613037202 ], [ 14.4928941726685, 41.763851165771598 ], [ 14.4944019317628, 41.765224456787102 ], [ 14.4955301284791, 41.766254425048899 ], [ 14.496696472167899, 41.767566680908303 ], [ 14.4968271255494, 41.767787933349702 ], [ 14.4970159530641, 41.7682495117188 ], [ 14.497076988220201, 41.768409729003899 ], [ 14.4971656799316, 41.7686576843262 ], [ 14.497386932373001, 41.769538879394503 ], [ 14.497374534606999, 41.769767761230497 ], [ 14.497290611267101, 41.769931793212997 ], [ 14.497608184814499, 41.770694732666101 ], [ 14.4976797103882, 41.770839691162202 ], [ 14.4978342056276, 41.771148681640703 ], [ 14.497976303100501, 41.7713851928712 ], [ 14.49817943573, 41.771625518798899 ], [ 14.499973297119199, 41.773750305175803 ], [ 14.5028123855591, 41.774528503417997 ], [ 14.5063734054565, 41.777805328369098 ], [ 14.506575584411699, 41.777965545654403 ], [ 14.5069236755371, 41.778232574462898 ], [ 14.507176399231, 41.778415679931598 ], [ 14.507953643798899, 41.778831481933501 ], [ 14.520338058471699, 41.784870147705099 ], [ 14.5206146240235, 41.784999847412202 ], [ 14.524886131286699, 41.786655426025398 ], [ 14.5267238616944, 41.787094116210902 ], [ 14.5275888442994, 41.787242889404403 ], [ 14.529091835022101, 41.787609100341903 ], [ 14.5294389724731, 41.787757873535298 ], [ 14.5297393798828, 41.787971496582102 ], [ 14.534221649169901, 41.792560577392599 ], [ 14.5343847274781, 41.7927474975587 ], [ 14.5345153808594, 41.792995452881001 ], [ 14.5345497131347, 41.793262481689403 ], [ 14.534522056579601, 41.793819427490199 ], [ 14.5344190597535, 41.794872283935597 ], [ 14.5338611602784, 41.7986068725587 ], [ 14.533775329589901, 41.798988342285199 ], [ 14.533602714538601, 41.799365997314503 ], [ 14.5324592590331, 41.800968170166101 ], [ 14.531828880310099, 41.801662445068402 ], [ 14.5346765518188, 41.800483703613303 ], [ 14.535183906555201, 41.800308227539098 ], [ 14.5355701446534, 41.800235748291101 ], [ 14.535943031311101, 41.8003921508788 ], [ 14.540144920349199, 41.8033256530763 ], [ 14.540326118469199, 41.803459167480497 ], [ 14.541267395019601, 41.8048515319825 ], [ 14.5417194366456, 41.805629730224602 ], [ 14.5419559478759, 41.806087493896499 ], [ 14.5425367355346, 41.807216644287102 ], [ 14.5426425933838, 41.807571411132898 ], [ 14.5431652069093, 41.808795928955099 ], [ 14.543368339538601, 41.8091011047363 ], [ 14.5451707839966, 41.811054229736399 ], [ 14.545433044433601, 41.811325073242202 ], [ 14.551385879516699, 41.817317962646499 ], [ 14.5516500473022, 41.817569732666101 ], [ 14.5520944595337, 41.817722320556697 ], [ 14.553668975830099, 41.818202972412202 ], [ 14.5609998703004, 41.8201713562012 ], [ 14.5613479614257, 41.820259094238303 ], [ 14.571496963501099, 41.822135925292898 ], [ 14.5739402770997, 41.8250122070312 ], [ 14.5785741806031, 41.830066680908203 ], [ 14.5804586410522, 41.8346786499025 ], [ 14.5845432281494, 41.841762542724702 ], [ 14.5846452713013, 41.841896057128999 ], [ 14.5849266052246, 41.842262268066499 ], [ 14.585618972778301, 41.8431205749512 ], [ 14.5864324569703, 41.843959808349702 ], [ 14.589064598083599, 41.846508026122997 ], [ 14.5907077789307, 41.847766876220803 ], [ 14.591356277465801, 41.848182678222699 ], [ 14.5922565460206, 41.848701477050803 ], [ 14.5924587249756, 41.848789215087898 ], [ 14.5926733016968, 41.848884582519503 ], [ 14.593024253845201, 41.849037170410199 ], [ 14.5933742523193, 41.849155426025398 ], [ 14.5938110351562, 41.849308013916001 ], [ 14.594238281250099, 41.849418640136697 ], [ 14.5956077575684, 41.849990844726598 ], [ 14.5967617034913, 41.850540161132898 ], [ 14.5973262786866, 41.850860595703203 ], [ 14.597805976867701, 41.851207733154403 ], [ 14.5982971191407, 41.8516654968262 ], [ 14.598584175109901, 41.852008819580099 ], [ 14.5988941192628, 41.852531433105497 ], [ 14.599181175231999, 41.853073120117202 ], [ 14.5995197296144, 41.854434967041101 ], [ 14.5995798110962, 41.855102539062599 ], [ 14.5995874404907, 41.855182647705199 ], [ 14.5995998382569, 41.855716705322301 ], [ 14.5996074676515, 41.856010437011797 ], [ 14.599601745605501, 41.856777191162102 ], [ 14.599596977233899, 41.857421874999901 ], [ 14.599596023559601, 41.857551574707102 ], [ 14.5994987487794, 41.859649658203203 ], [ 14.5994262695313, 41.8601684570313 ], [ 14.59938621521, 41.860450744628999 ], [ 14.5992946624756, 41.861587524414198 ], [ 14.599351882934499, 41.862056732177798 ], [ 14.599422454834, 41.8624076843262 ], [ 14.5995874404907, 41.863189697265597 ], [ 14.5997161865234, 41.863578796386697 ], [ 14.5998697280885, 41.863990783691499 ], [ 14.600048065185501, 41.864387512207102 ], [ 14.600227355957101, 41.864704132080199 ], [ 14.6009073257446, 41.865749359130902 ], [ 14.602448463439901, 41.868110656738303 ], [ 14.6027231216432, 41.868495941162202 ], [ 14.6031293869019, 41.868995666503999 ], [ 14.6036787033082, 41.869659423828097 ], [ 14.604840278625501, 41.871063232421903 ], [ 14.605388641357401, 41.871711730957102 ], [ 14.6069555282593, 41.873844146728601 ], [ 14.6086626052857, 41.876190185546903 ], [ 14.609201431274499, 41.876930236816399 ], [ 14.610111236572299, 41.878177642822301 ], [ 14.6118669509888, 41.880653381347798 ], [ 14.6122131347657, 41.881137847900497 ], [ 14.612475395202701, 41.881687164306797 ], [ 14.613136291504, 41.883743286132798 ], [ 14.615122795105, 41.890163421630902 ], [ 14.6187372207643, 41.8924369812012 ], [ 14.6206588745118, 41.893634796142599 ], [ 14.6222696304321, 41.894489288330199 ], [ 14.6228590011597, 41.894779205322301 ], [ 14.623664855957101, 41.8951644897462 ], [ 14.6277303695679, 41.896652221679801 ], [ 14.628559112548899, 41.896900177002003 ], [ 14.629896163940501, 41.897258758545 ], [ 14.631508827209499, 41.897617340087898 ], [ 14.6322431564331, 41.8977661132813 ], [ 14.6342430114747, 41.898151397705099 ], [ 14.6349182128907, 41.8982963562013 ], [ 14.638347625732401, 41.899120330810497 ], [ 14.6409006118776, 41.899829864502102 ], [ 14.6413936614991, 41.899978637695298 ], [ 14.641910552978599, 41.900169372558601 ], [ 14.6422004699707, 41.9003105163575 ], [ 14.6481580734254, 41.903987884521499 ], [ 14.6530351638793, 41.907142639160298 ], [ 14.6531553268434, 41.907497406005902 ], [ 14.6532859802247, 41.907810211181797 ], [ 14.6534652709962, 41.908206939697401 ], [ 14.6539878845215, 41.909332275390597 ], [ 14.655387878417899, 41.911529541015703 ], [ 14.655712127685501, 41.911907196044901 ], [ 14.6562509536744, 41.9123153686525 ], [ 14.657861709594799, 41.913364410400497 ], [ 14.65877532959, 41.913936614990298 ], [ 14.664641380310099, 41.917266845703203 ], [ 14.665739059448301, 41.921943664550803 ], [ 14.6667747497559, 41.928508758544901 ], [ 14.6670036315919, 41.929027557373203 ], [ 14.6671705245972, 41.929531097412202 ], [ 14.6672525405884, 41.929874420166101 ], [ 14.667993545532299, 41.933620452880803 ], [ 14.6680240631103, 41.934524536132798 ], [ 14.6680116653443, 41.934650421142599 ], [ 14.667947769165099, 41.935306549072401 ], [ 14.667875289917101, 41.935947418212898 ], [ 14.667677879333599, 41.936386108398402 ], [ 14.6673851013184, 41.936973571777301 ], [ 14.6670331954957, 41.937397003173899 ], [ 14.6666069030762, 41.9382514953613 ], [ 14.6663007736207, 41.9390678405762 ], [ 14.666200637817401, 41.939956665039198 ], [ 14.6662454605104, 41.940643310546903 ], [ 14.6663484573365, 41.941596984863303 ], [ 14.6664180755615, 41.942085266113402 ], [ 14.666833877563599, 41.943149566650298 ], [ 14.6671085357666, 41.943752288818402 ], [ 14.6673107147218, 41.944179534912202 ], [ 14.6686162948609, 41.9462699890137 ], [ 14.668868064880501, 41.946659088134801 ], [ 14.669513702392599, 41.947605133056598 ], [ 14.6698379516603, 41.9479789733887 ], [ 14.670714378356999, 41.948818206787202 ], [ 14.67112159729, 41.949180603027301 ], [ 14.673226356506399, 41.950603485107401 ], [ 14.6732997894287, 41.950687408447301 ], [ 14.673350334167599, 41.9507446289062 ], [ 14.673752784729, 41.950923919677798 ], [ 14.674091339111399, 41.951122283935703 ], [ 14.675307273864799, 41.951919555664098 ], [ 14.675799369812101, 41.952259063720803 ], [ 14.6790552139282, 41.955020904541001 ], [ 14.6794986724854, 41.9554252624512 ], [ 14.6799621582032, 41.955898284912202 ], [ 14.6800756454468, 41.956012725830099 ], [ 14.681529045105, 41.957504272461101 ], [ 14.6874589920044, 41.963897705078097 ], [ 14.698169708252101, 41.972045898437401 ], [ 14.700784683227701, 41.973152160644602 ], [ 14.7010555267335, 41.973281860351598 ], [ 14.7013387680053, 41.973423004150497 ], [ 14.7015790939332, 41.973548889160298 ], [ 14.7017478942872, 41.973686218261797 ], [ 14.7018804550172, 41.973812103271598 ], [ 14.701917648315399, 41.973949432373097 ], [ 14.7019748687744, 41.9743270874025 ], [ 14.701985359191999, 41.974571228027301 ], [ 14.702013015747101, 41.977771759033303 ], [ 14.7149353027344, 41.991024017333899 ], [ 14.724581718444901, 42.000972747802699 ], [ 14.7250070571901, 42.001438140869197 ], [ 14.7280368804932, 42.004222869872997 ], [ 14.7288808822632, 42.004665374755902 ], [ 14.731508255005, 42.0060424804687 ], [ 14.734015464782701, 42.007045745849602 ], [ 14.7366437911988, 42.007762908935703 ], [ 14.739130973816, 42.008193969726598 ], [ 14.7412071228028, 42.008331298828097 ], [ 14.741563796997101, 42.008354187011697 ], [ 14.7423973083497, 42.0084037780762 ], [ 14.742607116699199, 42.008415222167997 ], [ 14.7448644638062, 42.008716583252102 ], [ 14.7459726333619, 42.009078979492202 ], [ 14.746076583862401, 42.009120941162202 ], [ 14.747082710266101, 42.009521484375099 ], [ 14.7480354309082, 42.009941101074297 ], [ 14.750094413757299, 42.011791229248203 ], [ 14.7529449462891, 42.014400482177798 ], [ 14.76096534729, 42.017452239990298 ], [ 14.7640790939332, 42.017772674560497 ], [ 14.7644596099854, 42.017890930175803 ], [ 14.7647190093994, 42.017974853515703 ], [ 14.7651891708375, 42.018196105957102 ], [ 14.766695022583001, 42.019058227539098 ], [ 14.776849746704199, 42.026859283447401 ], [ 14.777027130126999, 42.027000427246101 ], [ 14.77742767334, 42.027328491211101 ], [ 14.7781505584718, 42.0279350280762 ], [ 14.7793312072754, 42.028942108154403 ], [ 14.7810277938844, 42.0306396484375 ], [ 14.7812719345093, 42.030899047851598 ], [ 14.7814903259278, 42.031131744384801 ], [ 14.7819185256959, 42.031589508056697 ], [ 14.782078742981, 42.031776428222699 ], [ 14.782508850097701, 42.032283782958999 ], [ 14.783098220825201, 42.032989501953203 ], [ 14.7834825515747, 42.033607482910298 ], [ 14.7836122512818, 42.033832550048899 ], [ 14.783795356750501, 42.034149169921903 ], [ 14.7838535308838, 42.034530639648501 ], [ 14.7838897705079, 42.034763336181598 ], [ 14.7838668823243, 42.034835815429702 ], [ 14.783839225769, 42.034927368164098 ], [ 14.7837314605713, 42.035282135009702 ], [ 14.7835121154785, 42.035743713378999 ], [ 14.783123970031699, 42.036075592041001 ], [ 14.774977684021, 42.040554046630902 ], [ 14.7744092941285, 42.040786743164098 ], [ 14.7732715606691, 42.041091918945298 ], [ 14.7698631286622, 42.041942596435703 ], [ 14.7679996490478, 42.042289733886697 ], [ 14.766065597534199, 42.042507171631001 ], [ 14.7653408050538, 42.042579650878999 ], [ 14.764773368835399, 42.042594909668097 ], [ 14.7642784118653, 42.042579650878999 ], [ 14.7636365890503, 42.042575836181598 ], [ 14.7625856399537, 42.042655944824197 ], [ 14.762004852295, 42.0428886413575 ], [ 14.761677742004499, 42.0431747436525 ], [ 14.761736869811999, 42.043590545654403 ], [ 14.7619647979737, 42.044113159179801 ], [ 14.7658023834229, 42.051963806152301 ], [ 14.773118972778301, 42.063877105712997 ], [ 14.7733001708984, 42.064163208007898 ], [ 14.773551940918001, 42.0644721984863 ], [ 14.773723602295, 42.064655303955 ], [ 14.773803710937599, 42.064743041992102 ], [ 14.7759237289429, 42.066883087158303 ], [ 14.776238441467299, 42.067188262939503 ], [ 14.7764911651612, 42.067417144775398 ], [ 14.776635169983001, 42.067546844482401 ], [ 14.779659271240201, 42.070137023925803 ], [ 14.7801380157472, 42.070137023925803 ] ] ] ] } }
]
}
