{
"type": "FeatureCollection",
"name": "Liguria",
"crs": { "type": "name", "properties": { "name": "urn:ogc:def:crs:OGC:1.3:CRS84" } },
"features": [
{ "type": "Feature", "properties": { "tessellate": -1, "extrude": 0, "visibility": -1, "cartodb_id": 9, "ccn_1": 0.0, "id_1": 9.0, "id_0": 112.0, "varname_1": "Ligurie|Ligurien", "engtype_1": "Region", "type_1": "Regione", "cca_1": "7", "name_1": "Liguria", "name_0": "Italy", "iso": "ITA" }, "geometry": { "type": "MultiPolygon", "coordinates": [ [ [ [ 8.22597312927252, 44.0273628234863 ], [ 8.22597312927252, 44.027084350585902 ], [ 8.22708320617687, 44.027084350585902 ], [ 8.22708320617687, 44.026805877685497 ], [ 8.22791671752924, 44.026805877685497 ], [ 8.22791671752924, 44.026527404785199 ], [ 8.228470802307131, 44.026527404785199 ], [ 8.22847270965576, 44.026248931884801 ], [ 8.228751182556101, 44.026248931884801 ], [ 8.228751182556101, 44.025970458984403 ], [ 8.22902679443359, 44.025970458984403 ], [ 8.22902679443359, 44.0256958007812 ], [ 8.228751182556101, 44.0256958007812 ], [ 8.228751182556101, 44.024581909179702 ], [ 8.22847270965576, 44.024581909179702 ], [ 8.228470802307131, 44.024307250976698 ], [ 8.22791671752924, 44.024307250976698 ], [ 8.22791671752924, 44.0240287780763 ], [ 8.225694656372131, 44.0240287780763 ], [ 8.225694656372131, 44.023750305175902 ], [ 8.225138664245661, 44.023750305175902 ], [ 8.225138664245661, 44.0240287780763 ], [ 8.22486114501959, 44.0240287780763 ], [ 8.22486114501959, 44.024581909179702 ], [ 8.224582672119199, 44.024581909179702 ], [ 8.224582672119199, 44.024860382080099 ], [ 8.22430515289312, 44.024860382080099 ], [ 8.22430515289312, 44.025138854980497 ], [ 8.224026679992731, 44.025138854980497 ], [ 8.224026679992731, 44.0256958007812 ], [ 8.223751068115231, 44.0256958007812 ], [ 8.223751068115231, 44.026248931884801 ], [ 8.224026679992731, 44.026248931884801 ], [ 8.224026679992731, 44.026805877685497 ], [ 8.22430515289312, 44.026805877685497 ], [ 8.22430515289312, 44.027084350585902 ], [ 8.224582672119199, 44.027084350585902 ], [ 8.224582672119199, 44.0273628234863 ], [ 8.22597312927252, 44.0273628234863 ] ] ], [ [ [ 9.847917556762811, 44.029304504394602 ], [ 9.847917556762811, 44.029026031494098 ], [ 9.848629951477051, 44.029026031494098 ], [ 9.84930610656733, 44.029026031494098 ], [ 9.84930610656733, 44.028751373291101 ], [ 9.850418090820311, 44.028751373291101 ], [ 9.850418090820311, 44.028472900390703 ], [ 9.8509721755982, 44.028472900390703 ], [ 9.8509721755982, 44.028194427490298 ], [ 9.85180568695074, 44.028194427490298 ], [ 9.85180568695074, 44.027915954589901 ], [ 9.852915763855091, 44.027915954589901 ], [ 9.852915763855091, 44.027637481689602 ], [ 9.853194236755479, 44.027637481689602 ], [ 9.853194236755479, 44.0273628234863 ], [ 9.85375022888195, 44.0273628234863 ], [ 9.85375022888195, 44.027084350585902 ], [ 9.85402774810802, 44.027084350585902 ], [ 9.85402774810802, 44.026527404785199 ], [ 9.854306221008409, 44.026527404785199 ], [ 9.854306221008409, 44.026397705078203 ], [ 9.854306221008409, 44.0256958007812 ], [ 9.85402774810802, 44.0256958007812 ], [ 9.85402774810802, 44.025417327880902 ], [ 9.85375022888195, 44.025417327880902 ], [ 9.85375022888195, 44.025138854980497 ], [ 9.853471755981561, 44.025138854980497 ], [ 9.853471755981561, 44.024860382080099 ], [ 9.853194236755479, 44.024860382080099 ], [ 9.853194236755479, 44.024581909179702 ], [ 9.852915763855091, 44.024581909179702 ], [ 9.852915763855091, 44.024307250976698 ], [ 9.85152816772467, 44.024307250976698 ], [ 9.85152816772467, 44.024440765381001 ], [ 9.85152816772467, 44.024772644042997 ], [ 9.85152816772467, 44.024860382080099 ], [ 9.851249694824279, 44.024860382080099 ], [ 9.851249694824279, 44.025138854980497 ], [ 9.84819316864013, 44.025138854980497 ], [ 9.84819316864013, 44.025417327880902 ], [ 9.847917556762811, 44.025417327880902 ], [ 9.847917556762811, 44.025970458984403 ], [ 9.84764003753668, 44.025970458984403 ], [ 9.84764003753668, 44.026805877685497 ], [ 9.847361564636341, 44.026805877685497 ], [ 9.847361564636341, 44.028472900390703 ], [ 9.84764003753668, 44.028472900390703 ], [ 9.84764003753668, 44.029304504394602 ], [ 9.847917556762811, 44.029304504394602 ] ] ], [ [ [ 9.852359771728629, 44.046249389648601 ], [ 9.852359771728629, 44.045417785644602 ], [ 9.852915763855091, 44.045417785644602 ], [ 9.852915763855091, 44.045139312744197 ], [ 9.853194236755479, 44.045139312744197 ], [ 9.853194236755479, 44.0448608398438 ], [ 9.85375022888195, 44.0448608398438 ], [ 9.85375022888195, 44.044582366943402 ], [ 9.85402774810802, 44.044582366943402 ], [ 9.85402774810802, 44.044303894042997 ], [ 9.85458374023432, 44.044303894042997 ], [ 9.85458374023432, 44.044029235839801 ], [ 9.854862213134879, 44.044029235839801 ], [ 9.854862213134879, 44.043750762939503 ], [ 9.855416297912599, 44.043750762939503 ], [ 9.855416297912599, 44.043472290039098 ], [ 9.855137825012211, 44.043472290039098 ], [ 9.855137825012211, 44.0431938171387 ], [ 9.854862213134879, 44.0431938171387 ], [ 9.854862213134879, 44.042915344238303 ], [ 9.85458374023432, 44.042915344238303 ], [ 9.85458374023432, 44.042640686035298 ], [ 9.854306221008409, 44.042640686035298 ], [ 9.854306221008409, 44.042362213134901 ], [ 9.85375022888195, 44.042362213134901 ], [ 9.85375022888195, 44.042083740234503 ], [ 9.853194236755479, 44.042083740234503 ], [ 9.853194236755479, 44.041805267333899 ], [ 9.852640151977599, 44.041805267333899 ], [ 9.852640151977599, 44.041526794433501 ], [ 9.852359771728629, 44.041526794433501 ], [ 9.852359771728629, 44.041248321533203 ], [ 9.85180568695074, 44.041248321533203 ], [ 9.85180568695074, 44.040973663330099 ], [ 9.8509721755982, 44.040973663330099 ], [ 9.8509721755982, 44.040695190429702 ], [ 9.850693702697811, 44.040695190429702 ], [ 9.850693702697811, 44.040416717529403 ], [ 9.850418090820311, 44.040416717529403 ], [ 9.850418090820311, 44.040138244628999 ], [ 9.850204467773381, 44.040138244628999 ], [ 9.849862098693849, 44.040138244628999 ], [ 9.849862098693849, 44.039859771728601 ], [ 9.849583625793461, 44.039859771728601 ], [ 9.849583625793461, 44.039028167724702 ], [ 9.84930610656733, 44.039028167724702 ], [ 9.84930610656733, 44.037639617919901 ], [ 9.849583625793461, 44.037639617919901 ], [ 9.849583625793461, 44.037082672119098 ], [ 9.84930610656733, 44.037082672119098 ], [ 9.84930610656733, 44.0368041992188 ], [ 9.84904956817627, 44.0368041992188 ], [ 9.848750114440859, 44.0368041992188 ], [ 9.848750114440859, 44.036529541015703 ], [ 9.84847354888927, 44.036529541015703 ], [ 9.84847354888927, 44.036251068115298 ], [ 9.847917556762811, 44.036251068115298 ], [ 9.847917556762811, 44.0344047546387 ], [ 9.847917556762811, 44.034027099609503 ], [ 9.84764003753668, 44.034027099609503 ], [ 9.84764003753668, 44.033473968505902 ], [ 9.847361564636341, 44.033473968505902 ], [ 9.847361564636341, 44.033195495605497 ], [ 9.845694541931209, 44.033195495605497 ], [ 9.845694541931209, 44.032917022705099 ], [ 9.84541702270513, 44.032917022705099 ], [ 9.84541702270513, 44.033195495605497 ], [ 9.845138549804741, 44.033195495605497 ], [ 9.845138549804741, 44.034027099609503 ], [ 9.84486103057861, 44.034027099609503 ], [ 9.84486103057861, 44.034584045410199 ], [ 9.844582557678279, 44.034584045410199 ], [ 9.844582557678279, 44.035137176513601 ], [ 9.84402656555176, 44.035137176513601 ], [ 9.84402656555176, 44.035694122314602 ], [ 9.84374904632568, 44.035694122314602 ], [ 9.84374904632568, 44.036251068115298 ], [ 9.84347343444818, 44.036251068115298 ], [ 9.84347343444818, 44.0368041992188 ], [ 9.842917442321889, 44.0368041992188 ], [ 9.842917442321889, 44.037082672119098 ], [ 9.84263896942133, 44.037082672119098 ], [ 9.84263896942133, 44.037361145019503 ], [ 9.84236145019543, 44.037361145019503 ], [ 9.84236145019543, 44.037639617919901 ], [ 9.842082977295039, 44.037639617919901 ], [ 9.842082977295039, 44.037918090820298 ], [ 9.840695381164609, 44.037918090820298 ], [ 9.840695381164609, 44.038192749023501 ], [ 9.840416908264221, 44.038192749023501 ], [ 9.840416908264221, 44.038471221923899 ], [ 9.840139389038139, 44.038471221923899 ], [ 9.840139389038139, 44.038749694824297 ], [ 9.839304924011291, 44.038749694824297 ], [ 9.839304924011291, 44.039028167724702 ], [ 9.83902740478521, 44.039028167724702 ], [ 9.83902740478521, 44.039585113525398 ], [ 9.8387508392334, 44.039585113525398 ], [ 9.8387508392334, 44.039859771728601 ], [ 9.838473320007321, 44.039859771728601 ], [ 9.838473320007321, 44.040138244628999 ], [ 9.83819484710693, 44.040138244628999 ], [ 9.83819484710693, 44.040416717529403 ], [ 9.837917327880859, 44.040416717529403 ], [ 9.837917327880859, 44.040695190429702 ], [ 9.837638854980471, 44.040695190429702 ], [ 9.837638854980471, 44.041526794433501 ], [ 9.837361335754339, 44.041526794433501 ], [ 9.837361335754339, 44.041805267333899 ], [ 9.837082862854, 44.041805267333899 ], [ 9.837082862854, 44.042083740234503 ], [ 9.836805343627869, 44.042083740234503 ], [ 9.836805343627869, 44.042362213134901 ], [ 9.836528778076289, 44.042362213134901 ], [ 9.836528778076289, 44.042915344238303 ], [ 9.83625125885021, 44.042915344238303 ], [ 9.83625125885021, 44.0431938171387 ], [ 9.835972785949821, 44.0431938171387 ], [ 9.835972785949821, 44.043472290039098 ], [ 9.83569526672369, 44.043472290039098 ], [ 9.83569526672369, 44.043750762939503 ], [ 9.835416793823359, 44.043750762939503 ], [ 9.835416793823359, 44.044029235839801 ], [ 9.835139274597219, 44.044029235839801 ], [ 9.835139274597219, 44.044303894042997 ], [ 9.8345823287965, 44.044303894042997 ], [ 9.8345823287965, 44.0448608398438 ], [ 9.834306716919, 44.0448608398438 ], [ 9.834306716919, 44.045139312744197 ], [ 9.834029197692869, 44.045139312744197 ], [ 9.83402633666998, 44.045417785644602 ], [ 9.83375072479248, 44.045417785644602 ], [ 9.83375072479248, 44.045970916748203 ], [ 9.83347225189214, 44.045970916748203 ], [ 9.83347225189214, 44.046249389648601 ], [ 9.83291625976562, 44.046249389648601 ], [ 9.83291625976562, 44.046527862548899 ], [ 9.832637786865289, 44.046527862548899 ], [ 9.832637786865289, 44.047084808349702 ], [ 9.83291625976562, 44.047084808349702 ], [ 9.83291625976562, 44.047359466552699 ], [ 9.834495544433651, 44.047359466552699 ], [ 9.8345823287965, 44.047359466552699 ], [ 9.8345823287965, 44.047637939453097 ], [ 9.835139274597219, 44.047637939453097 ], [ 9.835139274597219, 44.047359466552699 ], [ 9.83569526672369, 44.047359466552699 ], [ 9.83569526672369, 44.047637939453097 ], [ 9.836805343627869, 44.047637939453097 ], [ 9.836805343627869, 44.047916412353501 ], [ 9.837082862854, 44.047916412353501 ], [ 9.837082862854, 44.0481948852538 ], [ 9.837917327880859, 44.0481948852538 ], [ 9.837917327880859, 44.048473358154403 ], [ 9.838473320007321, 44.048473358154403 ], [ 9.838473320007321, 44.048751831054801 ], [ 9.840139389038139, 44.048751831054801 ], [ 9.840139389038139, 44.048473358154403 ], [ 9.840416908264221, 44.048473358154403 ], [ 9.840416908264221, 44.0481948852538 ], [ 9.84236145019543, 44.0481948852538 ], [ 9.84236145019543, 44.047916412353501 ], [ 9.84263896942133, 44.047916412353501 ], [ 9.84263896942133, 44.047637939453097 ], [ 9.842917442321889, 44.047637939453097 ], [ 9.842917442321889, 44.047359466552699 ], [ 9.84402656555176, 44.047359466552699 ], [ 9.84402656555176, 44.047084808349702 ], [ 9.84430503845215, 44.047084808349702 ], [ 9.84430503845215, 44.046806335449297 ], [ 9.84486103057861, 44.046806335449297 ], [ 9.84486103057861, 44.046527862548899 ], [ 9.845138549804741, 44.046527862548899 ], [ 9.845138549804741, 44.046249389648601 ], [ 9.84541702270513, 44.046249389648601 ], [ 9.84541702270513, 44.046527862548899 ], [ 9.845694541931209, 44.046527862548899 ], [ 9.845694541931209, 44.047084808349702 ], [ 9.845971107482971, 44.047084808349702 ], [ 9.845971107482971, 44.047359466552699 ], [ 9.8462486267091, 44.047359466552699 ], [ 9.8462486267091, 44.047637939453097 ], [ 9.84652709960949, 44.047637939453097 ], [ 9.84652709960949, 44.0481948852538 ], [ 9.846804618835559, 44.0481948852538 ], [ 9.846804618835559, 44.048751831054801 ], [ 9.84708309173595, 44.048751831054801 ], [ 9.84708309173595, 44.049026489257798 ], [ 9.847361564636341, 44.049026489257798 ], [ 9.847361564636341, 44.049304962158203 ], [ 9.84764003753668, 44.049304962158203 ], [ 9.84764003753668, 44.049583435058601 ], [ 9.84847354888927, 44.049583435058601 ], [ 9.84847354888927, 44.049861907958999 ], [ 9.848750114440859, 44.049861907958999 ], [ 9.848750114440859, 44.050140380859403 ], [ 9.849583625793461, 44.050140380859403 ], [ 9.849583625793461, 44.050415039062599 ], [ 9.85152816772467, 44.050415039062599 ], [ 9.85152816772467, 44.050693511962898 ], [ 9.85180568695074, 44.050693511962898 ], [ 9.85180568695074, 44.050971984863303 ], [ 9.852359771728629, 44.050971984863303 ], [ 9.852359771728629, 44.0512504577637 ], [ 9.85569381713867, 44.0512504577637 ], [ 9.85569381713867, 44.050540924072401 ], [ 9.85569381713867, 44.050415039062599 ], [ 9.855416297912599, 44.050415039062599 ], [ 9.855416297912599, 44.049861907958999 ], [ 9.855137825012211, 44.049861907958999 ], [ 9.855137825012211, 44.049583435058601 ], [ 9.854862213134879, 44.049583435058601 ], [ 9.854862213134879, 44.049304962158203 ], [ 9.854306221008409, 44.049304962158203 ], [ 9.854306221008409, 44.049026489257798 ], [ 9.85375022888195, 44.049026489257798 ], [ 9.85375022888195, 44.048751831054801 ], [ 9.853471755981561, 44.048751831054801 ], [ 9.853471755981561, 44.048473358154403 ], [ 9.852915763855091, 44.048473358154403 ], [ 9.852915763855091, 44.048294067382898 ], [ 9.852915763855091, 44.0481948852538 ], [ 9.852640151977599, 44.0481948852538 ], [ 9.852640151977599, 44.047157287597699 ], [ 9.852640151977599, 44.046249389648601 ], [ 9.852359771728629, 44.046249389648601 ] ] ], [ [ [ 8.80291557312017, 44.418601989746001 ], [ 8.80291557312017, 44.418472290039098 ], [ 8.803194046020559, 44.418472290039098 ], [ 8.803194046020559, 44.4181938171387 ], [ 8.80291557312017, 44.4181938171387 ], [ 8.80291557312017, 44.417915344238303 ], [ 8.802639961242679, 44.417915344238303 ], [ 8.802639961242679, 44.417640686035298 ], [ 8.802362442016539, 44.417640686035298 ], [ 8.802362442016539, 44.417362213134702 ], [ 8.802083969116209, 44.417362213134702 ], [ 8.802083969116209, 44.417083740234297 ], [ 8.801527976989689, 44.417083740234297 ], [ 8.801527976989689, 44.416805267333999 ], [ 8.80125045776362, 44.416805267333999 ], [ 8.80125045776362, 44.416526794433601 ], [ 8.800971984863221, 44.416526794433601 ], [ 8.800971984863221, 44.416248321533203 ], [ 8.800694465637321, 44.416248321533203 ], [ 8.800694465637321, 44.415973663330199 ], [ 8.800417900085559, 44.415973663330199 ], [ 8.800417900085559, 44.415695190429801 ], [ 8.799861907959039, 44.415695190429801 ], [ 8.799861907959039, 44.415416717529403 ], [ 8.799584388732971, 44.415416717529403 ], [ 8.799584388732971, 44.415138244628999 ], [ 8.79930591583258, 44.415138244628999 ], [ 8.79930591583258, 44.414859771728601 ], [ 8.799027442932189, 44.414859771728601 ], [ 8.799027442932189, 44.414585113525398 ], [ 8.79874897003185, 44.414585113525398 ], [ 8.79874897003185, 44.414306640625099 ], [ 8.798195838928221, 44.414306640625099 ], [ 8.798195838928221, 44.414028167724702 ], [ 8.79791831970215, 44.414028167724702 ], [ 8.79791831970215, 44.413749694824297 ], [ 8.7976388931275, 44.413749694824297 ], [ 8.7976388931275, 44.413471221923899 ], [ 8.797361373901371, 44.413471221923899 ], [ 8.797361373901371, 44.413192749023501 ], [ 8.796805381774901, 44.413192749023501 ], [ 8.796805381774901, 44.412918090820298 ], [ 8.79652690887451, 44.412918090820298 ], [ 8.79652690887451, 44.412639617919901 ], [ 8.796249389648439, 44.412639617919901 ], [ 8.796249389648439, 44.412361145019503 ], [ 8.79597091674805, 44.412361145019503 ], [ 8.79597091674805, 44.412082672119098 ], [ 8.79541683197016, 44.412082672119098 ], [ 8.79541683197016, 44.4118041992187 ], [ 8.795139312744251, 44.4118041992187 ], [ 8.795139312744251, 44.411529541015703 ], [ 8.79486083984369, 44.411529541015703 ], [ 8.79486083984369, 44.4118041992187 ], [ 8.794583320617789, 44.4118041992187 ], [ 8.794583320617789, 44.412082672119098 ], [ 8.79486083984369, 44.412082672119098 ], [ 8.79486083984369, 44.412361145019503 ], [ 8.795139312744251, 44.412361145019503 ], [ 8.795139312744251, 44.412639617919901 ], [ 8.79541683197016, 44.412639617919901 ], [ 8.79541683197016, 44.412918090820298 ], [ 8.79597091674805, 44.412967681884901 ], [ 8.79597091674805, 44.413192749023501 ], [ 8.796175956726129, 44.413192749023501 ], [ 8.796249389648439, 44.4132499694825 ], [ 8.796249389648439, 44.413471221923899 ], [ 8.79652690887451, 44.413478851318402 ], [ 8.79652690887451, 44.413749694824297 ], [ 8.796805381774901, 44.413749694824297 ], [ 8.796805381774901, 44.414028167724702 ], [ 8.797195434570311, 44.414028167724702 ], [ 8.797361373901371, 44.414028167724702 ], [ 8.797361373901371, 44.414169311523601 ], [ 8.797361373901371, 44.414306640625099 ], [ 8.797526359558161, 44.414306640625099 ], [ 8.7976388931275, 44.414306640625099 ], [ 8.7976388931275, 44.414402008056697 ], [ 8.7976388931275, 44.414585113525398 ], [ 8.79785823822033, 44.414585113525398 ], [ 8.79791831970215, 44.414634704589801 ], [ 8.79791831970215, 44.414859771728601 ], [ 8.798195838928221, 44.414867401123203 ], [ 8.798195838928221, 44.415138244628999 ], [ 8.79851818084728, 44.415138244628999 ], [ 8.79874897003185, 44.415138244628999 ], [ 8.79874897003185, 44.415332794189403 ], [ 8.79874897003185, 44.415416717529403 ], [ 8.798850059509221, 44.415416717529403 ], [ 8.799027442932189, 44.415416717529403 ], [ 8.799027442932189, 44.415565490722699 ], [ 8.799027442932189, 44.415695190429801 ], [ 8.79918193817139, 44.415695190429801 ], [ 8.79930591583258, 44.415695190429801 ], [ 8.79930591583258, 44.415798187256001 ], [ 8.79930591583258, 44.415973663330199 ], [ 8.79951286315924, 44.415973663330199 ], [ 8.799584388732971, 44.416030883789098 ], [ 8.799584388732971, 44.416248321533203 ], [ 8.799861907959039, 44.416263580322301 ], [ 8.799861907959039, 44.416526794433601 ], [ 8.80017280578619, 44.416526794433601 ], [ 8.800417900085559, 44.416526794433601 ], [ 8.800417900085559, 44.416732788085902 ], [ 8.800417900085559, 44.416805267333999 ], [ 8.800504684448359, 44.416805267333999 ], [ 8.800694465637321, 44.416805267333999 ], [ 8.800694465637321, 44.416961669921903 ], [ 8.800694465637321, 44.417083740234297 ], [ 8.800839424133359, 44.417083740234297 ], [ 8.800971984863221, 44.417083740234297 ], [ 8.800971984863221, 44.417194366455099 ], [ 8.800971984863221, 44.417362213134702 ], [ 8.80117034912104, 44.417362213134702 ], [ 8.80125045776362, 44.417430877685497 ], [ 8.80125045776362, 44.417640686035298 ], [ 8.801527976989689, 44.4176635742188 ], [ 8.801527976989689, 44.417915344238303 ], [ 8.801827430725099, 44.417915344238303 ], [ 8.802083969116209, 44.417915344238303 ], [ 8.802083969116209, 44.4181938171387 ], [ 8.80216121673584, 44.4181938171387 ], [ 8.802362442016539, 44.4181938171387 ], [ 8.802362442016539, 44.418361663818402 ], [ 8.802362442016539, 44.418472290039098 ], [ 8.80249309539801, 44.418472290039098 ], [ 8.802639961242679, 44.418472290039098 ], [ 8.802639961242679, 44.418594360351698 ], [ 8.802639961242679, 44.418750762939503 ], [ 8.802824974060171, 44.418750762939503 ], [ 8.80291557312017, 44.418750762939503 ], [ 8.80291557312017, 44.418601989746001 ] ] ], [ [ [ 8.971219062805121, 44.6654472351075 ], [ 8.973565101623651, 44.664306640625 ], [ 8.984977722168081, 44.664318084716903 ], [ 8.985923767089901, 44.6644706726075 ], [ 8.986642837524411, 44.664730072021598 ], [ 8.987084388732971, 44.665046691894503 ], [ 8.990766525268549, 44.663345336914098 ], [ 8.99185180664074, 44.663154602050803 ], [ 8.99197483062744, 44.663173675537202 ], [ 8.99270915985119, 44.663265228271499 ], [ 8.993466377258359, 44.663497924804801 ], [ 8.994486808776861, 44.6639404296875 ], [ 8.99583721160889, 44.664913177490298 ], [ 8.996329307556151, 44.665271759033303 ], [ 8.99718570709234, 44.665927886962898 ], [ 8.99891567230236, 44.667205810546903 ], [ 9.00093460083019, 44.668365478515703 ], [ 9.001169204711911, 44.668491363525398 ], [ 9.00799655914307, 44.669322967529197 ], [ 9.01213264465343, 44.668331146240298 ], [ 9.01396846771252, 44.667816162109403 ], [ 9.014204025268549, 44.667743682861399 ], [ 9.014566421508849, 44.6675834655763 ], [ 9.01573944091791, 44.667026519775497 ], [ 9.016633987426809, 44.666450500488303 ], [ 9.02156352996826, 44.662460327148501 ], [ 9.02215576171881, 44.661811828613303 ], [ 9.02269840240479, 44.660984039306598 ], [ 9.023453712463381, 44.6595268249512 ], [ 9.023868560791019, 44.658725738525398 ], [ 9.0239830017091, 44.658023834228601 ], [ 9.024271965026861, 44.656150817871101 ], [ 9.02438545227051, 44.655204772949297 ], [ 9.024540901184141, 44.654670715332102 ], [ 9.024662017822269, 44.654258728027401 ], [ 9.02516555786144, 44.652820587158303 ], [ 9.02549362182623, 44.652099609375 ], [ 9.02609920501715, 44.651485443115298 ], [ 9.02686595916742, 44.650722503662202 ], [ 9.027522087097219, 44.6501274108887 ], [ 9.028152465820311, 44.649631500244297 ], [ 9.028543472290149, 44.649372100830099 ], [ 9.02926158905035, 44.649127960205099 ], [ 9.0307502746582, 44.648803710937599 ], [ 9.032174110412541, 44.648632049560597 ], [ 9.034303665161129, 44.648406982422003 ], [ 9.03258609771729, 44.643363952636797 ], [ 9.0375919342041, 44.642723083496001 ], [ 9.03956985473638, 44.6421127319337 ], [ 9.03980922698975, 44.641822814941399 ], [ 9.045964241027949, 44.629245758056797 ], [ 9.046011924743761, 44.629146575927699 ], [ 9.046340942382869, 44.628471374511697 ], [ 9.055937767028921, 44.622337341308601 ], [ 9.05907726287853, 44.622764587402401 ], [ 9.060235977172789, 44.622890472412202 ], [ 9.07689952850342, 44.624656677246101 ], [ 9.101292610168571, 44.612205505371001 ], [ 9.10422325134277, 44.610702514648402 ], [ 9.104476928710939, 44.603954315185497 ], [ 9.10361480712902, 44.601039886474602 ], [ 9.103511810302789, 44.600128173828203 ], [ 9.1032276153565, 44.596061706542997 ], [ 9.1032009124757, 44.595069885253899 ], [ 9.10342502594, 44.5938110351563 ], [ 9.10465621948248, 44.592010498046903 ], [ 9.10519599914562, 44.591529846191499 ], [ 9.106063842773491, 44.590873718261697 ], [ 9.106931686401371, 44.590267181396499 ], [ 9.107888221740669, 44.589664459228501 ], [ 9.108717918396049, 44.588935852050703 ], [ 9.10929584503185, 44.588260650634702 ], [ 9.11201381683361, 44.583480834961001 ], [ 9.111747741699221, 44.582927703857401 ], [ 9.11289882659918, 44.582489013671903 ], [ 9.114013671875, 44.582065582275398 ], [ 9.13623714447033, 44.575435638427798 ], [ 9.1387157440185, 44.5748901367188 ], [ 9.14047813415527, 44.574600219726698 ], [ 9.14213943481445, 44.574508666992202 ], [ 9.144065856933709, 44.574615478515703 ], [ 9.14610576629639, 44.574737548828203 ], [ 9.14693737030035, 44.575183868408303 ], [ 9.149179458618161, 44.575038909912202 ], [ 9.15187358856201, 44.575046539306797 ], [ 9.153598785400391, 44.5751762390137 ], [ 9.15507411956793, 44.5758056640625 ], [ 9.1590080261231, 44.577995300292997 ], [ 9.16641235351557, 44.582397460937599 ], [ 9.16713237762451, 44.582981109619098 ], [ 9.16849517822277, 44.5840873718262 ], [ 9.16911602020275, 44.584663391113303 ], [ 9.1692619323731, 44.584800720214801 ], [ 9.16965389251709, 44.585216522216697 ], [ 9.17014694213862, 44.585727691650497 ], [ 9.17067718505859, 44.586132049560703 ], [ 9.171483993530391, 44.586616516113402 ], [ 9.17506694793695, 44.588375091552798 ], [ 9.18456459045421, 44.592597961425803 ], [ 9.1857118606568, 44.592983245849702 ], [ 9.187211036682241, 44.593078613281399 ], [ 9.199997901916619, 44.5937309265137 ], [ 9.204355239868219, 44.596721649169901 ], [ 9.20563507080084, 44.598762512207102 ], [ 9.205989837646429, 44.599491119384901 ], [ 9.206208229065, 44.600437164306797 ], [ 9.20628738403326, 44.601497650146499 ], [ 9.206019401550289, 44.6037788391113 ], [ 9.205285072326721, 44.606498718261697 ], [ 9.204566955566349, 44.609928131103601 ], [ 9.204220771789609, 44.611900329589901 ], [ 9.204160690307621, 44.612632751464801 ], [ 9.20401668548584, 44.614444732666001 ], [ 9.20453643798839, 44.615146636962997 ], [ 9.204939842224119, 44.615520477295 ], [ 9.20553398132324, 44.615909576416101 ], [ 9.20621490478521, 44.616142272949297 ], [ 9.229819297790581, 44.619777679443402 ], [ 9.245852470397949, 44.620670318603601 ], [ 9.2465448379516, 44.620597839355398 ], [ 9.25299263000494, 44.616840362548899 ], [ 9.253885269165041, 44.616134643554702 ], [ 9.255428314208981, 44.6147270202638 ], [ 9.2561550140382, 44.613807678222699 ], [ 9.257193565368601, 44.612464904785199 ], [ 9.257533073425289, 44.611942291259801 ], [ 9.25757980346685, 44.6115531921387 ], [ 9.25740337371832, 44.611156463622997 ], [ 9.256857872009279, 44.610599517822301 ], [ 9.25413799285894, 44.608005523681697 ], [ 9.25289916992193, 44.6070976257325 ], [ 9.251724243164061, 44.606399536132898 ], [ 9.250511169433709, 44.605583190917997 ], [ 9.24860286712641, 44.604282379150298 ], [ 9.247135162353571, 44.602844238281399 ], [ 9.24652671813965, 44.602165222167997 ], [ 9.246249198913571, 44.601352691650398 ], [ 9.24668502807617, 44.600662231445398 ], [ 9.247286796569879, 44.6002197265625 ], [ 9.24786567688, 44.600139617919901 ], [ 9.27327156066889, 44.596866607666001 ], [ 9.27744197845459, 44.5968246459962 ], [ 9.279960632324221, 44.596916198730597 ], [ 9.281271934509279, 44.597122192382898 ], [ 9.282483100891231, 44.5973510742188 ], [ 9.283493041992299, 44.597747802734403 ], [ 9.28435230255133, 44.598201751708999 ], [ 9.28519916534424, 44.598804473877003 ], [ 9.285769462585449, 44.599433898925803 ], [ 9.286099433899039, 44.599937438965 ], [ 9.286455154418951, 44.6007270812988 ], [ 9.288165092468381, 44.605018615722699 ], [ 9.28826904296886, 44.605609893798899 ], [ 9.28827190399176, 44.606349945068501 ], [ 9.28823852539068, 44.6072387695312 ], [ 9.288206100463981, 44.607906341552699 ], [ 9.288332939148059, 44.608318328857401 ], [ 9.28854942321783, 44.608554840087898 ], [ 9.28913021087652, 44.608814239502102 ], [ 9.28988742828369, 44.609081268310497 ], [ 9.29083347320557, 44.609268188476598 ], [ 9.291979789734, 44.609409332275497 ], [ 9.293088912963871, 44.609485626220703 ], [ 9.29412174224859, 44.609458923339901 ], [ 9.29480171203625, 44.609394073486399 ], [ 9.298479080200201, 44.607673645019503 ], [ 9.300127029419061, 44.6084785461425 ], [ 9.301011085510311, 44.608791351318402 ], [ 9.301450729370121, 44.608726501465 ], [ 9.30228137969976, 44.608390808105398 ], [ 9.303337097168081, 44.607875823974702 ], [ 9.304667472839411, 44.6069526672363 ], [ 9.3059597015382, 44.606006622314403 ], [ 9.306686401367241, 44.605186462402301 ], [ 9.308362960815479, 44.603019714355597 ], [ 9.30878734588617, 44.602298736572301 ], [ 9.3089475631715, 44.601657867431598 ], [ 9.309005737304741, 44.601081848144602 ], [ 9.313573837280391, 44.597820281982401 ], [ 9.32885837554937, 44.589920043945298 ], [ 9.333065986633301, 44.586765289306598 ], [ 9.33552265167231, 44.584720611572301 ], [ 9.337842941284119, 44.582382202148501 ], [ 9.339548110961969, 44.5809745788575 ], [ 9.341190338134879, 44.579620361328097 ], [ 9.34326267242426, 44.578731536865199 ], [ 9.34404277801525, 44.578647613525398 ], [ 9.344875335693359, 44.578815460205099 ], [ 9.34572124481207, 44.579101562500099 ], [ 9.346542358398439, 44.579441070556697 ], [ 9.347208023071349, 44.579776763916101 ], [ 9.347569465637211, 44.580204010009901 ], [ 9.347743988037109, 44.580474853515703 ], [ 9.348018646240289, 44.580902099609503 ], [ 9.34827709197998, 44.581241607666001 ], [ 9.34862232208258, 44.581573486328203 ], [ 9.35078144073481, 44.583248138427798 ], [ 9.35109901428217, 44.5834770202638 ], [ 9.351261138916071, 44.583564758300902 ], [ 9.351528167724551, 44.583675384521598 ], [ 9.35646438598644, 44.585361480712997 ], [ 9.356721878051809, 44.585414886474602 ], [ 9.35759830474854, 44.585498809814503 ], [ 9.36209011077875, 44.5859184265138 ], [ 9.36520862579351, 44.585678100586101 ], [ 9.366786956787051, 44.585525512695298 ], [ 9.37046432495117, 44.584068298339901 ], [ 9.37082672119146, 44.583896636962898 ], [ 9.37259578704834, 44.582740783691499 ], [ 9.37295532226574, 44.582412719726698 ], [ 9.375827789306699, 44.580520629882898 ], [ 9.378525733947869, 44.579032897949197 ], [ 9.37901592254639, 44.578826904296797 ], [ 9.379707336425779, 44.578533172607401 ], [ 9.38210964202875, 44.577701568603601 ], [ 9.385706901550289, 44.5852241516113 ], [ 9.385923385620121, 44.585575103759901 ], [ 9.389823913574221, 44.590713500976598 ], [ 9.39040660858149, 44.591178894043097 ], [ 9.39085865020752, 44.591022491455099 ], [ 9.391525268554689, 44.590671539306697 ], [ 9.39299297332769, 44.5897636413575 ], [ 9.39381980896002, 44.589187622070298 ], [ 9.39481163024908, 44.588722229003999 ], [ 9.39591789245611, 44.588485717773501 ], [ 9.399332046508899, 44.588382720947301 ], [ 9.39981079101568, 44.588470458984403 ], [ 9.402572631835939, 44.590820312500099 ], [ 9.40366172790527, 44.591743469238402 ], [ 9.404183387756399, 44.5924072265625 ], [ 9.40653038024902, 44.598293304443402 ], [ 9.406662940979061, 44.601760864257798 ], [ 9.417673110961861, 44.597389221191399 ], [ 9.419656753540099, 44.596569061279297 ], [ 9.420108795166071, 44.596237182617202 ], [ 9.42234420776367, 44.593555450439602 ], [ 9.422304153442379, 44.593132019042898 ], [ 9.421168327331539, 44.587768554687599 ], [ 9.420811653137211, 44.587238311767599 ], [ 9.42041778564459, 44.586780548095703 ], [ 9.419986724853629, 44.5863647460938 ], [ 9.41979789733892, 44.586063385009801 ], [ 9.42050075531006, 44.580978393554702 ], [ 9.42209625244146, 44.578598022461101 ], [ 9.4241151809693, 44.575569152832102 ], [ 9.42526531219494, 44.576175689697301 ], [ 9.42578315734869, 44.576446533203203 ], [ 9.42625045776378, 44.576587677002102 ], [ 9.43220806121826, 44.575180053711101 ], [ 9.432573318481451, 44.575069427490298 ], [ 9.44443988800043, 44.569126129150398 ], [ 9.452310562133849, 44.569347381591903 ], [ 9.471598625183161, 44.5670166015625 ], [ 9.477572441101019, 44.566146850586001 ], [ 9.478049278259221, 44.565998077392599 ], [ 9.485177993774361, 44.563369750976499 ], [ 9.49180793762218, 44.559894561767599 ], [ 9.49264621734619, 44.559116363525398 ], [ 9.49329376220714, 44.558376312255902 ], [ 9.49437141418457, 44.556827545166001 ], [ 9.49213218688976, 44.554931640625099 ], [ 9.491711616516231, 44.554378509521499 ], [ 9.489339828491209, 44.549304962158303 ], [ 9.48908233642584, 44.548549652099702 ], [ 9.489025115966911, 44.547786712646598 ], [ 9.488994598388789, 44.547199249267699 ], [ 9.48921585083019, 44.546524047851598 ], [ 9.49148559570312, 44.544120788574197 ], [ 9.495939254760859, 44.542335510253999 ], [ 9.49754524230968, 44.541812896728601 ], [ 9.49838638305658, 44.541618347168097 ], [ 9.500548362732051, 44.539836883544901 ], [ 9.50128269195562, 44.538993835449197 ], [ 9.50193119049084, 44.538135528564503 ], [ 9.505641937255801, 44.530914306640703 ], [ 9.505631446838381, 44.529582977294901 ], [ 9.503203392028921, 44.513717651367202 ], [ 9.502670288086049, 44.513179779052699 ], [ 9.502036094665639, 44.5126342773437 ], [ 9.500356674194281, 44.510463714599602 ], [ 9.496566772461049, 44.504085540771499 ], [ 9.496297836303819, 44.503501892089801 ], [ 9.495669364929309, 44.501358032226698 ], [ 9.49561309814464, 44.499984741211001 ], [ 9.49567317962646, 44.498836517333999 ], [ 9.495699882507269, 44.498329162597599 ], [ 9.496890068054199, 44.487472534179702 ], [ 9.49713134765636, 44.485771179199197 ], [ 9.497358322143549, 44.484905242919901 ], [ 9.49783802032465, 44.483684539795 ], [ 9.4931325912475, 44.482002258300803 ], [ 9.49184799194342, 44.481689453125099 ], [ 9.487844467163139, 44.4808349609375 ], [ 9.486673355102649, 44.480667114257898 ], [ 9.48328876495367, 44.480243682861399 ], [ 9.482852935791071, 44.480308532714901 ], [ 9.482558250427299, 44.480354309082102 ], [ 9.48227119445812, 44.480400085449197 ], [ 9.481041908264221, 44.480720520019602 ], [ 9.47978973388666, 44.481407165527301 ], [ 9.47861480712902, 44.482223510742202 ], [ 9.47710132598877, 44.483078002929602 ], [ 9.476452827453731, 44.483226776122997 ], [ 9.47568321228033, 44.483406066894602 ], [ 9.47449970245367, 44.483375549316499 ], [ 9.472199440002379, 44.483123779296903 ], [ 9.46990776062017, 44.482837677002003 ], [ 9.469826698303279, 44.482196807861399 ], [ 9.47011184692394, 44.480136871337898 ], [ 9.47072219848644, 44.477802276611399 ], [ 9.47126960754389, 44.4742240905762 ], [ 9.467491149902401, 44.466903686523402 ], [ 9.460659027099609, 44.451725006103501 ], [ 9.459234237670961, 44.443161010742301 ], [ 9.45838642120361, 44.442470550537202 ], [ 9.45731735229498, 44.442180633544901 ], [ 9.45612144470215, 44.4418754577637 ], [ 9.455265045166129, 44.441719055175803 ], [ 9.454661369323841, 44.441623687744098 ], [ 9.45330142974848, 44.4413871765138 ], [ 9.450633049011341, 44.440864562988402 ], [ 9.449803352355961, 44.440589904785199 ], [ 9.447434425354, 44.439723968505902 ], [ 9.446866035461539, 44.439376831054801 ], [ 9.446554183959901, 44.438995361328203 ], [ 9.446042060852109, 44.438369750976598 ], [ 9.440633773803819, 44.431037902832003 ], [ 9.44019889831549, 44.430030822753999 ], [ 9.43983936309826, 44.428825378417997 ], [ 9.439403533935661, 44.421310424804702 ], [ 9.43942832946783, 44.419498443603501 ], [ 9.44375419616699, 44.417572021484403 ], [ 9.443862915039119, 44.417701721191399 ], [ 9.443955421447701, 44.417797088622997 ], [ 9.4447813034057, 44.418182373047003 ], [ 9.4650764465332, 44.425899505615298 ], [ 9.465954780578731, 44.425865173339801 ], [ 9.469181060791129, 44.425727844238303 ], [ 9.473599433899039, 44.425243377685497 ], [ 9.473527908325311, 44.424232482910199 ], [ 9.47332859039301, 44.422893524169901 ], [ 9.47321891784679, 44.417373657226598 ], [ 9.4748096466065, 44.413772583007898 ], [ 9.47520732879644, 44.413208007812599 ], [ 9.47675514221203, 44.412029266357401 ], [ 9.47832775115978, 44.410945892333999 ], [ 9.48006820678722, 44.4102172851562 ], [ 9.48079967498791, 44.410671234131001 ], [ 9.48150730133068, 44.411121368408203 ], [ 9.48201274871826, 44.4115219116212 ], [ 9.48235511779785, 44.4118461608887 ], [ 9.483546257019039, 44.414783477783303 ], [ 9.48376464843761, 44.416934967041101 ], [ 9.483290672302299, 44.417385101318402 ], [ 9.483042716980041, 44.417739868164098 ], [ 9.482913017272891, 44.418045043945298 ], [ 9.483944892883301, 44.418849945068501 ], [ 9.4847669601441, 44.419479370117202 ], [ 9.494935989379879, 44.424854278564403 ], [ 9.49621772766125, 44.425064086914198 ], [ 9.535126686096129, 44.43021774292 ], [ 9.53585624694824, 44.430160522461001 ], [ 9.53680610656744, 44.429824829101698 ], [ 9.538294792175289, 44.429229736328203 ], [ 9.55323600769043, 44.435165405273601 ], [ 9.55691719055176, 44.437740325927798 ], [ 9.560209274292109, 44.439090728759901 ], [ 9.57434558868408, 44.435726165771499 ], [ 9.57884693145758, 44.4345512390137 ], [ 9.57982730865479, 44.433628082275398 ], [ 9.58376502990734, 44.429080963134801 ], [ 9.584609031677299, 44.428192138671903 ], [ 9.594156265258791, 44.433132171630902 ], [ 9.595231056213381, 44.433891296386697 ], [ 9.60770130157465, 44.432312011718899 ], [ 9.608493804931641, 44.431209564208999 ], [ 9.6096134185791, 44.430133819580199 ], [ 9.61068153381342, 44.429100036621001 ], [ 9.612888336181641, 44.427467346191499 ], [ 9.613999366760311, 44.426815032958999 ], [ 9.6221275329591, 44.423458099365298 ], [ 9.624555587768549, 44.4225692749025 ], [ 9.63706874847418, 44.414859771728601 ], [ 9.644930839538629, 44.412734985351598 ], [ 9.646297454834039, 44.412483215332102 ], [ 9.64703559875494, 44.412471771240199 ], [ 9.647941589355529, 44.4124565124512 ], [ 9.649326324462891, 44.412738800048899 ], [ 9.650259017944281, 44.413082122802798 ], [ 9.65134239196783, 44.413318634033303 ], [ 9.652371406555179, 44.413261413574197 ], [ 9.656058311462401, 44.412834167480597 ], [ 9.65631866455084, 44.4126167297363 ], [ 9.6640310287475, 44.401615142822301 ], [ 9.6648378372193, 44.399703979492301 ], [ 9.665311813354609, 44.398284912109403 ], [ 9.667929649353081, 44.385776519775398 ], [ 9.672367095947269, 44.372108459472699 ], [ 9.67262172698975, 44.371406555175803 ], [ 9.6730756759643, 44.370468139648501 ], [ 9.673493385315, 44.369655609131001 ], [ 9.67395973205578, 44.368743896484403 ], [ 9.67436504364025, 44.367977142333999 ], [ 9.67600822448725, 44.365669250488303 ], [ 9.687728881835939, 44.366897583007898 ], [ 9.691660881042541, 44.366214752197401 ], [ 9.707328796386831, 44.367145538330199 ], [ 9.711392402648981, 44.364967346191499 ], [ 9.71217823028576, 44.364532470703203 ], [ 9.718486785888789, 44.356292724609403 ], [ 9.71877956390381, 44.3556098937988 ], [ 9.718923568725531, 44.355022430419901 ], [ 9.719138145446721, 44.354152679443402 ], [ 9.71922206878668, 44.353588104248097 ], [ 9.719345092773549, 44.352584838867301 ], [ 9.71940898895275, 44.351703643798899 ], [ 9.725046157836969, 44.338882446288999 ], [ 9.72825431823742, 44.332687377929702 ], [ 9.73048210144049, 44.329288482666001 ], [ 9.735574722290149, 44.32958984375 ], [ 9.743406295776371, 44.328033447265597 ], [ 9.74362468719494, 44.327957153320398 ], [ 9.74432277679438, 44.327705383300803 ], [ 9.75413227081305, 44.323688507080199 ], [ 9.75480270385742, 44.323188781738402 ], [ 9.759341239929199, 44.319309234619297 ], [ 9.76007080078131, 44.318534851074197 ], [ 9.76076126098638, 44.317691802978601 ], [ 9.76253318786627, 44.315086364746101 ], [ 9.7650146484375, 44.310310363769503 ], [ 9.76509475708008, 44.309978485107401 ], [ 9.76519298553478, 44.3095703125 ], [ 9.765237808227541, 44.309192657470803 ], [ 9.765272140502869, 44.308895111083999 ], [ 9.765302658081049, 44.308353424072301 ], [ 9.776695251464901, 44.3016967773438 ], [ 9.784829139709471, 44.297771453857401 ], [ 9.791586875915639, 44.292663574218899 ], [ 9.80535984039318, 44.284500122070398 ], [ 9.80606842041021, 44.284088134765703 ], [ 9.80673980712891, 44.283760070800703 ], [ 9.807213783264221, 44.283588409423899 ], [ 9.813515663147029, 44.285449981689503 ], [ 9.814146041870121, 44.285678863525398 ], [ 9.814741134643549, 44.286064147949197 ], [ 9.815259933471619, 44.286563873291001 ], [ 9.815578460693301, 44.286895751953203 ], [ 9.8158073425293, 44.287170410156399 ], [ 9.822868347168029, 44.282234191894503 ], [ 9.82418918609625, 44.282600402832102 ], [ 9.830636978149411, 44.281383514404297 ], [ 9.83635330200207, 44.279830932617202 ], [ 9.836996078491151, 44.279193878173899 ], [ 9.85545253753668, 44.269016265869098 ], [ 9.855246543884331, 44.268665313720803 ], [ 9.85527896881109, 44.268203735351598 ], [ 9.855550765991209, 44.2645263671875 ], [ 9.857314109802299, 44.258300781250099 ], [ 9.858011245727599, 44.257171630859403 ], [ 9.860359191894529, 44.254119873046903 ], [ 9.861385345458981, 44.253204345703203 ], [ 9.86187839508057, 44.2526664733887 ], [ 9.86214637756348, 44.252170562744297 ], [ 9.86217689514166, 44.251720428466903 ], [ 9.86103439331055, 44.240467071533303 ], [ 9.86085891723633, 44.239593505859403 ], [ 9.86047458648693, 44.239002227783303 ], [ 9.860014915466371, 44.238376617431697 ], [ 9.86752319335949, 44.228832244873097 ], [ 9.87637805938726, 44.224899291992202 ], [ 9.87088775634771, 44.217613220214801 ], [ 9.867912292480581, 44.211868286132798 ], [ 9.86252880096435, 44.199813842773601 ], [ 9.860643386840881, 44.196628570556797 ], [ 9.85857295989984, 44.194465637207102 ], [ 9.8659782409668, 44.181667327880902 ], [ 9.871520042419551, 44.186801910400398 ], [ 9.871793746948301, 44.187568664550902 ], [ 9.87304782867437, 44.192317962646499 ], [ 9.87316703796392, 44.193019866943501 ], [ 9.873435974121209, 44.194160461425803 ], [ 9.87384986877453, 44.195606231689503 ], [ 9.874348640441839, 44.1961479187012 ], [ 9.878836631774901, 44.199291229248097 ], [ 9.881667137146, 44.201099395752003 ], [ 9.88875770568859, 44.204990386962898 ], [ 9.89223098754894, 44.208770751953203 ], [ 9.909529685974119, 44.210731506347699 ], [ 9.909090995788571, 44.209796905517699 ], [ 9.909201622009331, 44.208938598632898 ], [ 9.910507202148439, 44.205066680908303 ], [ 9.911166191101071, 44.203990936279297 ], [ 9.911906242370611, 44.203353881836001 ], [ 9.915529251098629, 44.200561523437599 ], [ 9.91667461395264, 44.200229644775398 ], [ 9.918252944946349, 44.200267791748203 ], [ 9.919258117675721, 44.200611114502003 ], [ 9.920714378357051, 44.200843811035199 ], [ 9.92186641693127, 44.200904846191499 ], [ 9.92329216003424, 44.2008666992188 ], [ 9.92504215240479, 44.200790405273402 ], [ 9.92734336853033, 44.200672149658303 ], [ 9.92831420898443, 44.200378417968899 ], [ 9.935031890869141, 44.197582244873203 ], [ 9.929141998291019, 44.196567535400398 ], [ 9.92260837554937, 44.1911849975587 ], [ 9.9226016998291, 44.190723419189602 ], [ 9.9214973449707, 44.189712524414198 ], [ 9.911625862121641, 44.181121826172003 ], [ 9.900876998901481, 44.174362182617202 ], [ 9.89338493347174, 44.168979644775497 ], [ 9.893648147583059, 44.168045043945298 ], [ 9.893973350524959, 44.1674613952638 ], [ 9.895529747009389, 44.166530609131001 ], [ 9.898878097534229, 44.164554595947301 ], [ 9.903701782226619, 44.166591644287102 ], [ 9.907633781433219, 44.168117523193402 ], [ 9.91283798217785, 44.169277191162102 ], [ 9.922714233398439, 44.171119689941499 ], [ 9.951986312866319, 44.167774200439503 ], [ 9.960087776184141, 44.1677436828613 ], [ 9.960556030273491, 44.168064117431797 ], [ 9.96126365661627, 44.168464660644602 ], [ 9.961844444274959, 44.168781280517699 ], [ 9.9674854278565, 44.1703910827637 ], [ 9.968767166137701, 44.170021057128999 ], [ 9.97504711151123, 44.167888641357401 ], [ 9.97550296783459, 44.167495727539098 ], [ 9.976676940917971, 44.165065765380902 ], [ 9.980248451232971, 44.161838531494098 ], [ 9.980028152465881, 44.1613998413087 ], [ 9.979007720947379, 44.159481048584098 ], [ 9.978228569030881, 44.157012939453203 ], [ 9.977475166320859, 44.153823852539198 ], [ 9.9774322509765, 44.152740478515597 ], [ 9.97736644744873, 44.140506744384801 ], [ 9.984299659729119, 44.126243591308601 ], [ 9.984616279602051, 44.125717163086001 ], [ 9.987936973571779, 44.123321533203203 ], [ 9.990861892700201, 44.121944427490199 ], [ 9.99415111541748, 44.121311187744297 ], [ 9.994674682617241, 44.121246337890597 ], [ 9.995355606079221, 44.120925903320298 ], [ 9.995738029480041, 44.120571136474702 ], [ 9.99597072601318, 44.120319366455099 ], [ 9.996212959289659, 44.119842529296903 ], [ 9.996280670166019, 44.119430541992202 ], [ 9.996371269226019, 44.118854522705199 ], [ 9.996359825134331, 44.11820602417 ], [ 9.995559692382811, 44.109344482421903 ], [ 9.995089530944821, 44.106719970703203 ], [ 9.99446868896484, 44.106174468994197 ], [ 9.990805625915529, 44.103813171386797 ], [ 9.989958763122671, 44.103935241699197 ], [ 9.98910999298101, 44.103988647461001 ], [ 9.9856386184693, 44.102607727050803 ], [ 9.985323905944769, 44.102466583251903 ], [ 9.98495864868158, 44.102291107177699 ], [ 9.98397159576416, 44.101512908935497 ], [ 9.983591079711911, 44.101192474365199 ], [ 9.983675003051809, 44.1010551452637 ], [ 9.983907699584959, 44.100681304931697 ], [ 9.984469413757379, 44.099838256836101 ], [ 9.988975524902401, 44.096717834472699 ], [ 9.99320220947277, 44.094123840332102 ], [ 9.99433708190929, 44.093635559082003 ], [ 9.994968414306699, 44.094577789306697 ], [ 9.996872901916619, 44.097442626953097 ], [ 9.99853610992437, 44.099964141845803 ], [ 9.99953842163092, 44.101638793945298 ], [ 10.000932693481399, 44.104347229003999 ], [ 10.0031442642213, 44.108612060547003 ], [ 10.003996849060099, 44.109603881836101 ], [ 10.004823684692401, 44.110435485839801 ], [ 10.0066223144531, 44.111831665039098 ], [ 10.0125827789307, 44.116302490234403 ], [ 10.018370628356999, 44.119258880615199 ], [ 10.020339012146, 44.120094299316499 ], [ 10.0229692459106, 44.120582580566499 ], [ 10.023627281189, 44.120521545410199 ], [ 10.0313606262207, 44.119766235351598 ], [ 10.0328321456909, 44.119590759277301 ], [ 10.0370550155641, 44.118843078613303 ], [ 10.038387298584, 44.1185493469238 ], [ 10.047157287597701, 44.116432189941499 ], [ 10.0484008789062, 44.116081237793097 ], [ 10.048754692077701, 44.114906311035298 ], [ 10.0492725372315, 44.113883972167997 ], [ 10.0514545440675, 44.111511230468899 ], [ 10.052110671997101, 44.111183166503899 ], [ 10.053520202636699, 44.111080169677699 ], [ 10.054706573486399, 44.111034393310703 ], [ 10.0557289123535, 44.110889434814503 ], [ 10.056982994079601, 44.110488891601598 ], [ 10.058208465576101, 44.109821319580099 ], [ 10.0591678619385, 44.109012603759801 ], [ 10.0702781677246, 44.098960876464801 ], [ 10.0706176757813, 44.098407745361399 ], [ 10.072034835815399, 44.0946273803712 ], [ 10.071925163269, 44.094043731689602 ], [ 10.0698890686035, 44.090675354003999 ], [ 10.0696201324463, 44.090255737304702 ], [ 10.063455581665201, 44.0814628601075 ], [ 10.0631618499757, 44.081085205078203 ], [ 10.049131393432599, 44.072311401367202 ], [ 10.0473527908325, 44.071987152099602 ], [ 10.046376228332599, 44.071834564208999 ], [ 10.0454959869385, 44.071525573730497 ], [ 10.045052528381399, 44.071197509765703 ], [ 10.036660194396999, 44.064823150634801 ], [ 10.0285806655884, 44.058704376220803 ], [ 10.027672767639199, 44.057552337646499 ], [ 10.0197877883912, 44.045440673828203 ], [ 10.0193586349488, 44.044803619384901 ], [ 10.019188880920501, 44.0445976257325 ], [ 10.0190277099609, 44.044582366943402 ], [ 10.0190277099609, 44.0448608398438 ], [ 10.018471717834499, 44.0448608398438 ], [ 10.018471717834499, 44.045696258545 ], [ 10.018194198608301, 44.045696258545 ], [ 10.018184661865201, 44.045970916748203 ], [ 10.017915725708001, 44.045970916748203 ], [ 10.017915725708001, 44.046058654785298 ], [ 10.017915725708001, 44.046249389648601 ], [ 10.017347335815501, 44.046249389648601 ], [ 10.016249656677299, 44.046249389648601 ], [ 10.016249656677299, 44.046527862548899 ], [ 10.015418052673301, 44.046527862548899 ], [ 10.015418052673301, 44.046806335449297 ], [ 10.0148620605469, 44.046806335449297 ], [ 10.0148277282715, 44.047084808349702 ], [ 10.0145835876465, 44.047084808349702 ], [ 10.0145835876465, 44.047164916992202 ], [ 10.0145835876465, 44.047359466552699 ], [ 10.0140037536621, 44.047359466552699 ], [ 10.012639999389799, 44.047359466552699 ], [ 10.012639999389799, 44.047637939453097 ], [ 10.0123615264894, 44.047637939453097 ], [ 10.012321472167899, 44.047916412353501 ], [ 10.0106925964357, 44.047916412353501 ], [ 10.0106925964357, 44.048458099365298 ], [ 10.0106925964357, 44.049026489257798 ], [ 10.0104179382325, 44.049026489257798 ], [ 10.0104179382325, 44.049304962158203 ], [ 10.009861946106, 44.049304962158203 ], [ 10.009861946106, 44.049026489257798 ], [ 10.0089778900147, 44.049026489257798 ], [ 10.0084705352784, 44.049026489257798 ], [ 10.0084705352784, 44.0491943359375 ], [ 10.0084705352784, 44.049304962158203 ], [ 10.008139610290501, 44.049304962158203 ], [ 10.0051393508912, 44.049304962158203 ], [ 10.0051393508912, 44.049583435058601 ], [ 10.0045833587647, 44.049583435058601 ], [ 10.0045833587647, 44.049861907958999 ], [ 10.0040273666382, 44.049861907958999 ], [ 10.0040273666382, 44.050140380859403 ], [ 10.002917289733899, 44.050140380859403 ], [ 10.002917289733899, 44.050415039062599 ], [ 10.0026388168335, 44.050415039062599 ], [ 10.0026388168335, 44.050693511962898 ], [ 10.0003709793091, 44.050693511962898 ], [ 10.0001392364503, 44.050693511962898 ], [ 9.996528625488279, 44.050693511962898 ], [ 9.996528625488279, 44.050971984863303 ], [ 9.99597263336182, 44.050971984863303 ], [ 9.99597263336182, 44.0512504577637 ], [ 9.9945821762085, 44.0512504577637 ], [ 9.9945821762085, 44.051528930664098 ], [ 9.994498252868709, 44.051528930664098 ], [ 9.993749618530391, 44.051528930664098 ], [ 9.993749618530391, 44.051097869873203 ], [ 9.993749618530391, 44.050971984863303 ], [ 9.99402809143078, 44.050971984863303 ], [ 9.99402809143078, 44.050415039062599 ], [ 9.993472099304309, 44.050415039062599 ], [ 9.993472099304309, 44.050140380859403 ], [ 9.993193626403921, 44.050140380859403 ], [ 9.993193626403921, 44.049861907958999 ], [ 9.992637634277459, 44.049861907958999 ], [ 9.992637634277459, 44.049583435058601 ], [ 9.991806030273491, 44.049583435058601 ], [ 9.99180412292486, 44.049304962158203 ], [ 9.99069404602051, 44.049304962158203 ], [ 9.99069404602051, 44.049026489257798 ], [ 9.990415573120121, 44.049026489257798 ], [ 9.990415573120121, 44.048751831054801 ], [ 9.990138053894039, 44.048751831054801 ], [ 9.990138053894039, 44.049026489257798 ], [ 9.989583969116151, 44.049026489257798 ], [ 9.989583969116151, 44.048751831054801 ], [ 9.98930644989025, 44.048751831054801 ], [ 9.98930644989025, 44.048530578613402 ], [ 9.989210128784119, 44.048473358154403 ], [ 9.989027976989689, 44.048473358154403 ], [ 9.989027976989689, 44.048366546630902 ], [ 9.989027976989689, 44.0481948852538 ], [ 9.98872852325445, 44.0481948852538 ], [ 9.98847198486339, 44.0481948852538 ], [ 9.98847198486339, 44.048046112060703 ], [ 9.98847198486339, 44.047916412353501 ], [ 9.988194465637321, 44.047916412353501 ], [ 9.988194465637321, 44.047637939453097 ], [ 9.987917900085501, 44.047637939453097 ], [ 9.987917900085501, 44.047359466552699 ], [ 9.987361907959039, 44.047359466552699 ], [ 9.987361907959039, 44.047084808349702 ], [ 9.987084388732971, 44.047084808349702 ], [ 9.987084388732971, 44.046806335449297 ], [ 9.98680591583258, 44.046806335449297 ], [ 9.98680591583258, 44.045970916748203 ], [ 9.9865283966065, 44.045970916748203 ], [ 9.9865283966065, 44.045696258545 ], [ 9.98624992370611, 44.045696258545 ], [ 9.98624992370611, 44.045417785644602 ], [ 9.985972404480041, 44.045417785644602 ], [ 9.985972404480041, 44.045139312744197 ], [ 9.985695838928221, 44.045139312744197 ], [ 9.985695838928221, 44.0448608398438 ], [ 9.98561096191418, 44.0448608398438 ], [ 9.985416412353571, 44.0448608398438 ], [ 9.985416412353571, 44.044349670410298 ], [ 9.985416412353571, 44.043472290039098 ], [ 9.98513984680176, 44.043472290039098 ], [ 9.98513984680176, 44.042362213134901 ], [ 9.984308242797971, 44.042362213134901 ], [ 9.983750343322701, 44.042362213134901 ], [ 9.983750343322701, 44.041503906250099 ], [ 9.983750343322701, 44.040973663330099 ], [ 9.98347091674805, 44.040973663330099 ], [ 9.98347091674805, 44.039859771728601 ], [ 9.983193397521971, 44.039859771728601 ], [ 9.983193397521971, 44.039585113525398 ], [ 9.98291778564464, 44.039585113525398 ], [ 9.98291778564464, 44.039306640625099 ], [ 9.98236179351818, 44.039306640625099 ], [ 9.98236179351818, 44.039028167724702 ], [ 9.982083320617789, 44.039028167724702 ], [ 9.982083320617789, 44.038909912109403 ], [ 9.982083320617789, 44.038749694824297 ], [ 9.981804847717401, 44.038749694824297 ], [ 9.981804847717401, 44.038192749023501 ], [ 9.981527328491319, 44.038192749023501 ], [ 9.981527328491319, 44.037918090820298 ], [ 9.98124885559093, 44.037918090820298 ], [ 9.98124885559093, 44.037639617919901 ], [ 9.98097133636486, 44.037639617919901 ], [ 9.98097133636486, 44.037361145019503 ], [ 9.98041534423834, 44.037361145019503 ], [ 9.98041534423834, 44.037082672119098 ], [ 9.98013877868658, 44.037082672119098 ], [ 9.98013877868658, 44.0368041992188 ], [ 9.97958278656011, 44.0368041992188 ], [ 9.97958278656011, 44.036529541015703 ], [ 9.979305267333981, 44.036529541015703 ], [ 9.979305267333981, 44.036251068115298 ], [ 9.97874927520752, 44.036251068115298 ], [ 9.97874927520752, 44.035972595215 ], [ 9.978470802307131, 44.035972595215 ], [ 9.978470802307131, 44.035415649413999 ], [ 9.978195190429631, 44.035415649413999 ], [ 9.978195190429631, 44.035137176513601 ], [ 9.9779167175293, 44.035137176513601 ], [ 9.9779167175293, 44.034862518310597 ], [ 9.97680473327631, 44.034862518310597 ], [ 9.97680473327631, 44.035137176513601 ], [ 9.97624874114984, 44.035137176513601 ], [ 9.97624874114984, 44.035415649413999 ], [ 9.97486114501959, 44.035415649413999 ], [ 9.97486114501959, 44.035694122314602 ], [ 9.97430515289312, 44.035694122314602 ], [ 9.97430515289312, 44.036251068115298 ], [ 9.974026679992731, 44.036251068115298 ], [ 9.974026679992731, 44.036529541015703 ], [ 9.97347259521484, 44.036529541015703 ], [ 9.97347259521484, 44.0368041992188 ], [ 9.97319507598877, 44.0368041992188 ], [ 9.9731559753418, 44.037082672119098 ], [ 9.972360610961911, 44.037082672119098 ], [ 9.972360610961911, 44.037197113037202 ], [ 9.972360610961911, 44.037361145019503 ], [ 9.971804618835449, 44.037361145019503 ], [ 9.971804618835449, 44.037277221679801 ], [ 9.971804618835449, 44.037082672119098 ], [ 9.97152900695812, 44.037082672119098 ], [ 9.97152900695812, 44.037361145019503 ], [ 9.97124004364013, 44.037361145019503 ], [ 9.96958160400402, 44.037361145019503 ], [ 9.96958160400402, 44.037082672119098 ], [ 9.96930694580084, 44.037082672119098 ], [ 9.96930694580084, 44.0368041992188 ], [ 9.96652793884277, 44.0368041992188 ], [ 9.96652793884277, 44.037082672119098 ], [ 9.963749885559141, 44.037082672119098 ], [ 9.963749885559141, 44.037361145019503 ], [ 9.963472366333059, 44.037361145019503 ], [ 9.963472366333059, 44.037639617919901 ], [ 9.96319389343267, 44.037639617919901 ], [ 9.96319389343267, 44.037918090820298 ], [ 9.962637901306209, 44.037918090820298 ], [ 9.962637901306209, 44.038192749023501 ], [ 9.96180629730225, 44.038192749023501 ], [ 9.96180629730225, 44.038471221923899 ], [ 9.96152782440185, 44.038471221923899 ], [ 9.96152782440185, 44.038749694824297 ], [ 9.961250305175779, 44.038749694824297 ], [ 9.961250305175779, 44.039306640625099 ], [ 9.960971832275391, 44.039306640625099 ], [ 9.960971832275391, 44.039585113525398 ], [ 9.960694313049309, 44.039585113525398 ], [ 9.960694313049309, 44.039859771728601 ], [ 9.9601402282716, 44.039859771728601 ], [ 9.9601402282716, 44.040416717529403 ], [ 9.958193778991809, 44.040416717529403 ], [ 9.958193778991809, 44.040695190429702 ], [ 9.95680618286138, 44.040695190429702 ], [ 9.95680618286138, 44.040973663330099 ], [ 9.956527709960991, 44.040973663330099 ], [ 9.956527709960991, 44.041248321533203 ], [ 9.955693244934141, 44.041248321533203 ], [ 9.955693244934141, 44.041526794433501 ], [ 9.955417633056641, 44.041526794433501 ], [ 9.955417633056641, 44.041805267333899 ], [ 9.95514011383051, 44.041805267333899 ], [ 9.95514011383051, 44.042083740234503 ], [ 9.954861640930179, 44.042083740234503 ], [ 9.954861640930179, 44.042362213134901 ], [ 9.95458316802979, 44.042362213134901 ], [ 9.95458316802979, 44.042915344238303 ], [ 9.954304695129389, 44.042915344238303 ], [ 9.954304695129389, 44.0431938171387 ], [ 9.95374870300293, 44.0431938171387 ], [ 9.95374870300293, 44.043472290039098 ], [ 9.9534711837768, 44.043472290039098 ], [ 9.9534711837768, 44.043750762939503 ], [ 9.95319461822521, 44.043750762939503 ], [ 9.95319461822521, 44.044303894042997 ], [ 9.952917098999141, 44.044303894042997 ], [ 9.952917098999141, 44.044582366943402 ], [ 9.952361106872671, 44.044582366943402 ], [ 9.952361106872671, 44.0448608398438 ], [ 9.951805114746151, 44.0448608398438 ], [ 9.951805114746151, 44.045139312744197 ], [ 9.95152664184582, 44.045139312744197 ], [ 9.95152664184582, 44.045417785644602 ], [ 9.951249122619689, 44.045417785644602 ], [ 9.951249122619689, 44.045970916748203 ], [ 9.95097255706793, 44.045970916748203 ], [ 9.95097255706793, 44.046527862548899 ], [ 9.950693130493219, 44.046527862548899 ], [ 9.950693130493219, 44.046806335449297 ], [ 9.949583053588871, 44.046806335449297 ], [ 9.949583053588871, 44.047084808349702 ], [ 9.948970794677731, 44.047084808349702 ], [ 9.948751449585069, 44.047084808349702 ], [ 9.94874858856201, 44.047359466552699 ], [ 9.94847297668451, 44.047359466552699 ], [ 9.94847297668451, 44.047637939453097 ], [ 9.94763946533214, 44.047637939453097 ], [ 9.94763946533214, 44.047916412353501 ], [ 9.946526527404901, 44.047916412353501 ], [ 9.946526527404901, 44.049026489257798 ], [ 9.945973396301319, 44.049026489257798 ], [ 9.945973396301319, 44.049304962158203 ], [ 9.945694923400939, 44.049304962158203 ], [ 9.945694923400939, 44.049583435058601 ], [ 9.94541740417486, 44.049583435058601 ], [ 9.94541740417486, 44.050140380859403 ], [ 9.945138931274469, 44.050140380859403 ], [ 9.945138931274469, 44.050415039062599 ], [ 9.9448614120484, 44.050415039062599 ], [ 9.9448614120484, 44.050693511962898 ], [ 9.94458293914801, 44.050693511962898 ], [ 9.94458293914801, 44.050971984863303 ], [ 9.94430541992188, 44.050971984863303 ], [ 9.94430541992188, 44.0512504577637 ], [ 9.943751335144039, 44.0512504577637 ], [ 9.943751335144039, 44.051528930664098 ], [ 9.943472862243651, 44.051528930664098 ], [ 9.943472862243651, 44.051807403564503 ], [ 9.942916870117189, 44.051807403564503 ], [ 9.942916870117189, 44.052082061767699 ], [ 9.94235992431641, 44.052082061767699 ], [ 9.94235992431641, 44.052360534668097 ], [ 9.941806793213001, 44.052360534668097 ], [ 9.941806793213001, 44.052639007568501 ], [ 9.941250801086539, 44.052639007568501 ], [ 9.941250801086539, 44.052917480468899 ], [ 9.940972328186151, 44.052917480468899 ], [ 9.940972328186151, 44.053195953369297 ], [ 9.94069385528576, 44.053195953369297 ], [ 9.94069385528576, 44.053470611572301 ], [ 9.94041633605968, 44.053470611572301 ], [ 9.94041633605968, 44.053749084472699 ], [ 9.94013786315929, 44.053749084472699 ], [ 9.94013786315929, 44.054027557372997 ], [ 9.93875026702881, 44.054027557372997 ], [ 9.93875026702881, 44.053749084472699 ], [ 9.93764019012445, 44.053749084472699 ], [ 9.93764019012445, 44.054027557372997 ], [ 9.93735980987549, 44.054027557372997 ], [ 9.93735980987549, 44.054306030273402 ], [ 9.93708419799799, 44.054306030273402 ], [ 9.93708419799799, 44.0545845031738 ], [ 9.93458366394049, 44.0545845031738 ], [ 9.93458366394049, 44.055137634277401 ], [ 9.934306144714411, 44.055137634277401 ], [ 9.934306144714411, 44.055694580078097 ], [ 9.933750152587949, 44.055694580078097 ], [ 9.933750152587949, 44.055973052978501 ], [ 9.93291568756109, 44.055973052978501 ], [ 9.93291568756109, 44.056251525878899 ], [ 9.9323616027832, 44.056251525878899 ], [ 9.932359695434631, 44.056526184082102 ], [ 9.93124961853027, 44.056526184082102 ], [ 9.93124961853027, 44.0568046569825 ], [ 9.929583549499631, 44.0568046569825 ], [ 9.929583549499631, 44.056526184082102 ], [ 9.928470611572379, 44.056526184082102 ], [ 9.928470611572379, 44.057083129882898 ], [ 9.92874908447277, 44.057083129882898 ], [ 9.92874908447277, 44.057918548583999 ], [ 9.927918434143059, 44.057918548583999 ], [ 9.927918434143059, 44.058193206787202 ], [ 9.927639961242679, 44.058193206787202 ], [ 9.927639961242679, 44.058750152587997 ], [ 9.927360534668029, 44.058750152587997 ], [ 9.927360534668029, 44.0593070983888 ], [ 9.92652702331549, 44.0593070983888 ], [ 9.92652702331549, 44.059581756591797 ], [ 9.92597103118896, 44.059581756591797 ], [ 9.92597103118896, 44.059860229492202 ], [ 9.92569541931147, 44.059860229492202 ], [ 9.92569541931147, 44.060138702392599 ], [ 9.925139427185, 44.060138702392599 ], [ 9.925139427185, 44.060417175292997 ], [ 9.924860954284609, 44.060417175292997 ], [ 9.924860954284609, 44.060970306396499 ], [ 9.925416946411129, 44.0609741210937 ], [ 9.925416946411129, 44.061248779296903 ], [ 9.92569541931147, 44.061248779296903 ], [ 9.92569541931147, 44.061527252197301 ], [ 9.92597103118896, 44.061527252197301 ], [ 9.92597103118896, 44.061805725097699 ], [ 9.92625236511225, 44.061805725097699 ], [ 9.92625236511225, 44.062084197997997 ], [ 9.92597103118896, 44.062084197997997 ], [ 9.92597103118896, 44.062362670898402 ], [ 9.92569541931147, 44.062362670898402 ], [ 9.92569541931147, 44.062915802002003 ], [ 9.92415237426758, 44.062915802002003 ], [ 9.92347335815435, 44.062915802002003 ], [ 9.92347335815435, 44.062084197997997 ], [ 9.92319488525396, 44.062084197997997 ], [ 9.92319488525396, 44.061248779296903 ], [ 9.92208290100103, 44.061248779296903 ], [ 9.92208290100103, 44.061527252197301 ], [ 9.92152690887457, 44.061527252197301 ], [ 9.92152690887457, 44.062084197997997 ], [ 9.921805381774959, 44.062084197997997 ], [ 9.921805381774959, 44.062915802002003 ], [ 9.92208290100103, 44.062915802002003 ], [ 9.92208290100103, 44.063472747802798 ], [ 9.922917366027891, 44.063472747802798 ], [ 9.922917366027891, 44.063587188720703 ], [ 9.922917366027891, 44.063751220703203 ], [ 9.92347335815435, 44.063751220703203 ], [ 9.92347335815435, 44.0640258789062 ], [ 9.92319488525396, 44.064029693603601 ], [ 9.92319488525396, 44.064304351806797 ], [ 9.922917366027891, 44.064304351806797 ], [ 9.922917366027891, 44.064582824707102 ], [ 9.92108917236334, 44.064582824707102 ], [ 9.920695304870611, 44.064582824707102 ], [ 9.920695304870611, 44.064304351806797 ], [ 9.920139312744141, 44.064304351806797 ], [ 9.920139312744141, 44.064029693603601 ], [ 9.91930484771729, 44.064029693603601 ], [ 9.91930484771729, 44.0648612976075 ], [ 9.91958332061767, 44.0648612976075 ], [ 9.91955089569092, 44.065418243408303 ], [ 9.91930484771729, 44.065418243408303 ], [ 9.91930484771729, 44.065551757812401 ], [ 9.91930484771729, 44.067081451416101 ], [ 9.9181947708131, 44.067081451416101 ], [ 9.9181947708131, 44.066806793212898 ], [ 9.91791725158703, 44.066806793212898 ], [ 9.91791725158703, 44.0665283203125 ], [ 9.917638778686641, 44.0665283203125 ], [ 9.917638778686641, 44.066249847412102 ], [ 9.91708469390875, 44.066249847412102 ], [ 9.91708469390875, 44.065971374511697 ], [ 9.91680431365978, 44.065971374511697 ], [ 9.91680431365978, 44.0656929016113 ], [ 9.915415763855041, 44.0656929016113 ], [ 9.915415763855041, 44.065971374511697 ], [ 9.913749694824221, 44.065971374511697 ], [ 9.913749694824221, 44.0665283203125 ], [ 9.912916183471619, 44.0665283203125 ], [ 9.912916183471619, 44.066806793212898 ], [ 9.912637710571291, 44.066806793212898 ], [ 9.912637710571291, 44.067638397216903 ], [ 9.912916183471619, 44.067638397216903 ], [ 9.912916183471619, 44.068195343017599 ], [ 9.91444778442383, 44.068195343017599 ], [ 9.9145822525025, 44.068195343017599 ], [ 9.9145822525025, 44.068473815917997 ], [ 9.914859771728571, 44.068473815917997 ], [ 9.914859771728571, 44.069026947021598 ], [ 9.91513824462896, 44.069026947021598 ], [ 9.91513824462896, 44.069583892822301 ], [ 9.914859771728571, 44.069583892822301 ], [ 9.914859771728571, 44.069862365722699 ], [ 9.914306640625, 44.069862365722699 ], [ 9.914306640625, 44.069583892822301 ], [ 9.914029121398871, 44.069583892822301 ], [ 9.914029121398871, 44.069305419921903 ], [ 9.912588119506839, 44.069305419921903 ], [ 9.910971641540639, 44.069305419921903 ], [ 9.910971641540639, 44.069026947021598 ], [ 9.91069412231451, 44.069026947021598 ], [ 9.91069412231451, 44.0687484741212 ], [ 9.910415649414119, 44.0687484741212 ], [ 9.910415649414119, 44.068473815917997 ], [ 9.909861564636291, 44.068473815917997 ], [ 9.909859657287649, 44.068195343017599 ], [ 9.90958404541016, 44.068195343017599 ], [ 9.90958404541016, 44.067916870117202 ], [ 9.908193588256839, 44.067916870117202 ], [ 9.908193588256839, 44.067638397216903 ], [ 9.907637596130369, 44.067638397216903 ], [ 9.907637596130369, 44.067359924316499 ], [ 9.90736198425304, 44.067359924316499 ], [ 9.90736198425304, 44.067085266113203 ], [ 9.906528472900501, 44.067085266113203 ], [ 9.906528472900501, 44.067359924316499 ], [ 9.90625, 44.067359924316499 ], [ 9.90625, 44.067638397216903 ], [ 9.90597152709972, 44.067638397216903 ], [ 9.90597152709972, 44.067916870117202 ], [ 9.905694007873651, 44.067916870117202 ], [ 9.905694007873651, 44.068473815917997 ], [ 9.90541553497326, 44.068473815917997 ], [ 9.90541553497326, 44.069305419921903 ], [ 9.90625, 44.069305419921903 ], [ 9.90625, 44.069583892822301 ], [ 9.906599998474229, 44.069583892822301 ], [ 9.907917976379339, 44.069583892822301 ], [ 9.907917976379339, 44.069862365722699 ], [ 9.908193588256839, 44.069862365722699 ], [ 9.908193588256839, 44.070022583007898 ], [ 9.908193588256839, 44.070137023925703 ], [ 9.90842628478998, 44.070137023925703 ], [ 9.908749580383301, 44.070137023925703 ], [ 9.908749580383301, 44.070316314697301 ], [ 9.908749580383301, 44.070415496826101 ], [ 9.908894538879389, 44.070415496826101 ], [ 9.90902805328369, 44.070415496826101 ], [ 9.90902805328369, 44.070503234863402 ], [ 9.90902805328369, 44.0712509155275 ], [ 9.908749580383301, 44.0712509155275 ], [ 9.908749580383301, 44.071529388427798 ], [ 9.90847206115723, 44.071529388427798 ], [ 9.90847206115723, 44.071804046630902 ], [ 9.908193588256839, 44.071804046630902 ], [ 9.908193588256839, 44.0720825195312 ], [ 9.906528472900501, 44.0720825195312 ], [ 9.906528472900501, 44.072639465332003 ], [ 9.90625, 44.072639465332003 ], [ 9.90625, 44.073192596435597 ], [ 9.906528472900501, 44.073192596435597 ], [ 9.906528472900501, 44.073749542236399 ], [ 9.90958404541016, 44.073749542236399 ], [ 9.90958404541016, 44.074028015136797 ], [ 9.909861564636291, 44.074028015136797 ], [ 9.909861564636291, 44.075138092041101 ], [ 9.909861564636291, 44.075416564941499 ], [ 9.909731864929309, 44.075416564941499 ], [ 9.90958404541016, 44.075416564941499 ], [ 9.90958404541016, 44.075733184814602 ], [ 9.90958404541016, 44.076248168945298 ], [ 9.909305572509769, 44.076248168945298 ], [ 9.909305572509769, 44.076805114746001 ], [ 9.90902805328369, 44.076805114746001 ], [ 9.90902805328369, 44.0769233703613 ], [ 9.90902805328369, 44.077083587646598 ], [ 9.908749580383301, 44.077083587646598 ], [ 9.90870666503918, 44.077514648437599 ], [ 9.90869331359869, 44.077640533447401 ], [ 9.90847206115723, 44.077640533447401 ], [ 9.90847206115723, 44.077915191650398 ], [ 9.90902805328369, 44.077915191650398 ], [ 9.90902805328369, 44.078193664550803 ], [ 9.909305572509769, 44.078193664550803 ], [ 9.909305572509769, 44.079582214355497 ], [ 9.90778446197521, 44.079582214355497 ], [ 9.90736198425304, 44.079582214355497 ], [ 9.90736198425304, 44.080417633056697 ], [ 9.907084465026969, 44.080417633056697 ], [ 9.907084465026969, 44.080970764160298 ], [ 9.90680599212658, 44.080970764160298 ], [ 9.90680599212658, 44.081527709961101 ], [ 9.903193473815969, 44.081527709961101 ], [ 9.903193473815969, 44.081249237060703 ], [ 9.90236186981201, 44.081249237060703 ], [ 9.90236186981201, 44.081527709961101 ], [ 9.90263652801519, 44.081527709961101 ], [ 9.902640342712351, 44.081806182861399 ], [ 9.90291786193848, 44.081821441650497 ], [ 9.90291786193848, 44.082084655761797 ], [ 9.902084350585881, 44.082084655761797 ], [ 9.902084350585881, 44.082359313964801 ], [ 9.90152740478516, 44.082359313964801 ], [ 9.90152740478516, 44.082637786865199 ], [ 9.900138854980581, 44.082637786865199 ], [ 9.900138854980581, 44.082916259765597 ], [ 9.897360801696779, 44.082916259765597 ], [ 9.897360801696779, 44.082637786865199 ], [ 9.8970832824707, 44.082637786865199 ], [ 9.8970832824707, 44.082359313964801 ], [ 9.89763927459717, 44.082359313964801 ], [ 9.89763927459717, 44.0818901062012 ], [ 9.89763927459717, 44.081806182861399 ], [ 9.8970832824707, 44.081806182861399 ], [ 9.8970832824707, 44.081527709961101 ], [ 9.89541721344006, 44.081527709961101 ], [ 9.89541721344006, 44.081806182861399 ], [ 9.89486122131359, 44.081806182861399 ], [ 9.89486122131359, 44.0819282531738 ], [ 9.89486122131359, 44.082084655761797 ], [ 9.894026756286729, 44.082084655761797 ], [ 9.894026756286729, 44.081939697265703 ], [ 9.894026756286729, 44.081806182861399 ], [ 9.89319515228277, 44.081806182861399 ], [ 9.89319515228277, 44.081527709961101 ], [ 9.892916679382379, 44.081527709961101 ], [ 9.892916679382379, 44.081249237060703 ], [ 9.89041709899902, 44.081249237060703 ], [ 9.89041709899902, 44.080970764160298 ], [ 9.889304161071779, 44.080970764160298 ], [ 9.889304161071779, 44.080417633056697 ], [ 9.88819503784185, 44.080417633056697 ], [ 9.88819503784185, 44.080696105957102 ], [ 9.8879156112672, 44.080696105957102 ], [ 9.8879156112672, 44.080970764160298 ], [ 9.887638092041129, 44.080970764160298 ], [ 9.887638092041129, 44.081527709961101 ], [ 9.887363433837891, 44.081527709961101 ], [ 9.887363433837891, 44.081939697265703 ], [ 9.887363433837891, 44.082084655761797 ], [ 9.887082099914659, 44.082084655761797 ], [ 9.887082099914659, 44.082359313964801 ], [ 9.886528015136779, 44.082359313964801 ], [ 9.886528015136779, 44.082637786865199 ], [ 9.88624954223638, 44.082637786865199 ], [ 9.88624954223638, 44.082916259765597 ], [ 9.885416030883791, 44.082916259765597 ], [ 9.885416030883791, 44.083194732666001 ], [ 9.88458442687983, 44.083194732666001 ], [ 9.88458442687983, 44.082916259765597 ], [ 9.884305953979441, 44.082916259765597 ], [ 9.884305953979441, 44.082637786865199 ], [ 9.884028434753359, 44.082637786865199 ], [ 9.884028434753359, 44.082359313964801 ], [ 9.883749961852971, 44.082359313964801 ], [ 9.883749961852971, 44.082168579101598 ], [ 9.883749961852971, 44.081939697265703 ], [ 9.883749961852971, 44.081806182861399 ], [ 9.88347244262707, 44.081806182861399 ], [ 9.88347244262707, 44.081527709961101 ], [ 9.8829164505006, 44.081527709961101 ], [ 9.8829164505006, 44.081249237060703 ], [ 9.88263797760021, 44.081249237060703 ], [ 9.88263797760021, 44.080970764160298 ], [ 9.88236236572271, 44.080970764160298 ], [ 9.88236236572271, 44.080696105957102 ], [ 9.88125038146978, 44.080696105957102 ], [ 9.88125038146978, 44.080970764160298 ], [ 9.880971908569389, 44.080970764160298 ], [ 9.880971908569389, 44.081527709961101 ], [ 9.88069438934332, 44.081527709961101 ], [ 9.88069438934332, 44.082084655761797 ], [ 9.88041591644293, 44.082084655761797 ], [ 9.88041591644293, 44.082359313964801 ], [ 9.879861831665041, 44.082359313964801 ], [ 9.879861831665041, 44.082637786865199 ], [ 9.879305839538571, 44.082637786865199 ], [ 9.879305839538571, 44.082916259765597 ], [ 9.8790283203125, 44.082916259765597 ], [ 9.8790283203125, 44.083194732666001 ], [ 9.87847232818604, 44.083194732666001 ], [ 9.87847232818604, 44.083473205566499 ], [ 9.878195762634389, 44.083473205566499 ], [ 9.878195762634389, 44.084026336669901 ], [ 9.87791633605951, 44.084026336669901 ], [ 9.87791633605951, 44.084304809570298 ], [ 9.878195762634389, 44.084304809570298 ], [ 9.878195762634389, 44.084583282470703 ], [ 9.87847232818604, 44.084583282470703 ], [ 9.87847232818604, 44.0846977233888 ], [ 9.87847232818604, 44.084861755371101 ], [ 9.878749847412109, 44.084861755371101 ], [ 9.878749847412109, 44.085971832275398 ], [ 9.87847232818604, 44.085971832275398 ], [ 9.87847232818604, 44.0865287780762 ], [ 9.878195762634389, 44.0865287780762 ], [ 9.878195762634389, 44.086807250976598 ], [ 9.87791633605951, 44.086807250976598 ], [ 9.87791633605951, 44.087081909179801 ], [ 9.87708377838146, 44.087081909179801 ], [ 9.87708377838146, 44.086807250976598 ], [ 9.876806259155391, 44.086807250976598 ], [ 9.876806259155391, 44.0865287780762 ], [ 9.876527786255, 44.0865287780762 ], [ 9.876527786255, 44.085971832275398 ], [ 9.87625026702886, 44.085971832275398 ], [ 9.87625026702886, 44.085758209228601 ], [ 9.875970840454221, 44.085693359375 ], [ 9.875970840454221, 44.085140228271499 ], [ 9.875693321228139, 44.085140228271499 ], [ 9.875693321228139, 44.084861755371101 ], [ 9.875417709350639, 44.084861755371101 ], [ 9.875417709350639, 44.084583282470703 ], [ 9.87514019012451, 44.084583282470703 ], [ 9.87514019012451, 44.084304809570298 ], [ 9.8743047714234, 44.084304809570298 ], [ 9.8743047714234, 44.084026336669901 ], [ 9.87374877929693, 44.084026336669901 ], [ 9.87374877929693, 44.084304809570298 ], [ 9.874027252197321, 44.084304809570298 ], [ 9.874027252197321, 44.0865287780762 ], [ 9.8743047714234, 44.0865287780762 ], [ 9.8743047714234, 44.0866889953613 ], [ 9.8743047714234, 44.086807250976598 ], [ 9.87458419799805, 44.086807250976598 ], [ 9.87458419799805, 44.087081909179801 ], [ 9.87486171722418, 44.087081909179801 ], [ 9.87486171722418, 44.087638854980597 ], [ 9.87232303619396, 44.087638854980597 ], [ 9.87208271026611, 44.087638854980597 ], [ 9.87208271026611, 44.087360382080199 ], [ 9.86930465698248, 44.087360382080199 ], [ 9.86930465698248, 44.088470458984403 ], [ 9.869583129882869, 44.088470458984403 ], [ 9.869583129882869, 44.089027404785199 ], [ 9.86942768096924, 44.089057922363303 ], [ 9.86930465698248, 44.089084625244297 ], [ 9.86930465698248, 44.089305877685497 ], [ 9.869027137756399, 44.089305877685497 ], [ 9.869027137756399, 44.090415954589801 ], [ 9.868473052978519, 44.090415954589801 ], [ 9.868473052978519, 44.090694427490199 ], [ 9.867082595825201, 44.090694427490199 ], [ 9.867082595825201, 44.090415954589801 ], [ 9.86652660369873, 44.090415954589801 ], [ 9.86652660369873, 44.090137481689503 ], [ 9.86597347259533, 44.090137481689503 ], [ 9.86597347259533, 44.090415954589801 ], [ 9.86569499969494, 44.090415954589801 ], [ 9.86569499969494, 44.090694427490199 ], [ 9.86513900756847, 44.090694427490199 ], [ 9.86513900756847, 44.090972900390597 ], [ 9.864860534668081, 44.090972900390597 ], [ 9.864860534668081, 44.091251373291001 ], [ 9.86458301544201, 44.091251373291001 ], [ 9.86458301544201, 44.091526031494197 ], [ 9.864304542541619, 44.091526031494197 ], [ 9.864304542541619, 44.091804504394602 ], [ 9.86375141143805, 44.091804504394602 ], [ 9.86375141143805, 44.092082977295 ], [ 9.863472938537649, 44.092082977295 ], [ 9.863472938537649, 44.092361450195398 ], [ 9.86319541931152, 44.092361450195398 ], [ 9.86319541931152, 44.092639923095803 ], [ 9.863472938537649, 44.092639923095803 ], [ 9.863472938537649, 44.0929183959962 ], [ 9.864028930664119, 44.0929183959962 ], [ 9.864028930664119, 44.093193054199297 ], [ 9.864304542541619, 44.093193054199297 ], [ 9.864304542541619, 44.093471527099702 ], [ 9.864028930664119, 44.093471527099702 ], [ 9.864028930664119, 44.09375 ], [ 9.86375141143805, 44.09375 ], [ 9.86375141143805, 44.094306945800902 ], [ 9.863472938537649, 44.094306945800902 ], [ 9.863472938537649, 44.095138549804702 ], [ 9.86319541931152, 44.095138549804702 ], [ 9.86319541931152, 44.095695495605398 ], [ 9.86069393157959, 44.095695495605398 ], [ 9.86069393157959, 44.095973968505803 ], [ 9.86013793945312, 44.095973968505803 ], [ 9.86013793945312, 44.096248626708999 ], [ 9.85986042022699, 44.096248626708999 ], [ 9.85986042022699, 44.096527099609403 ], [ 9.858471870422481, 44.096527099609403 ], [ 9.858471870422481, 44.096805572509801 ], [ 9.858194351196349, 44.096805572509801 ], [ 9.858194351196349, 44.097362518310497 ], [ 9.857915878295961, 44.097362518310497 ], [ 9.857915878295961, 44.0976371765138 ], [ 9.857640266418461, 44.0976371765138 ], [ 9.857640266418461, 44.098194122314503 ], [ 9.85735988616949, 44.098194122314503 ], [ 9.85735988616949, 44.098751068115298 ], [ 9.857640266418461, 44.098751068115298 ], [ 9.857640266418461, 44.099304199218899 ], [ 9.857915878295961, 44.099304199218899 ], [ 9.857915878295961, 44.099861145019602 ], [ 9.85708427429199, 44.099861145019602 ], [ 9.85708427429199, 44.099582672119197 ], [ 9.856528282165529, 44.099582672119197 ], [ 9.856528282165529, 44.099304199218899 ], [ 9.854862213134879, 44.099304199218899 ], [ 9.854862213134879, 44.10013961792 ], [ 9.855137825012211, 44.10013961792 ], [ 9.855137825012211, 44.1009712219238 ], [ 9.855972290039061, 44.1009712219238 ], [ 9.855972290039061, 44.101249694824197 ], [ 9.856528282165529, 44.101249694824197 ], [ 9.856528282165529, 44.102085113525298 ], [ 9.85624980926514, 44.102085113525298 ], [ 9.85624980926514, 44.102638244628999 ], [ 9.855972290039061, 44.102638244628999 ], [ 9.855972290039061, 44.102916717529403 ], [ 9.85624980926514, 44.102916717529403 ], [ 9.85624980926514, 44.103473663330099 ], [ 9.855972290039061, 44.103473663330099 ], [ 9.855972290039061, 44.1040267944337 ], [ 9.85375022888195, 44.1040267944337 ], [ 9.85375022888195, 44.104305267333999 ], [ 9.853471755981561, 44.104305267333999 ], [ 9.853471755981561, 44.10652923584 ], [ 9.85375022888195, 44.10652923584 ], [ 9.85375022888195, 44.106803894042997 ], [ 9.853471755981561, 44.106803894042997 ], [ 9.853471755981561, 44.1073608398438 ], [ 9.853194236755479, 44.1073608398438 ], [ 9.853194236755479, 44.107917785644503 ], [ 9.852915763855091, 44.107917785644503 ], [ 9.852915763855091, 44.108470916748097 ], [ 9.852359771728629, 44.108470916748097 ], [ 9.852359771728629, 44.108749389648501 ], [ 9.85180568695074, 44.108749389648501 ], [ 9.85180568695074, 44.109027862548899 ], [ 9.851249694824279, 44.109027862548899 ], [ 9.851249694824279, 44.109306335449297 ], [ 9.84847354888927, 44.109306335449297 ], [ 9.84847354888927, 44.109027862548899 ], [ 9.84819316864013, 44.109027862548899 ], [ 9.84819316864013, 44.108749389648501 ], [ 9.84764003753668, 44.108749389648501 ], [ 9.84764003753668, 44.107639312744098 ], [ 9.847917556762811, 44.107639312744098 ], [ 9.847917556762811, 44.1073608398438 ], [ 9.84819316864013, 44.1073608398438 ], [ 9.84819316864013, 44.106803894042997 ], [ 9.84847354888927, 44.106803894042997 ], [ 9.84847354888927, 44.10652923584 ], [ 9.84819316864013, 44.10652923584 ], [ 9.84819316864013, 44.106250762939602 ], [ 9.84764003753668, 44.106250762939602 ], [ 9.84764003753668, 44.1056938171388 ], [ 9.84708309173595, 44.1056938171388 ], [ 9.84708309173595, 44.105140686035199 ], [ 9.846804618835559, 44.105140686035199 ], [ 9.846804618835559, 44.104862213134801 ], [ 9.84652709960949, 44.104862213134801 ], [ 9.84652709960949, 44.104583740234403 ], [ 9.8462486267091, 44.104583740234403 ], [ 9.8462486267091, 44.104305267333999 ], [ 9.845694541931209, 44.104305267333999 ], [ 9.845694541931209, 44.1040267944337 ], [ 9.844582557678279, 44.1040267944337 ], [ 9.844582557678279, 44.104305267333999 ], [ 9.84402656555176, 44.104305267333999 ], [ 9.84402656555176, 44.104583740234403 ], [ 9.843193054199221, 44.104583740234403 ], [ 9.843193054199221, 44.106494903564503 ], [ 9.843193054199221, 44.109027862548899 ], [ 9.840139389038139, 44.109027862548899 ], [ 9.840139389038139, 44.108749389648501 ], [ 9.840416908264221, 44.108749389648501 ], [ 9.840416908264221, 44.106269836425803 ], [ 9.840139389038139, 44.106250762939602 ], [ 9.840139389038139, 44.1056938171388 ], [ 9.83986091613775, 44.1056938171388 ], [ 9.83986091613775, 44.105140686035199 ], [ 9.837917327880859, 44.105140686035199 ], [ 9.837917327880859, 44.107955932617202 ], [ 9.837917327880859, 44.108470916748097 ], [ 9.837638854980471, 44.108470916748097 ], [ 9.837638854980471, 44.109306335449297 ], [ 9.837361335754339, 44.109306335449297 ], [ 9.837361335754339, 44.109584808349602 ], [ 9.83625125885021, 44.109584808349602 ], [ 9.83625125885021, 44.109306335449297 ], [ 9.83569526672369, 44.109306335449297 ], [ 9.83569526672369, 44.109027862548899 ], [ 9.835416793823359, 44.109027862548899 ], [ 9.835416793823359, 44.108749389648501 ], [ 9.835139274597219, 44.108749389648501 ], [ 9.835139274597219, 44.108196258544901 ], [ 9.834859848022569, 44.108196258544901 ], [ 9.834859848022569, 44.107917785644503 ], [ 9.8345823287965, 44.107917785644503 ], [ 9.8345823287965, 44.107639312744098 ], [ 9.834306716919, 44.107639312744098 ], [ 9.834306716919, 44.1073608398438 ], [ 9.834029197692869, 44.1073608398438 ], [ 9.83402633666998, 44.107082366943402 ], [ 9.83375072479248, 44.107082366943402 ], [ 9.83375072479248, 44.106803894042997 ], [ 9.83347225189214, 44.106803894042997 ], [ 9.83347225189214, 44.10652923584 ], [ 9.83319377899176, 44.10652923584 ], [ 9.83319377899176, 44.1059799194337 ], [ 9.83319377899176, 44.1056938171388 ], [ 9.832804679870661, 44.1056938171388 ], [ 9.83125019073481, 44.1056938171388 ], [ 9.83125019073481, 44.105415344238203 ], [ 9.831804275512701, 44.105415344238203 ], [ 9.831804275512701, 44.105140686035199 ], [ 9.832083702087401, 44.105140686035199 ], [ 9.832083702087401, 44.104862213134801 ], [ 9.832619667053279, 44.104862213134801 ], [ 9.832637786865289, 44.104583740234403 ], [ 9.83276367187506, 44.104583740234403 ], [ 9.83291625976562, 44.104583740234403 ], [ 9.83291625976562, 44.104305267333999 ], [ 9.83236026763916, 44.104305267333999 ], [ 9.83236026763916, 44.1040267944337 ], [ 9.831804275512701, 44.1040267944337 ], [ 9.831804275512701, 44.103748321533303 ], [ 9.831527709960939, 44.103748321533303 ], [ 9.831527709960939, 44.1040267944337 ], [ 9.830971717834419, 44.1040267944337 ], [ 9.830971717834419, 44.104305267333999 ], [ 9.83069419860834, 44.104305267333999 ], [ 9.83069419860834, 44.104583740234403 ], [ 9.830138206482051, 44.104583740234403 ], [ 9.830138206482051, 44.104862213134801 ], [ 9.82958412170416, 44.104862213134801 ], [ 9.82958412170416, 44.105140686035199 ], [ 9.828749656677299, 44.105140686035199 ], [ 9.828749656677299, 44.104862213134801 ], [ 9.82847213745123, 44.104862213134801 ], [ 9.82847213745123, 44.104305267333999 ], [ 9.82791805267334, 44.104305267333999 ], [ 9.82791805267334, 44.103748321533303 ], [ 9.82763767242437, 44.103748321533303 ], [ 9.82763767242437, 44.103473663330099 ], [ 9.82819366455084, 44.103473663330099 ], [ 9.82819366455084, 44.103195190429702 ], [ 9.828749656677299, 44.103195190429702 ], [ 9.828749656677299, 44.102916717529403 ], [ 9.82902812957769, 44.102916717529403 ], [ 9.82902812957769, 44.102638244628999 ], [ 9.82930564880377, 44.102638244628999 ], [ 9.82930564880377, 44.102359771728601 ], [ 9.82902812957769, 44.102359771728601 ], [ 9.82902812957769, 44.101806640625 ], [ 9.828749656677299, 44.101806640625 ], [ 9.828749656677299, 44.101528167724602 ], [ 9.82847213745123, 44.101528167724602 ], [ 9.82847213745123, 44.101806640625 ], [ 9.827083587646481, 44.101806640625 ], [ 9.827083587646481, 44.102085113525298 ], [ 9.82569408416748, 44.102085113525298 ], [ 9.82569408416748, 44.1014404296875 ], [ 9.82569408416748, 44.1009712219238 ], [ 9.82541561126709, 44.1009712219238 ], [ 9.82541561126709, 44.100692749023402 ], [ 9.82513999938976, 44.100692749023402 ], [ 9.82513999938976, 44.10013961792 ], [ 9.82541561126709, 44.10013961792 ], [ 9.82541561126709, 44.099861145019602 ], [ 9.82569408416748, 44.099861145019602 ], [ 9.82569408416748, 44.099582672119197 ], [ 9.826051712036129, 44.099582672119197 ], [ 9.826250076293951, 44.099582672119197 ], [ 9.826250076293951, 44.099304199218899 ], [ 9.82652759552002, 44.099304199218899 ], [ 9.82652759552002, 44.098472595214901 ], [ 9.82680606842041, 44.098472595214901 ], [ 9.82680606842041, 44.098194122314503 ], [ 9.82652759552002, 44.098194122314503 ], [ 9.82652759552002, 44.097915649414098 ], [ 9.826250076293951, 44.097915649414098 ], [ 9.826250076293951, 44.097362518310497 ], [ 9.82430553436291, 44.097362518310497 ], [ 9.82430553436291, 44.096248626708999 ], [ 9.824028015136831, 44.096248626708999 ], [ 9.824028015136831, 44.095973968505803 ], [ 9.82374954223644, 44.095973968505803 ], [ 9.82374954223644, 44.095695495605398 ], [ 9.82291793823248, 44.095695495605398 ], [ 9.82291793823248, 44.095417022705099 ], [ 9.82180595397949, 44.095417022705099 ], [ 9.82180595397949, 44.094860076904297 ], [ 9.82152843475342, 44.094860076904297 ], [ 9.82152843475342, 44.094581604003899 ], [ 9.82124900817877, 44.094581604003899 ], [ 9.82124900817877, 44.094131469726698 ], [ 9.82124900817877, 44.094028472900497 ], [ 9.82142353057867, 44.094028472900497 ], [ 9.82180595397949, 44.094028472900497 ], [ 9.82180595397949, 44.093666076660199 ], [ 9.82180595397949, 44.0929183959962 ], [ 9.82152843475342, 44.0929183959962 ], [ 9.82152843475342, 44.092361450195398 ], [ 9.82124900817877, 44.092361450195398 ], [ 9.82124900817877, 44.092082977295 ], [ 9.822084426879879, 44.092082977295 ], [ 9.822084426879879, 44.091804504394602 ], [ 9.82236194610601, 44.091804504394602 ], [ 9.82236194610601, 44.091526031494197 ], [ 9.822468757629339, 44.091526031494197 ], [ 9.822636604309199, 44.091526031494197 ], [ 9.822636604309199, 44.091251373291001 ], [ 9.82291793823248, 44.091251373291001 ], [ 9.82291793823248, 44.090972900390597 ], [ 9.825971603393549, 44.090972900390597 ], [ 9.825971603393549, 44.090694427490199 ], [ 9.82569408416748, 44.090694427490199 ], [ 9.82569408416748, 44.090137481689503 ], [ 9.82541561126709, 44.090137481689503 ], [ 9.82541561126709, 44.089862823486399 ], [ 9.82569408416748, 44.089862823486399 ], [ 9.82569408416748, 44.089305877685497 ], [ 9.825971603393549, 44.089305877685497 ], [ 9.825971603393549, 44.089027404785199 ], [ 9.82541561126709, 44.089027404785199 ], [ 9.82541561126709, 44.088748931884801 ], [ 9.82486152648937, 44.088748931884801 ], [ 9.82486152648937, 44.088470458984403 ], [ 9.82430553436291, 44.088470458984403 ], [ 9.82430553436291, 44.088195800781399 ], [ 9.823501586914009, 44.088195800781399 ], [ 9.82291793823248, 44.088195800781399 ], [ 9.82291793823248, 44.087917327881001 ], [ 9.822636604309199, 44.087917327881001 ], [ 9.822636604309199, 44.087638854980597 ], [ 9.823472023010369, 44.087638854980597 ], [ 9.823472023010369, 44.087360382080199 ], [ 9.82374954223644, 44.087360382080199 ], [ 9.82374954223644, 44.086807250976598 ], [ 9.82393264770519, 44.086807250976598 ], [ 9.824028015136831, 44.086807250976598 ], [ 9.824028015136831, 44.0865287780762 ], [ 9.82430553436291, 44.0865287780762 ], [ 9.82430553436291, 44.085971832275398 ], [ 9.82569408416748, 44.085971832275398 ], [ 9.82569408416748, 44.086250305175803 ], [ 9.826250076293951, 44.086250305175803 ], [ 9.826250076293951, 44.085693359375 ], [ 9.82652759552002, 44.085693359375 ], [ 9.82652759552002, 44.085414886474702 ], [ 9.825971603393549, 44.085414886474702 ], [ 9.825971603393549, 44.085140228271499 ], [ 9.82541561126709, 44.085140228271499 ], [ 9.82541561126709, 44.084583282470703 ], [ 9.82569408416748, 44.084583282470703 ], [ 9.82569408416748, 44.084079742431697 ], [ 9.825540542602591, 44.084026336669901 ], [ 9.82541561126709, 44.084026336669901 ], [ 9.82541561126709, 44.083751678466903 ], [ 9.82498836517345, 44.083751678466903 ], [ 9.82486152648937, 44.083751678466903 ], [ 9.82486152648937, 44.083606719970703 ], [ 9.82486152648937, 44.083473205566499 ], [ 9.82474136352533, 44.083473205566499 ], [ 9.824584007263301, 44.083473205566499 ], [ 9.824584007263301, 44.083301544189503 ], [ 9.824584007263301, 44.083194732666001 ], [ 9.82448768615734, 44.083194732666001 ], [ 9.824028015136831, 44.083194732666001 ], [ 9.824028015136831, 44.082916259765597 ], [ 9.823472023010369, 44.082916259765597 ], [ 9.823472023010369, 44.082637786865199 ], [ 9.823193550109981, 44.082637786865199 ], [ 9.823193550109981, 44.082359313964801 ], [ 9.822636604309199, 44.082359313964801 ], [ 9.822636604309199, 44.082084655761797 ], [ 9.822084426879879, 44.082084655761797 ], [ 9.822084426879879, 44.081806182861399 ], [ 9.82236194610601, 44.081806182861399 ], [ 9.82236194610601, 44.081527709961101 ], [ 9.82298088073736, 44.081527709961101 ], [ 9.82374954223644, 44.081527709961101 ], [ 9.82374954223644, 44.081806182861399 ], [ 9.824028015136831, 44.081806182861399 ], [ 9.824028015136831, 44.082359313964801 ], [ 9.82430553436291, 44.082359313964801 ], [ 9.82430553436291, 44.082637786865199 ], [ 9.82486152648937, 44.082637786865199 ], [ 9.82486152648937, 44.082916259765597 ], [ 9.82541561126709, 44.082916259765597 ], [ 9.82541561126709, 44.083194732666001 ], [ 9.826250076293951, 44.083194732666001 ], [ 9.826250076293951, 44.082916259765597 ], [ 9.82652759552002, 44.082916259765597 ], [ 9.82652759552002, 44.082637786865199 ], [ 9.82680606842041, 44.082637786865199 ], [ 9.82680606842041, 44.081806182861399 ], [ 9.827083587646481, 44.081806182861399 ], [ 9.827083587646481, 44.081249237060703 ], [ 9.82736206054687, 44.081249237060703 ], [ 9.82736206054687, 44.080696105957102 ], [ 9.82763767242437, 44.080696105957102 ], [ 9.82763767242437, 44.080417633056697 ], [ 9.82847213745123, 44.080417633056697 ], [ 9.82847213745123, 44.0801391601563 ], [ 9.82930564880377, 44.0801391601563 ], [ 9.82930564880377, 44.079860687255902 ], [ 9.82958412170416, 44.079860687255902 ], [ 9.82958412170416, 44.079582214355497 ], [ 9.82985973358149, 44.079582214355497 ], [ 9.82985973358149, 44.079303741455099 ], [ 9.83069419860834, 44.079303741455099 ], [ 9.83069419860834, 44.0784721374512 ], [ 9.830415725707949, 44.0784721374512 ], [ 9.830415725707949, 44.077083587646598 ], [ 9.830138206482051, 44.077083587646598 ], [ 9.830138206482051, 44.076248168945298 ], [ 9.830415725707949, 44.076248168945298 ], [ 9.830415725707949, 44.075973510742202 ], [ 9.83069419860834, 44.075973510742202 ], [ 9.83069419860834, 44.075695037841903 ], [ 9.830971717834419, 44.075695037841903 ], [ 9.830971717834419, 44.075416564941499 ], [ 9.831527709960939, 44.075416564941499 ], [ 9.831527709960939, 44.075138092041101 ], [ 9.83236026763916, 44.075138092041101 ], [ 9.83236026763916, 44.074859619140703 ], [ 9.832637786865289, 44.074859619140703 ], [ 9.832637786865289, 44.0745849609375 ], [ 9.83319377899176, 44.0745849609375 ], [ 9.83319377899176, 44.074306488037202 ], [ 9.83375072479248, 44.074306488037202 ], [ 9.83375072479248, 44.074028015136797 ], [ 9.834306716919, 44.074028015136797 ], [ 9.834306716919, 44.073749542236399 ], [ 9.836528778076289, 44.073749542236399 ], [ 9.836528778076289, 44.074028015136797 ], [ 9.83717536926275, 44.074028015136797 ], [ 9.837638854980471, 44.074028015136797 ], [ 9.837638854980471, 44.074306488037202 ], [ 9.837917327880859, 44.074306488037202 ], [ 9.837917327880859, 44.0745849609375 ], [ 9.83902740478521, 44.0745849609375 ], [ 9.83902740478521, 44.074859619140703 ], [ 9.84068775177008, 44.074859619140703 ], [ 9.840970993042109, 44.074859619140703 ], [ 9.840970993042109, 44.075138092041101 ], [ 9.84180545806896, 44.075138092041101 ], [ 9.84180545806896, 44.074859619140703 ], [ 9.84236145019543, 44.074859619140703 ], [ 9.84236145019543, 44.074306488037202 ], [ 9.84263896942133, 44.074306488037202 ], [ 9.84263896942133, 44.073192596435597 ], [ 9.842917442321889, 44.073192596435597 ], [ 9.842917442321889, 44.072360992431598 ], [ 9.84263896942133, 44.072360992431598 ], [ 9.84263896942133, 44.0720825195312 ], [ 9.84236145019543, 44.0720825195312 ], [ 9.842082977295039, 44.0720825195312 ], [ 9.842082977295039, 44.071804046630902 ], [ 9.840139389038139, 44.071804046630902 ], [ 9.840139389038139, 44.071529388427798 ], [ 9.83986091613775, 44.071529388427798 ], [ 9.83986091613775, 44.0712509155275 ], [ 9.83958339691168, 44.0712509155275 ], [ 9.83958339691168, 44.070880889892599 ], [ 9.83958339691168, 44.070693969726698 ], [ 9.839304924011291, 44.070693969726698 ], [ 9.839304924011291, 44.070137023925703 ], [ 9.83958339691168, 44.070137023925703 ], [ 9.83958339691168, 44.069583892822301 ], [ 9.839304924011291, 44.069583892822301 ], [ 9.839304924011291, 44.069026947021598 ], [ 9.8387508392334, 44.069026947021598 ], [ 9.8387508392334, 44.069305419921903 ], [ 9.837638854980471, 44.069305419921903 ], [ 9.837638854980471, 44.069026947021598 ], [ 9.837082862854, 44.069026947021598 ], [ 9.837082862854, 44.0687484741212 ], [ 9.836528778076289, 44.0687484741212 ], [ 9.836528778076289, 44.068473815917997 ], [ 9.835972785949821, 44.068473815917997 ], [ 9.835972785949821, 44.068195343017599 ], [ 9.835416793823359, 44.068195343017599 ], [ 9.835416793823359, 44.067916870117202 ], [ 9.835139274597219, 44.067916870117202 ], [ 9.835139274597219, 44.067638397216903 ], [ 9.83569526672369, 44.067638397216903 ], [ 9.83569526672369, 44.067359924316499 ], [ 9.835972785949821, 44.067359924316499 ], [ 9.835972785949821, 44.067081451416101 ], [ 9.83625125885021, 44.067081451416101 ], [ 9.83625125885021, 44.066806793212898 ], [ 9.836528778076289, 44.066806793212898 ], [ 9.836528778076289, 44.0665283203125 ], [ 9.836805343627869, 44.0665283203125 ], [ 9.836805343627869, 44.066249847412102 ], [ 9.837082862854, 44.066249847412102 ], [ 9.837082862854, 44.065971374511697 ], [ 9.837361335754339, 44.065971374511697 ], [ 9.837361335754339, 44.0656929016113 ], [ 9.837638854980471, 44.0656929016113 ], [ 9.837638854980471, 44.065418243408303 ], [ 9.837917327880859, 44.065418243408303 ], [ 9.837917327880859, 44.065139770507898 ], [ 9.838473320007321, 44.065139770507898 ], [ 9.838473320007321, 44.065418243408303 ], [ 9.83986091613775, 44.065418243408303 ], [ 9.83986091613775, 44.0656929016113 ], [ 9.840139389038139, 44.0656929016113 ], [ 9.840139389038139, 44.066249847412102 ], [ 9.840416908264221, 44.066249847412102 ], [ 9.840416908264221, 44.066806793212898 ], [ 9.840695381164609, 44.066806793212898 ], [ 9.840695381164609, 44.067081451416101 ], [ 9.840970993042109, 44.067081451416101 ], [ 9.840970993042109, 44.067359924316499 ], [ 9.842276573181209, 44.067359924316499 ], [ 9.84236145019543, 44.067359924316499 ], [ 9.84236145019543, 44.067638397216903 ], [ 9.84263896942133, 44.067638397216903 ], [ 9.84263896942133, 44.067916870117202 ], [ 9.843193054199221, 44.067916870117202 ], [ 9.843193054199221, 44.068195343017599 ], [ 9.84347343444818, 44.068195343017599 ], [ 9.84347343444818, 44.068473815917997 ], [ 9.84374904632568, 44.068473815917997 ], [ 9.84374904632568, 44.0687484741212 ], [ 9.84402656555176, 44.0687484741212 ], [ 9.84402656555176, 44.069026947021598 ], [ 9.844582557678279, 44.069026947021598 ], [ 9.844582557678279, 44.069305419921903 ], [ 9.84486103057861, 44.069305419921903 ], [ 9.84486103057861, 44.069583892822301 ], [ 9.84541702270513, 44.069583892822301 ], [ 9.84541702270513, 44.0693168640137 ], [ 9.845971107482971, 44.069305419921903 ], [ 9.845971107482971, 44.069026947021598 ], [ 9.8462486267091, 44.069026947021598 ], [ 9.8462486267091, 44.068473815917997 ], [ 9.845971107482971, 44.068473815917997 ], [ 9.845971107482971, 44.068195343017599 ], [ 9.845694541931209, 44.068195343017599 ], [ 9.845694541931209, 44.067638397216903 ], [ 9.84541702270513, 44.067638397216903 ], [ 9.84541702270513, 44.067085266113203 ], [ 9.845138549804741, 44.067081451416101 ], [ 9.845138549804741, 44.0665283203125 ], [ 9.84486103057861, 44.0665283203125 ], [ 9.84486103057861, 44.066249847412102 ], [ 9.844582557678279, 44.066249847412102 ], [ 9.844582557678279, 44.065971374511697 ], [ 9.84430503845215, 44.065971374511697 ], [ 9.84430503845215, 44.0656929016113 ], [ 9.84402656555176, 44.0656929016113 ], [ 9.84402656555176, 44.065418243408303 ], [ 9.84374904632568, 44.065418243408303 ], [ 9.84374904632568, 44.065139770507898 ], [ 9.8439760208131, 44.065139770507898 ], [ 9.84402656555176, 44.065074920654197 ], [ 9.84402656555176, 44.0648612976075 ], [ 9.84419059753429, 44.0648612976075 ], [ 9.84430503845215, 44.0648612976075 ], [ 9.84430503845215, 44.065139770507898 ], [ 9.84486103057861, 44.065139770507898 ], [ 9.84486103057861, 44.065418243408303 ], [ 9.845138549804741, 44.065418243408303 ], [ 9.845138549804741, 44.0656929016113 ], [ 9.845694541931209, 44.0656929016113 ], [ 9.845694541931209, 44.065971374511697 ], [ 9.845971107482971, 44.065971374511697 ], [ 9.845971107482971, 44.066249847412102 ], [ 9.846804618835559, 44.066249847412102 ], [ 9.846804618835559, 44.0665283203125 ], [ 9.847361564636341, 44.0665283203125 ], [ 9.847361564636341, 44.066806793212898 ], [ 9.84764003753668, 44.066806793212898 ], [ 9.84764003753668, 44.067081451416101 ], [ 9.84847354888927, 44.067081451416101 ], [ 9.84847354888927, 44.067359924316499 ], [ 9.84902763366699, 44.067359924316499 ], [ 9.84902763366699, 44.067638397216903 ], [ 9.849862098693849, 44.067638397216903 ], [ 9.849862098693849, 44.067359924316499 ], [ 9.85152816772467, 44.067359924316499 ], [ 9.85152816772467, 44.067081451416101 ], [ 9.85180568695074, 44.067081451416101 ], [ 9.85180568695074, 44.066806793212898 ], [ 9.85152816772467, 44.066806793212898 ], [ 9.85152816772467, 44.0665283203125 ], [ 9.851249694824279, 44.0665283203125 ], [ 9.851249694824279, 44.066249847412102 ], [ 9.8509721755982, 44.066249847412102 ], [ 9.8509721755982, 44.065971374511697 ], [ 9.84930610656733, 44.065971374511697 ], [ 9.84930610656733, 44.0656929016113 ], [ 9.848750114440859, 44.0656929016113 ], [ 9.848750114440859, 44.065418243408303 ], [ 9.84819316864013, 44.065418243408303 ], [ 9.84819316864013, 44.065139770507898 ], [ 9.847917556762811, 44.065139770507898 ], [ 9.847917556762811, 44.0648612976075 ], [ 9.84764003753668, 44.0648612976075 ], [ 9.84764003753668, 44.064582824707102 ], [ 9.847361564636341, 44.064582824707102 ], [ 9.847361564636341, 44.064304351806797 ], [ 9.84708309173595, 44.064304351806797 ], [ 9.84708309173595, 44.063194274902401 ], [ 9.846804618835559, 44.063194274902401 ], [ 9.846804618835559, 44.062362670898402 ], [ 9.84708309173595, 44.062362670898402 ], [ 9.84708309173595, 44.062084197997997 ], [ 9.847361564636341, 44.062084197997997 ], [ 9.847361564636341, 44.061805725097699 ], [ 9.84764003753668, 44.061805725097699 ], [ 9.84764003753668, 44.061527252197301 ], [ 9.847917556762811, 44.061527252197301 ], [ 9.847917556762811, 44.061248779296903 ], [ 9.84930610656733, 44.061248779296903 ], [ 9.84930610656733, 44.061527252197301 ], [ 9.849862098693849, 44.061527252197301 ], [ 9.849862098693849, 44.061805725097699 ], [ 9.85013961791992, 44.061805725097699 ], [ 9.85013961791992, 44.062084197997997 ], [ 9.8509721755982, 44.062084197997997 ], [ 9.8509721755982, 44.062362670898402 ], [ 9.852084159851129, 44.062362670898402 ], [ 9.852084159851129, 44.062084197997997 ], [ 9.852640151977599, 44.062084197997997 ], [ 9.852640151977599, 44.061248779296903 ], [ 9.852359771728629, 44.061248779296903 ], [ 9.852359771728629, 44.060138702392599 ], [ 9.852084159851129, 44.060138702392599 ], [ 9.852084159851129, 44.059860229492202 ], [ 9.85152816772467, 44.059860229492202 ], [ 9.85152816772467, 44.059581756591797 ], [ 9.851249694824279, 44.059581756591797 ], [ 9.851249694824279, 44.0593070983888 ], [ 9.8509721755982, 44.0593070983888 ], [ 9.8509721755982, 44.059028625488402 ], [ 9.850418090820311, 44.059028625488402 ], [ 9.85041618347168, 44.058750152587997 ], [ 9.85013961791992, 44.058750152587997 ], [ 9.85013961791992, 44.058471679687599 ], [ 9.849862098693849, 44.058471679687599 ], [ 9.849862098693849, 44.058193206787202 ], [ 9.846804618835559, 44.058193206787202 ], [ 9.846804618835559, 44.0576400756837 ], [ 9.84652709960949, 44.0576400756837 ], [ 9.84652709960949, 44.057361602783303 ], [ 9.845694541931209, 44.057361602783303 ], [ 9.845694541931209, 44.0576400756837 ], [ 9.844582557678279, 44.0576400756837 ], [ 9.844582557678279, 44.057918548583999 ], [ 9.84430503845215, 44.057918548583999 ], [ 9.84430503845215, 44.058193206787202 ], [ 9.84402656555176, 44.058193206787202 ], [ 9.84402656555176, 44.058471679687599 ], [ 9.84347343444818, 44.058471679687599 ], [ 9.84347343444818, 44.058750152587997 ], [ 9.84236145019543, 44.058750152587997 ], [ 9.84236145019543, 44.058471679687599 ], [ 9.84205341339117, 44.058471679687599 ], [ 9.84180545806896, 44.058471679687599 ], [ 9.84180545806896, 44.058193206787202 ], [ 9.841526985168571, 44.058193206787202 ], [ 9.841526985168571, 44.057918548583999 ], [ 9.840695381164609, 44.057918548583999 ], [ 9.840695381164609, 44.0576400756837 ], [ 9.83958339691168, 44.0576400756837 ], [ 9.83958339691168, 44.057083129882898 ], [ 9.83986091613775, 44.057083129882898 ], [ 9.83986091613775, 44.056251525878899 ], [ 9.83958339691168, 44.056251525878899 ], [ 9.83958339691168, 44.055694580078097 ], [ 9.839304924011291, 44.055694580078097 ], [ 9.839304924011291, 44.055137634277401 ], [ 9.838473320007321, 44.055137634277401 ], [ 9.838473320007321, 44.053379058837898 ], [ 9.838473320007321, 44.053195953369297 ], [ 9.83834362030035, 44.053195953369297 ], [ 9.83819484710693, 44.053195953369297 ], [ 9.83819484710693, 44.052982330322301 ], [ 9.83819484710693, 44.052360534668097 ], [ 9.837917327880859, 44.052360534668097 ], [ 9.837917327880859, 44.051807403564503 ], [ 9.837638854980471, 44.051807403564503 ], [ 9.837638854980471, 44.051528930664098 ], [ 9.83720779418945, 44.051528930664098 ], [ 9.837082862854, 44.051528930664098 ], [ 9.837082862854, 44.0512504577637 ], [ 9.83642578125011, 44.0512504577637 ], [ 9.83625125885021, 44.0512504577637 ], [ 9.83625125885021, 44.051105499267699 ], [ 9.83625125885021, 44.050693511962898 ], [ 9.835972785949821, 44.050693511962898 ], [ 9.835972785949821, 44.050140380859403 ], [ 9.83569526672369, 44.050140380859403 ], [ 9.83569526672369, 44.049861907958999 ], [ 9.835139274597219, 44.049861907958999 ], [ 9.835139274597219, 44.049583435058601 ], [ 9.834859848022569, 44.049583435058601 ], [ 9.834859848022569, 44.049304962158203 ], [ 9.834306716919, 44.049304962158203 ], [ 9.834306716919, 44.048473358154403 ], [ 9.83375072479248, 44.048473358154403 ], [ 9.83375072479248, 44.0481948852538 ], [ 9.83319377899176, 44.0481948852538 ], [ 9.83319377899176, 44.047916412353501 ], [ 9.83291625976562, 44.047916412353501 ], [ 9.83291625976562, 44.047637939453097 ], [ 9.831804275512701, 44.047637939453097 ], [ 9.831804275512701, 44.047916412353501 ], [ 9.831527709960939, 44.047916412353501 ], [ 9.831527709960939, 44.048751831054801 ], [ 9.831804275512701, 44.048751831054801 ], [ 9.831804275512701, 44.049026489257798 ], [ 9.832083702087401, 44.049026489257798 ], [ 9.832083702087401, 44.049304962158203 ], [ 9.83236026763916, 44.049304962158203 ], [ 9.83236026763916, 44.049583435058601 ], [ 9.831804275512701, 44.049583435058601 ], [ 9.831804275512701, 44.049861907958999 ], [ 9.830971717834419, 44.049861907958999 ], [ 9.830971717834419, 44.050140380859403 ], [ 9.830415725707949, 44.050140380859403 ], [ 9.830415725707949, 44.050415039062599 ], [ 9.82985973358149, 44.050415039062599 ], [ 9.82985973358149, 44.050693511962898 ], [ 9.82958412170416, 44.050693511962898 ], [ 9.82958412170416, 44.050971984863303 ], [ 9.828749656677299, 44.050971984863303 ], [ 9.828749656677299, 44.0512504577637 ], [ 9.82847213745123, 44.0512504577637 ], [ 9.82847213745123, 44.051807403564503 ], [ 9.82819366455084, 44.051807403564503 ], [ 9.82819366455084, 44.052082061767699 ], [ 9.82791805267334, 44.052082061767699 ], [ 9.82791805267334, 44.052360534668097 ], [ 9.82763767242437, 44.052360534668097 ], [ 9.82763767242437, 44.052639007568501 ], [ 9.82736206054687, 44.052639007568501 ], [ 9.82736206054687, 44.052917480468899 ], [ 9.827083587646481, 44.052917480468899 ], [ 9.827083587646481, 44.053195953369297 ], [ 9.82680606842041, 44.053195953369297 ], [ 9.82680606842041, 44.053470611572301 ], [ 9.82652759552002, 44.053470611572301 ], [ 9.82652759552002, 44.053749084472699 ], [ 9.826250076293951, 44.053749084472699 ], [ 9.826250076293951, 44.054027557372997 ], [ 9.825971603393549, 44.054027557372997 ], [ 9.825971603393549, 44.054306030273402 ], [ 9.82541561126709, 44.054306030273402 ], [ 9.82541561126709, 44.0545845031738 ], [ 9.82513999938976, 44.0545845031738 ], [ 9.82513999938976, 44.055137634277401 ], [ 9.82486152648937, 44.055137634277401 ], [ 9.82486152648937, 44.055416107177699 ], [ 9.824584007263301, 44.055416107177699 ], [ 9.824584007263301, 44.055694580078097 ], [ 9.82430553436291, 44.055694580078097 ], [ 9.82430553436291, 44.055973052978501 ], [ 9.824028015136831, 44.055973052978501 ], [ 9.824028015136831, 44.056251525878899 ], [ 9.82374954223644, 44.056251525878899 ], [ 9.82374954223644, 44.0568046569825 ], [ 9.823193550109981, 44.0568046569825 ], [ 9.823193550109981, 44.057083129882898 ], [ 9.82291793823248, 44.057083129882898 ], [ 9.82291793823248, 44.057361602783303 ], [ 9.822636604309199, 44.057361602783303 ], [ 9.822636604309199, 44.0576400756837 ], [ 9.822084426879879, 44.0576400756837 ], [ 9.822084426879879, 44.057918548583999 ], [ 9.82152843475342, 44.057918548583999 ], [ 9.82152843475342, 44.058193206787202 ], [ 9.820970535278381, 44.058193206787202 ], [ 9.820970535278381, 44.058471679687599 ], [ 9.82013988494867, 44.058471679687599 ], [ 9.82013988494867, 44.058750152587997 ], [ 9.819861412048279, 44.058750152587997 ], [ 9.819861412048279, 44.059028625488402 ], [ 9.819582939147949, 44.059028625488402 ], [ 9.819582939147949, 44.0593070983888 ], [ 9.819026947021429, 44.0593070983888 ], [ 9.819026947021429, 44.059581756591797 ], [ 9.81875228881842, 44.059581756591797 ], [ 9.81875228881842, 44.059860229492202 ], [ 9.81819534301763, 44.059860229492202 ], [ 9.81819534301763, 44.060138702392599 ], [ 9.817083358764711, 44.060138702392599 ], [ 9.817083358764711, 44.060417175292997 ], [ 9.81624889373785, 44.060417175292997 ], [ 9.81624889373785, 44.060695648193303 ], [ 9.81541728973388, 44.060695648193303 ], [ 9.81541728973388, 44.0609741210937 ], [ 9.81486129760742, 44.0609741210937 ], [ 9.81486129760742, 44.060695648193303 ], [ 9.814305305480961, 44.060695648193303 ], [ 9.814305305480961, 44.0609741210937 ], [ 9.8134708404541, 44.0609741210937 ], [ 9.8134708404541, 44.061248779296903 ], [ 9.81319522857677, 44.061248779296903 ], [ 9.81319522857677, 44.061805725097699 ], [ 9.81291675567638, 44.061805725097699 ], [ 9.81291675567638, 44.062084197997997 ], [ 9.81180477142345, 44.062084197997997 ], [ 9.81180477142345, 44.062362670898402 ], [ 9.81097316741949, 44.062362670898402 ], [ 9.81097316741949, 44.062084197997997 ], [ 9.810417175293029, 44.062084197997997 ], [ 9.810417175293029, 44.062637329101698 ], [ 9.8098611831665, 44.062637329101698 ], [ 9.8098611831665, 44.062915802002003 ], [ 9.809028625488279, 44.062915802002003 ], [ 9.809028625488279, 44.063194274902401 ], [ 9.808195114135691, 44.063194274902401 ], [ 9.808195114135691, 44.063472747802798 ], [ 9.806529045105041, 44.063472747802798 ], [ 9.806529045105041, 44.063751220703203 ], [ 9.805693626403921, 44.063751220703203 ], [ 9.805693626403921, 44.0640258789062 ], [ 9.805137634277459, 44.064029693603601 ], [ 9.805137634277459, 44.064304351806797 ], [ 9.804860115051319, 44.064304351806797 ], [ 9.804860115051319, 44.064029693603601 ], [ 9.8040275573731, 44.0640258789062 ], [ 9.8040275573731, 44.063751220703203 ], [ 9.803750038146971, 44.063751220703203 ], [ 9.803750038146971, 44.063472747802798 ], [ 9.802324295044061, 44.063472747802798 ], [ 9.800694465637321, 44.063472747802798 ], [ 9.800694465637321, 44.063751220703203 ], [ 9.799305915832569, 44.063751220703203 ], [ 9.799305915832569, 44.0640258789062 ], [ 9.798472404480041, 44.064029693603601 ], [ 9.798472404480041, 44.064304351806797 ], [ 9.798195838928221, 44.064304351806797 ], [ 9.798195838928221, 44.064582824707102 ], [ 9.797916412353519, 44.064582824707102 ], [ 9.797916412353519, 44.0648612976075 ], [ 9.79763984680176, 44.0648612976075 ], [ 9.79763984680176, 44.065139770507898 ], [ 9.79736232757568, 44.065139770507898 ], [ 9.79736232757568, 44.065418243408303 ], [ 9.797083854675289, 44.065418243408303 ], [ 9.797083854675289, 44.0656929016113 ], [ 9.79652786254883, 44.0656929016113 ], [ 9.79652786254883, 44.065971374511697 ], [ 9.79597187042231, 44.065971374511697 ], [ 9.79597187042231, 44.066249847412102 ], [ 9.79541778564464, 44.066249847412102 ], [ 9.79541778564464, 44.0665283203125 ], [ 9.79486179351818, 44.0665283203125 ], [ 9.79486179351818, 44.066806793212898 ], [ 9.79430580139166, 44.066806793212898 ], [ 9.79430580139166, 44.067081451416101 ], [ 9.794027328491319, 44.067085266113203 ], [ 9.794027328491319, 44.067359924316499 ], [ 9.79374885559093, 44.067359924316499 ], [ 9.79374885559093, 44.067638397216903 ], [ 9.793471336364799, 44.067638397216903 ], [ 9.793471336364799, 44.068195343017599 ], [ 9.793195724487299, 44.068195343017599 ], [ 9.793195724487299, 44.0687484741212 ], [ 9.79263877868658, 44.0687484741212 ], [ 9.79263877868658, 44.069026947021598 ], [ 9.792361259460449, 44.069026947021598 ], [ 9.792361259460449, 44.069305419921903 ], [ 9.792082786560121, 44.069305419921903 ], [ 9.792082786560121, 44.069583892822301 ], [ 9.791805267333981, 44.069583892822301 ], [ 9.791805267333981, 44.069862365722699 ], [ 9.79152679443359, 44.069862365722699 ], [ 9.79152679443359, 44.070137023925703 ], [ 9.79124927520752, 44.070137023925703 ], [ 9.79124927520752, 44.069862365722699 ], [ 9.790695190429631, 44.069862365722699 ], [ 9.790695190429631, 44.070137023925703 ], [ 9.79041671752924, 44.070137023925703 ], [ 9.79041671752924, 44.070415496826101 ], [ 9.790139198303169, 44.070415496826101 ], [ 9.790139198303169, 44.070693969726698 ], [ 9.78958320617687, 44.070693969726698 ], [ 9.78958320617687, 44.070972442627102 ], [ 9.78930473327631, 44.070972442627102 ], [ 9.78930473327631, 44.0712509155275 ], [ 9.787638664245661, 44.0712509155275 ], [ 9.787638664245661, 44.071529388427798 ], [ 9.78736114501959, 44.071529388427798 ], [ 9.78736114501959, 44.0712509155275 ], [ 9.78680515289312, 44.0712509155275 ], [ 9.78680515289312, 44.070972442627102 ], [ 9.784860610961911, 44.070972442627102 ], [ 9.784860610961911, 44.0712509155275 ], [ 9.783748626708981, 44.0712509155275 ], [ 9.783748626708981, 44.071529388427798 ], [ 9.782638549804799, 44.071529388427798 ], [ 9.782638549804799, 44.071804046630902 ], [ 9.78236103057867, 44.071804046630902 ], [ 9.78236103057867, 44.0720825195312 ], [ 9.78208255767834, 44.0720825195312 ], [ 9.78208255767834, 44.072639465332003 ], [ 9.78180694580084, 44.072639465332003 ], [ 9.78180694580084, 44.073192596435597 ], [ 9.78152561187756, 44.073192596435597 ], [ 9.78152561187756, 44.074028015136797 ], [ 9.78125095367432, 44.074028015136797 ], [ 9.78125095367432, 44.074306488037202 ], [ 9.78069496154785, 44.074306488037202 ], [ 9.78069496154785, 44.0745849609375 ], [ 9.7804155349732, 44.0745849609375 ], [ 9.7804155349732, 44.074306488037202 ], [ 9.780138015747131, 44.074306488037202 ], [ 9.780138015747131, 44.0745849609375 ], [ 9.778750419616641, 44.0745849609375 ], [ 9.778750419616641, 44.074859619140703 ], [ 9.776249885559141, 44.074859619140703 ], [ 9.776249885559141, 44.075138092041101 ], [ 9.774862289428709, 44.075138092041101 ], [ 9.774862289428709, 44.074859619140703 ], [ 9.77430629730225, 44.074859619140703 ], [ 9.77430629730225, 44.075138092041101 ], [ 9.774027824401861, 44.075138092041101 ], [ 9.774027824401861, 44.079582214355497 ], [ 9.773750305175779, 44.079582214355497 ], [ 9.773750305175779, 44.079971313476598 ], [ 9.773750305175779, 44.0801391601563 ], [ 9.77344512939459, 44.0801391601563 ], [ 9.77208423614513, 44.0801391601563 ], [ 9.77208423614513, 44.080417633056697 ], [ 9.77041625976568, 44.080417633056697 ], [ 9.77041625976568, 44.080696105957102 ], [ 9.767917633056641, 44.080696105957102 ], [ 9.767917633056641, 44.080970764160298 ], [ 9.767084121704039, 44.080970764160298 ], [ 9.767084121704039, 44.081249237060703 ], [ 9.76652717590326, 44.081249237060703 ], [ 9.76652717590326, 44.081527709961101 ], [ 9.7659711837768, 44.081527709961101 ], [ 9.7659711837768, 44.083160400390597 ], [ 9.76458263397228, 44.083194732666001 ], [ 9.76458263397228, 44.082916259765597 ], [ 9.761527061462401, 44.082916259765597 ], [ 9.761527061462401, 44.083194732666001 ], [ 9.761251449585069, 44.083194732666001 ], [ 9.76124858856201, 44.083473205566499 ], [ 9.76069545745861, 44.083473205566499 ], [ 9.76069545745861, 44.083751678466903 ], [ 9.76013946533214, 44.083751678466903 ], [ 9.76013946533214, 44.085140228271499 ], [ 9.759860992431751, 44.085140228271499 ], [ 9.759860992431751, 44.085414886474702 ], [ 9.75958347320568, 44.085414886474702 ], [ 9.75958347320568, 44.085693359375 ], [ 9.759026527404901, 44.085693359375 ], [ 9.759026527404901, 44.085971832275398 ], [ 9.758750915527401, 44.085971832275398 ], [ 9.758750915527401, 44.086250305175803 ], [ 9.758194923400939, 44.086250305175803 ], [ 9.758194923400939, 44.0865287780762 ], [ 9.75791740417486, 44.0865287780762 ], [ 9.75791740417486, 44.086807250976598 ], [ 9.758194923400939, 44.086807250976598 ], [ 9.758194923400939, 44.087360382080199 ], [ 9.75847339630133, 44.087360382080199 ], [ 9.75847339630133, 44.088466644287202 ], [ 9.75847339630133, 44.089584350585902 ], [ 9.758194923400939, 44.089584350585902 ], [ 9.758194923400939, 44.089862823486399 ], [ 9.757638931274469, 44.089862823486399 ], [ 9.757638931274469, 44.090137481689503 ], [ 9.75708293914801, 44.090137481689503 ], [ 9.75708293914801, 44.090415954589801 ], [ 9.75625133514399, 44.090415954589801 ], [ 9.75625133514399, 44.090694427490199 ], [ 9.755830764770449, 44.090694427490199 ], [ 9.755416870117131, 44.090694427490199 ], [ 9.755416870117131, 44.090415954589801 ], [ 9.754582405090281, 44.090415954589801 ], [ 9.754582405090281, 44.090137481689503 ], [ 9.75347328186041, 44.090137481689503 ], [ 9.75347328186041, 44.089862823486399 ], [ 9.75041580200195, 44.089862823486399 ], [ 9.75041580200195, 44.090137481689503 ], [ 9.750138282775881, 44.090137481689503 ], [ 9.750138282775881, 44.090415954589801 ], [ 9.74985980987549, 44.090415954589801 ], [ 9.74985980987549, 44.090694427490199 ], [ 9.748472213745231, 44.090694427490199 ], [ 9.748472213745231, 44.090972900390597 ], [ 9.746250152587949, 44.090972900390597 ], [ 9.746250152587949, 44.090694427490199 ], [ 9.74541568756109, 44.090694427490199 ], [ 9.74541568756109, 44.090972900390597 ], [ 9.74514007568359, 44.090972900390597 ], [ 9.74514007568359, 44.091251373291001 ], [ 9.7448616027832, 44.091251373291001 ], [ 9.744859695434631, 44.091526031494197 ], [ 9.744584083557131, 44.091526031494197 ], [ 9.744584083557131, 44.091804504394602 ], [ 9.74263763427729, 44.091804504394602 ], [ 9.74263763427729, 44.091526031494197 ], [ 9.73958301544195, 44.091526031494197 ], [ 9.73958301544195, 44.091804504394602 ], [ 9.739304542541561, 44.091804504394602 ], [ 9.739304542541561, 44.092082977295 ], [ 9.73875236511242, 44.092082977295 ], [ 9.73875236511242, 44.094860076904297 ], [ 9.73902702331543, 44.094860076904297 ], [ 9.73902702331543, 44.095542907714801 ], [ 9.73902702331543, 44.095973968505803 ], [ 9.739304542541561, 44.095973968505803 ], [ 9.739304542541561, 44.096805572509801 ], [ 9.737916946411071, 44.096805572509801 ], [ 9.737916946411071, 44.097084045410199 ], [ 9.737560272216911, 44.097084045410199 ], [ 9.73569488525396, 44.097084045410199 ], [ 9.73569488525396, 44.0976371765138 ], [ 9.73597335815435, 44.0976371765138 ], [ 9.73597335815435, 44.098472595214901 ], [ 9.73624897003185, 44.098472595214901 ], [ 9.73624897003185, 44.099029541015703 ], [ 9.73569488525396, 44.099044799804702 ], [ 9.73569488525396, 44.099304199218899 ], [ 9.73544883728033, 44.099304199218899 ], [ 9.7351388931275, 44.099304199218899 ], [ 9.7351388931275, 44.099582672119197 ], [ 9.73458290100103, 44.099582672119197 ], [ 9.73458290100103, 44.099861145019602 ], [ 9.73402690887457, 44.099861145019602 ], [ 9.73402690887457, 44.10013961792 ], [ 9.7334709167481, 44.10013961792 ], [ 9.7334709167481, 44.100418090820398 ], [ 9.733195304870611, 44.100418090820398 ], [ 9.733195304870611, 44.1009712219238 ], [ 9.73291683197021, 44.1009712219238 ], [ 9.73291683197021, 44.101528167724602 ], [ 9.73236083984375, 44.101528167724602 ], [ 9.73236083984375, 44.101806640625 ], [ 9.731529235839959, 44.101806640625 ], [ 9.731527328491151, 44.102085113525298 ], [ 9.730973243713491, 44.102085113525298 ], [ 9.730973243713491, 44.102359771728601 ], [ 9.73041725158703, 44.102359771728601 ], [ 9.73041725158703, 44.102638244628999 ], [ 9.730138778686641, 44.102638244628999 ], [ 9.730138778686641, 44.102916717529403 ], [ 9.729582786560171, 44.102916717529403 ], [ 9.729582786560171, 44.103195190429702 ], [ 9.729305267334039, 44.103195190429702 ], [ 9.729305267334039, 44.103473663330099 ], [ 9.728751182556151, 44.103473663330099 ], [ 9.728751182556151, 44.103748321533303 ], [ 9.7279167175293, 44.103748321533303 ], [ 9.7279167175293, 44.104305267333999 ], [ 9.727639198303221, 44.104305267333999 ], [ 9.727639198303221, 44.104583740234403 ], [ 9.727359771728571, 44.104583740234403 ], [ 9.727359771728571, 44.104862213134801 ], [ 9.72708225250244, 44.104862213134801 ], [ 9.72708225250244, 44.105140686035199 ], [ 9.72680664062494, 44.105140686035199 ], [ 9.72680664062494, 44.105415344238203 ], [ 9.726529121398871, 44.105415344238203 ], [ 9.726529121398871, 44.1056938171388 ], [ 9.72625064849848, 44.1056938171388 ], [ 9.72625064849848, 44.105972290039198 ], [ 9.725972175598089, 44.105972290039198 ], [ 9.725972175598089, 44.106250762939602 ], [ 9.72569370269775, 44.106250762939602 ], [ 9.72569370269775, 44.106803894042997 ], [ 9.725416183471619, 44.106803894042997 ], [ 9.725416183471619, 44.107917785644503 ], [ 9.72513771057123, 44.107917785644503 ], [ 9.72513771057123, 44.108196258544901 ], [ 9.725416183471619, 44.108196258544901 ], [ 9.725416183471619, 44.108470916748097 ], [ 9.72625064849848, 44.108470916748097 ], [ 9.72625064849848, 44.108749389648501 ], [ 9.726529121398871, 44.108749389648501 ], [ 9.726529121398871, 44.110137939453203 ], [ 9.72625064849848, 44.110137939453203 ], [ 9.72625064849848, 44.111251831054702 ], [ 9.725972175598089, 44.111251831054702 ], [ 9.725972175598089, 44.111804962158097 ], [ 9.725416183471619, 44.111804962158097 ], [ 9.725416183471619, 44.1120834350587 ], [ 9.72513771057123, 44.1120834350587 ], [ 9.72513771057123, 44.112361907959098 ], [ 9.72486019134516, 44.112361907959098 ], [ 9.72486019134516, 44.112640380859503 ], [ 9.724583625793571, 44.112640380859503 ], [ 9.724583625793571, 44.1129150390625 ], [ 9.724027633667109, 44.1129150390625 ], [ 9.724027633667109, 44.113193511962898 ], [ 9.723750114440969, 44.113193511962898 ], [ 9.723750114440969, 44.113471984863303 ], [ 9.723471641540581, 44.113471984863303 ], [ 9.723471641540581, 44.1137504577637 ], [ 9.72319412231451, 44.1137504577637 ], [ 9.72319412231451, 44.114028930664098 ], [ 9.722915649414119, 44.114028930664098 ], [ 9.722915649414119, 44.114307403564503 ], [ 9.72263813018805, 44.114307403564503 ], [ 9.72263813018805, 44.114582061767599 ], [ 9.72180557250976, 44.114582061767599 ], [ 9.72180557250976, 44.114860534667997 ], [ 9.72152805328369, 44.114860534667997 ], [ 9.72152805328369, 44.115139007568402 ], [ 9.72097206115723, 44.115139007568402 ], [ 9.72097206115723, 44.115695953369197 ], [ 9.720693588256839, 44.115695953369197 ], [ 9.720693588256839, 44.115970611572401 ], [ 9.72041606903076, 44.115970611572401 ], [ 9.72041606903076, 44.116249084472798 ], [ 9.720137596130369, 44.116249084472798 ], [ 9.720137596130369, 44.116527557373203 ], [ 9.719985008239799, 44.116527557373203 ], [ 9.71930599212658, 44.116527557373203 ], [ 9.71930599212658, 44.116806030273501 ], [ 9.719022750854551, 44.116806030273501 ], [ 9.71875, 44.116806030273501 ], [ 9.71875, 44.117084503173899 ], [ 9.718062400817869, 44.117118835449197 ], [ 9.71791553497326, 44.1171264648438 ], [ 9.71791553497326, 44.117362976074297 ], [ 9.717362403869689, 44.117362976074297 ], [ 9.717362403869689, 44.117637634277301 ], [ 9.716806411743161, 44.117637634277301 ], [ 9.716806411743161, 44.117916107177699 ], [ 9.716250419616699, 44.117916107177699 ], [ 9.716250419616699, 44.118167877197301 ], [ 9.715140342712351, 44.118194580078097 ], [ 9.71513652801519, 44.118473052978601 ], [ 9.71430587768549, 44.118473052978601 ], [ 9.71430587768549, 44.118751525878999 ], [ 9.71263980865484, 44.118751525878999 ], [ 9.71263980865484, 44.118473052978601 ], [ 9.71236133575445, 44.118473052978601 ], [ 9.71229457855225, 44.118751525878999 ], [ 9.709860801696779, 44.118751525878999 ], [ 9.709860801696779, 44.118473052978601 ], [ 9.70847320556652, 44.118473052978601 ], [ 9.70847320556652, 44.118751525878999 ], [ 9.70736122131359, 44.118751525878999 ], [ 9.70736122131359, 44.119026184082003 ], [ 9.70513916015631, 44.119026184082003 ], [ 9.70513916015631, 44.119304656982401 ], [ 9.70486068725592, 44.119304656982401 ], [ 9.70486068725592, 44.119583129882798 ], [ 9.70430469512945, 44.119583129882798 ], [ 9.70430469512945, 44.119861602783203 ], [ 9.70374870300299, 44.119861602783203 ], [ 9.70374870300299, 44.121250152587898 ], [ 9.70347309112549, 44.121250152587898 ], [ 9.70347309112549, 44.121528625488303 ], [ 9.703194618225099, 44.121528625488303 ], [ 9.703194618225099, 44.1218070983887 ], [ 9.70347309112549, 44.1218070983887 ], [ 9.70347309112549, 44.122360229492301 ], [ 9.70374870300299, 44.122360229492301 ], [ 9.70374870300299, 44.122982025146499 ], [ 9.70374870300299, 44.123672485351698 ], [ 9.70374870300299, 44.124584197997997 ], [ 9.702638626098629, 44.124584197997997 ], [ 9.702638626098629, 44.124862670898601 ], [ 9.701938629150391, 44.124862670898601 ], [ 9.70180511474604, 44.124862670898601 ], [ 9.70180511474604, 44.124950408935703 ], [ 9.70180511474604, 44.125137329101598 ], [ 9.70152854919445, 44.125137329101598 ], [ 9.70152854919445, 44.125415802002003 ], [ 9.70125102996832, 44.125415802002003 ], [ 9.70125102996832, 44.125694274902301 ], [ 9.700972557067979, 44.125694274902301 ], [ 9.700972557067979, 44.125972747802699 ], [ 9.70069503784185, 44.125972747802699 ], [ 9.70069503784185, 44.126251220703097 ], [ 9.70041656494146, 44.126251220703097 ], [ 9.70041656494146, 44.1265258789063 ], [ 9.69940280914307, 44.126529693603501 ], [ 9.699307441711429, 44.126590728759801 ], [ 9.699307441711429, 44.126804351806697 ], [ 9.69902896881104, 44.126846313476598 ], [ 9.69902896881104, 44.127082824707102 ], [ 9.698740959167541, 44.127082824707102 ], [ 9.69855976104736, 44.127082824707102 ], [ 9.697360038757321, 44.127082824707102 ], [ 9.697360038757321, 44.1273612976075 ], [ 9.696249961852971, 44.1273612976075 ], [ 9.696249961852971, 44.127082824707102 ], [ 9.6954164505006, 44.127082824707102 ], [ 9.6954164505006, 44.1273612976075 ], [ 9.69513797760021, 44.1273612976075 ], [ 9.69513797760021, 44.127082824707102 ], [ 9.69458198547375, 44.127082824707102 ], [ 9.69458198547375, 44.1273612976075 ], [ 9.694027900695859, 44.1273612976075 ], [ 9.694027900695859, 44.127639770507898 ], [ 9.69264030456543, 44.127639770507898 ], [ 9.69264030456543, 44.127918243408303 ], [ 9.691805839538571, 44.127918243408303 ], [ 9.691805839538571, 44.128192901611399 ], [ 9.6915283203125, 44.128192901611399 ], [ 9.6915283203125, 44.128471374511797 ], [ 9.691249847412109, 44.128471374511797 ], [ 9.691249847412109, 44.128749847412202 ], [ 9.69097232818598, 44.128749847412202 ], [ 9.69097232818598, 44.129028320312599 ], [ 9.690693855285639, 44.129028320312599 ], [ 9.690693855285639, 44.129581451416001 ], [ 9.69041633605951, 44.129585266113402 ], [ 9.69041633605951, 44.130138397216797 ], [ 9.69013977050793, 44.130138397216797 ], [ 9.69013977050793, 44.1306953430175 ], [ 9.68930625915533, 44.1306953430175 ], [ 9.68930625915533, 44.130973815917898 ], [ 9.688471794128469, 44.130973815917898 ], [ 9.688471794128469, 44.1312484741212 ], [ 9.68764019012451, 44.1312484741212 ], [ 9.68764019012451, 44.131526947021499 ], [ 9.685695648193301, 44.131526947021499 ], [ 9.685695648193301, 44.131805419921903 ], [ 9.685415267944339, 44.131805419921903 ], [ 9.685415267944339, 44.132637023925902 ], [ 9.68513870239258, 44.132637023925902 ], [ 9.68513870239258, 44.1329154968262 ], [ 9.684861183166451, 44.1329154968262 ], [ 9.684861183166451, 44.133193969726598 ], [ 9.68430519103998, 44.133193969726598 ], [ 9.68430519103998, 44.133472442627003 ], [ 9.68402671813959, 44.133472442627003 ], [ 9.68402671813959, 44.133750915527401 ], [ 9.68374919891369, 44.133750915527401 ], [ 9.68374919891369, 44.134029388427798 ], [ 9.68347263336193, 44.134029388427798 ], [ 9.68347263336193, 44.134304046631001 ], [ 9.68319320678722, 44.134304046631001 ], [ 9.68319320678722, 44.134029388427798 ], [ 9.68291664123541, 44.134029388427798 ], [ 9.68291664123541, 44.133750915527401 ], [ 9.68319320678722, 44.133750915527401 ], [ 9.68319320678722, 44.133472442627003 ], [ 9.68180465698248, 44.133472442627003 ], [ 9.68180465698248, 44.133750915527401 ], [ 9.68124866485601, 44.133750915527401 ], [ 9.68124866485601, 44.134860992431797 ], [ 9.681527137756399, 44.134860992431797 ], [ 9.681527137756399, 44.1354179382325 ], [ 9.68124866485601, 44.1354179382325 ], [ 9.68124866485601, 44.135692596435497 ], [ 9.68069458007812, 44.135692596435497 ], [ 9.68069458007812, 44.135971069335902 ], [ 9.678750991821399, 44.135971069335902 ], [ 9.678750991821399, 44.1362495422363 ], [ 9.67847347259533, 44.1362495422363 ], [ 9.67847347259533, 44.136528015136697 ], [ 9.677916526794551, 44.136528015136697 ], [ 9.677916526794551, 44.136806488037102 ], [ 9.67763900756847, 44.136806488037102 ], [ 9.67763900756847, 44.137084960937401 ], [ 9.677360534668081, 44.137084960937401 ], [ 9.677360534668081, 44.137638092041101 ], [ 9.67708301544201, 44.137638092041101 ], [ 9.67708301544201, 44.137916564941499 ], [ 9.676804542541619, 44.137916564941499 ], [ 9.676804542541619, 44.138473510742202 ], [ 9.676528930664119, 44.138473510742202 ], [ 9.676528930664119, 44.138748168945398 ], [ 9.67569541931152, 44.138748168945398 ], [ 9.67569541931152, 44.139026641845803 ], [ 9.67513942718506, 44.139026641845803 ], [ 9.67513942718506, 44.138748168945398 ], [ 9.67486095428467, 44.138748168945398 ], [ 9.67486095428467, 44.139026641845803 ], [ 9.673750877380311, 44.139026641845803 ], [ 9.673750877380311, 44.1393051147462 ], [ 9.673473358154411, 44.1393051147462 ], [ 9.673473358154411, 44.139026641845803 ], [ 9.6720819473266, 44.139026641845803 ], [ 9.6720819473266, 44.1393051147462 ], [ 9.67152786254894, 44.1393051147462 ], [ 9.67152786254894, 44.139026641845803 ], [ 9.67097187042242, 44.139026641845803 ], [ 9.67097187042242, 44.139583587646499 ], [ 9.670694351196349, 44.139583587646499 ], [ 9.670694351196349, 44.139862060546903 ], [ 9.6693058013916, 44.139862060546903 ], [ 9.6693058013916, 44.140140533447301 ], [ 9.669028282165529, 44.140140533447301 ], [ 9.669028282165529, 44.140415191650298 ], [ 9.668472290039061, 44.140415191650298 ], [ 9.668472290039061, 44.140693664550902 ], [ 9.66819381713867, 44.140693664550902 ], [ 9.66819381713867, 44.1409721374513 ], [ 9.667916297912599, 44.1409721374513 ], [ 9.667916297912599, 44.141250610351698 ], [ 9.667637825012211, 44.141250610351698 ], [ 9.667637825012211, 44.141803741455099 ], [ 9.667362213134879, 44.141803741455099 ], [ 9.667362213134879, 44.142360687255902 ], [ 9.664768218994141, 44.142360687255902 ], [ 9.662637710571291, 44.142360687255902 ], [ 9.662637710571291, 44.1426391601562 ], [ 9.662083625793461, 44.1426391601562 ], [ 9.662083625793461, 44.142917633056598 ], [ 9.661806106567321, 44.142917633056598 ], [ 9.661806106567321, 44.143196105957003 ], [ 9.661250114440859, 44.143196105957003 ], [ 9.661250114440859, 44.143470764160199 ], [ 9.6587486267091, 44.143470764160199 ], [ 9.6587486267091, 44.143196105957003 ], [ 9.65819644927979, 44.143196105957003 ], [ 9.65819644927979, 44.143749237060597 ], [ 9.65791702270508, 44.143749237060597 ], [ 9.65791702270508, 44.144027709961001 ], [ 9.657638549804741, 44.144027709961001 ], [ 9.657638549804741, 44.144584655761697 ], [ 9.65736103057861, 44.144584655761697 ], [ 9.65736103057861, 44.144859313965 ], [ 9.65680503845215, 44.144859313965 ], [ 9.65680503845215, 44.145137786865298 ], [ 9.65652656555176, 44.145137786865298 ], [ 9.65652656555176, 44.145416259765703 ], [ 9.65486145019543, 44.145416259765703 ], [ 9.65486145019543, 44.144584655761697 ], [ 9.65430545806896, 44.144584655761697 ], [ 9.65430545806896, 44.144306182861399 ], [ 9.653751373291071, 44.144306182861399 ], [ 9.653751373291071, 44.144027709961001 ], [ 9.653470993042109, 44.144027709961001 ], [ 9.653470993042109, 44.144306182861399 ], [ 9.652916908264221, 44.144306182861399 ], [ 9.652916908264221, 44.144584655761697 ], [ 9.65236091613775, 44.144584655761697 ], [ 9.65236091613775, 44.144859313965 ], [ 9.651962280273491, 44.144859313965 ], [ 9.65152740478516, 44.144859313965 ], [ 9.65152740478516, 44.144584655761697 ], [ 9.650973320007321, 44.144584655761697 ], [ 9.650973320007321, 44.144859313965 ], [ 9.64819526672369, 44.144859313965 ], [ 9.64819526672369, 44.144584655761697 ], [ 9.647639274597219, 44.144584655761697 ], [ 9.647639274597219, 44.144859313965 ], [ 9.64541625976562, 44.144859313965 ], [ 9.64541625976562, 44.144584655761697 ], [ 9.644027709960881, 44.144584655761697 ], [ 9.644027709960881, 44.144027709961001 ], [ 9.64375019073481, 44.144027709961001 ], [ 9.64375019073481, 44.143470764160199 ], [ 9.643471717834419, 44.143470764160199 ], [ 9.643471717834419, 44.143196105957003 ], [ 9.642915725707949, 44.143196105957003 ], [ 9.642915725707949, 44.142917633056598 ], [ 9.64257717132574, 44.142917633056598 ], [ 9.64235973358166, 44.142917633056598 ], [ 9.64235973358166, 44.142536163330099 ], [ 9.64235973358166, 44.142360687255902 ], [ 9.642259597778381, 44.142360687255902 ], [ 9.642082214355581, 44.142360687255902 ], [ 9.642082214355581, 44.142047882080099 ], [ 9.642082214355581, 44.141803741455099 ], [ 9.64194393157959, 44.141803741455099 ], [ 9.64180564880377, 44.141803741455099 ], [ 9.64180564880377, 44.14155960083 ], [ 9.64180564880377, 44.141250610351698 ], [ 9.641630172729609, 44.141250610351698 ], [ 9.64152812957769, 44.141250610351698 ], [ 9.64152812957769, 44.141071319580099 ], [ 9.64152812957769, 44.1409721374513 ], [ 9.641249656677299, 44.1409721374513 ], [ 9.641249656677299, 44.140693664550902 ], [ 9.64097213745123, 44.140693664550902 ], [ 9.64097213745123, 44.140140533447301 ], [ 9.64069366455084, 44.140140533447301 ], [ 9.64069366455084, 44.139598846435703 ], [ 9.64041614532476, 44.139583587646499 ], [ 9.64041614532476, 44.13920211792 ], [ 9.64041614532476, 44.138748168945398 ], [ 9.64013767242437, 44.138748168945398 ], [ 9.64013767242437, 44.138473510742202 ], [ 9.63986206054688, 44.138473510742202 ], [ 9.63986206054688, 44.138195037841797 ], [ 9.639583587646481, 44.138195037841797 ], [ 9.639583587646481, 44.137916564941499 ], [ 9.63930606842041, 44.137916564941499 ], [ 9.63930606842041, 44.136806488037102 ], [ 9.63902759552002, 44.136806488037102 ], [ 9.63902759552002, 44.136528015136697 ], [ 9.63875007629394, 44.136528015136697 ], [ 9.63875007629394, 44.1362495422363 ], [ 9.638471603393549, 44.1362495422363 ], [ 9.638471603393549, 44.135692596435497 ], [ 9.63819408416748, 44.135692596435497 ], [ 9.63819408416748, 44.1354179382325 ], [ 9.63791561126709, 44.1354179382325 ], [ 9.63791561126709, 44.135139465332102 ], [ 9.637084007263301, 44.135139465332102 ], [ 9.637084007263301, 44.134860992431797 ], [ 9.63680553436291, 44.134860992431797 ], [ 9.63680553436291, 44.134582519531399 ], [ 9.63657283782959, 44.134582519531399 ], [ 9.636491775512701, 44.134582519531399 ], [ 9.63636493682861, 44.134582519531399 ], [ 9.63624954223644, 44.134582519531399 ], [ 9.63624954223644, 44.134304046631001 ], [ 9.635693550109981, 44.134304046631001 ], [ 9.635693550109981, 44.133750915527401 ], [ 9.63541793823248, 44.133750915527401 ], [ 9.63541793823248, 44.133472442627003 ], [ 9.63430595397949, 44.133472442627003 ], [ 9.63430595397949, 44.133750915527401 ], [ 9.63402843475342, 44.133750915527401 ], [ 9.63402843475342, 44.134029388427798 ], [ 9.63430595397949, 44.134029388427798 ], [ 9.63430595397949, 44.134860992431797 ], [ 9.63402843475342, 44.134860992431797 ], [ 9.63402843475342, 44.135139465332102 ], [ 9.633749961853029, 44.135139465332102 ], [ 9.633749961853029, 44.1354179382325 ], [ 9.633470535278381, 44.1354179382325 ], [ 9.633470535278381, 44.135692596435497 ], [ 9.63236236572277, 44.135692596435497 ], [ 9.63236236572277, 44.135971069335902 ], [ 9.632082939147891, 44.135971069335902 ], [ 9.632082939147891, 44.1362495422363 ], [ 9.63180541992182, 44.1362495422363 ], [ 9.63180541992182, 44.136528015136697 ], [ 9.63124942779552, 44.136528015136697 ], [ 9.63124942779552, 44.136806488037102 ], [ 9.630970954894959, 44.136806488037102 ], [ 9.630970954894959, 44.137084960937401 ], [ 9.63069534301763, 44.137084960937401 ], [ 9.63069534301763, 44.137359619140703 ], [ 9.63013935089117, 44.137359619140703 ], [ 9.63013935089117, 44.137638092041101 ], [ 9.629860877990779, 44.137638092041101 ], [ 9.629860877990779, 44.137916564941499 ], [ 9.629304885864309, 44.137916564941499 ], [ 9.629304885864309, 44.138195037841797 ], [ 9.62902736663824, 44.138195037841797 ], [ 9.62902736663824, 44.138473510742202 ], [ 9.62847328186035, 44.138473510742202 ], [ 9.62847328186035, 44.138748168945398 ], [ 9.628194808959959, 44.138748168945398 ], [ 9.628194808959959, 44.139026641845803 ], [ 9.6276388168335, 44.139026641845803 ], [ 9.6276388168335, 44.1393051147462 ], [ 9.62736129760742, 44.1393051147462 ], [ 9.62736129760742, 44.139583587646499 ], [ 9.626805305480961, 44.139583587646499 ], [ 9.626805305480961, 44.139862060546903 ], [ 9.62652683258057, 44.139862060546903 ], [ 9.62652683258057, 44.140140533447301 ], [ 9.6259708404541, 44.140140533447301 ], [ 9.6259708404541, 44.140415191650298 ], [ 9.62569522857677, 44.140415191650298 ], [ 9.62569522857677, 44.140693664550902 ], [ 9.625139236450311, 44.140693664550902 ], [ 9.625139236450311, 44.1409721374513 ], [ 9.624583244323841, 44.1409721374513 ], [ 9.624583244323841, 44.141250610351698 ], [ 9.62430477142345, 44.141250610351698 ], [ 9.62430477142345, 44.141529083252102 ], [ 9.62402915954595, 44.141529083252102 ], [ 9.62402915954595, 44.142082214355497 ], [ 9.62374877929699, 44.142082214355497 ], [ 9.62374877929699, 44.142360687255902 ], [ 9.62347316741949, 44.142360687255902 ], [ 9.62347316741949, 44.142082214355497 ], [ 9.6231946945191, 44.142082214355497 ], [ 9.6231946945191, 44.142360687255902 ], [ 9.622917175292971, 44.142360687255902 ], [ 9.622917175292971, 44.1426391601562 ], [ 9.62263870239263, 44.1426391601562 ], [ 9.62263870239263, 44.142917633056598 ], [ 9.62208271026611, 44.142917633056598 ], [ 9.62208271026611, 44.143196105957003 ], [ 9.621805191040041, 44.143196105957003 ], [ 9.621805191040041, 44.143470764160199 ], [ 9.621528625488279, 44.143470764160199 ], [ 9.621528625488279, 44.144027709961001 ], [ 9.62125110626215, 44.144027709961001 ], [ 9.62125110626215, 44.144584655761697 ], [ 9.62097263336176, 44.144584655761697 ], [ 9.62097263336176, 44.144859313965 ], [ 9.620695114135691, 44.144859313965 ], [ 9.620695114135691, 44.145416259765703 ], [ 9.620416641235289, 44.145416259765703 ], [ 9.620416641235289, 44.145694732666101 ], [ 9.620139122009389, 44.145694732666101 ], [ 9.620139122009389, 44.145973205566499 ], [ 9.61985969543457, 44.145973205566499 ], [ 9.61985969543457, 44.146251678466903 ], [ 9.619582176208439, 44.146251678466903 ], [ 9.619582176208439, 44.146804809570298 ], [ 9.61930656433111, 44.146804809570298 ], [ 9.61930656433111, 44.147083282470803 ], [ 9.619029045105041, 44.147083282470803 ], [ 9.619029045105041, 44.1473617553712 ], [ 9.61875057220465, 44.1473617553712 ], [ 9.61875057220465, 44.147914886474602 ], [ 9.61847209930426, 44.147914886474602 ], [ 9.61847209930426, 44.148471832275398 ], [ 9.618193626403921, 44.148471832275398 ], [ 9.618193626403921, 44.148750305175803 ], [ 9.617916107177789, 44.148750305175803 ], [ 9.617916107177789, 44.149581909179702 ], [ 9.617637634277401, 44.149581909179702 ], [ 9.617637634277401, 44.150138854980497 ], [ 9.61736011505133, 44.150138854980497 ], [ 9.61736011505133, 44.150417327880902 ], [ 9.61708354949957, 44.150417327880902 ], [ 9.61708354949957, 44.1506958007813 ], [ 9.616806030273439, 44.1506958007813 ], [ 9.616806030273439, 44.150970458984503 ], [ 9.61652755737305, 44.150970458984503 ], [ 9.61652755737305, 44.151248931884901 ], [ 9.61597156524658, 44.151248931884901 ], [ 9.61597156524658, 44.151527404785298 ], [ 9.61569404602051, 44.151527404785298 ], [ 9.61569404602051, 44.151805877685703 ], [ 9.615415573120121, 44.151805877685703 ], [ 9.615415573120121, 44.152084350586001 ], [ 9.61486244201671, 44.152084350586001 ], [ 9.61486244201671, 44.152362823486399 ], [ 9.61458206176758, 44.152362823486399 ], [ 9.61458206176758, 44.152637481689503 ], [ 9.61402797698986, 44.152637481689503 ], [ 9.61402797698986, 44.152915954589801 ], [ 9.613750457763789, 44.152915954589801 ], [ 9.613750457763789, 44.153194427490199 ], [ 9.613194465637321, 44.153194427490199 ], [ 9.613194465637321, 44.153472900390703 ], [ 9.612638473510859, 44.153472900390703 ], [ 9.612638473510859, 44.153751373291101 ], [ 9.612360000610471, 44.153751373291101 ], [ 9.612360000610471, 44.154026031494098 ], [ 9.610416412353519, 44.154026031494098 ], [ 9.610416412353519, 44.154304504394503 ], [ 9.609583854675289, 44.154304504394503 ], [ 9.609583854675289, 44.154582977294901 ], [ 9.60930633544916, 44.154582977294901 ], [ 9.60930633544916, 44.154861450195298 ], [ 9.60902786254877, 44.154861450195298 ], [ 9.60902786254877, 44.155139923095703 ], [ 9.608750343322701, 44.155139923095703 ], [ 9.608750343322701, 44.155971527099702 ], [ 9.608194351196399, 44.155971527099702 ], [ 9.608194351196399, 44.15625 ], [ 9.60736179351812, 44.15625 ], [ 9.60736179351812, 44.156528472900398 ], [ 9.60680580139166, 44.156528472900398 ], [ 9.60680580139166, 44.156806945800803 ], [ 9.606528282165581, 44.156806945800803 ], [ 9.606528282165581, 44.157360076904403 ], [ 9.60624885559093, 44.157360076904403 ], [ 9.60624885559093, 44.158748626708999 ], [ 9.605971336364799, 44.158748626708999 ], [ 9.605971336364799, 44.160694122314503 ], [ 9.605695724487299, 44.160694122314503 ], [ 9.605695724487299, 44.161529541015597 ], [ 9.60541534423834, 44.161529541015597 ], [ 9.60541534423834, 44.162361145019602 ], [ 9.605695724487299, 44.162361145019602 ], [ 9.605695724487299, 44.163192749023601 ], [ 9.605971336364799, 44.163192749023601 ], [ 9.605971336364799, 44.163471221923899 ], [ 9.60624885559093, 44.163471221923899 ], [ 9.60624885559093, 44.163749694824297 ], [ 9.606528282165581, 44.163749694824297 ], [ 9.606528282165581, 44.164028167724702 ], [ 9.60680580139166, 44.164028167724702 ], [ 9.60680580139166, 44.164306640625099 ], [ 9.60736179351812, 44.164306640625099 ], [ 9.60736179351812, 44.164585113525497 ], [ 9.60791778564464, 44.164585113525497 ], [ 9.60791778564464, 44.164859771728501 ], [ 9.608194351196399, 44.164859771728501 ], [ 9.608194351196399, 44.165138244628899 ], [ 9.60847187042231, 44.165138244628899 ], [ 9.60847187042231, 44.165416717529297 ], [ 9.608750343322701, 44.165416717529297 ], [ 9.608750343322701, 44.165695190429602 ], [ 9.60902786254877, 44.165695190429602 ], [ 9.60902786254877, 44.16597366333 ], [ 9.609583854675289, 44.16597366333 ], [ 9.609583854675289, 44.166248321533303 ], [ 9.60986232757563, 44.166248321533303 ], [ 9.60986232757563, 44.167915344238303 ], [ 9.609583854675289, 44.167915344238303 ], [ 9.609583854675289, 44.168472290039098 ], [ 9.60930633544916, 44.168472290039098 ], [ 9.60930633544916, 44.169029235839901 ], [ 9.60902786254877, 44.169029235839901 ], [ 9.60902786254877, 44.169303894043097 ], [ 9.60847187042231, 44.169303894043097 ], [ 9.60847187042231, 44.169582366943501 ], [ 9.608194351196399, 44.169582366943501 ], [ 9.608194351196399, 44.169860839843899 ], [ 9.60764026641851, 44.169860839843899 ], [ 9.60764026641851, 44.170139312744297 ], [ 9.60736179351812, 44.170139312744297 ], [ 9.60736179351812, 44.170417785644602 ], [ 9.60680580139166, 44.170417785644602 ], [ 9.60680580139166, 44.170970916747997 ], [ 9.606528282165581, 44.170970916747997 ], [ 9.606528282165581, 44.1715278625488 ], [ 9.60624885559093, 44.1715278625488 ], [ 9.60624885559093, 44.171806335449197 ], [ 9.60541534423834, 44.171806335449197 ], [ 9.60541534423834, 44.172084808349503 ], [ 9.60431194305426, 44.172084808349503 ], [ 9.60362625122082, 44.172084808349503 ], [ 9.60291671752924, 44.172084808349503 ], [ 9.60291671752924, 44.172237396240298 ], [ 9.60291671752924, 44.172359466552798 ], [ 9.60234260559082, 44.172359466552798 ], [ 9.59819507598877, 44.172359466552798 ], [ 9.59819507598877, 44.172084808349503 ], [ 9.595138549804799, 44.172084808349503 ], [ 9.595138549804799, 44.172359466552798 ], [ 9.591250419616641, 44.172359466552798 ], [ 9.591250419616641, 44.172637939453203 ], [ 9.59069442749035, 44.172637939453203 ], [ 9.59069442749035, 44.172916412353601 ], [ 9.59041595458979, 44.172916412353601 ], [ 9.59041595458979, 44.173473358154297 ], [ 9.59069442749035, 44.173473358154297 ], [ 9.59069442749035, 44.173751831054702 ], [ 9.59097194671625, 44.173751831054702 ], [ 9.59097194671625, 44.174026489257898 ], [ 9.59041595458979, 44.174026489257898 ], [ 9.59041595458979, 44.174304962158303 ], [ 9.589859962463491, 44.174304962158303 ], [ 9.589859962463491, 44.1745834350587 ], [ 9.587362289428709, 44.1745834350587 ], [ 9.587362289428709, 44.174861907958999 ], [ 9.58680629730225, 44.174861907958999 ], [ 9.58680629730225, 44.175140380859403 ], [ 9.586527824401861, 44.175140380859403 ], [ 9.586527824401861, 44.175415039062401 ], [ 9.585415840148929, 44.175415039062401 ], [ 9.585415840148929, 44.175693511962997 ], [ 9.58402824401867, 44.175693511962997 ], [ 9.58402824401867, 44.175971984863402 ], [ 9.58374977111828, 44.175971984863402 ], [ 9.58374977111828, 44.1762504577638 ], [ 9.58347225189215, 44.1762504577638 ], [ 9.58347225189215, 44.176528930664198 ], [ 9.583193778991809, 44.176528930664198 ], [ 9.583193778991809, 44.177082061767599 ], [ 9.58291625976568, 44.177082061767599 ], [ 9.58291625976568, 44.178749084472699 ], [ 9.583193778991809, 44.178749084472699 ], [ 9.583193778991809, 44.179027557373097 ], [ 9.58374977111828, 44.179027557373097 ], [ 9.58374977111828, 44.179306030273501 ], [ 9.58415603637701, 44.179306030273501 ], [ 9.584305763244741, 44.179306030273501 ], [ 9.584305763244741, 44.1795845031738 ], [ 9.58458423614513, 44.1795845031738 ], [ 9.58458423614513, 44.179862976074197 ], [ 9.584305763244741, 44.179862976074197 ], [ 9.584305763244741, 44.1801376342775 ], [ 9.58402824401867, 44.1801376342775 ], [ 9.58402824401867, 44.180973052978601 ], [ 9.58374977111828, 44.180973052978601 ], [ 9.58374977111828, 44.181526184082003 ], [ 9.58347225189215, 44.181526184082003 ], [ 9.58347225189215, 44.182083129882898 ], [ 9.583193778991809, 44.182083129882898 ], [ 9.583193778991809, 44.182361602783303 ], [ 9.582083702087459, 44.182361602783303 ], [ 9.582083702087459, 44.1824951171875 ], [ 9.582083702087459, 44.1826400756837 ], [ 9.58125019073486, 44.1826400756837 ], [ 9.58125019073486, 44.182918548584098 ], [ 9.579861640930121, 44.182918548584098 ], [ 9.579861640930121, 44.182666778564503 ], [ 9.57902717590326, 44.1826400756837 ], [ 9.57902717590326, 44.182083129882898 ], [ 9.578748703002869, 44.182083129882898 ], [ 9.578748703002869, 44.181526184082003 ], [ 9.578195571899469, 44.181526184082003 ], [ 9.578195571899469, 44.181251525878999 ], [ 9.577361106872621, 44.181251525878999 ], [ 9.577361106872621, 44.180973052978601 ], [ 9.57541656494141, 44.180973052978601 ], [ 9.57541656494141, 44.180694580078203 ], [ 9.57513904571533, 44.180694580078203 ], [ 9.57513904571533, 44.180416107177798 ], [ 9.57486057281494, 44.180416107177798 ], [ 9.57486057281494, 44.1801376342775 ], [ 9.574583053588871, 44.1801376342775 ], [ 9.574583053588871, 44.179862976074197 ], [ 9.573471069335939, 44.179862976074197 ], [ 9.573471069335939, 44.1801376342775 ], [ 9.57319545745861, 44.1801376342775 ], [ 9.57319545745861, 44.180416107177798 ], [ 9.57263946533214, 44.180416107177798 ], [ 9.57263946533214, 44.180694580078203 ], [ 9.571805000305289, 44.180694580078203 ], [ 9.571805000305289, 44.180973052978601 ], [ 9.571250915527401, 44.180973052978601 ], [ 9.571250915527401, 44.181251525878999 ], [ 9.570694923400939, 44.181251525878999 ], [ 9.570694923400939, 44.181526184082003 ], [ 9.56986141204834, 44.181526184082003 ], [ 9.56986141204834, 44.181804656982401 ], [ 9.56930541992188, 44.181804656982401 ], [ 9.56930541992188, 44.182083129882898 ], [ 9.56875133514399, 44.182083129882898 ], [ 9.56875133514399, 44.182361602783303 ], [ 9.567916870117131, 44.182361602783303 ], [ 9.567916870117131, 44.1826400756837 ], [ 9.567360877990669, 44.1826400756837 ], [ 9.567360877990669, 44.183193206787102 ], [ 9.56708335876476, 44.183193206787102 ], [ 9.56708335876476, 44.184028625488303 ], [ 9.566806793212949, 44.184028625488303 ], [ 9.566806793212949, 44.185417175292997 ], [ 9.56708335876476, 44.185417175292997 ], [ 9.56708335876476, 44.186248779297003 ], [ 9.567360877990669, 44.186248779297003 ], [ 9.567360877990669, 44.186527252197401 ], [ 9.567639350891231, 44.186527252197401 ], [ 9.567639350891231, 44.187637329101598 ], [ 9.567916870117131, 44.187637329101598 ], [ 9.567916870117131, 44.187915802001903 ], [ 9.56819534301752, 44.187915802001903 ], [ 9.56819534301752, 44.188194274902301 ], [ 9.568472862243601, 44.188194274902301 ], [ 9.568472862243601, 44.188472747802798 ], [ 9.56819534301752, 44.188472747802798 ], [ 9.56819534301752, 44.189582824707003 ], [ 9.567916870117131, 44.189582824707003 ], [ 9.567916870117131, 44.190692901611399 ], [ 9.567639350891231, 44.190692901611399 ], [ 9.567639350891231, 44.191249847412202 ], [ 9.567360877990669, 44.191249847412202 ], [ 9.567360877990669, 44.191528320312599 ], [ 9.56708335876476, 44.191528320312599 ], [ 9.56708335876476, 44.191806793212898 ], [ 9.566806793212949, 44.191806793212898 ], [ 9.566806793212949, 44.192081451416101 ], [ 9.56652641296381, 44.192085266113303 ], [ 9.56652641296381, 44.192359924316499 ], [ 9.566250801086481, 44.192359924316499 ], [ 9.566250801086481, 44.192638397216903 ], [ 9.56597328186041, 44.192638397216903 ], [ 9.56597328186041, 44.192916870117301 ], [ 9.56569480896002, 44.192916870117301 ], [ 9.56569480896002, 44.193748474121101 ], [ 9.565416336059631, 44.193748474121101 ], [ 9.565416336059631, 44.194305419921797 ], [ 9.564584732055661, 44.194305419921797 ], [ 9.564584732055661, 44.194583892822202 ], [ 9.564027786254879, 44.194583892822202 ], [ 9.564027786254879, 44.194862365722798 ], [ 9.562170982360779, 44.194862365722798 ], [ 9.560972213745231, 44.194862365722798 ], [ 9.560972213745231, 44.195137023925803 ], [ 9.56069374084484, 44.195137023925803 ], [ 9.56069374084484, 44.195693969726598 ], [ 9.56041622161877, 44.195693969726598 ], [ 9.56041622161877, 44.195972442627003 ], [ 9.560137748718381, 44.195972442627003 ], [ 9.560137748718381, 44.196529388427699 ], [ 9.559862136840881, 44.196529388427699 ], [ 9.559862136840881, 44.196804046630902 ], [ 9.55958366394049, 44.196804046630902 ], [ 9.55958366394049, 44.1979179382325 ], [ 9.559306144714411, 44.1979179382325 ], [ 9.559306144714411, 44.198192596435703 ], [ 9.558750152587949, 44.198192596435703 ], [ 9.558750152587949, 44.198471069336101 ], [ 9.55791568756109, 44.198471069336101 ], [ 9.55791568756109, 44.198749542236399 ], [ 9.5573616027832, 44.198749542236399 ], [ 9.557359695434631, 44.199028015136797 ], [ 9.557084083557131, 44.199028015136797 ], [ 9.557084083557131, 44.199306488037202 ], [ 9.55680561065674, 44.199306488037202 ], [ 9.55680561065674, 44.199584960937599 ], [ 9.556528091430611, 44.199584960937599 ], [ 9.556528091430611, 44.199859619140597 ], [ 9.55624961853027, 44.199859619140597 ], [ 9.55624961853027, 44.200138092041001 ], [ 9.55569362640375, 44.200138092041001 ], [ 9.55569362640375, 44.200416564941399 ], [ 9.555418014526481, 44.200416564941399 ], [ 9.555418014526481, 44.200695037841697 ], [ 9.55513763427729, 44.200695037841697 ], [ 9.55513763427729, 44.200973510742102 ], [ 9.554862022399959, 44.200973510742102 ], [ 9.554862022399959, 44.201248168945398 ], [ 9.554306030273491, 44.201248168945398 ], [ 9.554306030273491, 44.201526641845803 ], [ 9.5540275573731, 44.201526641845803 ], [ 9.5540275573731, 44.201805114746101 ], [ 9.553750038147029, 44.201805114746101 ], [ 9.553750038147029, 44.202083587646499 ], [ 9.553471565246641, 44.202083587646499 ], [ 9.553471565246641, 44.202362060546903 ], [ 9.55319309234625, 44.202362060546903 ], [ 9.55319309234625, 44.202640533447301 ], [ 9.552914619445909, 44.202640533447301 ], [ 9.552914619445909, 44.202915191650398 ], [ 9.552639961242679, 44.202915191650398 ], [ 9.552639961242679, 44.203193664550803 ], [ 9.5523624420166, 44.203193664550803 ], [ 9.5523624420166, 44.203750610351598 ], [ 9.552083969116209, 44.203750610351598 ], [ 9.552083969116209, 44.204303741455199 ], [ 9.551907539367731, 44.204303741455199 ], [ 9.551804542541561, 44.204330444336001 ], [ 9.551804542541561, 44.204582214355597 ], [ 9.55152702331543, 44.204582214355597 ], [ 9.55152702331543, 44.204860687256001 ], [ 9.55097103118896, 44.204860687256001 ], [ 9.55097103118896, 44.205139160156399 ], [ 9.55069637298595, 44.205139160156399 ], [ 9.55069637298595, 44.205337524414198 ], [ 9.55069637298595, 44.205417633056797 ], [ 9.55041694641108, 44.205417633056797 ], [ 9.55041694641108, 44.205696105957102 ], [ 9.550139427185171, 44.205696105957102 ], [ 9.550139427185171, 44.205970764160199 ], [ 9.549860954284609, 44.205970764160199 ], [ 9.549860954284609, 44.206249237060497 ], [ 9.549027442932241, 44.206249237060497 ], [ 9.549027442932241, 44.206527709960902 ], [ 9.547917366027891, 44.206527709960902 ], [ 9.547917366027891, 44.2068061828613 ], [ 9.54736137390142, 44.2068061828613 ], [ 9.54736137390142, 44.206527709960902 ], [ 9.54652690887457, 44.206527709960902 ], [ 9.54652690887457, 44.2068061828613 ], [ 9.54486083984375, 44.2068061828613 ], [ 9.54486083984375, 44.207084655761697 ], [ 9.54430484771729, 44.207084655761697 ], [ 9.54430484771729, 44.2068061828613 ], [ 9.543473243713491, 44.2068061828613 ], [ 9.543473243713491, 44.206344604492202 ], [ 9.543473243713491, 44.206268310547003 ], [ 9.542082786560121, 44.206249237060497 ], [ 9.542082786560121, 44.206447601318402 ], [ 9.542082786560121, 44.206527709960902 ], [ 9.541805267334039, 44.206527709960902 ], [ 9.541805267334039, 44.206249237060497 ], [ 9.541251182556151, 44.206249237060497 ], [ 9.541251182556151, 44.205970764160199 ], [ 9.53930664062494, 44.205970764160199 ], [ 9.53930664062494, 44.205696105957102 ], [ 9.53875064849848, 44.205696105957102 ], [ 9.53875064849848, 44.205417633056797 ], [ 9.538473129272569, 44.205417633056797 ], [ 9.538473129272569, 44.205696105957102 ], [ 9.53763771057123, 44.205696105957102 ], [ 9.53763771057123, 44.205970764160199 ], [ 9.536527633667051, 44.205970764160199 ], [ 9.536527633667051, 44.206249237060497 ], [ 9.535971641540581, 44.206249237060497 ], [ 9.535971641540581, 44.205970764160199 ], [ 9.535415649414119, 44.205970764160199 ], [ 9.535415649414119, 44.206249237060497 ], [ 9.53402805328369, 44.206249237060497 ], [ 9.53402805328369, 44.2068061828613 ], [ 9.53041553497326, 44.2068061828613 ], [ 9.53041553497326, 44.207084655761697 ], [ 9.529306411743161, 44.207084655761697 ], [ 9.529306411743161, 44.207359313964901 ], [ 9.528750419616699, 44.207359313964901 ], [ 9.528683662414609, 44.207637786865298 ], [ 9.528194427490231, 44.207637786865298 ], [ 9.528194427490231, 44.207916259765703 ], [ 9.52764034271234, 44.207916259765703 ], [ 9.52763843536377, 44.208194732666001 ], [ 9.527084350586049, 44.208194732666001 ], [ 9.527084350586049, 44.208473205566399 ], [ 9.52652835845959, 44.208473205566399 ], [ 9.52652835845959, 44.208751678466797 ], [ 9.525971412658629, 44.208751678466797 ], [ 9.525971412658629, 44.20902633667 ], [ 9.52569580078131, 44.20902633667 ], [ 9.52569580078131, 44.209304809570398 ], [ 9.52513980865484, 44.209304809570398 ], [ 9.52513980865484, 44.209583282470803 ], [ 9.52486228942877, 44.209583282470803 ], [ 9.52486228942877, 44.2098617553712 ], [ 9.524582862854061, 44.2098617553712 ], [ 9.524582862854061, 44.210140228271499 ], [ 9.524026870727591, 44.210140228271499 ], [ 9.524026870727591, 44.210414886474602 ], [ 9.52374935150152, 44.210414886474602 ], [ 9.52374935150152, 44.210693359375099 ], [ 9.52263927459717, 44.210693359375099 ], [ 9.52263927459717, 44.210971832275497 ], [ 9.521804809570311, 44.210971832275497 ], [ 9.521804809570311, 44.211250305175902 ], [ 9.52152729034424, 44.211250305175902 ], [ 9.52152729034424, 44.2115287780763 ], [ 9.521248817443849, 44.2115287780763 ], [ 9.521248817443849, 44.211807250976698 ], [ 9.520694732666129, 44.211807250976698 ], [ 9.520694732666129, 44.212081909179702 ], [ 9.52041721344006, 44.212081909179702 ], [ 9.52041721344006, 44.212360382080099 ], [ 9.520138740539659, 44.212360382080099 ], [ 9.520138740539659, 44.212638854980497 ], [ 9.51986122131359, 44.212638854980497 ], [ 9.51986122131359, 44.212917327880902 ], [ 9.5195827484132, 44.212917327880902 ], [ 9.5195827484132, 44.2131958007812 ], [ 9.519026756286729, 44.2131958007812 ], [ 9.519026756286729, 44.213470458984403 ], [ 9.51875114440924, 44.213470458984403 ], [ 9.51875114440924, 44.213748931884801 ], [ 9.518472671508841, 44.213748931884801 ], [ 9.518472671508841, 44.214027404785199 ], [ 9.51763916015631, 44.214027404785199 ], [ 9.517642974853629, 44.214263916015703 ], [ 9.51680469512945, 44.214305877685597 ], [ 9.51680469512945, 44.214584350585902 ], [ 9.51624870300293, 44.214584350585902 ], [ 9.51624870300293, 44.2148628234863 ], [ 9.51597309112543, 44.2148628234863 ], [ 9.51597309112543, 44.215137481689602 ], [ 9.51541709899897, 44.215137481689602 ], [ 9.51541709899897, 44.21541595459 ], [ 9.51513862609858, 44.21541595459 ], [ 9.51513862609858, 44.215694427490298 ], [ 9.51291656494146, 44.215694427490298 ], [ 9.51291656494146, 44.216251373291101 ], [ 9.51152896881103, 44.216251373291101 ], [ 9.51152896881103, 44.216526031494098 ], [ 9.511251449584959, 44.216526031494098 ], [ 9.511251449584959, 44.216804504394503 ], [ 9.51105403900141, 44.216804504394503 ], [ 9.51097202301025, 44.216804504394503 ], [ 9.51097202301025, 44.217082977295 ], [ 9.510416030883791, 44.217082977295 ], [ 9.510416030883791, 44.217361450195398 ], [ 9.5101375579834, 44.217361450195398 ], [ 9.5101375579834, 44.2179183959962 ], [ 9.50958442688, 44.2179183959962 ], [ 9.50958442688, 44.218193054199197 ], [ 9.509305953979441, 44.218193054199197 ], [ 9.509305953979441, 44.218471527099602 ], [ 9.50902843475353, 44.218471527099602 ], [ 9.50902843475353, 44.21875 ], [ 9.50847244262707, 44.21875 ], [ 9.50847244262707, 44.219028472900398 ], [ 9.50819396972668, 44.219028472900398 ], [ 9.50819396972668, 44.219306945800803 ], [ 9.50763797760021, 44.219306945800803 ], [ 9.50763797760021, 44.219581604003999 ], [ 9.50736236572271, 44.219581604003999 ], [ 9.50736236572271, 44.219860076904403 ], [ 9.50680637359625, 44.219860076904403 ], [ 9.50680637359625, 44.220138549804702 ], [ 9.506527900695859, 44.220138549804702 ], [ 9.506527900695859, 44.220417022705099 ], [ 9.50569438934332, 44.220417022705099 ], [ 9.50569438934332, 44.220695495605497 ], [ 9.50514030456543, 44.220695495605497 ], [ 9.50514030456543, 44.220973968505902 ], [ 9.503749847412109, 44.220973968505902 ], [ 9.503749847412109, 44.221248626709098 ], [ 9.50291633605951, 44.221248626709098 ], [ 9.50291633605951, 44.221527099609503 ], [ 9.5023622512818, 44.221527099609503 ], [ 9.5023622512818, 44.221805572509901 ], [ 9.50208377838146, 44.221805572509901 ], [ 9.50208377838146, 44.222084045410199 ], [ 9.50180625915533, 44.222084045410199 ], [ 9.50180625915533, 44.222362518310597 ], [ 9.50152778625494, 44.222362518310597 ], [ 9.50152778625494, 44.2226371765137 ], [ 9.501250267028871, 44.2226371765137 ], [ 9.501250267028871, 44.222915649413999 ], [ 9.500971794128469, 44.222915649413999 ], [ 9.500971794128469, 44.223194122314403 ], [ 9.500694274902401, 44.223194122314403 ], [ 9.500694274902401, 44.223751068115298 ], [ 9.500417709350589, 44.223751068115298 ], [ 9.500417709350589, 44.2243041992188 ], [ 9.50014019012451, 44.2243041992188 ], [ 9.50014019012451, 44.224582672119098 ], [ 9.499861717224119, 44.224582672119098 ], [ 9.499861717224119, 44.225139617919901 ], [ 9.49958419799805, 44.225139617919901 ], [ 9.49958419799805, 44.225692749023501 ], [ 9.49930572509766, 44.225692749023501 ], [ 9.49930572509766, 44.226249694824297 ], [ 9.49902820587158, 44.226249694824297 ], [ 9.49902820587158, 44.226528167724702 ], [ 9.49874877929688, 44.226528167724702 ], [ 9.49874877929688, 44.227085113525398 ], [ 9.498471260070801, 44.227085113525398 ], [ 9.498471260070801, 44.227359771728601 ], [ 9.498195648193301, 44.227359771728601 ], [ 9.498195648193301, 44.227638244628999 ], [ 9.497915267944339, 44.227638244628999 ], [ 9.497915267944339, 44.227916717529403 ], [ 9.49763965606701, 44.227916717529403 ], [ 9.49763965606701, 44.229026794433601 ], [ 9.497361183166451, 44.229026794433601 ], [ 9.497361183166451, 44.230972290039098 ], [ 9.49708271026606, 44.230972290039098 ], [ 9.49708271026606, 44.231529235839801 ], [ 9.496805191040149, 44.231529235839801 ], [ 9.496805191040149, 44.232082366943402 ], [ 9.49652671813959, 44.232082366943402 ], [ 9.49652671813959, 44.232639312744197 ], [ 9.49624919891369, 44.232639312744197 ], [ 9.49624919891369, 44.233196258545 ], [ 9.49597263336187, 44.233196258545 ], [ 9.49597263336187, 44.233470916748203 ], [ 9.49569320678722, 44.233470916748203 ], [ 9.49569320678722, 44.233749389648601 ], [ 9.49541664123541, 44.233749389648601 ], [ 9.49541664123541, 44.234306335449297 ], [ 9.495139122009331, 44.234306335449297 ], [ 9.495139122009331, 44.234584808349702 ], [ 9.49486064910894, 44.234584808349702 ], [ 9.49486064910894, 44.235137939453097 ], [ 9.494583129882869, 44.235137939453097 ], [ 9.494583129882869, 44.235416412353501 ], [ 9.494027137756399, 44.235416412353501 ], [ 9.494027137756399, 44.2356948852538 ], [ 9.49347114562994, 44.2356948852538 ], [ 9.49347114562994, 44.235973358154197 ], [ 9.492917060852051, 44.235973358154197 ], [ 9.492917060852051, 44.236251831054801 ], [ 9.492361068725589, 44.236251831054801 ], [ 9.492361068725589, 44.236526489257898 ], [ 9.491805076599119, 44.236526489257898 ], [ 9.491805076599119, 44.236804962158203 ], [ 9.49152660369873, 44.236804962158203 ], [ 9.49152660369873, 44.237083435058601 ], [ 9.49097347259533, 44.237083435058601 ], [ 9.49097347259533, 44.237361907958999 ], [ 9.49069499969494, 44.237361907958999 ], [ 9.49069499969494, 44.237640380859403 ], [ 9.490416526794551, 44.237640380859403 ], [ 9.490416526794551, 44.2379150390625 ], [ 9.49013900756847, 44.2379150390625 ], [ 9.49013900756847, 44.238193511962898 ], [ 9.48958301544195, 44.238193511962898 ], [ 9.48958301544195, 44.238471984863303 ], [ 9.489304542541619, 44.238471984863303 ], [ 9.489304542541619, 44.2387504577637 ], [ 9.489028930664119, 44.2387504577637 ], [ 9.489028930664119, 44.239028930664098 ], [ 9.485973358154411, 44.239028930664098 ], [ 9.485973358154411, 44.239307403564503 ], [ 9.48569488525402, 44.239307403564503 ], [ 9.48569488525402, 44.239582061767699 ], [ 9.485417366027949, 44.239582061767699 ], [ 9.485417366027949, 44.239860534668097 ], [ 9.48513793945307, 44.239860534668097 ], [ 9.48513793945307, 44.240139007568501 ], [ 9.482915878295961, 44.240139007568501 ], [ 9.482915878295961, 44.240417480468899 ], [ 9.480416297912599, 44.240417480468899 ], [ 9.480416297912599, 44.240139007568501 ], [ 9.480137825012211, 44.240139007568501 ], [ 9.480137825012211, 44.239860534668097 ], [ 9.47958374023449, 44.239860534668097 ], [ 9.47958374023449, 44.239582061767699 ], [ 9.479306221008409, 44.239582061767699 ], [ 9.479306221008409, 44.239307403564503 ], [ 9.47900867462158, 44.239307403564503 ], [ 9.47875022888195, 44.239307403564503 ], [ 9.47875022888195, 44.239028930664098 ], [ 9.478471755981561, 44.239028930664098 ], [ 9.478471755981561, 44.238471984863303 ], [ 9.478194236755479, 44.238471984863303 ], [ 9.478194236755479, 44.237972259521499 ], [ 9.47814846038824, 44.2379150390625 ], [ 9.477915763855091, 44.2379150390625 ], [ 9.477915763855091, 44.237613677978601 ], [ 9.477915763855091, 44.237361907958999 ], [ 9.477720260620121, 44.237361907958999 ], [ 9.477640151977599, 44.237361907958999 ], [ 9.477640151977599, 44.237258911132798 ], [ 9.477640151977599, 44.236804962158203 ], [ 9.477359771728629, 44.236804962158203 ], [ 9.477359771728629, 44.236526489257898 ], [ 9.477084159851129, 44.236526489257898 ], [ 9.477084159851129, 44.236251831054801 ], [ 9.476528167724609, 44.236251831054801 ], [ 9.476528167724609, 44.235973358154197 ], [ 9.476249694824279, 44.235973358154197 ], [ 9.476249694824279, 44.2356948852538 ], [ 9.475972175598139, 44.2356948852538 ], [ 9.475972175598139, 44.235416412353501 ], [ 9.475418090820259, 44.235416412353501 ], [ 9.47541618347168, 44.235137939453097 ], [ 9.475137710571291, 44.235137939453097 ], [ 9.475137710571291, 44.234859466552699 ], [ 9.4745836257934, 44.234859466552699 ], [ 9.4745836257934, 44.234584808349702 ], [ 9.47375011444103, 44.234584808349702 ], [ 9.47375011444103, 44.234306335449297 ], [ 9.47319412231457, 44.234306335449297 ], [ 9.47319412231457, 44.234027862548899 ], [ 9.472914695739689, 44.234027862548899 ], [ 9.472914695739689, 44.233749389648601 ], [ 9.472361564636291, 44.233749389648601 ], [ 9.472361564636291, 44.233470916748203 ], [ 9.47208404541021, 44.233470916748203 ], [ 9.47208404541021, 44.233196258545 ], [ 9.468193054199221, 44.233196258545 ], [ 9.468193054199221, 44.233470916748203 ], [ 9.4676389694215, 44.233470916748203 ], [ 9.4676389694215, 44.233749389648601 ], [ 9.467361450195421, 44.233749389648601 ], [ 9.467361450195421, 44.234306335449297 ], [ 9.467082977295039, 44.234306335449297 ], [ 9.467082977295039, 44.235137939453097 ], [ 9.46680545806896, 44.235137939453097 ], [ 9.46680545806896, 44.235416412353501 ], [ 9.46486091613775, 44.235416412353501 ], [ 9.46486091613775, 44.2356948852538 ], [ 9.464304924011291, 44.2356948852538 ], [ 9.464304924011291, 44.235973358154197 ], [ 9.463748931884769, 44.235973358154197 ], [ 9.463748931884769, 44.236251831054801 ], [ 9.463473320007269, 44.236251831054801 ], [ 9.463473320007269, 44.236526489257898 ], [ 9.462361335754339, 44.236526489257898 ], [ 9.462361335754339, 44.236251831054801 ], [ 9.46180534362804, 44.236251831054801 ], [ 9.46180534362804, 44.236526489257898 ], [ 9.461251258850149, 44.236526489257898 ], [ 9.461251258850149, 44.236804962158203 ], [ 9.46069526672369, 44.236804962158203 ], [ 9.46069526672369, 44.237083435058601 ], [ 9.460139274597219, 44.237083435058601 ], [ 9.460139274597219, 44.237361907958999 ], [ 9.45958328247076, 44.237361907958999 ], [ 9.45958328247076, 44.237640380859403 ], [ 9.459029197692869, 44.237640380859403 ], [ 9.459029197692869, 44.2379150390625 ], [ 9.45847320556641, 44.2379150390625 ], [ 9.45847320556641, 44.238193511962898 ], [ 9.455138206482051, 44.238193511962898 ], [ 9.455138206482051, 44.238471984863303 ], [ 9.454582214355581, 44.238471984863303 ], [ 9.454582214355581, 44.2387504577637 ], [ 9.45402812957769, 44.2387504577637 ], [ 9.45402812957769, 44.239028930664098 ], [ 9.453749656677299, 44.239028930664098 ], [ 9.453749656677299, 44.239307403564503 ], [ 9.45319366455084, 44.239307403564503 ], [ 9.45319366455084, 44.239582061767699 ], [ 9.45263767242437, 44.239582061767699 ], [ 9.45263767242437, 44.239860534668097 ], [ 9.45253944396984, 44.239860534668097 ], [ 9.451250076293951, 44.239860534668097 ], [ 9.451250076293951, 44.239582061767699 ], [ 9.45041561126709, 44.239582061767699 ], [ 9.45041561126709, 44.239307403564503 ], [ 9.44930553436291, 44.239307403564503 ], [ 9.44930553436291, 44.239028930664098 ], [ 9.44791793823242, 44.239028930664098 ], [ 9.44791793823242, 44.2387504577637 ], [ 9.447084426879879, 44.2387504577637 ], [ 9.447084426879879, 44.238471984863303 ], [ 9.44597244262695, 44.238471984863303 ], [ 9.44597244262695, 44.238193511962898 ], [ 9.444583892822379, 44.238193511962898 ], [ 9.444583892822379, 44.2379150390625 ], [ 9.443193435669061, 44.2379150390625 ], [ 9.443193435669061, 44.238193511962898 ], [ 9.442916870117241, 44.238193511962898 ], [ 9.442916870117241, 44.238471984863303 ], [ 9.44263935089117, 44.238471984863303 ], [ 9.44263935089117, 44.2387504577637 ], [ 9.442083358764711, 44.2387504577637 ], [ 9.442083358764711, 44.239028930664098 ], [ 9.441804885864309, 44.239028930664098 ], [ 9.441804885864309, 44.239307403564503 ], [ 9.44152736663824, 44.239307403564503 ], [ 9.44152736663824, 44.239582061767699 ], [ 9.44124889373785, 44.239582061767699 ], [ 9.44124889373785, 44.239860534668097 ], [ 9.44097328186035, 44.239860534668097 ], [ 9.44097328186035, 44.240139007568501 ], [ 9.440694808959959, 44.240139007568501 ], [ 9.440694808959959, 44.240417480468899 ], [ 9.44041728973389, 44.240417480468899 ], [ 9.44041728973389, 44.240695953369297 ], [ 9.4401388168335, 44.240695953369297 ], [ 9.4401388168335, 44.240970611572301 ], [ 9.43986129760742, 44.240970611572301 ], [ 9.43986129760742, 44.241249084472699 ], [ 9.439582824707029, 44.241249084472699 ], [ 9.439582824707029, 44.242916107177798 ], [ 9.439305305480961, 44.242916107177798 ], [ 9.439305305480961, 44.243473052978501 ], [ 9.43902683258057, 44.243473052978501 ], [ 9.43902683258057, 44.244583129882898 ], [ 9.43875122070324, 44.244583129882898 ], [ 9.43875122070324, 44.244861602783303 ], [ 9.4384708404541, 44.244861602783303 ], [ 9.4384708404541, 44.2451400756837 ], [ 9.43819522857677, 44.2451400756837 ], [ 9.43819522857677, 44.245693206787202 ], [ 9.43791675567638, 44.245693206787202 ], [ 9.43791675567638, 44.2468070983888 ], [ 9.437639236450311, 44.2468070983888 ], [ 9.437639236450311, 44.247081756591797 ], [ 9.437083244323791, 44.247081756591797 ], [ 9.437083244323791, 44.247360229492202 ], [ 9.43680477142345, 44.247360229492202 ], [ 9.43680477142345, 44.247638702392599 ], [ 9.436529159545961, 44.247638702392599 ], [ 9.436529159545961, 44.247917175292997 ], [ 9.43624877929693, 44.247917175292997 ], [ 9.43624877929693, 44.248195648193402 ], [ 9.4356946945191, 44.248195648193402 ], [ 9.4356946945191, 44.2484741210937 ], [ 9.435417175292971, 44.2484741210937 ], [ 9.435417175292971, 44.248748779296903 ], [ 9.43513870239258, 44.248748779296903 ], [ 9.43513870239258, 44.249027252197301 ], [ 9.4348611831665, 44.249027252197301 ], [ 9.4348611831665, 44.249584197997997 ], [ 9.43458271026611, 44.249584197997997 ], [ 9.43458271026611, 44.250137329101698 ], [ 9.434305191040041, 44.250137329101698 ], [ 9.434305191040041, 44.250694274902401 ], [ 9.43402671813965, 44.250694274902401 ], [ 9.43402671813965, 44.251251220703203 ], [ 9.43375110626215, 44.251251220703203 ], [ 9.43375110626215, 44.2515258789062 ], [ 9.43180656433111, 44.251529693603601 ], [ 9.43180656433111, 44.251804351806598 ], [ 9.431529045105041, 44.251804351806598 ], [ 9.431529045105041, 44.2523612976075 ], [ 9.43125057220465, 44.2523612976075 ], [ 9.43125057220465, 44.253471374511697 ], [ 9.430973052978571, 44.253471374511697 ], [ 9.430973052978571, 44.254409790039098 ], [ 9.430973052978571, 44.254581451416101 ], [ 9.43076324462902, 44.254581451416101 ], [ 9.430137634277401, 44.254585266113303 ], [ 9.430137634277401, 44.254859924316499 ], [ 9.429306030273439, 44.254859924316499 ], [ 9.429306030273439, 44.255138397216903 ], [ 9.428750038146971, 44.255138397216903 ], [ 9.428750038146971, 44.255416870117202 ], [ 9.42847156524658, 44.255416870117202 ], [ 9.42847156524658, 44.255695343017599 ], [ 9.427915573120121, 44.255695343017599 ], [ 9.427915573120121, 44.255973815917997 ], [ 9.427362442016721, 44.255973815917997 ], [ 9.427362442016721, 44.2562484741212 ], [ 9.42680644989025, 44.2562484741212 ], [ 9.42680644989025, 44.256526947021598 ], [ 9.42625045776378, 44.256526947021598 ], [ 9.42625045776378, 44.256805419922003 ], [ 9.425694465637321, 44.256805419922003 ], [ 9.425694465637321, 44.257083892822301 ], [ 9.42541599273693, 44.257083892822301 ], [ 9.42541599273693, 44.257637023925803 ], [ 9.425138473510801, 44.257637023925803 ], [ 9.425138473510801, 44.258193969726499 ], [ 9.42486000061046, 44.258193969726499 ], [ 9.42486000061046, 44.258472442627102 ], [ 9.42374992370611, 44.258472442627102 ], [ 9.42374992370611, 44.2587509155275 ], [ 9.42347240447998, 44.2587509155275 ], [ 9.42347240447998, 44.259029388427798 ], [ 9.41986179351812, 44.259029388427798 ], [ 9.41986179351812, 44.259304046630902 ], [ 9.41930580139166, 44.259304046630902 ], [ 9.41930580139166, 44.2595825195312 ], [ 9.41874980926519, 44.2595825195312 ], [ 9.41874980926519, 44.259860992431598 ], [ 9.41763973236084, 44.259860992431598 ], [ 9.41763973236084, 44.2595825195312 ], [ 9.416872024536239, 44.2595825195312 ], [ 9.41652679443359, 44.2595825195312 ], [ 9.41652679443359, 44.259418487548899 ], [ 9.41652679443359, 44.259304046630902 ], [ 9.41628360748302, 44.259304046630902 ], [ 9.415693283081049, 44.259304046630902 ], [ 9.415693283081049, 44.259029388427798 ], [ 9.41521167755138, 44.259029388427798 ], [ 9.414860725402949, 44.259029388427798 ], [ 9.414860725402949, 44.258777618408303 ], [ 9.41402721405041, 44.2587509155275 ], [ 9.41402721405041, 44.258472442627102 ], [ 9.41347122192394, 44.258472442627102 ], [ 9.41347122192394, 44.258193969726499 ], [ 9.412917137146049, 44.258193969726499 ], [ 9.4128990173341, 44.257705688476598 ], [ 9.412755012512321, 44.257667541503899 ], [ 9.412638664245661, 44.257637023925803 ], [ 9.412638664245661, 44.257179260253999 ], [ 9.412638664245661, 44.257083892822301 ], [ 9.41236114501959, 44.257083892822301 ], [ 9.41236114501959, 44.256526947021598 ], [ 9.412082672119199, 44.256526947021598 ], [ 9.412082672119199, 44.255973815917997 ], [ 9.41180515289312, 44.255973815917997 ], [ 9.41180515289312, 44.255416870117202 ], [ 9.411526679992731, 44.255416870117202 ], [ 9.411526679992731, 44.254859924316499 ], [ 9.411251068115231, 44.254859924316499 ], [ 9.411251068115231, 44.254585266113303 ], [ 9.410416603088381, 44.254581451416101 ], [ 9.410416603088381, 44.254306793212898 ], [ 9.409583091735779, 44.254306793212898 ], [ 9.409583091735779, 44.2540283203125 ], [ 9.4084730148316, 44.2540283203125 ], [ 9.4084730148316, 44.253749847412102 ], [ 9.407638549804741, 44.253749847412102 ], [ 9.407638549804741, 44.253471374511697 ], [ 9.40736103057867, 44.253471374511697 ], [ 9.40736103057867, 44.252918243408303 ], [ 9.407082557678279, 44.252918243408303 ], [ 9.407082557678279, 44.252639770507898 ], [ 9.406806945800779, 44.252639770507898 ], [ 9.406806945800779, 44.2523612976075 ], [ 9.406526565551809, 44.2523612976075 ], [ 9.406526565551809, 44.252082824707102 ], [ 9.40625095367432, 44.252082824707102 ], [ 9.40625095367432, 44.251804351806598 ], [ 9.40597343444824, 44.251804351806598 ], [ 9.40597343444824, 44.251529693603601 ], [ 9.40569496154785, 44.2515258789062 ], [ 9.40569496154785, 44.251251220703203 ], [ 9.405417442321779, 44.251251220703203 ], [ 9.405417442321779, 44.250972747802798 ], [ 9.403751373291129, 44.250972747802798 ], [ 9.403751373291129, 44.251251220703203 ], [ 9.40347194671625, 44.251251220703203 ], [ 9.40347194671625, 44.252082824707102 ], [ 9.40319442749035, 44.252082824707102 ], [ 9.40319442749035, 44.253749847412102 ], [ 9.402915954589959, 44.253749847412102 ], [ 9.402915954589959, 44.255416870117202 ], [ 9.40263843536388, 44.255416870117202 ], [ 9.40263843536388, 44.256805419922003 ], [ 9.402084350585991, 44.256805419922003 ], [ 9.402084350585991, 44.257083892822301 ], [ 9.401528358459529, 44.257083892822301 ], [ 9.401528358459529, 44.257362365722699 ], [ 9.401249885559141, 44.257362365722699 ], [ 9.401249885559141, 44.257637023925803 ], [ 9.400972366333059, 44.257637023925803 ], [ 9.400972366333059, 44.257915496826101 ], [ 9.40069389343267, 44.257915496826101 ], [ 9.40069389343267, 44.2595825195312 ], [ 9.4004163742066, 44.2595825195312 ], [ 9.4004163742066, 44.260417938232401 ], [ 9.400137901306209, 44.260417938232401 ], [ 9.400137901306209, 44.261528015136797 ], [ 9.399862289428709, 44.261528015136797 ], [ 9.399862289428709, 44.262084960937599 ], [ 9.39930629730225, 44.262084960937599 ], [ 9.39930629730225, 44.262359619140703 ], [ 9.39902782440185, 44.262359619140703 ], [ 9.39902782440185, 44.262638092041101 ], [ 9.398471832275391, 44.262638092041101 ], [ 9.398471832275391, 44.262916564941499 ], [ 9.39819431304926, 44.262916564941499 ], [ 9.39819431304926, 44.263195037841903 ], [ 9.397915840148929, 44.263195037841903 ], [ 9.397915840148929, 44.263473510742202 ], [ 9.3976402282716, 44.263473510742202 ], [ 9.3976402282716, 44.263748168945298 ], [ 9.39708423614513, 44.263748168945298 ], [ 9.39708423614513, 44.264026641845703 ], [ 9.396805763244741, 44.264026641845703 ], [ 9.396805763244741, 44.264305114746001 ], [ 9.39652824401861, 44.264305114746001 ], [ 9.39652824401861, 44.264583587646399 ], [ 9.39624977111828, 44.264583587646399 ], [ 9.39624977111828, 44.264862060547003 ], [ 9.39597225189215, 44.264862060547003 ], [ 9.39597225189215, 44.265140533447401 ], [ 9.39569377899176, 44.265140533447401 ], [ 9.39569377899176, 44.265415191650398 ], [ 9.39541625976568, 44.265415191650398 ], [ 9.39541625976568, 44.2659721374512 ], [ 9.395137786865289, 44.2659721374512 ], [ 9.395137786865289, 44.268196105957102 ], [ 9.394862174987789, 44.268196105957102 ], [ 9.394862174987789, 44.268749237060703 ], [ 9.394583702087401, 44.268749237060703 ], [ 9.394583702087401, 44.269027709961001 ], [ 9.3931941986084, 44.269027709961001 ], [ 9.3931941986084, 44.268749237060703 ], [ 9.39291763305658, 44.268749237060703 ], [ 9.39291763305658, 44.268470764160298 ], [ 9.39264011383068, 44.268470764160298 ], [ 9.39264011383068, 44.267082214355497 ], [ 9.392084121704221, 44.267082214355497 ], [ 9.392084121704221, 44.266803741455099 ], [ 9.391805648803819, 44.266803741455099 ], [ 9.391805648803819, 44.266529083252003 ], [ 9.391248703002869, 44.266529083252003 ], [ 9.391248703002869, 44.266250610351598 ], [ 9.389305114746151, 44.266250610351598 ], [ 9.389305114746151, 44.266529083252003 ], [ 9.38902664184576, 44.266529083252003 ], [ 9.38902664184576, 44.266803741455099 ], [ 9.388749122619689, 44.266803741455099 ], [ 9.388749122619689, 44.267082214355497 ], [ 9.38513946533214, 44.267082214355497 ], [ 9.38513946533214, 44.267360687255902 ], [ 9.384860992431751, 44.267360687255902 ], [ 9.384860992431751, 44.268196105957102 ], [ 9.38458347320562, 44.268196105957102 ], [ 9.38458347320562, 44.269584655761797 ], [ 9.384860992431751, 44.269584655761797 ], [ 9.384860992431751, 44.270137786865199 ], [ 9.38458347320562, 44.270137786865199 ], [ 9.38458347320562, 44.270416259765597 ], [ 9.384305000305289, 44.270416259765597 ], [ 9.384305000305289, 44.271804809570298 ], [ 9.38458347320562, 44.271804809570298 ], [ 9.38458347320562, 44.272083282470703 ], [ 9.38513946533214, 44.272083282470703 ], [ 9.38513946533214, 44.271804809570298 ], [ 9.385416984558219, 44.271804809570298 ], [ 9.385416984558219, 44.27152633667 ], [ 9.38569545745861, 44.27152633667 ], [ 9.38569545745861, 44.2709732055663 ], [ 9.385971069335939, 44.2709732055663 ], [ 9.385971069335939, 44.270694732666001 ], [ 9.38624858856201, 44.270694732666001 ], [ 9.38624858856201, 44.270137786865199 ], [ 9.38791656494141, 44.270137786865199 ], [ 9.38791656494141, 44.270416259765597 ], [ 9.390695571899469, 44.270416259765597 ], [ 9.390695571899469, 44.270137786865199 ], [ 9.391248703002869, 44.270137786865199 ], [ 9.391248703002869, 44.270416259765597 ], [ 9.392084121704221, 44.270416259765597 ], [ 9.392084121704221, 44.270694732666001 ], [ 9.39264011383068, 44.270694732666001 ], [ 9.39264011383068, 44.271251678466903 ], [ 9.39291763305658, 44.271251678466903 ], [ 9.39291763305658, 44.271804809570298 ], [ 9.3931941986084, 44.271804809570298 ], [ 9.3931941986084, 44.272640228271499 ], [ 9.393471717834471, 44.272640228271499 ], [ 9.393471717834471, 44.273193359375099 ], [ 9.393612861633359, 44.273193359375099 ], [ 9.39375019073486, 44.273193359375099 ], [ 9.39375019073486, 44.273471832275398 ], [ 9.394027709960939, 44.273471832275398 ], [ 9.394027709960939, 44.273750305175803 ], [ 9.39375019073486, 44.273750305175803 ], [ 9.39375019073486, 44.274307250976598 ], [ 9.394027709960939, 44.274307250976598 ], [ 9.394027709960939, 44.275970458984403 ], [ 9.39375019073486, 44.275970458984403 ], [ 9.39375019073486, 44.276248931884801 ], [ 9.393471717834471, 44.276248931884801 ], [ 9.393471717834471, 44.276805877685497 ], [ 9.3931941986084, 44.276805877685497 ], [ 9.3931941986084, 44.277084350585902 ], [ 9.39291763305658, 44.277084350585902 ], [ 9.39291763305658, 44.2773628234863 ], [ 9.39264011383068, 44.2773628234863 ], [ 9.39264011383068, 44.277915954589901 ], [ 9.392361640930121, 44.277915954589901 ], [ 9.392361640930121, 44.278472900390597 ], [ 9.392084121704221, 44.278472900390597 ], [ 9.392084121704221, 44.278751373291001 ], [ 9.391805648803819, 44.278751373291001 ], [ 9.391805648803819, 44.279026031494297 ], [ 9.39152812957775, 44.279026031494297 ], [ 9.39152812957775, 44.279304504394602 ], [ 9.391248703002869, 44.279304504394602 ], [ 9.391248703002869, 44.279582977295 ], [ 9.390971183776969, 44.279582977295 ], [ 9.390971183776969, 44.279861450195398 ], [ 9.390695571899469, 44.279861450195398 ], [ 9.390695571899469, 44.2804183959962 ], [ 9.3904180526734, 44.2804183959962 ], [ 9.3904180526734, 44.280693054199297 ], [ 9.39013957977301, 44.280693054199297 ], [ 9.39013957977301, 44.281528472900497 ], [ 9.388749122619689, 44.281528472900497 ], [ 9.388749122619689, 44.281806945800902 ], [ 9.38791656494141, 44.281806945800902 ], [ 9.38791656494141, 44.282081604003899 ], [ 9.387374877929741, 44.282081604003899 ], [ 9.38736057281494, 44.282360076904297 ], [ 9.387083053588871, 44.282394409179801 ], [ 9.387083053588871, 44.282638549804702 ], [ 9.38691043853771, 44.282638549804702 ], [ 9.38680458068848, 44.282638549804702 ], [ 9.38680458068848, 44.282787322998097 ], [ 9.38680458068848, 44.283195495605497 ], [ 9.386527061462401, 44.283195495605497 ], [ 9.386527061462401, 44.283473968505803 ], [ 9.38631725311285, 44.283473968505803 ], [ 9.385971069335939, 44.283473968505803 ], [ 9.385971069335939, 44.283748626708999 ], [ 9.385416984558219, 44.283748626708999 ], [ 9.385416984558219, 44.284027099609403 ], [ 9.384860992431751, 44.284027099609403 ], [ 9.384860992431751, 44.284305572509801 ], [ 9.384305000305289, 44.284305572509801 ], [ 9.384305000305289, 44.284584045410199 ], [ 9.38374900817877, 44.284584045410199 ], [ 9.38374900817877, 44.284862518310497 ], [ 9.383194923400939, 44.284862518310497 ], [ 9.383194923400939, 44.2851371765138 ], [ 9.382917404174799, 44.2851371765138 ], [ 9.382917404174799, 44.285415649414198 ], [ 9.38236141204834, 44.285415649414198 ], [ 9.38236141204834, 44.285694122314503 ], [ 9.382082939147949, 44.285694122314503 ], [ 9.382082939147949, 44.285972595214901 ], [ 9.38152885437006, 44.285972595214901 ], [ 9.38152885437006, 44.286251068115298 ], [ 9.38125133514399, 44.286251068115298 ], [ 9.38125133514399, 44.286529541015703 ], [ 9.38069534301769, 44.286529541015703 ], [ 9.38069534301769, 44.2868041992187 ], [ 9.380416870117131, 44.2868041992187 ], [ 9.380416870117131, 44.287361145019602 ], [ 9.380139350891231, 44.287361145019602 ], [ 9.380139350891231, 44.28763961792 ], [ 9.37986087799084, 44.28763961792 ], [ 9.37986087799084, 44.288192749023402 ], [ 9.37958335876476, 44.288192749023402 ], [ 9.37958335876476, 44.2884712219238 ], [ 9.379306793212949, 44.2884712219238 ], [ 9.379306793212949, 44.288852691650398 ], [ 9.379306793212949, 44.289028167724602 ], [ 9.379026412963981, 44.289031982421903 ], [ 9.379026412963981, 44.289306640625 ], [ 9.37860012054449, 44.289306640625 ], [ 9.37847328186041, 44.289306640625 ], [ 9.37847328186041, 44.289585113525398 ], [ 9.378170013427789, 44.289585113525398 ], [ 9.37791728973394, 44.289585113525398 ], [ 9.37791728973394, 44.289749145507898 ], [ 9.37791728973394, 44.289859771728601 ], [ 9.377742767334039, 44.289859771728601 ], [ 9.377360343933161, 44.289859771728601 ], [ 9.37731266021734, 44.290138244628999 ], [ 9.376804351806699, 44.290138244628999 ], [ 9.376804351806699, 44.290416717529297 ], [ 9.376528739929199, 44.290416717529297 ], [ 9.376528739929199, 44.290695190429702 ], [ 9.37597179412842, 44.290695190429702 ], [ 9.37597179412842, 44.290973663330099 ], [ 9.37569427490234, 44.290973663330099 ], [ 9.37569427490234, 44.291248321533303 ], [ 9.37559223175043, 44.291248321533303 ], [ 9.375138282775881, 44.291248321533303 ], [ 9.375138282775881, 44.2915267944337 ], [ 9.37485980987549, 44.2915267944337 ], [ 9.37485980987549, 44.291805267334098 ], [ 9.37472820281994, 44.291805267334098 ], [ 9.37430572509777, 44.291805267334098 ], [ 9.37429714202875, 44.292083740234403 ], [ 9.374028205871699, 44.292083740234403 ], [ 9.374028205871699, 44.2922554016113 ], [ 9.374028205871699, 44.292362213134801 ], [ 9.373864173889221, 44.292362213134801 ], [ 9.37291622161877, 44.292362213134801 ], [ 9.37291622161877, 44.292640686035199 ], [ 9.371806144714411, 44.292640686035199 ], [ 9.371806144714411, 44.292915344238203 ], [ 9.371250152587949, 44.292915344238203 ], [ 9.371250152587949, 44.293193817138601 ], [ 9.37097167968756, 44.293193817138601 ], [ 9.37097167968756, 44.293750762939602 ], [ 9.370694160461429, 44.293750762939602 ], [ 9.370694160461429, 44.29402923584 ], [ 9.37041568756109, 44.29402923584 ], [ 9.37041568756109, 44.294582366943402 ], [ 9.37014007568359, 44.294582366943402 ], [ 9.37014007568359, 44.2948608398437 ], [ 9.369992256164609, 44.2948608398437 ], [ 9.369028091430611, 44.2948608398437 ], [ 9.369028091430611, 44.295139312744098 ], [ 9.368472099304141, 44.295139312744098 ], [ 9.368472099304141, 44.295417785644503 ], [ 9.36763763427729, 44.295417785644503 ], [ 9.36763763427729, 44.295696258544901 ], [ 9.36708354949957, 44.295696258544901 ], [ 9.36708354949957, 44.295970916748097 ], [ 9.366250038147029, 44.295970916748097 ], [ 9.366250038147029, 44.296527862548899 ], [ 9.365414619445859, 44.296527862548899 ], [ 9.365414619445859, 44.296806335449297 ], [ 9.3648624420166, 44.296806335449297 ], [ 9.3648624420166, 44.297084808349702 ], [ 9.364583969116209, 44.297084808349702 ], [ 9.364583969116209, 44.297359466552798 ], [ 9.36402702331543, 44.297359466552798 ], [ 9.36402702331543, 44.297637939453203 ], [ 9.363748550415041, 44.297637939453203 ], [ 9.363748550415041, 44.297916412353601 ], [ 9.36347103118896, 44.297916412353601 ], [ 9.36347103118896, 44.298194885253999 ], [ 9.36236095428478, 44.298194885253999 ], [ 9.36236095428478, 44.298473358154403 ], [ 9.36124897003185, 44.298473358154403 ], [ 9.36124897003185, 44.298751831054702 ], [ 9.36069488525396, 44.298751831054702 ], [ 9.36069488525396, 44.299026489257798 ], [ 9.360417366027891, 44.299026489257798 ], [ 9.360417366027891, 44.299304962158097 ], [ 9.35986137390142, 44.299304962158097 ], [ 9.35986137390142, 44.299583435058501 ], [ 9.359305381774959, 44.299583435058501 ], [ 9.359305381774959, 44.299861907959098 ], [ 9.35902690887457, 44.299861907959098 ], [ 9.35902690887457, 44.300140380859503 ], [ 9.3584709167481, 44.300140380859503 ], [ 9.3584709167481, 44.3004150390625 ], [ 9.35763931274408, 44.3004150390625 ], [ 9.35763931274408, 44.300693511962898 ], [ 9.35680484771723, 44.300693511962898 ], [ 9.35680484771723, 44.300971984863303 ], [ 9.35624885559076, 44.300971984863303 ], [ 9.35624885559076, 44.3012504577637 ], [ 9.355417251586969, 44.3012504577637 ], [ 9.355417251586969, 44.301528930664098 ], [ 9.35486125946051, 44.301528930664098 ], [ 9.35486125946051, 44.301807403564503 ], [ 9.354305267334039, 44.301807403564503 ], [ 9.354305267334039, 44.302082061767599 ], [ 9.35347270965576, 44.302082061767599 ], [ 9.35347270965576, 44.302360534667997 ], [ 9.3529167175293, 44.302360534667997 ], [ 9.3529167175293, 44.302639007568402 ], [ 9.35236072540283, 44.302639007568402 ], [ 9.35236072540283, 44.3029174804688 ], [ 9.35180664062494, 44.3029174804688 ], [ 9.35180664062494, 44.303195953369197 ], [ 9.350973129272569, 44.303195953369197 ], [ 9.350973129272569, 44.303470611572401 ], [ 9.35041618347179, 44.303470611572401 ], [ 9.35041618347179, 44.303749084472798 ], [ 9.34958457946783, 44.303749084472798 ], [ 9.34958457946783, 44.304027557373203 ], [ 9.347915649414119, 44.304027557373203 ], [ 9.347915649414119, 44.304306030273601 ], [ 9.34736156463623, 44.304306030273601 ], [ 9.34736156463623, 44.304584503173899 ], [ 9.346805572509769, 44.304584503173899 ], [ 9.346805572509769, 44.304862976074297 ], [ 9.34652805328369, 44.304862976074297 ], [ 9.34652805328369, 44.305137634277301 ], [ 9.34597206115723, 44.305137634277301 ], [ 9.34597206115723, 44.305416107177699 ], [ 9.34541606903076, 44.305416107177699 ], [ 9.34541606903076, 44.305694580078097 ], [ 9.34486007690424, 44.305694580078097 ], [ 9.34486007690424, 44.305973052978501 ], [ 9.34375, 44.305973052978501 ], [ 9.34375, 44.305694580078097 ], [ 9.34347152709972, 44.305694580078097 ], [ 9.34347152709972, 44.305416107177699 ], [ 9.34319400787359, 44.305416107177699 ], [ 9.34319400787359, 44.305137634277301 ], [ 9.34291553497326, 44.305137634277301 ], [ 9.34291553497326, 44.304862976074297 ], [ 9.34263992309576, 44.304862976074297 ], [ 9.34263992309576, 44.304584503173899 ], [ 9.34239482879639, 44.304584503173899 ], [ 9.341250419616699, 44.304584503173899 ], [ 9.341250419616699, 44.304862976074297 ], [ 9.34097194671631, 44.304862976074297 ], [ 9.34097194671631, 44.305137634277301 ], [ 9.34014034271252, 44.305137634277301 ], [ 9.34013843536377, 44.305416107177699 ], [ 9.338749885559199, 44.305416107177699 ], [ 9.338749885559199, 44.305694580078097 ], [ 9.33847236633312, 44.305694580078097 ], [ 9.33847236633312, 44.305973052978501 ], [ 9.33819580078131, 44.305973052978501 ], [ 9.33819580078131, 44.306251525878999 ], [ 9.33763980865484, 44.306251525878999 ], [ 9.33763980865484, 44.306526184082102 ], [ 9.337083816528381, 44.306526184082102 ], [ 9.337083816528381, 44.306804656982401 ], [ 9.33624935150152, 44.306804656982401 ], [ 9.33624935150152, 44.307083129882798 ], [ 9.33541679382324, 44.307083129882798 ], [ 9.33541679382324, 44.306804656982401 ], [ 9.33513927459717, 44.306804656982401 ], [ 9.33513927459717, 44.306526184082102 ], [ 9.334860801696779, 44.306526184082102 ], [ 9.334860801696779, 44.306251525878999 ], [ 9.3345832824707, 44.306251525878999 ], [ 9.3345832824707, 44.306526184082102 ], [ 9.33402729034424, 44.306526184082102 ], [ 9.33402729034424, 44.307083129882798 ], [ 9.333748817443849, 44.307083129882798 ], [ 9.333748817443849, 44.307640075683601 ], [ 9.33347129821777, 44.307640075683601 ], [ 9.33347129821777, 44.307918548583999 ], [ 9.333194732666129, 44.307918548583999 ], [ 9.333194732666129, 44.308750152587898 ], [ 9.33291721344006, 44.308750152587898 ], [ 9.33291721344006, 44.309860229492301 ], [ 9.333194732666129, 44.309860229492301 ], [ 9.333194732666129, 44.310417175293097 ], [ 9.33347129821777, 44.310417175293097 ], [ 9.33347129821777, 44.310695648193501 ], [ 9.332638740539659, 44.310695648193501 ], [ 9.332574844360471, 44.310974121093899 ], [ 9.331526756286729, 44.310974121093899 ], [ 9.331526756286729, 44.310695648193501 ], [ 9.33125114440924, 44.310695648193501 ], [ 9.33125114440924, 44.310417175293097 ], [ 9.330972671508849, 44.310417175293097 ], [ 9.330972671508849, 44.310695648193501 ], [ 9.33069515228277, 44.310695648193501 ], [ 9.33069515228277, 44.310974121093899 ], [ 9.330416679382379, 44.310974121093899 ], [ 9.330416679382379, 44.311248779296903 ], [ 9.329740524292051, 44.311248779296903 ], [ 9.32847309112543, 44.311248779296903 ], [ 9.32847309112543, 44.310974121093899 ], [ 9.328194618225041, 44.310974121093899 ], [ 9.328194618225041, 44.310695648193501 ], [ 9.32791709899897, 44.310695648193501 ], [ 9.32791709899897, 44.310417175293097 ], [ 9.32763862609858, 44.310417175293097 ], [ 9.32763862609858, 44.310138702392699 ], [ 9.32597255706793, 44.310138702392699 ], [ 9.32597255706793, 44.310417175293097 ], [ 9.32402896881104, 44.310417175293097 ], [ 9.32402896881104, 44.310695648193501 ], [ 9.32319355010986, 44.310695648193501 ], [ 9.32319355010986, 44.310974121093899 ], [ 9.322916030883791, 44.310974121093899 ], [ 9.322916030883791, 44.311248779296903 ], [ 9.3226375579834, 44.311248779296903 ], [ 9.3226375579834, 44.311527252197301 ], [ 9.322360038757321, 44.311527252197301 ], [ 9.322360038757321, 44.311752319336101 ], [ 9.322360038757321, 44.312084197997997 ], [ 9.32088756561285, 44.312084197997997 ], [ 9.320693969726671, 44.312129974365199 ], [ 9.320693969726671, 44.312362670898402 ], [ 9.3204164505006, 44.312362670898402 ], [ 9.3204164505006, 44.312732696533303 ], [ 9.3204164505006, 44.312915802002003 ], [ 9.320693969726671, 44.312915802002003 ], [ 9.320693969726671, 44.313194274902301 ], [ 9.32097244262707, 44.313194274902301 ], [ 9.32097244262707, 44.314304351806697 ], [ 9.320693969726671, 44.314304351806697 ], [ 9.320693969726671, 44.314582824707102 ], [ 9.3204164505006, 44.314582824707102 ], [ 9.3204164505006, 44.3148612976075 ], [ 9.32013797760021, 44.3148612976075 ], [ 9.32013797760021, 44.315139770507898 ], [ 9.31986236572271, 44.315139770507898 ], [ 9.31986236572271, 44.315418243408303 ], [ 9.319027900695859, 44.315418243408303 ], [ 9.319027900695859, 44.315692901611399 ], [ 9.31791591644293, 44.315692901611399 ], [ 9.31791591644293, 44.315971374511797 ], [ 9.31708431243891, 44.315971374511797 ], [ 9.31708431243891, 44.316249847412202 ], [ 9.31652832031244, 44.316249847412202 ], [ 9.31652832031244, 44.316528320312599 ], [ 9.31597232818598, 44.316528320312599 ], [ 9.31597232818598, 44.316806793212997 ], [ 9.31541633605968, 44.316806793212997 ], [ 9.31541633605968, 44.317081451416001 ], [ 9.3148622512818, 44.317085266113402 ], [ 9.3148622512818, 44.317359924316399 ], [ 9.31430625915533, 44.317359924316399 ], [ 9.31430625915533, 44.317638397216797 ], [ 9.313194274902401, 44.317638397216797 ], [ 9.313194274902401, 44.317916870117202 ], [ 9.312361717224119, 44.317916870117202 ], [ 9.312361717224119, 44.318195343017599 ], [ 9.31208419799805, 44.318195343017599 ], [ 9.31208419799805, 44.318473815917898 ], [ 9.31180572509766, 44.318473815917898 ], [ 9.31180572509766, 44.3187484741212 ], [ 9.31152820587158, 44.3187484741212 ], [ 9.31152820587158, 44.319026947021499 ], [ 9.31124973297119, 44.319026947021499 ], [ 9.31124973297119, 44.319305419921903 ], [ 9.310971260070801, 44.319305419921903 ], [ 9.310971260070801, 44.319583892822301 ], [ 9.31069564819347, 44.319583892822301 ], [ 9.31069564819347, 44.319862365722599 ], [ 9.31013965606701, 44.319862365722599 ], [ 9.31013965606701, 44.320137023925902 ], [ 9.309305191040149, 44.320137023925902 ], [ 9.309305191040149, 44.3204154968263 ], [ 9.30874919891369, 44.3204154968263 ], [ 9.30874919891369, 44.320693969726598 ], [ 9.30819320678722, 44.320693969726598 ], [ 9.30819320678722, 44.320972442627003 ], [ 9.30597114562994, 44.320972442627003 ], [ 9.30597114562994, 44.321250915527401 ], [ 9.30569458007812, 44.321250915527401 ], [ 9.30569458007812, 44.321529388427798 ], [ 9.30513858795166, 44.321529388427798 ], [ 9.30513858795166, 44.321804046630803 ], [ 9.304861068725589, 44.321804046630803 ], [ 9.304861068725589, 44.322082519531399 ], [ 9.304582595825201, 44.322082519531399 ], [ 9.304582595825201, 44.322360992431797 ], [ 9.30402660369873, 44.322360992431797 ], [ 9.30402660369873, 44.322639465332102 ], [ 9.303749084472599, 44.322639465332102 ], [ 9.303749084472599, 44.3229179382325 ], [ 9.2968044281007, 44.3229179382325 ], [ 9.2968044281007, 44.323192596435497 ], [ 9.295415878295961, 44.323192596435497 ], [ 9.295415878295961, 44.323471069335902 ], [ 9.295138359069879, 44.323471069335902 ], [ 9.295138359069879, 44.3237495422363 ], [ 9.29458236694342, 44.3237495422363 ], [ 9.29458236694342, 44.324028015136697 ], [ 9.2943058013916, 44.324028015136697 ], [ 9.2943058013916, 44.324306488037102 ], [ 9.293472290039061, 44.324306488037102 ], [ 9.293472290039061, 44.3245849609375 ], [ 9.292637825012211, 44.3245849609375 ], [ 9.292637825012211, 44.324859619140703 ], [ 9.291806221008409, 44.324859619140703 ], [ 9.291806221008409, 44.325138092041101 ], [ 9.290971755981561, 44.325138092041101 ], [ 9.290971755981561, 44.325416564941499 ], [ 9.289584159851071, 44.325416564941499 ], [ 9.289584159851071, 44.325695037841903 ], [ 9.289028167724609, 44.325695037841903 ], [ 9.289028167724609, 44.325973510742202 ], [ 9.288749694824221, 44.325973510742202 ], [ 9.288749694824221, 44.326248168945398 ], [ 9.28819370269775, 44.326248168945398 ], [ 9.28819370269775, 44.326526641845803 ], [ 9.287918090820259, 44.326526641845803 ], [ 9.287918090820259, 44.3268051147462 ], [ 9.287362098693791, 44.3268051147462 ], [ 9.287362098693791, 44.327083587646499 ], [ 9.2870836257934, 44.327083587646499 ], [ 9.2870836257934, 44.327362060546903 ], [ 9.286527633666941, 44.327362060546903 ], [ 9.286527633666941, 44.327640533447301 ], [ 9.285971641540639, 44.327640533447301 ], [ 9.285971641540639, 44.327915191650298 ], [ 9.28541564941418, 44.327915191650298 ], [ 9.28541564941418, 44.328193664550703 ], [ 9.284861564636291, 44.328193664550703 ], [ 9.284861564636291, 44.3284721374513 ], [ 9.284305572509821, 44.3284721374513 ], [ 9.284305572509821, 44.328750610351698 ], [ 9.28180503845215, 44.328750610351698 ], [ 9.28180503845215, 44.329029083252102 ], [ 9.280693054199221, 44.329029083252102 ], [ 9.28067588806152, 44.329303741455099 ], [ 9.278470993042109, 44.329303741455099 ], [ 9.278470993042109, 44.329582214355497 ], [ 9.278195381164609, 44.329582214355497 ], [ 9.278195381164609, 44.329860687255902 ], [ 9.277639389038089, 44.329860687255902 ], [ 9.277639389038089, 44.3301391601562 ], [ 9.27736091613775, 44.3301391601562 ], [ 9.27736091613775, 44.330417633056598 ], [ 9.277083396911619, 44.330417633056598 ], [ 9.277083396911619, 44.330696105957003 ], [ 9.27680492401123, 44.330696105957003 ], [ 9.27680492401123, 44.330970764160199 ], [ 9.27652740478516, 44.330970764160199 ], [ 9.27652740478516, 44.331249237060597 ], [ 9.276248931884769, 44.331249237060597 ], [ 9.276248931884769, 44.331527709961001 ], [ 9.27569484710688, 44.331527709961001 ], [ 9.27569484710688, 44.331806182861399 ], [ 9.27486133575451, 44.331806182861399 ], [ 9.27486133575451, 44.332084655761797 ], [ 9.27430534362804, 44.332084655761797 ], [ 9.27430534362804, 44.332359313965 ], [ 9.274026870727649, 44.332359313965 ], [ 9.274026870727649, 44.332637786865298 ], [ 9.273751258850149, 44.332637786865298 ], [ 9.273751258850149, 44.332916259765703 ], [ 9.271529197692869, 44.332916259765703 ], [ 9.271529197692869, 44.333194732666101 ], [ 9.27125072479248, 44.333194732666101 ], [ 9.27125072479248, 44.333473205566499 ], [ 9.27097320556641, 44.333473205566499 ], [ 9.27097320556641, 44.333751678466797 ], [ 9.270694732666019, 44.333751678466797 ], [ 9.270694732666019, 44.334026336669901 ], [ 9.27041721343994, 44.334026336669901 ], [ 9.27041721343994, 44.334304809570298 ], [ 9.26986026763916, 44.334304809570298 ], [ 9.26986026763916, 44.334583282470597 ], [ 9.26791572570812, 44.334583282470597 ], [ 9.26791572570812, 44.3348617553712 ], [ 9.267638206482051, 44.3348617553712 ], [ 9.267638206482051, 44.335414886474602 ], [ 9.26735973358166, 44.335414886474602 ], [ 9.26735973358166, 44.335693359375 ], [ 9.264583587646481, 44.335693359375 ], [ 9.264583587646481, 44.335414886474602 ], [ 9.26263999938976, 44.335414886474602 ], [ 9.26263999938976, 44.335693359375 ], [ 9.261528015136779, 44.335693359375 ], [ 9.261528015136779, 44.335971832275398 ], [ 9.26041793823242, 44.335971832275398 ], [ 9.26041793823242, 44.336250305175803 ], [ 9.259584426879879, 44.336250305175803 ], [ 9.259584426879879, 44.3365287780762 ], [ 9.25847244262695, 44.3365287780762 ], [ 9.25847244262695, 44.336807250976598 ], [ 9.25736236572277, 44.336807250976598 ], [ 9.25736236572277, 44.337081909179702 ], [ 9.25597095489513, 44.337081909179702 ], [ 9.25597095489513, 44.337360382080099 ], [ 9.254860877990779, 44.337360382080099 ], [ 9.254860877990779, 44.337638854980497 ], [ 9.254583358764711, 44.337638854980497 ], [ 9.254583358764711, 44.337917327880902 ], [ 9.254304885864309, 44.337917327880902 ], [ 9.254304885864309, 44.3381958007813 ], [ 9.25402736663824, 44.3381958007813 ], [ 9.25402736663824, 44.338470458984503 ], [ 9.25374889373785, 44.338470458984503 ], [ 9.25374889373785, 44.338748931884901 ], [ 9.25347328186035, 44.338748931884901 ], [ 9.25347328186035, 44.339027404785298 ], [ 9.253194808959959, 44.339027404785298 ], [ 9.253194808959959, 44.339305877685703 ], [ 9.249583244323791, 44.339305877685703 ], [ 9.249583244323791, 44.339584350586101 ], [ 9.2490291595459, 44.339584350586101 ], [ 9.2490291595459, 44.339862823486399 ], [ 9.24847316741943, 44.339862823486399 ], [ 9.24847316741943, 44.340137481689503 ], [ 9.247917175292971, 44.340137481689503 ], [ 9.247917175292971, 44.340415954589801 ], [ 9.24708271026611, 44.340415954589801 ], [ 9.24708271026611, 44.340694427490199 ], [ 9.24652671813965, 44.340694427490199 ], [ 9.24652671813965, 44.340972900390597 ], [ 9.24597263336176, 44.340972900390597 ], [ 9.24597263336176, 44.341251373291101 ], [ 9.245416641235471, 44.341251373291101 ], [ 9.245416641235471, 44.341526031494197 ], [ 9.244860649109, 44.341526031494197 ], [ 9.244860649109, 44.341804504394503 ], [ 9.24430370330805, 44.341804504394503 ], [ 9.24430370330805, 44.342082977294901 ], [ 9.2440938949585, 44.342082977294901 ], [ 9.243473052978571, 44.342082977294901 ], [ 9.243473052978571, 44.342361450195298 ], [ 9.242916107177789, 44.342361450195298 ], [ 9.242916107177789, 44.342639923095703 ], [ 9.24236011505133, 44.342639923095703 ], [ 9.24236011505133, 44.342918395996101 ], [ 9.24180698394775, 44.342918395996101 ], [ 9.24180698394775, 44.343193054199297 ], [ 9.24069404602051, 44.343193054199297 ], [ 9.24069404602051, 44.343471527099702 ], [ 9.240415573120121, 44.343471527099702 ], [ 9.240415573120121, 44.344306945800803 ], [ 9.240138053894039, 44.344306945800803 ], [ 9.240138053894039, 44.344860076904403 ], [ 9.23708438873291, 44.344860076904403 ], [ 9.23708438873291, 44.345417022705199 ], [ 9.236805915832569, 44.345417022705199 ], [ 9.236805915832569, 44.345973968506001 ], [ 9.236528396606451, 44.345973968506001 ], [ 9.236528396606451, 44.346248626708999 ], [ 9.236249923706049, 44.346248626708999 ], [ 9.236249923706049, 44.346527099609403 ], [ 9.23597240447998, 44.346527099609403 ], [ 9.23597240447998, 44.346805572509801 ], [ 9.23569393157959, 44.346805572509801 ], [ 9.23569393157959, 44.347084045410099 ], [ 9.235416412353519, 44.347084045410099 ], [ 9.235416412353519, 44.347362518310497 ], [ 9.234306335449331, 44.347362518310497 ], [ 9.234306335449331, 44.3476371765137 ], [ 9.233750343322869, 44.3476371765137 ], [ 9.233750343322869, 44.347915649414098 ], [ 9.233471870422481, 44.347915649414098 ], [ 9.233471870422481, 44.348194122314503 ], [ 9.23041534423834, 44.348194122314503 ], [ 9.23041534423834, 44.347915649414098 ], [ 9.23013973236084, 44.347915649414098 ], [ 9.23013973236084, 44.3476371765137 ], [ 9.229862213134769, 44.3476371765137 ], [ 9.229862213134769, 44.347362518310497 ], [ 9.22958374023438, 44.347362518310497 ], [ 9.22958374023438, 44.347282409667997 ], [ 9.22958374023438, 44.345973968506001 ], [ 9.230972290039119, 44.345973968506001 ], [ 9.230972290039119, 44.346248626708999 ], [ 9.232084274292051, 44.346248626708999 ], [ 9.232084274292051, 44.345695495605597 ], [ 9.23236179351812, 44.345695495605597 ], [ 9.23236179351812, 44.345138549804801 ], [ 9.233194351196399, 44.345138549804801 ], [ 9.233194351196399, 44.344860076904403 ], [ 9.233407974243111, 44.344860076904403 ], [ 9.233750343322869, 44.344860076904403 ], [ 9.233750343322869, 44.344581604003999 ], [ 9.23402786254877, 44.344581604003999 ], [ 9.23402786254877, 44.344306945800803 ], [ 9.234306335449331, 44.344306945800803 ], [ 9.234306335449331, 44.344028472900398 ], [ 9.23458385467524, 44.344028472900398 ], [ 9.23458385467524, 44.34375 ], [ 9.23486232757563, 44.34375 ], [ 9.23486232757563, 44.343471527099702 ], [ 9.23513793945312, 44.343471527099702 ], [ 9.23513793945312, 44.343193054199297 ], [ 9.235416412353519, 44.343193054199297 ], [ 9.235416412353519, 44.342639923095703 ], [ 9.23513793945312, 44.342639923095703 ], [ 9.23513793945312, 44.342361450195298 ], [ 9.23458385467524, 44.342361450195298 ], [ 9.23458385467524, 44.342082977294901 ], [ 9.23124980926519, 44.342082977294901 ], [ 9.23124980926519, 44.341804504394503 ], [ 9.22970676422125, 44.341804504394503 ], [ 9.229306221008301, 44.341804504394503 ], [ 9.229306221008301, 44.341472625732401 ], [ 9.229306221008301, 44.340415954589801 ], [ 9.228193283081049, 44.340415954589801 ], [ 9.228193283081049, 44.3405570983887 ], [ 9.228193283081049, 44.340694427490199 ], [ 9.22708320617687, 44.340694427490199 ], [ 9.22708320617687, 44.340972900390597 ], [ 9.22634220123285, 44.340972900390597 ], [ 9.22486114501959, 44.340972900390597 ], [ 9.22486114501959, 44.340415954589801 ], [ 9.224582672119199, 44.340415954589801 ], [ 9.224582672119199, 44.340137481689503 ], [ 9.22486114501959, 44.340137481689503 ], [ 9.22486114501959, 44.339862823486399 ], [ 9.225138664245661, 44.339862823486399 ], [ 9.225138664245661, 44.339584350586101 ], [ 9.225417137146049, 44.339584350586101 ], [ 9.225417137146049, 44.339305877685703 ], [ 9.225694656372131, 44.339305877685703 ], [ 9.225694656372131, 44.339027404785298 ], [ 9.22624874115002, 44.339027404785298 ], [ 9.22624874115002, 44.3381958007813 ], [ 9.22652721405041, 44.3381958007813 ], [ 9.22652721405041, 44.337638854980497 ], [ 9.224582672119199, 44.337638854980497 ], [ 9.224582672119199, 44.337081909179702 ], [ 9.224305152893059, 44.337081909179702 ], [ 9.224305152893059, 44.336807250976598 ], [ 9.225694656372131, 44.336807250976598 ], [ 9.225694656372131, 44.3365287780762 ], [ 9.22624874115002, 44.3365287780762 ], [ 9.22624874115002, 44.336250305175803 ], [ 9.22652721405041, 44.336250305175803 ], [ 9.22652721405041, 44.336116790771399 ], [ 9.22652721405041, 44.335693359375 ], [ 9.226804733276481, 44.335693359375 ], [ 9.226804733276481, 44.335414886474602 ], [ 9.22624874115002, 44.335414886474602 ], [ 9.22624874115002, 44.335140228271598 ], [ 9.22597122192394, 44.335140228271598 ], [ 9.22597122192394, 44.3348617553712 ], [ 9.224582672119199, 44.3348617553712 ], [ 9.224582672119199, 44.334583282470597 ], [ 9.22347259521484, 44.334583282470597 ], [ 9.22347259521484, 44.334304809570298 ], [ 9.220622062683219, 44.334304809570298 ], [ 9.219306945800779, 44.334304809570298 ], [ 9.219306945800779, 44.334583282470597 ], [ 9.21847343444824, 44.334583282470597 ], [ 9.21847343444824, 44.3348617553712 ], [ 9.217917442321779, 44.3348617553712 ], [ 9.217917442321779, 44.335140228271598 ], [ 9.217082023620611, 44.335140228271598 ], [ 9.217082023620611, 44.335414886474602 ], [ 9.215695381164659, 44.335414886474602 ], [ 9.215695381164659, 44.335140228271598 ], [ 9.215415954589959, 44.335140228271598 ], [ 9.215415954589959, 44.3348617553712 ], [ 9.214859962463491, 44.3348617553712 ], [ 9.214859962463491, 44.334781646728501 ], [ 9.214859962463491, 44.334583282470597 ], [ 9.21478271484381, 44.334583282470597 ], [ 9.21458244323742, 44.334583282470597 ], [ 9.21458244323742, 44.334304809570298 ], [ 9.21430683135992, 44.334304809570298 ], [ 9.21430683135992, 44.333194732666101 ], [ 9.21458244323742, 44.333194732666101 ], [ 9.21458244323742, 44.332916259765703 ], [ 9.214859962463491, 44.332916259765703 ], [ 9.214859962463491, 44.331806182861399 ], [ 9.21513843536388, 44.331806182861399 ], [ 9.21513843536388, 44.331249237060597 ], [ 9.21430683135992, 44.331249237060597 ], [ 9.21430683135992, 44.330970764160199 ], [ 9.213472366333059, 44.330970764160199 ], [ 9.213472366333059, 44.330696105957003 ], [ 9.213749885559141, 44.330696105957003 ], [ 9.213749885559141, 44.3301391601562 ], [ 9.214028358459529, 44.3301391601562 ], [ 9.214028358459529, 44.329582214355497 ], [ 9.214859962463491, 44.329582214355497 ], [ 9.214859962463491, 44.329860687255902 ], [ 9.215415954589959, 44.329929351806697 ], [ 9.215415954589959, 44.3301391601562 ], [ 9.215695381164659, 44.3301391601562 ], [ 9.215695381164659, 44.330417633056598 ], [ 9.21597290039074, 44.330417633056598 ], [ 9.21597290039074, 44.330696105957003 ], [ 9.216251373291129, 44.330696105957003 ], [ 9.216251373291129, 44.330970764160199 ], [ 9.2165288925172, 44.330970764160199 ], [ 9.2165288925172, 44.331249237060597 ], [ 9.217361450195311, 44.331249237060597 ], [ 9.217361450195311, 44.331527709961001 ], [ 9.21819496154785, 44.331527709961001 ], [ 9.21819496154785, 44.331249237060597 ], [ 9.21847343444824, 44.331249237060597 ], [ 9.21847343444824, 44.330417633056598 ], [ 9.217917442321779, 44.330417633056598 ], [ 9.217917442321779, 44.3301391601562 ], [ 9.21763896942139, 44.3301391601562 ], [ 9.21763896942139, 44.329860687255902 ], [ 9.217361450195311, 44.329860687255902 ], [ 9.217361450195311, 44.329582214355497 ], [ 9.217082023620611, 44.329582214355497 ], [ 9.217082023620611, 44.329303741455099 ], [ 9.2165288925172, 44.329303741455099 ], [ 9.2165288925172, 44.329029083252102 ], [ 9.216440200805611, 44.329029083252102 ], [ 9.216251373291129, 44.329029083252102 ], [ 9.216251373291129, 44.328750610351698 ], [ 9.21597290039074, 44.328750610351698 ], [ 9.21597290039074, 44.327362060546903 ], [ 9.2165288925172, 44.327362060546903 ], [ 9.2165288925172, 44.325973510742202 ], [ 9.21680355072021, 44.325973510742202 ], [ 9.21680355072021, 44.324028015136697 ], [ 9.2165288925172, 44.324028015136697 ], [ 9.2165288925172, 44.322639465332102 ], [ 9.216653823852541, 44.322639465332102 ], [ 9.21680355072021, 44.322639465332102 ], [ 9.21680355072021, 44.322082519531399 ], [ 9.2165288925172, 44.322082519531399 ], [ 9.2165288925172, 44.321529388427798 ], [ 9.21639442443859, 44.321529388427798 ], [ 9.215695381164659, 44.321529388427798 ], [ 9.215695381164659, 44.321250915527401 ], [ 9.21513843536388, 44.321250915527401 ], [ 9.21513843536388, 44.320972442627003 ], [ 9.21458244323742, 44.320972442627003 ], [ 9.21458244323742, 44.320693969726598 ], [ 9.21430683135992, 44.320693969726598 ], [ 9.21430683135992, 44.3204154968263 ], [ 9.213749885559141, 44.3204154968263 ], [ 9.213749885559141, 44.320137023925902 ], [ 9.213472366333059, 44.320137023925902 ], [ 9.213472366333059, 44.319862365722599 ], [ 9.2129163742066, 44.319862365722599 ], [ 9.2129163742066, 44.319583892822301 ], [ 9.212637901306209, 44.319583892822301 ], [ 9.212637901306209, 44.319026947021499 ], [ 9.212362289428709, 44.319026947021499 ], [ 9.212362289428709, 44.318473815917898 ], [ 9.212081909179741, 44.318473815917898 ], [ 9.212081909179741, 44.317916870117202 ], [ 9.21180629730225, 44.317916870117202 ], [ 9.21180629730225, 44.315692901611399 ], [ 9.212081909179741, 44.315692901611399 ], [ 9.212081909179741, 44.315139770507898 ], [ 9.212362289428709, 44.315139770507898 ], [ 9.212362289428709, 44.3148612976075 ], [ 9.212637901306209, 44.3148612976075 ], [ 9.212637901306209, 44.314582824707102 ], [ 9.2129163742066, 44.314582824707102 ], [ 9.2129163742066, 44.314304351806697 ], [ 9.213472366333059, 44.314304351806697 ], [ 9.213472366333059, 44.314025878906399 ], [ 9.213749885559141, 44.314025878906399 ], [ 9.213749885559141, 44.313751220703097 ], [ 9.21430683135992, 44.313751220703097 ], [ 9.21430683135992, 44.312740325927798 ], [ 9.21430683135992, 44.312637329101598 ], [ 9.21430683135992, 44.312084197997997 ], [ 9.214174270629879, 44.312084197997997 ], [ 9.214028358459529, 44.312084197997997 ], [ 9.214028358459529, 44.311805725097599 ], [ 9.213635444641231, 44.311805725097599 ], [ 9.213472366333059, 44.311805725097599 ], [ 9.213472366333059, 44.311576843261797 ], [ 9.213472366333059, 44.310695648193501 ], [ 9.213749885559141, 44.310695648193501 ], [ 9.213749885559141, 44.310272216796797 ], [ 9.213749885559141, 44.310138702392699 ], [ 9.212637901306209, 44.310138702392699 ], [ 9.212637901306209, 44.310417175293097 ], [ 9.211527824401861, 44.310417175293097 ], [ 9.211527824401861, 44.310695648193501 ], [ 9.21098613739013, 44.310695648193501 ], [ 9.21069431304926, 44.310695648193501 ], [ 9.21068668365473, 44.310974121093899 ], [ 9.209859848022401, 44.310974121093899 ], [ 9.209859848022401, 44.310695648193501 ], [ 9.209584236145069, 44.310695648193501 ], [ 9.209584236145069, 44.310138702392699 ], [ 9.209859848022401, 44.310138702392699 ], [ 9.209859848022401, 44.309860229492301 ], [ 9.2101402282716, 44.309860229492301 ], [ 9.2101402282716, 44.309581756591903 ], [ 9.210415840148871, 44.309581756591903 ], [ 9.210415840148871, 44.3093070983887 ], [ 9.21069431304926, 44.3093070983887 ], [ 9.21069431304926, 44.309028625488303 ], [ 9.211250305175721, 44.309028625488303 ], [ 9.211250305175721, 44.308750152587898 ], [ 9.21180629730225, 44.308750152587898 ], [ 9.21180629730225, 44.308471679687599 ], [ 9.212362289428709, 44.308471679687599 ], [ 9.212362289428709, 44.308193206787202 ], [ 9.212637901306209, 44.308193206787202 ], [ 9.212637901306209, 44.307918548583999 ], [ 9.2129163742066, 44.307914733886797 ], [ 9.2129163742066, 44.307640075683601 ], [ 9.213132858276371, 44.307640075683601 ], [ 9.21319389343267, 44.307361602783203 ], [ 9.213749885559141, 44.307361602783203 ], [ 9.213749885559141, 44.307083129882798 ], [ 9.214028358459529, 44.307083129882798 ], [ 9.214028358459529, 44.306804656982401 ], [ 9.21430683135992, 44.306804656982401 ], [ 9.21430683135992, 44.306251525878999 ], [ 9.214028358459529, 44.306251525878999 ], [ 9.214028358459529, 44.305965423584098 ], [ 9.214028358459529, 44.305694580078097 ], [ 9.213749885559141, 44.305694580078097 ], [ 9.213749885559141, 44.305416107177699 ], [ 9.213472366333059, 44.305416107177699 ], [ 9.213472366333059, 44.305137634277301 ], [ 9.21319389343267, 44.305137634277301 ], [ 9.21319389343267, 44.304584503173899 ], [ 9.2129163742066, 44.304584503173899 ], [ 9.2129163742066, 44.304306030273601 ], [ 9.212637901306209, 44.304306030273601 ], [ 9.212637901306209, 44.303749084472798 ], [ 9.212362289428709, 44.303749084472798 ], [ 9.212362289428709, 44.303470611572401 ], [ 9.212081909179741, 44.303470611572401 ], [ 9.212081909179741, 44.303195953369197 ], [ 9.21180629730225, 44.303195953369197 ], [ 9.21180629730225, 44.3029174804688 ], [ 9.211527824401861, 44.3029174804688 ], [ 9.211527824401861, 44.302360534667997 ], [ 9.21180629730225, 44.302360534667997 ], [ 9.21180629730225, 44.302082061767599 ], [ 9.212637901306209, 44.302082061767599 ], [ 9.212637901306209, 44.302360534667997 ], [ 9.2129163742066, 44.302360534667997 ], [ 9.2129163742066, 44.302639007568402 ], [ 9.21319389343267, 44.302639007568402 ], [ 9.21319389343267, 44.3029174804688 ], [ 9.213472366333059, 44.3029174804688 ], [ 9.213472366333059, 44.303195953369197 ], [ 9.213749885559141, 44.303195953369197 ], [ 9.213749885559141, 44.303470611572401 ], [ 9.21597290039074, 44.303470611572401 ], [ 9.21597290039074, 44.3029174804688 ], [ 9.216251373291129, 44.3029174804688 ], [ 9.216251373291129, 44.302639007568402 ], [ 9.2165288925172, 44.302639007568402 ], [ 9.2165288925172, 44.302360534667997 ], [ 9.21680355072021, 44.302360534667997 ], [ 9.21680355072021, 44.302082061767599 ], [ 9.217082023620611, 44.302082061767599 ], [ 9.217082023620611, 44.301807403564503 ], [ 9.217361450195311, 44.301807403564503 ], [ 9.217361450195311, 44.3012504577637 ], [ 9.21763896942139, 44.3012504577637 ], [ 9.21763896942139, 44.300693511962898 ], [ 9.217917442321779, 44.300693511962898 ], [ 9.217917442321779, 44.300140380859503 ], [ 9.21819496154785, 44.300140380859503 ], [ 9.21819496154785, 44.299926757812599 ], [ 9.21819496154785, 44.299583435058501 ], [ 9.21847343444824, 44.299583435058501 ], [ 9.21847343444824, 44.299495697021399 ], [ 9.21847343444824, 44.299026489257798 ], [ 9.218750953674309, 44.299026489257798 ], [ 9.218750953674309, 44.298194885253999 ], [ 9.217361450195311, 44.298194885253999 ], [ 9.217361450195311, 44.298473358154403 ], [ 9.217082023620611, 44.298473358154403 ], [ 9.217082023620611, 44.298751831054702 ], [ 9.21680355072021, 44.298751831054702 ], [ 9.21680355072021, 44.299026489257798 ], [ 9.2165288925172, 44.299026489257798 ], [ 9.2165288925172, 44.299304962158097 ], [ 9.21513843536388, 44.299304962158097 ], [ 9.21513843536388, 44.299583435058501 ], [ 9.213749885559141, 44.299583435058501 ], [ 9.213749885559141, 44.299861907959098 ], [ 9.2129163742066, 44.299861907959098 ], [ 9.2129163742066, 44.300140380859503 ], [ 9.21208381652832, 44.300140380859503 ], [ 9.212081909179741, 44.3004150390625 ], [ 9.211250305175721, 44.3004150390625 ], [ 9.211250305175721, 44.300693511962898 ], [ 9.20847225189215, 44.300693511962898 ], [ 9.20847225189215, 44.300971984863303 ], [ 9.20791625976568, 44.300971984863303 ], [ 9.20791625976568, 44.3012504577637 ], [ 9.207083702087401, 44.3012504577637 ], [ 9.207083702087401, 44.301528930664098 ], [ 9.206527709960939, 44.301528930664098 ], [ 9.206527709960939, 44.301807403564503 ], [ 9.205971717834471, 44.301807403564503 ], [ 9.205971717834471, 44.302082061767599 ], [ 9.20514011383068, 44.302082061767599 ], [ 9.20514011383068, 44.302360534667997 ], [ 9.204584121704221, 44.302360534667997 ], [ 9.204584121704221, 44.302639007568402 ], [ 9.20374965667736, 44.302639007568402 ], [ 9.20374965667736, 44.3029174804688 ], [ 9.203195571899469, 44.3029174804688 ], [ 9.203195571899469, 44.303195953369197 ], [ 9.20236206054693, 44.303195953369197 ], [ 9.20236206054693, 44.303470611572401 ], [ 9.20124912261968, 44.303470611572401 ], [ 9.20124912261968, 44.303749084472798 ], [ 9.20041656494141, 44.303749084472798 ], [ 9.20041656494141, 44.304027557373203 ], [ 9.19986057281494, 44.304027557373203 ], [ 9.19986057281494, 44.304306030273601 ], [ 9.19930458068848, 44.304306030273601 ], [ 9.19930458068848, 44.304584503173899 ], [ 9.198751449585069, 44.304584503173899 ], [ 9.19874858856201, 44.304862976074297 ], [ 9.19819545745861, 44.304862976074297 ], [ 9.19819545745861, 44.305137634277301 ], [ 9.19788265228271, 44.30517578125 ], [ 9.19763946533209, 44.305206298828203 ], [ 9.19763946533209, 44.305416107177699 ], [ 9.19708347320562, 44.305416107177699 ], [ 9.19708347320562, 44.305694580078097 ], [ 9.196526527404901, 44.305694580078097 ], [ 9.196526527404901, 44.305973052978501 ], [ 9.19597339630127, 44.305973052978501 ], [ 9.19597339630127, 44.306251525878999 ], [ 9.195417404174799, 44.306251525878999 ], [ 9.195417404174799, 44.306526184082102 ], [ 9.19486141204834, 44.306526184082102 ], [ 9.19486141204834, 44.306804656982401 ], [ 9.19430541992188, 44.306804656982401 ], [ 9.19430541992188, 44.307083129882798 ], [ 9.19375133514416, 44.307083129882798 ], [ 9.19375133514416, 44.307361602783203 ], [ 9.19319534301769, 44.307361602783203 ], [ 9.19319534301769, 44.307640075683601 ], [ 9.19236087799084, 44.307640075683601 ], [ 9.19236087799084, 44.307918548583999 ], [ 9.191527366638301, 44.307918548583999 ], [ 9.191527366638301, 44.308193206787202 ], [ 9.19069480896002, 44.308193206787202 ], [ 9.19069480896002, 44.308471679687599 ], [ 9.189584732055661, 44.308471679687599 ], [ 9.189584732055661, 44.308193206787202 ], [ 9.189304351806699, 44.308193206787202 ], [ 9.189304351806699, 44.307918548583999 ], [ 9.18830394744873, 44.307918548583999 ], [ 9.18652820587169, 44.307918548583999 ], [ 9.18652820587169, 44.307640075683601 ], [ 9.18624973297131, 44.307640075683601 ], [ 9.18624973297131, 44.307918548583999 ], [ 9.18513774871837, 44.307918548583999 ], [ 9.18513774871837, 44.308193206787202 ], [ 9.184860229492241, 44.308193206787202 ], [ 9.184860229492241, 44.307918548583999 ], [ 9.18458366394049, 44.307918548583999 ], [ 9.18458366394049, 44.308193206787202 ], [ 9.183750152587891, 44.308193206787202 ], [ 9.183750152587891, 44.308471679687599 ], [ 9.18323421478271, 44.308471679687599 ], [ 9.18291568756104, 44.308471679687599 ], [ 9.18291568756104, 44.308750152587898 ], [ 9.18264007568354, 44.308750152587898 ], [ 9.18264007568354, 44.308471679687599 ], [ 9.18235969543457, 44.308471679687599 ], [ 9.18235969543457, 44.308193206787202 ], [ 9.180972099304309, 44.308193206787202 ], [ 9.180972099304309, 44.308471679687599 ], [ 9.178471565246641, 44.308471679687599 ], [ 9.178471565246641, 44.308750152587898 ], [ 9.178194046020559, 44.308750152587898 ], [ 9.178194046020559, 44.3093070983887 ], [ 9.17791557312017, 44.3093070983887 ], [ 9.17791557312017, 44.309581756591903 ], [ 9.1773624420166, 44.309581756591903 ], [ 9.1773624420166, 44.309860229492301 ], [ 9.177083969116209, 44.309860229492301 ], [ 9.177083969116209, 44.310417175293097 ], [ 9.17680644989013, 44.310417175293097 ], [ 9.17680644989013, 44.310695648193501 ], [ 9.17652797698975, 44.310695648193501 ], [ 9.17652797698975, 44.310974121093899 ], [ 9.17625045776361, 44.310974121093899 ], [ 9.17625045776361, 44.311248779296903 ], [ 9.17597103118896, 44.311248779296903 ], [ 9.17597103118896, 44.311527252197301 ], [ 9.175692558288571, 44.311527252197301 ], [ 9.175692558288571, 44.312084197997997 ], [ 9.175417900085559, 44.312084197997997 ], [ 9.175417900085559, 44.312179565429602 ], [ 9.175417900085559, 44.312637329101598 ], [ 9.17514038085949, 44.312637329101598 ], [ 9.17514038085949, 44.313751220703097 ], [ 9.175417900085559, 44.313751220703097 ], [ 9.175417900085559, 44.315139770507898 ], [ 9.17430496215832, 44.315139770507898 ], [ 9.17430496215832, 44.3148612976075 ], [ 9.174027442932241, 44.3148612976075 ], [ 9.174027442932241, 44.314582824707102 ], [ 9.17236137390142, 44.314582824707102 ], [ 9.17236137390142, 44.314304351806697 ], [ 9.171805381774901, 44.314304351806697 ], [ 9.171805381774901, 44.314029693603501 ], [ 9.17041683197021, 44.314025878906399 ], [ 9.17041683197021, 44.313751220703097 ], [ 9.17013931274408, 44.313751220703097 ], [ 9.17013931274408, 44.313472747802699 ], [ 9.17005634307867, 44.313472747802699 ], [ 9.169583320617621, 44.313472747802699 ], [ 9.169583320617621, 44.313194274902301 ], [ 9.168473243713439, 44.313194274902301 ], [ 9.168473243713439, 44.312637329101598 ], [ 9.16763877868658, 44.312637329101598 ], [ 9.16763877868658, 44.312362670898402 ], [ 9.16736125946051, 44.312362670898402 ], [ 9.16736125946051, 44.312084197997997 ], [ 9.166526794433651, 44.312084197997997 ], [ 9.166526794433651, 44.313751220703097 ], [ 9.166251182556151, 44.313751220703097 ], [ 9.166251182556151, 44.3143920898438 ], [ 9.166251182556151, 44.3148612976075 ], [ 9.16597270965576, 44.3148612976075 ], [ 9.16597270965576, 44.315418243408303 ], [ 9.165695190429689, 44.315418243408303 ], [ 9.165695190429689, 44.315692901611399 ], [ 9.1654167175293, 44.315692901611399 ], [ 9.1654167175293, 44.315971374511797 ], [ 9.165254592895559, 44.315998077392599 ], [ 9.165139198303221, 44.316017150878899 ], [ 9.165139198303221, 44.316249847412202 ], [ 9.16486072540283, 44.316249847412202 ], [ 9.16486072540283, 44.316528320312599 ], [ 9.16458320617676, 44.316528320312599 ], [ 9.16458320617676, 44.317081451416001 ], [ 9.164304733276371, 44.317085266113402 ], [ 9.164304733276371, 44.317359924316399 ], [ 9.163750648498651, 44.317359924316399 ], [ 9.163750648498651, 44.317085266113402 ], [ 9.16319465637218, 44.317081451416001 ], [ 9.16319465637218, 44.316806793212997 ], [ 9.162638664245719, 44.316806793212997 ], [ 9.162638664245719, 44.316528320312599 ], [ 9.16208457946783, 44.316528320312599 ], [ 9.16208457946783, 44.315971374511797 ], [ 9.16180419921886, 44.315971374511797 ], [ 9.16180419921886, 44.316249847412202 ], [ 9.161528587341371, 44.316249847412202 ], [ 9.161528587341371, 44.315971374511797 ], [ 9.160971641540581, 44.315971374511797 ], [ 9.160971641540581, 44.315692901611399 ], [ 9.160860061645559, 44.315692901611399 ], [ 9.16013813018805, 44.315692901611399 ], [ 9.16013813018805, 44.315418243408303 ], [ 9.15958213806158, 44.315418243408303 ], [ 9.15958213806158, 44.315692901611399 ], [ 9.1579160690307, 44.315692901611399 ], [ 9.1579160690307, 44.315139770507898 ], [ 9.157637596130369, 44.315139770507898 ], [ 9.157637596130369, 44.3148612976075 ], [ 9.15736007690424, 44.3148612976075 ], [ 9.15736007690424, 44.315139770507898 ], [ 9.157084465026911, 44.315139770507898 ], [ 9.157084465026911, 44.315418243408303 ], [ 9.15597152709972, 44.315418243408303 ], [ 9.15597152709972, 44.315692901611399 ], [ 9.154862403869631, 44.315692901611399 ], [ 9.154862403869631, 44.315971374511797 ], [ 9.154306411743161, 44.315971374511797 ], [ 9.154306411743161, 44.316249847412202 ], [ 9.15347194671631, 44.316249847412202 ], [ 9.15347194671631, 44.316528320312599 ], [ 9.15291786193842, 44.316528320312599 ], [ 9.15291786193842, 44.316806793212997 ], [ 9.15264034271252, 44.316806793212997 ], [ 9.15263843536377, 44.317081451416001 ], [ 9.152084350586049, 44.317085266113402 ], [ 9.152084350586049, 44.317359924316399 ], [ 9.151528358459579, 44.317359924316399 ], [ 9.151528358459579, 44.317638397216797 ], [ 9.151249885559199, 44.317638397216797 ], [ 9.151249885559199, 44.317916870117202 ], [ 9.15097236633312, 44.317916870117202 ], [ 9.15097236633312, 44.318473815917898 ], [ 9.15069580078131, 44.318473815917898 ], [ 9.15069580078131, 44.3187484741212 ], [ 9.15041542053234, 44.3187484741212 ], [ 9.15041542053234, 44.319026947021499 ], [ 9.15013980865484, 44.319026947021499 ], [ 9.15013980865484, 44.319583892822301 ], [ 9.14986228942877, 44.319583892822301 ], [ 9.14986228942877, 44.319862365722599 ], [ 9.149583816528381, 44.319862365722599 ], [ 9.149583816528381, 44.320137023925902 ], [ 9.149306297302299, 44.320137023925902 ], [ 9.149306297302299, 44.3204154968263 ], [ 9.149027824401911, 44.3204154968263 ], [ 9.149027824401911, 44.320693969726598 ], [ 9.14874935150152, 44.320693969726598 ], [ 9.14874935150152, 44.320972442627003 ], [ 9.14819335937506, 44.320972442627003 ], [ 9.14819335937506, 44.321250915527401 ], [ 9.14791774749756, 44.321250915527401 ], [ 9.14791774749756, 44.321529388427798 ], [ 9.147640228271429, 44.321529388427798 ], [ 9.147640228271429, 44.321804046630803 ], [ 9.147360801696779, 44.321804046630803 ], [ 9.147360801696779, 44.322639465332102 ], [ 9.1470832824707, 44.322639465332102 ], [ 9.1470832824707, 44.322360992431797 ], [ 9.14652729034424, 44.322360992431797 ], [ 9.14652729034424, 44.322082519531399 ], [ 9.14597129821772, 44.322082519531399 ], [ 9.14597129821772, 44.321804046630803 ], [ 9.145138740539659, 44.321804046630803 ], [ 9.145138740539659, 44.322082519531399 ], [ 9.14486122131359, 44.322082519531399 ], [ 9.14486122131359, 44.322639465332102 ], [ 9.145138740539659, 44.322639465332102 ], [ 9.145138740539659, 44.3229179382325 ], [ 9.14541721344006, 44.3229179382325 ], [ 9.14541721344006, 44.323192596435497 ], [ 9.14597129821772, 44.323192596435497 ], [ 9.14597129821772, 44.323471069335902 ], [ 9.14652729034424, 44.323471069335902 ], [ 9.14652729034424, 44.3237495422363 ], [ 9.1470832824707, 44.3237495422363 ], [ 9.1470832824707, 44.324028015136697 ], [ 9.14791774749756, 44.324028015136697 ], [ 9.14791774749756, 44.324306488037102 ], [ 9.14819335937506, 44.324306488037102 ], [ 9.14819335937506, 44.3245849609375 ], [ 9.148470878601129, 44.3245849609375 ], [ 9.148470878601129, 44.324859619140703 ], [ 9.149027824401911, 44.324859619140703 ], [ 9.149027824401911, 44.325138092041101 ], [ 9.149306297302299, 44.325138092041101 ], [ 9.149306297302299, 44.325416564941499 ], [ 9.149583816528381, 44.325416564941499 ], [ 9.149583816528381, 44.325695037841903 ], [ 9.14986228942877, 44.325695037841903 ], [ 9.14986228942877, 44.326248168945398 ], [ 9.14998722076427, 44.326248168945398 ], [ 9.15013980865484, 44.326248168945398 ], [ 9.15013980865484, 44.3268051147462 ], [ 9.15041542053234, 44.3268051147462 ], [ 9.15041542053234, 44.327083587646499 ], [ 9.15069580078131, 44.327083587646499 ], [ 9.15069580078131, 44.327640533447301 ], [ 9.15097236633312, 44.327640533447301 ], [ 9.15097236633312, 44.327915191650298 ], [ 9.151249885559199, 44.327915191650298 ], [ 9.151249885559199, 44.328193664550703 ], [ 9.151528358459579, 44.328193664550703 ], [ 9.151528358459579, 44.328750610351698 ], [ 9.151805877685661, 44.328750610351698 ], [ 9.151805877685661, 44.329582214355497 ], [ 9.152084350586049, 44.329582214355497 ], [ 9.152084350586049, 44.330696105957003 ], [ 9.15236186981212, 44.330696105957003 ], [ 9.15236186981212, 44.330970764160199 ], [ 9.15291786193842, 44.330970764160199 ], [ 9.15291786193842, 44.331527709961001 ], [ 9.153194427490231, 44.331527709961001 ], [ 9.153194427490231, 44.332637786865298 ], [ 9.15347194671631, 44.332637786865298 ], [ 9.15347194671631, 44.334026336669901 ], [ 9.153750419616699, 44.334026336669901 ], [ 9.153750419616699, 44.335414886474602 ], [ 9.15402793884277, 44.335414886474602 ], [ 9.15402793884277, 44.3365287780762 ], [ 9.154306411743161, 44.3365287780762 ], [ 9.154306411743161, 44.337917327880902 ], [ 9.15458393096924, 44.337917327880902 ], [ 9.15458393096924, 44.345695495605597 ], [ 9.154306411743161, 44.345695495605597 ], [ 9.154306411743161, 44.346527099609403 ], [ 9.15458393096924, 44.346527099609403 ], [ 9.15458393096924, 44.347915649414098 ], [ 9.154306411743161, 44.347915649414098 ], [ 9.154306411743161, 44.348472595214801 ], [ 9.15402793884277, 44.348472595214801 ], [ 9.15402793884277, 44.349029541015597 ], [ 9.153750419616699, 44.349029541015597 ], [ 9.153750419616699, 44.3493041992188 ], [ 9.15347194671631, 44.3493041992188 ], [ 9.15347194671631, 44.349861145019602 ], [ 9.15291786193842, 44.349861145019602 ], [ 9.15291786193842, 44.349582672119197 ], [ 9.151528358459579, 44.349582672119197 ], [ 9.151528358459579, 44.349861145019602 ], [ 9.151249885559199, 44.349861145019602 ], [ 9.151249885559199, 44.35013961792 ], [ 9.15097236633312, 44.35013961792 ], [ 9.15097236633312, 44.350971221923899 ], [ 9.15069580078131, 44.350971221923899 ], [ 9.15069580078131, 44.351528167724702 ], [ 9.15041542053234, 44.351528167724702 ], [ 9.15041542053234, 44.352085113525497 ], [ 9.15013980865484, 44.352085113525497 ], [ 9.15013980865484, 44.352359771728501 ], [ 9.150034904480091, 44.352359771728501 ], [ 9.149027824401911, 44.352359771728501 ], [ 9.149027824401911, 44.352638244628899 ], [ 9.14874935150152, 44.352638244628899 ], [ 9.14874935150152, 44.352916717529297 ], [ 9.14819335937506, 44.352916717529297 ], [ 9.14819335937506, 44.353195190429702 ], [ 9.147640228271429, 44.353195190429702 ], [ 9.147640228271429, 44.35347366333 ], [ 9.147360801696779, 44.35347366333 ], [ 9.147360801696779, 44.353748321533303 ], [ 9.1470832824707, 44.353748321533303 ], [ 9.1470832824707, 44.354068756103501 ], [ 9.1470832824707, 44.354583740234403 ], [ 9.14652729034424, 44.354583740234403 ], [ 9.14652729034424, 44.354862213134801 ], [ 9.145694732666129, 44.354869842529297 ], [ 9.145694732666129, 44.355140686035099 ], [ 9.14541721344006, 44.355140686035099 ], [ 9.14541721344006, 44.355415344238402 ], [ 9.145138740539659, 44.355415344238402 ], [ 9.145138740539659, 44.3556938171387 ], [ 9.14486122131359, 44.3556938171387 ], [ 9.14486122131359, 44.355972290039098 ], [ 9.1445827484132, 44.355972290039098 ], [ 9.1445827484132, 44.356250762939503 ], [ 9.14430522918707, 44.356250762939503 ], [ 9.144309043884279, 44.356578826904297 ], [ 9.144039154052731, 44.356533050537102 ], [ 9.144026756286729, 44.357082366943501 ], [ 9.14375114440924, 44.357082366943501 ], [ 9.14375114440924, 44.357360839843899 ], [ 9.143472671508849, 44.357360839843899 ], [ 9.143472671508849, 44.3590278625488 ], [ 9.14319515228271, 44.3590278625488 ], [ 9.14319515228271, 44.359306335449197 ], [ 9.14263916015625, 44.359306335449197 ], [ 9.14263916015625, 44.359584808349602 ], [ 9.142360687255859, 44.359584808349602 ], [ 9.142360687255859, 44.359859466552798 ], [ 9.14208316802979, 44.359859466552798 ], [ 9.14208316802979, 44.360137939453203 ], [ 9.14124870300293, 44.360137939453203 ], [ 9.14124870300293, 44.360416412353601 ], [ 9.14013862609858, 44.360416412353601 ], [ 9.14013862609858, 44.360137939453203 ], [ 9.13958263397228, 44.360137939453203 ], [ 9.13958263397228, 44.359859466552798 ], [ 9.13708305358892, 44.359859466552798 ], [ 9.13708305358892, 44.360137939453203 ], [ 9.136592864990231, 44.360137939453203 ], [ 9.135695457458439, 44.360137939453203 ], [ 9.135695457458439, 44.360416412353601 ], [ 9.13458156585693, 44.360416412353601 ], [ 9.13458156585693, 44.360694885253999 ], [ 9.13069438934326, 44.360694885253999 ], [ 9.13069438934326, 44.360973358154297 ], [ 9.130140304565369, 44.360973358154297 ], [ 9.130140304565369, 44.361251831054702 ], [ 9.12985992431641, 44.361251831054702 ], [ 9.12985992431641, 44.361526489257898 ], [ 9.12958431243891, 44.361526489257898 ], [ 9.12958431243891, 44.361804962158303 ], [ 9.127083778381399, 44.361804962158303 ], [ 9.127083778381399, 44.3620834350587 ], [ 9.125971794128469, 44.3620834350587 ], [ 9.125971794128469, 44.362361907958999 ], [ 9.12541580200201, 44.362361907958999 ], [ 9.12541580200201, 44.362640380859403 ], [ 9.12514019012451, 44.362640380859403 ], [ 9.12514019012451, 44.362915039062401 ], [ 9.12458419799805, 44.362915039062401 ], [ 9.12458419799805, 44.363193511962798 ], [ 9.12430572509766, 44.363193511962798 ], [ 9.12430572509766, 44.363471984863402 ], [ 9.12402820587158, 44.363471984863402 ], [ 9.12402820587158, 44.3637504577638 ], [ 9.123574256896971, 44.3637504577638 ], [ 9.123472213745121, 44.3637504577638 ], [ 9.123472213745121, 44.364028930664198 ], [ 9.12319564819347, 44.364028930664198 ], [ 9.12319564819347, 44.364307403564602 ], [ 9.122915267944339, 44.364307403564602 ], [ 9.122915267944339, 44.364582061767599 ], [ 9.12124919891369, 44.364582061767599 ], [ 9.12124919891369, 44.364860534667997 ], [ 9.11819458007812, 44.364860534667997 ], [ 9.11819458007812, 44.365139007568402 ], [ 9.117917060852051, 44.365139007568402 ], [ 9.117917060852051, 44.3654174804688 ], [ 9.116805076599061, 44.3654174804688 ], [ 9.116805076599061, 44.365695953369098 ], [ 9.115694999694879, 44.365695953369098 ], [ 9.115694999694879, 44.365970611572301 ], [ 9.114304542541561, 44.365970611572301 ], [ 9.114304542541561, 44.366249084472699 ], [ 9.113472938537599, 44.366249084472699 ], [ 9.113472938537599, 44.366527557373097 ], [ 9.11319541931152, 44.366527557373097 ], [ 9.11319541931152, 44.366806030273501 ], [ 9.11263942718506, 44.366806030273501 ], [ 9.11263942718506, 44.367084503173899 ], [ 9.11236095428467, 44.367084503173899 ], [ 9.11236095428467, 44.367362976074197 ], [ 9.110973358154411, 44.367362976074197 ], [ 9.110973358154411, 44.3676376342775 ], [ 9.108751296997131, 44.3676376342775 ], [ 9.108751296997131, 44.367916107177798 ], [ 9.10680675506592, 44.367916107177798 ], [ 9.10680675506592, 44.368194580078203 ], [ 9.105416297912541, 44.368194580078203 ], [ 9.105416297912541, 44.368473052978601 ], [ 9.105137825012211, 44.368473052978601 ], [ 9.105137825012211, 44.369026184082003 ], [ 9.10486030578608, 44.369026184082003 ], [ 9.10486030578608, 44.369583129882798 ], [ 9.10458374023449, 44.369583129882798 ], [ 9.10458374023449, 44.369861602783303 ], [ 9.104306221008409, 44.369861602783303 ], [ 9.104306221008409, 44.370418548584098 ], [ 9.10402774810802, 44.370418548584098 ], [ 9.10402774810802, 44.370693206787102 ], [ 9.101249694824221, 44.370693206787102 ], [ 9.101249694824221, 44.3709716796875 ], [ 9.100418090820259, 44.3709716796875 ], [ 9.100418090820259, 44.371250152587898 ], [ 9.0993061065675, 44.371250152587898 ], [ 9.0993061065675, 44.371528625488303 ], [ 9.097684860229601, 44.371528625488303 ], [ 9.0945844650268, 44.371528625488303 ], [ 9.0945844650268, 44.371250152587898 ], [ 9.093193054199221, 44.371250152587898 ], [ 9.093193054199221, 44.3709716796875 ], [ 9.092082977295039, 44.3709716796875 ], [ 9.092082977295039, 44.370693206787102 ], [ 9.090970993042051, 44.370693206787102 ], [ 9.090970993042051, 44.3709716796875 ], [ 9.090695381164551, 44.3709716796875 ], [ 9.090695381164551, 44.371250152587898 ], [ 9.090416908264221, 44.371250152587898 ], [ 9.090416908264221, 44.371528625488303 ], [ 9.090139389038089, 44.371528625488303 ], [ 9.090139389038089, 44.3718070983887 ], [ 9.086526870727649, 44.3718070983887 ], [ 9.086526870727649, 44.372081756591903 ], [ 9.08597278594976, 44.372081756591903 ], [ 9.08597278594976, 44.372360229492202 ], [ 9.085416793823301, 44.372360229492202 ], [ 9.085416793823301, 44.372638702392599 ], [ 9.084029197692869, 44.372638702392599 ], [ 9.084029197692869, 44.372917175292997 ], [ 9.08347320556641, 44.372917175292997 ], [ 9.08347320556641, 44.373195648193402 ], [ 9.08319473266601, 44.373195648193402 ], [ 9.08319473266601, 44.373748779297003 ], [ 9.08291721343994, 44.373748779297003 ], [ 9.08291721343994, 44.374305725097798 ], [ 9.082638740539551, 44.374305725097798 ], [ 9.082638740539551, 44.374584197998203 ], [ 9.08236122131342, 44.374584197998203 ], [ 9.08236122131342, 44.374862670898501 ], [ 9.082212448120231, 44.374862670898501 ], [ 9.082084655761831, 44.374908447265703 ], [ 9.082084655761831, 44.375137329101598 ], [ 9.0814208984375, 44.375137329101598 ], [ 9.08069419860851, 44.375137329101598 ], [ 9.08069419860851, 44.374862670898501 ], [ 9.080138206482051, 44.374862670898501 ], [ 9.080138206482051, 44.374584197998203 ], [ 9.078749656677299, 44.374584197998203 ], [ 9.078749656677299, 44.374862670898501 ], [ 9.07847213745123, 44.374862670898501 ], [ 9.07844161987305, 44.375137329101598 ], [ 9.07625007629389, 44.375137329101598 ], [ 9.07625007629389, 44.375415802002003 ], [ 9.075415611267029, 44.375415802002003 ], [ 9.075415611267029, 44.375694274902301 ], [ 9.07430553436285, 44.375694274902301 ], [ 9.07430553436285, 44.375972747802699 ], [ 9.073472023010311, 44.375972747802699 ], [ 9.073472023010311, 44.376251220703203 ], [ 9.072637557983461, 44.376251220703203 ], [ 9.072637557983461, 44.3765258789063 ], [ 9.07180595397949, 44.376529693603601 ], [ 9.07180595397949, 44.376804351806598 ], [ 9.071249961853029, 44.376804351806598 ], [ 9.071249961853029, 44.377082824707003 ], [ 9.07041645050043, 44.377082824707003 ], [ 9.07041645050043, 44.377361297607401 ], [ 9.06930637359631, 44.377361297607401 ], [ 9.06930637359631, 44.377639770507798 ], [ 9.068193435669061, 44.377639770507798 ], [ 9.068193435669061, 44.377361297607401 ], [ 9.06875038146978, 44.377361297607401 ], [ 9.06875038146978, 44.377082824707003 ], [ 9.069027900695909, 44.377082824707003 ], [ 9.069027900695909, 44.376804351806598 ], [ 9.06764030456543, 44.376804351806598 ], [ 9.06764030456543, 44.377082824707003 ], [ 9.067083358764711, 44.377082824707003 ], [ 9.067083358764711, 44.377361297607401 ], [ 9.06652736663824, 44.377361297607401 ], [ 9.06652736663824, 44.377639770507798 ], [ 9.065694808959959, 44.377639770507798 ], [ 9.065694808959959, 44.377361297607401 ], [ 9.06402683258051, 44.377361297607401 ], [ 9.06402683258051, 44.377639770507798 ], [ 9.063195228576721, 44.377639770507798 ], [ 9.063195228576721, 44.377918243408203 ], [ 9.06263923645025, 44.377918243408203 ], [ 9.06263923645025, 44.378192901611399 ], [ 9.06124877929693, 44.378192901611399 ], [ 9.06124877929693, 44.378471374511797 ], [ 9.060694694519039, 44.378471374511797 ], [ 9.060694694519039, 44.378749847412202 ], [ 9.06013870239258, 44.378749847412202 ], [ 9.06013870239258, 44.379028320312599 ], [ 9.05958271026611, 44.379028320312599 ], [ 9.05958271026611, 44.379306793212898 ], [ 9.05902671813965, 44.379306793212898 ], [ 9.05902671813965, 44.379581451416101 ], [ 9.057550430297789, 44.379581451416101 ], [ 9.055417060852109, 44.379581451416101 ], [ 9.055417060852109, 44.379028320312599 ], [ 9.055138587951721, 44.379028320312599 ], [ 9.055138587951721, 44.378749847412202 ], [ 9.05375099182123, 44.378749847412202 ], [ 9.05375099182123, 44.379028320312599 ], [ 9.052915573120121, 44.379028320312599 ], [ 9.052915573120121, 44.379306793212898 ], [ 9.05208206176752, 44.379306793212898 ], [ 9.05208206176752, 44.379581451416101 ], [ 9.046806335449331, 44.379585266113303 ], [ 9.046806335449331, 44.379859924316499 ], [ 9.045971870422481, 44.379859924316499 ], [ 9.045971870422481, 44.380138397216903 ], [ 9.04152774810791, 44.380138397216903 ], [ 9.04152774810791, 44.380416870117301 ], [ 9.040417671203731, 44.380416870117301 ], [ 9.040417671203731, 44.380695343017699 ], [ 9.03874874115002, 44.380695343017699 ], [ 9.03874874115002, 44.380973815918097 ], [ 9.037361145019529, 44.380973815918097 ], [ 9.037361145019529, 44.381248474121101 ], [ 9.03458309173595, 44.381248474121101 ], [ 9.03458309173595, 44.381526947021499 ], [ 9.03291702270513, 44.381526947021499 ], [ 9.03291702270513, 44.381805419921903 ], [ 9.031526565551809, 44.381805419921903 ], [ 9.031526565551809, 44.382083892822202 ], [ 9.028195381164609, 44.382083892822202 ], [ 9.028195381164609, 44.382362365722599 ], [ 9.024027824401861, 44.382362365722599 ], [ 9.024027824401861, 44.382637023925803 ], [ 9.02347183227533, 44.382637023925803 ], [ 9.02347183227533, 44.3829154968262 ], [ 9.02097225189214, 44.3829154968262 ], [ 9.02097225189214, 44.383193969726598 ], [ 9.0181941986084, 44.383193969726598 ], [ 9.0181941986084, 44.383472442627003 ], [ 9.01791572570801, 44.383472442627003 ], [ 9.01791572570801, 44.383750915527301 ], [ 9.017359733581539, 44.383750915527301 ], [ 9.017359733581539, 44.3838882446288 ], [ 9.017359733581539, 44.384029388427699 ], [ 9.015793800354, 44.3840560913087 ], [ 9.0154180526734, 44.384063720703203 ], [ 9.0154180526734, 44.384304046630902 ], [ 9.01486206054693, 44.384304046630902 ], [ 9.01486206054693, 44.3845825195313 ], [ 9.014583587646539, 44.3845825195313 ], [ 9.014583587646539, 44.384860992431697 ], [ 9.01180458068848, 44.384860992431697 ], [ 9.01180458068848, 44.3845825195313 ], [ 9.010695457458549, 44.3845825195313 ], [ 9.010695457458549, 44.384304046630902 ], [ 9.009305000305231, 44.384304046630902 ], [ 9.009305000305231, 44.3845825195313 ], [ 9.008194923400881, 44.3845825195313 ], [ 9.008193016052299, 44.384860992431697 ], [ 9.00736141204834, 44.384860992431697 ], [ 9.00736141204834, 44.385139465332102 ], [ 9.005416870117299, 44.385139465332102 ], [ 9.005416870117299, 44.3854179382325 ], [ 9.00319480896002, 44.3854179382325 ], [ 9.00319480896002, 44.385692596435703 ], [ 9.001528739929199, 44.385692596435703 ], [ 9.001528739929199, 44.385971069336101 ], [ 9.000138282775881, 44.385971069336101 ], [ 8.997637748718381, 44.385971069336101 ], [ 8.997637748718381, 44.386249542236399 ], [ 8.99708366394049, 44.386249542236399 ], [ 8.99708366394049, 44.386528015136797 ], [ 8.996250152587891, 44.386528015136797 ], [ 8.996250152587891, 44.386806488037202 ], [ 8.995694160461429, 44.386806488037202 ], [ 8.995694160461429, 44.387084960937599 ], [ 8.995138168334959, 44.387084960937599 ], [ 8.995138168334959, 44.387359619140597 ], [ 8.99486160278315, 44.387359619140597 ], [ 8.99485969543457, 44.387638092041001 ], [ 8.99458408355707, 44.387638092041001 ], [ 8.99458408355707, 44.387916564941399 ], [ 8.99430561065668, 44.387916564941399 ], [ 8.99430561065668, 44.388195037841797 ], [ 8.993749618530209, 44.388195037841797 ], [ 8.993749618530209, 44.387916564941399 ], [ 8.993472099304309, 44.387916564941399 ], [ 8.993472099304309, 44.388473510742102 ], [ 8.993193626403921, 44.388473510742102 ], [ 8.993193626403921, 44.389026641845803 ], [ 8.9915275573731, 44.389026641845803 ], [ 8.9915275573731, 44.3893051147462 ], [ 8.990971565246641, 44.3893051147462 ], [ 8.990971565246641, 44.389583587646499 ], [ 8.990139961242679, 44.389583587646499 ], [ 8.990139961242679, 44.389862060546903 ], [ 8.989583969116209, 44.389862060546903 ], [ 8.989583969116209, 44.390140533447301 ], [ 8.98930644989008, 44.390140533447301 ], [ 8.98930644989008, 44.390296936035199 ], [ 8.98930644989008, 44.390415191650497 ], [ 8.98875045776362, 44.390415191650497 ], [ 8.98875045776362, 44.390693664550803 ], [ 8.9873619079591, 44.390693664550803 ], [ 8.9873619079591, 44.3909721374512 ], [ 8.986527442932241, 44.3909721374512 ], [ 8.986527442932241, 44.391250610351598 ], [ 8.98624897003185, 44.391250610351598 ], [ 8.98624897003185, 44.391529083252003 ], [ 8.98458290100103, 44.391529083252003 ], [ 8.98458290100103, 44.391803741455 ], [ 8.98402690887451, 44.391803741455 ], [ 8.98402690887451, 44.392082214355597 ], [ 8.98355674743658, 44.392082214355597 ], [ 8.98347091674805, 44.392082214355597 ], [ 8.98347091674805, 44.391983032226598 ], [ 8.98347091674805, 44.391803741455 ], [ 8.98319530487055, 44.391803741455 ], [ 8.98319530487055, 44.391250610351598 ], [ 8.98291683197016, 44.391250610351598 ], [ 8.98291683197016, 44.3909721374512 ], [ 8.98236083984369, 44.3909721374512 ], [ 8.98236083984369, 44.390693664550803 ], [ 8.980973243713439, 44.390693664550803 ], [ 8.980973243713439, 44.3909721374512 ], [ 8.980417251586969, 44.3909721374512 ], [ 8.980417251586969, 44.390693664550803 ], [ 8.97986125946051, 44.390693664550803 ], [ 8.97986125946051, 44.390415191650497 ], [ 8.979305267334039, 44.390415191650497 ], [ 8.979305267334039, 44.390140533447301 ], [ 8.978470802307189, 44.390140533447301 ], [ 8.978470802307189, 44.389862060546903 ], [ 8.9779167175293, 44.389862060546903 ], [ 8.9779167175293, 44.389583587646499 ], [ 8.97736072540283, 44.389583587646499 ], [ 8.97736072540283, 44.3893051147462 ], [ 8.976250648498651, 44.3893051147462 ], [ 8.976250648498651, 44.389026641845803 ], [ 8.975973129272569, 44.389026641845803 ], [ 8.975973129272569, 44.3893051147462 ], [ 8.97541713714611, 44.3893051147462 ], [ 8.97541713714611, 44.389583587646499 ], [ 8.97430419921886, 44.389583587646499 ], [ 8.97430419921886, 44.3893051147462 ], [ 8.973751068115231, 44.3893051147462 ], [ 8.973751068115231, 44.389202117919901 ], [ 8.973751068115231, 44.389026641845803 ], [ 8.97208213806152, 44.389026641845803 ], [ 8.97208213806152, 44.3893051147462 ], [ 8.96819400787359, 44.3893051147462 ], [ 8.96819400787359, 44.389583587646499 ], [ 8.967362403869631, 44.389583587646499 ], [ 8.967362403869631, 44.389862060546903 ], [ 8.96708393096924, 44.389862060546903 ], [ 8.96708393096924, 44.390140533447301 ], [ 8.966806411743161, 44.390140533447301 ], [ 8.966806411743161, 44.390415191650497 ], [ 8.966250419616699, 44.390415191650497 ], [ 8.966250419616699, 44.390693664550803 ], [ 8.96579170227062, 44.390693664550803 ], [ 8.964861869812131, 44.390693664550803 ], [ 8.964861869812131, 44.390869140625099 ], [ 8.964861869812131, 44.3909721374512 ], [ 8.96426963806158, 44.391010284423899 ], [ 8.96402835845959, 44.391029357910199 ], [ 8.96402835845959, 44.391250610351598 ], [ 8.9629163742066, 44.391250610351598 ], [ 8.9629163742066, 44.391529083252003 ], [ 8.961336135864309, 44.391529083252003 ], [ 8.96041774749756, 44.391529083252003 ], [ 8.96041774749756, 44.3913192749025 ], [ 8.960140228271429, 44.391250610351598 ], [ 8.960140228271429, 44.3909721374512 ], [ 8.95986175537104, 44.3909721374512 ], [ 8.95986175537104, 44.390693664550803 ], [ 8.959304809570311, 44.390693664550803 ], [ 8.959304809570311, 44.390415191650497 ], [ 8.95847129821772, 44.390415191650497 ], [ 8.95847129821772, 44.390693664550803 ], [ 8.955416679382321, 44.390693664550803 ], [ 8.955416679382321, 44.3909721374512 ], [ 8.95458316802979, 44.3909721374512 ], [ 8.95458316802979, 44.391250610351598 ], [ 8.95097255706793, 44.391250610351598 ], [ 8.95097255706793, 44.3909721374512 ], [ 8.95069503784185, 44.3909721374512 ], [ 8.95069503784185, 44.391250610351598 ], [ 8.949860572815, 44.391250610351598 ], [ 8.949860572815, 44.392917633056797 ], [ 8.94958305358892, 44.392917633056797 ], [ 8.94958305358892, 44.393196105957102 ], [ 8.94930458068853, 44.393196105957102 ], [ 8.94930458068853, 44.393470764160199 ], [ 8.94902896881104, 44.393470764160199 ], [ 8.94902896881104, 44.393749237060497 ], [ 8.94847297668457, 44.393749237060497 ], [ 8.94847297668457, 44.394027709960902 ], [ 8.948007583618219, 44.394027709960902 ], [ 8.94791698455805, 44.394027709960902 ], [ 8.94791698455805, 44.3943061828613 ], [ 8.946523666381839, 44.394348144531399 ], [ 8.946250915527401, 44.394355773925902 ], [ 8.946250915527401, 44.394584655761697 ], [ 8.94541645050055, 44.394584655761697 ], [ 8.94541645050055, 44.394859313964901 ], [ 8.94357299804693, 44.394859313964901 ], [ 8.94235992431641, 44.394859313964901 ], [ 8.94235992431641, 44.394584655761697 ], [ 8.941805839538519, 44.394584655761697 ], [ 8.941805839538519, 44.3943061828613 ], [ 8.940972328186151, 44.3943061828613 ], [ 8.940972328186151, 44.394027709960902 ], [ 8.94041633605968, 44.394027709960902 ], [ 8.94041633605968, 44.3943061828613 ], [ 8.93902778625494, 44.3943061828613 ], [ 8.93902778625494, 44.394584655761697 ], [ 8.93764019012451, 44.394584655761697 ], [ 8.93764019012451, 44.3943061828613 ], [ 8.934306144714411, 44.3943061828613 ], [ 8.934306144714411, 44.394027709960902 ], [ 8.93347358703619, 44.394027709960902 ], [ 8.93347358703619, 44.3943061828613 ], [ 8.93319320678722, 44.3943061828613 ], [ 8.93319320678722, 44.394859313964901 ], [ 8.932917594909719, 44.394859313964901 ], [ 8.932917594909719, 44.395137786865298 ], [ 8.93236064910894, 44.395137786865298 ], [ 8.93236064910894, 44.395416259765703 ], [ 8.93180465698248, 44.395416259765703 ], [ 8.93180465698248, 44.395137786865298 ], [ 8.93124866485601, 44.395137786865298 ], [ 8.93124866485601, 44.395416259765703 ], [ 8.93041706085199, 44.395416259765703 ], [ 8.93041706085199, 44.395694732666101 ], [ 8.926804542541561, 44.395694732666101 ], [ 8.926804542541561, 44.395973205566399 ], [ 8.92652702331549, 44.395973205566399 ], [ 8.92652702331549, 44.396251678466797 ], [ 8.92625141143799, 44.396251678466797 ], [ 8.92625141143799, 44.396804809570398 ], [ 8.92652702331549, 44.396804809570398 ], [ 8.92652702331549, 44.39652633667 ], [ 8.92763900756842, 44.39652633667 ], [ 8.92763900756842, 44.396804809570398 ], [ 8.92847347259527, 44.396804809570398 ], [ 8.92847347259527, 44.397083282470803 ], [ 8.92902660369867, 44.397083282470803 ], [ 8.92902660369867, 44.3973617553712 ], [ 8.929305076599061, 44.3973617553712 ], [ 8.929305076599061, 44.397914886474602 ], [ 8.92902660369867, 44.397914886474602 ], [ 8.92902660369867, 44.398471832275497 ], [ 8.92874908447277, 44.398471832275497 ], [ 8.92874908447277, 44.398750305175902 ], [ 8.92819309234631, 44.398750305175902 ], [ 8.92819309234631, 44.3990287780763 ], [ 8.92513942718506, 44.3990287780763 ], [ 8.92513942718506, 44.398750305175902 ], [ 8.92486095428467, 44.398750305175902 ], [ 8.92486095428467, 44.3990287780763 ], [ 8.92458343505859, 44.3990287780763 ], [ 8.92458343505859, 44.399307250976698 ], [ 8.92430686950695, 44.399307250976698 ], [ 8.92430686950695, 44.399581909179702 ], [ 8.923750877380479, 44.399581909179702 ], [ 8.923750877380479, 44.399860382080099 ], [ 8.923473358154411, 44.399860382080099 ], [ 8.923473358154411, 44.400138854980497 ], [ 8.92319488525402, 44.400138854980497 ], [ 8.92319488525402, 44.400417327880902 ], [ 8.92263889312756, 44.400417327880902 ], [ 8.92263889312756, 44.4006958007812 ], [ 8.92236137390142, 44.4006958007812 ], [ 8.92236137390142, 44.400970458984403 ], [ 8.92208290100109, 44.400970458984403 ], [ 8.92208290100109, 44.401527404785199 ], [ 8.92236137390142, 44.401527404785199 ], [ 8.92236137390142, 44.401805877685597 ], [ 8.92263889312756, 44.401805877685597 ], [ 8.92263889312756, 44.402084350586001 ], [ 8.923473358154411, 44.402084350586001 ], [ 8.923473358154411, 44.4023628234863 ], [ 8.92430686950695, 44.4023628234863 ], [ 8.92430686950695, 44.402637481689602 ], [ 8.92486095428467, 44.402637481689602 ], [ 8.92486095428467, 44.40291595459 ], [ 8.92513942718506, 44.40291595459 ], [ 8.92513942718506, 44.403472900390703 ], [ 8.92652702331549, 44.403472900390703 ], [ 8.92652702331549, 44.403194427490298 ], [ 8.926804542541561, 44.403194427490298 ], [ 8.926804542541561, 44.40291595459 ], [ 8.92736053466802, 44.40291595459 ], [ 8.92736053466802, 44.403472900390703 ], [ 8.92708301544195, 44.403472900390703 ], [ 8.92708301544195, 44.404026031494098 ], [ 8.926804542541561, 44.404026031494098 ], [ 8.926804542541561, 44.404304504394503 ], [ 8.92652702331549, 44.404304504394503 ], [ 8.92652702331549, 44.404582977294901 ], [ 8.92625141143799, 44.404582977294901 ], [ 8.92625141143799, 44.404861450195398 ], [ 8.925416946411129, 44.404861450195398 ], [ 8.925416946411129, 44.405139923095803 ], [ 8.92513942718506, 44.405139923095803 ], [ 8.92513942718506, 44.4054183959962 ], [ 8.92486095428467, 44.4054183959962 ], [ 8.92486095428467, 44.405693054199197 ], [ 8.92430686950695, 44.405693054199197 ], [ 8.92430686950695, 44.4054183959962 ], [ 8.923750877380479, 44.4054183959962 ], [ 8.923750877380479, 44.405693054199197 ], [ 8.922917366027949, 44.405693054199197 ], [ 8.922917366027949, 44.4054183959962 ], [ 8.92263889312756, 44.4054183959962 ], [ 8.92263889312756, 44.405139923095803 ], [ 8.92208290100109, 44.405139923095803 ], [ 8.92208290100109, 44.4054183959962 ], [ 8.921805381774959, 44.4054183959962 ], [ 8.921805381774959, 44.405693054199197 ], [ 8.92097282409674, 44.405693054199197 ], [ 8.92097282409674, 44.405971527099602 ], [ 8.919582366943359, 44.405971527099602 ], [ 8.919582366943359, 44.40625 ], [ 8.919306755065859, 44.40625 ], [ 8.919306755065859, 44.407081604003999 ], [ 8.91902923583979, 44.407081604003999 ], [ 8.91902923583979, 44.408473968505902 ], [ 8.919582366943359, 44.408473968505902 ], [ 8.919582366943359, 44.408748626709098 ], [ 8.92041683197021, 44.408748626709098 ], [ 8.92041683197021, 44.409027099609503 ], [ 8.9215288162232, 44.409027099609503 ], [ 8.9215288162232, 44.409305572509901 ], [ 8.921805381774959, 44.409305572509901 ], [ 8.921805381774959, 44.409584045410298 ], [ 8.92208290100109, 44.409584045410298 ], [ 8.92208290100109, 44.4101371765137 ], [ 8.921805381774959, 44.4101371765137 ], [ 8.921805381774959, 44.410415649414098 ], [ 8.9215288162232, 44.410415649414098 ], [ 8.9215288162232, 44.410694122314403 ], [ 8.92097282409674, 44.410694122314403 ], [ 8.92097282409674, 44.410972595214801 ], [ 8.92041683197021, 44.410972595214801 ], [ 8.92041683197021, 44.411251068115298 ], [ 8.91985988616949, 44.411251068115298 ], [ 8.91985988616949, 44.411529541015703 ], [ 8.919582366943359, 44.411529541015703 ], [ 8.919582366943359, 44.4118041992187 ], [ 8.91985988616949, 44.4118041992187 ], [ 8.91985988616949, 44.412639617919901 ], [ 8.919582366943359, 44.412647247314503 ], [ 8.919582366943359, 44.412918090820298 ], [ 8.919026374816889, 44.412918090820298 ], [ 8.919026374816889, 44.412639617919901 ], [ 8.91874980926514, 44.412639617919901 ], [ 8.91874980926514, 44.412918090820298 ], [ 8.91819381713867, 44.412918090820298 ], [ 8.91819381713867, 44.413192749023501 ], [ 8.91763782501215, 44.413192749023501 ], [ 8.91763782501215, 44.413471221923899 ], [ 8.916250228881889, 44.413471221923899 ], [ 8.916250228881889, 44.413192749023501 ], [ 8.9159717559815, 44.413192749023501 ], [ 8.9159717559815, 44.412918090820298 ], [ 8.91569423675543, 44.412918090820298 ], [ 8.91569423675543, 44.412639617919901 ], [ 8.91472339630138, 44.412639617919901 ], [ 8.913749694824221, 44.412639617919901 ], [ 8.913749694824221, 44.412918090820298 ], [ 8.91319370269775, 44.412918090820298 ], [ 8.91319370269775, 44.412639617919901 ], [ 8.91291809082043, 44.412639617919901 ], [ 8.91291809082043, 44.412918090820298 ], [ 8.912637710571291, 44.412918090820298 ], [ 8.912637710571291, 44.412639617919901 ], [ 8.91236209869396, 44.412639617919901 ], [ 8.91236209869396, 44.412399291992202 ], [ 8.91236209869396, 44.411529541015703 ], [ 8.912637710571291, 44.411529541015703 ], [ 8.912637710571291, 44.411251068115298 ], [ 8.91291618347168, 44.411251068115298 ], [ 8.91291809082043, 44.410972595214801 ], [ 8.91319370269775, 44.410972595214801 ], [ 8.91319370269775, 44.410694122314403 ], [ 8.913472175598139, 44.410694122314403 ], [ 8.913472175598139, 44.410415649414098 ], [ 8.913749694824221, 44.410415649414098 ], [ 8.913749694824221, 44.4101371765137 ], [ 8.914028167724609, 44.4101371765137 ], [ 8.914028167724609, 44.409862518310597 ], [ 8.91430568695068, 44.409862518310597 ], [ 8.91430568695068, 44.408721923828097 ], [ 8.91430568695068, 44.407360076904297 ], [ 8.91415977478033, 44.407360076904297 ], [ 8.914028167724609, 44.407360076904297 ], [ 8.914028167724609, 44.407638549804702 ], [ 8.913472175598139, 44.407638549804702 ], [ 8.913472175598139, 44.407360076904297 ], [ 8.91319370269775, 44.407360076904297 ], [ 8.91319370269775, 44.407081604003999 ], [ 8.91291809082043, 44.407081604003999 ], [ 8.91291618347168, 44.406528472900398 ], [ 8.91279315948492, 44.406528472900398 ], [ 8.912637710571291, 44.406528472900398 ], [ 8.912637710571291, 44.405693054199197 ], [ 8.91291618347168, 44.405693054199197 ], [ 8.91291809082043, 44.4054183959962 ], [ 8.913952827453731, 44.4054183959962 ], [ 8.914028167724609, 44.4054183959962 ], [ 8.914028167724609, 44.405139923095803 ], [ 8.914584159851071, 44.405139923095803 ], [ 8.914584159851071, 44.404861450195398 ], [ 8.91569423675543, 44.404861450195398 ], [ 8.91569423675543, 44.404582977294901 ], [ 8.91652774810802, 44.404582977294901 ], [ 8.91652774810802, 44.404304504394503 ], [ 8.91708374023449, 44.404304504394503 ], [ 8.91708374023449, 44.404026031494098 ], [ 8.918472290039009, 44.404026031494098 ], [ 8.918472290039009, 44.403194427490298 ], [ 8.91874980926514, 44.403194427490298 ], [ 8.91874980926514, 44.40291595459 ], [ 8.919026374816889, 44.40291595459 ], [ 8.919026374816889, 44.402736663818402 ], [ 8.919026374816889, 44.402637481689602 ], [ 8.919306755065859, 44.402637481689602 ], [ 8.919306755065859, 44.401805877685597 ], [ 8.919026374816889, 44.401805877685597 ], [ 8.919026374816889, 44.401527404785199 ], [ 8.91874980926514, 44.401527404785199 ], [ 8.91874980926514, 44.401248931884801 ], [ 8.918357849121151, 44.401248931884801 ], [ 8.91819381713867, 44.401248931884801 ], [ 8.91819381713867, 44.400970458984403 ], [ 8.91736030578608, 44.400970458984403 ], [ 8.91736030578608, 44.4006958007812 ], [ 8.91708374023449, 44.4006958007812 ], [ 8.91708374023449, 44.400138854980497 ], [ 8.916806221008359, 44.400138854980497 ], [ 8.916806221008359, 44.399616241455199 ], [ 8.916806221008359, 44.398750305175902 ], [ 8.915415763855041, 44.398750305175902 ], [ 8.915415763855041, 44.3990287780763 ], [ 8.915140151977541, 44.3990287780763 ], [ 8.915140151977541, 44.399818420410199 ], [ 8.915140151977541, 44.4006958007812 ], [ 8.914859771728571, 44.4006958007812 ], [ 8.914859771728571, 44.400970458984403 ], [ 8.914584159851071, 44.400970458984403 ], [ 8.914584159851071, 44.401248931884801 ], [ 8.91430568695068, 44.401248931884801 ], [ 8.91430568695068, 44.401527404785199 ], [ 8.913749694824221, 44.401527404785199 ], [ 8.913749694824221, 44.401805877685597 ], [ 8.91356754302979, 44.401805877685597 ], [ 8.91319370269775, 44.401805877685597 ], [ 8.91319370269775, 44.402084350586001 ], [ 8.910971641540639, 44.402084350586001 ], [ 8.910971641540639, 44.401962280273601 ], [ 8.910971641540639, 44.401805877685597 ], [ 8.91069412231457, 44.401805877685597 ], [ 8.91069412231457, 44.400360107421903 ], [ 8.91069412231457, 44.399860382080099 ], [ 8.91041564941418, 44.399860382080099 ], [ 8.91041564941418, 44.399581909179702 ], [ 8.90958404541021, 44.399581909179702 ], [ 8.90958404541021, 44.399860382080099 ], [ 8.908193588256889, 44.399860382080099 ], [ 8.908193588256889, 44.400417327880902 ], [ 8.908472061157219, 44.400417327880902 ], [ 8.908472061157219, 44.400630950927699 ], [ 8.908472061157219, 44.401248931884801 ], [ 8.908193588256889, 44.401248931884801 ], [ 8.908193588256889, 44.401527404785199 ], [ 8.90764045715326, 44.401527404785199 ], [ 8.90764045715326, 44.402084350586001 ], [ 8.907917976379389, 44.402084350586001 ], [ 8.907917976379389, 44.402591705322301 ], [ 8.907917976379389, 44.40291595459 ], [ 8.90764045715326, 44.40291595459 ], [ 8.90764045715326, 44.403194427490298 ], [ 8.9070844650268, 44.403194427490298 ], [ 8.9070844650268, 44.40291595459 ], [ 8.90680599212641, 44.40291595459 ], [ 8.90680599212641, 44.4023628234863 ], [ 8.90652656555176, 44.4023628234863 ], [ 8.90652656555176, 44.400970458984403 ], [ 8.90652656555176, 44.400417327880902 ], [ 8.90680599212641, 44.400417327880902 ], [ 8.90680599212641, 44.400138854980497 ], [ 8.90624904632568, 44.400138854980497 ], [ 8.90624904632568, 44.399860382080099 ], [ 8.904861450195369, 44.399860382080099 ], [ 8.904861450195369, 44.400417327880902 ], [ 8.90402698516851, 44.400417327880902 ], [ 8.90402698516851, 44.4006958007812 ], [ 8.902083396911619, 44.4006958007812 ], [ 8.902083396911619, 44.400970458984403 ], [ 8.901248931884769, 44.400970458984403 ], [ 8.901248931884769, 44.401248931884801 ], [ 8.90097332000744, 44.401248931884801 ], [ 8.90097332000744, 44.401527404785199 ], [ 8.90041732788097, 44.401527404785199 ], [ 8.90041732788097, 44.402290344238303 ], [ 8.90041732788097, 44.4023628234863 ], [ 8.900138854980581, 44.4023628234863 ], [ 8.900138854980581, 44.403194427490298 ], [ 8.89986133575451, 44.403194427490298 ], [ 8.89986133575451, 44.403472900390703 ], [ 8.899026870727649, 44.403472900390703 ], [ 8.899026870727649, 44.403194427490298 ], [ 8.898751258850149, 44.403194427490298 ], [ 8.898751258850149, 44.402652740478601 ], [ 8.898751258850149, 44.4023628234863 ], [ 8.89847087860119, 44.4023628234863 ], [ 8.89847087860119, 44.402084350586001 ], [ 8.89819526672369, 44.402084350586001 ], [ 8.89819526672369, 44.401805877685597 ], [ 8.897916793823301, 44.401805877685597 ], [ 8.897916793823301, 44.401527404785199 ], [ 8.897360801696831, 44.401527404785199 ], [ 8.897360801696831, 44.4023628234863 ], [ 8.89708328247076, 44.4023628234863 ], [ 8.89708328247076, 44.40291595459 ], [ 8.896804809570369, 44.40291595459 ], [ 8.896804809570369, 44.403072357177699 ], [ 8.896804809570369, 44.403472900390703 ], [ 8.896529197692869, 44.403472900390703 ], [ 8.896529197692869, 44.404861450195398 ], [ 8.89625072479248, 44.404861450195398 ], [ 8.89625072479248, 44.404983520507898 ], [ 8.89625072479248, 44.405139923095803 ], [ 8.895483016967891, 44.405139923095803 ], [ 8.895138740539551, 44.405139923095803 ], [ 8.895138740539551, 44.404861450195398 ], [ 8.89486122131342, 44.404861450195398 ], [ 8.89486122131342, 44.404304504394503 ], [ 8.895138740539551, 44.404304504394503 ], [ 8.895138740539551, 44.404026031494098 ], [ 8.895417213439879, 44.404026031494098 ], [ 8.895417213439879, 44.403472900390703 ], [ 8.895138740539551, 44.403472900390703 ], [ 8.895138740539551, 44.403194427490298 ], [ 8.89486122131342, 44.403194427490298 ], [ 8.89486122131342, 44.40291595459 ], [ 8.894304275512701, 44.40291595459 ], [ 8.894304275512701, 44.402637481689602 ], [ 8.893751144409229, 44.402637481689602 ], [ 8.893751144409229, 44.4023628234863 ], [ 8.893472671508899, 44.4023628234863 ], [ 8.893472671508899, 44.403751373291101 ], [ 8.89319515228277, 44.403751373291101 ], [ 8.89319515228277, 44.403850555419901 ], [ 8.89319515228277, 44.404861450195398 ], [ 8.89291572570812, 44.404861450195398 ], [ 8.89291572570812, 44.405693054199197 ], [ 8.892788887024039, 44.405708312988303 ], [ 8.892638206482051, 44.405723571777401 ], [ 8.892638206482051, 44.405971527099602 ], [ 8.89235973358165, 44.405971527099602 ], [ 8.89235973358165, 44.40625 ], [ 8.891806602478029, 44.40625 ], [ 8.891806602478029, 44.405971527099602 ], [ 8.89152812957769, 44.405971527099602 ], [ 8.89152812957769, 44.4054183959962 ], [ 8.891806602478029, 44.4054183959962 ], [ 8.891806602478029, 44.404582977294901 ], [ 8.892082214355529, 44.404582977294901 ], [ 8.892082214355529, 44.404090881347798 ], [ 8.892082214355529, 44.403472900390703 ], [ 8.89235973358165, 44.403472900390703 ], [ 8.89235973358165, 44.40291595459 ], [ 8.89097213745117, 44.40291595459 ], [ 8.89097213745117, 44.403194427490298 ], [ 8.88986015319824, 44.403194427490298 ], [ 8.88986015319824, 44.403472900390703 ], [ 8.889583587646481, 44.403472900390703 ], [ 8.889583587646481, 44.403751373291101 ], [ 8.889304161071779, 44.403751373291101 ], [ 8.889304161071779, 44.404026031494098 ], [ 8.889583587646481, 44.404026031494098 ], [ 8.889583587646481, 44.404598236083999 ], [ 8.889583587646481, 44.404861450195398 ], [ 8.889304161071779, 44.404861450195398 ], [ 8.889304161071779, 44.405139923095803 ], [ 8.889027595519959, 44.405139923095803 ], [ 8.889027595519959, 44.4054183959962 ], [ 8.88875007629389, 44.4054183959962 ], [ 8.88875007629389, 44.405693054199197 ], [ 8.8884716033935, 44.405693054199197 ], [ 8.8884716033935, 44.405971527099602 ], [ 8.888194084167591, 44.405971527099602 ], [ 8.888194084167591, 44.406528472900398 ], [ 8.887915611267029, 44.406528472900398 ], [ 8.887915611267029, 44.406692504882898 ], [ 8.887915611267029, 44.406806945800803 ], [ 8.887638092041129, 44.406806945800803 ], [ 8.887638092041129, 44.407081604003999 ], [ 8.88708400726324, 44.407081604003999 ], [ 8.88708400726324, 44.406864166259901 ], [ 8.88680553436285, 44.406806945800803 ], [ 8.88680553436285, 44.40625 ], [ 8.88708400726324, 44.40625 ], [ 8.88708400726324, 44.405693054199197 ], [ 8.887361526489309, 44.405693054199197 ], [ 8.887361526489309, 44.405002593994098 ], [ 8.887361526489309, 44.404582977294901 ], [ 8.88708400726324, 44.404582977294901 ], [ 8.88708400726324, 44.404304504394503 ], [ 8.88680553436285, 44.404304504394503 ], [ 8.88680553436285, 44.404026031494098 ], [ 8.88624954223638, 44.404026031494098 ], [ 8.88624954223638, 44.404582977294901 ], [ 8.885972023010311, 44.404582977294901 ], [ 8.885972023010311, 44.405139923095803 ], [ 8.88569355010992, 44.405139923095803 ], [ 8.88569355010992, 44.405307769775497 ], [ 8.88569355010992, 44.4054183959962 ], [ 8.88541793823242, 44.4054183959962 ], [ 8.88541793823242, 44.405693054199197 ], [ 8.885137557983461, 44.405693054199197 ], [ 8.885137557983461, 44.405971527099602 ], [ 8.884861946105961, 44.405971527099602 ], [ 8.884861946105961, 44.407360076904297 ], [ 8.884584426879879, 44.407360076904297 ], [ 8.884584426879879, 44.407638549804702 ], [ 8.88430595397949, 44.407638549804702 ], [ 8.88430595397949, 44.407917022705099 ], [ 8.883749961853029, 44.407917022705099 ], [ 8.883749961853029, 44.407638549804702 ], [ 8.8834724426269, 44.407638549804702 ], [ 8.8834724426269, 44.406806945800803 ], [ 8.883749961853029, 44.406806945800803 ], [ 8.883749961853029, 44.406528472900398 ], [ 8.88402843475342, 44.406528472900398 ], [ 8.88402843475342, 44.4055404663087 ], [ 8.88402843475342, 44.4054183959962 ], [ 8.88430595397949, 44.4054183959962 ], [ 8.88430595397949, 44.404582977294901 ], [ 8.88402843475342, 44.404582977294901 ], [ 8.88402843475342, 44.404304504394503 ], [ 8.88180637359625, 44.404304504394503 ], [ 8.88180637359625, 44.404582977294901 ], [ 8.880971908569389, 44.404582977294901 ], [ 8.880971908569389, 44.404861450195398 ], [ 8.879861831665041, 44.404861450195398 ], [ 8.879861831665041, 44.405139923095803 ], [ 8.877082824706971, 44.405139923095803 ], [ 8.877082824706971, 44.4054183959962 ], [ 8.8768053054809, 44.4054183959962 ], [ 8.8768053054809, 44.405693054199197 ], [ 8.876249313354609, 44.405693054199197 ], [ 8.876249313354609, 44.405971527099602 ], [ 8.875970840454039, 44.405994415283303 ], [ 8.875970840454039, 44.407638549804702 ], [ 8.876249313354609, 44.407638549804702 ], [ 8.876249313354609, 44.409027099609503 ], [ 8.87652683258051, 44.409027099609503 ], [ 8.87652683258051, 44.4101371765137 ], [ 8.8768053054809, 44.4101371765137 ], [ 8.8768053054809, 44.410694122314403 ], [ 8.877082824706971, 44.410694122314403 ], [ 8.877082824706971, 44.411251068115298 ], [ 8.87736129760737, 44.411251068115298 ], [ 8.87736129760737, 44.4118041992187 ], [ 8.8768053054809, 44.4118041992187 ], [ 8.8768053054809, 44.411251068115298 ], [ 8.87652683258051, 44.411251068115298 ], [ 8.87652683258051, 44.410415649414098 ], [ 8.876249313354609, 44.410415649414098 ], [ 8.876249313354609, 44.4101371765137 ], [ 8.875970840454039, 44.4101371765137 ], [ 8.875970840454039, 44.409862518310597 ], [ 8.875695228576721, 44.409862518310597 ], [ 8.875695228576721, 44.409584045410298 ], [ 8.87541675567633, 44.409584045410298 ], [ 8.87541675567633, 44.409305572509901 ], [ 8.87513923645025, 44.409305572509901 ], [ 8.87513923645025, 44.407917022705099 ], [ 8.87486076354986, 44.407917022705099 ], [ 8.87486076354986, 44.407638549804702 ], [ 8.8740291595459, 44.407638549804702 ], [ 8.8740291595459, 44.407360076904297 ], [ 8.87374877929693, 44.407360076904297 ], [ 8.87374877929693, 44.407081604003999 ], [ 8.87347316741943, 44.407081604003999 ], [ 8.87347316741943, 44.406806945800803 ], [ 8.873194694519039, 44.406806945800803 ], [ 8.873194694519039, 44.40625 ], [ 8.872917175292971, 44.40625 ], [ 8.872917175292971, 44.406166076660298 ], [ 8.872917175292971, 44.405971527099602 ], [ 8.87263870239258, 44.405971527099602 ], [ 8.87263870239258, 44.4054183959962 ], [ 8.87208271026611, 44.4054183959962 ], [ 8.87208271026611, 44.405139923095803 ], [ 8.869860649109, 44.405139923095803 ], [ 8.869860649109, 44.4054183959962 ], [ 8.868473052978571, 44.4054183959962 ], [ 8.868473052978571, 44.405693054199197 ], [ 8.867917060852051, 44.405693054199197 ], [ 8.867917060852051, 44.405971527099602 ], [ 8.867361068725589, 44.405971527099602 ], [ 8.867361068725589, 44.40625 ], [ 8.86625099182123, 44.40625 ], [ 8.86625099182123, 44.406528472900398 ], [ 8.865415573120121, 44.406528472900398 ], [ 8.865415573120121, 44.406806945800803 ], [ 8.86458206176752, 44.406806945800803 ], [ 8.86458206176752, 44.407081604003999 ], [ 8.86236000061041, 44.407081604003999 ], [ 8.86236000061041, 44.407360076904297 ], [ 8.861249923706049, 44.407360076904297 ], [ 8.861249923706049, 44.407917022705099 ], [ 8.86097240447998, 44.407917022705099 ], [ 8.86097240447998, 44.408195495605497 ], [ 8.86069393157959, 44.408195495605497 ], [ 8.86064434051519, 44.408473968505902 ], [ 8.85958194732666, 44.408473968505902 ], [ 8.85958194732666, 44.408195495605497 ], [ 8.859306335449331, 44.408195495605497 ], [ 8.859306335449331, 44.407917022705099 ], [ 8.858471870422481, 44.407917022705099 ], [ 8.858471870422481, 44.408473968505902 ], [ 8.857084274292051, 44.408473968505902 ], [ 8.857084274292051, 44.408748626709098 ], [ 8.855972290039061, 44.408748626709098 ], [ 8.855972290039061, 44.409027099609503 ], [ 8.85402774810785, 44.409027099609503 ], [ 8.85402774810785, 44.409305572509901 ], [ 8.851804733276481, 44.409305572509901 ], [ 8.851804733276481, 44.409584045410298 ], [ 8.849861145019529, 44.409584045410298 ], [ 8.849861145019529, 44.409862518310597 ], [ 8.84819316864014, 44.409862518310597 ], [ 8.84819316864014, 44.4101371765137 ], [ 8.84652709960949, 44.4101371765137 ], [ 8.84652709960949, 44.410415649414098 ], [ 8.84486103057867, 44.410415649414098 ], [ 8.84486103057867, 44.410694122314403 ], [ 8.84263896942139, 44.410694122314403 ], [ 8.84263896942139, 44.410972595214801 ], [ 8.840416908264221, 44.410972595214801 ], [ 8.840416908264221, 44.411251068115298 ], [ 8.83930683135986, 44.411251068115298 ], [ 8.83930683135986, 44.411529541015703 ], [ 8.83819389343267, 44.411529541015703 ], [ 8.83819389343267, 44.4118041992187 ], [ 8.83708381652832, 44.4118041992187 ], [ 8.837081909179689, 44.412082672119098 ], [ 8.83597183227533, 44.412082672119098 ], [ 8.83597183227533, 44.412361145019503 ], [ 8.834859848022569, 44.412361145019503 ], [ 8.834859848022569, 44.412639617919901 ], [ 8.83402824401861, 44.412639617919901 ], [ 8.83402824401861, 44.412918090820298 ], [ 8.83319377899176, 44.412918090820298 ], [ 8.83319377899176, 44.413192749023501 ], [ 8.832362174987789, 44.413192749023501 ], [ 8.832362174987789, 44.413471221923899 ], [ 8.831527709960939, 44.413471221923899 ], [ 8.831527709960939, 44.413749694824297 ], [ 8.8306941986084, 44.413749694824297 ], [ 8.8306941986084, 44.414028167724702 ], [ 8.82902812957775, 44.414028167724702 ], [ 8.82902812957775, 44.414306640625099 ], [ 8.8259706497193, 44.414306640625099 ], [ 8.8259706497193, 44.414585113525398 ], [ 8.823471069335881, 44.414585113525398 ], [ 8.823471069335881, 44.414859771728601 ], [ 8.82208347320562, 44.414859771728601 ], [ 8.82208347320562, 44.417915344238303 ], [ 8.823471069335881, 44.417915344238303 ], [ 8.823471069335881, 44.417640686035298 ], [ 8.823576927185121, 44.417640686035298 ], [ 8.82458305358881, 44.417640686035298 ], [ 8.82458305358881, 44.417362213134702 ], [ 8.8259706497193, 44.417362213134702 ], [ 8.8259706497193, 44.417083740234297 ], [ 8.827083587646539, 44.417083740234297 ], [ 8.827083587646539, 44.416805267333999 ], [ 8.82763957977301, 44.416805267333999 ], [ 8.82763957977301, 44.416526794433601 ], [ 8.82847213745123, 44.416526794433601 ], [ 8.82847213745123, 44.416248321533203 ], [ 8.82902812957775, 44.416248321533203 ], [ 8.82902812957775, 44.415973663330199 ], [ 8.83041572570801, 44.415973663330199 ], [ 8.83041572570801, 44.415695190429801 ], [ 8.832362174987789, 44.415695190429801 ], [ 8.832362174987789, 44.415416717529403 ], [ 8.834859848022569, 44.415416717529403 ], [ 8.834859848022569, 44.415138244628999 ], [ 8.83569431304943, 44.415138244628999 ], [ 8.83569431304943, 44.414859771728601 ], [ 8.8365278244018, 44.414859771728601 ], [ 8.8365278244018, 44.414585113525398 ], [ 8.837637901306151, 44.414585113525398 ], [ 8.837637901306151, 44.414306640625099 ], [ 8.840139389038139, 44.414306640625099 ], [ 8.840139389038139, 44.414028167724702 ], [ 8.8415288925172, 44.414028167724702 ], [ 8.8415288925172, 44.414306640625099 ], [ 8.841251373291071, 44.414306640625099 ], [ 8.841251373291071, 44.415138244628999 ], [ 8.841805458068791, 44.4152030944825 ], [ 8.841805458068791, 44.415695190429801 ], [ 8.84208297729487, 44.415695190429801 ], [ 8.84208297729487, 44.416248321533203 ], [ 8.84263896942139, 44.416248321533203 ], [ 8.84263896942139, 44.416526794433601 ], [ 8.84347343444824, 44.416526794433601 ], [ 8.84347343444824, 44.416805267333999 ], [ 8.844026565551809, 44.416805267333999 ], [ 8.844026565551809, 44.416526794433601 ], [ 8.84500122070324, 44.416526794433601 ], [ 8.845138549804741, 44.416587829589901 ], [ 8.845138549804741, 44.416805267333999 ], [ 8.84541702270513, 44.416805267333999 ], [ 8.84541702270513, 44.417640686035298 ], [ 8.845694541931209, 44.417640686035298 ], [ 8.845694541931209, 44.418750762939503 ], [ 8.84541702270513, 44.418750762939503 ], [ 8.84541702270513, 44.419029235839801 ], [ 8.845138549804741, 44.419029235839801 ], [ 8.845138549804741, 44.419303894042997 ], [ 8.84486103057867, 44.419303894042997 ], [ 8.84486103057867, 44.420417785644602 ], [ 8.844582557678279, 44.420417785644602 ], [ 8.844582557678279, 44.420696258545 ], [ 8.844306945800779, 44.420696258545 ], [ 8.844306945800779, 44.420970916748203 ], [ 8.844026565551809, 44.420970916748203 ], [ 8.844026565551809, 44.421249389648501 ], [ 8.842917442321721, 44.421249389648501 ], [ 8.842917442321721, 44.420970916748203 ], [ 8.84208297729487, 44.420970916748203 ], [ 8.84208297729487, 44.420696258545 ], [ 8.841805458068791, 44.420696258545 ], [ 8.841805458068791, 44.420417785644602 ], [ 8.8415288925172, 44.420417785644602 ], [ 8.8415288925172, 44.420139312744197 ], [ 8.841251373291071, 44.420139312744197 ], [ 8.841251373291071, 44.420417785644602 ], [ 8.840416908264221, 44.420417785644602 ], [ 8.840416908264221, 44.420696258545 ], [ 8.840139389038139, 44.420696258545 ], [ 8.840139389038139, 44.420970916748203 ], [ 8.8387508392334, 44.420970916748203 ], [ 8.8387508392334, 44.420696258545 ], [ 8.83847236633301, 44.420696258545 ], [ 8.83847236633301, 44.420417785644602 ], [ 8.83736038208008, 44.420417785644602 ], [ 8.83736038208008, 44.420970916748203 ], [ 8.83708381652832, 44.420970916748203 ], [ 8.837081909179689, 44.421527862548899 ], [ 8.836806297302189, 44.421527862548899 ], [ 8.836806297302189, 44.422637939453097 ], [ 8.837081909179689, 44.422637939453097 ], [ 8.837081909179689, 44.423042297363303 ], [ 8.837081909179689, 44.423194885253899 ], [ 8.836806297302189, 44.423194885253899 ], [ 8.836806297302189, 44.423473358154197 ], [ 8.8365278244018, 44.423473358154197 ], [ 8.8365278244018, 44.423194885253899 ], [ 8.836250305175721, 44.423194885253899 ], [ 8.836250305175721, 44.422950744628999 ], [ 8.83597183227533, 44.422916412353501 ], [ 8.83597183227533, 44.422637939453097 ], [ 8.836250305175721, 44.422637939453097 ], [ 8.836250305175721, 44.421527862548899 ], [ 8.83597183227533, 44.421527862548899 ], [ 8.83597183227533, 44.420696258545 ], [ 8.835415840148871, 44.420696258545 ], [ 8.835415840148871, 44.420970916748203 ], [ 8.835140228271539, 44.420970916748203 ], [ 8.835140228271539, 44.421249389648501 ], [ 8.834859848022569, 44.421249389648501 ], [ 8.834859848022569, 44.421527862548899 ], [ 8.83458423614508, 44.421527862548899 ], [ 8.83458423614508, 44.421806335449297 ], [ 8.834305763244689, 44.421806335449297 ], [ 8.834305763244689, 44.422737121582102 ], [ 8.834305763244689, 44.423194885253899 ], [ 8.83402824401861, 44.423194885253899 ], [ 8.83402824401861, 44.423473358154197 ], [ 8.833749771118219, 44.423473358154197 ], [ 8.833749771118219, 44.423194885253899 ], [ 8.83347225189215, 44.423194885253899 ], [ 8.83347225189215, 44.422649383545 ], [ 8.83347225189215, 44.421527862548899 ], [ 8.833749771118219, 44.421527862548899 ], [ 8.833749771118219, 44.420970916748203 ], [ 8.832362174987789, 44.420970916748203 ], [ 8.832362174987789, 44.422527313232401 ], [ 8.832362174987789, 44.422916412353501 ], [ 8.832083702087401, 44.422916412353501 ], [ 8.832083702087401, 44.423194885253899 ], [ 8.831527709960939, 44.423194885253899 ], [ 8.831527709960939, 44.422916412353501 ], [ 8.83125019073486, 44.422916412353501 ], [ 8.83125019073486, 44.42240524292 ], [ 8.83125019073486, 44.421806335449297 ], [ 8.831527709960939, 44.421806335449297 ], [ 8.831527709960939, 44.421527862548899 ], [ 8.83041572570801, 44.421527862548899 ], [ 8.83041572570801, 44.422317504882898 ], [ 8.83041572570801, 44.423194885253899 ], [ 8.83014011383068, 44.423194885253899 ], [ 8.83014011383068, 44.423473358154197 ], [ 8.829859733581539, 44.423473358154197 ], [ 8.829859733581539, 44.423751831054602 ], [ 8.829305648803819, 44.423751831054602 ], [ 8.829305648803819, 44.423473358154197 ], [ 8.82902812957775, 44.423473358154197 ], [ 8.82902812957775, 44.423194885253899 ], [ 8.829305648803819, 44.423194885253899 ], [ 8.829305648803819, 44.422195434570398 ], [ 8.829305648803819, 44.421527862548899 ], [ 8.82958412170421, 44.421527862548899 ], [ 8.82958412170421, 44.421249389648501 ], [ 8.82874965667736, 44.421249389648501 ], [ 8.82874965667736, 44.421806335449297 ], [ 8.82847213745123, 44.421806335449297 ], [ 8.82847213745123, 44.422084808349702 ], [ 8.82828235626226, 44.422084808349702 ], [ 8.82819366455089, 44.422084808349702 ], [ 8.82819366455089, 44.423660278320398 ], [ 8.82819366455089, 44.423751831054602 ], [ 8.8279180526734, 44.423751831054602 ], [ 8.8279180526734, 44.424026489257898 ], [ 8.82763957977301, 44.424026489257898 ], [ 8.82763957977301, 44.423751831054602 ], [ 8.82736206054688, 44.423751831054602 ], [ 8.82736206054688, 44.421985626220703 ], [ 8.82736206054688, 44.421806335449297 ], [ 8.82763957977301, 44.421806335449297 ], [ 8.82763957977301, 44.421527862548899 ], [ 8.8279180526734, 44.421527862548899 ], [ 8.8279180526734, 44.420970916748203 ], [ 8.82763957977301, 44.420970916748203 ], [ 8.82763957977301, 44.420696258545 ], [ 8.82736206054688, 44.420696258545 ], [ 8.82736206054688, 44.420417785644602 ], [ 8.82763957977301, 44.420417785644602 ], [ 8.82763957977301, 44.419582366943402 ], [ 8.827083587646539, 44.419582366943402 ], [ 8.827083587646539, 44.4198608398438 ], [ 8.82652759552002, 44.4198608398438 ], [ 8.82652759552002, 44.420417785644602 ], [ 8.826249122619689, 44.420417785644602 ], [ 8.826249122619689, 44.420696258545 ], [ 8.8259706497193, 44.420696258545 ], [ 8.8259706497193, 44.421527862548899 ], [ 8.825693130493161, 44.421527862548899 ], [ 8.825693130493161, 44.421802520752003 ], [ 8.825693130493161, 44.422084808349702 ], [ 8.825418472290149, 44.422084808349702 ], [ 8.825418472290149, 44.422916412353501 ], [ 8.82513999938959, 44.422916412353501 ], [ 8.82513999938959, 44.423194885253899 ], [ 8.82486057281494, 44.423194885253899 ], [ 8.82486057281494, 44.423473358154197 ], [ 8.824027061462351, 44.423473358154197 ], [ 8.824027061462351, 44.423751831054602 ], [ 8.823195457458549, 44.423751831054602 ], [ 8.823195457458549, 44.424026489257898 ], [ 8.81847095489502, 44.424026489257898 ], [ 8.81847095489502, 44.424304962158303 ], [ 8.81569480896002, 44.424304962158303 ], [ 8.81569480896002, 44.424026489257898 ], [ 8.81486129760742, 44.424026489257898 ], [ 8.81486129760742, 44.423751831054602 ], [ 8.814305305480961, 44.423751831054602 ], [ 8.814305305480961, 44.423473358154197 ], [ 8.81375122070307, 44.423473358154197 ], [ 8.81375122070307, 44.423751831054602 ], [ 8.8131952285766, 44.423751831054602 ], [ 8.8131952285766, 44.423473358154197 ], [ 8.81069374084484, 44.423473358154197 ], [ 8.81069374084484, 44.423194885253899 ], [ 8.808194160461429, 44.423194885253899 ], [ 8.808194160461429, 44.422916412353501 ], [ 8.806249618530391, 44.422916412353501 ], [ 8.806249618530391, 44.423194885253899 ], [ 8.805972099304309, 44.423194885253899 ], [ 8.805972099304309, 44.423473358154197 ], [ 8.805137634277459, 44.423473358154197 ], [ 8.805137634277459, 44.423751831054602 ], [ 8.804862022399959, 44.423751831054602 ], [ 8.804862022399959, 44.424026489257898 ], [ 8.802362442016539, 44.424026489257898 ], [ 8.802362442016539, 44.424304962158303 ], [ 8.801527976989689, 44.424304962158303 ], [ 8.801527976989689, 44.424583435058601 ], [ 8.800136566162109, 44.424583435058601 ], [ 8.800136566162109, 44.424304962158303 ], [ 8.799861907959039, 44.424304962158303 ], [ 8.799861907959039, 44.424026489257898 ], [ 8.799584388732971, 44.424026489257898 ], [ 8.799584388732971, 44.423473358154197 ], [ 8.798471450805719, 44.423473358154197 ], [ 8.798471450805719, 44.423194885253899 ], [ 8.7976388931275, 44.423194885253899 ], [ 8.7976388931275, 44.423473358154197 ], [ 8.79652690887451, 44.423473358154197 ], [ 8.79652690887451, 44.423751831054602 ], [ 8.796249389648439, 44.423751831054602 ], [ 8.796249389648439, 44.424026489257898 ], [ 8.79597091674805, 44.424026489257898 ], [ 8.79597091674805, 44.424304962158303 ], [ 8.79541683197016, 44.424304962158303 ], [ 8.79541683197016, 44.424583435058601 ], [ 8.79486083984369, 44.424583435058601 ], [ 8.79486083984369, 44.424861907958999 ], [ 8.794583320617789, 44.424861907958999 ], [ 8.794583320617789, 44.424583435058601 ], [ 8.794304847717401, 44.424583435058601 ], [ 8.794304847717401, 44.424304962158303 ], [ 8.790695190429689, 44.424304962158303 ], [ 8.790695190429689, 44.424583435058601 ], [ 8.789029121399039, 44.424583435058601 ], [ 8.789029121399039, 44.424861907958999 ], [ 8.788473129272569, 44.424861907958999 ], [ 8.788473129272569, 44.425140380859403 ], [ 8.78680419921886, 44.425140380859403 ], [ 8.78680419921886, 44.425415039062599 ], [ 8.784306526184031, 44.425415039062599 ], [ 8.784306526184031, 44.425693511962898 ], [ 8.7829160690307, 44.425693511962898 ], [ 8.7829160690307, 44.425971984863303 ], [ 8.781528472900449, 44.425971984863303 ], [ 8.781528472900449, 44.4262504577637 ], [ 8.7804155349732, 44.4262504577637 ], [ 8.7804155349732, 44.425971984863303 ], [ 8.779582023620661, 44.425971984863303 ], [ 8.779582023620661, 44.425693511962898 ], [ 8.779306411743161, 44.425693511962898 ], [ 8.779306411743161, 44.425140380859403 ], [ 8.779582023620661, 44.425140380859403 ], [ 8.779582023620661, 44.424861907958999 ], [ 8.779862403869631, 44.424861907958999 ], [ 8.779862403869631, 44.424304962158303 ], [ 8.780138015747131, 44.424304962158303 ], [ 8.780138015747131, 44.424026489257898 ], [ 8.78180599212652, 44.424026489257898 ], [ 8.78180599212652, 44.423751831054602 ], [ 8.784859657287649, 44.423751831054602 ], [ 8.784863471984981, 44.423473358154197 ], [ 8.787638664245719, 44.423473358154197 ], [ 8.787638664245719, 44.423194885253899 ], [ 8.789029121399039, 44.423194885253899 ], [ 8.789029121399039, 44.423328399658203 ], [ 8.789029121399039, 44.423473358154197 ], [ 8.78986072540283, 44.423473358154197 ], [ 8.78986072540283, 44.423194885253899 ], [ 8.791805267334039, 44.423194885253899 ], [ 8.791805267334039, 44.422145843505902 ], [ 8.791805267334039, 44.421249389648501 ], [ 8.791526794433651, 44.421249389648501 ], [ 8.791526794433651, 44.420970916748203 ], [ 8.791251182556151, 44.420970916748203 ], [ 8.791251182556151, 44.420417785644602 ], [ 8.791526794433651, 44.420417785644602 ], [ 8.791526794433651, 44.420139312744197 ], [ 8.794304847717401, 44.420139312744197 ], [ 8.794304847717401, 44.4198608398438 ], [ 8.794583320617789, 44.4198608398438 ], [ 8.794583320617789, 44.419380187988303 ], [ 8.794583320617789, 44.418750762939503 ], [ 8.79486083984369, 44.418750762939503 ], [ 8.79486083984369, 44.418472290039098 ], [ 8.79541683197016, 44.418472290039098 ], [ 8.79541683197016, 44.4181938171387 ], [ 8.79569530487055, 44.4181938171387 ], [ 8.79569530487055, 44.417915344238303 ], [ 8.79597091674805, 44.417915344238303 ], [ 8.79597091674805, 44.417640686035298 ], [ 8.790695190429689, 44.417640686035298 ], [ 8.790695190429689, 44.417915344238303 ], [ 8.790139198303221, 44.417915344238303 ], [ 8.790139198303221, 44.4181938171387 ], [ 8.78986072540283, 44.4181938171387 ], [ 8.78986072540283, 44.418472290039098 ], [ 8.788473129272569, 44.418472290039098 ], [ 8.788473129272569, 44.4181938171387 ], [ 8.78819465637218, 44.4181938171387 ], [ 8.78819465637218, 44.417915344238303 ], [ 8.785415649414119, 44.417915344238303 ], [ 8.785415649414119, 44.4181938171387 ], [ 8.784306526184031, 44.4181938171387 ], [ 8.784306526184031, 44.418472290039098 ], [ 8.783749580383301, 44.418472290039098 ], [ 8.783749580383301, 44.4181938171387 ], [ 8.7829160690307, 44.4181938171387 ], [ 8.7829160690307, 44.418472290039098 ], [ 8.782360076904411, 44.418472290039098 ], [ 8.782360076904411, 44.418750762939503 ], [ 8.78125, 44.418750762939503 ], [ 8.78125, 44.419029235839801 ], [ 8.779582023620661, 44.419029235839801 ], [ 8.779582023620661, 44.419303894042997 ], [ 8.77652835845959, 44.419303894042997 ], [ 8.77652835845959, 44.419029235839801 ], [ 8.776249885559199, 44.419029235839801 ], [ 8.776249885559199, 44.419303894042997 ], [ 8.775972366333059, 44.419303894042997 ], [ 8.775972366333059, 44.419582366943402 ], [ 8.77569580078131, 44.419582366943402 ], [ 8.77569580078131, 44.4198608398438 ], [ 8.7754163742066, 44.4198608398438 ], [ 8.7754163742066, 44.420139312744197 ], [ 8.77513980865484, 44.420139312744197 ], [ 8.77513980865484, 44.420696258545 ], [ 8.774862289428709, 44.420696258545 ], [ 8.774862289428709, 44.420970916748203 ], [ 8.774583816528381, 44.420970916748203 ], [ 8.774583816528381, 44.422084808349702 ], [ 8.77430629730225, 44.422084808349702 ], [ 8.77430629730225, 44.422359466552699 ], [ 8.7729177474975, 44.422359466552699 ], [ 8.7729177474975, 44.422916412353501 ], [ 8.77097129821772, 44.422916412353501 ], [ 8.77097129821772, 44.423194885253899 ], [ 8.770138740539659, 44.423194885253899 ], [ 8.770138740539659, 44.423473358154197 ], [ 8.7687492370606, 44.423473358154197 ], [ 8.7687492370606, 44.423751831054602 ], [ 8.767916679382321, 44.423751831054602 ], [ 8.767916679382321, 44.423473358154197 ], [ 8.767360687255859, 44.423473358154197 ], [ 8.767360687255859, 44.423751831054602 ], [ 8.76708316802979, 44.423751831054602 ], [ 8.76708316802979, 44.424026489257898 ], [ 8.76569461822521, 44.424026489257898 ], [ 8.76569461822521, 44.424304962158303 ], [ 8.764861106872671, 44.424304962158303 ], [ 8.764861106872671, 44.424583435058601 ], [ 8.76458263397228, 44.424583435058601 ], [ 8.76458263397228, 44.424861907958999 ], [ 8.76347255706793, 44.424861907958999 ], [ 8.76347255706793, 44.425140380859403 ], [ 8.762360572815, 44.425140380859403 ], [ 8.762360572815, 44.425415039062599 ], [ 8.76152896881104, 44.425415039062599 ], [ 8.76152896881104, 44.425693511962898 ], [ 8.76097297668451, 44.425693511962898 ], [ 8.76097297668451, 44.425971984863303 ], [ 8.76041698455805, 44.425971984863303 ], [ 8.76041698455805, 44.426528930664098 ], [ 8.76013946533214, 44.426528930664098 ], [ 8.76013946533214, 44.426807403564503 ], [ 8.75847339630133, 44.426807403564503 ], [ 8.75847339630133, 44.426528930664098 ], [ 8.755971908569339, 44.426528930664098 ], [ 8.755971908569339, 44.4262504577637 ], [ 8.755415916442869, 44.4262504577637 ], [ 8.755415916442869, 44.426528930664098 ], [ 8.750971794128469, 44.426528930664098 ], [ 8.750971794128469, 44.426807403564503 ], [ 8.75014019012451, 44.426807403564503 ], [ 8.75014019012451, 44.427082061767699 ], [ 8.74763965606701, 44.427082061767699 ], [ 8.74763965606701, 44.427360534668097 ], [ 8.746250152587949, 44.427360534668097 ], [ 8.746250152587949, 44.427082061767699 ], [ 8.744027137756349, 44.427082061767699 ], [ 8.744027137756349, 44.426807403564503 ], [ 8.743471145629879, 44.426807403564503 ], [ 8.743471145629879, 44.426528930664098 ], [ 8.74291706085199, 44.426528930664098 ], [ 8.74291706085199, 44.4262504577637 ], [ 8.74152660369867, 44.4262504577637 ], [ 8.74152660369867, 44.425971984863303 ], [ 8.74124908447277, 44.425971984863303 ], [ 8.74124908447277, 44.425693511962898 ], [ 8.74097347259527, 44.425693511962898 ], [ 8.74097347259527, 44.425971984863303 ], [ 8.74041652679449, 44.425971984863303 ], [ 8.74041652679449, 44.425693511962898 ], [ 8.739860534668029, 44.425693511962898 ], [ 8.739860534668029, 44.425415039062599 ], [ 8.73958301544195, 44.425415039062599 ], [ 8.73958301544195, 44.425140380859403 ], [ 8.739304542541561, 44.425140380859403 ], [ 8.739304542541561, 44.424304962158303 ], [ 8.73875141143799, 44.424304962158303 ], [ 8.738748550415091, 44.424026489257898 ], [ 8.738472938537599, 44.424026489257898 ], [ 8.738472938537599, 44.423473358154197 ], [ 8.73819541931152, 44.423473358154197 ], [ 8.73819541931152, 44.422916412353501 ], [ 8.737916946411129, 44.422916412353501 ], [ 8.737916946411129, 44.422637939453097 ], [ 8.73763942718506, 44.422637939453097 ], [ 8.73763942718506, 44.422916412353501 ], [ 8.73708343505854, 44.422916412353501 ], [ 8.73708343505854, 44.422637939453097 ], [ 8.7368049621582, 44.422637939453097 ], [ 8.7368049621582, 44.422359466552699 ], [ 8.73486137390142, 44.422359466552699 ], [ 8.73486137390142, 44.422084808349702 ], [ 8.7340288162232, 44.422084808349702 ], [ 8.7340288162232, 44.421806335449297 ], [ 8.7331953048706, 44.421806335449297 ], [ 8.7331953048706, 44.421527862548899 ], [ 8.73069381713862, 44.421527862548899 ], [ 8.73069381713862, 44.421249389648501 ], [ 8.730416297912541, 44.421249389648501 ], [ 8.730416297912541, 44.420970916748203 ], [ 8.73013782501215, 44.420970916748203 ], [ 8.73013782501215, 44.420696258545 ], [ 8.72986030578625, 44.420696258545 ], [ 8.72986030578625, 44.420417785644602 ], [ 8.72958374023449, 44.420417785644602 ], [ 8.72958374023449, 44.419956207275398 ], [ 8.72958374023449, 44.4198608398438 ], [ 8.729265213012811, 44.4198608398438 ], [ 8.728750228881889, 44.4198608398438 ], [ 8.728750228881889, 44.4197006225587 ], [ 8.728750228881889, 44.419582366943402 ], [ 8.7284717559815, 44.419582366943402 ], [ 8.7284717559815, 44.419303894042997 ], [ 8.72819423675543, 44.419303894042997 ], [ 8.72819423675543, 44.419029235839801 ], [ 8.727915763855041, 44.419029235839801 ], [ 8.727915763855041, 44.418750762939503 ], [ 8.72763824462896, 44.418750762939503 ], [ 8.72763824462896, 44.418472290039098 ], [ 8.727359771728571, 44.418472290039098 ], [ 8.727359771728571, 44.4181938171387 ], [ 8.727084159851071, 44.4181938171387 ], [ 8.727084159851071, 44.417915344238303 ], [ 8.72680568695068, 44.417915344238303 ], [ 8.72680568695068, 44.417640686035298 ], [ 8.726528167724609, 44.417640686035298 ], [ 8.726528167724609, 44.417362213134702 ], [ 8.72569370269775, 44.417362213134702 ], [ 8.72569370269775, 44.417083740234297 ], [ 8.72486209869396, 44.417083740234297 ], [ 8.72486209869396, 44.416805267333999 ], [ 8.72319412231457, 44.416805267333999 ], [ 8.72319412231457, 44.416526794433601 ], [ 8.72291564941418, 44.416526794433601 ], [ 8.72291564941418, 44.416248321533203 ], [ 8.72208404541021, 44.416248321533203 ], [ 8.72208404541021, 44.415973663330199 ], [ 8.721805572509821, 44.415973663330199 ], [ 8.721805572509821, 44.416248321533203 ], [ 8.72097206115723, 44.416248321533203 ], [ 8.72097206115723, 44.415973663330199 ], [ 8.720693588256839, 44.415973663330199 ], [ 8.720693588256839, 44.416248321533203 ], [ 8.720417976379339, 44.416248321533203 ], [ 8.720417976379339, 44.416526794433601 ], [ 8.719028472900501, 44.416526794433601 ], [ 8.719028472900501, 44.416248321533203 ], [ 8.71819305419916, 44.416248321533203 ], [ 8.71819305419916, 44.415973663330199 ], [ 8.717918395996151, 44.415973663330199 ], [ 8.717918395996151, 44.415695190429801 ], [ 8.715970993042051, 44.415695190429801 ], [ 8.715970993042051, 44.415416717529403 ], [ 8.715695381164551, 44.415416717529403 ], [ 8.715695381164551, 44.415138244628999 ], [ 8.71541690826416, 44.415138244628999 ], [ 8.71541690826416, 44.415416717529403 ], [ 8.715139389038089, 44.415416717529403 ], [ 8.715139389038089, 44.415138244628999 ], [ 8.714860916137701, 44.415138244628999 ], [ 8.714860916137701, 44.415416717529403 ], [ 8.714744567871209, 44.415416717529403 ], [ 8.71347332000744, 44.415416717529403 ], [ 8.71347332000744, 44.415138244628999 ], [ 8.712638854980581, 44.415138244628999 ], [ 8.712638854980581, 44.415416717529403 ], [ 8.71180534362804, 44.415416717529403 ], [ 8.71180534362804, 44.415138244628999 ], [ 8.711526870727649, 44.415138244628999 ], [ 8.711526870727649, 44.414859771728601 ], [ 8.711251258850149, 44.414859771728601 ], [ 8.711251258850149, 44.414348602294901 ], [ 8.711113929748651, 44.414344787597699 ], [ 8.710139274597219, 44.414306640625099 ], [ 8.710139274597219, 44.414009094238402 ], [ 8.710139274597219, 44.413749694824297 ], [ 8.709304809570369, 44.413749694824297 ], [ 8.709304809570369, 44.413471221923899 ], [ 8.708383560180661, 44.413471221923899 ], [ 8.70625114440924, 44.413471221923899 ], [ 8.70625114440924, 44.413192749023501 ], [ 8.705450057983461, 44.413192749023501 ], [ 8.705416679382379, 44.412918090820298 ], [ 8.70485973358166, 44.412918090820298 ], [ 8.70485973358166, 44.412639617919901 ], [ 8.70402908325195, 44.412639617919901 ], [ 8.70402908325195, 44.412361145019503 ], [ 8.70347213745117, 44.412361145019503 ], [ 8.70347213745117, 44.412082672119098 ], [ 8.702916145324711, 44.412082672119098 ], [ 8.702916145324711, 44.4118041992187 ], [ 8.702083587646429, 44.4118041992187 ], [ 8.702083587646429, 44.411544799804602 ], [ 8.701804161071779, 44.411529541015703 ], [ 8.701804161071779, 44.411251068115298 ], [ 8.701250076294061, 44.411251068115298 ], [ 8.701250076294061, 44.410972595214801 ], [ 8.700694084167591, 44.410972595214801 ], [ 8.700694084167591, 44.410694122314403 ], [ 8.7004156112672, 44.410694122314403 ], [ 8.7004156112672, 44.4101371765137 ], [ 8.69874954223638, 44.4101371765137 ], [ 8.69874954223638, 44.409862518310597 ], [ 8.697916030883849, 44.409862518310597 ], [ 8.697916030883849, 44.409584045410298 ], [ 8.697361946105961, 44.409584045410298 ], [ 8.697361946105961, 44.409305572509901 ], [ 8.696528434753359, 44.409305572509901 ], [ 8.696528434753359, 44.409027099609503 ], [ 8.695028305053819, 44.409027099609503 ], [ 8.69430637359625, 44.409027099609503 ], [ 8.69430637359625, 44.408748626709098 ], [ 8.694027900695859, 44.408748626709098 ], [ 8.694027900695859, 44.408473968505902 ], [ 8.69375038146978, 44.408473968505902 ], [ 8.69375038146978, 44.408195495605497 ], [ 8.6929178237915, 44.408195495605497 ], [ 8.6929178237915, 44.407917022705099 ], [ 8.69264030456543, 44.407917022705099 ], [ 8.692637443542541, 44.407638549804702 ], [ 8.69208431243896, 44.407638549804702 ], [ 8.69208431243896, 44.407360076904297 ], [ 8.691248893737789, 44.407360076904297 ], [ 8.691248893737789, 44.407081604003999 ], [ 8.690971374511721, 44.407081604003999 ], [ 8.690971374511721, 44.406806945800803 ], [ 8.690695762634221, 44.406806945800803 ], [ 8.690695762634221, 44.406528472900398 ], [ 8.690138816833439, 44.406528472900398 ], [ 8.690138816833439, 44.40625 ], [ 8.68986129760737, 44.40625 ], [ 8.68986129760737, 44.405693054199197 ], [ 8.689582824706971, 44.405693054199197 ], [ 8.689582824706971, 44.405139923095803 ], [ 8.689305305481071, 44.405139923095803 ], [ 8.689305305481071, 44.404861450195398 ], [ 8.68902683258051, 44.404861450195398 ], [ 8.68902683258051, 44.404582977294901 ], [ 8.688749313354609, 44.404582977294901 ], [ 8.688749313354609, 44.404304504394503 ], [ 8.688195228576721, 44.404304504394503 ], [ 8.688195228576721, 44.404026031494098 ], [ 8.68791675567633, 44.404026031494098 ], [ 8.68791675567633, 44.403751373291101 ], [ 8.68763923645025, 44.403751373291101 ], [ 8.68763923645025, 44.403472900390703 ], [ 8.68716430664062, 44.403472900390703 ], [ 8.687083244323791, 44.403472900390703 ], [ 8.687083244323791, 44.4033012390137 ], [ 8.687083244323791, 44.403194427490298 ], [ 8.6868047714234, 44.403194427490298 ], [ 8.6868047714234, 44.40291595459 ], [ 8.6865291595459, 44.40291595459 ], [ 8.6865291595459, 44.4023628234863 ], [ 8.68624877929693, 44.4023628234863 ], [ 8.68624877929693, 44.4006958007812 ], [ 8.6865291595459, 44.4006958007812 ], [ 8.6865291595459, 44.40047454834 ], [ 8.6865291595459, 44.400138854980497 ], [ 8.6868047714234, 44.400138854980497 ], [ 8.6868047714234, 44.399860382080099 ], [ 8.687302589416619, 44.399860382080099 ], [ 8.68763923645025, 44.399860382080099 ], [ 8.68763923645025, 44.399581909179702 ], [ 8.68791675567633, 44.399581909179702 ], [ 8.68791675567633, 44.399307250976698 ], [ 8.688195228576721, 44.399307250976698 ], [ 8.688195228576721, 44.3990287780763 ], [ 8.688470840454221, 44.3990287780763 ], [ 8.688470840454221, 44.397914886474602 ], [ 8.68791675567633, 44.397914886474602 ], [ 8.68791675567633, 44.397640228271499 ], [ 8.68763923645025, 44.397640228271499 ], [ 8.68763923645025, 44.3973617553712 ], [ 8.687083244323791, 44.3973617553712 ], [ 8.687083244323791, 44.397083282470803 ], [ 8.6868047714234, 44.397083282470803 ], [ 8.6868047714234, 44.396804809570398 ], [ 8.68624877929693, 44.396804809570398 ], [ 8.68624877929693, 44.39652633667 ], [ 8.68513870239258, 44.39652633667 ], [ 8.68513870239258, 44.396251678466797 ], [ 8.6848611831665, 44.396251678466797 ], [ 8.6848611831665, 44.395973205566399 ], [ 8.68458271026611, 44.395973205566399 ], [ 8.68458271026611, 44.395694732666101 ], [ 8.68402671813965, 44.395694732666101 ], [ 8.68402671813965, 44.395416259765703 ], [ 8.683751106262321, 44.395416259765703 ], [ 8.683751106262321, 44.395137786865298 ], [ 8.682916641235471, 44.395137786865298 ], [ 8.682916641235471, 44.394859313964901 ], [ 8.682360649109, 44.394859313964901 ], [ 8.682360649109, 44.394584655761697 ], [ 8.681804656982539, 44.394584655761697 ], [ 8.681804656982539, 44.3943061828613 ], [ 8.681529045105041, 44.3943061828613 ], [ 8.681529045105041, 44.394027709960902 ], [ 8.68124866485601, 44.394027709960902 ], [ 8.68124866485601, 44.393749237060497 ], [ 8.680973052978519, 44.393749237060497 ], [ 8.680973052978519, 44.393196105957102 ], [ 8.68069458007818, 44.393196105957102 ], [ 8.68069458007818, 44.392917633056797 ], [ 8.680417060852051, 44.392917633056797 ], [ 8.680417060852051, 44.392639160156399 ], [ 8.679306983947701, 44.392639160156399 ], [ 8.679304122924799, 44.392360687256001 ], [ 8.67819499969494, 44.392360687256001 ], [ 8.67819499969494, 44.392082214355597 ], [ 8.67458438873291, 44.392082214355597 ], [ 8.67458438873291, 44.391803741455 ], [ 8.67263793945312, 44.391803741455 ], [ 8.67263793945312, 44.391529083252003 ], [ 8.671806335449331, 44.391529083252003 ], [ 8.671806335449331, 44.391250610351598 ], [ 8.670971870422481, 44.391250610351598 ], [ 8.670971870422481, 44.3909721374512 ], [ 8.66930580139166, 44.3909721374512 ], [ 8.66930580139166, 44.390693664550803 ], [ 8.669028282165529, 44.390693664550803 ], [ 8.669028282165529, 44.390415191650497 ], [ 8.66763973236084, 44.390415191650497 ], [ 8.66763973236084, 44.390140533447301 ], [ 8.666439056396481, 44.390140533447301 ], [ 8.66597175598139, 44.390140533447301 ], [ 8.66597175598139, 44.389862060546903 ], [ 8.664861679077211, 44.389862060546903 ], [ 8.664861679077211, 44.390140533447301 ], [ 8.66347122192388, 44.390140533447301 ], [ 8.66347122192388, 44.390415191650497 ], [ 8.662361145019529, 44.390415191650497 ], [ 8.662361145019529, 44.390693664550803 ], [ 8.661526679992679, 44.390693664550803 ], [ 8.661526679992679, 44.390415191650497 ], [ 8.66097259521479, 44.390415191650497 ], [ 8.66097259521479, 44.390140533447301 ], [ 8.656526565551809, 44.390140533447301 ], [ 8.656526565551809, 44.390415191650497 ], [ 8.65569496154785, 44.390415191650497 ], [ 8.65569496154785, 44.390140533447301 ], [ 8.655417442321721, 44.390140533447301 ], [ 8.655417442321721, 44.389862060546903 ], [ 8.65458297729487, 44.389862060546903 ], [ 8.65458297729487, 44.390140533447301 ], [ 8.652639389038139, 44.390140533447301 ], [ 8.652639389038139, 44.389862060546903 ], [ 8.650693893432621, 44.389862060546903 ], [ 8.650693893432621, 44.389583587646499 ], [ 8.64986038208008, 44.389583587646499 ], [ 8.64986038208008, 44.3893051147462 ], [ 8.6490278244018, 44.3893051147462 ], [ 8.6490278244018, 44.389026641845803 ], [ 8.64819431304943, 44.389026641845803 ], [ 8.64819431304943, 44.388748168945398 ], [ 8.647638320922971, 44.388748168945398 ], [ 8.647638320922971, 44.388473510742102 ], [ 8.64708423614508, 44.388473510742102 ], [ 8.64708423614508, 44.388195037841797 ], [ 8.64652824401861, 44.388195037841797 ], [ 8.64652824401861, 44.387916564941399 ], [ 8.64569377899176, 44.387916564941399 ], [ 8.64569377899176, 44.387638092041001 ], [ 8.64505386352533, 44.387638092041001 ], [ 8.64430618286133, 44.387638092041001 ], [ 8.64430618286133, 44.387359619140597 ], [ 8.643471717834471, 44.387359619140597 ], [ 8.643471717834471, 44.387084960937599 ], [ 8.642084121704221, 44.387084960937599 ], [ 8.642084121704221, 44.386806488037202 ], [ 8.64124965667736, 44.386806488037202 ], [ 8.64124965667736, 44.386528015136797 ], [ 8.64069366455084, 44.386528015136797 ], [ 8.64069366455084, 44.386249542236399 ], [ 8.64041805267334, 44.386249542236399 ], [ 8.64041805267334, 44.385971069336101 ], [ 8.63986206054688, 44.385971069336101 ], [ 8.63986206054688, 44.385692596435703 ], [ 8.639583587646481, 44.385692596435703 ], [ 8.639583587646481, 44.3854179382325 ], [ 8.63902759552002, 44.3854179382325 ], [ 8.63902759552002, 44.385139465332102 ], [ 8.638750076293951, 44.385139465332102 ], [ 8.638750076293951, 44.384860992431697 ], [ 8.6384706497193, 44.384860992431697 ], [ 8.6384706497193, 44.3845825195313 ], [ 8.638193130493161, 44.3845825195313 ], [ 8.638193130493161, 44.384304046630902 ], [ 8.637918472290149, 44.384304046630902 ], [ 8.637918472290149, 44.384029388427699 ], [ 8.63763999938976, 44.384029388427699 ], [ 8.63763999938976, 44.383750915527301 ], [ 8.637361526489199, 44.383750915527301 ], [ 8.637361526489199, 44.3829154968262 ], [ 8.63708305358881, 44.3829154968262 ], [ 8.63708305358881, 44.381805419921903 ], [ 8.637361526489199, 44.381805419921903 ], [ 8.637361526489199, 44.381248474121101 ], [ 8.63708305358881, 44.381248474121101 ], [ 8.63708305358881, 44.380973815918097 ], [ 8.63680458068842, 44.380973815918097 ], [ 8.63680458068842, 44.380695343017699 ], [ 8.63624858856195, 44.380695343017699 ], [ 8.63624858856195, 44.380416870117301 ], [ 8.635971069336049, 44.380416870117301 ], [ 8.635971069336049, 44.380138397216903 ], [ 8.635696411132869, 44.380138397216903 ], [ 8.635696411132869, 44.379859924316499 ], [ 8.63515663146978, 44.379859924316499 ], [ 8.63513946533209, 44.379585266113303 ], [ 8.63347339630127, 44.379581451416101 ], [ 8.63347339630127, 44.379306793212898 ], [ 8.633194923400881, 44.379306793212898 ], [ 8.633193016052299, 44.379581451416101 ], [ 8.63292407989502, 44.379581451416101 ], [ 8.63125133514416, 44.379581451416101 ], [ 8.63125133514416, 44.379306793212898 ], [ 8.63097095489502, 44.379306793212898 ], [ 8.63097095489502, 44.379428863525398 ], [ 8.63097095489502, 44.379581451416101 ], [ 8.630416870117299, 44.379581451416101 ], [ 8.630416870117299, 44.379306793212898 ], [ 8.630139350891231, 44.379306793212898 ], [ 8.630139350891231, 44.378471374511797 ], [ 8.62986087799084, 44.378471374511797 ], [ 8.62986087799084, 44.3780746459962 ], [ 8.62986087799084, 44.377918243408203 ], [ 8.629583358764711, 44.377918243408203 ], [ 8.629583358764711, 44.377639770507798 ], [ 8.62930488586437, 44.377639770507798 ], [ 8.62930488586437, 44.375972747802699 ], [ 8.62902736663824, 44.375972747802699 ], [ 8.62902736663824, 44.375694274902301 ], [ 8.62847328186035, 44.375694274902301 ], [ 8.62847328186035, 44.375415802002003 ], [ 8.62819480896002, 44.375415802002003 ], [ 8.62819480896002, 44.375137329101598 ], [ 8.62791728973389, 44.375137329101598 ], [ 8.62791728973389, 44.374790191650497 ], [ 8.62791728973389, 44.374305725097798 ], [ 8.627638816833491, 44.374305725097798 ], [ 8.627638816833491, 44.374027252197401 ], [ 8.627082824707029, 44.374027252197401 ], [ 8.627082824707029, 44.3734741210938 ], [ 8.62625122070307, 44.3734741210938 ], [ 8.62625122070307, 44.373195648193402 ], [ 8.625972747802679, 44.373195648193402 ], [ 8.625972747802679, 44.372917175292997 ], [ 8.62625122070307, 44.372917175292997 ], [ 8.62625122070307, 44.372638702392599 ], [ 8.625972747802679, 44.372638702392599 ], [ 8.625972747802679, 44.372360229492202 ], [ 8.625416755676209, 44.372360229492202 ], [ 8.625416755676209, 44.372081756591903 ], [ 8.625139236450311, 44.372081756591903 ], [ 8.625139236450311, 44.3718070983887 ], [ 8.624582290649361, 44.3718070983887 ], [ 8.624582290649361, 44.371528625488303 ], [ 8.623750686645559, 44.371528625488303 ], [ 8.623750686645559, 44.371250152587898 ], [ 8.62263774871832, 44.371250152587898 ], [ 8.62263774871832, 44.3709716796875 ], [ 8.622360229492241, 44.3709716796875 ], [ 8.622360229492241, 44.370693206787102 ], [ 8.62152767181396, 44.370693206787102 ], [ 8.62152767181396, 44.370418548584098 ], [ 8.621250152587891, 44.370418548584098 ], [ 8.621250152587891, 44.3701400756837 ], [ 8.61985969543457, 44.3701400756837 ], [ 8.61985969543457, 44.369861602783303 ], [ 8.61902809143078, 44.369861602783303 ], [ 8.61902809143078, 44.369583129882798 ], [ 8.618193626403921, 44.369583129882798 ], [ 8.618193626403921, 44.369304656982401 ], [ 8.617362022399959, 44.369304656982401 ], [ 8.617362022399959, 44.369026184082003 ], [ 8.6165275573731, 44.369026184082003 ], [ 8.6165275573731, 44.368751525878999 ], [ 8.616250038147029, 44.368751525878999 ], [ 8.616250038147029, 44.368194580078203 ], [ 8.6165275573731, 44.368194580078203 ], [ 8.6165275573731, 44.3676376342775 ], [ 8.616250038147029, 44.3676376342775 ], [ 8.616250038147029, 44.367362976074197 ], [ 8.61569404602051, 44.367362976074197 ], [ 8.61569404602051, 44.367084503173899 ], [ 8.615139961242679, 44.367084503173899 ], [ 8.615139961242679, 44.366806030273501 ], [ 8.61180591583258, 44.366806030273501 ], [ 8.61180591583258, 44.366527557373097 ], [ 8.6113042831422, 44.366527557373097 ], [ 8.61013984680176, 44.366527557373097 ], [ 8.61013984680176, 44.366249084472699 ], [ 8.608749389648439, 44.366249084472699 ], [ 8.608749389648439, 44.365970611572301 ], [ 8.607639312744251, 44.365970611572301 ], [ 8.607639312744251, 44.365695953369098 ], [ 8.60592269897472, 44.365695953369098 ], [ 8.605417251586969, 44.365695953369098 ], [ 8.605417251586969, 44.365512847900398 ], [ 8.605417251586969, 44.3654174804688 ], [ 8.605149269104, 44.3654174804688 ], [ 8.60501766204845, 44.3654174804688 ], [ 8.60458278656011, 44.3654174804688 ], [ 8.60458278656011, 44.365211486816399 ], [ 8.604435920715281, 44.365158081054801 ], [ 8.604026794433651, 44.365139007568402 ], [ 8.604026794433651, 44.365009307861399 ], [ 8.604026794433651, 44.364860534667997 ], [ 8.603751182556151, 44.364860534667997 ], [ 8.603751182556151, 44.364681243896598 ], [ 8.603751182556151, 44.364582061767599 ], [ 8.603567123413089, 44.364582061767599 ], [ 8.603195190429689, 44.364582061767599 ], [ 8.603195190429689, 44.3643608093262 ], [ 8.6029167175293, 44.364307403564602 ], [ 8.6029167175293, 44.364200592041001 ], [ 8.6029167175293, 44.364028930664198 ], [ 8.60262298583984, 44.364028930664198 ], [ 8.60236072540283, 44.364028930664198 ], [ 8.60236072540283, 44.363876342773402 ], [ 8.60236072540283, 44.3637504577638 ], [ 8.60214424133301, 44.3637504577638 ], [ 8.60180473327631, 44.3637504577638 ], [ 8.60180473327631, 44.363555908203203 ], [ 8.60180473327631, 44.363471984863402 ], [ 8.60069465637218, 44.363471984863402 ], [ 8.60069465637218, 44.363193511962798 ], [ 8.600417137146049, 44.363193511962798 ], [ 8.600417137146049, 44.362915039062401 ], [ 8.600138664245661, 44.362915039062401 ], [ 8.600138664245661, 44.362640380859403 ], [ 8.59930515289312, 44.362640380859403 ], [ 8.59930515289312, 44.362361907958999 ], [ 8.598751068115231, 44.362361907958999 ], [ 8.598751068115231, 44.3620834350587 ], [ 8.597359657287599, 44.3620834350587 ], [ 8.597359657287599, 44.361804962158303 ], [ 8.59652900695812, 44.361804962158303 ], [ 8.59652900695812, 44.361526489257898 ], [ 8.59597206115717, 44.361526489257898 ], [ 8.59597206115717, 44.361251831054702 ], [ 8.595416069030881, 44.361251831054702 ], [ 8.595416069030881, 44.360973358154297 ], [ 8.594860076904411, 44.360973358154297 ], [ 8.594860076904411, 44.360694885253999 ], [ 8.594028472900449, 44.360694885253999 ], [ 8.594028472900449, 44.360416412353601 ], [ 8.592362403869631, 44.360416412353601 ], [ 8.592362403869631, 44.360137939453203 ], [ 8.59152793884277, 44.360137939453203 ], [ 8.59152793884277, 44.359859466552798 ], [ 8.59097194671631, 44.359859466552798 ], [ 8.59097194671631, 44.360137939453203 ], [ 8.588472366333059, 44.360137939453203 ], [ 8.588472366333059, 44.359859466552798 ], [ 8.58708381652832, 44.359859466552798 ], [ 8.58708381652832, 44.359584808349602 ], [ 8.585971832275391, 44.359584808349602 ], [ 8.585971832275391, 44.359306335449197 ], [ 8.585694313049309, 44.359306335449197 ], [ 8.585694313049309, 44.3590278625488 ], [ 8.58486175537104, 44.3590278625488 ], [ 8.58486175537104, 44.359584808349602 ], [ 8.58458423614513, 44.359584808349602 ], [ 8.58458423614513, 44.359859466552798 ], [ 8.58402729034418, 44.359859466552798 ], [ 8.58402729034418, 44.359584808349602 ], [ 8.582915306091421, 44.359584808349602 ], [ 8.582915306091421, 44.359306335449197 ], [ 8.58152675628668, 44.359306335449197 ], [ 8.58152675628668, 44.3590278625488 ], [ 8.5812492370606, 44.3590278625488 ], [ 8.5812492370606, 44.359306335449197 ], [ 8.58013916015625, 44.359306335449197 ], [ 8.58013916015625, 44.3590278625488 ], [ 8.579860687255859, 44.3590278625488 ], [ 8.579860687255859, 44.358749389648402 ], [ 8.57902717590332, 44.358749389648402 ], [ 8.57902717590332, 44.358470916747997 ], [ 8.5784730911256, 44.358470916747997 ], [ 8.5784730911256, 44.358196258545 ], [ 8.57569503784185, 44.358196258545 ], [ 8.57569503784185, 44.357917785644602 ], [ 8.57319545745861, 44.357917785644602 ], [ 8.57319545745861, 44.357639312744297 ], [ 8.572360992431751, 44.357639312744297 ], [ 8.572360992431751, 44.357360839843899 ], [ 8.571806907653871, 44.357360839843899 ], [ 8.571806907653871, 44.357082366943501 ], [ 8.571250915527401, 44.357082366943501 ], [ 8.571250915527401, 44.356803894042898 ], [ 8.570973396301319, 44.356803894042898 ], [ 8.570973396301319, 44.356529235839901 ], [ 8.570694923400939, 44.356529235839901 ], [ 8.570694923400939, 44.355972290039098 ], [ 8.57041645050054, 44.355972290039098 ], [ 8.57041645050054, 44.3556938171387 ], [ 8.570137977600149, 44.3556938171387 ], [ 8.570137977600149, 44.355415344238402 ], [ 8.56986045837408, 44.355415344238402 ], [ 8.56986045837408, 44.354862213134801 ], [ 8.56958198547369, 44.354862213134801 ], [ 8.56958198547369, 44.354583740234403 ], [ 8.56875038146973, 44.354583740234403 ], [ 8.56875038146973, 44.354305267333999 ], [ 8.568471908569339, 44.354305267333999 ], [ 8.568471908569339, 44.354583740234403 ], [ 8.567304611206049, 44.354583740234403 ], [ 8.56652832031261, 44.354583740234403 ], [ 8.56652832031261, 44.354305267333999 ], [ 8.56624984741222, 44.354305267333999 ], [ 8.56624984741222, 44.353195190429702 ], [ 8.56652832031261, 44.353195190429702 ], [ 8.56652832031261, 44.352638244628899 ], [ 8.56674003601074, 44.352638244628899 ], [ 8.56680583953869, 44.352359771728501 ], [ 8.5676383972168, 44.352359771728501 ], [ 8.5676383972168, 44.352638244628899 ], [ 8.567915916442869, 44.352638244628899 ], [ 8.567915916442869, 44.352916717529297 ], [ 8.568471908569339, 44.352916717529297 ], [ 8.568471908569339, 44.352638244628899 ], [ 8.56875038146973, 44.352638244628899 ], [ 8.56875038146973, 44.352359771728501 ], [ 8.569028854370121, 44.352359771728501 ], [ 8.569028854370121, 44.351528167724702 ], [ 8.56875038146973, 44.351528167724702 ], [ 8.56875038146973, 44.351249694824297 ], [ 8.568471908569339, 44.351249694824297 ], [ 8.568471908569339, 44.349582672119197 ], [ 8.56819438934326, 44.349582672119197 ], [ 8.56819438934326, 44.349029541015597 ], [ 8.567915916442869, 44.349029541015597 ], [ 8.567915916442869, 44.348751068115199 ], [ 8.56735992431641, 44.348751068115199 ], [ 8.56735992431641, 44.348472595214801 ], [ 8.56680583953869, 44.348472595214801 ], [ 8.56680583953869, 44.348194122314503 ], [ 8.56624984741222, 44.348194122314503 ], [ 8.56624984741222, 44.347915649414098 ], [ 8.56569385528576, 44.347915649414098 ], [ 8.56569385528576, 44.3476371765137 ], [ 8.56541633605968, 44.3476371765137 ], [ 8.56541633605968, 44.346805572509801 ], [ 8.56513786315929, 44.346805572509801 ], [ 8.56513786315929, 44.345973968506001 ], [ 8.5648622512818, 44.345973968506001 ], [ 8.5648622512818, 44.345695495605597 ], [ 8.56291580200201, 44.345695495605597 ], [ 8.56291580200201, 44.345417022705199 ], [ 8.56097221374506, 44.345417022705199 ], [ 8.56097221374506, 44.345138549804801 ], [ 8.55902767181402, 44.345138549804801 ], [ 8.55902767181402, 44.344860076904403 ], [ 8.55847167968756, 44.344860076904403 ], [ 8.55847167968756, 44.344581604003999 ], [ 8.55819320678717, 44.344581604003999 ], [ 8.55819320678717, 44.344306945800803 ], [ 8.55791759490967, 44.344306945800803 ], [ 8.55791759490967, 44.344581604003999 ], [ 8.556527137756349, 44.344581604003999 ], [ 8.556527137756349, 44.344306945800803 ], [ 8.55152702331549, 44.344306945800803 ], [ 8.55152702331549, 44.344028472900398 ], [ 8.55097103118902, 44.344028472900398 ], [ 8.55097103118902, 44.34375 ], [ 8.550139427185, 44.34375 ], [ 8.550139427185, 44.343471527099702 ], [ 8.54986095428467, 44.343471527099702 ], [ 8.54986095428467, 44.343193054199297 ], [ 8.54958343505854, 44.343193054199297 ], [ 8.54958343505854, 44.342918395996101 ], [ 8.54930496215815, 44.342918395996101 ], [ 8.54930496215815, 44.342639923095703 ], [ 8.54902744293207, 44.342639923095703 ], [ 8.54902744293207, 44.342361450195298 ], [ 8.548750877380479, 44.342361450195298 ], [ 8.548750877380479, 44.342082977294901 ], [ 8.54847335815435, 44.342082977294901 ], [ 8.54847335815435, 44.341804504394503 ], [ 8.54708290100103, 44.341804504394503 ], [ 8.54708290100103, 44.341526031494197 ], [ 8.546528816223139, 44.341526031494197 ], [ 8.546528816223139, 44.341251373291101 ], [ 8.54625129699707, 44.341251373291101 ], [ 8.54625129699707, 44.340972900390597 ], [ 8.54597282409668, 44.340972900390597 ], [ 8.54597282409668, 44.340694427490199 ], [ 8.545695304870611, 44.340694427490199 ], [ 8.545695304870611, 44.340415954589801 ], [ 8.54541683197021, 44.340415954589801 ], [ 8.54541683197021, 44.340137481689503 ], [ 8.54486083984375, 44.340137481689503 ], [ 8.54486083984375, 44.339862823486399 ], [ 8.544582366943359, 44.339862823486399 ], [ 8.544582366943359, 44.339584350586101 ], [ 8.544306755065859, 44.339584350586101 ], [ 8.544306755065859, 44.339305877685703 ], [ 8.544026374816889, 44.339305877685703 ], [ 8.544026374816889, 44.339027404785298 ], [ 8.54375076293957, 44.339027404785298 ], [ 8.54375076293957, 44.338748931884901 ], [ 8.543473243713491, 44.338748931884901 ], [ 8.543473243713491, 44.337081909179702 ], [ 8.5431947708131, 44.337081909179702 ], [ 8.5431947708131, 44.336071014404403 ], [ 8.5431947708131, 44.335693359375 ], [ 8.54263782501215, 44.335693359375 ], [ 8.54263782501215, 44.335414886474602 ], [ 8.54236030578625, 44.335414886474602 ], [ 8.54236030578625, 44.3348617553712 ], [ 8.5409717559815, 44.3348617553712 ], [ 8.5409717559815, 44.334583282470597 ], [ 8.540415763855041, 44.334583282470597 ], [ 8.540415763855041, 44.3348617553712 ], [ 8.539859771728571, 44.3348617553712 ], [ 8.539859771728571, 44.334583282470597 ], [ 8.539129257202211, 44.334583282470597 ], [ 8.53791618347168, 44.334583282470597 ], [ 8.53791618347168, 44.334304809570298 ], [ 8.537637710571291, 44.334304809570298 ], [ 8.537637710571291, 44.334037780761797 ], [ 8.534861564636291, 44.334026336669901 ], [ 8.534859657287649, 44.333751678466797 ], [ 8.532917976379339, 44.333751678466797 ], [ 8.532917976379339, 44.333473205566499 ], [ 8.532361984252869, 44.333473205566499 ], [ 8.532361984252869, 44.333194732666101 ], [ 8.53097057342524, 44.333194732666101 ], [ 8.53097057342524, 44.332916259765703 ], [ 8.53013992309576, 44.332916259765703 ], [ 8.53013992309576, 44.332637786865298 ], [ 8.5295839309693, 44.332637786865298 ], [ 8.5295839309693, 44.332359313965 ], [ 8.529305458068899, 44.332359313965 ], [ 8.529305458068899, 44.332084655761797 ], [ 8.52902698516851, 44.332084655761797 ], [ 8.52902698516851, 44.331806182861399 ], [ 8.52874946594244, 44.331806182861399 ], [ 8.52874946594244, 44.331527709961001 ], [ 8.528196334838871, 44.331527709961001 ], [ 8.528196334838871, 44.331249237060597 ], [ 8.527639389038089, 44.331249237060597 ], [ 8.527639389038089, 44.330970764160199 ], [ 8.527083396911619, 44.330970764160199 ], [ 8.527083396911619, 44.330696105957003 ], [ 8.52652740478516, 44.330696105957003 ], [ 8.52652740478516, 44.330417633056598 ], [ 8.52319526672369, 44.330417633056598 ], [ 8.52319526672369, 44.3301391601562 ], [ 8.522916793823301, 44.3301391601562 ], [ 8.522916793823301, 44.329860687255902 ], [ 8.52263927459717, 44.329860687255902 ], [ 8.52263927459717, 44.329582214355497 ], [ 8.516250610351561, 44.329582214355497 ], [ 8.516250610351561, 44.329303741455099 ], [ 8.515416145324711, 44.329303741455099 ], [ 8.515416145324711, 44.329029083252102 ], [ 8.514027595519959, 44.329029083252102 ], [ 8.514027595519959, 44.328750610351698 ], [ 8.51180553436285, 44.328750610351698 ], [ 8.51180553436285, 44.3284721374513 ], [ 8.51124954223638, 44.3284721374513 ], [ 8.51124954223638, 44.328193664550703 ], [ 8.510416030883849, 44.328193664550703 ], [ 8.510416030883849, 44.327915191650298 ], [ 8.507822990417541, 44.327915191650298 ], [ 8.507572174072269, 44.327915191650298 ], [ 8.50736236572271, 44.327915191650298 ], [ 8.50736236572271, 44.327774047851698 ], [ 8.50736236572271, 44.327648162841903 ], [ 8.507083892822321, 44.327640533447301 ], [ 8.507083892822321, 44.327484130859403 ], [ 8.507083892822321, 44.327362060546903 ], [ 8.506870269775449, 44.327362060546903 ], [ 8.506752967834471, 44.327362060546903 ], [ 8.505971908569389, 44.327362060546903 ], [ 8.505971908569389, 44.327083587646499 ], [ 8.504305839538571, 44.327083587646499 ], [ 8.504305839538571, 44.3268051147462 ], [ 8.503749847412109, 44.3268051147462 ], [ 8.503749847412109, 44.326526641845803 ], [ 8.503195762634389, 44.326526641845803 ], [ 8.503195762634389, 44.326248168945398 ], [ 8.50236225128185, 44.326248168945398 ], [ 8.50236225128185, 44.325973510742202 ], [ 8.502082824706971, 44.325973510742202 ], [ 8.502082824706971, 44.325695037841903 ], [ 8.50152683258068, 44.325695037841903 ], [ 8.50152683258068, 44.325416564941499 ], [ 8.501249313354609, 44.325416564941499 ], [ 8.501249313354609, 44.325138092041101 ], [ 8.500970840454221, 44.325138092041101 ], [ 8.500970840454221, 44.324859619140703 ], [ 8.500693321228139, 44.324859619140703 ], [ 8.500693321228139, 44.3245849609375 ], [ 8.500416755676319, 44.3245849609375 ], [ 8.500416755676319, 44.324306488037102 ], [ 8.50013923645025, 44.324306488037102 ], [ 8.50013923645025, 44.3237495422363 ], [ 8.49986076354986, 44.3237495422363 ], [ 8.49986076354986, 44.323471069335902 ], [ 8.499583244323791, 44.323471069335902 ], [ 8.499583244323791, 44.323123931884901 ], [ 8.499583244323791, 44.3229179382325 ], [ 8.4993047714234, 44.3229179382325 ], [ 8.4993047714234, 44.322639465332102 ], [ 8.499027252197321, 44.322639465332102 ], [ 8.499027252197321, 44.322082519531399 ], [ 8.49893569946283, 44.322082519531399 ], [ 8.49874877929693, 44.322082519531399 ], [ 8.49874877929693, 44.321952819824197 ], [ 8.49874877929693, 44.321804046630803 ], [ 8.49853324890142, 44.321804046630803 ], [ 8.498194694519039, 44.321804046630803 ], [ 8.498194694519039, 44.321575164795 ], [ 8.498194694519039, 44.321250915527401 ], [ 8.497917175292971, 44.321250915527401 ], [ 8.497917175292971, 44.320972442627003 ], [ 8.49730205535894, 44.320972442627003 ], [ 8.49708271026611, 44.320972442627003 ], [ 8.49708271026611, 44.320823669433601 ], [ 8.49708271026611, 44.3204154968263 ], [ 8.49680519103998, 44.3204154968263 ], [ 8.49680519103998, 44.320137023925902 ], [ 8.496251106262321, 44.320137023925902 ], [ 8.496251106262321, 44.319583892822301 ], [ 8.49597263336193, 44.319583892822301 ], [ 8.49597263336193, 44.319305419921903 ], [ 8.496251106262321, 44.319305419921903 ], [ 8.496251106262321, 44.319026947021499 ], [ 8.495416641235471, 44.319026947021499 ], [ 8.495416641235471, 44.3187484741212 ], [ 8.495139122009331, 44.3187484741212 ], [ 8.495139122009331, 44.318473815917898 ], [ 8.494860649109, 44.318473815917898 ], [ 8.494860649109, 44.317916870117202 ], [ 8.495139122009331, 44.317916870117202 ], [ 8.495139122009331, 44.317359924316399 ], [ 8.495416641235471, 44.317359924316399 ], [ 8.495416641235471, 44.317085266113402 ], [ 8.494860649109, 44.317081451416001 ], [ 8.494860649109, 44.316806793212997 ], [ 8.494583129882869, 44.316806793212997 ], [ 8.494583129882869, 44.316249847412202 ], [ 8.49430465698248, 44.316249847412202 ], [ 8.49430465698248, 44.315971374511797 ], [ 8.49319458007812, 44.315971374511797 ], [ 8.49319458007812, 44.315692901611399 ], [ 8.49263858795166, 44.315692901611399 ], [ 8.49263858795166, 44.315418243408303 ], [ 8.492361068725589, 44.315418243408303 ], [ 8.492361068725589, 44.3148612976075 ], [ 8.491806983947701, 44.3148612976075 ], [ 8.491805076599119, 44.314582824707102 ], [ 8.491525650024411, 44.314582824707102 ], [ 8.491525650024411, 44.314304351806697 ], [ 8.49097347259533, 44.314304351806697 ], [ 8.49097347259533, 44.314029693603501 ], [ 8.49069499969494, 44.314025878906399 ], [ 8.49069499969494, 44.313472747802699 ], [ 8.490416526794551, 44.313472747802699 ], [ 8.490416526794551, 44.312915802002003 ], [ 8.49013900756847, 44.312915802002003 ], [ 8.49013900756847, 44.312362670898402 ], [ 8.489859580993601, 44.312362670898402 ], [ 8.489859580993601, 44.311805725097599 ], [ 8.49013900756847, 44.311805725097599 ], [ 8.49013900756847, 44.311527252197301 ], [ 8.49069499969494, 44.311527252197301 ], [ 8.49069499969494, 44.312362670898402 ], [ 8.49097347259533, 44.312362670898402 ], [ 8.49097347259533, 44.312637329101598 ], [ 8.491806983947701, 44.312637329101598 ], [ 8.491806983947701, 44.312915802002003 ], [ 8.49263858795166, 44.312915802002003 ], [ 8.49263858795166, 44.313194274902301 ], [ 8.493473052978519, 44.313194274902301 ], [ 8.493473052978519, 44.313472747802699 ], [ 8.49402904510498, 44.313472747802699 ], [ 8.49402904510498, 44.313751220703097 ], [ 8.49430465698248, 44.313751220703097 ], [ 8.49430465698248, 44.314582824707102 ], [ 8.495416641235471, 44.314582824707102 ], [ 8.495416641235471, 44.3148612976075 ], [ 8.49597263336193, 44.3148612976075 ], [ 8.49597263336193, 44.315139770507898 ], [ 8.49652671813965, 44.315139770507898 ], [ 8.49652671813965, 44.315418243408303 ], [ 8.497434616088981, 44.315418243408303 ], [ 8.49763870239258, 44.315418243408303 ], [ 8.49763870239258, 44.315692901611399 ], [ 8.499027252197321, 44.315692901611399 ], [ 8.499027252197321, 44.315971374511797 ], [ 8.49986076354986, 44.315971374511797 ], [ 8.49986076354986, 44.315418243408303 ], [ 8.499583244323791, 44.315418243408303 ], [ 8.499583244323791, 44.3148612976075 ], [ 8.4993047714234, 44.3148612976075 ], [ 8.4993047714234, 44.314582824707102 ], [ 8.499027252197321, 44.314582824707102 ], [ 8.499027252197321, 44.314304351806697 ], [ 8.498194694519039, 44.314304351806697 ], [ 8.498194694519039, 44.314029693603501 ], [ 8.497917175292971, 44.314025878906399 ], [ 8.497917175292971, 44.313751220703097 ], [ 8.49763870239258, 44.313751220703097 ], [ 8.49763870239258, 44.313526153564503 ], [ 8.4973611831665, 44.313472747802699 ], [ 8.4973611831665, 44.313339233398402 ], [ 8.4973611831665, 44.313194274902301 ], [ 8.49708271026611, 44.313194274902301 ], [ 8.49708271026611, 44.310974121093899 ], [ 8.4973611831665, 44.310974121093899 ], [ 8.4973611831665, 44.311248779296903 ], [ 8.49763870239258, 44.311248779296903 ], [ 8.49763870239258, 44.311393737793097 ], [ 8.49763870239258, 44.311527252197301 ], [ 8.497917175292971, 44.311527252197301 ], [ 8.497917175292971, 44.311805725097599 ], [ 8.49805545806896, 44.311805725097599 ], [ 8.49847316741943, 44.311805725097599 ], [ 8.49847316741943, 44.312084197997997 ], [ 8.499027252197321, 44.312084197997997 ], [ 8.499027252197321, 44.312362670898402 ], [ 8.4993047714234, 44.312362670898402 ], [ 8.4993047714234, 44.312637329101598 ], [ 8.499583244323791, 44.312637329101598 ], [ 8.499583244323791, 44.312915802002003 ], [ 8.49986076354986, 44.312915802002003 ], [ 8.49986076354986, 44.313194274902301 ], [ 8.500416755676319, 44.313194274902301 ], [ 8.500416755676319, 44.313472747802699 ], [ 8.500970840454221, 44.313472747802699 ], [ 8.500970840454221, 44.313751220703097 ], [ 8.501249313354609, 44.313751220703097 ], [ 8.501249313354609, 44.314025878906399 ], [ 8.501805305481071, 44.314025878906399 ], [ 8.501805305481071, 44.314304351806697 ], [ 8.502082824706971, 44.314304351806697 ], [ 8.502082824706971, 44.314582824707102 ], [ 8.5040283203125, 44.314582824707102 ], [ 8.5040283203125, 44.314304351806697 ], [ 8.504305839538571, 44.314304351806697 ], [ 8.504305839538571, 44.313751220703097 ], [ 8.5040283203125, 44.313751220703097 ], [ 8.5040283203125, 44.313472747802699 ], [ 8.503471374511721, 44.313472747802699 ], [ 8.503471374511721, 44.313194274902301 ], [ 8.50236225128185, 44.313194274902301 ], [ 8.50236225128185, 44.312915802002003 ], [ 8.501805305481071, 44.312915802002003 ], [ 8.501805305481071, 44.312637329101598 ], [ 8.501249313354609, 44.312637329101598 ], [ 8.501249313354609, 44.312362670898402 ], [ 8.500693321228139, 44.312362670898402 ], [ 8.500693321228139, 44.312084197997997 ], [ 8.500416755676319, 44.312084197997997 ], [ 8.500416755676319, 44.311805725097599 ], [ 8.499583244323791, 44.311805725097599 ], [ 8.499583244323791, 44.311527252197301 ], [ 8.4993047714234, 44.311527252197301 ], [ 8.4993047714234, 44.311248779296903 ], [ 8.49874877929693, 44.311248779296903 ], [ 8.49874877929693, 44.310974121093899 ], [ 8.49847316741943, 44.310974121093899 ], [ 8.49847316741943, 44.310695648193501 ], [ 8.498194694519039, 44.310695648193501 ], [ 8.498194694519039, 44.310417175293097 ], [ 8.49763870239258, 44.310417175293097 ], [ 8.49763870239258, 44.310138702392699 ], [ 8.4973611831665, 44.310138702392699 ], [ 8.4973611831665, 44.309860229492301 ], [ 8.49708271026611, 44.309860229492301 ], [ 8.49708271026611, 44.309581756591903 ], [ 8.49652671813965, 44.309581756591903 ], [ 8.49652671813965, 44.3093070983887 ], [ 8.496251106262321, 44.3093070983887 ], [ 8.496251106262321, 44.309028625488303 ], [ 8.49597263336193, 44.309028625488303 ], [ 8.49597263336193, 44.308750152587898 ], [ 8.495695114135859, 44.308750152587898 ], [ 8.495695114135859, 44.308471679687599 ], [ 8.495139122009331, 44.308471679687599 ], [ 8.495139122009331, 44.308193206787202 ], [ 8.494860649109, 44.308193206787202 ], [ 8.494860649109, 44.307918548583999 ], [ 8.494583129882869, 44.307918548583999 ], [ 8.494583129882869, 44.307640075683601 ], [ 8.49402904510498, 44.307640075683601 ], [ 8.49402904510498, 44.307361602783203 ], [ 8.49374866485601, 44.307361602783203 ], [ 8.49374866485601, 44.307083129882798 ], [ 8.493473052978519, 44.307083129882798 ], [ 8.493473052978519, 44.306804656982401 ], [ 8.49319458007812, 44.306804656982401 ], [ 8.49319458007812, 44.306526184082102 ], [ 8.492361068725589, 44.306526184082102 ], [ 8.492361068725589, 44.306251525878999 ], [ 8.491806983947701, 44.306251525878999 ], [ 8.491805076599119, 44.305973052978501 ], [ 8.491525650024411, 44.305973052978501 ], [ 8.491525650024411, 44.305694580078097 ], [ 8.491250991821399, 44.305694580078097 ], [ 8.491250991821399, 44.305416107177699 ], [ 8.49013900756847, 44.305416107177699 ], [ 8.49013900756847, 44.305137634277301 ], [ 8.489028930664119, 44.305137634277301 ], [ 8.489028930664119, 44.304862976074297 ], [ 8.48875141143805, 44.304862976074297 ], [ 8.48875141143805, 44.304584503173899 ], [ 8.48847198486334, 44.304584503173899 ], [ 8.48847198486334, 44.304027557373203 ], [ 8.48819446563726, 44.304027557373203 ], [ 8.48819446563726, 44.303749084472798 ], [ 8.487638473510801, 44.303749084472798 ], [ 8.487638473510801, 44.303470611572401 ], [ 8.48680591583252, 44.303470611572401 ], [ 8.48680591583252, 44.303195953369197 ], [ 8.48597240447998, 44.303195953369197 ], [ 8.48597240447998, 44.3029174804688 ], [ 8.48402786254894, 44.3029174804688 ], [ 8.48402786254894, 44.302639007568402 ], [ 8.483750343322869, 44.302639007568402 ], [ 8.483750343322869, 44.302360534667997 ], [ 8.483471870422481, 44.302360534667997 ], [ 8.483471870422481, 44.302082061767599 ], [ 8.48264026641851, 44.302082061767599 ], [ 8.48264026641851, 44.301807403564503 ], [ 8.480972290039061, 44.301807403564503 ], [ 8.480972290039061, 44.301528930664098 ], [ 8.48050689697277, 44.301528930664098 ], [ 8.480137825012211, 44.301528930664098 ], [ 8.480106353759769, 44.301315307617202 ], [ 8.479983329773059, 44.3012504577637 ], [ 8.47958374023432, 44.3012504577637 ], [ 8.47958374023432, 44.301029205322301 ], [ 8.4794721603393, 44.301021575927699 ], [ 8.47875022888195, 44.300971984863303 ], [ 8.47875022888195, 44.300693511962898 ], [ 8.478194236755479, 44.300693511962898 ], [ 8.478194236755479, 44.3004150390625 ], [ 8.47791767120367, 44.3004150390625 ], [ 8.47791767120367, 44.300140380859503 ], [ 8.477361679077211, 44.300140380859503 ], [ 8.477361679077211, 44.299861907959098 ], [ 8.477084159851129, 44.299861907959098 ], [ 8.477084159851129, 44.299674987792997 ], [ 8.477084159851129, 44.299583435058501 ], [ 8.47689914703381, 44.299583435058501 ], [ 8.47652816772467, 44.299583435058501 ], [ 8.47652816772467, 44.299377441406399 ], [ 8.47639274597174, 44.299304962158097 ], [ 8.474582672119141, 44.299304962158097 ], [ 8.474582672119141, 44.299026489257798 ], [ 8.47319316864013, 44.299026489257798 ], [ 8.47319316864013, 44.298751831054702 ], [ 8.47263908386242, 44.298751831054702 ], [ 8.47263908386242, 44.298473358154403 ], [ 8.47041702270513, 44.298473358154403 ], [ 8.47041702270513, 44.298194885253999 ], [ 8.469582557678279, 44.298194885253999 ], [ 8.469582557678279, 44.297916412353601 ], [ 8.46875095367432, 44.297916412353601 ], [ 8.46875095367432, 44.297637939453203 ], [ 8.46708297729486, 44.297637939453203 ], [ 8.46708297729486, 44.297359466552798 ], [ 8.46680545806896, 44.297359466552798 ], [ 8.46680545806896, 44.297084808349702 ], [ 8.466251373291071, 44.297084808349702 ], [ 8.466251373291071, 44.296806335449297 ], [ 8.465139389038139, 44.296806335449297 ], [ 8.465139389038139, 44.296527862548899 ], [ 8.46486091613775, 44.296527862548899 ], [ 8.46486091613775, 44.296249389648501 ], [ 8.463473320007321, 44.296249389648501 ], [ 8.463473320007321, 44.295970916748097 ], [ 8.46319484710693, 44.295970916748097 ], [ 8.46319484710693, 44.295696258544901 ], [ 8.462637901306151, 44.295696258544901 ], [ 8.462637901306151, 44.295417785644503 ], [ 8.462081909179689, 44.295417785644503 ], [ 8.462081909179689, 44.295139312744098 ], [ 8.46180438995361, 44.295139312744098 ], [ 8.46180438995361, 44.2948608398437 ], [ 8.461528778076289, 44.2948608398437 ], [ 8.461528778076289, 44.294582366943402 ], [ 8.460971832275501, 44.294582366943402 ], [ 8.460971832275501, 44.294303894042997 ], [ 8.460415840149039, 44.294303894042997 ], [ 8.460415840149039, 44.29402923584 ], [ 8.460138320922971, 44.29402923584 ], [ 8.460138320922971, 44.293750762939602 ], [ 8.459859848022569, 44.293750762939602 ], [ 8.459859848022569, 44.293472290039198 ], [ 8.45958423614508, 44.293472290039198 ], [ 8.45958423614508, 44.292915344238203 ], [ 8.459305763244689, 44.292915344238203 ], [ 8.459305763244689, 44.292640686035199 ], [ 8.45902824401861, 44.292640686035199 ], [ 8.45902824401861, 44.292362213134801 ], [ 8.45847225189214, 44.292362213134801 ], [ 8.45847225189214, 44.292083740234403 ], [ 8.45680618286133, 44.292083740234403 ], [ 8.45680618286133, 44.291805267334098 ], [ 8.456527709960939, 44.291805267334098 ], [ 8.456527709960939, 44.2915267944337 ], [ 8.455971717834471, 44.2915267944337 ], [ 8.455971717834471, 44.291248321533303 ], [ 8.455415725707949, 44.291248321533303 ], [ 8.455415725707949, 44.290973663330099 ], [ 8.45514011383068, 44.290973663330099 ], [ 8.45514011383068, 44.290695190429702 ], [ 8.45485973358149, 44.290695190429702 ], [ 8.45485973358149, 44.290416717529297 ], [ 8.45458412170416, 44.290416717529297 ], [ 8.45458412170416, 44.290138244628999 ], [ 8.45374202728277, 44.290138244628999 ], [ 8.45347213745123, 44.290138244628999 ], [ 8.45347213745123, 44.2899398803712 ], [ 8.45347213745123, 44.289859771728601 ], [ 8.45335960388195, 44.289859771728601 ], [ 8.45319366455084, 44.289859771728601 ], [ 8.45319366455084, 44.289737701416101 ], [ 8.45319366455084, 44.289306640625 ], [ 8.45263767242437, 44.289306640625 ], [ 8.45263767242437, 44.289028167724602 ], [ 8.45236206054687, 44.289028167724602 ], [ 8.45236206054687, 44.288749694824197 ], [ 8.452083587646481, 44.288749694824197 ], [ 8.452083587646481, 44.2884712219238 ], [ 8.45152759552002, 44.2884712219238 ], [ 8.45152759552002, 44.288192749023402 ], [ 8.451250076293951, 44.288192749023402 ], [ 8.451250076293951, 44.287918090820398 ], [ 8.45092105865484, 44.287918090820398 ], [ 8.45069408416748, 44.287918090820398 ], [ 8.45069408416748, 44.287719726562599 ], [ 8.45069408416748, 44.28763961792 ], [ 8.45059776306152, 44.28763961792 ], [ 8.45041465759277, 44.28763961792 ], [ 8.45041465759277, 44.287479400634702 ], [ 8.45041465759277, 44.287361145019602 ], [ 8.45027637481701, 44.287361145019602 ], [ 8.45013999938976, 44.287361145019602 ], [ 8.45013999938976, 44.287242889404403 ], [ 8.45013999938976, 44.287082672119297 ], [ 8.44995307922369, 44.287082672119297 ], [ 8.44986152648937, 44.287082672119297 ], [ 8.44986152648937, 44.287002563476499 ], [ 8.44986152648937, 44.2868041992187 ], [ 8.449584007263301, 44.2868041992187 ], [ 8.449584007263301, 44.286529541015703 ], [ 8.44930553436291, 44.286529541015703 ], [ 8.44930553436291, 44.285972595214901 ], [ 8.44888114929199, 44.285972595214901 ], [ 8.44874858856195, 44.285972595214901 ], [ 8.44874858856195, 44.285739898681797 ], [ 8.448471069336049, 44.285694122314503 ], [ 8.448471069336049, 44.285415649414198 ], [ 8.448196411132869, 44.285415649414198 ], [ 8.448196411132869, 44.284862518310497 ], [ 8.44791793823248, 44.284862518310497 ], [ 8.44791793823248, 44.284305572509801 ], [ 8.448196411132869, 44.284305572509801 ], [ 8.448196411132869, 44.284049987792997 ], [ 8.44791793823248, 44.284027099609403 ], [ 8.44791793823248, 44.2838973999025 ], [ 8.44791793823248, 44.283748626708999 ], [ 8.44763946533209, 44.283748626708999 ], [ 8.44763946533209, 44.283473968505803 ], [ 8.44746017456055, 44.283473968505803 ], [ 8.447360992431699, 44.283473968505803 ], [ 8.447360992431699, 44.283302307128999 ], [ 8.447360992431699, 44.283195495605497 ], [ 8.44708347320562, 44.283195495605497 ], [ 8.44708347320562, 44.282917022705099 ], [ 8.446805000305231, 44.282917022705099 ], [ 8.446805000305231, 44.282638549804702 ], [ 8.44652652740484, 44.282638549804702 ], [ 8.44652652740484, 44.282360076904297 ], [ 8.44624900817877, 44.282360076904297 ], [ 8.44624900817877, 44.282199859619098 ], [ 8.44624900817877, 44.282108306884901 ], [ 8.44597339630127, 44.282081604003899 ], [ 8.44597339630127, 44.281528472900497 ], [ 8.445693016052299, 44.281528472900497 ], [ 8.445693016052299, 44.281066894531399 ], [ 8.445693016052299, 44.280693054199297 ], [ 8.445417404174799, 44.280693054199297 ], [ 8.445417404174799, 44.2804183959962 ], [ 8.445138931274411, 44.2804183959962 ], [ 8.445138931274411, 44.280139923095803 ], [ 8.44486141204834, 44.280139923095803 ], [ 8.44486141204834, 44.279861450195398 ], [ 8.444582939147949, 44.279861450195398 ], [ 8.444582939147949, 44.279582977295 ], [ 8.44430541992182, 44.279582977295 ], [ 8.44430541992182, 44.279304504394602 ], [ 8.444026947021481, 44.279304504394602 ], [ 8.444026947021481, 44.278751373291001 ], [ 8.44375133514415, 44.278751373291001 ], [ 8.44375133514415, 44.278472900390597 ], [ 8.443470954894959, 44.278472900390597 ], [ 8.443470954894959, 44.277915954589901 ], [ 8.44319534301769, 44.277915954589901 ], [ 8.44319534301769, 44.277637481689503 ], [ 8.442916870117299, 44.277637481689503 ], [ 8.442916870117299, 44.277084350585902 ], [ 8.44236087799084, 44.277084350585902 ], [ 8.44236087799084, 44.276805877685497 ], [ 8.442240715026969, 44.276805877685497 ], [ 8.442083358764711, 44.276805877685497 ], [ 8.442083358764711, 44.276527404785099 ], [ 8.441804885864309, 44.276527404785099 ], [ 8.441804885864309, 44.276248931884801 ], [ 8.44152736663824, 44.276248931884801 ], [ 8.44152736663824, 44.275970458984403 ], [ 8.44124889373785, 44.275970458984403 ], [ 8.44124889373785, 44.275138854980597 ], [ 8.44097328186035, 44.275138854980597 ], [ 8.44097328186035, 44.274860382080199 ], [ 8.440694808959959, 44.274860382080199 ], [ 8.440694808959959, 44.274581909179801 ], [ 8.44041728973389, 44.274581909179801 ], [ 8.44041728973389, 44.272083282470703 ], [ 8.440694808959959, 44.272083282470703 ], [ 8.440694808959959, 44.270694732666001 ], [ 8.44097328186035, 44.270694732666001 ], [ 8.44097328186035, 44.269859313964801 ], [ 8.44124889373785, 44.269859313964801 ], [ 8.44124889373785, 44.269306182861399 ], [ 8.44152736663824, 44.269306182861399 ], [ 8.44152736663824, 44.268196105957102 ], [ 8.441804885864309, 44.268196105957102 ], [ 8.441804885864309, 44.267917633056697 ], [ 8.442083358764711, 44.267917633056697 ], [ 8.442083358764711, 44.267360687255902 ], [ 8.44236087799084, 44.267360687255902 ], [ 8.44236087799084, 44.267082214355497 ], [ 8.443071365356451, 44.267082214355497 ], [ 8.44319534301769, 44.267082214355497 ], [ 8.44319534301769, 44.267360687255902 ], [ 8.445138931274411, 44.267360687255902 ], [ 8.445138931274411, 44.2676391601563 ], [ 8.445693016052299, 44.2676391601563 ], [ 8.445694923400881, 44.267917633056697 ], [ 8.44624900817877, 44.267917633056697 ], [ 8.44624900817877, 44.268196105957102 ], [ 8.44763946533209, 44.268196105957102 ], [ 8.44763946533209, 44.267917633056697 ], [ 8.44791793823248, 44.267917633056697 ], [ 8.44791793823248, 44.266803741455099 ], [ 8.44624900817877, 44.266803741455099 ], [ 8.44624900817877, 44.266529083252003 ], [ 8.445138931274411, 44.266529083252003 ], [ 8.445138931274411, 44.266250610351598 ], [ 8.443470954894959, 44.266250610351598 ], [ 8.443470954894959, 44.2661323547363 ], [ 8.443470954894959, 44.2659721374512 ], [ 8.44319534301769, 44.2659721374512 ], [ 8.44319534301769, 44.265693664550803 ], [ 8.442916870117299, 44.265693664550803 ], [ 8.442916870117299, 44.265140533447401 ], [ 8.44319534301769, 44.265140533447401 ], [ 8.44319534301769, 44.264862060547003 ], [ 8.44375133514415, 44.264862060547003 ], [ 8.44375133514415, 44.265140533447401 ], [ 8.444582939147949, 44.265140533447401 ], [ 8.444582939147949, 44.264862060547003 ], [ 8.44486141204834, 44.264862060547003 ], [ 8.44486141204834, 44.264305114746001 ], [ 8.444582939147949, 44.264305114746001 ], [ 8.444582939147949, 44.263748168945298 ], [ 8.445417404174799, 44.263748168945298 ], [ 8.445417404174799, 44.264026641845703 ], [ 8.445693016052299, 44.264026641845703 ], [ 8.445694923400881, 44.264305114746001 ], [ 8.44597339630127, 44.264305114746001 ], [ 8.44597339630127, 44.264026641845703 ], [ 8.447360992431699, 44.264026641845703 ], [ 8.447360992431699, 44.264305114746001 ], [ 8.447873115539551, 44.264305114746001 ], [ 8.449584007263301, 44.264305114746001 ], [ 8.449584007263301, 44.264118194580099 ], [ 8.449584007263301, 44.263748168945298 ], [ 8.44986152648937, 44.263748168945298 ], [ 8.44986152648937, 44.263473510742202 ], [ 8.45013999938976, 44.263473510742202 ], [ 8.45013999938976, 44.263195037841903 ], [ 8.450816154480091, 44.263195037841903 ], [ 8.451250076293951, 44.263195037841903 ], [ 8.451250076293951, 44.263473510742202 ], [ 8.45152759552002, 44.263473510742202 ], [ 8.45152759552002, 44.264026641845703 ], [ 8.45263767242437, 44.264026641845703 ], [ 8.45263767242437, 44.263473510742202 ], [ 8.45291805267334, 44.263473510742202 ], [ 8.45291805267334, 44.263195037841903 ], [ 8.45319366455084, 44.263195037841903 ], [ 8.45319366455084, 44.261806488037202 ], [ 8.45347213745123, 44.261806488037202 ], [ 8.45347213745123, 44.261528015136797 ], [ 8.45458412170416, 44.261528015136797 ], [ 8.45458412170416, 44.261249542236399 ], [ 8.45485973358149, 44.261249542236399 ], [ 8.45485973358149, 44.261806488037202 ], [ 8.45514011383068, 44.261806488037202 ], [ 8.45514011383068, 44.262359619140703 ], [ 8.455415725707949, 44.262359619140703 ], [ 8.455415725707949, 44.262638092041101 ], [ 8.455971717834471, 44.262638092041101 ], [ 8.455971717834471, 44.262359619140703 ], [ 8.45625019073481, 44.262359619140703 ], [ 8.45625019073481, 44.262084960937599 ], [ 8.455971717834471, 44.262084960937599 ], [ 8.455971717834471, 44.261806488037202 ], [ 8.45569419860834, 44.261806488037202 ], [ 8.45569419860834, 44.261528015136797 ], [ 8.455971717834471, 44.261528015136797 ], [ 8.455971717834471, 44.260692596435597 ], [ 8.45625019073481, 44.260692596435597 ], [ 8.45625019073481, 44.260139465332003 ], [ 8.456527709960939, 44.260139465332003 ], [ 8.456527709960939, 44.259860992431598 ], [ 8.45680618286133, 44.259860992431598 ], [ 8.45680618286133, 44.258472442627102 ], [ 8.456527709960939, 44.258472442627102 ], [ 8.456527709960939, 44.258033752441399 ], [ 8.456527709960939, 44.257915496826101 ], [ 8.456453323364309, 44.257915496826101 ], [ 8.45625019073481, 44.257915496826101 ], [ 8.45625019073481, 44.257595062255902 ], [ 8.45625019073481, 44.257362365722699 ], [ 8.456101417541619, 44.257362365722699 ], [ 8.455971717834471, 44.257362365722699 ], [ 8.455971717834471, 44.257160186767599 ], [ 8.455971717834471, 44.257083892822301 ], [ 8.455415725707949, 44.257083892822301 ], [ 8.455415725707949, 44.256805419922003 ], [ 8.45514011383068, 44.256805419922003 ], [ 8.45514011383068, 44.2562484741212 ], [ 8.45485973358149, 44.2562484741212 ], [ 8.45485973358149, 44.255420684814602 ], [ 8.454305648803819, 44.255416870117202 ], [ 8.454305648803819, 44.255138397216903 ], [ 8.45402812957769, 44.255138397216903 ], [ 8.45402812957769, 44.254859924316499 ], [ 8.453749656677299, 44.254859924316499 ], [ 8.453749656677299, 44.254585266113303 ], [ 8.45347213745123, 44.254581451416101 ], [ 8.45347213745123, 44.254306793212898 ], [ 8.45319366455084, 44.254306793212898 ], [ 8.45319366455084, 44.2540283203125 ], [ 8.45291805267334, 44.2540283203125 ], [ 8.45291805267334, 44.253471374511697 ], [ 8.45263767242437, 44.253471374511697 ], [ 8.45263767242437, 44.2531929016113 ], [ 8.45236206054687, 44.2531929016113 ], [ 8.45236206054687, 44.252918243408303 ], [ 8.452083587646481, 44.252918243408303 ], [ 8.452083587646481, 44.252639770507898 ], [ 8.45152759552002, 44.252639770507898 ], [ 8.45152759552002, 44.2523612976075 ], [ 8.450971603393549, 44.2523612976075 ], [ 8.450971603393549, 44.252082824707102 ], [ 8.45041465759277, 44.252082824707102 ], [ 8.45041465759277, 44.251804351806598 ], [ 8.45013999938976, 44.251804351806598 ], [ 8.45013999938976, 44.251529693603601 ], [ 8.44902706146252, 44.2515258789062 ], [ 8.44902706146252, 44.251251220703203 ], [ 8.44874858856195, 44.251251220703203 ], [ 8.44874858856195, 44.250694274902401 ], [ 8.448471069336049, 44.250694274902401 ], [ 8.448471069336049, 44.250415802002102 ], [ 8.448196411132869, 44.250415802002102 ], [ 8.448196411132869, 44.249584197997997 ], [ 8.44791793823248, 44.249584197997997 ], [ 8.44791793823248, 44.249027252197301 ], [ 8.44763946533209, 44.249027252197301 ], [ 8.44763946533209, 44.2484741210937 ], [ 8.447360992431699, 44.2484741210937 ], [ 8.447360992431699, 44.248195648193402 ], [ 8.446805000305231, 44.248195648193402 ], [ 8.446805000305231, 44.247917175292997 ], [ 8.44652652740484, 44.247917175292997 ], [ 8.44652652740484, 44.247638702392599 ], [ 8.44597339630127, 44.247638702392599 ], [ 8.44597339630127, 44.2468070983888 ], [ 8.445693016052299, 44.2468070983888 ], [ 8.445693016052299, 44.246250152587997 ], [ 8.445138931274411, 44.246250152587997 ], [ 8.445138931274411, 44.245971679687599 ], [ 8.44486141204834, 44.245971679687599 ], [ 8.44486141204834, 44.244861602783303 ], [ 8.444582939147949, 44.244861602783303 ], [ 8.444582939147949, 44.244026184082102 ], [ 8.445138931274411, 44.244026184082102 ], [ 8.445138931274411, 44.243473052978501 ], [ 8.445417404174799, 44.243473052978501 ], [ 8.445417404174799, 44.242916107177798 ], [ 8.445693016052299, 44.242916107177798 ], [ 8.445693016052299, 44.2420845031738 ], [ 8.44597339630127, 44.2420845031738 ], [ 8.44597339630127, 44.241531372070398 ], [ 8.44624900817877, 44.241527557372997 ], [ 8.44624900817877, 44.240417480468899 ], [ 8.445224761962891, 44.240417480468899 ], [ 8.445138931274411, 44.240417480468899 ], [ 8.445138931274411, 44.240291595458999 ], [ 8.445138931274411, 44.240139007568501 ], [ 8.44503784179699, 44.240139007568501 ], [ 8.44486141204834, 44.240139007568501 ], [ 8.44486141204834, 44.239875793457102 ], [ 8.444582939147949, 44.239860534668097 ], [ 8.444582939147949, 44.239582061767699 ], [ 8.44430541992182, 44.239582061767699 ], [ 8.44430541992182, 44.239307403564503 ], [ 8.444026947021481, 44.239307403564503 ], [ 8.444026947021481, 44.238636016845803 ], [ 8.444026947021481, 44.238471984863303 ], [ 8.44391727447521, 44.238471984863303 ], [ 8.44375133514415, 44.238471984863303 ], [ 8.44375133514415, 44.238319396972798 ], [ 8.44375133514415, 44.238193511962898 ], [ 8.443470954894959, 44.238193511962898 ], [ 8.443470954894959, 44.237640380859403 ], [ 8.44319534301769, 44.237640380859403 ], [ 8.44319534301769, 44.237083435058601 ], [ 8.44263935089117, 44.237083435058601 ], [ 8.44263935089117, 44.236804962158203 ], [ 8.44041728973389, 44.236804962158203 ], [ 8.44041728973389, 44.237083435058601 ], [ 8.4384584426881, 44.237083435058601 ], [ 8.437083244323841, 44.237083435058601 ], [ 8.437083244323841, 44.236804962158203 ], [ 8.436250686645559, 44.236804962158203 ], [ 8.436250686645559, 44.236526489257898 ], [ 8.435416221618709, 44.236526489257898 ], [ 8.435416221618709, 44.236251831054801 ], [ 8.434860229492241, 44.236251831054801 ], [ 8.434860229492241, 44.235973358154197 ], [ 8.43402767181396, 44.235973358154197 ], [ 8.43402767181396, 44.2356948852538 ], [ 8.433194160461429, 44.2356948852538 ], [ 8.433194160461429, 44.235416412353501 ], [ 8.43235969543457, 44.235416412353501 ], [ 8.43235969543457, 44.235137939453097 ], [ 8.4320821762085, 44.235137939453097 ], [ 8.4320821762085, 44.234584808349702 ], [ 8.43180561065685, 44.234584808349702 ], [ 8.43180561065685, 44.234306335449297 ], [ 8.430972099304309, 44.234306335449297 ], [ 8.430972099304309, 44.234027862548899 ], [ 8.43041610717785, 44.234027862548899 ], [ 8.43041610717785, 44.233749389648601 ], [ 8.429862022399959, 44.233749389648601 ], [ 8.429862022399959, 44.233470916748203 ], [ 8.429306030273491, 44.233470916748203 ], [ 8.429306030273491, 44.233196258545 ], [ 8.4290275573731, 44.233196258545 ], [ 8.4290275573731, 44.232917785644602 ], [ 8.428750038146971, 44.232917785644602 ], [ 8.428750038146971, 44.232639312744197 ], [ 8.428471565246641, 44.232639312744197 ], [ 8.428471565246641, 44.2323608398438 ], [ 8.42819404602051, 44.2323608398438 ], [ 8.42819404602051, 44.232082366943402 ], [ 8.427639961242621, 44.232082366943402 ], [ 8.427639961242621, 44.231803894042997 ], [ 8.426527976989689, 44.231803894042997 ], [ 8.426527976989689, 44.231529235839801 ], [ 8.426250457763789, 44.231529235839801 ], [ 8.426250457763789, 44.231250762939503 ], [ 8.425694465637321, 44.231250762939503 ], [ 8.425694465637321, 44.230972290039098 ], [ 8.42541790008551, 44.230972290039098 ], [ 8.42541790008551, 44.2306938171387 ], [ 8.425138473510859, 44.2306938171387 ], [ 8.425138473510859, 44.230415344238303 ], [ 8.424584388732971, 44.230415344238303 ], [ 8.424584388732971, 44.230140686035298 ], [ 8.424305915832569, 44.230140686035298 ], [ 8.424305915832569, 44.229862213134901 ], [ 8.4240283966065, 44.229862213134901 ], [ 8.4240283966065, 44.229583740234297 ], [ 8.42374992370611, 44.229583740234297 ], [ 8.42374992370611, 44.229305267333899 ], [ 8.423195838928221, 44.229305267333899 ], [ 8.423195838928221, 44.229026794433601 ], [ 8.42263984680176, 44.229026794433601 ], [ 8.42263984680176, 44.228748321533203 ], [ 8.42236232757568, 44.228748321533203 ], [ 8.42236232757568, 44.228195190429801 ], [ 8.422083854675289, 44.228195190429801 ], [ 8.422083854675289, 44.227916717529403 ], [ 8.42152690887451, 44.227916717529403 ], [ 8.42152690887451, 44.227638244628999 ], [ 8.42097091674805, 44.227638244628999 ], [ 8.42097091674805, 44.227359771728601 ], [ 8.421249389648439, 44.227359771728601 ], [ 8.421249389648439, 44.227085113525398 ], [ 8.42097091674805, 44.227085113525398 ], [ 8.42097091674805, 44.226806640625099 ], [ 8.42027664184576, 44.226806640625099 ], [ 8.420139312744251, 44.226806640625099 ], [ 8.420139312744251, 44.226654052734403 ], [ 8.420139312744251, 44.226528167724702 ], [ 8.42002487182617, 44.226528167724702 ], [ 8.419583320617789, 44.226528167724702 ], [ 8.419583320617789, 44.226249694824297 ], [ 8.419304847717401, 44.226249694824297 ], [ 8.419304847717401, 44.225971221923899 ], [ 8.418473243713439, 44.225971221923899 ], [ 8.418473243713439, 44.225692749023501 ], [ 8.41819477081305, 44.225692749023501 ], [ 8.41819477081305, 44.225139617919901 ], [ 8.417917251586969, 44.225139617919901 ], [ 8.417917251586969, 44.224861145019503 ], [ 8.41736125946051, 44.224861145019503 ], [ 8.41736125946051, 44.224582672119098 ], [ 8.417082786560121, 44.224582672119098 ], [ 8.417082786560121, 44.2243041992188 ], [ 8.416805267333981, 44.2243041992188 ], [ 8.416805267333981, 44.223472595215 ], [ 8.416526794433651, 44.223472595215 ], [ 8.416526794433651, 44.222915649413999 ], [ 8.416251182556151, 44.222915649413999 ], [ 8.416251182556151, 44.222362518310597 ], [ 8.415970802307131, 44.222362518310597 ], [ 8.415970802307131, 44.220138549804702 ], [ 8.416251182556151, 44.220138549804702 ], [ 8.416251182556151, 44.219676971435597 ], [ 8.416251182556151, 44.219306945800803 ], [ 8.416526794433651, 44.219306945800803 ], [ 8.416526794433651, 44.21875 ], [ 8.416251182556151, 44.21875 ], [ 8.416251182556151, 44.218471527099602 ], [ 8.415970802307131, 44.218471527099602 ], [ 8.415970802307131, 44.218193054199197 ], [ 8.415695190429631, 44.218193054199197 ], [ 8.415695190429631, 44.217361450195398 ], [ 8.4154167175293, 44.217361450195398 ], [ 8.4154167175293, 44.216526031494098 ], [ 8.415695190429631, 44.216526031494098 ], [ 8.415695190429631, 44.216251373291101 ], [ 8.416251182556151, 44.216251373291101 ], [ 8.416251182556151, 44.215972900390703 ], [ 8.416526794433651, 44.215972900390703 ], [ 8.416526794433651, 44.21541595459 ], [ 8.416805267333981, 44.21541595459 ], [ 8.416805267333981, 44.214305877685597 ], [ 8.416958808898871, 44.214305877685597 ], [ 8.417082786560121, 44.214305877685597 ], [ 8.417082786560121, 44.213470458984403 ], [ 8.41736125946051, 44.213470458984403 ], [ 8.41736125946051, 44.2131958007812 ], [ 8.41763877868658, 44.2131958007812 ], [ 8.41763877868658, 44.212638854980497 ], [ 8.417917251586969, 44.212638854980497 ], [ 8.417917251586969, 44.212360382080099 ], [ 8.41819477081305, 44.212360382080099 ], [ 8.41819477081305, 44.212081909179702 ], [ 8.418473243713439, 44.212081909179702 ], [ 8.418473243713439, 44.211807250976698 ], [ 8.41874885559093, 44.211807250976698 ], [ 8.41874885559093, 44.207637786865298 ], [ 8.418473243713439, 44.207637786865298 ], [ 8.418473243713439, 44.206527709960902 ], [ 8.41819477081305, 44.206527709960902 ], [ 8.41819477081305, 44.206249237060497 ], [ 8.417917251586969, 44.206249237060497 ], [ 8.417917251586969, 44.205970764160199 ], [ 8.41763877868658, 44.205970764160199 ], [ 8.41763877868658, 44.205139160156399 ], [ 8.41748142242432, 44.205139160156399 ], [ 8.41736125946051, 44.205139160156399 ], [ 8.41736125946051, 44.204303741455199 ], [ 8.417082786560121, 44.204303741455199 ], [ 8.417082786560121, 44.202915191650398 ], [ 8.416805267333981, 44.202915191650398 ], [ 8.416805267333981, 44.202362060546903 ], [ 8.416526794433651, 44.202362060546903 ], [ 8.416526794433651, 44.202083587646499 ], [ 8.416805267333981, 44.202083587646499 ], [ 8.416805267333981, 44.201248168945398 ], [ 8.417082786560121, 44.201248168945398 ], [ 8.417082786560121, 44.200695037841697 ], [ 8.41763877868658, 44.200695037841697 ], [ 8.41763877868658, 44.200416564941399 ], [ 8.417917251586969, 44.200416564941399 ], [ 8.417917251586969, 44.200138092041001 ], [ 8.418473243713439, 44.200138092041001 ], [ 8.418473243713439, 44.199859619140597 ], [ 8.419583320617789, 44.199859619140597 ], [ 8.419583320617789, 44.199584960937599 ], [ 8.42041683197033, 44.199584960937599 ], [ 8.42041683197033, 44.199306488037202 ], [ 8.42097091674805, 44.199306488037202 ], [ 8.42097091674805, 44.199028015136797 ], [ 8.42263984680176, 44.199028015136797 ], [ 8.42263984680176, 44.198749542236399 ], [ 8.423195838928221, 44.198749542236399 ], [ 8.423195838928221, 44.198471069336101 ], [ 8.423472404480041, 44.198471069336101 ], [ 8.423472404480041, 44.198192596435703 ], [ 8.42374992370611, 44.198192596435703 ], [ 8.42374992370611, 44.1979179382325 ], [ 8.4240283966065, 44.1979179382325 ], [ 8.4240283966065, 44.197360992431697 ], [ 8.424305915832569, 44.197360992431697 ], [ 8.424305915832569, 44.1970825195313 ], [ 8.424584388732971, 44.1970825195313 ], [ 8.424584388732971, 44.1948432922363 ], [ 8.424584388732971, 44.194305419921797 ], [ 8.424305915832569, 44.194305419921797 ], [ 8.424305915832569, 44.194026947021499 ], [ 8.4240283966065, 44.194026947021499 ], [ 8.4240283966065, 44.193748474121101 ], [ 8.42374992370611, 44.193748474121101 ], [ 8.42374992370611, 44.193473815917997 ], [ 8.423472404480041, 44.193473815917997 ], [ 8.423472404480041, 44.192638397216903 ], [ 8.423195838928221, 44.192638397216903 ], [ 8.423195838928221, 44.192359924316499 ], [ 8.42263984680176, 44.192359924316499 ], [ 8.42263984680176, 44.192085266113303 ], [ 8.422083854675289, 44.192081451416101 ], [ 8.422083854675289, 44.191806793212898 ], [ 8.421249389648439, 44.191806793212898 ], [ 8.421249389648439, 44.191528320312599 ], [ 8.42097091674805, 44.191528320312599 ], [ 8.42097091674805, 44.191249847412202 ], [ 8.420693397521971, 44.191249847412202 ], [ 8.420693397521971, 44.190971374511797 ], [ 8.42041683197033, 44.190971374511797 ], [ 8.42041683197033, 44.191249847412202 ], [ 8.420139312744251, 44.191249847412202 ], [ 8.420139312744251, 44.190971374511797 ], [ 8.41986083984386, 44.190971374511797 ], [ 8.41986083984386, 44.190692901611399 ], [ 8.41736125946051, 44.190692901611399 ], [ 8.41736125946051, 44.190418243408203 ], [ 8.417082786560121, 44.190418243408203 ], [ 8.417082786560121, 44.190971374511797 ], [ 8.416805267333981, 44.190971374511797 ], [ 8.416805267333981, 44.190692901611399 ], [ 8.416526794433651, 44.190692901611399 ], [ 8.416526794433651, 44.190418243408203 ], [ 8.415970802307131, 44.190418243408203 ], [ 8.415970802307131, 44.190139770507798 ], [ 8.41581535339367, 44.190139770507798 ], [ 8.415695190429631, 44.190139770507798 ], [ 8.415695190429631, 44.189861297607401 ], [ 8.4154167175293, 44.189861297607401 ], [ 8.4154167175293, 44.189582824707003 ], [ 8.415139198303169, 44.189582824707003 ], [ 8.415139198303169, 44.189304351806598 ], [ 8.41347312927252, 44.189304351806598 ], [ 8.41347312927252, 44.189029693603601 ], [ 8.412917137146049, 44.1890258789062 ], [ 8.412917137146049, 44.188751220703203 ], [ 8.41236114501959, 44.188751220703203 ], [ 8.412082672119199, 44.188751220703203 ], [ 8.412082672119199, 44.188587188720803 ], [ 8.412082672119199, 44.188472747802798 ], [ 8.41189002990734, 44.188472747802798 ], [ 8.41180515289312, 44.188472747802798 ], [ 8.41180515289312, 44.188194274902301 ], [ 8.411526679992731, 44.188194274902301 ], [ 8.411526679992731, 44.187915802001903 ], [ 8.410943984985471, 44.187915802001903 ], [ 8.41069507598877, 44.187915802001903 ], [ 8.41069507598877, 44.1877670288087 ], [ 8.41069507598877, 44.187637329101598 ], [ 8.41047191619873, 44.187637329101598 ], [ 8.410139083862299, 44.187637329101598 ], [ 8.410139083862299, 44.1874389648437 ], [ 8.410139083862299, 44.187362670898501 ], [ 8.41000461578369, 44.187362670898501 ], [ 8.40958213806152, 44.187362670898501 ], [ 8.40958213806152, 44.187110900878899 ], [ 8.409306526184199, 44.187084197998097 ], [ 8.409306526184199, 44.1869506835938 ], [ 8.409306526184199, 44.186527252197401 ], [ 8.408750534057731, 44.186527252197401 ], [ 8.408750534057731, 44.186248779297003 ], [ 8.40847301483166, 44.186248779297003 ], [ 8.40847301483166, 44.1859741210937 ], [ 8.408193588256781, 44.1859741210937 ], [ 8.408193588256781, 44.185695648193402 ], [ 8.407916069030881, 44.185695648193402 ], [ 8.407916069030881, 44.185417175292997 ], [ 8.407637596130479, 44.185417175292997 ], [ 8.407637596130479, 44.185138702392599 ], [ 8.40708541870123, 44.185138702392599 ], [ 8.40708541870123, 44.183193206787102 ], [ 8.407360076904411, 44.183193206787102 ], [ 8.407360076904411, 44.182918548584098 ], [ 8.407637596130479, 44.182914733886697 ], [ 8.407637596130479, 44.1826400756837 ], [ 8.407916069030881, 44.1826400756837 ], [ 8.407916069030881, 44.182361602783303 ], [ 8.408193588256781, 44.182361602783303 ], [ 8.408193588256781, 44.182083129882898 ], [ 8.40847301483166, 44.182083129882898 ], [ 8.40847301483166, 44.181804656982401 ], [ 8.408193588256781, 44.181804656982401 ], [ 8.408193588256781, 44.181526184082003 ], [ 8.407637596130479, 44.181526184082003 ], [ 8.407637596130479, 44.180973052978601 ], [ 8.40708541870123, 44.180973052978601 ], [ 8.40708541870123, 44.180694580078203 ], [ 8.40625, 44.180694580078203 ], [ 8.40625, 44.180454254150497 ], [ 8.40402793884277, 44.180454254150497 ], [ 8.40402793884277, 44.180694580078203 ], [ 8.40264034271252, 44.180694580078203 ], [ 8.402638435363709, 44.180973052978601 ], [ 8.401528358459529, 44.180973052978601 ], [ 8.401528358459529, 44.180694580078203 ], [ 8.401249885559141, 44.180694580078203 ], [ 8.401249885559141, 44.180973052978601 ], [ 8.3979177474975, 44.180973052978601 ], [ 8.3979177474975, 44.181251525878999 ], [ 8.39513969421392, 44.181251525878999 ], [ 8.39513969421392, 44.180973052978601 ], [ 8.38847255706793, 44.180973052978601 ], [ 8.38847255706793, 44.180694580078203 ], [ 8.387083053588871, 44.180694580078203 ], [ 8.387083053588871, 44.180416107177798 ], [ 8.38680458068848, 44.180416107177798 ], [ 8.38680458068848, 44.180694580078203 ], [ 8.38458347320568, 44.180694580078203 ], [ 8.38458347320568, 44.180416107177798 ], [ 8.384026527404901, 44.180416107177798 ], [ 8.384026527404901, 44.1801376342775 ], [ 8.38347339630133, 44.1801376342775 ], [ 8.38347339630133, 44.179862976074197 ], [ 8.382638931274469, 44.179862976074197 ], [ 8.382638931274469, 44.1795845031738 ], [ 8.38208198547369, 44.1795845031738 ], [ 8.38208198547369, 44.179306030273501 ], [ 8.37958431243908, 44.179306030273501 ], [ 8.37958431243908, 44.179027557373097 ], [ 8.37902832031261, 44.179027557373097 ], [ 8.37902832031261, 44.178749084472699 ], [ 8.378472328186151, 44.178749084472699 ], [ 8.378472328186151, 44.178470611572301 ], [ 8.37569427490234, 44.178470611572301 ], [ 8.37569427490234, 44.178195953369098 ], [ 8.372362136840881, 44.178195953369098 ], [ 8.372362136840881, 44.1779174804688 ], [ 8.371806144714411, 44.1779174804688 ], [ 8.371806144714411, 44.177639007568402 ], [ 8.37152767181402, 44.177639007568402 ], [ 8.37152767181402, 44.177360534667997 ], [ 8.370694160461481, 44.177360534667997 ], [ 8.370694160461481, 44.177082061767599 ], [ 8.37041568756109, 44.177082061767599 ], [ 8.37041568756109, 44.177005767822401 ], [ 8.37041568756109, 44.1762504577638 ], [ 8.370694160461481, 44.1762504577638 ], [ 8.370694160461481, 44.175971984863402 ], [ 8.371250152587949, 44.175971984863402 ], [ 8.371250152587949, 44.175415039062401 ], [ 8.37208366394049, 44.175415039062401 ], [ 8.37208366394049, 44.175140380859403 ], [ 8.371806144714411, 44.175140380859403 ], [ 8.371806144714411, 44.174861907958999 ], [ 8.37152767181402, 44.174861907958999 ], [ 8.37152767181402, 44.174755096435497 ], [ 8.37152767181402, 44.174304962158303 ], [ 8.371250152587949, 44.174304962158303 ], [ 8.371250152587949, 44.174026489257898 ], [ 8.37097167968756, 44.174026489257898 ], [ 8.37097167968756, 44.173751831054702 ], [ 8.37041568756109, 44.173751831054702 ], [ 8.37041568756109, 44.173473358154297 ], [ 8.3698616027832, 44.173473358154297 ], [ 8.3698616027832, 44.173194885253899 ], [ 8.366526603698841, 44.173194885253899 ], [ 8.366526603698841, 44.172916412353601 ], [ 8.36569309234631, 44.172916412353601 ], [ 8.36569309234631, 44.173110961914198 ], [ 8.36569309234631, 44.173194885253899 ], [ 8.36458301544195, 44.173194885253899 ], [ 8.36458301544195, 44.172916412353601 ], [ 8.36402702331549, 44.172916412353601 ], [ 8.36402702331549, 44.172637939453203 ], [ 8.362360954284609, 44.172637939453203 ], [ 8.362360954284609, 44.172359466552798 ], [ 8.36124897003168, 44.172359466552798 ], [ 8.36124897003168, 44.172084808349503 ], [ 8.36097335815435, 44.172084808349503 ], [ 8.36097335815435, 44.171806335449197 ], [ 8.35736083984375, 44.171806335449197 ], [ 8.35736083984375, 44.1715278625488 ], [ 8.356526374816889, 44.1715278625488 ], [ 8.356526374816889, 44.171249389648402 ], [ 8.35625076293957, 44.171249389648402 ], [ 8.35625076293957, 44.170970916747997 ], [ 8.3556947708131, 44.170970916747997 ], [ 8.3556947708131, 44.170696258545 ], [ 8.355137825012321, 44.170696258545 ], [ 8.355137825012321, 44.170417785644602 ], [ 8.35486030578625, 44.170417785644602 ], [ 8.35486030578625, 44.170139312744297 ], [ 8.35069370269775, 44.170139312744297 ], [ 8.35069370269775, 44.169860839843899 ], [ 8.3493061065675, 44.169860839843899 ], [ 8.3493061065675, 44.169582366943501 ], [ 8.348471641540639, 44.169582366943501 ], [ 8.348471641540639, 44.169303894043097 ], [ 8.347640037536619, 44.169303894043097 ], [ 8.347640037536619, 44.169029235839901 ], [ 8.34652805328369, 44.169029235839901 ], [ 8.34652805328369, 44.168750762939503 ], [ 8.345417976379339, 44.168750762939503 ], [ 8.345417976379339, 44.168472290039098 ], [ 8.344584465026969, 44.168472290039098 ], [ 8.344584465026969, 44.1681938171387 ], [ 8.344028472900501, 44.1681938171387 ], [ 8.344028472900501, 44.167915344238303 ], [ 8.34375, 44.167915344238303 ], [ 8.34375, 44.167640686035199 ], [ 8.343194007873651, 44.167640686035199 ], [ 8.343194007873651, 44.167362213134801 ], [ 8.34263992309576, 44.167362213134801 ], [ 8.34263992309576, 44.167083740234403 ], [ 8.341806411743219, 44.167083740234403 ], [ 8.341806411743219, 44.166805267333999 ], [ 8.34124946594244, 44.166805267333999 ], [ 8.34124946594244, 44.1665267944337 ], [ 8.340693473815969, 44.1665267944337 ], [ 8.340693473815969, 44.166248321533303 ], [ 8.34041786193848, 44.166248321533303 ], [ 8.34041786193848, 44.16597366333 ], [ 8.33986091613769, 44.16597366333 ], [ 8.33986091613769, 44.165695190429602 ], [ 8.33930492401123, 44.165695190429602 ], [ 8.33930492401123, 44.165451049804801 ], [ 8.33919143676763, 44.165443420410298 ], [ 8.338748931884769, 44.165416717529297 ], [ 8.338748931884769, 44.165279388427699 ], [ 8.338748931884769, 44.165138244628899 ], [ 8.3382997512818, 44.165138244628899 ], [ 8.338194847107051, 44.165138244628899 ], [ 8.338194847107051, 44.164859771728501 ], [ 8.33791732788097, 44.164859771728501 ], [ 8.33791732788097, 44.164306640625099 ], [ 8.337638854980581, 44.164306640625099 ], [ 8.337638854980581, 44.164028167724702 ], [ 8.33736133575451, 44.164028167724702 ], [ 8.33736133575451, 44.163749694824297 ], [ 8.337082862854119, 44.163749694824297 ], [ 8.337082862854119, 44.163192749023601 ], [ 8.33680534362799, 44.163192749023601 ], [ 8.33680534362799, 44.162082672119197 ], [ 8.335970878601129, 44.162082672119197 ], [ 8.335970878601129, 44.1618041992188 ], [ 8.335695266723629, 44.1618041992188 ], [ 8.335695266723629, 44.161529541015597 ], [ 8.335416793823301, 44.161529541015597 ], [ 8.335416793823301, 44.161251068115199 ], [ 8.333194732665961, 44.161251068115199 ], [ 8.333194732665961, 44.160972595214801 ], [ 8.3320827484132, 44.160972595214801 ], [ 8.3320827484132, 44.161251068115199 ], [ 8.330972671508849, 44.161251068115199 ], [ 8.330972671508849, 44.160972595214801 ], [ 8.32986068725592, 44.160972595214801 ], [ 8.32986068725592, 44.160694122314503 ], [ 8.32763767242432, 44.160694122314503 ], [ 8.32763767242432, 44.160415649414098 ], [ 8.325694084167591, 44.160415649414098 ], [ 8.325694084167591, 44.1601371765137 ], [ 8.325138092041129, 44.1601371765137 ], [ 8.325138092041129, 44.159862518310703 ], [ 8.324593544006349, 44.159862518310703 ], [ 8.32430553436285, 44.159862518310703 ], [ 8.32430553436285, 44.1601371765137 ], [ 8.32319355010992, 44.1601371765137 ], [ 8.32319355010992, 44.159862518310703 ], [ 8.322637557983461, 44.159862518310703 ], [ 8.322637557983461, 44.159584045410099 ], [ 8.32208442687983, 44.159584045410099 ], [ 8.32208442687983, 44.159305572509702 ], [ 8.319631576538139, 44.159305572509702 ], [ 8.318471908569389, 44.159305572509702 ], [ 8.318471908569389, 44.159027099609403 ], [ 8.317361831665041, 44.159027099609403 ], [ 8.317361831665041, 44.158748626708999 ], [ 8.31513977050793, 44.158748626708999 ], [ 8.31513977050793, 44.158473968505902 ], [ 8.313749313354609, 44.158473968505902 ], [ 8.313749313354609, 44.158195495605597 ], [ 8.31291675567633, 44.158195495605597 ], [ 8.31291675567633, 44.157917022705199 ], [ 8.312083244323791, 44.157917022705199 ], [ 8.312083244323791, 44.157638549804801 ], [ 8.310694694519039, 44.157638549804801 ], [ 8.310694694519039, 44.157360076904403 ], [ 8.310417175292971, 44.157360076904403 ], [ 8.310417175292971, 44.157081604003999 ], [ 8.30902671813959, 44.157081604003999 ], [ 8.30902671813959, 44.156806945800803 ], [ 8.30736064910894, 44.156806945800803 ], [ 8.30736064910894, 44.156528472900398 ], [ 8.30513858795166, 44.156528472900398 ], [ 8.30513858795166, 44.15625 ], [ 8.305032730102599, 44.15625 ], [ 8.304582595825201, 44.15625 ], [ 8.304582595825201, 44.155971527099702 ], [ 8.30263900756847, 44.155971527099702 ], [ 8.30263900756847, 44.155693054199297 ], [ 8.301803588867299, 44.155693054199297 ], [ 8.301803588867299, 44.155418395996101 ], [ 8.300972938537649, 44.155418395996101 ], [ 8.300972938537649, 44.155139923095703 ], [ 8.30041599273687, 44.155139923095703 ], [ 8.30041599273687, 44.154861450195298 ], [ 8.29958534240717, 44.154861450195298 ], [ 8.29958534240717, 44.154582977294901 ], [ 8.29819393157959, 44.154582977294901 ], [ 8.29819393157959, 44.154304504394503 ], [ 8.297362327575801, 44.154304504394503 ], [ 8.297362327575801, 44.154026031494098 ], [ 8.29652786254894, 44.154026031494098 ], [ 8.29652786254894, 44.153751373291101 ], [ 8.295694351196349, 44.153751373291101 ], [ 8.295694351196349, 44.153472900390703 ], [ 8.29485988616949, 44.153472900390703 ], [ 8.29485988616949, 44.153194427490199 ], [ 8.2943058013916, 44.153194427490199 ], [ 8.2943058013916, 44.152915954589801 ], [ 8.29374980926514, 44.152915954589801 ], [ 8.29374980926514, 44.152637481689503 ], [ 8.29319381713867, 44.152637481689503 ], [ 8.29319381713867, 44.152362823486399 ], [ 8.292362213134879, 44.152362823486399 ], [ 8.292362213134879, 44.152084350586001 ], [ 8.291806221008409, 44.152084350586001 ], [ 8.291806221008409, 44.151805877685703 ], [ 8.29152774810802, 44.151805877685703 ], [ 8.29152774810802, 44.151527404785298 ], [ 8.29125022888195, 44.151527404785298 ], [ 8.29125022888195, 44.150970458984503 ], [ 8.289584159851129, 44.150970458984503 ], [ 8.289584159851129, 44.1506958007813 ], [ 8.28847122192388, 44.1506958007813 ], [ 8.28847122192388, 44.150417327880902 ], [ 8.28819561004639, 44.150417327880902 ], [ 8.28819561004639, 44.150138854980497 ], [ 8.287918090820311, 44.150138854980497 ], [ 8.28791522979742, 44.149581909179702 ], [ 8.28763961791992, 44.149581909179702 ], [ 8.28763961791992, 44.149307250976598 ], [ 8.287362098693849, 44.149307250976598 ], [ 8.287362098693849, 44.1490287780762 ], [ 8.287082672119141, 44.1490287780762 ], [ 8.287082672119141, 44.148193359375 ], [ 8.28680515289307, 44.148193359375 ], [ 8.28680515289307, 44.148471832275398 ], [ 8.28513908386242, 44.148471832275398 ], [ 8.28513908386242, 44.148193359375 ], [ 8.28486061096203, 44.148193359375 ], [ 8.28486061096203, 44.147914886474602 ], [ 8.28458309173595, 44.147914886474602 ], [ 8.28458309173595, 44.147640228271598 ], [ 8.2837486267091, 44.147640228271598 ], [ 8.2837486267091, 44.1473617553712 ], [ 8.282638549804741, 44.1473617553712 ], [ 8.282638549804741, 44.147083282470803 ], [ 8.28236103057861, 44.147083282470803 ], [ 8.28236103057861, 44.146804809570298 ], [ 8.282082557678279, 44.146804809570298 ], [ 8.282082557678279, 44.146526336669901 ], [ 8.28180503845215, 44.146526336669901 ], [ 8.28180503845215, 44.145973205566499 ], [ 8.28152656555176, 44.145973205566499 ], [ 8.28152656555176, 44.145694732666101 ], [ 8.28124904632568, 44.145694732666101 ], [ 8.28124904632568, 44.145416259765703 ], [ 8.27930545806896, 44.145416259765703 ], [ 8.27930545806896, 44.145137786865298 ], [ 8.278751373291071, 44.145137786865298 ], [ 8.278751373291071, 44.144859313965 ], [ 8.27847290039068, 44.144859313965 ], [ 8.27847290039068, 44.144584655761697 ], [ 8.278195381164609, 44.144584655761697 ], [ 8.278195381164609, 44.144306182861399 ], [ 8.277639389038139, 44.144306182861399 ], [ 8.277639389038139, 44.144027709961001 ], [ 8.27708339691168, 44.144027709961001 ], [ 8.27708339691168, 44.143749237060597 ], [ 8.27680683135986, 44.143749237060597 ], [ 8.27680683135986, 44.143196105957003 ], [ 8.275973320007321, 44.143196105957003 ], [ 8.275973320007321, 44.143470764160199 ], [ 8.275417327880859, 44.143470764160199 ], [ 8.275417327880859, 44.143196105957003 ], [ 8.275138854980471, 44.143196105957003 ], [ 8.275138854980471, 44.142917633056598 ], [ 8.274581909179689, 44.142917633056598 ], [ 8.274581909179689, 44.1426391601562 ], [ 8.274028778076289, 44.1426391601562 ], [ 8.274028778076289, 44.142360687255902 ], [ 8.273471832275501, 44.142360687255902 ], [ 8.273471832275501, 44.142082214355497 ], [ 8.27319431304943, 44.142082214355497 ], [ 8.27319431304943, 44.141803741455099 ], [ 8.272638320922971, 44.141803741455099 ], [ 8.272638320922971, 44.141529083252102 ], [ 8.272359848022569, 44.141529083252102 ], [ 8.272359848022569, 44.141250610351698 ], [ 8.2720823287965, 44.141250610351698 ], [ 8.2720823287965, 44.1409721374513 ], [ 8.27152824401861, 44.1409721374513 ], [ 8.27152824401861, 44.140693664550902 ], [ 8.271249771118219, 44.140693664550902 ], [ 8.271249771118219, 44.140415191650298 ], [ 8.27097225189215, 44.140415191650298 ], [ 8.27097225189215, 44.140140533447301 ], [ 8.27069377899176, 44.140140533447301 ], [ 8.27069377899176, 44.140056610107401 ], [ 8.27069377899176, 44.139583587646499 ], [ 8.270137786865289, 44.139583587646499 ], [ 8.270137786865289, 44.1393051147462 ], [ 8.269862174987789, 44.1393051147462 ], [ 8.269862174987789, 44.139026641845803 ], [ 8.26930618286127, 44.139026641845803 ], [ 8.26930618286127, 44.138748168945398 ], [ 8.269027709960939, 44.138748168945398 ], [ 8.269027709960939, 44.138473510742202 ], [ 8.26875019073481, 44.138473510742202 ], [ 8.26875019073481, 44.138195037841797 ], [ 8.26819419860834, 44.138195037841797 ], [ 8.26819419860834, 44.137916564941499 ], [ 8.267915725707949, 44.137916564941499 ], [ 8.267915725707949, 44.137359619140703 ], [ 8.26764011383062, 44.137359619140703 ], [ 8.26764011383062, 44.137084960937401 ], [ 8.26735973358149, 44.137084960937401 ], [ 8.26735973358149, 44.136806488037102 ], [ 8.26708412170416, 44.136806488037102 ], [ 8.26708412170416, 44.136528015136697 ], [ 8.26680564880377, 44.136528015136697 ], [ 8.26680564880377, 44.135971069335902 ], [ 8.26652812957769, 44.135971069335902 ], [ 8.26652812957769, 44.135692596435497 ], [ 8.266249656677299, 44.135692596435497 ], [ 8.266249656677299, 44.1354179382325 ], [ 8.26597213745123, 44.1354179382325 ], [ 8.26597213745123, 44.135139465332102 ], [ 8.26541805267334, 44.135139465332102 ], [ 8.26541805267334, 44.134860992431797 ], [ 8.26521682739263, 44.134860992431797 ], [ 8.26513767242437, 44.134860992431797 ], [ 8.26513767242437, 44.134773254394602 ], [ 8.26513767242437, 44.133750915527401 ], [ 8.26486206054688, 44.133750915527401 ], [ 8.26486206054688, 44.133193969726598 ], [ 8.264583587646481, 44.133193969726598 ], [ 8.264583587646481, 44.1329154968262 ], [ 8.26430606842041, 44.1329154968262 ], [ 8.26430606842041, 44.132392883300803 ], [ 8.26486206054688, 44.132362365722699 ], [ 8.26486206054688, 44.132637023925902 ], [ 8.26597213745123, 44.132637023925902 ], [ 8.26597213745123, 44.1329154968262 ], [ 8.26652812957769, 44.1329154968262 ], [ 8.26652812957769, 44.132637023925902 ], [ 8.26680564880377, 44.132637023925902 ], [ 8.26680564880377, 44.131805419921903 ], [ 8.26725482940674, 44.131805419921903 ], [ 8.26735973358149, 44.131805419921903 ], [ 8.26735973358149, 44.13191986084 ], [ 8.26735973358149, 44.132083892822301 ], [ 8.26751041412348, 44.132083892822301 ], [ 8.26875019073481, 44.132083892822301 ], [ 8.26875019073481, 44.132362365722699 ], [ 8.269027709960939, 44.132362365722699 ], [ 8.269027709960939, 44.132637023925902 ], [ 8.26930618286127, 44.132637023925902 ], [ 8.26930618286127, 44.1329154968262 ], [ 8.269583702087401, 44.1329154968262 ], [ 8.269583702087401, 44.133193969726598 ], [ 8.269862174987789, 44.133193969726598 ], [ 8.269862174987789, 44.133472442627003 ], [ 8.270137786865289, 44.133472442627003 ], [ 8.270137786865289, 44.133750915527401 ], [ 8.27041625976562, 44.133750915527401 ], [ 8.27041625976562, 44.134029388427798 ], [ 8.27069377899176, 44.134029388427798 ], [ 8.27069377899176, 44.134582519531399 ], [ 8.27097225189215, 44.134582519531399 ], [ 8.27097225189215, 44.135139465332102 ], [ 8.271249771118219, 44.135139465332102 ], [ 8.271249771118219, 44.135692596435497 ], [ 8.272359848022569, 44.135692596435497 ], [ 8.272359848022569, 44.1354179382325 ], [ 8.2720823287965, 44.1354179382325 ], [ 8.2720823287965, 44.134582519531399 ], [ 8.271805763244689, 44.134582519531399 ], [ 8.271805763244689, 44.134029388427798 ], [ 8.27152824401861, 44.134029388427798 ], [ 8.27152824401861, 44.133472442627003 ], [ 8.271249771118219, 44.133472442627003 ], [ 8.271249771118219, 44.1329154968262 ], [ 8.27097225189215, 44.1329154968262 ], [ 8.27097225189215, 44.132362365722699 ], [ 8.27069377899176, 44.132362365722699 ], [ 8.27069377899176, 44.132083892822301 ], [ 8.27041625976562, 44.132083892822301 ], [ 8.27041625976562, 44.131805419921903 ], [ 8.270137786865289, 44.131805419921903 ], [ 8.270137786865289, 44.131526947021499 ], [ 8.269862174987789, 44.131526947021499 ], [ 8.269862174987789, 44.1312484741212 ], [ 8.269027709960939, 44.1312484741212 ], [ 8.269027709960939, 44.130973815917898 ], [ 8.26819419860834, 44.130973815917898 ], [ 8.26819419860834, 44.1306953430175 ], [ 8.26652812957769, 44.1306953430175 ], [ 8.26649379730236, 44.130973815917898 ], [ 8.26597213745123, 44.130973815917898 ], [ 8.26597213745123, 44.1306953430175 ], [ 8.26430606842041, 44.1306953430175 ], [ 8.26430606842041, 44.130416870117202 ], [ 8.26416587829601, 44.130416870117202 ], [ 8.26402759552002, 44.130416870117202 ], [ 8.26402759552002, 44.130138397216797 ], [ 8.263750076293951, 44.130138397216797 ], [ 8.263750076293951, 44.129646301269503 ], [ 8.263750076293951, 44.129306793212997 ], [ 8.26402759552002, 44.129306793212997 ], [ 8.26402759552002, 44.128471374511797 ], [ 8.263471603393549, 44.128471374511797 ], [ 8.263471603393549, 44.128192901611399 ], [ 8.26291561126709, 44.128192901611399 ], [ 8.26291561126709, 44.127918243408303 ], [ 8.26263999938976, 44.127918243408303 ], [ 8.26263999938976, 44.127639770507898 ], [ 8.26236152648937, 44.127639770507898 ], [ 8.26236152648937, 44.1273612976075 ], [ 8.262084007263301, 44.1273612976075 ], [ 8.262084007263301, 44.127082824707102 ], [ 8.261528015136831, 44.127082824707102 ], [ 8.261528015136831, 44.126804351806697 ], [ 8.261248588562131, 44.126804351806697 ], [ 8.261248588562131, 44.126529693603501 ], [ 8.260971069336049, 44.1265258789063 ], [ 8.260971069336049, 44.126251220703097 ], [ 8.260696411132869, 44.126251220703097 ], [ 8.260696411132869, 44.125972747802699 ], [ 8.26022911071777, 44.125972747802699 ], [ 8.259860992431699, 44.125972747802699 ], [ 8.259860992431699, 44.125694274902301 ], [ 8.25958347320562, 44.125694274902301 ], [ 8.25958347320562, 44.125415802002003 ], [ 8.259305000305231, 44.125415802002003 ], [ 8.259305000305231, 44.125141143798899 ], [ 8.25902652740484, 44.125137329101598 ], [ 8.25902652740484, 44.124893188476598 ], [ 8.25874900817877, 44.124862670898601 ], [ 8.25874900817877, 44.124641418457102 ], [ 8.25868415832525, 44.124584197997997 ], [ 8.25847339630127, 44.124584197997997 ], [ 8.25847339630127, 44.124397277832102 ], [ 8.25847339630127, 44.124305725097599 ], [ 8.258372306823841, 44.124305725097599 ], [ 8.258193016052299, 44.124305725097599 ], [ 8.258193016052299, 44.1241455078125 ], [ 8.258193016052299, 44.124027252197301 ], [ 8.25806331634533, 44.124027252197301 ], [ 8.257917404174799, 44.124027252197301 ], [ 8.257917404174799, 44.123897552490298 ], [ 8.257917404174799, 44.1234741210938 ], [ 8.257638931274411, 44.1234741210938 ], [ 8.257638931274411, 44.122638702392699 ], [ 8.257082939147949, 44.122638702392699 ], [ 8.257082939147949, 44.122360229492301 ], [ 8.25625133514416, 44.122360229492301 ], [ 8.25625133514416, 44.122081756591903 ], [ 8.255970954894959, 44.122081756591903 ], [ 8.255970954894959, 44.121528625488303 ], [ 8.25569534301763, 44.121528625488303 ], [ 8.25569534301763, 44.121250152587898 ], [ 8.255416870117299, 44.121250152587898 ], [ 8.255416870117299, 44.1209716796875 ], [ 8.254860877990779, 44.1209716796875 ], [ 8.254860877990779, 44.120693206787202 ], [ 8.254304885864309, 44.120693206787202 ], [ 8.254304885864309, 44.120418548583999 ], [ 8.25402736663824, 44.120418548583999 ], [ 8.25402736663824, 44.120140075683601 ], [ 8.25356960296631, 44.120140075683601 ], [ 8.25347328186035, 44.120140075683601 ], [ 8.25347328186035, 44.120067596435497 ], [ 8.25347328186035, 44.119861602783203 ], [ 8.253194808959959, 44.119861602783203 ], [ 8.253194808959959, 44.119583129882798 ], [ 8.25291728973389, 44.119583129882798 ], [ 8.25291728973389, 44.119304656982401 ], [ 8.2526388168335, 44.119304656982401 ], [ 8.2526388168335, 44.119026184082003 ], [ 8.25236129760742, 44.119026184082003 ], [ 8.25236129760742, 44.118751525878999 ], [ 8.252082824707029, 44.118751525878999 ], [ 8.252082824707029, 44.118473052978601 ], [ 8.25152683258057, 44.118473052978601 ], [ 8.25152683258057, 44.118194580078097 ], [ 8.25125122070324, 44.118194580078097 ], [ 8.25125122070324, 44.117916107177699 ], [ 8.25097274780285, 44.117916107177699 ], [ 8.25097274780285, 44.117637634277301 ], [ 8.25069522857677, 44.117637634277301 ], [ 8.25069522857677, 44.117362976074297 ], [ 8.25041675567638, 44.117362976074297 ], [ 8.25041675567638, 44.117084503173899 ], [ 8.250139236450311, 44.117084503173899 ], [ 8.250139236450311, 44.116249084472798 ], [ 8.249583244323841, 44.116249084472798 ], [ 8.249583244323841, 44.115970611572401 ], [ 8.249306678772029, 44.115970611572401 ], [ 8.249306678772029, 44.115695953369197 ], [ 8.24863338470459, 44.115695953369197 ], [ 8.2481946945191, 44.115695953369197 ], [ 8.2481946945191, 44.1154174804688 ], [ 8.247917175293029, 44.1154174804688 ], [ 8.247917175293029, 44.1148071289062 ], [ 8.247917175293029, 44.114307403564503 ], [ 8.24751663208019, 44.114307403564503 ], [ 8.247360229492241, 44.114307403564503 ], [ 8.247360229492241, 44.114112854003999 ], [ 8.247360229492241, 44.1137504577637 ], [ 8.24708461761475, 44.1137504577637 ], [ 8.24708461761475, 44.113193511962898 ], [ 8.246804237365779, 44.113193511962898 ], [ 8.246804237365779, 44.111526489257699 ], [ 8.246528625488279, 44.111526489257699 ], [ 8.246528625488279, 44.110973358154403 ], [ 8.246250152587891, 44.110973358154403 ], [ 8.246250152587891, 44.110416412353601 ], [ 8.24541568756104, 44.110416412353601 ], [ 8.24541568756104, 44.110137939453203 ], [ 8.244582176208439, 44.110137939453203 ], [ 8.244582176208439, 44.109859466552798 ], [ 8.24430561065685, 44.109859466552798 ], [ 8.24430561065685, 44.109584808349602 ], [ 8.243749618530391, 44.109584808349602 ], [ 8.243749618530391, 44.109306335449297 ], [ 8.243472099304309, 44.109306335449297 ], [ 8.243472099304309, 44.108749389648501 ], [ 8.243193626403921, 44.108749389648501 ], [ 8.243193626403921, 44.108470916748097 ], [ 8.242916107177789, 44.108470916748097 ], [ 8.242916107177789, 44.107917785644503 ], [ 8.242637634277459, 44.107917785644503 ], [ 8.242637634277459, 44.107639312744098 ], [ 8.24236011505133, 44.107639312744098 ], [ 8.24236011505133, 44.1073608398438 ], [ 8.24208354949957, 44.1073608398438 ], [ 8.24208354949957, 44.107082366943402 ], [ 8.241806030273439, 44.107082366943402 ], [ 8.241806030273439, 44.106803894042997 ], [ 8.2415275573731, 44.106803894042997 ], [ 8.2415275573731, 44.106250762939602 ], [ 8.241250038146971, 44.106250762939602 ], [ 8.241250038146971, 44.105972290039198 ], [ 8.24097156524658, 44.105972290039198 ], [ 8.24097156524658, 44.1056938171388 ], [ 8.24069404602051, 44.1056938171388 ], [ 8.24069404602051, 44.105415344238203 ], [ 8.240415573120121, 44.105415344238203 ], [ 8.240415573120121, 44.104583740234403 ], [ 8.240139961242621, 44.104583740234403 ], [ 8.240139961242621, 44.104305267333999 ], [ 8.23986244201671, 44.104305267333999 ], [ 8.23986244201671, 44.1040267944337 ], [ 8.239583969116151, 44.1040267944337 ], [ 8.239583969116151, 44.103748321533303 ], [ 8.23930644989025, 44.103748321533303 ], [ 8.23930644989025, 44.103473663330099 ], [ 8.23902797698986, 44.103473663330099 ], [ 8.23902797698986, 44.103195190429702 ], [ 8.238750457763789, 44.103195190429702 ], [ 8.238750457763789, 44.102958679199197 ], [ 8.23847198486339, 44.102916717529403 ], [ 8.23847198486339, 44.102638244628999 ], [ 8.238194465637321, 44.102638244628999 ], [ 8.238194465637321, 44.102359771728601 ], [ 8.238063812255859, 44.102359771728601 ], [ 8.23791790008551, 44.102359771728601 ], [ 8.23791790008551, 44.102115631103501 ], [ 8.237638473510859, 44.102085113525298 ], [ 8.237638473510859, 44.101650238037202 ], [ 8.237638473510859, 44.101249694824197 ], [ 8.237361907959039, 44.101249694824197 ], [ 8.237361907959039, 44.1009712219238 ], [ 8.23723125457758, 44.1009712219238 ], [ 8.237084388732971, 44.1009712219238 ], [ 8.237084388732971, 44.100719451904403 ], [ 8.237084388732971, 44.10013961792 ], [ 8.237361907959039, 44.10013961792 ], [ 8.237361907959039, 44.099582672119197 ], [ 8.237084388732971, 44.099582672119197 ], [ 8.237084388732971, 44.099029541015703 ], [ 8.23680591583258, 44.099029541015703 ], [ 8.23680591583258, 44.098751068115298 ], [ 8.2365283966065, 44.098751068115298 ], [ 8.2365283966065, 44.098472595214901 ], [ 8.23624992370611, 44.098472595214901 ], [ 8.23624992370611, 44.098194122314503 ], [ 8.235972404480041, 44.098194122314503 ], [ 8.235972404480041, 44.097915649414098 ], [ 8.235695838928221, 44.097915649414098 ], [ 8.235695838928221, 44.0976371765138 ], [ 8.23541545867926, 44.0976371765138 ], [ 8.23541545867926, 44.097362518310497 ], [ 8.23513984680176, 44.097362518310497 ], [ 8.23513984680176, 44.097084045410199 ], [ 8.234965324401861, 44.097084045410199 ], [ 8.23486232757568, 44.097084045410199 ], [ 8.23486232757568, 44.096908569336001 ], [ 8.23486232757568, 44.095695495605398 ], [ 8.234583854675289, 44.095695495605398 ], [ 8.234583854675289, 44.095138549804702 ], [ 8.23430633544916, 44.095138549804702 ], [ 8.23430633544916, 44.094860076904297 ], [ 8.23402690887451, 44.094860076904297 ], [ 8.23402690887451, 44.094581604003899 ], [ 8.233749389648439, 44.094581604003899 ], [ 8.233749389648439, 44.094028472900497 ], [ 8.23347091674805, 44.094028472900497 ], [ 8.23347091674805, 44.09375 ], [ 8.2330198287965, 44.09375 ], [ 8.23291778564464, 44.09375 ], [ 8.23291778564464, 44.093574523925902 ], [ 8.23291778564464, 44.093471527099702 ], [ 8.232639312744251, 44.093471527099702 ], [ 8.232639312744251, 44.093040466308601 ], [ 8.232639312744251, 44.0929183959962 ], [ 8.23236083984386, 44.0929183959962 ], [ 8.23236083984386, 44.092639923095803 ], [ 8.232083320617789, 44.092639923095803 ], [ 8.232083320617789, 44.092082977295 ], [ 8.231804847717401, 44.092082977295 ], [ 8.231804847717401, 44.091804504394602 ], [ 8.231527328491319, 44.091804504394602 ], [ 8.231527328491319, 44.091526031494197 ], [ 8.23124885559093, 44.091526031494197 ], [ 8.23124885559093, 44.090972900390597 ], [ 8.230973243713439, 44.090972900390597 ], [ 8.230973243713439, 44.089351654052699 ], [ 8.23069477081305, 44.089305877685497 ], [ 8.23069477081305, 44.088733673095597 ], [ 8.23069477081305, 44.088470458984403 ], [ 8.230575561523491, 44.088470458984403 ], [ 8.230417251586969, 44.088470458984403 ], [ 8.230417251586969, 44.088119506835902 ], [ 8.230417251586969, 44.087917327881001 ], [ 8.230325698852649, 44.087917327881001 ], [ 8.23013877868658, 44.087917327881001 ], [ 8.23013877868658, 44.087638854980597 ], [ 8.229861259460449, 44.087638854980597 ], [ 8.229861259460449, 44.087081909179801 ], [ 8.229582786560121, 44.087081909179801 ], [ 8.229582786560121, 44.0865287780762 ], [ 8.229305267333981, 44.0865287780762 ], [ 8.229305267333981, 44.0853080749512 ], [ 8.229305267333981, 44.085140228271499 ], [ 8.22902679443359, 44.085140228271499 ], [ 8.22902679443359, 44.084583282470703 ], [ 8.228751182556101, 44.084583282470703 ], [ 8.228751182556101, 44.084026336669901 ], [ 8.228470802307131, 44.084026336669901 ], [ 8.228470802307131, 44.083015441894602 ], [ 8.228470802307131, 44.082637786865199 ], [ 8.22833347320562, 44.082637786865199 ], [ 8.228195190429631, 44.082637786865199 ], [ 8.228195190429631, 44.0822563171387 ], [ 8.228195190429631, 44.081806182861399 ], [ 8.228031158447321, 44.081806182861399 ], [ 8.22791671752924, 44.081806182861399 ], [ 8.22791671752924, 44.081493377685497 ], [ 8.22791671752924, 44.081249237060703 ], [ 8.227828025817869, 44.081249237060703 ], [ 8.227639198303169, 44.081249237060703 ], [ 8.227639198303169, 44.080696105957102 ], [ 8.227360725402781, 44.080696105957102 ], [ 8.227360725402781, 44.080417633056697 ], [ 8.22708320617687, 44.080417633056697 ], [ 8.22708320617687, 44.079860687255902 ], [ 8.22680473327631, 44.079860687255902 ], [ 8.22680473327631, 44.079029083252003 ], [ 8.226529121398981, 44.079029083252003 ], [ 8.226529121398981, 44.077362060547003 ], [ 8.22680473327631, 44.077362060547003 ], [ 8.22680473327631, 44.075973510742202 ], [ 8.226529121398981, 44.075973510742202 ], [ 8.226529121398981, 44.073471069336001 ], [ 8.22624874115002, 44.073471069336001 ], [ 8.22624874115002, 44.073398590087898 ], [ 8.22624874115002, 44.0720825195312 ], [ 8.22597312927252, 44.0720825195312 ], [ 8.22597312927252, 44.070415496826101 ], [ 8.225694656372131, 44.070415496826101 ], [ 8.225694656372131, 44.069305419921903 ], [ 8.225417137146049, 44.069305419921903 ], [ 8.225417137146049, 44.0665283203125 ], [ 8.225694656372131, 44.0665283203125 ], [ 8.225694656372131, 44.066249847412102 ], [ 8.225417137146049, 44.066249847412102 ], [ 8.225417137146049, 44.063472747802798 ], [ 8.225694656372131, 44.063472747802798 ], [ 8.225694656372131, 44.059581756591797 ], [ 8.22597312927252, 44.059581756591797 ], [ 8.22597312927252, 44.056526184082102 ], [ 8.22624874115002, 44.056526184082102 ], [ 8.22624874115002, 44.056251525878899 ], [ 8.22597312927252, 44.056251525878899 ], [ 8.22597312927252, 44.055416107177699 ], [ 8.22624874115002, 44.055416107177699 ], [ 8.22624874115002, 44.052082061767699 ], [ 8.226529121398981, 44.052082061767699 ], [ 8.226529121398981, 44.050415039062599 ], [ 8.22624874115002, 44.050415039062599 ], [ 8.22624874115002, 44.050140380859403 ], [ 8.226529121398981, 44.050140380859403 ], [ 8.226529121398981, 44.049861907958999 ], [ 8.22680473327631, 44.049861907958999 ], [ 8.22680473327631, 44.049583435058601 ], [ 8.22791671752924, 44.049583435058601 ], [ 8.22791671752924, 44.0481948852538 ], [ 8.227639198303169, 44.0481948852538 ], [ 8.227639198303169, 44.047916412353501 ], [ 8.227360725402781, 44.047916412353501 ], [ 8.227360725402781, 44.047359466552699 ], [ 8.22708320617687, 44.047359466552699 ], [ 8.22708320617687, 44.046806335449297 ], [ 8.22680473327631, 44.046806335449297 ], [ 8.22680473327631, 44.045417785644602 ], [ 8.226529121398981, 44.045417785644602 ], [ 8.226529121398981, 44.0448608398438 ], [ 8.22624874115002, 44.0448608398438 ], [ 8.22624874115002, 44.044063568115298 ], [ 8.22597312927252, 44.044029235839801 ], [ 8.22597312927252, 44.043811798095803 ], [ 8.22597312927252, 44.043472290039098 ], [ 8.225694656372131, 44.043472290039098 ], [ 8.225694656372131, 44.042915344238303 ], [ 8.225417137146049, 44.042915344238303 ], [ 8.225417137146049, 44.042640686035298 ], [ 8.225138664245661, 44.042640686035298 ], [ 8.225138664245661, 44.042362213134901 ], [ 8.22486114501959, 44.042362213134901 ], [ 8.22486114501959, 44.042083740234503 ], [ 8.223751068115231, 44.042083740234503 ], [ 8.223751068115231, 44.041805267333899 ], [ 8.22319507598877, 44.041805267333899 ], [ 8.22315883636486, 44.042083740234503 ], [ 8.222639083862299, 44.042083740234503 ], [ 8.222639083862299, 44.042362213134901 ], [ 8.22208309173584, 44.042362213134901 ], [ 8.22208309173584, 44.042083740234503 ], [ 8.221803665161129, 44.042083740234503 ], [ 8.221803665161129, 44.041366577148402 ], [ 8.221803665161129, 44.041248321533203 ], [ 8.22208309173584, 44.041248321533203 ], [ 8.22208309173584, 44.040973663330099 ], [ 8.221803665161129, 44.040973663330099 ], [ 8.221803665161129, 44.040695190429702 ], [ 8.221250534057731, 44.040695190429702 ], [ 8.221250534057731, 44.040416717529403 ], [ 8.22097301483166, 44.040416717529403 ], [ 8.22097301483166, 44.040138244628999 ], [ 8.22069454193127, 44.040138244628999 ], [ 8.22069454193127, 44.039859771728601 ], [ 8.220416069030881, 44.039859771728601 ], [ 8.220416069030881, 44.039585113525398 ], [ 8.219860076904411, 44.039585113525398 ], [ 8.219860076904411, 44.039306640625099 ], [ 8.21930694580084, 44.039306640625099 ], [ 8.21930694580084, 44.039028167724702 ], [ 8.21875, 44.039028167724702 ], [ 8.21875, 44.038749694824297 ], [ 8.21847152709967, 44.038749694824297 ], [ 8.21847152709967, 44.038471221923899 ], [ 8.217362403869631, 44.038471221923899 ], [ 8.217362403869631, 44.038192749023501 ], [ 8.21652793884277, 44.038192749023501 ], [ 8.21652793884277, 44.037918090820298 ], [ 8.21597194671625, 44.037918090820298 ], [ 8.21597194671625, 44.037639617919901 ], [ 8.21541595458979, 44.037639617919901 ], [ 8.21541595458979, 44.037361145019503 ], [ 8.214584350585991, 44.037361145019503 ], [ 8.214584350585991, 44.037082672119098 ], [ 8.213472366333059, 44.037082672119098 ], [ 8.213472366333059, 44.0368041992188 ], [ 8.212637901306209, 44.0368041992188 ], [ 8.212637901306209, 44.036529541015703 ], [ 8.21208381652832, 44.036529541015703 ], [ 8.21208381652832, 44.036251068115298 ], [ 8.211250305175779, 44.036251068115298 ], [ 8.211250305175779, 44.035972595215 ], [ 8.21069431304932, 44.035972595215 ], [ 8.21069431304932, 44.035694122314602 ], [ 8.209861755371209, 44.035694122314602 ], [ 8.209861755371209, 44.035415649413999 ], [ 8.209746360778871, 44.035415649413999 ], [ 8.20958423614513, 44.035415649413999 ], [ 8.20958423614513, 44.035137176513601 ], [ 8.209305763244741, 44.035137176513601 ], [ 8.209305763244741, 44.034862518310597 ], [ 8.20874977111828, 44.034862518310597 ], [ 8.20874977111828, 44.034584045410199 ], [ 8.2084722518922, 44.034584045410199 ], [ 8.2084722518922, 44.034305572509801 ], [ 8.208195686340391, 44.034305572509801 ], [ 8.208195686340391, 44.034027099609503 ], [ 8.207915306091421, 44.034027099609503 ], [ 8.207915306091421, 44.033195495605497 ], [ 8.20763969421392, 44.033195495605497 ], [ 8.20763969421392, 44.032917022705099 ], [ 8.20736217498785, 44.032917022705099 ], [ 8.20736217498785, 44.032638549804702 ], [ 8.20680522918707, 44.032638549804702 ], [ 8.20680522918707, 44.032360076904403 ], [ 8.2062492370606, 44.032360076904403 ], [ 8.2062492370606, 44.032081604003999 ], [ 8.205693244934141, 44.032081604003999 ], [ 8.205693244934141, 44.031806945800803 ], [ 8.20512008666998, 44.031806945800803 ], [ 8.20374870300293, 44.031806945800803 ], [ 8.20374870300293, 44.031528472900398 ], [ 8.2034711837768, 44.031528472900398 ], [ 8.2034711837768, 44.03125 ], [ 8.20319461822521, 44.03125 ], [ 8.20319461822521, 44.030971527099602 ], [ 8.202917098999141, 44.030971527099602 ], [ 8.202917098999141, 44.030693054199197 ], [ 8.20263862609875, 44.030693054199197 ], [ 8.20263862609875, 44.0304183959962 ], [ 8.202361106872621, 44.0304183959962 ], [ 8.202361106872621, 44.030139923095803 ], [ 8.20208263397228, 44.030139923095803 ], [ 8.20208263397228, 44.029861450195398 ], [ 8.201805114746151, 44.029861450195398 ], [ 8.201805114746151, 44.029304504394602 ], [ 8.20152664184576, 44.029304504394602 ], [ 8.20152664184576, 44.029026031494098 ], [ 8.20097255706793, 44.029026031494098 ], [ 8.20097255706793, 44.028472900390703 ], [ 8.2006950378418, 44.028472900390703 ], [ 8.2006950378418, 44.028194427490298 ], [ 8.20041656494141, 44.028194427490298 ], [ 8.20041656494141, 44.027637481689602 ], [ 8.20013904571533, 44.027637481689602 ], [ 8.20013904571533, 44.0273628234863 ], [ 8.20013904571533, 44.027084350585902 ], [ 8.19986057281494, 44.027084350585902 ], [ 8.19986057281494, 44.026805877685497 ], [ 8.20013904571533, 44.026805877685497 ], [ 8.20013904571533, 44.026527404785199 ], [ 8.19986057281494, 44.026527404785199 ], [ 8.19986057281494, 44.026248931884801 ], [ 8.199583053588871, 44.026248931884801 ], [ 8.199583053588871, 44.025970458984403 ], [ 8.19902896881098, 44.025970458984403 ], [ 8.19902896881098, 44.0256958007812 ], [ 8.19874858856201, 44.0256958007812 ], [ 8.19874858856201, 44.025417327880902 ], [ 8.19819545745861, 44.025417327880902 ], [ 8.19819545745861, 44.024860382080099 ], [ 8.197360992431751, 44.024860382080099 ], [ 8.197360992431751, 44.024307250976698 ], [ 8.19708347320568, 44.024307250976698 ], [ 8.19708347320568, 44.0240287780763 ], [ 8.196526527404901, 44.0240287780763 ], [ 8.196526527404901, 44.023750305175902 ], [ 8.196091651916561, 44.023750305175902 ], [ 8.195138931274469, 44.023750305175902 ], [ 8.195138931274469, 44.023471832275497 ], [ 8.19458198547369, 44.023471832275497 ], [ 8.19458198547369, 44.023193359375099 ], [ 8.19486141204834, 44.023193359375099 ], [ 8.19486141204834, 44.022651672363303 ], [ 8.194304466247621, 44.022640228271499 ], [ 8.194304466247621, 44.0223617553712 ], [ 8.19375133514399, 44.0223617553712 ], [ 8.19375133514399, 44.022083282470803 ], [ 8.19319438934326, 44.022083282470803 ], [ 8.19319438934326, 44.021804809570398 ], [ 8.192915916442869, 44.021804809570398 ], [ 8.192915916442869, 44.02152633667 ], [ 8.1926383972168, 44.02152633667 ], [ 8.1926383972168, 44.021251678466797 ], [ 8.192359924316399, 44.021251678466797 ], [ 8.192359924316399, 44.020694732666001 ], [ 8.192082405090281, 44.020694732666001 ], [ 8.192082405090281, 44.020328521728601 ], [ 8.192082405090281, 44.019859313964901 ], [ 8.192359924316399, 44.019859313964901 ], [ 8.192359924316399, 44.019027709960902 ], [ 8.1926383972168, 44.019027709960902 ], [ 8.1926383972168, 44.018749237060497 ], [ 8.19319438934326, 44.018749237060497 ], [ 8.19319438934326, 44.018470764160199 ], [ 8.193472862243651, 44.018470764160199 ], [ 8.193472862243651, 44.018749237060497 ], [ 8.19458198547369, 44.018749237060497 ], [ 8.19458198547369, 44.016803741455199 ], [ 8.194304466247621, 44.016803741455199 ], [ 8.194304466247621, 44.0159721374512 ], [ 8.194028854370121, 44.0159721374512 ], [ 8.194028854370121, 44.015415191650398 ], [ 8.193472862243651, 44.015415191650398 ], [ 8.193472862243651, 44.015140533447301 ], [ 8.192915916442869, 44.015140533447301 ], [ 8.192915916442869, 44.014862060546903 ], [ 8.192359924316399, 44.014862060546903 ], [ 8.192359924316399, 44.014583587646499 ], [ 8.19180583953869, 44.014583587646499 ], [ 8.19180583953869, 44.014862060546903 ], [ 8.19069385528576, 44.014862060546903 ], [ 8.19069385528576, 44.015140533447301 ], [ 8.19013786315929, 44.015140533447301 ], [ 8.19013786315929, 44.015415191650398 ], [ 8.18847179412842, 44.015415191650398 ], [ 8.18847179412842, 44.015140533447301 ], [ 8.18791580200195, 44.015140533447301 ], [ 8.18791580200195, 44.014862060546903 ], [ 8.186805725097599, 44.014862060546903 ], [ 8.186805725097599, 44.015140533447301 ], [ 8.186528205871699, 44.015140533447301 ], [ 8.186528205871699, 44.014862060546903 ], [ 8.18569374084484, 44.014862060546903 ], [ 8.18569374084484, 44.014583587646499 ], [ 8.184862136840881, 44.014583587646499 ], [ 8.184862136840881, 44.014305114746101 ], [ 8.18402767181402, 44.014305114746101 ], [ 8.18402767181402, 44.014026641845703 ], [ 8.18347167968756, 44.014026641845703 ], [ 8.18347167968756, 44.013748168945398 ], [ 8.18264007568359, 44.013748168945398 ], [ 8.18264007568359, 44.013473510742301 ], [ 8.182084083557131, 44.013473510742301 ], [ 8.182084083557131, 44.013195037841697 ], [ 8.18124961853027, 44.013195037841697 ], [ 8.18124961853027, 44.0129165649413 ], [ 8.180971145629879, 44.0129165649413 ], [ 8.180971145629879, 44.012638092041001 ], [ 8.180418014526481, 44.012638092041001 ], [ 8.180418014526481, 44.012359619140597 ], [ 8.18013954162609, 44.012359619140597 ], [ 8.18013954162609, 44.0120849609375 ], [ 8.17986202240002, 44.0120849609375 ], [ 8.17986202240002, 44.011806488037202 ], [ 8.179305076599229, 44.011806488037202 ], [ 8.179305076599229, 44.011528015136797 ], [ 8.179026603698841, 44.011528015136797 ], [ 8.179026603698841, 44.011249542236399 ], [ 8.17874908447277, 44.011249542236399 ], [ 8.17874908447277, 44.010971069336101 ], [ 8.178474426269529, 44.010971069336101 ], [ 8.178474426269529, 44.010692596435703 ], [ 8.17819309234631, 44.010692596435703 ], [ 8.17819309234631, 44.009860992431697 ], [ 8.17791652679449, 44.009860992431697 ], [ 8.17791652679449, 44.0095825195313 ], [ 8.17708301544195, 44.0095825195313 ], [ 8.17708301544195, 44.009304046630902 ], [ 8.17652702331543, 44.009304046630902 ], [ 8.17652702331543, 44.009029388427699 ], [ 8.17625141143793, 44.009029388427699 ], [ 8.176248550415091, 44.008750915527301 ], [ 8.17597103118896, 44.008750915527301 ], [ 8.17597103118896, 44.008193969726598 ], [ 8.17569541931147, 44.008193969726598 ], [ 8.17569541931147, 44.007637023925803 ], [ 8.174860954284609, 44.007637023925803 ], [ 8.174860954284609, 44.007362365722798 ], [ 8.174583435058709, 44.007362365722798 ], [ 8.174583435058709, 44.006805419921797 ], [ 8.17430496215815, 44.006805419921797 ], [ 8.17430496215815, 44.006526947021399 ], [ 8.174027442932241, 44.006526947021399 ], [ 8.174027442932241, 44.006248474121101 ], [ 8.173551559448359, 44.006248474121101 ], [ 8.17347335815435, 44.006248474121101 ], [ 8.17347335815435, 44.006160736083999 ], [ 8.17347335815435, 44.005973815917997 ], [ 8.17330455780041, 44.005973815917997 ], [ 8.17319488525396, 44.005973815917997 ], [ 8.17319488525396, 44.005851745605398 ], [ 8.17319488525396, 44.005695343017599 ], [ 8.17305374145513, 44.005695343017599 ], [ 8.172917366027891, 44.005695343017599 ], [ 8.172917366027891, 44.005546569824297 ], [ 8.172917366027891, 44.005138397216903 ], [ 8.1726388931275, 44.005138397216903 ], [ 8.1726388931275, 44.004859924316499 ], [ 8.17236137390142, 44.004859924316499 ], [ 8.17236137390142, 44.004585266113303 ], [ 8.17208290100103, 44.004581451416101 ], [ 8.17208290100103, 44.004028320312599 ], [ 8.17152690887457, 44.004028320312599 ], [ 8.17152690887457, 44.003749847412202 ], [ 8.17125129699707, 44.003749847412202 ], [ 8.17125129699707, 44.003669738769602 ], [ 8.17125129699707, 44.003471374511797 ], [ 8.171077728271429, 44.003471374511797 ], [ 8.17097282409668, 44.003471374511797 ], [ 8.17097282409668, 44.003349304199297 ], [ 8.17097282409668, 44.003192901611399 ], [ 8.17083644866949, 44.003192901611399 ], [ 8.170695304870611, 44.003192901611399 ], [ 8.170695304870611, 44.0030326843263 ], [ 8.170695304870611, 44.002639770507798 ], [ 8.17041683197021, 44.002639770507798 ], [ 8.17041683197021, 44.002361297607401 ], [ 8.170139312744141, 44.002361297607401 ], [ 8.170139312744141, 44.001804351806598 ], [ 8.16986083984375, 44.001804351806598 ], [ 8.16986083984375, 44.001529693603601 ], [ 8.169583320617679, 44.0015258789062 ], [ 8.169583320617679, 44.001251220703203 ], [ 8.169222831726129, 44.001251220703203 ], [ 8.169027328491151, 44.001251220703203 ], [ 8.169027328491151, 44.001003265380902 ], [ 8.16875076293957, 44.000972747802798 ], [ 8.16875076293957, 44.0006942749025 ], [ 8.168473243713491, 44.0006942749025 ], [ 8.168473243713491, 44.000251770019602 ], [ 8.168473243713491, 44.000137329101499 ], [ 8.168473243713491, 43.999862670898501 ], [ 8.168473243713491, 43.999305725097699 ], [ 8.1681947708131, 43.999305725097699 ], [ 8.1681947708131, 43.999027252197401 ], [ 8.16791725158703, 43.999027252197401 ], [ 8.16791725158703, 43.9984741210938 ], [ 8.167638778686641, 43.9984741210938 ], [ 8.167638778686641, 43.998195648193402 ], [ 8.16736030578625, 43.998195648193402 ], [ 8.16736030578625, 43.997917175292997 ], [ 8.16708469390875, 43.997917175292997 ], [ 8.16708469390875, 43.997360229492202 ], [ 8.16680431365978, 43.997360229492202 ], [ 8.16680431365978, 43.997081756591903 ], [ 8.16652870178228, 43.997081756591903 ], [ 8.16652870178228, 43.996528625488303 ], [ 8.166251182556151, 43.996528625488303 ], [ 8.166251182556151, 43.996250152587898 ], [ 8.1659717559815, 43.996250152587898 ], [ 8.1659717559815, 43.995693206787102 ], [ 8.16569423675543, 43.995693206787102 ], [ 8.16569423675543, 43.995418548584098 ], [ 8.165415763855041, 43.995418548584098 ], [ 8.165415763855041, 43.994861602783303 ], [ 8.16513824462896, 43.994861602783303 ], [ 8.16513824462896, 43.9943046569825 ], [ 8.164859771728571, 43.9943046569825 ], [ 8.164859771728571, 43.994026184082003 ], [ 8.16458225250244, 43.994026184082003 ], [ 8.16458225250244, 43.993473052978601 ], [ 8.16430568695068, 43.993473052978601 ], [ 8.16430568695068, 43.993194580078203 ], [ 8.164028167724609, 43.993194580078203 ], [ 8.164028167724609, 43.9926376342775 ], [ 8.163827896118161, 43.9926376342775 ], [ 8.163749694824221, 43.9926376342775 ], [ 8.163749694824221, 43.992427825927699 ], [ 8.163749694824221, 43.991806030273402 ], [ 8.163472175598089, 43.991806030273402 ], [ 8.163472175598089, 43.991672515869098 ], [ 8.163472175598089, 43.991249084472699 ], [ 8.163749694824221, 43.991249084472699 ], [ 8.163749694824221, 43.991527557373097 ], [ 8.164028167724609, 43.991527557373097 ], [ 8.164028167724609, 43.990970611572301 ], [ 8.163749694824221, 43.990970611572301 ], [ 8.163749694824221, 43.990695953369098 ], [ 8.163472175598089, 43.990695953369098 ], [ 8.163472175598089, 43.9904174804687 ], [ 8.163749694824221, 43.9904174804687 ], [ 8.163749694824221, 43.989860534667997 ], [ 8.163472175598089, 43.989860534667997 ], [ 8.163472175598089, 43.990139007568402 ], [ 8.16319370269775, 43.990139007568402 ], [ 8.16319370269775, 43.989860534667997 ], [ 8.162916183471619, 43.989860534667997 ], [ 8.162916183471619, 43.989582061767599 ], [ 8.162589073181151, 43.989582061767599 ], [ 8.16236019134516, 43.989582061767599 ], [ 8.16236019134516, 43.989307403564602 ], [ 8.162083625793571, 43.989307403564602 ], [ 8.162083625793571, 43.988426208496101 ], [ 8.162083625793571, 43.988193511962997 ], [ 8.161982536315969, 43.988193511962997 ], [ 8.16180610656744, 43.988193511962997 ], [ 8.16180610656744, 43.987915039062599 ], [ 8.161527633667109, 43.987915039062599 ], [ 8.161527633667109, 43.987640380859403 ], [ 8.161250114440969, 43.987640380859403 ], [ 8.161250114440969, 43.9870834350587 ], [ 8.160971641540581, 43.9870834350587 ], [ 8.160971641540581, 43.986804962158303 ], [ 8.16069412231451, 43.986804962158303 ], [ 8.16069412231451, 43.986251831054702 ], [ 8.160415649414119, 43.986251831054702 ], [ 8.160415649414119, 43.984859466552798 ], [ 8.160140037536619, 43.984859466552798 ], [ 8.160140037536619, 43.980140686035199 ], [ 8.15986156463623, 43.980140686035199 ], [ 8.159859657287649, 43.978195190429602 ], [ 8.15958404541016, 43.978195190429602 ], [ 8.15958404541016, 43.976528167724702 ], [ 8.159859657287649, 43.976528167724702 ], [ 8.15986156463623, 43.97513961792 ], [ 8.160140037536619, 43.97513961792 ], [ 8.160140037536619, 43.973751068115199 ], [ 8.160415649414119, 43.973751068115199 ], [ 8.160415649414119, 43.972362518310703 ], [ 8.16069412231451, 43.972362518310703 ], [ 8.16069412231451, 43.971527099609297 ], [ 8.160971641540581, 43.971527099609297 ], [ 8.160971641540581, 43.971248626708999 ], [ 8.161250114440969, 43.971248626708999 ], [ 8.161250114440969, 43.970973968505902 ], [ 8.161527633667109, 43.970973968505902 ], [ 8.161527633667109, 43.970695495605497 ], [ 8.16180610656744, 43.970695495605497 ], [ 8.16180610656744, 43.970417022705199 ], [ 8.16236019134516, 43.970417022705199 ], [ 8.16236019134516, 43.970138549804801 ], [ 8.16263771057123, 43.970138549804801 ], [ 8.16263771057123, 43.969860076904403 ], [ 8.162916183471619, 43.969860076904403 ], [ 8.162916183471619, 43.969581604003999 ], [ 8.16319370269775, 43.969581604003999 ], [ 8.16319370269775, 43.969306945800803 ], [ 8.163472175598089, 43.969306945800803 ], [ 8.163472175598089, 43.969028472900398 ], [ 8.164028167724609, 43.969028472900398 ], [ 8.164028167724609, 43.968471527099702 ], [ 8.16458225250244, 43.968471527099702 ], [ 8.16458225250244, 43.968193054199297 ], [ 8.164859771728571, 43.968193054199297 ], [ 8.164859771728571, 43.967918395996101 ], [ 8.16513824462896, 43.967918395996101 ], [ 8.16513824462896, 43.967639923095703 ], [ 8.165415763855041, 43.967639923095703 ], [ 8.165415763855041, 43.967361450195298 ], [ 8.16569423675543, 43.967361450195298 ], [ 8.16569423675543, 43.967082977294901 ], [ 8.1659717559815, 43.967082977294901 ], [ 8.1659717559815, 43.966526031494098 ], [ 8.166251182556151, 43.966526031494098 ], [ 8.166251182556151, 43.966251373291101 ], [ 8.16652870178228, 43.966251373291101 ], [ 8.16652870178228, 43.965415954589801 ], [ 8.16680431365978, 43.965415954589801 ], [ 8.16680431365978, 43.965137481689403 ], [ 8.16708469390875, 43.965137481689403 ], [ 8.16708469390875, 43.964862823486399 ], [ 8.167638778686641, 43.964862823486399 ], [ 8.167638778686641, 43.964305877685597 ], [ 8.16791725158703, 43.964305877685597 ], [ 8.16791725158703, 43.964027404785298 ], [ 8.1681947708131, 43.964027404785298 ], [ 8.1681947708131, 43.963748931884901 ], [ 8.168473243713491, 43.963748931884901 ], [ 8.168473243713491, 43.963470458984503 ], [ 8.16875076293957, 43.963470458984503 ], [ 8.16875076293957, 43.9631958007812 ], [ 8.169027328491151, 43.9631958007812 ], [ 8.169027328491151, 43.962360382080099 ], [ 8.16986083984375, 43.962360382080099 ], [ 8.16986083984375, 43.961807250976598 ], [ 8.170139312744141, 43.961807250976598 ], [ 8.170139312744141, 43.9615287780762 ], [ 8.170695304870611, 43.9615287780762 ], [ 8.170695304870611, 43.961250305175803 ], [ 8.17097282409668, 43.961250305175803 ], [ 8.17097282409668, 43.960971832275398 ], [ 8.17125129699707, 43.960971832275398 ], [ 8.17125129699707, 43.960693359375 ], [ 8.171805381774959, 43.960693359375 ], [ 8.171805381774959, 43.960414886474602 ], [ 8.17236137390142, 43.960414886474602 ], [ 8.17236137390142, 43.960140228271598 ], [ 8.172917366027891, 43.960140228271598 ], [ 8.172917366027891, 43.9598617553712 ], [ 8.17319488525396, 43.9598617553712 ], [ 8.17319488525396, 43.959583282470803 ], [ 8.17347335815435, 43.959583282470803 ], [ 8.17347335815435, 43.959304809570398 ], [ 8.17374897003185, 43.959304809570398 ], [ 8.17374897003185, 43.959026336669901 ], [ 8.174027442932241, 43.959026336669901 ], [ 8.174027442932241, 43.958751678466903 ], [ 8.174860954284609, 43.958751678466903 ], [ 8.174860954284609, 43.956249237060597 ], [ 8.174860954284609, 43.955970764160199 ], [ 8.174583435058709, 43.955970764160199 ], [ 8.174583435058709, 43.955715179443402 ], [ 8.174583435058709, 43.955604553222699 ], [ 8.174583435058709, 43.954860687255902 ], [ 8.17430496215815, 43.954860687255902 ], [ 8.17430496215815, 43.953750610351698 ], [ 8.17347335815435, 43.953750610351698 ], [ 8.17347335815435, 43.9534721374513 ], [ 8.1726388931275, 43.9534721374513 ], [ 8.1726388931275, 43.953193664550902 ], [ 8.17236137390142, 43.953193664550902 ], [ 8.17236137390142, 43.952915191650497 ], [ 8.171805381774959, 43.952915191650497 ], [ 8.171805381774959, 43.952640533447301 ], [ 8.17152690887457, 43.952640533447301 ], [ 8.17152690887457, 43.952362060546903 ], [ 8.17097282409668, 43.952362060546903 ], [ 8.17097282409668, 43.952083587646499 ], [ 8.169583320617679, 43.952083587646499 ], [ 8.169583320617679, 43.951805114746101 ], [ 8.1681947708131, 43.951805114746101 ], [ 8.1681947708131, 43.951526641845803 ], [ 8.16680431365978, 43.951526641845803 ], [ 8.16680431365978, 43.951248168945398 ], [ 8.16319370269775, 43.951248168945398 ], [ 8.16319370269775, 43.951526641845803 ], [ 8.161527633667109, 43.951526641845803 ], [ 8.161527633667109, 43.951805114746101 ], [ 8.160140037536619, 43.951805114746101 ], [ 8.160140037536619, 43.952083587646499 ], [ 8.158193588256839, 43.952083587646499 ], [ 8.158193588256839, 43.950695037841797 ], [ 8.160415649414119, 43.950695037841797 ], [ 8.160415649414119, 43.950416564941399 ], [ 8.16069412231451, 43.950416564941399 ], [ 8.16069412231451, 43.949859619140703 ], [ 8.160415649414119, 43.949859619140703 ], [ 8.160415649414119, 43.949584960937401 ], [ 8.15513992309576, 43.949584960937401 ], [ 8.15513992309576, 43.949859619140703 ], [ 8.1545839309693, 43.949859619140703 ], [ 8.1545839309693, 43.950138092041101 ], [ 8.15402793884283, 43.950138092041101 ], [ 8.15402793884283, 43.950695037841797 ], [ 8.15374946594244, 43.950695037841797 ], [ 8.15374946594244, 43.951248168945398 ], [ 8.153193473815969, 43.951248168945398 ], [ 8.153193473815969, 43.950973510742202 ], [ 8.152360916137701, 43.950973510742202 ], [ 8.152360916137701, 43.950695037841797 ], [ 8.14986133575445, 43.950695037841797 ], [ 8.14986133575445, 43.950416564941399 ], [ 8.14930534362799, 43.950416564941399 ], [ 8.14930534362799, 43.950138092041101 ], [ 8.148470878601129, 43.950138092041101 ], [ 8.148470878601129, 43.949859619140703 ], [ 8.14791679382324, 43.949859619140703 ], [ 8.14791679382324, 43.949584960937401 ], [ 8.147360801696779, 43.949584960937401 ], [ 8.147360801696779, 43.949306488037102 ], [ 8.146529197692811, 43.949306488037102 ], [ 8.14652729034424, 43.949028015136697 ], [ 8.14597320556652, 43.949028015136697 ], [ 8.14597320556652, 43.9487495422363 ], [ 8.145138740539659, 43.9487495422363 ], [ 8.145138740539659, 43.948471069335902 ], [ 8.1445827484132, 43.948471069335902 ], [ 8.1445827484132, 43.948192596435497 ], [ 8.14375114440924, 43.948192596435497 ], [ 8.14375114440924, 43.9479179382325 ], [ 8.14319515228277, 43.9479179382325 ], [ 8.14319515228277, 43.947639465332102 ], [ 8.14236068725592, 43.947639465332102 ], [ 8.14236068725592, 43.947360992431697 ], [ 8.14208316802984, 43.947360992431697 ], [ 8.14208316802984, 43.947082519531399 ], [ 8.14180469512945, 43.947082519531399 ], [ 8.14180469512945, 43.946804046631001 ], [ 8.141250610351561, 43.946804046631001 ], [ 8.141250610351561, 43.946529388427798 ], [ 8.14097309112549, 43.946529388427798 ], [ 8.14097309112549, 43.946250915527401 ], [ 8.140694618225099, 43.946250915527401 ], [ 8.140694618225099, 43.945972442627003 ], [ 8.14041709899897, 43.945972442627003 ], [ 8.14041709899897, 43.945693969726598 ], [ 8.14013767242432, 43.945693969726598 ], [ 8.14013767242432, 43.9454154968262 ], [ 8.139584541320909, 43.9454154968262 ], [ 8.139584541320909, 43.945137023925803 ], [ 8.139304161071779, 43.945137023925803 ], [ 8.139304161071779, 43.944862365722699 ], [ 8.13902854919445, 43.944862365722699 ], [ 8.13902854919445, 43.944583892822301 ], [ 8.138750076294061, 43.944583892822301 ], [ 8.138750076294061, 43.944026947021499 ], [ 8.13847160339367, 43.944026947021499 ], [ 8.13847160339367, 43.943473815918097 ], [ 8.138194084167591, 43.943473815918097 ], [ 8.138194084167591, 43.9431953430175 ], [ 8.1379156112672, 43.9431953430175 ], [ 8.1379156112672, 43.942916870117102 ], [ 8.137638092041129, 43.942916870117102 ], [ 8.137638092041129, 43.942638397216797 ], [ 8.137361526489309, 43.942638397216797 ], [ 8.137361526489309, 43.942085266113303 ], [ 8.137082099914609, 43.942081451416001 ], [ 8.137082099914609, 43.941249847412202 ], [ 8.13662719726574, 43.941249847412202 ], [ 8.136528015136779, 43.941249847412202 ], [ 8.136528015136779, 43.940593719482401 ], [ 8.136528015136779, 43.939929962158303 ], [ 8.136528015136779, 43.938751220703097 ], [ 8.13624954223638, 43.938751220703097 ], [ 8.13624954223638, 43.938472747802699 ], [ 8.136122703552299, 43.938472747802699 ], [ 8.13597202301025, 43.938472747802699 ], [ 8.13597202301025, 43.938018798828097 ], [ 8.13597202301025, 43.937084197998203 ], [ 8.13569355010992, 43.937084197998203 ], [ 8.13569355010992, 43.936527252197202 ], [ 8.135416030883791, 43.936527252197202 ], [ 8.135416030883791, 43.936347961425803 ], [ 8.135416030883791, 43.936248779296903 ], [ 8.1351375579834, 43.936248779296903 ], [ 8.1351375579834, 43.935695648193402 ], [ 8.134860038757321, 43.935695648193402 ], [ 8.134860038757321, 43.935138702392699 ], [ 8.134305953979441, 43.935138702392699 ], [ 8.134305953979441, 43.933040618896598 ], [ 8.134305953979441, 43.932361602783203 ], [ 8.13402843475353, 43.932361602783203 ], [ 8.13402843475353, 43.932083129882798 ], [ 8.133749961852971, 43.932083129882798 ], [ 8.133749961852971, 43.931804656982401 ], [ 8.13347244262707, 43.931804656982401 ], [ 8.13347244262707, 43.931526184082003 ], [ 8.13319396972668, 43.931526184082003 ], [ 8.13319396972668, 43.931251525878999 ], [ 8.1329164505006, 43.931251525878999 ], [ 8.1329164505006, 43.930973052978601 ], [ 8.13263797760021, 43.930973052978601 ], [ 8.13263797760021, 43.930694580078203 ], [ 8.13236236572271, 43.930694580078203 ], [ 8.13236236572271, 43.930416107177699 ], [ 8.132083892822321, 43.930416107177699 ], [ 8.132083892822321, 43.929862976074297 ], [ 8.13180637359625, 43.929862976074297 ], [ 8.13180637359625, 43.929584503173899 ], [ 8.131527900695859, 43.929584503173899 ], [ 8.131527900695859, 43.929306030273501 ], [ 8.13125038146978, 43.929306030273501 ], [ 8.13125038146978, 43.929027557373203 ], [ 8.130971908569389, 43.929027557373203 ], [ 8.130971908569389, 43.928749084472798 ], [ 8.13069438934332, 43.928749084472798 ], [ 8.13069438934332, 43.928470611572401 ], [ 8.1304178237915, 43.928470611572401 ], [ 8.1304178237915, 43.928195953369098 ], [ 8.13014030456543, 43.928195953369098 ], [ 8.13013839721685, 43.927639007568402 ], [ 8.129861831665041, 43.927639007568402 ], [ 8.129861831665041, 43.927360534667997 ], [ 8.12958431243896, 43.927360534667997 ], [ 8.12958431243896, 43.927082061767599 ], [ 8.129305839538571, 43.927082061767599 ], [ 8.129305839538571, 43.926807403564503 ], [ 8.1290283203125, 43.926807403564503 ], [ 8.1290283203125, 43.9262504577637 ], [ 8.128749847412109, 43.9262504577637 ], [ 8.128749847412109, 43.925693511962898 ], [ 8.126249313354609, 43.925693511962898 ], [ 8.126249313354609, 43.925971984863303 ], [ 8.124583244323791, 43.925971984863303 ], [ 8.124583244323791, 43.925693511962898 ], [ 8.123194694519039, 43.925693511962898 ], [ 8.123194694519039, 43.9254150390625 ], [ 8.12152671813959, 43.9254150390625 ], [ 8.12152671813959, 43.925140380859503 ], [ 8.120139122009331, 43.925140380859503 ], [ 8.120139122009331, 43.924861907959098 ], [ 8.117082595825201, 43.924861907959098 ], [ 8.117082595825201, 43.9245834350587 ], [ 8.11652660369873, 43.9245834350587 ], [ 8.11652660369873, 43.924304962158303 ], [ 8.11597347259533, 43.924304962158303 ], [ 8.11597347259533, 43.924026489257798 ], [ 8.11513900756847, 43.924026489257798 ], [ 8.11513900756847, 43.923751831054702 ], [ 8.11458301544201, 43.923751831054702 ], [ 8.11458301544201, 43.923473358154403 ], [ 8.11291599273687, 43.923473358154403 ], [ 8.11291599273687, 43.923194885253999 ], [ 8.112638473510801, 43.923194885253999 ], [ 8.112638473510801, 43.922916412353601 ], [ 8.11236000061041, 43.922916412353601 ], [ 8.11236000061041, 43.922637939453203 ], [ 8.111806869506781, 43.922637939453203 ], [ 8.111806869506781, 43.922359466552798 ], [ 8.111249923706049, 43.922359466552798 ], [ 8.111249923706049, 43.922084808349602 ], [ 8.11013793945307, 43.922084808349602 ], [ 8.11013793945307, 43.921806335449197 ], [ 8.1095819473266, 43.921806335449197 ], [ 8.1095819473266, 43.921527862548899 ], [ 8.10902786254894, 43.921527862548899 ], [ 8.10902786254894, 43.921249389648501 ], [ 8.108682632446291, 43.921249389648501 ], [ 8.10847187042242, 43.921249389648501 ], [ 8.10847187042242, 43.920970916748097 ], [ 8.108194351196349, 43.920970916748097 ], [ 8.108194351196349, 43.920696258544901 ], [ 8.107640266418461, 43.920696258544901 ], [ 8.107640266418461, 43.920417785644503 ], [ 8.10735988616949, 43.920417785644503 ], [ 8.10735988616949, 43.9198608398438 ], [ 8.10708427429199, 43.9198608398438 ], [ 8.10708427429199, 43.919303894042997 ], [ 8.1068058013916, 43.919303894042997 ], [ 8.1068058013916, 43.91902923584 ], [ 8.104862213134879, 43.91902923584 ], [ 8.104862213134879, 43.919303894042997 ], [ 8.104306221008409, 43.919303894042997 ], [ 8.104306221008409, 43.919582366943402 ], [ 8.10375022888195, 43.919582366943402 ], [ 8.10375022888195, 43.9198608398438 ], [ 8.103194236755479, 43.9198608398438 ], [ 8.103194236755479, 43.919582366943402 ], [ 8.102084159851129, 43.919582366943402 ], [ 8.102084159851129, 43.919303894042997 ], [ 8.100972175598139, 43.919303894042997 ], [ 8.100972175598139, 43.91902923584 ], [ 8.099583625793461, 43.91902923584 ], [ 8.099583625793461, 43.918750762939602 ], [ 8.09847354888927, 43.918750762939602 ], [ 8.09847354888927, 43.918472290039198 ], [ 8.09736061096203, 43.918472290039198 ], [ 8.09736061096203, 43.9181938171388 ], [ 8.096804618835559, 43.9181938171388 ], [ 8.096804618835559, 43.917915344238402 ], [ 8.09652709960943, 43.917915344238402 ], [ 8.09652709960943, 43.917640686035199 ], [ 8.095971107482971, 43.917640686035199 ], [ 8.095971107482971, 43.917362213134801 ], [ 8.095543861389221, 43.917362213134801 ], [ 8.09541702270508, 43.917362213134801 ], [ 8.09541702270508, 43.917083740234403 ], [ 8.09486103057861, 43.917083740234403 ], [ 8.09486103057861, 43.916805267333999 ], [ 8.094582557678221, 43.916805267333999 ], [ 8.094582557678221, 43.9165267944337 ], [ 8.09402656555176, 43.9165267944337 ], [ 8.09402656555176, 43.916248321533303 ], [ 8.093473434448359, 43.916248321533303 ], [ 8.093473434448359, 43.915973663330099 ], [ 8.092917442321889, 43.915973663330099 ], [ 8.092917442321889, 43.915695190429702 ], [ 8.0926389694215, 43.915695190429702 ], [ 8.0926389694215, 43.915416717529297 ], [ 8.092082977295039, 43.915416717529297 ], [ 8.092082977295039, 43.915138244628999 ], [ 8.09152889251715, 43.915138244628999 ], [ 8.09152889251715, 43.914920806884901 ], [ 8.091245651245121, 43.914878845214801 ], [ 8.091251373291071, 43.914585113525298 ], [ 8.090695381164609, 43.914585113525298 ], [ 8.090695381164609, 43.914306640624901 ], [ 8.090416908264221, 43.914306640624901 ], [ 8.090416908264221, 43.914028167724602 ], [ 8.090139389038139, 43.914028167724602 ], [ 8.090139389038139, 43.913749694824197 ], [ 8.08958339691168, 43.913749694824197 ], [ 8.08958339691168, 43.9134712219238 ], [ 8.08930683135986, 43.9134712219238 ], [ 8.08930683135986, 43.913192749023402 ], [ 8.0887508392334, 43.913192749023402 ], [ 8.0887508392334, 43.912918090820398 ], [ 8.088473320007321, 43.912918090820398 ], [ 8.088473320007321, 43.912361145019602 ], [ 8.08819484710693, 43.912361145019602 ], [ 8.08819484710693, 43.911804199218899 ], [ 8.087917327880801, 43.911804199218899 ], [ 8.087917327880801, 43.911251068115298 ], [ 8.087638854980471, 43.911251068115298 ], [ 8.087638854980471, 43.910694122314503 ], [ 8.087361335754339, 43.910694122314503 ], [ 8.087361335754339, 43.910415649414098 ], [ 8.087638854980471, 43.910415649414098 ], [ 8.087638854980471, 43.909862518310497 ], [ 8.087917327880801, 43.909862518310497 ], [ 8.087917327880801, 43.909305572509801 ], [ 8.08819484710693, 43.909305572509801 ], [ 8.08819484710693, 43.909027099609403 ], [ 8.087917327880801, 43.909027099609403 ], [ 8.087917327880801, 43.908748626708999 ], [ 8.087638854980471, 43.908748626708999 ], [ 8.087638854980471, 43.908195495605398 ], [ 8.087361335754339, 43.908195495605398 ], [ 8.087361335754339, 43.907917022705 ], [ 8.087081909179689, 43.907917022705 ], [ 8.087081909179689, 43.907638549804702 ], [ 8.086251258850149, 43.907638549804702 ], [ 8.086251258850149, 43.907917022705 ], [ 8.085972785949821, 43.907917022705 ], [ 8.085972785949821, 43.908195495605398 ], [ 8.08569431304943, 43.908195495605398 ], [ 8.08569431304943, 43.908473968506001 ], [ 8.085415840149039, 43.908473968506001 ], [ 8.085415840149039, 43.908748626708999 ], [ 8.085138320922971, 43.908748626708999 ], [ 8.085138320922971, 43.909027099609403 ], [ 8.08458232879644, 43.909027099609403 ], [ 8.08458232879644, 43.908195495605398 ], [ 8.084859848022569, 43.908195495605398 ], [ 8.084859848022569, 43.907360076904297 ], [ 8.08458232879644, 43.907360076904297 ], [ 8.08458232879644, 43.907081604003899 ], [ 8.084305763244689, 43.907081604003899 ], [ 8.084305763244689, 43.907360076904297 ], [ 8.08402824401861, 43.907360076904297 ], [ 8.08402824401861, 43.907638549804702 ], [ 8.083749771118219, 43.907638549804702 ], [ 8.083749771118219, 43.907917022705 ], [ 8.08347225189209, 43.907917022705 ], [ 8.08347225189209, 43.908195495605398 ], [ 8.08319377899176, 43.908195495605398 ], [ 8.08319377899176, 43.907917022705 ], [ 8.08291625976562, 43.907917022705 ], [ 8.08291625976562, 43.907638549804702 ], [ 8.08236026763916, 43.907638549804702 ], [ 8.08236026763916, 43.907360076904297 ], [ 8.082083702087401, 43.907360076904297 ], [ 8.082083702087401, 43.907081604003899 ], [ 8.08180618286127, 43.907081604003899 ], [ 8.08180618286127, 43.906806945800902 ], [ 8.081527709960881, 43.906806945800902 ], [ 8.081527709960881, 43.906528472900497 ], [ 8.08125019073481, 43.906528472900497 ], [ 8.08125019073481, 43.90625 ], [ 8.080971717834419, 43.90625 ], [ 8.080971717834419, 43.905971527099702 ], [ 8.08069419860851, 43.905971527099702 ], [ 8.08069419860851, 43.905693054199297 ], [ 8.080415725707949, 43.905693054199297 ], [ 8.080415725707949, 43.9054183959962 ], [ 8.08014011383062, 43.9054183959962 ], [ 8.08014011383062, 43.905139923095803 ], [ 8.07985973358166, 43.905139923095803 ], [ 8.07985973358166, 43.904861450195398 ], [ 8.07958412170416, 43.904861450195398 ], [ 8.07958412170416, 43.904582977295 ], [ 8.079071998596129, 43.904582977295 ], [ 8.078749656677299, 43.904582977295 ], [ 8.078749656677299, 43.904064178466903 ], [ 8.07847213745123, 43.904026031494197 ], [ 8.07847213745123, 43.903614044189503 ], [ 8.07847213745123, 43.903472900390597 ], [ 8.07819366455084, 43.903472900390597 ], [ 8.07819366455084, 43.902915954589801 ], [ 8.07791805267334, 43.902915954589801 ], [ 8.07791805267334, 43.902362823486399 ], [ 8.07763767242437, 43.902362823486399 ], [ 8.07763767242437, 43.901805877685497 ], [ 8.07736206054688, 43.901805877685497 ], [ 8.07736206054688, 43.901248931884801 ], [ 8.07791805267334, 43.901248931884801 ], [ 8.07791805267334, 43.900970458984403 ], [ 8.07819366455084, 43.900970458984403 ], [ 8.07819366455084, 43.9006958007813 ], [ 8.07847213745123, 43.9006958007813 ], [ 8.07847213745123, 43.900417327881001 ], [ 8.078749656677299, 43.900417327881001 ], [ 8.078749656677299, 43.900138854980597 ], [ 8.07902812957769, 43.900138854980597 ], [ 8.07902812957769, 43.899860382080199 ], [ 8.07930564880377, 43.899860382080199 ], [ 8.07930564880377, 43.8990287780762 ], [ 8.07958412170416, 43.8990287780762 ], [ 8.07958412170416, 43.898471832275398 ], [ 8.081465721130479, 43.898471832275398 ], [ 8.081527709960881, 43.898193359375099 ], [ 8.08209800720215, 43.898193359375099 ], [ 8.08319377899176, 43.898193359375099 ], [ 8.08319377899176, 43.897640228271499 ], [ 8.08347225189209, 43.897640228271499 ], [ 8.08347225189209, 43.897083282470703 ], [ 8.08319377899176, 43.897083282470703 ], [ 8.08319377899176, 43.896804809570298 ], [ 8.08125019073481, 43.896804809570298 ], [ 8.08125019073481, 43.896526336669901 ], [ 8.080561637878469, 43.896526336669901 ], [ 8.080415725707949, 43.896526336669901 ], [ 8.080415725707949, 43.896369934082003 ], [ 8.080415725707949, 43.896251678466903 ], [ 8.080308914184631, 43.896251678466903 ], [ 8.08014011383062, 43.896251678466903 ], [ 8.08014011383062, 43.896068572998203 ], [ 8.080033302307131, 43.895973205566499 ], [ 8.07985973358166, 43.895973205566499 ], [ 8.079841613769529, 43.895763397216797 ], [ 8.07958412170416, 43.895694732666101 ], [ 8.07958412170416, 43.895465850830199 ], [ 8.07930564880377, 43.895416259765597 ], [ 8.07930564880377, 43.8951644897462 ], [ 8.07902812957769, 43.895137786865199 ], [ 8.07902812957769, 43.894859313964801 ], [ 8.078749656677299, 43.894859313964801 ], [ 8.078749656677299, 43.894584655761797 ], [ 8.07847213745123, 43.894584655761797 ], [ 8.07847213745123, 43.894306182861399 ], [ 8.07819366455084, 43.894306182861399 ], [ 8.07819366455084, 43.894584655761797 ], [ 8.07791805267334, 43.894584655761797 ], [ 8.07791805267334, 43.894306182861399 ], [ 8.07763767242437, 43.894306182861399 ], [ 8.07763767242437, 43.894027709961101 ], [ 8.07736206054688, 43.894027709961101 ], [ 8.07736206054688, 43.893749237060703 ], [ 8.077083587646481, 43.893749237060703 ], [ 8.077083587646481, 43.893470764160298 ], [ 8.07680606842041, 43.893470764160298 ], [ 8.07680606842041, 43.893196105957003 ], [ 8.07652759552002, 43.893196105957003 ], [ 8.07652759552002, 43.892917633056697 ], [ 8.076250076293951, 43.892917633056697 ], [ 8.076250076293951, 43.8926391601563 ], [ 8.075971603393549, 43.8926391601563 ], [ 8.075971603393549, 43.892360687255902 ], [ 8.07541561126709, 43.892360687255902 ], [ 8.07541561126709, 43.892082214355497 ], [ 8.07513999938976, 43.892082214355497 ], [ 8.07513999938976, 43.891803741455099 ], [ 8.074584007263301, 43.891803741455099 ], [ 8.074584007263301, 43.891529083252003 ], [ 8.07430553436291, 43.891529083252003 ], [ 8.07430553436291, 43.891250610351598 ], [ 8.074028015136831, 43.891250610351598 ], [ 8.074028015136831, 43.8909721374512 ], [ 8.073471069336049, 43.8909721374512 ], [ 8.073471069336049, 43.890693664550803 ], [ 8.07291793823248, 43.890693664550803 ], [ 8.07291793823248, 43.890415191650398 ], [ 8.07208347320562, 43.890415191650398 ], [ 8.07208347320562, 43.890140533447401 ], [ 8.07152652740484, 43.890140533447401 ], [ 8.07152652740484, 43.889862060547003 ], [ 8.07069301605225, 43.889862060547003 ], [ 8.07069301605225, 43.889583587646598 ], [ 8.069861412048279, 43.889583587646598 ], [ 8.069861412048279, 43.8893051147462 ], [ 8.06930541992182, 43.8893051147462 ], [ 8.06930541992182, 43.889026641845597 ], [ 8.06763935089117, 43.889026641845597 ], [ 8.06763935089117, 43.888748168945298 ], [ 8.06624889373785, 43.888748168945298 ], [ 8.06624889373785, 43.888473510742202 ], [ 8.06597328186035, 43.888473510742202 ], [ 8.06597328186035, 43.888195037841903 ], [ 8.06347274780285, 43.888195037841903 ], [ 8.06347274780285, 43.887916564941499 ], [ 8.061529159545961, 43.887916564941499 ], [ 8.061529159545961, 43.888195037841903 ], [ 8.060417175292971, 43.888195037841903 ], [ 8.060417175292971, 43.887916564941499 ], [ 8.059860229492241, 43.887916564941499 ], [ 8.059860229492241, 43.887638092041101 ], [ 8.059304237365779, 43.887638092041101 ], [ 8.059304237365779, 43.887359619140703 ], [ 8.05875110626215, 43.887359619140703 ], [ 8.05875110626215, 43.8870849609375 ], [ 8.058194160461429, 43.8870849609375 ], [ 8.058194160461429, 43.886806488037102 ], [ 8.054306030273439, 43.886806488037102 ], [ 8.054306030273439, 43.8870849609375 ], [ 8.050138473510859, 43.8870849609375 ], [ 8.050138473510859, 43.887359619140703 ], [ 8.04763984680176, 43.887359619140703 ], [ 8.04763984680176, 43.8870849609375 ], [ 8.047083854675289, 43.8870849609375 ], [ 8.047083854675289, 43.886528015136797 ], [ 8.04680633544916, 43.886528015136797 ], [ 8.04680633544916, 43.885971069336001 ], [ 8.04652786254877, 43.885971069336001 ], [ 8.04652786254877, 43.885692596435597 ], [ 8.046249389648439, 43.885692596435597 ], [ 8.046249389648439, 43.885417938232401 ], [ 8.04597091674805, 43.885417938232401 ], [ 8.04597091674805, 43.885139465332003 ], [ 8.04569339752191, 43.885139465332003 ], [ 8.04569339752191, 43.884860992431598 ], [ 8.04514026641851, 43.884860992431598 ], [ 8.04514026641851, 43.8845825195312 ], [ 8.044583320617789, 43.8845825195312 ], [ 8.044583320617789, 43.884304046630902 ], [ 8.04402732849127, 43.884304046630902 ], [ 8.04402732849127, 43.884029388427798 ], [ 8.043471336364799, 43.884029388427798 ], [ 8.043471336364799, 43.8837509155275 ], [ 8.042917251586911, 43.8837509155275 ], [ 8.042917251586911, 43.883552551269602 ], [ 8.042917251586911, 43.883472442627102 ], [ 8.04219341278082, 43.883472442627102 ], [ 8.04152679443359, 43.883472442627102 ], [ 8.04152679443359, 43.883193969726698 ], [ 8.04013919830334, 43.883247375488303 ], [ 8.04013919830334, 43.8837509155275 ], [ 8.040695190429631, 43.8837509155275 ], [ 8.040695190429631, 43.884029388427798 ], [ 8.04152679443359, 43.884029388427798 ], [ 8.04152679443359, 43.884304046630902 ], [ 8.04208278656006, 43.884304046630902 ], [ 8.04208278656006, 43.8845825195312 ], [ 8.042361259460449, 43.8845825195312 ], [ 8.042361259460449, 43.884860992431598 ], [ 8.042917251586911, 43.884860992431598 ], [ 8.042917251586911, 43.885139465332003 ], [ 8.04319477081305, 43.885139465332003 ], [ 8.04319477081305, 43.885417938232401 ], [ 8.043471336364799, 43.885417938232401 ], [ 8.043471336364799, 43.885692596435597 ], [ 8.04374885559093, 43.885692596435597 ], [ 8.04374885559093, 43.885971069336001 ], [ 8.04402732849127, 43.885971069336001 ], [ 8.04402732849127, 43.886249542236399 ], [ 8.044304847717401, 43.886249542236399 ], [ 8.044304847717401, 43.886528015136797 ], [ 8.044583320617789, 43.886528015136797 ], [ 8.044583320617789, 43.886806488037102 ], [ 8.044304847717401, 43.886806488037102 ], [ 8.044304847717401, 43.8870849609375 ], [ 8.042361259460449, 43.8870849609375 ], [ 8.042361259460449, 43.886806488037102 ], [ 8.04208278656006, 43.886806488037102 ], [ 8.04208278656006, 43.886528015136797 ], [ 8.042361259460449, 43.886528015136797 ], [ 8.042361259460449, 43.885692596435597 ], [ 8.04208278656006, 43.885692596435597 ], [ 8.04208278656006, 43.885417938232401 ], [ 8.041805267333981, 43.885417938232401 ], [ 8.041805267333981, 43.885139465332003 ], [ 8.04152679443359, 43.885139465332003 ], [ 8.04152679443359, 43.884860992431598 ], [ 8.04041671752924, 43.884860992431598 ], [ 8.04041671752924, 43.885139465332003 ], [ 8.039860725402781, 43.885139465332003 ], [ 8.039860725402781, 43.885417938232401 ], [ 8.03958320617687, 43.885417938232401 ], [ 8.03958320617687, 43.885692596435597 ], [ 8.037082672119199, 43.885692596435597 ], [ 8.037082672119199, 43.885417938232401 ], [ 8.036526679992731, 43.885417938232401 ], [ 8.036526679992731, 43.885139465332003 ], [ 8.036251068115231, 43.885139465332003 ], [ 8.036251068115231, 43.884860992431598 ], [ 8.03597259521484, 43.884860992431598 ], [ 8.03597259521484, 43.8845825195312 ], [ 8.03569507598877, 43.8845825195312 ], [ 8.03569507598877, 43.884304046630902 ], [ 8.034583091735779, 43.884304046630902 ], [ 8.034583091735779, 43.8845825195312 ], [ 8.033750534057731, 43.8845825195312 ], [ 8.033750534057731, 43.884304046630902 ], [ 8.03069400787359, 43.884304046630902 ], [ 8.03069400787359, 43.884029388427798 ], [ 8.03013801574707, 43.884029388427798 ], [ 8.03013801574707, 43.8837509155275 ], [ 8.029582023620611, 43.8837509155275 ], [ 8.029582023620611, 43.883472442627102 ], [ 8.029306411743111, 43.883472442627102 ], [ 8.029306411743111, 43.883193969726698 ], [ 8.028750419616641, 43.883193969726698 ], [ 8.028750419616641, 43.8829154968263 ], [ 8.02847194671625, 43.8829154968263 ], [ 8.02847194671625, 43.882083892822301 ], [ 8.02819442749035, 43.882083892822301 ], [ 8.02819442749035, 43.881805419921903 ], [ 8.02791595458979, 43.881805419921903 ], [ 8.02791595458979, 43.880973815917997 ], [ 8.02763843536388, 43.880973815917997 ], [ 8.02763843536388, 43.879859924316499 ], [ 8.026249885559141, 43.879859924316499 ], [ 8.026249885559141, 43.880138397216903 ], [ 8.025972366333059, 43.880138397216903 ], [ 8.025972366333059, 43.880416870117202 ], [ 8.024862289428709, 43.880416870117202 ], [ 8.024862289428709, 43.880695343017599 ], [ 8.024581909179741, 43.880695343017599 ], [ 8.024581909179741, 43.880416870117202 ], [ 8.02430629730225, 43.880416870117202 ], [ 8.02430629730225, 43.880138397216903 ], [ 8.02402782440185, 43.880138397216903 ], [ 8.02402782440185, 43.879859924316499 ], [ 8.023750305175779, 43.879859924316499 ], [ 8.023750305175779, 43.878749847412102 ], [ 8.023471832275391, 43.878749847412102 ], [ 8.023471832275391, 43.877918243408303 ], [ 8.022915840148929, 43.877918243408303 ], [ 8.022915840148929, 43.877639770507898 ], [ 8.022361755371209, 43.877639770507898 ], [ 8.022361755371209, 43.877918243408303 ], [ 8.02208423614513, 43.877918243408303 ], [ 8.02208423614513, 43.878749847412102 ], [ 8.021935462951721, 43.878749847412102 ], [ 8.021805763244741, 43.878749847412102 ], [ 8.021805763244741, 43.879306793212798 ], [ 8.020415306091421, 43.879306793212798 ], [ 8.020415306091421, 43.8790283203125 ], [ 8.019862174987789, 43.8790283203125 ], [ 8.019862174987789, 43.878749847412102 ], [ 8.01930618286133, 43.878749847412102 ], [ 8.01930618286133, 43.8781929016113 ], [ 8.019583702087459, 43.8781929016113 ], [ 8.019583702087459, 43.877918243408303 ], [ 8.020695686340391, 43.877918243408303 ], [ 8.020695686340391, 43.877639770507898 ], [ 8.02097225189215, 43.877639770507898 ], [ 8.02097225189215, 43.8773612976075 ], [ 8.021805763244741, 43.8773612976075 ], [ 8.021805763244741, 43.877082824707102 ], [ 8.022361755371209, 43.877082824707102 ], [ 8.022361755371209, 43.876804351806797 ], [ 8.02402782440185, 43.876804351806797 ], [ 8.02402782440185, 43.876525878906399 ], [ 8.025137901306209, 43.876525878906399 ], [ 8.025137901306209, 43.876300811767599 ], [ 8.026528358459529, 43.876251220703203 ], [ 8.026528358459529, 43.875972747802798 ], [ 8.02763843536388, 43.875972747802798 ], [ 8.02763843536388, 43.875694274902401 ], [ 8.028750419616641, 43.875694274902401 ], [ 8.028750419616641, 43.875415802002003 ], [ 8.029582023620611, 43.875415802002003 ], [ 8.029582023620611, 43.875137329101598 ], [ 8.0304155349732, 43.875137329101598 ], [ 8.0304155349732, 43.874862670898402 ], [ 8.03069400787359, 43.874862670898402 ], [ 8.03069400787359, 43.874584197997997 ], [ 8.0304155349732, 43.874584197997997 ], [ 8.0304155349732, 43.874305725097699 ], [ 8.02819442749035, 43.874305725097699 ], [ 8.02819442749035, 43.874584197997997 ], [ 8.0268058776856, 43.874584197997997 ], [ 8.0268058776856, 43.874862670898402 ], [ 8.025972366333059, 43.874862670898402 ], [ 8.025972366333059, 43.875137329101598 ], [ 8.024862289428709, 43.875137329101598 ], [ 8.024813652038571, 43.875415802002003 ], [ 8.02402782440185, 43.875415802002003 ], [ 8.02402782440185, 43.875694274902401 ], [ 8.02319431304932, 43.875694274902401 ], [ 8.02319431304932, 43.875972747802798 ], [ 8.02208423614513, 43.875972747802798 ], [ 8.02208423614513, 43.876251220703203 ], [ 8.02152824401867, 43.876251220703203 ], [ 8.02152824401867, 43.875972747802798 ], [ 8.02124977111828, 43.875972747802798 ], [ 8.02124977111828, 43.875694274902401 ], [ 8.02097225189215, 43.875694274902401 ], [ 8.02097225189215, 43.875415802002003 ], [ 8.020695686340391, 43.875415802002003 ], [ 8.020695686340391, 43.875137329101598 ], [ 8.020415306091421, 43.875137329101598 ], [ 8.020415306091421, 43.874862670898402 ], [ 8.02013969421392, 43.874862670898402 ], [ 8.02013969421392, 43.874584197997997 ], [ 8.019862174987789, 43.874584197997997 ], [ 8.019862174987789, 43.874305725097699 ], [ 8.019583702087459, 43.874305725097699 ], [ 8.019583702087459, 43.874027252197301 ], [ 8.01930618286133, 43.874027252197301 ], [ 8.01930618286133, 43.873748779296903 ], [ 8.0187492370606, 43.873748779296903 ], [ 8.0187492370606, 43.873474121093899 ], [ 8.0184736251831, 43.873474121093899 ], [ 8.01847076416021, 43.873195648193303 ], [ 8.01708316802973, 43.873195648193303 ], [ 8.01708316802973, 43.872917175292898 ], [ 8.016804695129389, 43.872917175292898 ], [ 8.016804695129389, 43.872638702392599 ], [ 8.016248703002869, 43.872638702392599 ], [ 8.016248703002869, 43.872360229492202 ], [ 8.0159711837768, 43.872360229492202 ], [ 8.0159711837768, 43.872081756591797 ], [ 8.014861106872621, 43.872081756591797 ], [ 8.014861106872621, 43.8718070983888 ], [ 8.014582633972219, 43.8718070983888 ], [ 8.014582633972219, 43.871528625488402 ], [ 8.01236057281494, 43.871528625488402 ], [ 8.01236057281494, 43.871250152587997 ], [ 8.01013946533214, 43.871250152587997 ], [ 8.01013946533214, 43.870971679687599 ], [ 8.00958347320568, 43.870971679687599 ], [ 8.00958347320568, 43.870693206787202 ], [ 8.00930690765386, 43.870693206787202 ], [ 8.00930690765386, 43.870418548583999 ], [ 8.008750915527401, 43.870418548583999 ], [ 8.008750915527401, 43.8701400756837 ], [ 8.00847339630133, 43.8701400756837 ], [ 8.00847339630133, 43.869861602783303 ], [ 8.007638931274469, 43.869861602783303 ], [ 8.007638931274469, 43.869583129882898 ], [ 8.00736141204834, 43.869583129882898 ], [ 8.00736141204834, 43.8693046569825 ], [ 8.007638931274469, 43.8693046569825 ], [ 8.007638931274469, 43.869026184082102 ], [ 8.00736141204834, 43.869026184082102 ], [ 8.00736141204834, 43.868751525878899 ], [ 8.00625133514399, 43.868751525878899 ], [ 8.00625133514399, 43.869026184082102 ], [ 8.005972862243601, 43.869026184082102 ], [ 8.005972862243601, 43.8693046569825 ], [ 8.00513839721674, 43.8693046569825 ], [ 8.00513839721674, 43.869583129882898 ], [ 8.00347232818609, 43.869583129882898 ], [ 8.00347232818609, 43.8693046569825 ], [ 8.002916336059631, 43.8693046569825 ], [ 8.002916336059631, 43.869026184082102 ], [ 8.002360343933161, 43.869026184082102 ], [ 8.002360343933161, 43.8693046569825 ], [ 8.002083778381399, 43.8693046569825 ], [ 8.002083778381399, 43.869026184082102 ], [ 8.00180625915527, 43.869026184082102 ], [ 8.00180625915527, 43.868751525878899 ], [ 8.001527786254879, 43.868751525878899 ], [ 8.001527786254879, 43.868473052978501 ], [ 8.00125026702881, 43.868473052978501 ], [ 8.00125026702881, 43.867916107177699 ], [ 8.00069427490234, 43.867916107177699 ], [ 8.00069427490234, 43.867637634277301 ], [ 8.00041580200195, 43.867637634277301 ], [ 8.00041580200195, 43.867084503173899 ], [ 7.99986219406134, 43.867084503173899 ], [ 7.99875020980835, 43.867084503173899 ], [ 7.99875020980835, 43.866806030273402 ], [ 7.99652814865107, 43.866806030273402 ], [ 7.99652814865107, 43.866527557372997 ], [ 7.99597215652477, 43.866527557372997 ], [ 7.99597215652477, 43.866249084472699 ], [ 7.99569416046148, 43.866249084472699 ], [ 7.99569416046148, 43.865970611572301 ], [ 7.99541616439831, 43.865970611572301 ], [ 7.99541616439831, 43.865695953369197 ], [ 7.99486207962042, 43.865695953369197 ], [ 7.99486207962042, 43.865417480468899 ], [ 7.99430608749395, 43.865417480468899 ], [ 7.99430608749395, 43.865139007568501 ], [ 7.99347209930414, 43.865139007568501 ], [ 7.99347209930414, 43.864860534668097 ], [ 7.99264001846313, 43.864860534668097 ], [ 7.99264001846313, 43.864582061767699 ], [ 7.99180507659923, 43.864582061767699 ], [ 7.99180507659923, 43.864307403564503 ], [ 7.99097108840942, 43.864307403564503 ], [ 7.99097108840942, 43.864028930664098 ], [ 7.98958301544189, 43.864028930664098 ], [ 7.98958301544189, 43.8637504577637 ], [ 7.98763895034796, 43.8637504577637 ], [ 7.98763895034796, 43.864028930664098 ], [ 7.98597288131714, 43.864028930664098 ], [ 7.98597288131714, 43.8637504577637 ], [ 7.98541688919067, 43.8637504577637 ], [ 7.98541688919067, 43.863471984863303 ], [ 7.98430490493769, 43.863471984863303 ], [ 7.98430490493769, 43.8637504577637 ], [ 7.98291683197022, 43.8637504577637 ], [ 7.98291683197022, 43.863471984863303 ], [ 7.98180484771729, 43.863471984863303 ], [ 7.98180484771729, 43.863193511962898 ], [ 7.98125076293957, 43.863193511962898 ], [ 7.98125076293957, 43.862915039062599 ], [ 7.98013877868664, 43.862915039062599 ], [ 7.98013877868664, 43.862640380859403 ], [ 7.97986078262329, 43.862640380859403 ], [ 7.97986078262329, 43.862361907958999 ], [ 7.9768061637879, 43.862361907958999 ], [ 7.9768061637879, 43.862083435058601 ], [ 7.97597217559809, 43.862083435058601 ], [ 7.97597217559809, 43.861804962158203 ], [ 7.97541618347162, 43.861804962158203 ], [ 7.97541618347162, 43.861526489257798 ], [ 7.9751381874085, 43.861526489257798 ], [ 7.9751381874085, 43.861251831054801 ], [ 7.97486019134533, 43.861251831054801 ], [ 7.97486019134533, 43.860973358154403 ], [ 7.97430610656744, 43.860973358154403 ], [ 7.97430610656744, 43.860694885253999 ], [ 7.97208404541016, 43.860694885253999 ], [ 7.97208404541016, 43.860416412353501 ], [ 7.97194290161127, 43.860416412353501 ], [ 7.97125005722051, 43.860416412353501 ], [ 7.97125005722051, 43.860137939453097 ], [ 7.97097206115723, 43.860137939453097 ], [ 7.97097206115723, 43.859859466552699 ], [ 7.97041606903076, 43.859859466552699 ], [ 7.97041606903076, 43.859584808349702 ], [ 7.9695839881897, 43.859584808349702 ], [ 7.9695839881897, 43.859027862548899 ], [ 7.96930599212658, 43.859027862548899 ], [ 7.96930599212658, 43.858749389648601 ], [ 7.96902799606323, 43.858749389648601 ], [ 7.96902799606323, 43.858196258544901 ], [ 7.96930599212658, 43.858196258544901 ], [ 7.96930599212658, 43.857917785644602 ], [ 7.96875, 43.857917785644602 ], [ 7.96875, 43.857639312744197 ], [ 7.96847200393677, 43.857639312744197 ], [ 7.96847200393677, 43.8573608398438 ], [ 7.96819400787365, 43.8573608398438 ], [ 7.96819400787365, 43.856529235839801 ], [ 7.9679160118103, 43.856529235839801 ], [ 7.9679160118103, 43.856250762939503 ], [ 7.96763992309576, 43.856250762939503 ], [ 7.96763992309576, 43.856136322021499 ], [ 7.96763992309576, 43.855972290039098 ], [ 7.96736192703258, 43.855972290039098 ], [ 7.96736192703258, 43.855415344238303 ], [ 7.9670839309693, 43.855415344238303 ], [ 7.9670839309693, 43.854537963867202 ], [ 7.9670839309693, 43.853721618652401 ], [ 7.9670839309693, 43.853195190429702 ], [ 7.96736192703258, 43.853195190429702 ], [ 7.96736192703258, 43.851806640625 ], [ 7.9670839309693, 43.851806640625 ], [ 7.9670839309693, 43.851528167724702 ], [ 7.96624994277965, 43.851528167724702 ], [ 7.96624994277965, 43.851806640625 ], [ 7.96541500091558, 43.851806640625 ], [ 7.96541500091558, 43.851528167724702 ], [ 7.96486186981195, 43.851528167724702 ], [ 7.96486186981195, 43.851249694824297 ], [ 7.96458292007452, 43.851249694824297 ], [ 7.96458292007452, 43.850971221923899 ], [ 7.96402692794805, 43.850971221923899 ], [ 7.96402692794805, 43.851249694824297 ], [ 7.96263885498058, 43.851249694824297 ], [ 7.96263885498058, 43.850971221923899 ], [ 7.96236085891724, 43.850971221923899 ], [ 7.96236085891724, 43.850692749023501 ], [ 7.96208286285406, 43.850692749023501 ], [ 7.96208286285406, 43.850139617919901 ], [ 7.9615268707276, 43.850139617919901 ], [ 7.9615268707276, 43.849861145019503 ], [ 7.9601778984071, 43.849861145019503 ], [ 7.95958280563366, 43.849861145019503 ], [ 7.95958280563366, 43.849582672119098 ], [ 7.95813179016125, 43.849582672119098 ], [ 7.95763921737671, 43.849582672119098 ], [ 7.95763921737671, 43.849861145019503 ], [ 7.95680522918712, 43.849861145019503 ], [ 7.95680522918712, 43.849582672119098 ], [ 7.95625114440924, 43.849582672119098 ], [ 7.95625114440924, 43.8493041992188 ], [ 7.95569515228277, 43.8493041992188 ], [ 7.95569515228277, 43.849029541015703 ], [ 7.95513916015631, 43.849029541015703 ], [ 7.95513916015631, 43.848472595215 ], [ 7.95486116409313, 43.848472595215 ], [ 7.95486116409313, 43.848194122314602 ], [ 7.95430517196667, 43.848194122314602 ], [ 7.95430517196667, 43.847915649414198 ], [ 7.95236015319824, 43.847915649414198 ], [ 7.95236015319824, 43.847637176513601 ], [ 7.95152902603149, 43.847637176513601 ], [ 7.95152902603149, 43.847362518310597 ], [ 7.95125102996832, 43.847362518310597 ], [ 7.95123910903936, 43.847084045410199 ], [ 7.9495849609375, 43.847084045410199 ], [ 7.9495849609375, 43.846805572509801 ], [ 7.94930601120006, 43.846805572509801 ], [ 7.94930601120006, 43.846527099609403 ], [ 7.94819402694713, 43.846527099609403 ], [ 7.94819402694713, 43.846248626709098 ], [ 7.94763803482067, 43.846248626709098 ], [ 7.94763803482067, 43.845973968505902 ], [ 7.94736003875732, 43.845973968505902 ], [ 7.94736003875732, 43.845695495605497 ], [ 7.94485998153687, 43.845695495605497 ], [ 7.94485998153687, 43.845973968505902 ], [ 7.94236183166504, 43.845973968505902 ], [ 7.94236183166504, 43.845695495605497 ], [ 7.94180583953857, 43.845695495605497 ], [ 7.94180583953857, 43.845417022705099 ], [ 7.9415278434754, 43.845417022705099 ], [ 7.9415278434754, 43.845138549804702 ], [ 7.94124984741211, 43.845138549804702 ], [ 7.94124984741211, 43.844860076904403 ], [ 7.94069385528559, 43.844860076904403 ], [ 7.94069385528559, 43.844581604003999 ], [ 7.93986177444458, 43.844581604003999 ], [ 7.93986177444458, 43.844306945800703 ], [ 7.93847084045422, 43.844306945800703 ], [ 7.93847084045422, 43.844581604003999 ], [ 7.93791818618786, 43.844581604003999 ], [ 7.93791818618786, 43.844860076904403 ], [ 7.93708276748669, 43.844860076904403 ], [ 7.93708276748669, 43.844581604003999 ], [ 7.93569278717041, 43.844581604003999 ], [ 7.93569278717041, 43.844306945800703 ], [ 7.93486118316645, 43.844306945800703 ], [ 7.93486118316645, 43.844028472900398 ], [ 7.93458318710333, 43.844028472900398 ], [ 7.93458318710333, 43.84375 ], [ 7.93069505691534, 43.84375 ], [ 7.93069505691534, 43.843471527099602 ], [ 7.92958307266241, 43.843471527099602 ], [ 7.92958307266241, 43.84375 ], [ 7.92902898788452, 43.84375 ], [ 7.92902708053595, 43.844028472900398 ], [ 7.92791700363159, 43.844028472900398 ], [ 7.92791700363159, 43.84375 ], [ 7.92680501937866, 43.84375 ], [ 7.92680501937866, 43.844028472900398 ], [ 7.9251379966737, 43.844028472900398 ], [ 7.9251379966737, 43.84375 ], [ 7.92402887344366, 43.84375 ], [ 7.92402887344366, 43.844028472900398 ], [ 7.92319393157953, 43.844028472900398 ], [ 7.92319393157953, 43.84375 ], [ 7.92069387435913, 43.84375 ], [ 7.92069387435913, 43.843471527099602 ], [ 7.91986179351807, 43.843471527099602 ], [ 7.91986179351807, 43.843193054199197 ], [ 7.91736221313488, 43.843193054199197 ], [ 7.91736221313488, 43.8429183959962 ], [ 7.91708421707153, 43.8429183959962 ], [ 7.91708421707153, 43.842639923095803 ], [ 7.91668796539312, 43.842639923095803 ], [ 7.91649961471569, 43.842628479003899 ], [ 7.91652822494507, 43.842376708984503 ], [ 7.91652822494507, 43.841526031494297 ], [ 7.91569423675548, 43.841526031494297 ], [ 7.91569423675548, 43.841251373291101 ], [ 7.91541576385509, 43.841251373291101 ], [ 7.91541576385509, 43.840694427490298 ], [ 7.91513776779175, 43.840694427490298 ], [ 7.91513776779175, 43.8398628234863 ], [ 7.91541576385509, 43.8398628234863 ], [ 7.91541576385509, 43.839027404785199 ], [ 7.91569423675548, 43.839027404785199 ], [ 7.91569423675548, 43.837917327880803 ], [ 7.91625022888195, 43.837917327880803 ], [ 7.91625022888195, 43.8381958007812 ], [ 7.91652822494507, 43.8381958007812 ], [ 7.91652822494507, 43.838470458984403 ], [ 7.91763782501221, 43.838470458984403 ], [ 7.91763782501221, 43.837638854980497 ], [ 7.91680622100841, 43.837638854980497 ], [ 7.91680622100841, 43.837360382080099 ], [ 7.9159722328186, 43.837360382080099 ], [ 7.9159722328186, 43.837081909179702 ], [ 7.91513776779175, 43.837081909179702 ], [ 7.91513776779175, 43.836807250976698 ], [ 7.91430616378796, 43.836807250976698 ], [ 7.91430616378796, 43.8365287780763 ], [ 7.91347217559814, 43.8365287780763 ], [ 7.91347217559814, 43.836250305175902 ], [ 7.91264009475714, 43.836250305175902 ], [ 7.91264009475714, 43.835971832275497 ], [ 7.91180610656733, 43.835971832275497 ], [ 7.91180610656733, 43.835693359375099 ], [ 7.90930509567261, 43.835693359375099 ], [ 7.90930509567261, 43.835414886474702 ], [ 7.90680503845215, 43.835414886474702 ], [ 7.90680503845215, 43.835693359375099 ], [ 7.90652704238903, 43.835693359375099 ], [ 7.90652704238903, 43.835971832275497 ], [ 7.90597295761114, 43.835971832275497 ], [ 7.90597105026251, 43.836250305175902 ], [ 7.9051389694215, 43.836250305175902 ], [ 7.9051389694215, 43.835971832275497 ], [ 7.90374898910522, 43.835971832275497 ], [ 7.90374898910522, 43.835693359375099 ], [ 7.90347290039068, 43.835693359375099 ], [ 7.90347290039068, 43.835971832275497 ], [ 7.90180492401129, 43.835971832275497 ], [ 7.90180492401129, 43.836250305175902 ], [ 7.90041685104376, 43.836250305175902 ], [ 7.90041685104376, 43.835971832275497 ], [ 7.89791584014904, 43.835971832275497 ], [ 7.89791584014904, 43.836250305175902 ], [ 7.89708185195923, 43.836250305175902 ], [ 7.89708185195923, 43.8365287780763 ], [ 7.89624977111822, 43.8365287780763 ], [ 7.89624977111822, 43.836807250976698 ], [ 7.8956937789917, 43.836807250976698 ], [ 7.8956937789917, 43.837081909179702 ], [ 7.89319419860851, 43.837081909179702 ], [ 7.89319419860851, 43.837360382080099 ], [ 7.8895840644837, 43.837360382080099 ], [ 7.8895840644837, 43.837081909179702 ], [ 7.88763999938976, 43.837081909179702 ], [ 7.88763999938976, 43.836807250976698 ], [ 7.8870840072633, 43.836807250976698 ], [ 7.8870840072633, 43.8365287780763 ], [ 7.88638687133795, 43.8365287780763 ], [ 7.88291788101202, 43.8365287780763 ], [ 7.88291788101202, 43.836250305175902 ], [ 7.88263893127436, 43.836250305175902 ], [ 7.88263893127436, 43.835971832275497 ], [ 7.88236093521124, 43.835971832275497 ], [ 7.88236093521124, 43.835693359375099 ], [ 7.88013887405396, 43.835693359375099 ], [ 7.88013887405396, 43.835414886474702 ], [ 7.87958288192749, 43.835414886474702 ], [ 7.87958288192749, 43.835140228271499 ], [ 7.87902688980097, 43.835140228271499 ], [ 7.87902688980097, 43.835414886474702 ], [ 7.87819480895996, 43.835414886474702 ], [ 7.87819480895996, 43.835693359375099 ], [ 7.87708282470703, 43.835693359375099 ], [ 7.87708282470703, 43.835971832275497 ], [ 7.87597322463989, 43.835971832275497 ], [ 7.87597322463989, 43.835693359375099 ], [ 7.87402677536011, 43.835693359375099 ], [ 7.87402677536011, 43.835414886474702 ], [ 7.87319517135631, 43.835414886474702 ], [ 7.87319517135631, 43.835693359375099 ], [ 7.8723611831665, 43.835693359375099 ], [ 7.8723611831665, 43.835414886474702 ], [ 7.87180709838861, 43.835414886474702 ], [ 7.87180709838861, 43.835140228271499 ], [ 7.87041616439825, 43.835140228271499 ], [ 7.87041616439825, 43.8348617553712 ], [ 7.86958217620844, 43.8348617553712 ], [ 7.86958217620844, 43.834583282470803 ], [ 7.86902809143072, 43.834583282470803 ], [ 7.86902809143072, 43.834304809570398 ], [ 7.86847209930426, 43.834304809570398 ], [ 7.86847209930426, 43.83402633667 ], [ 7.86819410324097, 43.83402633667 ], [ 7.86819410324097, 43.833751678466797 ], [ 7.8676381111145, 43.833751678466797 ], [ 7.8676381111145, 43.833473205566399 ], [ 7.86680603027344, 43.833473205566399 ], [ 7.86680603027344, 43.833194732666001 ], [ 7.86625003814697, 43.833194732666001 ], [ 7.86625003814697, 43.832916259765597 ], [ 7.86541604995733, 43.832916259765597 ], [ 7.86541604995733, 43.832637786865199 ], [ 7.86458396911632, 43.832637786865199 ], [ 7.86458396911632, 43.832359313964901 ], [ 7.86374998092651, 43.832359313964901 ], [ 7.86374998092651, 43.832084655761797 ], [ 7.86347198486339, 43.832084655761797 ], [ 7.86347198486339, 43.8318061828613 ], [ 7.86263990402216, 43.8318061828613 ], [ 7.86263990402216, 43.831527709960902 ], [ 7.86236190795904, 43.831527709960902 ], [ 7.86236190795904, 43.831249237060497 ], [ 7.86180591583258, 43.831249237060497 ], [ 7.86180591583258, 43.830970764160199 ], [ 7.85986185073858, 43.830970764160199 ], [ 7.85986185073858, 43.830696105957102 ], [ 7.85874986648565, 43.830696105957102 ], [ 7.85874986648565, 43.830417633056797 ], [ 7.8576397895813, 43.830417633056797 ], [ 7.8576397895813, 43.830139160156399 ], [ 7.85736179351812, 43.830139160156399 ], [ 7.85736179351812, 43.830417633056797 ], [ 7.85541677474987, 43.830417633056797 ], [ 7.85541677474987, 43.830696105957102 ], [ 7.85513877868652, 43.830696105957102 ], [ 7.85513877868652, 43.830139160156399 ], [ 7.8548607826234, 43.830139160156399 ], [ 7.8548607826234, 43.830696105957102 ], [ 7.85347318649298, 43.830696105957102 ], [ 7.85347318649298, 43.830417633056797 ], [ 7.85152578353888, 43.830417633056797 ], [ 7.85125112533564, 43.830417633056797 ], [ 7.85125112533564, 43.830139160156399 ], [ 7.85041713714605, 43.830139160156399 ], [ 7.85041713714605, 43.829860687256001 ], [ 7.84986114501959, 43.829860687256001 ], [ 7.84986114501959, 43.829582214355597 ], [ 7.84958314895641, 43.829582214355597 ], [ 7.84958314895641, 43.829036712646499 ], [ 7.84902715682995, 43.829029083252003 ], [ 7.84902715682995, 43.828750610351598 ], [ 7.84791707992559, 43.828750610351598 ], [ 7.84791707992559, 43.8284721374512 ], [ 7.84736108779913, 43.8284721374512 ], [ 7.84736108779913, 43.828193664550803 ], [ 7.84708309173578, 43.828193664550803 ], [ 7.84708309173578, 43.827915191650398 ], [ 7.84680509567266, 43.827915191650398 ], [ 7.84680509567266, 43.827640533447301 ], [ 7.84625101089477, 43.827640533447301 ], [ 7.84625101089477, 43.827362060546903 ], [ 7.84513902664185, 43.827362060546903 ], [ 7.84513902664185, 43.827083587646499 ], [ 7.84430408477789, 43.827083587646499 ], [ 7.84430408477789, 43.826805114746101 ], [ 7.84375190734863, 43.826805114746101 ], [ 7.84375095367432, 43.826526641845703 ], [ 7.8434729576112, 43.826526641845703 ], [ 7.8434729576112, 43.826248168945298 ], [ 7.84293508529669, 43.826248168945298 ], [ 7.84263801574707, 43.826248168945298 ], [ 7.84263801574707, 43.826045989990298 ], [ 7.84263801574707, 43.825695037841903 ], [ 7.84236001968395, 43.825695037841903 ], [ 7.84236001968395, 43.8254165649413 ], [ 7.84225416183472, 43.8254165649413 ], [ 7.84208488464367, 43.8254165649413 ], [ 7.84208488464367, 43.825138092041001 ], [ 7.84180593490606, 43.825138092041001 ], [ 7.84180593490606, 43.823890686035099 ], [ 7.84180593490606, 43.823471069336101 ], [ 7.84168386459362, 43.823471069336101 ], [ 7.84152793884272, 43.823471069336101 ], [ 7.84152793884272, 43.823070526122997 ], [ 7.84152793884272, 43.822639465332102 ], [ 7.84134817123413, 43.822639465332102 ], [ 7.8412499427796, 43.822639465332102 ], [ 7.8412499427796, 43.822406768798899 ], [ 7.8412499427796, 43.821804046630902 ], [ 7.84097194671625, 43.821804046630902 ], [ 7.84097194671625, 43.820972442626903 ], [ 7.84069395065313, 43.820972442626903 ], [ 7.84069395065313, 43.820693969726598 ], [ 7.84041595458996, 43.820693969726598 ], [ 7.84041595458996, 43.8204154968262 ], [ 7.84013795852667, 43.8204154968262 ], [ 7.84013795852667, 43.820137023925803 ], [ 7.83985996246349, 43.820137023925803 ], [ 7.83985996246349, 43.819583892822401 ], [ 7.83902788162231, 43.819583892822401 ], [ 7.83902788162231, 43.819305419922003 ], [ 7.83847188949579, 43.819305419922003 ], [ 7.83847188949579, 43.819026947021399 ], [ 7.83791589736933, 43.819026947021399 ], [ 7.83791589736933, 43.818748474121001 ], [ 7.83736181259167, 43.818748474121001 ], [ 7.83735990524286, 43.818473815917997 ], [ 7.83656787872314, 43.818473815917997 ], [ 7.83624982833868, 43.818473815917997 ], [ 7.83624982833868, 43.818256378173899 ], [ 7.83614206314087, 43.818195343017599 ], [ 7.83597183227539, 43.818195343017599 ], [ 7.83597183227539, 43.818107604980497 ], [ 7.83597183227539, 43.817916870117202 ], [ 7.83569383621221, 43.817916870117202 ], [ 7.83569383621221, 43.817531585693402 ], [ 7.83569383621221, 43.817359924316499 ], [ 7.83541584014893, 43.817359924316499 ], [ 7.83541584014893, 43.816806793212898 ], [ 7.83486223220825, 43.816806793212898 ], [ 7.83486223220825, 43.8165283203125 ], [ 7.83458423614513, 43.8165283203125 ], [ 7.83458423614513, 43.816249847412202 ], [ 7.8340277671814, 43.816249847412202 ], [ 7.8340277671814, 43.815971374511797 ], [ 7.83347177505493, 43.815971374511797 ], [ 7.83347177505493, 43.815692901611399 ], [ 7.83180618286133, 43.815692901611399 ], [ 7.83180618286133, 43.815971374511797 ], [ 7.83069610595697, 43.815971374511797 ], [ 7.83069276809704, 43.815692901611399 ], [ 7.83041810989386, 43.815692901611399 ], [ 7.83041810989386, 43.815418243408203 ], [ 7.82986211776739, 43.815418243408203 ], [ 7.82986211776739, 43.815692901611399 ], [ 7.82930517196661, 43.815692901611399 ], [ 7.82930517196661, 43.815971374511797 ], [ 7.82819509506226, 43.815971374511797 ], [ 7.82819509506226, 43.816249847412202 ], [ 7.82763910293579, 43.816249847412202 ], [ 7.82763910293579, 43.8165283203125 ], [ 7.82736110687262, 43.8165283203125 ], [ 7.82736110687262, 43.816806793212898 ], [ 7.82708311080933, 43.816806793212898 ], [ 7.82708311080933, 43.817081451416101 ], [ 7.82680511474615, 43.817085266113303 ], [ 7.82680511474615, 43.817359924316499 ], [ 7.8240270614624, 43.817359924316499 ], [ 7.8240270614624, 43.817638397216903 ], [ 7.8237509727478, 43.817638397216903 ], [ 7.8237509727478, 43.818195343017599 ], [ 7.82347297668468, 43.818195343017599 ], [ 7.82347297668468, 43.818473815917997 ], [ 7.82291698455822, 43.818473815917997 ], [ 7.82291698455822, 43.818748474121001 ], [ 7.82236099243175, 43.818748474121001 ], [ 7.82236099243175, 43.819026947021399 ], [ 7.82152891159052, 43.819026947021399 ], [ 7.82152891159052, 43.819305419922003 ], [ 7.82069492340094, 43.819305419922003 ], [ 7.82069492340094, 43.819583892822401 ], [ 7.81930494308483, 43.819583892822401 ], [ 7.81930494308483, 43.819862365722798 ], [ 7.81847286224359, 43.819862365722798 ], [ 7.81847286224359, 43.820693969726598 ], [ 7.81819486618048, 43.820693969726598 ], [ 7.81819486618048, 43.820972442626903 ], [ 7.81735992431635, 43.820972442626903 ], [ 7.81735992431635, 43.821250915527301 ], [ 7.8156938552857, 43.821250915527301 ], [ 7.8156938552857, 43.821529388427699 ], [ 7.81513786315924, 43.821529388427699 ], [ 7.81513786315924, 43.821804046630902 ], [ 7.81236219406134, 43.821804046630902 ], [ 7.81236219406134, 43.821529388427699 ], [ 7.81208419799816, 43.821529388427699 ], [ 7.81208419799816, 43.821804046630902 ], [ 7.81069421768189, 43.821804046630902 ], [ 7.81069421768189, 43.8220825195313 ], [ 7.80819416046143, 43.8220825195313 ], [ 7.80819416046143, 43.822360992431697 ], [ 7.80736207962042, 43.822360992431697 ], [ 7.80736207962042, 43.822639465332102 ], [ 7.80680608749395, 43.822639465332102 ], [ 7.80680608749395, 43.8229179382325 ], [ 7.80597209930414, 43.8229179382325 ], [ 7.80597209930414, 43.822639465332102 ], [ 7.80476808547968, 43.822639465332102 ], [ 7.80402803421021, 43.822639465332102 ], [ 7.80402803421021, 43.822452545166101 ], [ 7.80402803421021, 43.822360992431697 ], [ 7.80366516113281, 43.822360992431697 ], [ 7.80347108840942, 43.822360992431697 ], [ 7.80347108840942, 43.8220825195313 ], [ 7.80291795730602, 43.8220825195313 ], [ 7.80291795730602, 43.821804046630902 ], [ 7.80263996124268, 43.821804046630902 ], [ 7.80263996124268, 43.821529388427699 ], [ 7.80097103118896, 43.821529388427699 ], [ 7.80097103118896, 43.821250915527301 ], [ 7.80069494247442, 43.821250915527301 ], [ 7.80069494247442, 43.820972442626903 ], [ 7.80013895034796, 43.820972442626903 ], [ 7.80013895034796, 43.820693969726598 ], [ 7.79958295822149, 43.820693969726598 ], [ 7.79958295822149, 43.8204154968262 ], [ 7.79930496215832, 43.8204154968262 ], [ 7.79930496215832, 43.820152282714901 ], [ 7.79902696609497, 43.820137023925803 ], [ 7.79902696609497, 43.819862365722798 ], [ 7.79874897003185, 43.819862365722798 ], [ 7.79874897003185, 43.819583892822401 ], [ 7.79819488525396, 43.819583892822401 ], [ 7.79819488525396, 43.819305419922003 ], [ 7.79736089706415, 43.819305419922003 ], [ 7.79736089706415, 43.819026947021399 ], [ 7.79652690887457, 43.819026947021399 ], [ 7.79652690887457, 43.818748474121001 ], [ 7.79624891281139, 43.818748474121001 ], [ 7.79624891281139, 43.818473815917997 ], [ 7.79597282409668, 43.818473815917997 ], [ 7.79597282409668, 43.817916870117202 ], [ 7.7956948280335, 43.817916870117202 ], [ 7.7956948280335, 43.817638397216903 ], [ 7.79347276687622, 43.817638397216903 ], [ 7.79347276687622, 43.817359924316499 ], [ 7.79263877868658, 43.817359924316499 ], [ 7.79263877868658, 43.817085266113303 ], [ 7.79069519042969, 43.817081451416101 ], [ 7.79069519042969, 43.816806793212898 ], [ 7.79041719436657, 43.816806793212898 ], [ 7.79041719436657, 43.8165283203125 ], [ 7.79013776779186, 43.8165283203125 ], [ 7.79013776779186, 43.816806793212898 ], [ 7.78985977172851, 43.816806793212898 ], [ 7.78985977172851, 43.8165283203125 ], [ 7.7895817756654, 43.8165283203125 ], [ 7.7895817756654, 43.816249847412202 ], [ 7.78902912139904, 43.816249847412202 ], [ 7.78902912139904, 43.815971374511797 ], [ 7.78819417953497, 43.815971374511797 ], [ 7.78819417953497, 43.815692901611399 ], [ 7.78791618347179, 43.815692901611399 ], [ 7.78791618347179, 43.815971374511797 ], [ 7.7876381874085, 43.815971374511797 ], [ 7.7876381874085, 43.816249847412202 ], [ 7.78736019134533, 43.816249847412202 ], [ 7.78736019134533, 43.816806793212898 ], [ 7.7876381874085, 43.816806793212898 ], [ 7.7876381874085, 43.817081451416101 ], [ 7.78847217559809, 43.817081451416101 ], [ 7.78847217559809, 43.817359924316499 ], [ 7.78902912139904, 43.817359924316499 ], [ 7.78902912139904, 43.817638397216903 ], [ 7.78932189941401, 43.817638397216903 ], [ 7.79041719436657, 43.817638397216903 ], [ 7.79041719436657, 43.817916870117202 ], [ 7.7915291786195, 43.817916870117202 ], [ 7.7915291786195, 43.818195343017599 ], [ 7.79236078262329, 43.818195343017599 ], [ 7.79236078262329, 43.818473815917997 ], [ 7.79347276687622, 43.818473815917997 ], [ 7.79347276687622, 43.818748474121001 ], [ 7.79402923583996, 43.818748474121001 ], [ 7.79402923583996, 43.819026947021399 ], [ 7.79375076293957, 43.819026947021399 ], [ 7.79375076293957, 43.819305419922003 ], [ 7.7931947708131, 43.819305419922003 ], [ 7.7931947708131, 43.819583892822401 ], [ 7.79291677474975, 43.819583892822401 ], [ 7.79291677474975, 43.819862365722798 ], [ 7.78897809982311, 43.819862365722798 ], [ 7.78652811050415, 43.819862365722798 ], [ 7.78652811050415, 43.819583892822401 ], [ 7.78597211837763, 43.819583892822401 ], [ 7.78597211837763, 43.819305419922003 ], [ 7.78569412231451, 43.819305419922003 ], [ 7.78569412231451, 43.819026947021399 ], [ 7.78513813018805, 43.819026947021399 ], [ 7.78513813018805, 43.818748474121001 ], [ 7.78347206115723, 43.818748474121001 ], [ 7.78347206115723, 43.818473815917997 ], [ 7.78300905227672, 43.818473815917997 ], [ 7.78236198425304, 43.818473815917997 ], [ 7.78236198425304, 43.818195343017599 ], [ 7.7820839881897, 43.818195343017599 ], [ 7.7820839881897, 43.817916870117202 ], [ 7.78180599212658, 43.817916870117202 ], [ 7.78180599212658, 43.817638397216903 ], [ 7.78180599212658, 43.817081451416101 ], [ 7.7820777893067, 43.817081451416101 ], [ 7.7820839881897, 43.816806793212898 ], [ 7.78180599212658, 43.816806793212898 ], [ 7.78180599212658, 43.8165283203125 ], [ 7.78125, 43.8165283203125 ], [ 7.78125, 43.816249847412202 ], [ 7.78097200393677, 43.816249847412202 ], [ 7.78097200393677, 43.815971374511797 ], [ 7.78069400787359, 43.815971374511797 ], [ 7.78069400787359, 43.815692901611399 ], [ 7.7804160118103, 43.815692901611399 ], [ 7.7804160118103, 43.815418243408203 ], [ 7.78013992309576, 43.815418243408203 ], [ 7.78013992309576, 43.815139770507798 ], [ 7.77986192703258, 43.815139770507798 ], [ 7.77986192703258, 43.814861297607401 ], [ 7.78152799606323, 43.814861297607401 ], [ 7.78152799606323, 43.814582824707003 ], [ 7.78402805328369, 43.814582824707003 ], [ 7.78402805328369, 43.814861297607401 ], [ 7.78513813018805, 43.814861297607401 ], [ 7.78513813018805, 43.815139770507798 ], [ 7.78680610656744, 43.815139770507798 ], [ 7.78680610656744, 43.814861297607401 ], [ 7.78652811050415, 43.814861297607401 ], [ 7.78652811050415, 43.814304351806598 ], [ 7.78513813018805, 43.814304351806598 ], [ 7.78513813018805, 43.814029693603601 ], [ 7.78458404541016, 43.8140258789062 ], [ 7.78458404541016, 43.813751220703203 ], [ 7.78430604934698, 43.813751220703203 ], [ 7.78430604934698, 43.813472747802798 ], [ 7.78402805328369, 43.813472747802798 ], [ 7.78402805328369, 43.813751220703203 ], [ 7.77930593490612, 43.813751220703203 ], [ 7.77930593490612, 43.813472747802798 ], [ 7.77874994277965, 43.813472747802798 ], [ 7.77874994277965, 43.8131942749025 ], [ 7.77736186981195, 43.8131942749025 ], [ 7.77736186981195, 43.812915802002102 ], [ 7.77680587768566, 43.812915802002102 ], [ 7.77680587768566, 43.812637329101499 ], [ 7.77652692794805, 43.812637329101499 ], [ 7.77652692794805, 43.812915802002102 ], [ 7.77541780471802, 43.812915802002102 ], [ 7.77541780471802, 43.8131942749025 ], [ 7.77458286285406, 43.8131942749025 ], [ 7.77458286285406, 43.812915802002102 ], [ 7.77430486679077, 43.812915802002102 ], [ 7.77430486679077, 43.812637329101499 ], [ 7.77236080169678, 43.812637329101499 ], [ 7.77236080169678, 43.812915802002102 ], [ 7.77069520950317, 43.812915802002102 ], [ 7.77069520950317, 43.812637329101499 ], [ 7.77041721344006, 43.812637329101499 ], [ 7.77041721344006, 43.812362670898501 ], [ 7.76910686492926, 43.812362670898501 ], [ 7.76902723312378, 43.812362670898501 ], [ 7.76902723312378, 43.812084197998097 ], [ 7.76856613159191, 43.812084197998097 ], [ 7.76819515228277, 43.812084197998097 ], [ 7.76819515228277, 43.811893463134801 ], [ 7.76819515228277, 43.811805725097699 ], [ 7.76802396774298, 43.811805725097699 ], [ 7.76736116409313, 43.811805725097699 ], [ 7.76736116409313, 43.811527252197301 ], [ 7.76708316802979, 43.811527252197301 ], [ 7.76708316802979, 43.811321258545 ], [ 7.76708316802979, 43.811248779297003 ], [ 7.76694011688232, 43.811248779297003 ], [ 7.76680517196667, 43.811248779297003 ], [ 7.76680517196667, 43.8109741210938 ], [ 7.76652717590332, 43.8109741210938 ], [ 7.76652717590332, 43.810138702392599 ], [ 7.76625108718878, 43.810138702392599 ], [ 7.76625108718878, 43.809860229492202 ], [ 7.76597309112543, 43.809860229492202 ], [ 7.76597309112543, 43.809581756591903 ], [ 7.76569509506231, 43.809581756591903 ], [ 7.76569509506231, 43.809028625488303 ], [ 7.76486110687267, 43.809028625488303 ], [ 7.76486110687267, 43.808750152587898 ], [ 7.76458311080938, 43.808750152587898 ], [ 7.76458311080938, 43.8084716796875 ], [ 7.76291608810425, 43.8084716796875 ], [ 7.76291608810425, 43.808193206787102 ], [ 7.76263809204107, 43.808193206787102 ], [ 7.76263809204107, 43.807918548584098 ], [ 7.76069402694713, 43.807918548584098 ], [ 7.76069402694713, 43.8076400756837 ], [ 7.76041603088379, 43.8076400756837 ], [ 7.76041603088379, 43.807361602783303 ], [ 7.75986003875732, 43.807361602783303 ], [ 7.75986003875732, 43.807083129882898 ], [ 7.75847196578979, 43.807083129882898 ], [ 7.75840520858776, 43.807361602783303 ], [ 7.75680589675898, 43.807361602783303 ], [ 7.75680589675898, 43.807083129882898 ], [ 7.75597190856939, 43.807083129882898 ], [ 7.75597190856939, 43.807361602783303 ], [ 7.75513792037975, 43.807361602783303 ], [ 7.75513792037975, 43.807083129882898 ], [ 7.75374984741205, 43.807083129882898 ], [ 7.75374984741205, 43.8068046569825 ], [ 7.75347185134893, 43.8068046569825 ], [ 7.75347185134893, 43.806526184082102 ], [ 7.75319385528559, 43.806526184082102 ], [ 7.75319385528559, 43.805973052978601 ], [ 7.75291776657104, 43.805973052978601 ], [ 7.75291776657104, 43.805416107177798 ], [ 7.75263977050793, 43.805416107177798 ], [ 7.75263977050793, 43.805137634277401 ], [ 7.75236177444458, 43.805137634277401 ], [ 7.75236177444458, 43.804641723632798 ], [ 7.7522349357605, 43.8045845031738 ], [ 7.7520837783814, 43.8045845031738 ], [ 7.7520837783814, 43.804306030273402 ], [ 7.75180578231811, 43.804306030273402 ], [ 7.75180578231811, 43.804027557372997 ], [ 7.75124979019165, 43.804027557372997 ], [ 7.75124979019165, 43.803749084472699 ], [ 7.75069284439087, 43.803749084472699 ], [ 7.75069284439087, 43.803470611572301 ], [ 7.75041818618786, 43.803470611572301 ], [ 7.75041818618786, 43.8029174804687 ], [ 7.74986219406139, 43.8029174804687 ], [ 7.74986219406139, 43.802639007568402 ], [ 7.74958419799805, 43.802639007568402 ], [ 7.74958419799805, 43.802360534667997 ], [ 7.74902677536022, 43.802360534667997 ], [ 7.74902677536022, 43.802082061767599 ], [ 7.74847078323376, 43.802082061767599 ], [ 7.74847078323376, 43.801807403564602 ], [ 7.74819278717041, 43.801807403564602 ], [ 7.74819278717041, 43.8012504577638 ], [ 7.74791717529291, 43.8012504577638 ], [ 7.74791717529291, 43.800971984863402 ], [ 7.74763917922979, 43.800971984863402 ], [ 7.74763917922979, 43.8012504577638 ], [ 7.74736118316662, 43.8012504577638 ], [ 7.74736118316662, 43.800971984863402 ], [ 7.74680519104015, 43.800971984863402 ], [ 7.74680519104015, 43.800693511962997 ], [ 7.74528789520275, 43.800693511962997 ], [ 7.74513912200933, 43.800693511962997 ], [ 7.74513912200933, 43.800594329833999 ], [ 7.74513912200933, 43.800415039062599 ], [ 7.74486112594599, 43.800415039062599 ], [ 7.74486112594599, 43.799583435058601 ], [ 7.7437510490418, 43.799583435058601 ], [ 7.7437510490418, 43.799304962158303 ], [ 7.74347305297852, 43.799304962158303 ], [ 7.74347305297852, 43.799026489257898 ], [ 7.74276876449585, 43.799026489257898 ], [ 7.74236106872559, 43.799026489257898 ], [ 7.74236106872559, 43.798755645752102 ], [ 7.74208307266241, 43.798751831054702 ], [ 7.74208307266241, 43.798572540283303 ], [ 7.74208307266241, 43.798473358154297 ], [ 7.7419319152832, 43.798473358154297 ], [ 7.74152708053595, 43.798473358154297 ], [ 7.74152708053595, 43.798206329345803 ], [ 7.7412509918214, 43.798194885253899 ], [ 7.7412509918214, 43.798023223877102 ], [ 7.7412509918214, 43.797855377197202 ], [ 7.7412509918214, 43.797359466552798 ], [ 7.74097299575806, 43.797359466552798 ], [ 7.74097299575806, 43.797157287597798 ], [ 7.74097299575806, 43.797084808349702 ], [ 7.74087619781506, 43.797084808349702 ], [ 7.74069499969494, 43.797084808349702 ], [ 7.74069499969494, 43.796951293945398 ], [ 7.74069499969494, 43.7965278625488 ], [ 7.74041700363159, 43.7965278625488 ], [ 7.74041700363159, 43.795696258545 ], [ 7.73958301544195, 43.795696258545 ], [ 7.73958301544195, 43.795417785644602 ], [ 7.73930501937866, 43.795417785644602 ], [ 7.73930501937866, 43.795139312744197 ], [ 7.73902893066406, 43.795139312744197 ], [ 7.73902893066406, 43.794860839843899 ], [ 7.73736095428467, 43.794860839843899 ], [ 7.73736095428467, 43.795139312744197 ], [ 7.7359728813172, 43.795139312744197 ], [ 7.7359728813172, 43.795417785644602 ], [ 7.73513793945307, 43.795417785644602 ], [ 7.73513793945307, 43.795696258545 ], [ 7.73485994338995, 43.795696258545 ], [ 7.73485994338995, 43.795417785644602 ], [ 7.73430585861206, 43.795417785644602 ], [ 7.73430585861206, 43.795696258545 ], [ 7.73374986648559, 43.795696258545 ], [ 7.73374986648559, 43.795970916747997 ], [ 7.73319387435913, 43.795970916747997 ], [ 7.73319387435913, 43.796249389648402 ], [ 7.73236179351807, 43.796249389648402 ], [ 7.73236179351807, 43.796401977539198 ], [ 7.73236179351807, 43.7965278625488 ], [ 7.73097181320196, 43.7965278625488 ], [ 7.73097181320196, 43.796806335449197 ], [ 7.7304158210755, 43.796806335449197 ], [ 7.7304158210755, 43.797084808349702 ], [ 7.72958421707153, 43.797084808349702 ], [ 7.72958421707153, 43.797359466552798 ], [ 7.7284722328186, 43.797359466552798 ], [ 7.7284722328186, 43.797084808349702 ], [ 7.72791576385509, 43.797084808349702 ], [ 7.72791576385509, 43.797359466552798 ], [ 7.72736215591442, 43.797359466552798 ], [ 7.72736215591442, 43.797084808349702 ], [ 7.72680616378796, 43.797084808349702 ], [ 7.72680616378796, 43.797359466552798 ], [ 7.72597217559814, 43.797359466552798 ], [ 7.72597217559814, 43.797916412353501 ], [ 7.72569417953503, 43.797916412353501 ], [ 7.72569417953503, 43.798194885253899 ], [ 7.72458410263067, 43.798194885253899 ], [ 7.72458410263067, 43.797916412353501 ], [ 7.7243061065675, 43.797916412353501 ], [ 7.7243061065675, 43.798473358154297 ], [ 7.72402811050421, 43.798473358154297 ], [ 7.72402811050421, 43.798751831054702 ], [ 7.72097110748297, 43.798751831054702 ], [ 7.72097110748297, 43.799026489257898 ], [ 7.72013902664196, 43.799026489257898 ], [ 7.72013902664196, 43.799304962158303 ], [ 7.71874904632568, 43.799304962158303 ], [ 7.71874904632568, 43.799026489257898 ], [ 7.71847295761114, 43.799026489257898 ], [ 7.71847105026251, 43.799304962158303 ], [ 7.7176389694215, 43.799304962158303 ], [ 7.7176389694215, 43.799583435058601 ], [ 7.71708297729503, 43.799583435058601 ], [ 7.71708297729503, 43.799861907958999 ], [ 7.71569490432734, 43.799861907958999 ], [ 7.71569490432734, 43.800140380859403 ], [ 7.71486091613775, 43.800140380859403 ], [ 7.71486091613775, 43.800415039062599 ], [ 7.71402883529669, 43.800415039062599 ], [ 7.71402883529669, 43.800693511962997 ], [ 7.71291685104376, 43.800693511962997 ], [ 7.71291685104376, 43.800971984863402 ], [ 7.71236085891729, 43.800971984863402 ], [ 7.71236085891729, 43.800693511962997 ], [ 7.71208286285395, 43.800693511962997 ], [ 7.71208286285395, 43.800415039062599 ], [ 7.71152877807623, 43.800415039062599 ], [ 7.71152877807623, 43.800140380859403 ], [ 7.70985984802252, 43.800140380859403 ], [ 7.70985984802252, 43.799861907958999 ], [ 7.70902919769287, 43.799861907958999 ], [ 7.70902919769287, 43.799583435058601 ], [ 7.7087512016297, 43.799583435058601 ], [ 7.7087512016297, 43.799861907958999 ], [ 7.7081937789917, 43.799861907958999 ], [ 7.7081937789917, 43.799304962158303 ], [ 7.70763778686523, 43.799304962158303 ], [ 7.70763778686523, 43.799026489257898 ], [ 7.70569419860851, 43.799026489257898 ], [ 7.70569419860851, 43.798751831054702 ], [ 7.7053680419923, 43.798751831054702 ], [ 7.70513820648205, 43.798751831054702 ], [ 7.70513820648205, 43.798473358154297 ], [ 7.70319414138805, 43.798473358154297 ], [ 7.70319414138805, 43.798751831054702 ], [ 7.70097208023077, 43.798751831054702 ], [ 7.70097208023077, 43.798194885253899 ], [ 7.69958400726324, 43.798194885253899 ], [ 7.69958400726324, 43.797916412353501 ], [ 7.69930601119995, 43.797916412353501 ], [ 7.69930601119995, 43.797637939453097 ], [ 7.69902801513677, 43.797637939453097 ], [ 7.69902801513677, 43.797359466552798 ], [ 7.69819402694702, 43.797359466552798 ], [ 7.69819402694702, 43.797084808349702 ], [ 7.69736194610596, 43.797084808349702 ], [ 7.69736194610596, 43.7965278625488 ], [ 7.69708395004284, 43.7965278625488 ], [ 7.69708395004284, 43.796249389648402 ], [ 7.69680595397949, 43.796249389648402 ], [ 7.69680595397949, 43.795696258545 ], [ 7.69652795791637, 43.795696258545 ], [ 7.69652795791637, 43.795417785644602 ], [ 7.69624900817871, 43.795417785644602 ], [ 7.69624900817871, 43.794860839843899 ], [ 7.69597101211559, 43.794860839843899 ], [ 7.69597101211559, 43.794582366943501 ], [ 7.69569301605225, 43.794582366943501 ], [ 7.69569301605225, 43.794029235839901 ], [ 7.69513988494884, 43.794029235839901 ], [ 7.69513988494884, 43.793899536132898 ], [ 7.69513988494884, 43.792915344238303 ], [ 7.69486093521124, 43.792915344238303 ], [ 7.69486093521124, 43.792640686035199 ], [ 7.69513988494884, 43.792640686035199 ], [ 7.69513988494884, 43.792415618896499 ], [ 7.69513988494884, 43.792083740234403 ], [ 7.69541788101202, 43.792083740234403 ], [ 7.69541788101202, 43.791526794433601 ], [ 7.69513988494884, 43.791526794433601 ], [ 7.69513988494884, 43.791248321533203 ], [ 7.69486093521124, 43.791248321533203 ], [ 7.69486093521124, 43.790973663330199 ], [ 7.69430494308477, 43.790973663330199 ], [ 7.69430494308477, 43.790695190429801 ], [ 7.69374895095831, 43.790695190429801 ], [ 7.69374895095831, 43.790416717529197 ], [ 7.69347286224371, 43.790416717529197 ], [ 7.69347286224371, 43.7901382446288 ], [ 7.69318389892572, 43.7901382446288 ], [ 7.69263887405396, 43.7901382446288 ], [ 7.69263887405396, 43.789859771728501 ], [ 7.69236087799078, 43.789859771728501 ], [ 7.69236087799078, 43.789585113525398 ], [ 7.69173288345337, 43.789585113525398 ], [ 7.69069480895996, 43.789585113525398 ], [ 7.69069480895996, 43.789028167724702 ], [ 7.69041681289679, 43.789028167724702 ], [ 7.69041681289679, 43.788661956787202 ], [ 7.69041681289679, 43.787918090820398 ], [ 7.6901388168335, 43.787918090820398 ], [ 7.6901388168335, 43.78763961792 ], [ 7.68930482864386, 43.78763961792 ], [ 7.68930482864386, 43.787361145019602 ], [ 7.68856287002558, 43.787361145019602 ], [ 7.68847322463989, 43.787361145019602 ], [ 7.68847322463989, 43.787082672119197 ], [ 7.68819522857677, 43.787082672119197 ], [ 7.68819522857677, 43.7868041992188 ], [ 7.68791723251343, 43.7868041992188 ], [ 7.68791723251343, 43.786251068115199 ], [ 7.68763923645025, 43.786251068115199 ], [ 7.68763923645025, 43.785972595214801 ], [ 7.68736076354992, 43.785972595214801 ], [ 7.68736076354992, 43.785694122314503 ], [ 7.6868047714234, 43.785694122314503 ], [ 7.6868047714234, 43.785415649414098 ], [ 7.68652677536011, 43.785415649414098 ], [ 7.68652677536011, 43.7851371765137 ], [ 7.68597316741943, 43.7851371765137 ], [ 7.68597316741943, 43.784862518310703 ], [ 7.68569517135631, 43.784862518310703 ], [ 7.68569517135631, 43.7851371765137 ], [ 7.68538904190063, 43.7851371765137 ], [ 7.68430709838862, 43.7851371765137 ], [ 7.68430709838862, 43.784862518310703 ], [ 7.68319511413586, 43.784862518310703 ], [ 7.68319511413586, 43.784584045410298 ], [ 7.6826381683349, 43.784584045410298 ], [ 7.6826381683349, 43.784305572509901 ], [ 7.68097209930426, 43.784305572509901 ], [ 7.68097209930426, 43.784027099609297 ], [ 7.68041610717779, 43.784027099609297 ], [ 7.68041610717779, 43.783473968505902 ], [ 7.68013811111445, 43.783473968505902 ], [ 7.68013811111445, 43.782917022705099 ], [ 7.67986011505133, 43.782917022705099 ], [ 7.67986011505133, 43.782638549804801 ], [ 7.67958402633678, 43.782638549804801 ], [ 7.67958211898798, 43.782360076904403 ], [ 7.67930603027344, 43.782360076904403 ], [ 7.67930603027344, 43.782081604003999 ], [ 7.6784720420838, 43.782081604003999 ], [ 7.6784720420838, 43.781806945800803 ], [ 7.67763805389404, 43.781806945800803 ], [ 7.67763805389404, 43.780971527099702 ], [ 7.67819404602051, 43.780971527099702 ], [ 7.67819404602051, 43.780693054199297 ], [ 7.6784720420838, 43.780693054199297 ], [ 7.6784720420838, 43.780426025390597 ], [ 7.6784720420838, 43.780288696289098 ], [ 7.6784720420838, 43.780139923095703 ], [ 7.67819404602051, 43.780139923095703 ], [ 7.67819404602051, 43.779861450195298 ], [ 7.67791604995733, 43.779861450195298 ], [ 7.67791604995733, 43.779582977294901 ], [ 7.67763805389404, 43.779582977294901 ], [ 7.67763805389404, 43.779304504394503 ], [ 7.67736005783087, 43.779304504394503 ], [ 7.67736005783087, 43.779026031494098 ], [ 7.67708396911632, 43.779026031494098 ], [ 7.67708396911632, 43.778751373291101 ], [ 7.67652797698986, 43.778751373291101 ], [ 7.67652797698986, 43.778472900390703 ], [ 7.67597198486339, 43.778472900390703 ], [ 7.67597198486339, 43.778194427490298 ], [ 7.67569398880005, 43.778194427490298 ], [ 7.67569398880005, 43.77791595459 ], [ 7.67541599273693, 43.77791595459 ], [ 7.67541599273693, 43.777637481689403 ], [ 7.67513799667358, 43.777637481689403 ], [ 7.67513799667358, 43.777362823486399 ], [ 7.67486190795904, 43.777362823486399 ], [ 7.67486190795904, 43.777084350586001 ], [ 7.67458391189587, 43.777084350586001 ], [ 7.67458391189587, 43.776805877685597 ], [ 7.67430591583258, 43.776805877685597 ], [ 7.67430591583258, 43.776527404785199 ], [ 7.6740279197694, 43.776527404785199 ], [ 7.6740279197694, 43.776248931884901 ], [ 7.67374992370605, 43.776248931884901 ], [ 7.67374992370605, 43.775970458984503 ], [ 7.67319393157959, 43.775970458984503 ], [ 7.67319393157959, 43.7756958007812 ], [ 7.6726398468017, 43.7756958007812 ], [ 7.6726398468017, 43.775970458984503 ], [ 7.67208385467524, 43.775970458984503 ], [ 7.67208385467524, 43.776248931884901 ], [ 7.67069387435919, 43.776248931884901 ], [ 7.67069387435919, 43.776527404785199 ], [ 7.66874885559088, 43.776527404785199 ], [ 7.66874885559088, 43.776805877685597 ], [ 7.66624879837048, 43.776805877685597 ], [ 7.66624879837048, 43.777084350586001 ], [ 7.66430521011353, 43.777084350586001 ], [ 7.66430521011353, 43.777362823486399 ], [ 7.66319513320917, 43.777362823486399 ], [ 7.66319513320917, 43.777637481689403 ], [ 7.66180515289307, 43.777637481689403 ], [ 7.66180515289307, 43.77791595459 ], [ 7.66069507598871, 43.77791595459 ], [ 7.66069507598871, 43.778194427490298 ], [ 7.65930509567266, 43.778194427490298 ], [ 7.65930509567266, 43.778472900390703 ], [ 7.6584730148316, 43.778472900390703 ], [ 7.6584730148316, 43.778751373291101 ], [ 7.65652894973766, 43.778751373291101 ], [ 7.65652894973766, 43.779026031494098 ], [ 7.6559729576112, 43.779026031494098 ], [ 7.6559729576112, 43.779304504394503 ], [ 7.65402793884272, 43.779304504394503 ], [ 7.65402793884272, 43.779582977294901 ], [ 7.65235996246349, 43.779582977294901 ], [ 7.65235996246349, 43.779861450195298 ], [ 7.65208387374878, 43.7799263000488 ], [ 7.65208387374878, 43.780139923095703 ], [ 7.6518058776856, 43.780139923095703 ], [ 7.6518058776856, 43.780418395996101 ], [ 7.65124988555914, 43.780418395996101 ], [ 7.65124988555914, 43.780693054199297 ], [ 7.65013790130621, 43.780693054199297 ], [ 7.65013790130621, 43.780971527099702 ], [ 7.64930582046514, 43.780971527099702 ], [ 7.64930582046514, 43.78125 ], [ 7.64736223220825, 43.78125 ], [ 7.64736223220825, 43.781528472900398 ], [ 7.64674997329712, 43.781528472900398 ], [ 7.64514017105114, 43.781528472900398 ], [ 7.64514017105114, 43.78125 ], [ 7.64430618286133, 43.78125 ], [ 7.64430618286133, 43.781528472900398 ], [ 7.64375019073486, 43.781528472900398 ], [ 7.64375019073486, 43.781806945800803 ], [ 7.64264011383068, 43.781806945800803 ], [ 7.64264011383068, 43.782081604003999 ], [ 7.64097118377697, 43.782081604003999 ], [ 7.64097118377697, 43.782360076904403 ], [ 7.64041709899908, 43.782360076904403 ], [ 7.64041709899908, 43.782081604003999 ], [ 7.63847112655634, 43.782081604003999 ], [ 7.63847112655634, 43.782360076904403 ], [ 7.63791704177862, 43.782360076904403 ], [ 7.63791704177862, 43.782638549804801 ], [ 7.63680505752569, 43.782638549804801 ], [ 7.63680505752569, 43.782917022705099 ], [ 7.63597297668468, 43.782917022705099 ], [ 7.63597297668468, 43.783195495605497 ], [ 7.63403797149658, 43.783195495605497 ], [ 7.63319492340088, 43.783195495605497 ], [ 7.63319492340088, 43.783473968505902 ], [ 7.63263893127441, 43.783473968505902 ], [ 7.63263893127441, 43.783748626708899 ], [ 7.63236093521129, 43.783748626708899 ], [ 7.63236093521129, 43.784027099609297 ], [ 7.63208198547369, 43.784027099609297 ], [ 7.63180494308483, 43.784027099609297 ], [ 7.63180494308483, 43.783748626708899 ], [ 7.63152885437006, 43.783748626708899 ], [ 7.63152885437006, 43.784027099609297 ], [ 7.62958192825323, 43.784027099609297 ], [ 7.62958192825323, 43.784305572509901 ], [ 7.62930393218988, 43.784305572509901 ], [ 7.62930393218988, 43.784027099609297 ], [ 7.62902879714966, 43.784027099609297 ], [ 7.62902879714966, 43.783748626708899 ], [ 7.6281938552857, 43.783748626708899 ], [ 7.6281938552857, 43.784027099609297 ], [ 7.62763786315924, 43.784027099609297 ], [ 7.62763786315924, 43.784305572509901 ], [ 7.62708187103277, 43.784305572509901 ], [ 7.62708187103277, 43.784584045410298 ], [ 7.62624979019176, 43.784584045410298 ], [ 7.62624979019176, 43.784305572509901 ], [ 7.62597179412842, 43.784305572509901 ], [ 7.62597179412842, 43.784027099609297 ], [ 7.62541580200195, 43.784027099609297 ], [ 7.62541580200195, 43.784305572509901 ], [ 7.62430620193481, 43.784305572509901 ], [ 7.62430620193481, 43.784584045410298 ], [ 7.62125015258789, 43.784584045410298 ], [ 7.62125015258789, 43.784862518310703 ], [ 7.62097215652477, 43.784862518310703 ], [ 7.62097215652477, 43.7851371765137 ], [ 7.62041616439831, 43.7851371765137 ], [ 7.62041616439831, 43.784862518310703 ], [ 7.61791610717785, 43.784862518310703 ], [ 7.61791610717785, 43.7851371765137 ], [ 7.61764001846313, 43.7851371765137 ], [ 7.61764001846313, 43.785415649414098 ], [ 7.61708402633667, 43.785415649414098 ], [ 7.61708402633667, 43.785694122314503 ], [ 7.61569309234625, 43.785694122314503 ], [ 7.61569309234625, 43.785415649414098 ], [ 7.61513996124267, 43.785415649414098 ], [ 7.61513996124267, 43.7851371765137 ], [ 7.61430501937878, 43.7851371765137 ], [ 7.61430501937878, 43.785415649414098 ], [ 7.61374902725231, 43.785415649414098 ], [ 7.61374902725231, 43.785694122314503 ], [ 7.61319494247442, 43.785694122314503 ], [ 7.61319494247442, 43.785972595214801 ], [ 7.61208295822143, 43.785972595214801 ], [ 7.61208295822143, 43.786251068115199 ], [ 7.6101388931275, 43.786251068115199 ], [ 7.6101388931275, 43.786529541015597 ], [ 7.60986089706415, 43.786529541015597 ], [ 7.60986089706415, 43.7868041992188 ], [ 7.60930490493786, 43.7868041992188 ], [ 7.60930490493786, 43.787082672119197 ], [ 7.60847282409668, 43.787082672119197 ], [ 7.60847282409668, 43.787361145019602 ], [ 7.60708284378057, 43.787361145019602 ], [ 7.60708284378057, 43.78763961792 ], [ 7.60597276687622, 43.78763961792 ], [ 7.60597276687622, 43.787918090820398 ], [ 7.60513877868658, 43.787918090820398 ], [ 7.60513877868658, 43.788192749023601 ], [ 7.60430717468262, 43.788192749023601 ], [ 7.60430717468262, 43.788471221923899 ], [ 7.60375118255615, 43.788471221923899 ], [ 7.60375118255615, 43.788749694824297 ], [ 7.6020817756654, 43.788749694824297 ], [ 7.6020817756654, 43.789028167724702 ], [ 7.60152912139904, 43.789028167724702 ], [ 7.60152912139904, 43.789306640625099 ], [ 7.60097217559826, 43.789306640625099 ], [ 7.60097217559826, 43.789585113525398 ], [ 7.60013818740845, 43.789585113525398 ], [ 7.60013818740845, 43.789306640625099 ], [ 7.59902811050409, 43.789306640625099 ], [ 7.59902811050409, 43.789585113525398 ], [ 7.59875011444097, 43.789585113525398 ], [ 7.59875011444097, 43.789859771728501 ], [ 7.59791612625116, 43.789859771728501 ], [ 7.59791612625116, 43.789585113525398 ], [ 7.59736013412487, 43.789585113525398 ], [ 7.59736013412487, 43.789306640625099 ], [ 7.59708404541016, 43.789306640625099 ], [ 7.59708213806158, 43.789028167724702 ], [ 7.59680604934698, 43.789028167724702 ], [ 7.59680604934698, 43.788749694824297 ], [ 7.59625005722052, 43.788749694824297 ], [ 7.59625005722052, 43.789028167724702 ], [ 7.59569406509405, 43.789028167724702 ], [ 7.59569406509405, 43.789306640625099 ], [ 7.59513998031616, 43.789306640625099 ], [ 7.59513998031616, 43.789028167724702 ], [ 7.59430599212658, 43.789028167724702 ], [ 7.59430599212658, 43.789585113525398 ], [ 7.59375, 43.789585113525398 ], [ 7.59375, 43.789859771728501 ], [ 7.59347200393677, 43.789859771728501 ], [ 7.59347200393677, 43.7901382446288 ], [ 7.59319400787359, 43.7901382446288 ], [ 7.59319400787359, 43.790416717529197 ], [ 7.5926399230957, 43.790416717529197 ], [ 7.5926399230957, 43.790695190429801 ], [ 7.59152793884277, 43.790695190429801 ], [ 7.59152793884277, 43.790973663330199 ], [ 7.59069395065319, 43.790973663330199 ], [ 7.59069395065319, 43.791248321533203 ], [ 7.59041786193842, 43.791248321533203 ], [ 7.59041595458984, 43.791526794433601 ], [ 7.58874893188471, 43.791526794433601 ], [ 7.58874893188471, 43.791805267333999 ], [ 7.58624887466425, 43.791805267333999 ], [ 7.58624887466425, 43.792083740234403 ], [ 7.58541679382324, 43.792083740234403 ], [ 7.58541679382324, 43.791805267333999 ], [ 7.58530616760254, 43.791805267333999 ], [ 7.58513879776012, 43.791805267333999 ], [ 7.58513879776012, 43.792083740234403 ], [ 7.58467388153088, 43.792083740234403 ], [ 7.58375120162964, 43.792083740234403 ], [ 7.58374881744385, 43.792362213134801 ], [ 7.58263921737671, 43.792362213134801 ], [ 7.58263921737671, 43.792083740234403 ], [ 7.58180522918707, 43.792083740234403 ], [ 7.58180522918707, 43.791805267333999 ], [ 7.58152723312378, 43.791805267333999 ], [ 7.58152723312378, 43.792083740234403 ], [ 7.58069515228271, 43.792083740234403 ], [ 7.58069515228271, 43.791805267333999 ], [ 7.57854795455927, 43.791805267333999 ], [ 7.57791709899914, 43.791805267333999 ], [ 7.57791709899914, 43.792083740234403 ], [ 7.57597303390497, 43.792083740234403 ], [ 7.57597303390497, 43.792362213134801 ], [ 7.57569503784185, 43.792362213134801 ], [ 7.57569503784185, 43.792083740234403 ], [ 7.5745849609375, 43.792083740234403 ], [ 7.5745849609375, 43.792362213134801 ], [ 7.57319402694714, 43.792362213134801 ], [ 7.57319402694714, 43.792083740234403 ], [ 7.57263803482061, 43.792083740234403 ], [ 7.57263803482061, 43.792362213134801 ], [ 7.57124996185314, 43.792362213134801 ], [ 7.57124996185314, 43.792083740234403 ], [ 7.57013797760021, 43.792083740234403 ], [ 7.57013797760021, 43.791805267333999 ], [ 7.56985998153687, 43.791805267333999 ], [ 7.56985998153687, 43.791526794433601 ], [ 7.56902790069586, 43.791526794433601 ], [ 7.56902790069586, 43.791248321533203 ], [ 7.56874990463268, 43.791248321533203 ], [ 7.56874990463268, 43.790695190429801 ], [ 7.56847190856939, 43.790695190429801 ], [ 7.56847190856939, 43.790416717529197 ], [ 7.56791591644287, 43.790416717529197 ], [ 7.56791591644287, 43.7901382446288 ], [ 7.56763792037975, 43.7901382446288 ], [ 7.56763792037975, 43.789859771728501 ], [ 7.5665278434754, 43.789859771728501 ], [ 7.5665278434754, 43.789585113525398 ], [ 7.56597185134893, 43.789585113525398 ], [ 7.56597185134893, 43.789859771728501 ], [ 7.56569385528559, 43.789859771728501 ], [ 7.56569385528559, 43.789585113525398 ], [ 7.56486177444458, 43.789585113525398 ], [ 7.56486177444458, 43.789859771728501 ], [ 7.5645837783814, 43.789859771728501 ], [ 7.5645837783814, 43.789585113525398 ], [ 7.56319379806513, 43.789585113525398 ], [ 7.56319379806513, 43.789306640625099 ], [ 7.56208419799805, 43.789306640625099 ], [ 7.56208419799805, 43.789028167724702 ], [ 7.56152677536022, 43.789028167724702 ], [ 7.56152677536022, 43.788749694824297 ], [ 7.56069278717041, 43.788749694824297 ], [ 7.56069278717041, 43.788471221923899 ], [ 7.56013917922979, 43.788471221923899 ], [ 7.56013917922979, 43.788192749023601 ], [ 7.55986118316662, 43.788192749023601 ], [ 7.55986118316662, 43.787918090820398 ], [ 7.55958318710327, 43.787918090820398 ], [ 7.55958318710327, 43.787837982177798 ], [ 7.55958318710327, 43.78763961792 ], [ 7.55949592590343, 43.78763961792 ], [ 7.55930519104015, 43.78763961792 ], [ 7.55930519104015, 43.787361145019602 ], [ 7.55902719497681, 43.787361145019602 ], [ 7.55902719497681, 43.787082672119197 ], [ 7.55925321578991, 43.787082672119197 ], [ 7.55930519104015, 43.786529541015597 ], [ 7.55958318710327, 43.786529541015597 ], [ 7.55958318710327, 43.785694122314503 ], [ 7.55986118316662, 43.785694122314503 ], [ 7.55986118316662, 43.784584045410298 ], [ 7.55958318710327, 43.784584045410298 ], [ 7.55958318710327, 43.784305572509901 ], [ 7.55874919891369, 43.784305572509901 ], [ 7.55874919891369, 43.784027099609297 ], [ 7.55831289291382, 43.784027099609297 ], [ 7.5581951141358, 43.784027099609297 ], [ 7.5581951141358, 43.783748626708899 ], [ 7.55791711807245, 43.783748626708899 ], [ 7.55791711807245, 43.783473968505902 ], [ 7.55763912200933, 43.783473968505902 ], [ 7.55763912200933, 43.782917022705099 ], [ 7.55791711807245, 43.782917022705099 ], [ 7.55791711807245, 43.782360076904403 ], [ 7.5581951141358, 43.782360076904403 ], [ 7.5581951141358, 43.781974792480497 ], [ 7.5581951141358, 43.781806945800803 ], [ 7.55847120285034, 43.781806945800803 ], [ 7.55847120285034, 43.78125 ], [ 7.55874919891369, 43.78125 ], [ 7.55874919891369, 43.780971527099702 ], [ 7.55763912200933, 43.780971527099702 ], [ 7.55763912200933, 43.780693054199297 ], [ 7.55680513381969, 43.780693054199297 ], [ 7.55680513381969, 43.780418395996101 ], [ 7.5565271377564, 43.780418395996101 ], [ 7.5565271377564, 43.780139923095703 ], [ 7.55624914169323, 43.780139923095703 ], [ 7.55624914169323, 43.779861450195298 ], [ 7.55513906478888, 43.779861450195298 ], [ 7.55513906478888, 43.780139923095703 ], [ 7.55446910858154, 43.780139923095703 ], [ 7.55430507659906, 43.780139923095703 ], [ 7.55430507659906, 43.780693054199297 ], [ 7.55402898788452, 43.780693054199297 ], [ 7.55402183532721, 43.78125 ], [ 7.55263900756842, 43.78125 ], [ 7.55263900756842, 43.781528472900398 ], [ 7.55238389968872, 43.781528472900398 ], [ 7.55208301544195, 43.781528472900398 ], [ 7.55208301544195, 43.78125 ], [ 7.55180501937866, 43.78125 ], [ 7.55180501937866, 43.780971527099702 ], [ 7.55125093460094, 43.780971527099702 ], [ 7.55125093460094, 43.780693054199297 ], [ 7.55041694641113, 43.780693054199297 ], [ 7.55041694641113, 43.780971527099702 ], [ 7.54986095428467, 43.780971527099702 ], [ 7.54986095428467, 43.78125 ], [ 7.54902887344366, 43.78125 ], [ 7.54902887344366, 43.781528472900398 ], [ 7.54680395126343, 43.781528472900398 ], [ 7.54680395126343, 43.781806945800803 ], [ 7.54652786254888, 43.781806945800803 ], [ 7.54652786254888, 43.782081604003999 ], [ 7.54624986648559, 43.782081604003999 ], [ 7.54624986648559, 43.782360076904403 ], [ 7.54597187042242, 43.782360076904403 ], [ 7.54597187042242, 43.782627105712898 ], [ 7.54597187042242, 43.782917022705099 ], [ 7.54569387435907, 43.782917022705099 ], [ 7.54569387435907, 43.783195495605497 ], [ 7.54513788223261, 43.783195495605497 ], [ 7.54513788223261, 43.783473968505902 ], [ 7.54486179351807, 43.783473968505902 ], [ 7.54486179351807, 43.783748626708899 ], [ 7.54347181320196, 43.783748626708899 ], [ 7.54347181320196, 43.784027099609297 ], [ 7.54263782501221, 43.784027099609297 ], [ 7.54263782501221, 43.784305572509901 ], [ 7.5409722328186, 43.784305572509901 ], [ 7.5409722328186, 43.784027099609297 ], [ 7.54041576385504, 43.784027099609297 ], [ 7.54041576385504, 43.783748626708899 ], [ 7.54013776779175, 43.783748626708899 ], [ 7.54013776779175, 43.783626556396499 ], [ 7.54013776779175, 43.783473968505902 ], [ 7.54041576385504, 43.783473968505902 ], [ 7.54041576385504, 43.782917022705099 ], [ 7.54013776779175, 43.782917022705099 ], [ 7.54013776779175, 43.782638549804801 ], [ 7.53986215591442, 43.782638549804801 ], [ 7.53986215591442, 43.782360076904403 ], [ 7.53847217559814, 43.782360076904403 ], [ 7.53847217559814, 43.782917022705099 ], [ 7.53764009475714, 43.782917022705099 ], [ 7.5376381874085, 43.783195495605497 ], [ 7.53652811050415, 43.783195495605497 ], [ 7.53652811050415, 43.782917022705099 ], [ 7.53597211837768, 43.782917022705099 ], [ 7.53597211837768, 43.782638549804801 ], [ 7.53486204147333, 43.782638549804801 ], [ 7.53486204147333, 43.782917022705099 ], [ 7.53458404541021, 43.782917022705099 ], [ 7.53458404541021, 43.783195495605497 ], [ 7.53319597244268, 43.783195495605497 ], [ 7.53319597244268, 43.783473968505902 ], [ 7.53291702270508, 43.783473968505902 ], [ 7.53291702270508, 43.784027099609297 ], [ 7.53124904632568, 43.784027099609297 ], [ 7.53124904632568, 43.783748626708899 ], [ 7.52958297729504, 43.783748626708899 ], [ 7.52958250045776, 43.783962249755902 ], [ 7.52982711791987, 43.784015655517599 ], [ 7.51872444152832, 43.8025131225587 ], [ 7.50762224197393, 43.839885711669901 ], [ 7.50175523757946, 43.845752716064503 ], [ 7.49664449691784, 43.850864410400497 ], [ 7.49889993667603, 43.872367858886697 ], [ 7.50904846191412, 43.878757476806598 ], [ 7.51435375213617, 43.883907318115199 ], [ 7.55051517486584, 43.8959579467775 ], [ 7.56134557724005, 43.899566650390703 ], [ 7.56085968017578, 43.902660369873097 ], [ 7.560387134552, 43.905670166015703 ], [ 7.55900859832764, 43.9144477844238 ], [ 7.55996608734137, 43.918003082275497 ], [ 7.57063150405884, 43.930973052978601 ], [ 7.57154083251953, 43.945339202880902 ], [ 7.58291196823131, 43.949188232422003 ], [ 7.60338163375855, 43.956119537353601 ], [ 7.61195135116589, 43.956485748291101 ], [ 7.65274477005016, 43.9760131835938 ], [ 7.66884756088268, 43.997615814208999 ], [ 7.66811037063604, 43.999698638916001 ], [ 7.66284322738647, 44.014575958252003 ], [ 7.6631498336792, 44.024700164794901 ], [ 7.66339302062994, 44.025222778320398 ], [ 7.66533279418951, 44.029380798339801 ], [ 7.70163536071783, 44.043029785156399 ], [ 7.71293449401867, 44.062484741211101 ], [ 7.71304559707642, 44.063095092773402 ], [ 7.71539306640631, 44.06254196167 ], [ 7.72704410552984, 44.061195373535199 ], [ 7.72816896438599, 44.061100006103501 ], [ 7.72883892059332, 44.061260223388601 ], [ 7.72929382324219, 44.0621948242188 ], [ 7.72980594635021, 44.063911437988303 ], [ 7.73004102706921, 44.0652465820313 ], [ 7.73035907745361, 44.066661834716797 ], [ 7.73078918457031, 44.068161010742202 ], [ 7.73162317276012, 44.069469451904197 ], [ 7.7355461120606, 44.074535369873097 ], [ 7.73671102523809, 44.075572967529197 ], [ 7.73777914047241, 44.076442718505902 ], [ 7.7389578819276, 44.0773544311525 ], [ 7.74004507064814, 44.077869415283203 ], [ 7.74114704132091, 44.078304290771499 ], [ 7.74997711181652, 44.080535888671903 ], [ 7.75952100753784, 44.084564208984403 ], [ 7.76015377044678, 44.084865570068501 ], [ 7.76042985916132, 44.085277557373203 ], [ 7.76018285751343, 44.085399627685597 ], [ 7.75987482070934, 44.0855522155762 ], [ 7.75920820236218, 44.085769653320298 ], [ 7.75875711441046, 44.085861206054702 ], [ 7.75819301605219, 44.085945129394602 ], [ 7.75708103179943, 44.085990905761697 ], [ 7.75595617294323, 44.086032867431797 ], [ 7.75482082366943, 44.085983276367202 ], [ 7.75396013259888, 44.0859184265137 ], [ 7.7481770515443, 44.085403442382798 ], [ 7.74332189559942, 44.084705352783303 ], [ 7.74281120300299, 44.084552764892599 ], [ 7.74224090576172, 44.084430694580099 ], [ 7.74126911163336, 44.084358215332102 ], [ 7.73473882675177, 44.084293365478601 ], [ 7.73442220687872, 44.084430694580099 ], [ 7.73395919799805, 44.084629058837898 ], [ 7.73356199264538, 44.084861755371101 ], [ 7.73308277130133, 44.085239410400497 ], [ 7.72708082199097, 44.093311309814403 ], [ 7.72295093536383, 44.0989379882812 ], [ 7.72260093688971, 44.099517822265597 ], [ 7.72036314010626, 44.105461120605497 ], [ 7.72109603881847, 44.110927581787202 ], [ 7.72241783142096, 44.112735748291101 ], [ 7.72429418563854, 44.116184234619297 ], [ 7.72453498840332, 44.117176055908203 ], [ 7.72419023513788, 44.121799468994197 ], [ 7.72423315048224, 44.121955871582102 ], [ 7.72440814971924, 44.122505187988303 ], [ 7.72458600997925, 44.1229858398438 ], [ 7.72529506683355, 44.124881744384801 ], [ 7.72570180892956, 44.125679016113303 ], [ 7.72642183303833, 44.126499176025298 ], [ 7.72736978530895, 44.127220153808601 ], [ 7.72899484634405, 44.128299713134801 ], [ 7.72991180419928, 44.128677368164198 ], [ 7.73156023025518, 44.128768920898501 ], [ 7.73235893249517, 44.128787994384702 ], [ 7.73325109481823, 44.128562927246101 ], [ 7.73409223556513, 44.128383636474702 ], [ 7.7352528572082, 44.128475189208999 ], [ 7.73779201507563, 44.128910064697301 ], [ 7.73830318450933, 44.129005432128999 ], [ 7.739091873169, 44.129520416259901 ], [ 7.73936319351208, 44.1296997070312 ], [ 7.73958492279058, 44.129848480224702 ], [ 7.74562215805054, 44.134552001953203 ], [ 7.74631786346435, 44.135307312011797 ], [ 7.74709081649786, 44.136337280273402 ], [ 7.75523614883429, 44.138618469238303 ], [ 7.76109981536865, 44.140907287597599 ], [ 7.76308488845836, 44.141609191894602 ], [ 7.76380491256714, 44.141860961914098 ], [ 7.77620887756342, 44.140953063964801 ], [ 7.78615808486944, 44.13671875 ], [ 7.79054594039923, 44.134773254394602 ], [ 7.79136705398559, 44.134323120117202 ], [ 7.79561996459967, 44.131633758545 ], [ 7.81637620925903, 44.124225616455099 ], [ 7.8170661926269, 44.124050140380902 ], [ 7.83219194412231, 44.121009826660298 ], [ 7.83938980102533, 44.120418548583999 ], [ 7.84057378768927, 44.120574951171903 ], [ 7.84446001052862, 44.121261596679702 ], [ 7.84762096405029, 44.121925354003999 ], [ 7.84874677658081, 44.121891021728601 ], [ 7.86718416213989, 44.119129180908303 ], [ 7.88114500045782, 44.114395141601598 ], [ 7.88185501098638, 44.1138725280763 ], [ 7.88224220275873, 44.113212585449297 ], [ 7.8833532333374, 44.110630035400497 ], [ 7.88501691818237, 44.1056327819825 ], [ 7.88959884643555, 44.106719970703203 ], [ 7.89028310775763, 44.106868743896499 ], [ 7.904541015625, 44.109500885009901 ], [ 7.90516376495373, 44.109588623047003 ], [ 7.91376781463623, 44.110580444335902 ], [ 7.91460418701183, 44.110595703125 ], [ 7.9158959388734, 44.110340118408203 ], [ 7.91715002059931, 44.1101264953613 ], [ 7.91798877716059, 44.110008239746101 ], [ 7.91906595230097, 44.109893798828203 ], [ 7.92006683349615, 44.109794616699297 ], [ 7.92110586166382, 44.109703063964901 ], [ 7.9222297668457, 44.109714508056598 ], [ 7.92326402664196, 44.1099243164063 ], [ 7.92456912994379, 44.110275268554702 ], [ 7.92525196075439, 44.110527038574297 ], [ 7.92587184906006, 44.110774993896499 ], [ 7.92635583877569, 44.110988616943501 ], [ 7.92702484130854, 44.111282348632898 ], [ 7.93648576736444, 44.102012634277301 ], [ 7.94342613220215, 44.101097106933601 ], [ 7.94382476806641, 44.101848602295 ], [ 7.94467592239386, 44.102451324462997 ], [ 7.94574213027954, 44.102920532226698 ], [ 7.94717311859142, 44.103229522705 ], [ 7.95249319076549, 44.1041069030762 ], [ 7.95414876937872, 44.1036567687988 ], [ 7.95464277267456, 44.103542327880902 ], [ 7.95531177520758, 44.103603363037102 ], [ 7.95707988739014, 44.103916168212898 ], [ 7.95906591415417, 44.1046752929688 ], [ 7.95984506607067, 44.105087280273402 ], [ 7.96162605285644, 44.106151580810497 ], [ 7.96252584457403, 44.106777191162202 ], [ 7.96310615539562, 44.107242584228501 ], [ 7.96374177932745, 44.108024597167997 ], [ 7.96414804458618, 44.108692169189503 ], [ 7.96573591232305, 44.111885070800902 ], [ 7.97259283065807, 44.114078521728601 ], [ 7.97797489166254, 44.112140655517699 ], [ 8.00495719909679, 44.103424072265703 ], [ 8.00569629669201, 44.103313446045 ], [ 8.0070562362672, 44.103424072265703 ], [ 8.00794124603271, 44.1035766601562 ], [ 8.008797645568899, 44.103836059570398 ], [ 8.01129341125494, 44.104766845703203 ], [ 8.0119132995606, 44.105079650878899 ], [ 8.01414203643799, 44.106853485107401 ], [ 8.01665210723877, 44.111671447753999 ], [ 8.01254463195801, 44.111900329589801 ], [ 8.004878997802789, 44.115306854247997 ], [ 8.00374126434337, 44.117603302002003 ], [ 8.004190444946291, 44.1179389953613 ], [ 8.00508880615234, 44.117893218994197 ], [ 8.006127357482971, 44.117866516113303 ], [ 8.007487297058161, 44.1179428100587 ], [ 8.00897216796881, 44.118080139160199 ], [ 8.009842872619631, 44.118301391601598 ], [ 8.013949394226071, 44.120635986328203 ], [ 8.01365375518805, 44.12109375 ], [ 8.01303958892834, 44.121913909912102 ], [ 8.01240253448481, 44.122676849365199 ], [ 8.007685661315969, 44.126674652099702 ], [ 8.00699138641369, 44.127128601074297 ], [ 8.00572395324707, 44.127407073974702 ], [ 8.004338264465449, 44.127349853515597 ], [ 7.99710083007818, 44.127437591552798 ], [ 7.99594783782965, 44.127628326416101 ], [ 7.99384021759039, 44.128086090087898 ], [ 7.99278497695917, 44.128383636474702 ], [ 7.9922890663147, 44.1288833618163 ], [ 7.99208688735973, 44.129745483398501 ], [ 7.99194383621227, 44.130813598632798 ], [ 7.99209403991705, 44.131511688232401 ], [ 7.99243021011358, 44.132339477539098 ], [ 7.99279308319097, 44.133083343505902 ], [ 7.9925150871278, 44.133251190185597 ], [ 7.98957014083868, 44.134319305419901 ], [ 7.98307991027838, 44.134552001953203 ], [ 7.98142576217651, 44.134483337402401 ], [ 7.98000001907354, 44.134479522705199 ], [ 7.97984695434576, 44.137611389160298 ], [ 7.98011922836309, 44.138534545898501 ], [ 7.98070287704468, 44.139438629150497 ], [ 7.98166418075562, 44.1402397155762 ], [ 7.98373794555675, 44.141761779785199 ], [ 7.98567676544201, 44.143184661865298 ], [ 7.98647212982189, 44.143745422363402 ], [ 7.99008703231817, 44.145675659179702 ], [ 7.99190187454224, 44.1468505859375 ], [ 7.99476289749146, 44.148506164550902 ], [ 8.00415134429932, 44.153884887695298 ], [ 8.00697135925299, 44.1551933288575 ], [ 8.010501861572269, 44.156581878662202 ], [ 8.012893676757811, 44.156871795654297 ], [ 8.01759624481207, 44.156875610351698 ], [ 8.019010543823301, 44.156715393066499 ], [ 8.029842376709039, 44.155063629150497 ], [ 8.03391170501715, 44.152309417724602 ], [ 8.03598690032965, 44.150821685791101 ], [ 8.037215232849229, 44.149913787841903 ], [ 8.040278434753469, 44.147636413574197 ], [ 8.04127788543707, 44.146869659423899 ], [ 8.042342185974229, 44.146022796630902 ], [ 8.04319477081305, 44.145030975341797 ], [ 8.044008255004879, 44.143795013427798 ], [ 8.04555702209473, 44.143520355224602 ], [ 8.04704666137707, 44.1434135437013 ], [ 8.05031967163097, 44.143531799316499 ], [ 8.05370616912853, 44.143657684326101 ], [ 8.05554008483881, 44.143871307372997 ], [ 8.068363189697321, 44.145660400390597 ], [ 8.069258689880479, 44.145946502685497 ], [ 8.07031154632568, 44.146595001220803 ], [ 8.071499824524039, 44.147354125976698 ], [ 8.07225418090832, 44.147907257080099 ], [ 8.07305431365967, 44.148708343505902 ], [ 8.074074745178329, 44.149776458740199 ], [ 8.075346946716421, 44.151542663574297 ], [ 8.075879096984981, 44.152698516845803 ], [ 8.07598972320568, 44.1535835266113 ], [ 8.075839996338001, 44.154418945312599 ], [ 8.07555675506592, 44.155731201172003 ], [ 8.07612609863293, 44.160175323486399 ], [ 8.083293914795039, 44.169219970703203 ], [ 8.083763122558709, 44.169807434082102 ], [ 8.08430099487305, 44.170314788818501 ], [ 8.08441162109375, 44.170402526855597 ], [ 8.085349082946779, 44.171066284179702 ], [ 8.08541393280024, 44.171112060546903 ], [ 8.09179115295416, 44.174114227295 ], [ 8.09525394439709, 44.176380157470803 ], [ 8.097366333007811, 44.178592681884801 ], [ 8.09785747528076, 44.179191589355597 ], [ 8.098232269287109, 44.1796875 ], [ 8.09825611114502, 44.179939270019602 ], [ 8.09798622131348, 44.180362701416101 ], [ 8.096066474914609, 44.182846069336101 ], [ 8.09579563140881, 44.183181762695398 ], [ 8.094144821167051, 44.193092346191499 ], [ 8.09660720825201, 44.197925567627003 ], [ 8.09465312957769, 44.199916839599702 ], [ 8.09407901763927, 44.200458526611399 ], [ 8.089897155761831, 44.203506469726598 ], [ 8.08903026580805, 44.2041206359863 ], [ 8.08674430847174, 44.204322814941499 ], [ 8.08516883850109, 44.204540252685497 ], [ 8.0757150650025, 44.206760406494297 ], [ 8.067954063415471, 44.215568542480497 ], [ 8.066861152648981, 44.217056274414098 ], [ 8.066626548767029, 44.217380523681697 ], [ 8.06652832031256, 44.217544555664198 ], [ 8.06645965576166, 44.2177543640137 ], [ 8.066426277160639, 44.217910766601698 ], [ 8.06714439392101, 44.2238388061525 ], [ 8.06723785400391, 44.224163055419901 ], [ 8.06826877594, 44.226169586181697 ], [ 8.069799423217891, 44.228263854980497 ], [ 8.07036781311035, 44.228218078613402 ], [ 8.07187557220465, 44.229301452636797 ], [ 8.07842445373541, 44.234809875488303 ], [ 8.081728935241809, 44.239669799804801 ], [ 8.08210468292242, 44.240402221679801 ], [ 8.082158088684199, 44.241016387939503 ], [ 8.082075119018549, 44.241527557372997 ], [ 8.0819520950318, 44.242218017578097 ], [ 8.081681251525991, 44.242683410644602 ], [ 8.07265186309826, 44.249156951904297 ], [ 8.065561294555661, 44.253284454345803 ], [ 8.0641593933106, 44.254047393798899 ], [ 8.06649398803722, 44.256011962890703 ], [ 8.067399024963491, 44.256595611572301 ], [ 8.06876468658441, 44.257373809814503 ], [ 8.073334693908629, 44.2598686218262 ], [ 8.0745668411256, 44.260391235351598 ], [ 8.075575828552189, 44.260730743408303 ], [ 8.076560020446779, 44.261035919189503 ], [ 8.07773494720459, 44.261280059814503 ], [ 8.07870960235601, 44.261367797851598 ], [ 8.081001281738279, 44.262279510498203 ], [ 8.081734657287541, 44.262573242187599 ], [ 8.0823183059693, 44.2630004882812 ], [ 8.08652305603033, 44.266399383545 ], [ 8.086906433105471, 44.266738891601698 ], [ 8.087709426879879, 44.267471313476598 ], [ 8.088251113891539, 44.268100738525398 ], [ 8.09176063537603, 44.275768280029403 ], [ 8.091024398803709, 44.274890899658097 ], [ 8.08966159820562, 44.275272369384702 ], [ 8.085147857666071, 44.278049468994197 ], [ 8.083931922912649, 44.278812408447301 ], [ 8.083023071289171, 44.279777526855497 ], [ 8.082597732544, 44.280929565429702 ], [ 8.08230495452881, 44.282157897949297 ], [ 8.082078933715881, 44.283435821533303 ], [ 8.081827163696291, 44.284481048583999 ], [ 8.0809526443482, 44.285381317138601 ], [ 8.079067230224659, 44.287235260009901 ], [ 8.07818126678467, 44.2878227233888 ], [ 8.077108383178709, 44.288501739502003 ], [ 8.07422447204584, 44.289680480957003 ], [ 8.067868232727159, 44.2894515991212 ], [ 8.06634521484381, 44.289325714111399 ], [ 8.06462001800543, 44.289245605468899 ], [ 8.06375694274902, 44.292362213134801 ], [ 8.063688278198359, 44.293621063232401 ], [ 8.064298629760691, 44.294551849365199 ], [ 8.064748764038089, 44.295646667480497 ], [ 8.06471061706543, 44.296825408935497 ], [ 8.06411170959478, 44.2979927062988 ], [ 8.063509941101071, 44.299091339111399 ], [ 8.06277465820324, 44.299995422363303 ], [ 8.061824798583981, 44.300899505615298 ], [ 8.060803413391231, 44.3016777038575 ], [ 8.064864158630479, 44.304523468017599 ], [ 8.068428993225099, 44.306400299072301 ], [ 8.070634841919, 44.309360504150497 ], [ 8.07135105133062, 44.3105697631837 ], [ 8.07118415832525, 44.311580657958999 ], [ 8.07208156585699, 44.312667846679702 ], [ 8.077083587646481, 44.314929962158303 ], [ 8.07875442504877, 44.314723968506001 ], [ 8.07977581024176, 44.314403533935497 ], [ 8.08107280731201, 44.313758850097699 ], [ 8.082251548767029, 44.312961578369197 ], [ 8.083188056945801, 44.312137603759801 ], [ 8.083334922790581, 44.311874389648501 ], [ 8.083521842956539, 44.311149597167997 ], [ 8.0838127136231, 44.310195922851598 ], [ 8.084091186523491, 44.3092880249025 ], [ 8.084935188293461, 44.308197021484403 ], [ 8.08558368682867, 44.307571411132898 ], [ 8.08668136596685, 44.307121276855497 ], [ 8.09282970428478, 44.305065155029297 ], [ 8.100174903869689, 44.302612304687599 ], [ 8.102440834045471, 44.302009582519602 ], [ 8.10301876068127, 44.301902770996101 ], [ 8.1039924621582, 44.307113647461001 ], [ 8.10591125488293, 44.311210632324297 ], [ 8.10653686523438, 44.311958312988402 ], [ 8.10759258270264, 44.312625885009901 ], [ 8.108732223510859, 44.313671112060497 ], [ 8.109606742859, 44.314704895019503 ], [ 8.110124588012811, 44.316085815429702 ], [ 8.109830856323301, 44.317287445068402 ], [ 8.10968780517584, 44.317718505859403 ], [ 8.10930538177502, 44.318878173828097 ], [ 8.107602119445801, 44.323726654052699 ], [ 8.10717105865479, 44.324848175048899 ], [ 8.106613159179741, 44.326114654541101 ], [ 8.10618972778332, 44.327541351318402 ], [ 8.10609436035168, 44.328865051269602 ], [ 8.10635280609131, 44.329990386962997 ], [ 8.10696411132818, 44.332614898681697 ], [ 8.10750389099127, 44.3333511352538 ], [ 8.1080379486084, 44.333793640136697 ], [ 8.10882377624517, 44.334026336669901 ], [ 8.110264778137211, 44.334152221679702 ], [ 8.11100387573242, 44.334213256836001 ], [ 8.11224365234375, 44.334243774414198 ], [ 8.113961219787541, 44.334274291992301 ], [ 8.12599563598638, 44.3340454101563 ], [ 8.12637615203869, 44.3340072631837 ], [ 8.135349273681751, 44.333072662353501 ], [ 8.13706207275391, 44.338924407959098 ], [ 8.137351036071889, 44.339717864990298 ], [ 8.139560699463001, 44.343029022216797 ], [ 8.14030647277826, 44.343521118164098 ], [ 8.14271354675293, 44.344413757324197 ], [ 8.144120216369631, 44.345161437988402 ], [ 8.145364761352599, 44.345829010009901 ], [ 8.145978927612299, 44.346752166748203 ], [ 8.14942264556896, 44.354068756103501 ], [ 8.149661064148059, 44.354972839355497 ], [ 8.149699211120611, 44.355781555175803 ], [ 8.14956665039074, 44.356277465820298 ], [ 8.14934444427502, 44.356948852539198 ], [ 8.14817619323742, 44.359615325927699 ], [ 8.146519660949711, 44.363048553466797 ], [ 8.14611911773687, 44.363883972167997 ], [ 8.142544746398929, 44.369041442871101 ], [ 8.15142154693604, 44.376293182373097 ], [ 8.150582313537541, 44.3857612609863 ], [ 8.16299438476562, 44.386802673339801 ], [ 8.164301872253469, 44.387523651123097 ], [ 8.165644645690969, 44.388469696045 ], [ 8.16707229614252, 44.389606475830099 ], [ 8.16823768615728, 44.390632629394503 ], [ 8.170144081115779, 44.392589569091797 ], [ 8.170907974243219, 44.393524169921903 ], [ 8.18231868743902, 44.398117065429702 ], [ 8.18621921539318, 44.396633148193402 ], [ 8.18756771087646, 44.396270751953203 ], [ 8.18902587890631, 44.396923065185703 ], [ 8.20456218719494, 44.4058647155763 ], [ 8.20910835266119, 44.411312103271499 ], [ 8.20905685424805, 44.413257598877003 ], [ 8.20902824401867, 44.417236328125099 ], [ 8.20914840698248, 44.417659759521499 ], [ 8.209342002868651, 44.4181137084962 ], [ 8.210307121276969, 44.419315338134801 ], [ 8.214577674865779, 44.423900604247997 ], [ 8.21548461914062, 44.424644470214901 ], [ 8.220559120178329, 44.427257537841903 ], [ 8.222897529602109, 44.430526733398501 ], [ 8.22241973876964, 44.433879852295 ], [ 8.21979236602783, 44.437622070312599 ], [ 8.20929622650141, 44.448253631591903 ], [ 8.208957672119199, 44.4485893249513 ], [ 8.20821189880377, 44.449104309082102 ], [ 8.211318969726619, 44.456485748291001 ], [ 8.2095155715943, 44.457851409912102 ], [ 8.206464767456049, 44.459541320800803 ], [ 8.20277690887451, 44.461578369140597 ], [ 8.19924831390381, 44.463512420654403 ], [ 8.198259353637811, 44.464084625244297 ], [ 8.19749832153326, 44.464572906494197 ], [ 8.19679832458502, 44.4652328491212 ], [ 8.19687652587902, 44.465946197509901 ], [ 8.197990417480529, 44.468204498291101 ], [ 8.198480606079039, 44.468597412109403 ], [ 8.19951629638677, 44.470607757568402 ], [ 8.20696830749506, 44.477935791015597 ], [ 8.219541549682731, 44.482791900634702 ], [ 8.22238159179693, 44.484821319580099 ], [ 8.224332809448191, 44.486579895019602 ], [ 8.224381446838491, 44.486640930175902 ], [ 8.21775531768805, 44.496250152587898 ], [ 8.217546463012811, 44.496833801269503 ], [ 8.217263221740779, 44.4982719421387 ], [ 8.21755218505859, 44.499198913574297 ], [ 8.218110084533629, 44.500804901123097 ], [ 8.22224330902111, 44.509586334228601 ], [ 8.22449970245356, 44.513957977295 ], [ 8.22522735595709, 44.515140533447301 ], [ 8.226834297180179, 44.516357421875099 ], [ 8.246212005615179, 44.524501800537202 ], [ 8.253860473632869, 44.5297241210938 ], [ 8.26263523101812, 44.5204086303712 ], [ 8.268730163574279, 44.515598297119098 ], [ 8.269278526306209, 44.514965057373203 ], [ 8.269676208496151, 44.514430999756001 ], [ 8.27080726623535, 44.511516571045 ], [ 8.272375106811641, 44.507762908935703 ], [ 8.272945404052731, 44.507408142089901 ], [ 8.291653633117679, 44.503787994384801 ], [ 8.29294013977051, 44.503555297851598 ], [ 8.294424057006889, 44.503456115722798 ], [ 8.2986268997193, 44.503364562988303 ], [ 8.30561542510986, 44.503612518310497 ], [ 8.31236171722418, 44.499954223632898 ], [ 8.31582641601568, 44.497299194336001 ], [ 8.317040443420471, 44.495605468750099 ], [ 8.32186412811291, 44.489368438720803 ], [ 8.32269859313976, 44.488986968994197 ], [ 8.323970794677789, 44.488727569580099 ], [ 8.324123382568409, 44.4887084960938 ], [ 8.325053215026911, 44.488605499267599 ], [ 8.328272819519039, 44.488582611083999 ], [ 8.337259292602591, 44.488983154296797 ], [ 8.34882640838623, 44.4868354797363 ], [ 8.35023689270025, 44.486518859863303 ], [ 8.351113319396971, 44.4857788085938 ], [ 8.357741355895991, 44.470619201660298 ], [ 8.35955142974859, 44.465900421142599 ], [ 8.36059379577642, 44.465961456298899 ], [ 8.36342620849604, 44.466724395752102 ], [ 8.36483001708984, 44.467109680175803 ], [ 8.366457939148001, 44.467670440673899 ], [ 8.368197441101129, 44.468379974365298 ], [ 8.373684883117679, 44.471282958984403 ], [ 8.37635803222668, 44.475276947021499 ], [ 8.39268779754633, 44.477821350097699 ], [ 8.39349079132074, 44.478015899658097 ], [ 8.3951292037965, 44.480060577392699 ], [ 8.39550685882568, 44.481197357177798 ], [ 8.40183258056641, 44.503364562988303 ], [ 8.40494918823242, 44.509941101074297 ], [ 8.40561199188244, 44.510154724121001 ], [ 8.419646263122671, 44.514244079589901 ], [ 8.42010021209728, 44.514217376709098 ], [ 8.42073440551752, 44.513664245605497 ], [ 8.426571846008359, 44.507209777832102 ], [ 8.427084922790639, 44.506160736083999 ], [ 8.436343193054309, 44.503524780273402 ], [ 8.44507026672375, 44.501419067382798 ], [ 8.45055580139166, 44.4983520507812 ], [ 8.452623367309631, 44.505645751953097 ], [ 8.454459190368709, 44.510955810546903 ], [ 8.459858894348089, 44.517238616943402 ], [ 8.46064662933361, 44.517784118652301 ], [ 8.4638490676881, 44.519744873046903 ], [ 8.47049713134766, 44.522800445556797 ], [ 8.47096443176275, 44.523097991943402 ], [ 8.47147846221935, 44.523380279541101 ], [ 8.471714973449711, 44.523445129394602 ], [ 8.47258853912354, 44.5228080749513 ], [ 8.474785804748651, 44.5205688476563 ], [ 8.47603321075451, 44.518978118896598 ], [ 8.47625255584717, 44.518367767333999 ], [ 8.48414611816418, 44.5120658874512 ], [ 8.50155544281006, 44.510650634765703 ], [ 8.51532745361334, 44.5108451843262 ], [ 8.527680397033629, 44.512176513671903 ], [ 8.533255577087459, 44.513378143310597 ], [ 8.534218788146971, 44.514045715332102 ], [ 8.534934043884279, 44.5143013000488 ], [ 8.5358390808106, 44.514316558837898 ], [ 8.54427719116217, 44.513168334961101 ], [ 8.544718742370611, 44.5129623413087 ], [ 8.545302391052299, 44.512371063232401 ], [ 8.54569625854492, 44.5117797851563 ], [ 8.547389030456539, 44.509239196777301 ], [ 8.548089981079221, 44.508052825927798 ], [ 8.54820919036877, 44.507343292236399 ], [ 8.54818820953375, 44.506767272949197 ], [ 8.54864597320551, 44.506076812744098 ], [ 8.54987335205084, 44.505313873291001 ], [ 8.550592422485289, 44.504955291747997 ], [ 8.55134773254389, 44.504798889160298 ], [ 8.552885055542051, 44.504478454589801 ], [ 8.560750961303819, 44.503780364990199 ], [ 8.56111526489252, 44.503810882568402 ], [ 8.56418514251715, 44.507125854492202 ], [ 8.57721710205089, 44.510189056396499 ], [ 8.573862075805611, 44.522335052490199 ], [ 8.574277877807731, 44.523403167724702 ], [ 8.57481193542486, 44.524288177490298 ], [ 8.596837997436459, 44.538314819336001 ], [ 8.599372863769471, 44.539257049560497 ], [ 8.60062980651867, 44.5396118164063 ], [ 8.601759910583549, 44.539840698242202 ], [ 8.60293006896978, 44.539890289306697 ], [ 8.604454040527401, 44.539726257324197 ], [ 8.60696315765375, 44.539051055908097 ], [ 8.60814857482921, 44.538505554199297 ], [ 8.61314868927008, 44.543834686279297 ], [ 8.613423347473139, 44.544258117675902 ], [ 8.614590644836429, 44.546474456787202 ], [ 8.61478900909424, 44.547069549560497 ], [ 8.61450862884527, 44.547565460205099 ], [ 8.61396408081049, 44.548084259033203 ], [ 8.613394737243709, 44.548526763916101 ], [ 8.6087522506715, 44.5519828796388 ], [ 8.60405635833752, 44.554027557373097 ], [ 8.600875854492299, 44.555114746093899 ], [ 8.599307060241699, 44.556480407715 ], [ 8.59892654418945, 44.556838989257898 ], [ 8.598872184753359, 44.557521820068501 ], [ 8.601943016052299, 44.5687866210938 ], [ 8.60226726531994, 44.569202423095703 ], [ 8.602768898010369, 44.569446563720703 ], [ 8.60570621490479, 44.570789337158303 ], [ 8.60684967041016, 44.571018218994197 ], [ 8.610812187194879, 44.57177734375 ], [ 8.611568450927789, 44.571743011474702 ], [ 8.61205959320074, 44.571510314941499 ], [ 8.612453460693359, 44.571109771728501 ], [ 8.6126451492309, 44.570568084716797 ], [ 8.612750053405881, 44.570037841797003 ], [ 8.61308002471924, 44.569507598877003 ], [ 8.6139898300172, 44.569122314453097 ], [ 8.614909172058111, 44.5690727233887 ], [ 8.6156377792359, 44.569282531738203 ], [ 8.615977287292591, 44.569553375244297 ], [ 8.61723804473877, 44.571178436279403 ], [ 8.621224403381399, 44.577690124511697 ], [ 8.62027740478521, 44.582061767578097 ], [ 8.61989784240728, 44.582393646240199 ], [ 8.619932174682621, 44.582942962646499 ], [ 8.62017917633051, 44.583610534667997 ], [ 8.620366096496641, 44.583980560302798 ], [ 8.620835304260311, 44.584735870361399 ], [ 8.621207237243709, 44.585163116455199 ], [ 8.621608734130859, 44.585460662841797 ], [ 8.62220954895025, 44.585887908935597 ], [ 8.62307643890386, 44.586357116699297 ], [ 8.62492084503174, 44.587345123291001 ], [ 8.62661075592052, 44.585170745849702 ], [ 8.62739372253418, 44.584732055663999 ], [ 8.63260841369623, 44.581817626953203 ], [ 8.633529663085939, 44.581420898437599 ], [ 8.64264678955089, 44.579589843749901 ], [ 8.662716865539609, 44.580169677734403 ], [ 8.66320610046381, 44.580398559570298 ], [ 8.66781139373785, 44.583419799804702 ], [ 8.67004489898687, 44.582576751708999 ], [ 8.6779985427857, 44.579036712646499 ], [ 8.679970741272029, 44.5775566101075 ], [ 8.681197166442869, 44.576686859130902 ], [ 8.682474136352599, 44.575843811035199 ], [ 8.686475753784119, 44.578697204589801 ], [ 8.68755435943604, 44.579532623291001 ], [ 8.69110202789318, 44.582920074462798 ], [ 8.697182655334579, 44.580718994140703 ], [ 8.698040008545039, 44.580448150634702 ], [ 8.699275016784719, 44.580379486083999 ], [ 8.700331687927299, 44.580375671386697 ], [ 8.701174736023001, 44.580448150634702 ], [ 8.701930046081539, 44.580677032470703 ], [ 8.703475952148549, 44.5811767578125 ], [ 8.70403480529791, 44.581375122070398 ], [ 8.70489311218267, 44.581790924072301 ], [ 8.70616436004644, 44.582138061523501 ], [ 8.70676803588873, 44.582218170166001 ], [ 8.714146614074711, 44.582427978515703 ], [ 8.71512985229498, 44.582412719726698 ], [ 8.71612453460693, 44.582286834716903 ], [ 8.718960762023981, 44.581916809082003 ], [ 8.71981811523443, 44.581703186035199 ], [ 8.720992088317979, 44.581264495849602 ], [ 8.72205162048345, 44.580825805664098 ], [ 8.72301197052008, 44.580226898193501 ], [ 8.723897933959959, 44.579353332519602 ], [ 8.727847099304199, 44.575069427490298 ], [ 8.73247241973877, 44.57177734375 ], [ 8.732887268066349, 44.5716781616212 ], [ 8.73381996154791, 44.5713920593262 ], [ 8.74034309387218, 44.559940338134801 ], [ 8.74110507965082, 44.558464050292997 ], [ 8.741323471069389, 44.557788848877003 ], [ 8.74125003814709, 44.557060241699297 ], [ 8.73924160003668, 44.552734375 ], [ 8.74963378906261, 44.551326751708999 ], [ 8.75037860870361, 44.550815582275398 ], [ 8.75100040435802, 44.5499076843263 ], [ 8.758035659790099, 44.537651062011697 ], [ 8.756804466247621, 44.531570434570298 ], [ 8.7544374465943, 44.528713226318501 ], [ 8.7508049011231, 44.527736663818402 ], [ 8.750860214233461, 44.526626586914098 ], [ 8.75118827819824, 44.526283264160199 ], [ 8.75244903564459, 44.525836944580199 ], [ 8.754540443420471, 44.525157928466797 ], [ 8.75496864318853, 44.525077819824197 ], [ 8.7563676834107, 44.527465820312599 ], [ 8.75894832611095, 44.530281066894602 ], [ 8.759713172912649, 44.530921936035298 ], [ 8.760440826415961, 44.531185150146598 ], [ 8.76152420043951, 44.531204223632798 ], [ 8.76458930969233, 44.529491424560703 ], [ 8.76624202728266, 44.528442382812599 ], [ 8.767642974853629, 44.527290344238402 ], [ 8.7680482864381, 44.526817321777301 ], [ 8.76861572265625, 44.525924682617202 ], [ 8.768972396850639, 44.524971008300803 ], [ 8.77122116088873, 44.509429931640597 ], [ 8.7705078125, 44.498016357421903 ], [ 8.770063400268549, 44.497554779052798 ], [ 8.76799869537348, 44.4942817687988 ], [ 8.76772499084478, 44.493694305419901 ], [ 8.76799201965343, 44.492912292480497 ], [ 8.769370079040581, 44.4912338256837 ], [ 8.77001380920416, 44.4906196594238 ], [ 8.77079391479492, 44.490341186523402 ], [ 8.772642135620231, 44.4903984069825 ], [ 8.778011322021481, 44.489673614501903 ], [ 8.78375816345209, 44.4892387390138 ], [ 8.789078712463439, 44.488983154296797 ], [ 8.78931999206543, 44.4889945983887 ], [ 8.78931331634516, 44.489105224609403 ], [ 8.79038238525396, 44.497386932373097 ], [ 8.79381847381592, 44.4988822937012 ], [ 8.797703742980961, 44.501071929931797 ], [ 8.798530578613279, 44.505996704101598 ], [ 8.798233985900939, 44.511711120605497 ], [ 8.7979240417481, 44.514240264892699 ], [ 8.797250747680661, 44.516220092773601 ], [ 8.796730995178279, 44.517211914062401 ], [ 8.79631328582764, 44.518093109130902 ], [ 8.79614734649658, 44.518867492675803 ], [ 8.79614353179937, 44.519737243652301 ], [ 8.796157836914171, 44.522819519042997 ], [ 8.800129890441839, 44.5311088562012 ], [ 8.80222702026367, 44.5324516296387 ], [ 8.80330657958984, 44.533130645752102 ], [ 8.805341720581049, 44.534347534179801 ], [ 8.80743980407715, 44.535556793212898 ], [ 8.80826759338373, 44.535945892334098 ], [ 8.80916118621832, 44.536243438720703 ], [ 8.82025241851801, 44.539134979248097 ], [ 8.820804595947321, 44.539089202880902 ], [ 8.82161140441889, 44.538993835449197 ], [ 8.822996139526481, 44.538913726806598 ], [ 8.82363796234125, 44.538913726806598 ], [ 8.82373046875, 44.538932800293097 ], [ 8.824289321899361, 44.539051055908097 ], [ 8.824782371520939, 44.539188385009901 ], [ 8.825448036193849, 44.539600372314602 ], [ 8.827104568481561, 44.541099548339801 ], [ 8.829044342041071, 44.543018341064602 ], [ 8.82936382293707, 44.543369293212898 ], [ 8.82981681823736, 44.544033050537102 ], [ 8.8300895690918, 44.544597625732401 ], [ 8.83003807067877, 44.545181274414098 ], [ 8.829733848571889, 44.5458183288575 ], [ 8.829165458679251, 44.546516418457102 ], [ 8.828409194946349, 44.547035217285199 ], [ 8.82701015472418, 44.5479736328125 ], [ 8.82533264160168, 44.548641204833999 ], [ 8.824032783508301, 44.549674987792997 ], [ 8.823465347290099, 44.550357818603501 ], [ 8.8234157562257, 44.550563812255902 ], [ 8.82326126098633, 44.551212310791101 ], [ 8.823269844055179, 44.552192687988303 ], [ 8.82423686981207, 44.557434082031399 ], [ 8.824926376342891, 44.558486938476598 ], [ 8.827891349792591, 44.562759399414198 ], [ 8.832742691040041, 44.562831878662202 ], [ 8.84006977081299, 44.562885284423899 ], [ 8.84965324401861, 44.562011718750099 ], [ 8.856615066528381, 44.561752319336001 ], [ 8.863953590393059, 44.561569213867202 ], [ 8.86444377899176, 44.562118530273501 ], [ 8.86476612091076, 44.562919616699297 ], [ 8.86500835418701, 44.563514709472798 ], [ 8.86536979675304, 44.564605712890703 ], [ 8.865718841552679, 44.565902709960902 ], [ 8.86605739593506, 44.566829681396499 ], [ 8.86688804626476, 44.5671577453613 ], [ 8.868724822998161, 44.567230224609403 ], [ 8.869656562805231, 44.567203521728601 ], [ 8.8707532882691, 44.566799163818402 ], [ 8.875961303710939, 44.5632133483887 ], [ 8.87927913665777, 44.559940338134801 ], [ 8.879757881164609, 44.559257507324297 ], [ 8.879923820495661, 44.558303833007898 ], [ 8.88011455535894, 44.557357788086001 ], [ 8.880745887756349, 44.556549072265597 ], [ 8.88533401489269, 44.5532836914062 ], [ 8.886454582214469, 44.552764892578203 ], [ 8.8896541595459, 44.551830291747997 ], [ 8.890623092651371, 44.551689147949297 ], [ 8.891391754150449, 44.551605224609403 ], [ 8.892189979553221, 44.551593780517699 ], [ 8.892386436462459, 44.551589965820298 ], [ 8.895990371704221, 44.556327819824197 ], [ 8.898508071899411, 44.555999755859403 ], [ 8.90008068084717, 44.556072235107401 ], [ 8.901792526245231, 44.556262969970703 ], [ 8.90346717834473, 44.556526184082003 ], [ 8.90654945373535, 44.557228088378999 ], [ 8.908323287963871, 44.557807922363402 ], [ 8.9100971221925, 44.5584106445312 ], [ 8.91490364074707, 44.560066223144602 ], [ 8.916160583496209, 44.5606079101563 ], [ 8.917180061340391, 44.561122894287202 ], [ 8.91803646087658, 44.561565399169901 ], [ 8.918551445007321, 44.562015533447301 ], [ 8.92220497131348, 44.566982269287202 ], [ 8.92276096344, 44.568065643310497 ], [ 8.9204616546632, 44.572891235351698 ], [ 8.918301582336481, 44.572818756103501 ], [ 8.916599273681751, 44.574657440185597 ], [ 8.912936210632379, 44.580989837646598 ], [ 8.91239070892334, 44.5824394226075 ], [ 8.90990543365473, 44.591178894043097 ], [ 8.909975051879879, 44.597835540771499 ], [ 8.904061317443849, 44.608615875244297 ], [ 8.903451919555611, 44.609359741210902 ], [ 8.90308952331549, 44.610668182373097 ], [ 8.907219886779901, 44.612354278564503 ], [ 8.908077239990179, 44.615154266357401 ], [ 8.90625, 44.616668701171903 ], [ 8.90584754943853, 44.620441436767699 ], [ 8.905404090881399, 44.621784210205199 ], [ 8.904444694519039, 44.622817993164098 ], [ 8.90330982208263, 44.623626708984503 ], [ 8.903001785278381, 44.623756408691499 ], [ 8.901997566223089, 44.624183654785298 ], [ 8.900523185730041, 44.624668121337997 ], [ 8.893739700317379, 44.6266708374025 ], [ 8.893863677978571, 44.627498626709098 ], [ 8.89220809936535, 44.630477905273601 ], [ 8.889949798583929, 44.631763458252003 ], [ 8.88879013061535, 44.632102966308601 ], [ 8.8872642517091, 44.632328033447202 ], [ 8.88601589202875, 44.632705688476598 ], [ 8.88564872741699, 44.633289337158203 ], [ 8.88349819183361, 44.637958526611399 ], [ 8.883670806884769, 44.639705657959098 ], [ 8.883743286132759, 44.639972686767599 ], [ 8.88768196105957, 44.641906738281399 ], [ 8.888633728027401, 44.641780853271499 ], [ 8.89007091522228, 44.641834259033303 ], [ 8.893008232116699, 44.642127990722798 ], [ 8.894041061401371, 44.642288208007898 ], [ 8.909312248230041, 44.647781372070398 ], [ 8.90972805023193, 44.6481132507325 ], [ 8.91598415374756, 44.6551322937012 ], [ 8.916626930236809, 44.655860900878999 ], [ 8.92028713226324, 44.663032531738303 ], [ 8.928935050964411, 44.675224304199297 ], [ 8.93218994140619, 44.677089691162202 ], [ 8.959386825561641, 44.677219390869197 ], [ 8.96057319641119, 44.676975250244098 ], [ 8.96409416198736, 44.675006866455199 ], [ 8.96488857269293, 44.674549102783303 ], [ 8.96674537658703, 44.673080444335902 ], [ 8.967073440551809, 44.672431945800902 ], [ 8.967312812805231, 44.6717948913575 ], [ 8.96752834320068, 44.671138763427798 ], [ 8.96760368347179, 44.670478820800803 ], [ 8.967540740966911, 44.669921875000099 ], [ 8.970486640930179, 44.665836334228601 ], [ 8.971219062805121, 44.6654472351075 ] ] ] ] } }
]
}
