{
"type": "FeatureCollection",
"name": "Recioto di Soave",
"crs": { "type": "name", "properties": { "name": "urn:ogc:def:crs:EPSG::3003" } },
"features": [
{ "type": "Feature", "properties": { "denominazi": "RECIOTO SOAVE", "codice": "A021", "zona": "X", "atto": "D.M. 18\/11\/2010", "gu": "n. 283 del 03\/12\/2010", "id": 2.0 }, "geometry": { "type": "MultiPolygon", "coordinates": [ [ [ [ 1672611.564320162404329, 5035412.335691859945655 ], [ 1672595.330305987969041, 5035432.988917199894786 ], [ 1672585.866948630195111, 5035450.003252560272813 ], [ 1672577.560366536024958, 5035479.746175542473793 ], [ 1672571.93770571378991, 5035494.794014573097229 ], [ 1672557.369097460526973, 5035519.560648603364825 ], [ 1672550.084793334361166, 5035525.096719739958644 ], [ 1672542.800489207729697, 5035530.632790876552463 ], [ 1672522.695809818338603, 5035532.672396032139659 ], [ 1672500.842897438909858, 5035528.593185720965266 ], [ 1672473.453913922887295, 5035544.327282633632421 ], [ 1672429.748089163564146, 5035554.525308411568403 ], [ 1672376.426982957404107, 5035549.28060944005847 ], [ 1672342.627811810001731, 5035587.158990897238255 ], [ 1672365.354840685147792, 5035602.60171564668417 ], [ 1672393.035196365788579, 5035633.48716514185071 ], [ 1672406.14694379363209, 5035660.293404327705503 ], [ 1672414.833647041581571, 5035693.078703682869673 ], [ 1672415.413650453090668, 5035724.030585497617722 ], [ 1672402.650477813091129, 5035747.705053847283125 ], [ 1672382.493392898701131, 5035766.512138476595283 ], [ 1672352.534465422388166, 5035783.252457983791828 ], [ 1672319.900782935786992, 5035796.655577575787902 ], [ 1672293.843462432734668, 5035796.075993869453669 ], [ 1672265.122815904207528, 5035789.662645615637302 ], [ 1672255.07047620927915, 5035788.497156955301762 ], [ 1672238.532055833842605, 5035788.506312826648355 ], [ 1672208.013871551956981, 5035794.03322809189558 ], [ 1672131.965736470650882, 5035812.389674490317702 ], [ 1672107.199102440383285, 5035822.442014185711741 ], [ 1672082.432468410115689, 5035832.494353879243135 ], [ 1672055.334857059642673, 5035848.082764711230993 ], [ 1672028.237245708703995, 5035863.671175541356206 ], [ 1672009.298054979648441, 5035884.358599260449409 ], [ 1672000.556890028063208, 5035915.826793087646365 ], [ 1672029.402734369039536, 5035908.833861127495766 ], [ 1672043.388598291669041, 5035907.37700030207634 ], [ 1672054.169368399307132, 5035915.53542092256248 ], [ 1672057.083090049680322, 5035932.726378660649061 ], [ 1672053.586624069139361, 5035944.672637429088354 ], [ 1672064.950138506479561, 5035945.255381759256124 ], [ 1672080.101491089910269, 5035953.99654671177268 ], [ 1672104.153039824217558, 5035987.442484598606825 ], [ 1672120.310849868226796, 5036006.443536423146725 ], [ 1672135.899260699283332, 5036037.03761375322938 ], [ 1672140.706901422701776, 5036045.778778705745935 ], [ 1672149.885124621912837, 5036082.200299339368939 ], [ 1672154.983156253583729, 5036104.472565516829491 ], [ 1672155.566881840582937, 5036121.53554162196815 ], [ 1672136.27825106587261, 5036181.759754674509168 ], [ 1672124.814554766286165, 5036222.746615840122104 ], [ 1672112.338267503771931, 5036258.669718820601702 ], [ 1672097.913670172449201, 5036271.718088328838348 ], [ 1672036.850276795681566, 5036290.693488284945488 ], [ 1672025.153257930185646, 5036359.030589012429118 ], [ 1672037.059507330879569, 5036396.07225551828742 ], [ 1672060.872005740646273, 5036421.207672001793981 ], [ 1672112.465752816293389, 5036456.9264210537076 ], [ 1672124.372002486139536, 5036480.738921172916889 ], [ 1672164.059500655159354, 5036669.916003905236721 ], [ 1672165.772230302449316, 5036854.600682102143764 ], [ 1672203.746998131275177, 5036679.176420606672764 ], [ 1672214.18124904576689, 5036551.843667391687632 ], [ 1672228.458485133945942, 5036523.96906360052526 ], [ 1672230.158156096935272, 5036504.252880431711674 ], [ 1672229.538436907809228, 5036489.069760300219059 ], [ 1672232.197761252056807, 5036477.058145025745034 ], [ 1672235.597103178035468, 5036475.018539870157838 ], [ 1672239.676313488744199, 5036477.738013410940766 ], [ 1672243.415589607320726, 5036510.371695896610618 ], [ 1672236.956839948426932, 5036551.843667391687632 ], [ 1672252.800680798944086, 5036643.714238563552499 ], [ 1672258.082226421684027, 5036725.687635531648993 ], [ 1672260.752233428414911, 5036773.48076094686985 ], [ 1672271.260296918451786, 5036801.757782135158777 ], [ 1672291.637682924512774, 5036835.688718188554049 ], [ 1672374.630187939852476, 5036838.748125921934843 ], [ 1672383.808411139529198, 5036843.847138809040189 ], [ 1672388.567489835433662, 5036864.243190363049507 ], [ 1672391.340721671003848, 5036887.971783244982362 ], [ 1672391.340721671003848, 5036916.89321868494153 ], [ 1672391.332820935640484, 5036945.815983654931188 ], [ 1672377.049072505906224, 5037013.874334644526243 ], [ 1672330.74699189607054, 5037160.718084786087275 ], [ 1672291.686244952492416, 5037281.002510458230972 ], [ 1672264.491509546991438, 5037341.850730927661061 ], [ 1672253.328813960775733, 5037373.012485126033425 ], [ 1672248.682250937446952, 5037384.664430284872651 ], [ 1672237.694859735667706, 5037412.216941479593515 ], [ 1672220.591043922584504, 5037455.099010936915874 ], [ 1672193.067562011536211, 5037524.090884070843458 ], [ 1672191.430351641494781, 5037526.906941220164299 ], [ 1672189.355284617748111, 5037530.476126607507467 ], [ 1672185.219090382102877, 5037537.590520434081554 ], [ 1672179.531088742893189, 5037547.374075423926115 ], [ 1672176.153494152240455, 5037552.93792675063014 ], [ 1672156.215874313842505, 5037585.692590158432722 ], [ 1672136.278254475910217, 5037618.447253568097949 ], [ 1672132.428727338090539, 5037674.443021750077605 ], [ 1672128.579200200736523, 5037730.438789933919907 ], [ 1672144.668813370168209, 5037803.072173841297626 ], [ 1672153.476170598529279, 5037842.020169040188193 ], [ 1672238.142832652665675, 5037873.770168615505099 ], [ 1672305.611578398849815, 5037730.895168039947748 ], [ 1672358.528241608757526, 5037656.811834260821342 ], [ 1672404.830321952234954, 5037617.124333852902055 ], [ 1672519.424162506591529, 5037507.098794540390372 ], [ 1672540.387681704945862, 5037479.151077954098582 ], [ 1672551.764925997704268, 5037435.843321651220322 ], [ 1672553.947676040232182, 5037394.371074536815286 ], [ 1672547.399426754564047, 5037340.893703466281295 ], [ 1672511.384055676870048, 5037218.659712761640549 ], [ 1672511.928170265629888, 5037186.028280159458518 ], [ 1672512.464377412106842, 5037153.39817563071847 ], [ 1672513.926599481143057, 5037101.48929220251739 ], [ 1672516.042500616982579, 5037047.922974582761526 ], [ 1672516.042500616982579, 5037017.621819591149688 ], [ 1672496.258308524265885, 5036982.936455084010959 ], [ 1672468.743500965647399, 5036940.413570675998926 ], [ 1672419.029246400576085, 5036905.707392960786819 ], [ 1672414.026554117444903, 5036890.542981976643205 ], [ 1672407.282787203323096, 5036852.021767936646938 ], [ 1672401.207155141048133, 5036831.605013513937593 ], [ 1672376.265118818264455, 5036822.783306265249848 ], [ 1672356.789714394137263, 5036812.819145863875747 ], [ 1672342.749306553043425, 5036798.325821639969945 ], [ 1672323.726818510796875, 5036774.774169778451324 ], [ 1672320.851410340517759, 5036757.346299935132265 ], [ 1672319.600737269967794, 5036721.389449147507548 ], [ 1672317.412059396039695, 5036686.37060316465795 ], [ 1672317.724727663677186, 5036657.292454268783331 ], [ 1672320.538742072880268, 5036631.340988049283624 ], [ 1672325.385100222192705, 5036609.610543442890048 ], [ 1672331.325797308702022, 5036581.157731082290411 ], [ 1672332.576470379717648, 5036563.648308090865612 ], [ 1672333.358141048811376, 5036558.489281672984362 ], [ 1672332.785146149806678, 5036539.257651157677174 ], [ 1672333.030305626802146, 5036496.00645412132144 ], [ 1672341.331181875430048, 5036462.81279175542295 ], [ 1672350.242227504961193, 5036436.079654866829515 ], [ 1672358.058934197761118, 5036413.567539591342211 ], [ 1672367.751650496851653, 5036385.740063766017556 ], [ 1672374.317684118635952, 5036363.384282624348998 ], [ 1672379.789378803223372, 5036346.187527898699045 ], [ 1672391.670772976242006, 5036313.670028058812022 ], [ 1672404.802840219810605, 5036279.432852745056152 ], [ 1672415.782073145266622, 5036251.316061329096556 ], [ 1672424.500941085163504, 5036228.780593376606703 ], [ 1672433.411986714694649, 5036203.298129558563232 ], [ 1672445.137046753894538, 5036179.066338811069727 ], [ 1672459.050784666556865, 5036142.327817354351282 ], [ 1672476.075930976308882, 5036112.280861180275679 ], [ 1672488.942469056230038, 5036098.657467169687152 ], [ 1672510.134413453284651, 5036085.790928835049272 ], [ 1672502.824342145584524, 5036064.369195941835642 ], [ 1672506.784806869458407, 5036020.804083975031972 ], [ 1672509.643484306056052, 5035984.40650743804872 ], [ 1672512.655001921579242, 5035958.163282506167889 ], [ 1672522.244095678906888, 5035925.337623428553343 ], [ 1672535.456492436118424, 5035877.282523697242141 ], [ 1672552.234947721008211, 5035829.528458656743169 ], [ 1672564.627984979655594, 5035781.535133337602019 ], [ 1672563.850801379419863, 5035751.659217465668917 ], [ 1672563.420584577135742, 5035713.800138873979449 ], [ 1672572.196536122821271, 5035684.657666279003024 ], [ 1672578.908389455173165, 5035650.128052152693272 ], [ 1672584.013868992682546, 5035603.965171746909618 ], [ 1672594.905146984849125, 5035582.182615762576461 ], [ 1672609.756889700423926, 5035565.350640684366226 ], [ 1672628.598430105485022, 5035533.539298767223954 ], [ 1672637.488341094926, 5035512.796173125505447 ], [ 1672642.580476175993681, 5035502.563689010217786 ], [ 1672643.615258319303393, 5035499.164597049355507 ], [ 1672639.827420173678547, 5035488.96657127328217 ], [ 1672640.992908833548427, 5035470.318752707913518 ], [ 1672638.661931513343006, 5035449.631328988820314 ], [ 1672627.58978924062103, 5035427.1956722792238 ], [ 1672611.564320162404329, 5035412.335691859945655 ] ] ], [ [ [ 1665899.387203506194055, 5032214.554534276947379 ], [ 1665826.626786839682609, 5032228.114430110901594 ], [ 1665749.147195816040039, 5032253.07621500082314 ], [ 1665734.010092481505126, 5032259.887912048026919 ], [ 1665728.902471958659589, 5032270.31640393845737 ], [ 1665669.693964368198067, 5032529.453564573079348 ], [ 1665616.777300979942083, 5032758.318148141726851 ], [ 1665582.381470049265772, 5032932.94314869120717 ], [ 1665517.558558003045619, 5033209.432732144370675 ], [ 1665461.996061765123159, 5033458.141065802425146 ], [ 1665400.093493350315839, 5033707.401951562613249 ], [ 1665379.388794668484479, 5033802.863572811707854 ], [ 1665363.513794668484479, 5033884.222947811707854 ], [ 1665230.05545621085912, 5033883.400434652343392 ], [ 1665004.266921969596297, 5033866.922320041805506 ], [ 1664946.058591951150447, 5033860.307737315073609 ], [ 1664725.131521823816001, 5033979.37023956514895 ], [ 1664636.496110307518393, 5034015.08899044059217 ], [ 1664500.106872000731528, 5034009.71580808237195 ], [ 1664495.264676349237561, 5034052.012222528457642 ], [ 1664454.067574652377516, 5034090.927629536017776 ], [ 1664440.372198343742639, 5034103.862619889900088 ], [ 1664425.089691694825888, 5034118.296620942652225 ], [ 1664408.799596141092479, 5034133.682268191128969 ], [ 1664405.0512755359523, 5034141.154567774385214 ], [ 1664400.637150187976658, 5034149.954153103753924 ], [ 1664395.055032420437783, 5034161.082138316705823 ], [ 1664388.331016378011554, 5034174.486504582688212 ], [ 1664384.869139166548848, 5034182.88155984133482 ], [ 1664372.814098451752216, 5034212.11504409275949 ], [ 1664363.302451345138252, 5034235.322714176028967 ], [ 1664339.399304470978677, 5034301.824781997129321 ], [ 1664217.619338342919946, 5034434.72514720633626 ], [ 1664202.356943431776017, 5034492.708807179704309 ], [ 1664205.622194584459066, 5034509.03506294451654 ], [ 1664207.375445866491646, 5034517.801319353282452 ], [ 1664208.556079196743667, 5034523.704486005008221 ], [ 1664211.047947116661817, 5034538.101945098489523 ], [ 1664212.092287397943437, 5034544.135911168530583 ], [ 1664212.550401958171278, 5034546.78279529325664 ], [ 1664213.205431020352989, 5034550.56740765273571 ], [ 1664213.916269170120358, 5034554.674472518265247 ], [ 1664216.090097889304161, 5034567.234371785074472 ], [ 1664217.223247528541833, 5034573.781458590179682 ], [ 1664217.72025461262092, 5034576.934983070939779 ], [ 1664218.217261696700007, 5034580.088507553562522 ], [ 1664224.053918608464301, 5034622.890658242627978 ], [ 1664224.396636609453708, 5034626.585539175197482 ], [ 1664224.739354610443115, 5034630.280420107766986 ], [ 1664225.026467028539628, 5034633.375811062753201 ], [ 1664225.182004806119949, 5034635.052681164816022 ], [ 1664225.576728728134185, 5034639.308243723586202 ], [ 1664226.143040056806058, 5034645.413709221407771 ], [ 1664227.263681145384908, 5034657.495465595275164 ], [ 1664227.554889957420528, 5034660.635020224377513 ], [ 1664227.683148971293122, 5034665.432453062385321 ], [ 1664228.759100355673581, 5034705.677612759172916 ], [ 1664206.489700608421117, 5034753.072509303689003 ], [ 1664167.654295293614268, 5034791.907914619892836 ], [ 1664148.631100135855377, 5034810.931109776720405 ], [ 1664152.763857312500477, 5034885.320738954469562 ], [ 1664177.560400371905416, 5034947.312096603214741 ], [ 1664251.950029550585896, 5034963.843125309795141 ], [ 1664359.08505342900753, 5035009.046403663232923 ], [ 1664491.031027063261718, 5035011.426314305514097 ], [ 1664638.205814767163247, 5035014.082454230636358 ], [ 1664641.560921642463654, 5035031.830169346183538 ], [ 1664669.539590653497726, 5035027.357501642778516 ], [ 1664697.518259365577251, 5035022.884833665564656 ], [ 1664810.509365987963974, 5035002.543426906690001 ], [ 1664826.815327497199178, 5035000.730893636122346 ], [ 1664889.341165269259363, 5034993.780664952471852 ], [ 1664946.226578685920686, 5034995.10358102992177 ], [ 1664996.497408865019679, 5034993.780663944780827 ], [ 1665021.63282451312989, 5035055.957746861502528 ], [ 1665062.701867077033967, 5035085.868399269878864 ], [ 1665142.018234173301607, 5035123.426495647057891 ], [ 1665230.653646137099713, 5035164.436911256983876 ], [ 1665279.60156000033021, 5035163.113994089886546 ], [ 1665295.622503434773535, 5035129.501405593007803 ], [ 1665277.125380878336728, 5035071.313173666596413 ], [ 1665273.08123103575781, 5035057.533107537776232 ], [ 1665268.535289949737489, 5035032.76633925922215 ], [ 1665265.185001558624208, 5035019.594640990719199 ], [ 1665260.63166943192482, 5035001.69316210784018 ], [ 1665262.645569103304297, 5034971.484667038545012 ], [ 1665274.728967130649835, 5034964.344477295875549 ], [ 1665322.334138285368681, 5034972.108639663085341 ], [ 1665343.567719529382885, 5034974.413975650444627 ], [ 1665351.074072849471122, 5034963.612150141969323 ], [ 1665347.13068134477362, 5034956.610800251364708 ], [ 1665314.068623932078481, 5034942.146150132641196 ], [ 1665297.976364136207849, 5034929.998336344957352 ], [ 1665257.702360819093883, 5034895.871888473629951 ], [ 1665224.930720714386553, 5034860.354021543636918 ], [ 1665217.058203817810863, 5034846.805969210341573 ], [ 1665214.86122235795483, 5034832.342507934197783 ], [ 1665213.94581341650337, 5034818.24521023593843 ], [ 1665215.593549511395395, 5034810.189611550420523 ], [ 1665222.367575678043067, 5034800.486276771873236 ], [ 1665230.789337939582765, 5034791.698350934311748 ], [ 1665238.112609471660107, 5034788.036715166643262 ], [ 1665245.107896525878459, 5034787.301467886194587 ], [ 1665243.811751930043101, 5034736.541480598971248 ], [ 1665247.944509106688201, 5034674.550122950226068 ], [ 1665245.878130518365651, 5034637.35530836135149 ], [ 1665253.917085404507816, 5034600.965170498937368 ], [ 1665276.572361219441518, 5034582.565719184465706 ], [ 1665297.19040034734644, 5034561.947680057026446 ], [ 1665328.804727009963244, 5034527.584281510673463 ], [ 1665348.190542427124456, 5034504.8877411512658 ], [ 1665365.963151171803474, 5034484.691594851203263 ], [ 1665386.535236567957327, 5034458.857484417967498 ], [ 1665412.651419463334605, 5034436.864909348078072 ], [ 1665436.018530474975705, 5034405.250582685694098 ], [ 1665464.883785253856331, 5034381.883471673354506 ], [ 1665481.37821655604057, 5034379.13439979031682 ], [ 1665491.143474752316251, 5034380.625602753832936 ], [ 1665519.865222928114235, 5034355.767288778908551 ], [ 1665538.896577683510259, 5034342.904664304107428 ], [ 1665560.967339542461559, 5034330.464780347421765 ], [ 1665587.217484079068527, 5034309.033066755160689 ], [ 1665602.701143784914166, 5034296.355421110987663 ], [ 1665623.166759326821193, 5034283.915537153370678 ], [ 1665627.580911698518321, 5034256.226763184182346 ], [ 1665713.456239658873528, 5034127.41377124376595 ], [ 1665762.832147780340165, 5034132.408942855894566 ], [ 1665774.946902131428942, 5034133.426047635264695 ], [ 1665795.808268843684345, 5034127.487133743241429 ], [ 1665815.998674232978374, 5034125.64036671910435 ], [ 1665822.21464930800721, 5034124.513990225270391 ], [ 1665832.985614412929863, 5034121.393631674349308 ], [ 1665845.725819547893479, 5034115.023529106751084 ], [ 1665850.3617109938059, 5034112.008723776787519 ], [ 1665853.511500463588163, 5034109.361215713433921 ], [ 1665862.004970553563908, 5034099.452167275361717 ], [ 1665872.117771646240726, 5034084.744799667969346 ], [ 1665881.115278256125748, 5034072.556178656406701 ], [ 1665887.539789323927835, 5034062.437952670268714 ], [ 1665898.280123063828796, 5034047.842114510945976 ], [ 1665906.595688525820151, 5034042.121244167909026 ], [ 1665914.423868488520384, 5034041.847655160352588 ], [ 1665946.198535133851692, 5034045.088182782754302 ], [ 1665976.156658712774515, 5034049.880869824439287 ], [ 1666014.039698839187622, 5034059.519749857485294 ], [ 1666029.718080500140786, 5034063.508923888206482 ], [ 1666069.953036487102509, 5034078.761223515495658 ], [ 1666097.515167525038123, 5034107.799897287040949 ], [ 1666120.407334556337446, 5034127.360069826245308 ], [ 1666127.907338803168386, 5034123.180550767108798 ], [ 1666134.428735879249871, 5034108.292078197002411 ], [ 1666138.781504884827882, 5034094.381973844021559 ], [ 1666145.175273386295885, 5034083.069921880960464 ], [ 1666154.594704494811594, 5034068.507635289803147 ], [ 1666169.260114416480064, 5034050.326347080990672 ], [ 1666181.061992505565286, 5034031.331181509420276 ], [ 1666199.028587564826012, 5033961.905652336776257 ], [ 1666214.962191176600754, 5033955.113394001498818 ], [ 1666240.039002324454486, 5034029.374401930719614 ], [ 1666273.111917196772993, 5034073.030651545152068 ], [ 1666320.736914288718253, 5034120.655650917440653 ], [ 1666374.976494859904051, 5034147.113983746618032 ], [ 1666450.382740607950836, 5034178.863982932642102 ], [ 1666462.777316203340888, 5034191.853978093713522 ], [ 1666475.171891771256924, 5034204.843972880393267 ], [ 1666498.007738076616079, 5034264.853565691038966 ], [ 1666536.372319046873599, 5034307.186898862943053 ], [ 1666594.580649468582124, 5034389.207730859518051 ], [ 1666655.434812820516527, 5034454.030647203326225 ], [ 1666702.459828318562359, 5034460.688211424276233 ], [ 1666763.518952738959342, 5034461.649526381865144 ], [ 1666796.63475244725123, 5034466.120839063078165 ], [ 1666791.544697564095259, 5034389.908622059971094 ], [ 1666791.986475728917867, 5034326.071677248924971 ], [ 1666792.238840193022043, 5034289.605012189596891 ], [ 1666792.392053306102753, 5034267.465717349201441 ], [ 1666792.093620954081416, 5034258.742511549964547 ], [ 1666792.518287520855665, 5034249.224873352795839 ], [ 1666792.370896398089826, 5034232.307114809751511 ], [ 1666792.716590222436935, 5034220.570132916793227 ], [ 1666793.148269305471331, 5034158.19250544346869 ], [ 1666792.093620804138482, 5034083.152102530002594 ], [ 1666793.607331037055701, 5034039.254500325769186 ], [ 1666799.662172209005803, 5033968.110110515728593 ], [ 1666802.689592420589179, 5033895.452010227367282 ], [ 1666808.744433838874102, 5033818.252778455615044 ], [ 1666808.744433659594506, 5033736.512415952980518 ], [ 1666810.258143569342792, 5033666.881736889481544 ], [ 1666819.3404057379812, 5033618.443003254011273 ], [ 1666837.996578506194055, 5033558.968596776947379 ], [ 1666871.730953506659716, 5033451.812346776947379 ], [ 1666935.896100889425725, 5033353.543678510934114 ], [ 1666987.486161839682609, 5033290.747242610901594 ], [ 1667052.970536839682609, 5033243.452971776947379 ], [ 1667086.043453506194055, 5033197.481617610901594 ], [ 1667096.111822003033012, 5033118.338742760941386 ], [ 1667101.256995173171163, 5033055.929534276947379 ], [ 1667123.318849795032293, 5032947.849143514409661 ], [ 1667149.543453506194055, 5032882.627450942993164 ], [ 1667196.885751379653811, 5032782.438978670164943 ], [ 1667234.210120172705501, 5032706.348805109038949 ], [ 1667242.809078506194055, 5032628.958180109038949 ], [ 1667246.777828506194055, 5032539.992034275084734 ], [ 1667252.603551418986171, 5032417.394045690074563 ], [ 1667197.499182673171163, 5032438.458180109038949 ], [ 1667150.866370173171163, 5032458.301930109038949 ], [ 1667101.256995172705501, 5032455.656096776947379 ], [ 1667053.631995172705501, 5032429.859221776947379 ], [ 1667045.737126122694463, 5032409.587701568379998 ], [ 1667010.637203506194055, 5032387.525888442993164 ], [ 1666968.481798815075308, 5032332.32978623919189 ], [ 1666938.923518762923777, 5032275.781859597191215 ], [ 1666822.285056943073869, 5032286.032999938353896 ], [ 1666745.168596251867712, 5032304.542359316721559 ], [ 1666640.722583269700408, 5032352.981093849986792 ], [ 1666530.221728927455842, 5032392.337565923109651 ], [ 1666403.07006077375263, 5032389.31014603190124 ], [ 1666299.860281311441213, 5032384.420372813940048 ], [ 1666235.805068765301257, 5032371.902478309348226 ], [ 1666185.095772522035986, 5032359.792795469984412 ], [ 1666129.845344985835254, 5032348.43996780179441 ], [ 1666078.379193616099656, 5032343.141982236877084 ], [ 1666020.101345949340612, 5032327.248023146763444 ], [ 1665975.446891013532877, 5032301.514946468174458 ], [ 1665932.306146108545363, 5032264.429041719064116 ], [ 1665924.853349339682609, 5032242.997242610901594 ], [ 1665899.387203506194055, 5032214.554534276947379 ] ] ], [ [ [ 1671169.708045224193484, 5031584.893090048804879 ], [ 1671140.512089947238564, 5031601.859181119129062 ], [ 1671110.460686832666397, 5031607.638298166915774 ], [ 1671098.902454989030957, 5031630.75476298481226 ], [ 1671094.279162551742047, 5031657.338697396218777 ], [ 1671029.553064077161252, 5031660.806168211624026 ], [ 1670997.190014861989766, 5031687.390103010460734 ], [ 1670926.684800518676639, 5031719.753155220299959 ], [ 1670879.296049872878939, 5031739.40215102955699 ], [ 1670807.635012001730502, 5031761.362793508917093 ], [ 1670794.920957277994603, 5031783.323435543105006 ], [ 1670771.804493366274983, 5031842.270421439781785 ], [ 1670753.311322761699557, 5031893.126644691452384 ], [ 1670741.753090823069215, 5031970.566803256049752 ], [ 1670730.194859110750258, 5032038.760375328361988 ], [ 1670741.753091386053711, 5032089.616598255932331 ], [ 1670777.583610248751938, 5032216.75715603120625 ], [ 1670768.337025166489184, 5032281.483258036896586 ], [ 1670746.376384768169373, 5032350.832653472200036 ], [ 1670695.520164774730802, 5032460.635863082483411 ], [ 1670653.91053024167195, 5032553.101723788306117 ], [ 1670652.754707206040621, 5032627.07441165111959 ], [ 1670650.443060802761465, 5032718.384449159726501 ], [ 1670633.105713476892561, 5032807.382839756086469 ], [ 1670621.547481786925346, 5032884.822997856885195 ], [ 1670630.794067568611354, 5033000.405323095619678 ], [ 1670633.89044728083536, 5033084.103184992447495 ], [ 1670650.541261134203523, 5033157.518140194937587 ], [ 1670661.894088773988187, 5033212.76857041195035 ], [ 1670684.599744058214128, 5033324.783141262829304 ], [ 1670693.698973754886538, 5033402.568606663495302 ], [ 1670704.935978207737207, 5033427.755666472017765 ], [ 1670741.363881904166192, 5033465.558209374547005 ], [ 1670775.870055265258998, 5033500.85036551579833 ], [ 1670809.480847059749067, 5033503.400969531387091 ], [ 1670844.29618474887684, 5033504.914679585024714 ], [ 1670888.193784435279667, 5033503.400968700647354 ], [ 1670923.009121865965426, 5033506.428389450535178 ], [ 1670970.690997646655887, 5033520.051781898364425 ], [ 1671017.999392826575786, 5033524.895295577123761 ], [ 1671045.619659246411175, 5033528.37718897126615 ], [ 1671068.325314050540328, 5033551.082845319062471 ], [ 1671090.274114278610796, 5033611.631261240690947 ], [ 1671116.764045337680727, 5033688.073637548834085 ], [ 1671142.497120779007673, 5033708.508727859705687 ], [ 1671163.68906555371359, 5033742.567212274298072 ], [ 1671181.853589649777859, 5033778.896262167021632 ], [ 1671209.857230904977769, 5033809.170470276847482 ], [ 1671229.535465594381094, 5033837.930967954918742 ], [ 1671240.131438039708883, 5033881.82857002876699 ], [ 1671241.645148486830294, 5033928.753593040630221 ], [ 1671259.052817451767623, 5033979.462891932576895 ], [ 1671277.217341325245798, 5034036.227032590657473 ], [ 1671293.111299878451973, 5034055.148412676528096 ], [ 1671281.00161728868261, 5034089.2068972568959 ], [ 1671267.378224342130125, 5034119.481105621904135 ], [ 1671246.943134896457195, 5034151.269024478271604 ], [ 1671217.425783736631274, 5034173.974681360647082 ], [ 1671196.233839106746018, 5034193.652917051687837 ], [ 1671156.877370436210185, 5034200.464614357799292 ], [ 1671098.599522311706096, 5034206.519456746056676 ], [ 1671050.917646811809391, 5034211.81744390912354 ], [ 1671024.427716181147844, 5034209.546877721324563 ], [ 1670969.934144175145775, 5034203.492037169635296 ], [ 1670925.27968931151554, 5034201.221472010016441 ], [ 1670892.734917109366506, 5034193.652920251712203 ], [ 1670870.029262135270983, 5034209.546879904344678 ], [ 1670836.727634545881301, 5034230.738826053217053 ], [ 1670803.426007220521569, 5034236.03681305795908 ], [ 1670759.528407817706466, 5034241.334799895063043 ], [ 1670720.171938834711909, 5034239.064234592020512 ], [ 1670682.329180779401213, 5034243.605366338044405 ], [ 1670628.592463927343488, 5034248.903353376314044 ], [ 1670598.318257238250226, 5034246.632788062095642 ], [ 1670552.150092035531998, 5034242.848512502387166 ], [ 1670508.252492350060493, 5034245.875933803617954 ], [ 1670469.652878819033504, 5034242.848513372242451 ], [ 1670421.214148117695004, 5034240.577948248013854 ], [ 1670437.864962105173618, 5034368.486478580161929 ], [ 1670429.539555437862873, 5034439.630868414416909 ], [ 1670423.484714209567755, 5034598.570462698116899 ], [ 1670421.971004258375615, 5034643.224920012056828 ], [ 1670368.172210949473083, 5034780.611353017389774 ], [ 1670361.422591467387974, 5034893.743994819000363 ], [ 1670334.93266067514196, 5034906.61053403839469 ], [ 1670318.281847025733441, 5034928.559334939345717 ], [ 1670256.219723373185843, 5034950.508136684074998 ], [ 1670191.887034212239087, 5034958.833545040339231 ], [ 1670135.879751606844366, 5034969.429518850520253 ], [ 1670074.574483325704932, 5034967.915808796882629 ], [ 1670017.810345815960318, 5034979.268637541681528 ], [ 1669971.642180596478283, 5034985.323479153215885 ], [ 1669887.631256822496653, 5034987.594046503305435 ], [ 1669799.079202515073121, 5034983.052915895357728 ], [ 1669730.96223719092086, 5034986.837192570790648 ], [ 1669662.84527245676145, 5034996.676311103627086 ], [ 1669609.108555573038757, 5035001.217442560940981 ], [ 1669530.296871956437826, 5035020.202075313776731 ], [ 1669470.370347794611007, 5035027.876717748120427 ], [ 1669387.935000004712492, 5035057.710004592314363 ], [ 1669337.320000145584345, 5035079.860004613175988 ], [ 1669268.523730589542538, 5035097.33805818669498 ], [ 1669213.27330312365666, 5035109.447742035612464 ], [ 1669151.968034890014678, 5035123.827991576865315 ], [ 1669109.584145543165505, 5035136.694530406966805 ], [ 1669074.870482962578535, 5035143.289562890306115 ], [ 1669025.088810556568205, 5035148.807678382843733 ], [ 1668973.240858152974397, 5035160.865341732278466 ], [ 1668909.335242399480194, 5035178.951836755499244 ], [ 1668834.785643499344587, 5035191.407639069482684 ], [ 1668822.520066281314939, 5035205.478696126490831 ], [ 1668822.520066281314939, 5035235.622854499146342 ], [ 1668825.488458999898285, 5035267.59769899956882 ], [ 1668829.754664291162044, 5035294.705404913052917 ], [ 1668791.436310166027397, 5035312.78577240370214 ], [ 1668726.412310166284442, 5035338.79537240229547 ], [ 1668683.856937759555876, 5035362.228319672867656 ], [ 1668653.712779385503381, 5035374.285983022302389 ], [ 1668680.239638754632324, 5035422.516636420041323 ], [ 1668703.152921351604164, 5035503.769311837852001 ], [ 1668665.310163292568177, 5035510.581009212881327 ], [ 1668585.840370794292539, 5035537.070942394435406 ], [ 1668508.641143796034157, 5035563.560875557363033 ], [ 1668471.555240622255951, 5035573.399993671104312 ], [ 1668441.542820412665606, 5035578.707818446680903 ], [ 1668439.747919903602451, 5035565.573371011763811 ], [ 1668409.630511596333236, 5035521.535694658756256 ], [ 1668373.3918715743348, 5035462.95363887399435 ], [ 1668347.52509435499087, 5035418.628748293966055 ], [ 1668332.293889462482184, 5035413.703545806929469 ], [ 1668296.000129446852952, 5035419.53196376375854 ], [ 1668305.54233115259558, 5035432.691374480724335 ], [ 1668325.422330339904875, 5035466.691373774781823 ], [ 1668320.292330695781857, 5035503.251373417675495 ], [ 1668287.144522069022059, 5035559.838065998628736 ], [ 1668230.703908828087151, 5035661.436391117051244 ], [ 1668153.768782059196383, 5035789.652222746983171 ], [ 1668173.054163652937859, 5035799.56619861535728 ], [ 1668237.603832331486046, 5035827.877456806600094 ], [ 1668325.368732728529721, 5035845.996662050485611 ], [ 1668401.242904684040695, 5035843.731761395931244 ], [ 1668491.443191294558346, 5035859.170756159350276 ], [ 1668528.378733326680958, 5035847.970431797206402 ], [ 1668588.708059708587825, 5035824.297188179567456 ], [ 1668613.011115964036435, 5035813.721827711910009 ], [ 1668646.39158506738022, 5035831.881224442273378 ], [ 1668710.519930394832045, 5035868.342611519619823 ], [ 1668725.244061415083706, 5035878.125583468005061 ], [ 1668768.723036022856832, 5035923.569509498775005 ], [ 1668847.61564699979499, 5035989.090035999193788 ], [ 1668928.358176446985453, 5035964.949674585834146 ], [ 1669076.74952515726909, 5035932.629112120717764 ], [ 1669167.345551372971386, 5035917.907257860526443 ], [ 1669183.766081125009805, 5036001.142356945201755 ], [ 1669341.108152894303203, 5036069.460086451843381 ], [ 1669804.128959791269153, 5036273.189248709008098 ], [ 1670009.181031850166619, 5036393.574662825092673 ], [ 1670122.951858809217811, 5036471.626744883134961 ], [ 1670244.745848583988845, 5036464.433364391326904 ], [ 1670527.764335387852043, 5036446.491323981434107 ], [ 1670620.368496628478169, 5036418.710072852671146 ], [ 1670660.055994072463363, 5036422.678822522982955 ], [ 1670742.076822784263641, 5036454.428822183981538 ], [ 1670813.361661574803293, 5036468.832685040310025 ], [ 1670867.753899196628481, 5036490.147570353001356 ], [ 1670939.191394792869687, 5036494.116319511085749 ], [ 1670943.160144909285009, 5036517.928819537162781 ], [ 1670939.191395295318216, 5036582.751736177131534 ], [ 1670928.608062520157546, 5036674.032986300066113 ], [ 1671015.92055772524327, 5036674.032984908670187 ], [ 1671101.910135826095939, 5036672.710067622363567 ], [ 1671179.962214951403439, 5036678.001733543351293 ], [ 1671215.680962880607694, 5036675.355899840593338 ], [ 1671268.597626140806824, 5036644.928816068917513 ], [ 1671292.410124764312059, 5036639.637149343267083 ], [ 1671337.389289203099906, 5036684.616315210238099 ], [ 1671415.441368161700666, 5036740.178814332932234 ], [ 1671501.430946409702301, 5036801.032980313524604 ], [ 1671612.555940239690244, 5036797.064228860661387 ], [ 1671656.212187627330422, 5036761.345478435978293 ], [ 1671707.805934473406523, 5036691.230894623324275 ], [ 1671715.743433587253094, 5036623.762144887819886 ], [ 1671751.462181794922799, 5036627.730894222855568 ], [ 1671793.259397371206433, 5036631.500012680888176 ], [ 1671853.326759227085859, 5036623.762143148109317 ], [ 1671844.066342859528959, 5036527.189226672053337 ], [ 1671812.769080761354417, 5036422.640572365373373 ], [ 1671811.812769207172096, 5036316.092660259455442 ], [ 1671803.465598732698709, 5036264.875318882986903 ], [ 1671795.118428232613951, 5036213.657977128401399 ], [ 1671760.722596314270049, 5036081.36631141975522 ], [ 1671718.389265342615545, 5035931.87672858312726 ], [ 1671691.930933060590178, 5035736.085062390193343 ], [ 1671696.507323835510761, 5035643.641958864405751 ], [ 1671698.545515685807914, 5035602.470479117706418 ], [ 1671719.712180888745934, 5035504.574645655229688 ], [ 1671722.358013866003603, 5035421.230895711109042 ], [ 1671734.264262986835092, 5035343.178812325000763 ], [ 1671763.368427742272615, 5035250.57464543916285 ], [ 1671762.045510899275541, 5035146.06422888673842 ], [ 1671762.469711447600275, 5035086.116490036249161 ], [ 1671768.730920852627605, 5035058.558914076536894 ], [ 1671774.992130218539387, 5035031.001337556168437 ], [ 1671789.985268834978342, 5035009.716879831627011 ], [ 1671800.899017346091568, 5034976.975632082670927 ], [ 1671799.511375649366528, 5034948.533156637102365 ], [ 1671797.624892579391599, 5034899.488012712448835 ], [ 1671779.090768205933273, 5034856.197259657084942 ], [ 1671792.319933810736984, 5034729.19725982658565 ], [ 1671795.107563779689372, 5034720.053833713755012 ], [ 1671825.392848573625088, 5034620.718092817813158 ], [ 1671878.954521610867232, 5034553.350639414042234 ], [ 1671880.343017014209181, 5034551.604253062978387 ], [ 1671880.85212284186855, 5034508.601337313652039 ], [ 1671884.26212263526395, 5034504.766337277367711 ], [ 1671887.67212242865935, 5034500.931337244808674 ], [ 1671889.382122329901904, 5034500.931337228044868 ], [ 1671891.942121893167496, 5034500.931337112560868 ], [ 1671893.642122082877904, 5034500.931337185204029 ], [ 1671895.352121708914638, 5034500.931337267160416 ], [ 1671897.907121824566275, 5034501.356336956843734 ], [ 1671900.462121690157801, 5034501.781337108463049 ], [ 1671902.172121318057179, 5034502.631337186321616 ], [ 1671902.172121309209615, 5034504.341337000951171 ], [ 1671903.022121554706246, 5034506.901337081566453 ], [ 1671912.402121057733893, 5034525.661336960271001 ], [ 1671913.262120737694204, 5034527.361337050795555 ], [ 1671914.112120972014964, 5034530.771336933597922 ], [ 1671923.492120474111289, 5034549.531336819753051 ], [ 1671924.772120400797576, 5034550.386336805298924 ], [ 1671926.052120330743492, 5034551.241336788982153 ], [ 1671927.752120235469192, 5034552.941336771473289 ], [ 1671961.012118360493332, 5034573.411336399614811 ], [ 1671962.712117975577712, 5034573.411336289718747 ], [ 1671964.422118162736297, 5034573.411336367949843 ], [ 1671966.122117806226015, 5034575.111336624249816 ], [ 1672004.492115893866867, 5034593.871335919946432 ], [ 1672007.052115724887699, 5034595.581335516646504 ], [ 1672008.332115677651018, 5034596.431335875764489 ], [ 1672045.205143970903009, 5034650.327462140470743 ], [ 1672095.420490466523916, 5034680.397559147328138 ], [ 1672135.107988080941141, 5034757.126725416630507 ], [ 1672242.264232183340937, 5034882.803807489573956 ], [ 1672362.649642291944474, 5034938.366306066513062 ], [ 1672446.992933968547732, 5035008.62549758143723 ], [ 1672542.992085808888078, 5035041.001329775899649 ], [ 1672630.343910422176123, 5035053.371867777779698 ], [ 1672671.791682758368552, 5035056.825848195701838 ], [ 1672682.729903666302562, 5035057.737366903573275 ], [ 1672731.25624354975298, 5035051.204974109306931 ], [ 1672752.910036418586969, 5035082.564218362793326 ], [ 1672758.20170310838148, 5035094.470468565821648 ], [ 1672837.341853346209973, 5035116.342022448778152 ], [ 1672842.393829613924026, 5035120.800531608983874 ], [ 1672880.23658799007535, 5035121.557386785745621 ], [ 1672888.561994763091207, 5035095.824309553951025 ], [ 1672903.699097970034927, 5035042.087589478120208 ], [ 1672925.64789763558656, 5034980.782316859811544 ], [ 1672942.298711182549596, 5034919.477045034989715 ], [ 1672956.678959234151989, 5034875.579442508518696 ], [ 1672971.816062440630049, 5034821.842722434550524 ], [ 1672991.494296641554683, 5034769.619712542742491 ], [ 1673009.658820519223809, 5034717.396702848374844 ], [ 1673024.039068602956831, 5034670.471680043265224 ], [ 1673042.203592201694846, 5034622.03294631652534 ], [ 1673061.881826657801867, 5034562.241384226828814 ], [ 1673071.207833344582468, 5034532.961543597280979 ], [ 1673087.614902284927666, 5034531.967175921425223 ], [ 1673125.457660625688732, 5034528.939754677936435 ], [ 1673133.026212227530777, 5034502.449822245165706 ], [ 1673141.351618990302086, 5034472.175613753497601 ], [ 1673148.920170312747359, 5034442.658260572701693 ], [ 1673159.516142835374922, 5034406.329210279509425 ], [ 1673169.8424674984999, 5034384.5916707534343 ], [ 1673163.300418303348124, 5034374.541291322559118 ], [ 1673168.598404712509364, 5034355.619911106303334 ], [ 1673181.992046793922782, 5034343.001323947682977 ], [ 1673214.97192239575088, 5034323.507360141724348 ], [ 1673251.095617821905762, 5034320.047715354710817 ], [ 1673277.585548638831824, 5034309.451742131263018 ], [ 1673297.263782931491733, 5034290.530361671000719 ], [ 1673307.85975519567728, 5034261.013008361682296 ], [ 1673315.428306754212826, 5034215.601695677265525 ], [ 1673323.753713206388056, 5034166.40610721334815 ], [ 1673337.377106113359332, 5034127.049636147916317 ], [ 1673357.966193875297904, 5034078.679216498509049 ], [ 1673382.03156079724431, 5034060.44637718424201 ], [ 1673420.6311742416583, 5034032.442733995616436 ], [ 1673445.607394903432578, 5033998.384248625487089 ], [ 1673461.501353342551738, 5033961.298343528062105 ], [ 1673476.638456533662975, 5033901.50678177177906 ], [ 1673487.991283877752721, 5033837.174088791012764 ], [ 1673496.316690559498966, 5033774.355106264352798 ], [ 1673515.994924756232649, 5033716.834110088646412 ], [ 1673529.187050313223153, 5033652.825401943176985 ], [ 1673538.820753071922809, 5033619.219286171719432 ], [ 1673557.621958639472723, 5033596.494131240993738 ], [ 1673590.166730761993676, 5033573.788474595174193 ], [ 1673643.903447261080146, 5033533.675148349255323 ], [ 1673706.722426251973957, 5033488.263834612444043 ], [ 1673755.918012001086026, 5033448.15050794929266 ], [ 1673798.301901254337281, 5033410.30774699151516 ], [ 1673838.415224988013506, 5033365.65328917093575 ], [ 1673872.473707082681358, 5033308.889148144051433 ], [ 1673907.289044619072229, 5033257.422993304207921 ], [ 1673953.457209900487214, 5033182.494327103719115 ], [ 1673969.351167995482683, 5033133.298738189041615 ], [ 1673973.892298930790275, 5033101.510819498449564 ], [ 1673976.919719484169036, 5033060.640637937933207 ], [ 1673976.91971970256418, 5033032.636995248496532 ], [ 1673976.162864455021918, 5033000.092221224680543 ], [ 1673961.782616208773106, 5032969.818012973293662 ], [ 1673944.371999124530703, 5032955.501317175105214 ], [ 1673913.992001114878803, 5032940.501317232847214 ], [ 1673885.556596532929689, 5032929.452998615801334 ], [ 1673886.436136655509472, 5032855.571630496531725 ], [ 1673867.086255410686135, 5032851.173930147662759 ], [ 1673798.482132048346102, 5032837.101289758458734 ], [ 1673706.130427506286651, 5032831.82404999807477 ], [ 1673625.212743813171983, 5032827.426350301131606 ], [ 1673586.512981900013983, 5032819.510489866137505 ], [ 1673516.149778413120657, 5032800.160608569160104 ], [ 1673481.84771671006456, 5032790.48566790856421 ], [ 1673436.111634443514049, 5032778.172107093036175 ], [ 1673376.302911447826773, 5032760.581305498257279 ], [ 1673327.048669025301933, 5032745.62912480533123 ], [ 1673272.517186358571053, 5032745.629125382751226 ], [ 1673244.992039465345442, 5032745.501324547454715 ], [ 1673191.082957406993955, 5032755.092239903286099 ], [ 1673166.32783527020365, 5032760.169128067791462 ], [ 1673108.806842651218176, 5032782.117929954081774 ], [ 1673030.850760505534708, 5032801.796166244894266 ], [ 1672965.761216184124351, 5032816.176415929570794 ], [ 1672922.62047166004777, 5032812.392140336334705 ], [ 1672873.424885794054717, 5032806.337299179285765 ], [ 1672828.013575762975961, 5032800.282457983121276 ], [ 1672802.28050005575642, 5032787.415919680148363 ], [ 1672777.304279498755932, 5032767.737684488296509 ], [ 1672768.222017423249781, 5032738.977186601608992 ], [ 1672758.382900185883045, 5032710.973543928936124 ], [ 1672742.488941584713757, 5032672.373928386718035 ], [ 1672722.810706831049174, 5032621.664629429578781 ], [ 1672706.159893333446234, 5032575.496461877599359 ], [ 1672691.022789652459323, 5032548.249674573540688 ], [ 1672673.615120705217123, 5032514.948045145720243 ], [ 1672660.748583080712706, 5032479.37585067935288 ], [ 1672641.070348342880607, 5032440.019379692152143 ], [ 1672617.607838357333094, 5032394.60806760750711 ], [ 1672597.172748759388924, 5032357.522162530571222 ], [ 1672567.655396881978959, 5032325.734243931248784 ], [ 1672544.949741807766259, 5032288.648339243605733 ], [ 1672516.946100748609751, 5032240.209605447947979 ], [ 1672500.007476794533432, 5032203.841908194124699 ], [ 1672476.332518545445055, 5032165.440180281177163 ], [ 1672446.558569663669914, 5032114.571641782298684 ], [ 1672432.12801103759557, 5032115.933734375983477 ], [ 1672386.010156595613807, 5032119.869628798216581 ], [ 1672335.300860387738794, 5032116.085353108122945 ], [ 1672277.023012540768832, 5032114.571643486618996 ], [ 1672223.286295684985816, 5032114.571644056588411 ], [ 1672180.145551174879074, 5032117.599065355956554 ], [ 1672152.858955107629299, 5032123.593728402629495 ], [ 1672114.299151693936437, 5032135.763591093942523 ], [ 1672073.428972713183612, 5032150.900695728138089 ], [ 1672031.801938532385975, 5032163.010379161685705 ], [ 1672004.555152523797005, 5032169.065220948308706 ], [ 1671989.418049240019172, 5032176.633773766458035 ], [ 1671962.928118475712836, 5032220.531375858932734 ], [ 1671940.979318760801107, 5032261.401557806879282 ], [ 1671909.191401790827513, 5032279.566083183512092 ], [ 1671870.591788294259459, 5032287.891490904614329 ], [ 1671823.666767995338887, 5032310.597147705033422 ], [ 1671785.824009653180838, 5032329.518527803942561 ], [ 1671766.145775379613042, 5032341.628211926668882 ], [ 1671726.032451328355819, 5032362.063303491100669 ], [ 1671684.405417141504586, 5032377.957262786105275 ], [ 1671670.782024380750954, 5032359.792737977579236 ], [ 1671652.617500027641654, 5032336.330226572230458 ], [ 1671652.575953924562782, 5032304.633233897387981 ], [ 1671648.146227332763374, 5032260.335967980325222 ], [ 1671641.501637445297092, 5032243.724493261426687 ], [ 1671617.138141190633178, 5032187.24547921679914 ], [ 1671586.130055048502982, 5032169.526572849601507 ], [ 1671572.226972946431488, 5032168.383029298856854 ], [ 1671558.444263850105926, 5032166.78206832986325 ], [ 1671540.811708188150078, 5032174.239269533194602 ], [ 1671517.8146956958808, 5032181.732769696973264 ], [ 1671498.683245965512469, 5032192.554115805774927 ], [ 1671479.551796235144138, 5032203.375461913645267 ], [ 1671466.527437071548775, 5032211.608975470997393 ], [ 1671451.023394000250846, 5032220.46842865459621 ], [ 1671435.519350929185748, 5032229.327881838195026 ], [ 1671412.263286322588101, 5032268.08798951562494 ], [ 1671397.86667489958927, 5032283.5920325871557 ], [ 1671377.853313345229253, 5032298.384517214260995 ], [ 1671357.999135573860258, 5032311.277823785319924 ], [ 1671337.463500884827226, 5032332.800517116673291 ], [ 1671316.927866195794195, 5032354.323210448026657 ], [ 1671303.205343601992354, 5032348.834201410412788 ], [ 1671312.353691997937858, 5032321.846573641523719 ], [ 1671321.502040393883362, 5032294.858945873565972 ], [ 1671319.672370714601129, 5032278.391918760724366 ], [ 1671343.458076544338837, 5032219.842489026486874 ], [ 1671370.395153007470071, 5032138.583533162251115 ], [ 1671393.392063385806978, 5032060.537770260125399 ], [ 1671413.900359193328768, 5031975.581586853601038 ], [ 1671413.051527902251109, 5031947.651152872480452 ], [ 1671407.532086268765852, 5031919.921183906495571 ], [ 1671402.296401491155848, 5031901.528114049695432 ], [ 1671408.118558643385768, 5031880.973967458121479 ], [ 1671415.867245981935412, 5031862.377117845229805 ], [ 1671498.003331771120429, 5031764.743657378479838 ], [ 1671547.594930738210678, 5031719.801270814612508 ], [ 1671588.225474020000547, 5031682.979840965941548 ], [ 1671597.186529705300927, 5031674.858884250745177 ], [ 1671615.783379317959771, 5031634.565710090100765 ], [ 1671611.909035648684949, 5031553.979361768811941 ], [ 1671603.132732693105936, 5031506.735648320987821 ], [ 1671594.087054769741371, 5031468.743801044300199 ], [ 1671575.490205157082528, 5031460.995113705284894 ], [ 1671549.144668205874041, 5031464.869457375258207 ], [ 1671508.252025397028774, 5031472.784663782455027 ], [ 1671480.956219626124948, 5031480.366832052357495 ], [ 1671462.342586058191955, 5031488.689096903428435 ], [ 1671426.177500687073916, 5031497.540854232385755 ], [ 1671365.217258244752884, 5031512.461468058638275 ], [ 1671304.993146939435974, 5031527.924759839661419 ], [ 1671246.945862000342458, 5031549.330149365589023 ], [ 1671198.904000500915572, 5031567.926998978480697 ], [ 1671169.708045224193484, 5031584.893090048804879 ] ] ], [ [ [ 1673651.372012784238905, 5031503.00132105499506 ], [ 1673636.742013663519174, 5031504.001321582123637 ], [ 1673623.242014185991138, 5031504.501322006806731 ], [ 1673610.622015186119825, 5031506.001321857795119 ], [ 1673596.492016016039997, 5031509.501322004944086 ], [ 1673582.492016834206879, 5031512.001322152093053 ], [ 1673569.872017309069633, 5031514.001322563737631 ], [ 1673555.24201842257753, 5031515.001322438940406 ], [ 1673498.622021720279008, 5031519.001323036849499 ], [ 1673491.807022121734917, 5031520.75132310949266 ], [ 1673484.99202252086252, 5031522.50132317841053 ], [ 1673470.872023351490498, 5031526.501323325559497 ], [ 1673457.742024123668671, 5031531.001323463395238 ], [ 1673444.992024851031601, 5031536.001323223114014 ], [ 1673432.372025594115257, 5031540.001323355361819 ], [ 1673419.372026354074478, 5031542.50132348947227 ], [ 1673404.742027236614376, 5031544.501324014738202 ], [ 1673391.742027994710952, 5031546.501324152573943 ], [ 1673376.622028602752835, 5031548.501324405893683 ], [ 1673361.992029471322894, 5031551.50132474116981 ], [ 1673348.872030503582209, 5031554.501324599608779 ], [ 1673334.242031362373382, 5031558.501324750483036 ], [ 1673327.432031475473195, 5031560.751324731856585 ], [ 1673320.622032163199037, 5031563.001324893906713 ], [ 1673304.992032791487873, 5031566.501324970275164 ], [ 1673292.242033836431801, 5031573.001325184479356 ], [ 1673278.872034644708037, 5031586.001325314864516 ], [ 1673275.99203484505415, 5031599.501325329765677 ], [ 1673277.742034514434636, 5031613.001325577497482 ], [ 1673282.872034247964621, 5031625.501325512304902 ], [ 1673291.992034014780074, 5031639.501325121149421 ], [ 1673302.622033155523241, 5031653.001325093209743 ], [ 1673304.902033306192607, 5031656.376324966549873 ], [ 1673304.785477736033499, 5031667.451930599287152 ], [ 1673304.232033121865243, 5031682.981324864551425 ], [ 1673301.797684284858406, 5031699.393316695466638 ], [ 1673300.8620336628519, 5031705.70132496394217 ], [ 1673291.602034040726721, 5031757.891324924305081 ], [ 1673293.29203396383673, 5031772.201324705034494 ], [ 1673303.392033785115927, 5031815.131324829533696 ], [ 1673311.802033105865121, 5031849.641324801370502 ], [ 1673311.802033115644008, 5031853.011324798688293 ], [ 1673336.212032073643059, 5031894.261324401944876 ], [ 1673366.522030124440789, 5031928.771324144676328 ], [ 1673402.712028415407985, 5031975.911323616281152 ], [ 1673427.97202708479017, 5032030.621323293074965 ], [ 1673429.652026735246181, 5032034.831323552876711 ], [ 1673452.382025795988739, 5032082.81132298335433 ], [ 1673465.842025049030781, 5032107.221322447061539 ], [ 1673513.822022415697575, 5032158.57132225856185 ], [ 1673514.672022371087223, 5032160.251322243362665 ], [ 1673554.232020160183311, 5032194.761321790516376 ], [ 1673590.422017853241414, 5032213.281321855261922 ], [ 1673592.952017958275974, 5032214.121321357786655 ], [ 1673594.632017586845905, 5032214.961321437731385 ], [ 1673620.732016369234771, 5032223.381321053951979 ], [ 1673661.972013724036515, 5032233.481320707127452 ], [ 1673715.002010931726545, 5032238.531320035457611 ], [ 1673717.532010786700994, 5032238.531320009380579 ], [ 1673720.052010639570653, 5032238.531319979578257 ], [ 1673728.389596277847886, 5032238.781903080642223 ], [ 1673794.298828001599759, 5032240.762781037017703 ], [ 1673804.232005757745355, 5032241.061319082975388 ], [ 1673809.307831209618598, 5032240.162544758990407 ], [ 1673821.992004687897861, 5032226.001318909227848 ], [ 1673851.992002640850842, 5032219.00131850130856 ], [ 1673891.992000593338162, 5032214.001318173483014 ], [ 1673906.99199969926849, 5032205.001318020746112 ], [ 1673919.991998868994415, 5032185.001317532733083 ], [ 1673927.99199829949066, 5032132.00131786800921 ], [ 1673935.991997772362083, 5032107.00131780654192 ], [ 1673968.991995763033628, 5032070.001317493617535 ], [ 1673980.991994992364198, 5032050.001317013055086 ], [ 1673989.991994397714734, 5032011.001317320391536 ], [ 1674012.991993007715791, 5031989.001317098736763 ], [ 1674065.991989898495376, 5031977.001316543668509 ], [ 1674080.991988963913172, 5031962.001316031441092 ], [ 1674080.991988969035447, 5031953.501316407695413 ], [ 1674080.991988921537995, 5031945.001316048204899 ], [ 1674064.991989482194185, 5031902.001316541805863 ], [ 1674059.991990004200488, 5031879.001316707581282 ], [ 1674064.991989620961249, 5031842.00131668522954 ], [ 1674088.991988108959049, 5031794.001316476613283 ], [ 1674088.991988053079695, 5031772.001316498965025 ], [ 1674086.991988149937242, 5031764.001316530629992 ], [ 1674056.991989857051522, 5031749.001316864043474 ], [ 1674029.621991370804608, 5031718.50131718441844 ], [ 1674015.371992175932974, 5031709.001317344605923 ], [ 1674001.991992935538292, 5031702.001317491754889 ], [ 1673988.241993442643434, 5031695.001317746937275 ], [ 1673974.87199448235333, 5031690.001317799091339 ], [ 1673961.991994954179972, 5031685.001318221911788 ], [ 1673946.991996077820659, 5031680.501318104565144 ], [ 1673932.621996878646314, 5031677.001317892223597 ], [ 1673919.121997684240341, 5031675.501318406313658 ], [ 1673905.741998167708516, 5031672.501318462193012 ], [ 1673889.871999086812139, 5031666.501318821683526 ], [ 1673874.872000221628696, 5031662.001318888738751 ], [ 1673829.492002838756889, 5031654.001319384202361 ], [ 1673815.622003612108529, 5031651.501319160684943 ], [ 1673801.62200418766588, 5031651.501319963485003 ], [ 1673787.992005221080035, 5031653.001319453120232 ], [ 1673774.492005756124854, 5031653.001320069655776 ], [ 1673760.992006545420736, 5031650.501320395618677 ], [ 1673754.307007193099707, 5031649.00132018700242 ], [ 1673747.62200757721439, 5031647.501320259645581 ], [ 1673734.622008324600756, 5031644.501320403069258 ], [ 1673721.872008754406124, 5031635.001320460811257 ], [ 1673717.742009248584509, 5031621.501320602372289 ], [ 1673718.122009193059057, 5031608.00132061354816 ], [ 1673720.622009005397558, 5031590.501320602372289 ], [ 1673720.372008961625397, 5031577.501320250332355 ], [ 1673718.242009075824171, 5031563.001320658251643 ], [ 1673714.122008993290365, 5031549.001320626586676 ], [ 1673703.992009837180376, 5031536.501320833340287 ], [ 1673691.872010508086532, 5031523.001320973038673 ], [ 1673678.122011278755963, 5031512.001321131363511 ], [ 1673664.242012067232281, 5031504.001321287825704 ], [ 1673651.372012784238905, 5031503.00132105499506 ] ] ], [ [ [ 1671263.313796291127801, 5030519.823307609185576 ], [ 1671223.30981121212244, 5030562.797334564849734 ], [ 1671181.545385993551463, 5030590.529702514410019 ], [ 1671156.022899407893419, 5030614.678915133699775 ], [ 1671121.761712958104908, 5030650.792057609185576 ], [ 1671109.763107735197991, 5030693.629332775250077 ], [ 1671105.998259484302253, 5030707.070548439398408 ], [ 1671100.721156631596386, 5030725.910797184333205 ], [ 1671096.789026601240039, 5030739.949240233749151 ], [ 1671088.007774889934808, 5030752.566949805244803 ], [ 1671082.20614407537505, 5030784.55219685845077 ], [ 1671079.141020892653614, 5030802.955936649814248 ], [ 1671076.246902337763458, 5030827.75670382194221 ], [ 1671100.932815419044346, 5031013.814704781398177 ], [ 1671141.605462958104908, 5031318.864974275231361 ], [ 1671255.322864935733378, 5031285.46046844124794 ], [ 1671361.14565966418013, 5031273.916163561865687 ], [ 1671484.284911712165922, 5031258.523757055401802 ], [ 1671620.892519453074783, 5031223.890842417255044 ], [ 1671722.973009656183422, 5031218.026478007435799 ], [ 1671795.032119492068887, 5031204.301341723650694 ], [ 1671779.393355776555836, 5031143.575254393741488 ], [ 1671778.622120516374707, 5031126.001341689378023 ], [ 1671787.411614395212382, 5031100.303790986537933 ], [ 1671787.093789962586015, 5031096.172071417793632 ], [ 1671785.579321589786559, 5031076.483982102945447 ], [ 1671784.61210150597617, 5031063.910124387592077 ], [ 1671779.251296291127801, 5031017.239974275231361 ], [ 1671764.037754624616355, 5030978.213932609185576 ], [ 1671744.3872009976767, 5030930.947725873440504 ], [ 1671730.303379624616355, 5030904.792057609185576 ], [ 1671695.246087958104908, 5030893.547265943139791 ], [ 1671635.053379624616355, 5030877.672265943139791 ], [ 1671590.589034760370851, 5030874.892699670046568 ], [ 1671536.839897429570556, 5030880.038893669843674 ], [ 1671485.563796291127801, 5030884.948307609185576 ], [ 1671473.657546291127801, 5030734.135807609185576 ], [ 1671458.622634400613606, 5030711.910285683348775 ], [ 1671404.457479938864708, 5030636.104461835697293 ], [ 1671353.647268266417086, 5030586.955599954351783 ], [ 1671311.015576745849103, 5030551.589193185791373 ], [ 1671263.313796291127801, 5030519.823307609185576 ] ] ], [ [ [ 1673642.972022118512541, 5035176.841318232938647 ], [ 1673613.085020825266838, 5035184.014791905879974 ], [ 1673556.66202743537724, 5035197.001318851485848 ], [ 1673523.592029381077737, 5035208.291319189593196 ], [ 1673503.422030610498041, 5035232.491319384425879 ], [ 1673477.216957881115377, 5035283.435250632464886 ], [ 1673460.680500621907413, 5035330.398792428895831 ], [ 1673442.821127019822598, 5035370.747750632464886 ], [ 1673424.961753193754703, 5035416.388376144692302 ], [ 1673411.732587375212461, 5035449.461292922496796 ], [ 1673395.196130103431642, 5035491.133168052881956 ], [ 1673381.966964265797287, 5035515.607126511633396 ], [ 1673368.076340135652572, 5035542.065459962934256 ], [ 1673307.883635443169624, 5035602.919627210125327 ], [ 1673213.295099457725883, 5035693.539419425651431 ], [ 1673220.57114079175517, 5035719.336294690147042 ], [ 1673236.446139931678772, 5035743.810252834111452 ], [ 1673253.644055350217968, 5035763.654002357274294 ], [ 1673276.133637715131044, 5035777.544627377763391 ], [ 1673301.812217521946877, 5035784.962514981627464 ], [ 1673319.792042384855449, 5035799.661320881918073 ], [ 1673346.42204117635265, 5035823.711320480331779 ], [ 1673415.152036952320486, 5035858.071320053189993 ], [ 1673343.132867771200836, 5035978.975918762385845 ], [ 1673358.154466859530658, 5036007.070667948573828 ], [ 1673361.027040894143283, 5036052.231320103630424 ], [ 1673403.918378283269703, 5036086.483808455988765 ], [ 1673439.132284056860954, 5036121.853803362697363 ], [ 1673465.832035055849701, 5036148.441318891942501 ], [ 1673490.752033640630543, 5036160.471318615600467 ], [ 1673502.772032681852579, 5036182.811318257823586 ], [ 1673501.052033155225217, 5036205.141318460926414 ], [ 1673501.052033262792975, 5036248.502957863733172 ], [ 1673498.482033183798194, 5036285.041318204253912 ], [ 1673485.637277566827834, 5036297.226780066266656 ], [ 1673457.855652690399438, 5036322.115949276834726 ], [ 1673439.792694490868598, 5036335.529514038935304 ], [ 1673414.292038545943797, 5036351.191319242119789 ], [ 1673401.402039343956858, 5036371.811319364234805 ], [ 1673402.26203935733065, 5036397.581319326534867 ], [ 1673424.602037706412375, 5036426.361319148913026 ], [ 1673456.382036337163299, 5036444.831318706274033 ], [ 1673519.102032758295536, 5036468.021318014711142 ], [ 1673522.532032561022788, 5036468.881317982450128 ], [ 1673552.602030871901661, 5036490.36131763830781 ], [ 1673568.922029980458319, 5036512.701317442581058 ], [ 1673575.792029640171677, 5036536.751317344605923 ], [ 1673574.447029734496027, 5036543.001317353919148 ], [ 1673573.102029828354716, 5036549.251317363232374 ], [ 1673549.427847684826702, 5036561.85715077444911 ], [ 1673525.753665541764349, 5036574.462984183803201 ], [ 1673487.778722161892802, 5036585.56335224956274 ], [ 1673450.388008680194616, 5036588.484501739963889 ], [ 1673410.409673205111176, 5036601.060250237584114 ], [ 1673370.992041714955121, 5036618.001319443807006 ], [ 1673308.420143430121243, 5036650.412870943546295 ], [ 1673292.992046344093978, 5036662.001320231705904 ], [ 1673270.445200050249696, 5036680.79282564856112 ], [ 1673237.728325753938407, 5036678.455906055867672 ], [ 1673206.179911253973842, 5036688.972044222056866 ], [ 1673182.226485429797322, 5036708.251630861312151 ], [ 1673157.688829707447439, 5036742.13696495257318 ], [ 1673124.672747110947967, 5036773.251080261543393 ], [ 1673110.661572118289769, 5036790.463972050696611 ], [ 1673098.40698624914512, 5036801.592694906517863 ], [ 1673075.610013084486127, 5036822.295246509835124 ], [ 1673049.024069310165942, 5036846.438665414229035 ], [ 1673025.087611337192357, 5036865.422078490257263 ], [ 1672997.082648348528892, 5036887.340112913399935 ], [ 1672982.690650645643473, 5036912.618705157190561 ], [ 1672964.4908721386455, 5036944.466917514801025 ], [ 1672958.738598251249641, 5036958.473744282498956 ], [ 1672949.49293817114085, 5036981.587894482538104 ], [ 1672939.680368938483298, 5037006.119317563250661 ], [ 1672917.240221960935742, 5037032.299489038065076 ], [ 1672885.450013742782176, 5037054.739636015146971 ], [ 1672855.529817772563547, 5037073.439758496358991 ], [ 1672825.609621802344918, 5037097.749917723238468 ], [ 1672792.237012350931764, 5037135.616836903616786 ], [ 1672773.542431063018739, 5037153.089942544698715 ], [ 1672747.33571028476581, 5037171.532164005562663 ], [ 1672737.549683533608913, 5037178.574690002948046 ], [ 1672706.454225760884583, 5037208.033544734120369 ], [ 1672699.806483653374016, 5037218.911668183282018 ], [ 1672696.613455700688064, 5037224.136623015627265 ], [ 1672688.081164562609047, 5037238.098553968593478 ], [ 1672691.42172114411369, 5037261.482450038194656 ], [ 1672821.703427821397781, 5037286.536624398082495 ], [ 1672928.46029544994235, 5037303.451265016570687 ], [ 1672988.731256894767284, 5037296.558294143527746 ], [ 1673018.008274446241558, 5037302.788217620924115 ], [ 1673080.307387781329453, 5037316.04498833604157 ], [ 1673089.002715373877436, 5037323.150533309206367 ], [ 1673102.079435009509325, 5037335.409957967698574 ], [ 1673105.281949943862855, 5037339.122739505022764 ], [ 1673108.484464878216386, 5037342.835521040484309 ], [ 1673128.294269569218159, 5037368.192071044817567 ], [ 1673144.192275190725923, 5037387.609822241589427 ], [ 1673166.576659826096147, 5037407.165445920079947 ], [ 1673198.984050105325878, 5037427.430755948647857 ], [ 1673254.804231118410826, 5037462.343074897304177 ], [ 1673320.288602241780609, 5037512.613906983286142 ], [ 1673345.473026784136891, 5037546.552857274189591 ], [ 1673358.653183300979435, 5037580.744115428999066 ], [ 1673422.814638509880751, 5037647.551406264305115 ], [ 1673479.038593760691583, 5037718.988905597478151 ], [ 1673471.762552611529827, 5037757.35348897241056 ], [ 1673487.637551781255752, 5037793.733697099611163 ], [ 1673512.11150878155604, 5037828.129530135542154 ], [ 1673510.788592168595642, 5037860.540988203138113 ], [ 1673531.293799476698041, 5037884.353488212451339 ], [ 1673550.476090137846768, 5037927.348279630765319 ], [ 1673547.830257018096745, 5037951.822237972170115 ], [ 1673572.312635598704219, 5038065.44876192137599 ], [ 1673581.564629984553903, 5038092.712862560525537 ], [ 1673619.92921159369871, 5038121.155570371076465 ], [ 1673633.819835708010942, 5038133.723278841003776 ], [ 1673657.225253662560135, 5038163.804396610707045 ], [ 1673702.473472740966827, 5038216.44987772218883 ], [ 1673745.606287939473987, 5038240.879527250304818 ], [ 1673774.048994713462889, 5038276.824108911678195 ], [ 1673792.569827012717724, 5038293.134735029190779 ], [ 1673837.950199892744422, 5038284.387309122830629 ], [ 1673863.288841183297336, 5038263.71602532826364 ], [ 1673869.319370239507407, 5038235.989812947809696 ], [ 1673894.604655972216278, 5038217.163307951763272 ], [ 1673925.260188456159085, 5038222.178937686607242 ], [ 1673946.392999251373112, 5038222.325535612180829 ], [ 1674035.489049234893173, 5038230.909935884177685 ], [ 1674055.133796782232821, 5038221.087561089545488 ], [ 1674065.992005338892341, 5038197.001310516148806 ], [ 1674062.773420481942594, 5038139.234442215412855 ], [ 1674054.042421435937285, 5038069.386447347700596 ], [ 1674070.125100757926702, 5038068.594371726736426 ], [ 1674090.057791633531451, 5038095.579445116221905 ], [ 1674099.880165456328541, 5038132.686192331835628 ], [ 1674105.337039753329009, 5038175.249813947826624 ], [ 1674115.159413732588291, 5038147.965441022068262 ], [ 1674110.793913759291172, 5038103.219069385901093 ], [ 1674147.900659103877842, 5038159.97056488879025 ], [ 1674122.614390262402594, 5038223.956265032291412 ], [ 1674164.271282628178596, 5038245.097808483988047 ], [ 1674179.878722597379237, 5038237.569768814370036 ], [ 1674194.482080231420696, 5038191.550897352397442 ], [ 1674198.991997127886862, 5038169.001309210434556 ], [ 1674188.991997614037246, 5038131.001309353858232 ], [ 1674217.748650492168963, 5038154.513689454644918 ], [ 1674237.393397870939225, 5038163.244688363745809 ], [ 1674272.54183740913868, 5038168.822710691019893 ], [ 1674300.741991286631674, 5038065.791308429092169 ], [ 1674348.241988551802933, 5038071.58130737580359 ], [ 1674379.521986947860569, 5038114.451307250186801 ], [ 1674398.061985893640667, 5038122.561307044699788 ], [ 1674428.181984150782228, 5038124.881306720897555 ], [ 1674462.388487609568983, 5038134.937445789575577 ], [ 1674518.541978927794844, 5038132.981305750086904 ], [ 1674585.486369024030864, 5038155.461921004578471 ], [ 1674621.651973006315529, 5038157.311304623261094 ], [ 1674644.821971231605858, 5038156.161304464563727 ], [ 1674664.357298868941143, 5038125.749300859868526 ], [ 1674691.0, 5038100.0 ], [ 1674724.610263699200004, 5038087.100077128969133 ], [ 1674762.435263927094638, 5038073.085077330470085 ], [ 1674794.932631843723357, 5038072.942540906369686 ], [ 1674827.429999760584906, 5038072.800004481337965 ], [ 1674846.605714601930231, 5038010.530608920380473 ], [ 1674879.710000002058223, 5038018.440004395321012 ], [ 1674933.865464513888583, 5038007.555200835689902 ], [ 1674954.380928963422775, 5038002.840397291816771 ], [ 1674972.889414264820516, 5037988.367736607789993 ], [ 1674986.110682243714109, 5037986.529518726281822 ], [ 1674999.331950222607702, 5037984.69130084477365 ], [ 1675028.177505328319967, 5037990.519536636769772 ], [ 1675051.967296303017065, 5037994.930319204926491 ], [ 1675093.945656635100022, 5038006.841475591063499 ], [ 1675148.628430412150919, 5038019.07435305044055 ], [ 1675183.233183663105592, 5038028.765941567718983 ], [ 1675199.977623931830749, 5037991.637129157781601 ], [ 1675215.85604281630367, 5037974.437784847803414 ], [ 1675237.46302121412009, 5037976.933894882909954 ], [ 1675259.06999961216934, 5037979.430004918016493 ], [ 1675277.5456403773278, 5037990.703803905285895 ], [ 1675286.997767750173807, 5038003.264830250293016 ], [ 1675291.204577343538404, 5038021.405247694812715 ], [ 1675288.510578625136986, 5038055.818620234727859 ], [ 1675286.324693877948448, 5038071.556990414857864 ], [ 1675274.528269649250433, 5038093.86151022836566 ], [ 1675259.070990607142448, 5038105.951942220330238 ], [ 1675239.071501217782497, 5038118.575182475149632 ], [ 1675207.794013578910381, 5038145.876690337434411 ], [ 1675180.688905158080161, 5038176.069822676479816 ], [ 1675165.659317201934755, 5038205.022048395127058 ], [ 1675158.293001953745261, 5038235.200603333301842 ], [ 1675154.586003907490522, 5038254.401206666603684 ], [ 1675148.055853327270597, 5038278.250452265143394 ], [ 1675135.334487317595631, 5038312.501568533480167 ], [ 1675128.067029980476946, 5038324.619728215970099 ], [ 1675120.79957264335826, 5038336.737887898460031 ], [ 1675118.812135510379449, 5038361.154972678050399 ], [ 1675102.0, 5038388.0 ], [ 1675066.0, 5038405.0 ], [ 1675041.499524960760027, 5038430.000407176092267 ], [ 1675050.0, 5038457.0 ], [ 1675110.758778790477663, 5038484.160646384581923 ], [ 1675135.0, 5038494.0 ], [ 1675168.483885960187763, 5038528.721824713982642 ], [ 1675197.0, 5038554.0 ], [ 1675201.0, 5038580.0 ], [ 1675181.0, 5038622.0 ], [ 1675158.719821897801012, 5038683.646763920783997 ], [ 1675142.09661964699626, 5038741.124021982774138 ], [ 1675131.583131072577089, 5038775.668341584503651 ], [ 1675120.969998256070539, 5038814.320759266614914 ], [ 1675090.0, 5038848.0 ], [ 1675046.25650680065155, 5038881.459187077358365 ], [ 1675026.0, 5038907.0 ], [ 1674988.0, 5038929.0 ], [ 1674928.0, 5038953.0 ], [ 1674875.488089118152857, 5038981.234223111532629 ], [ 1674837.0, 5038992.0 ], [ 1674769.0, 5039028.0 ], [ 1674721.0, 5039033.0 ], [ 1674572.0, 5039058.0 ], [ 1674563.0, 5039090.0 ], [ 1674517.5, 5039099.5 ], [ 1674458.855505008483306, 5039112.181346002966166 ], [ 1674445.0, 5039131.0 ], [ 1674469.85624506464228, 5039146.573489924892783 ], [ 1674498.23199161188677, 5039146.573489578440785 ], [ 1674554.983483970165253, 5039153.121738834306598 ], [ 1674649.32703866250813, 5039206.980264706537127 ], [ 1674694.679466207977384, 5039224.061107320711017 ], [ 1674719.781087942421436, 5039215.330107681453228 ], [ 1674741.253681651316583, 5039208.741276605054736 ], [ 1674753.159930719528347, 5039236.522526636719704 ], [ 1674772.803238921798766, 5039249.836926007643342 ], [ 1674781.989454836118966, 5039264.441978214308619 ], [ 1674792.903204029425979, 5039307.005600092932582 ], [ 1674814.014094294514507, 5039362.199608752503991 ], [ 1674803.816952805034816, 5039381.21909462288022 ], [ 1674799.066301723010838, 5039402.520372219383717 ], [ 1674795.14488030038774, 5039420.10349605884403 ], [ 1674793.442238532938063, 5039429.935534572228789 ], [ 1674790.262524374993518, 5039452.193533678539097 ], [ 1674788.916199577273801, 5039472.420876264572144 ], [ 1674779.580893295817077, 5039490.586668509058654 ], [ 1674766.274804868269712, 5039516.729038282297552 ], [ 1674743.330456669675186, 5039553.321996980346739 ], [ 1674697.360000237356871, 5039562.470004640519619 ], [ 1674681.582968965172768, 5039600.585454827174544 ], [ 1674667.395095955580473, 5039588.580331105738878 ], [ 1674667.450856796000153, 5039548.285509550943971 ], [ 1674667.395095540676266, 5039496.904837466776371 ], [ 1674670.669219886418432, 5039454.341215951368213 ], [ 1674660.846846375148743, 5039417.23446855135262 ], [ 1674645.991974360775203, 5039389.001303356140852 ], [ 1674596.455729647539556, 5039397.589720655232668 ], [ 1674576.810982225928456, 5039412.868969760835171 ], [ 1674544.069736566860229, 5039456.523966956883669 ], [ 1674528.790488544851542, 5039458.706716964021325 ], [ 1674529.630385614931583, 5039420.229288818314672 ], [ 1674497.140617405064404, 5039365.939849002286792 ], [ 1674478.587244377005845, 5039367.031224207952619 ], [ 1674457.851122152991593, 5039405.229346666485071 ], [ 1674434.932250634767115, 5039442.336094150319695 ], [ 1674410.922003756277263, 5039449.975718850269914 ], [ 1674335.617138211615384, 5039422.691346121951938 ], [ 1674279.957020522560924, 5039428.148221578449011 ], [ 1674254.855398859363049, 5039423.782722406089306 ], [ 1674222.336058771237731, 5039401.357932645827532 ], [ 1674189.201683297287673, 5039388.78972090780735 ], [ 1674192.028335943818092, 5039370.124547189101577 ], [ 1674178.918600879143924, 5039320.235836923122406 ], [ 1674149.211919553112239, 5039276.818377247080207 ], [ 1674112.64984962483868, 5039258.537341950461268 ], [ 1674064.66213354608044, 5039249.396824823692441 ], [ 1674015.531852999236435, 5039232.258353980258107 ], [ 1673968.686701036524028, 5039213.977318795397878 ], [ 1673951.548230985179543, 5039216.262448454275727 ], [ 1673924.126679073087871, 5039247.111696857959032 ], [ 1673890.992303566541523, 5039263.107603255659342 ], [ 1673862.470295116771013, 5039287.06562739238143 ], [ 1673849.859975879080594, 5039272.248121492564678 ], [ 1673816.725600302219391, 5039218.54757927171886 ], [ 1673800.729694918263704, 5039219.690144181251526 ], [ 1673765.31018980499357, 5039259.679910387843847 ], [ 1673747.552026472520083, 5039273.546312861144543 ], [ 1673718.990342360455543, 5039301.548737024888396 ], [ 1673689.523221724200994, 5039353.934733472764492 ], [ 1673674.75205498514697, 5039389.961971845477819 ], [ 1673676.134909317363054, 5039425.954496707767248 ], [ 1673652.038074913900346, 5039472.263077050447464 ], [ 1673628.406229735352099, 5039487.082474553957582 ], [ 1673622.29453078424558, 5039505.417573247104883 ], [ 1673603.304608272854239, 5039519.823722409084439 ], [ 1673602.09432880859822, 5039539.18819573149085 ], [ 1673600.030483507551253, 5039572.209718452766538 ], [ 1673603.304608470294625, 5039599.494091657921672 ], [ 1673632.771729812026024, 5039659.519712010398507 ], [ 1673656.290430719498545, 5039691.437167953699827 ], [ 1673646.959602707996964, 5039721.72808245010674 ], [ 1673682.974973446689546, 5039707.540208008140326 ], [ 1673715.71621879376471, 5039708.631582668051124 ], [ 1673739.726466073654592, 5039690.078208662569523 ], [ 1673761.553962838370353, 5039650.788711067289114 ], [ 1673782.290085548534989, 5039679.164459001272917 ], [ 1673784.472834958229214, 5039638.783586392179132 ], [ 1673796.477958739735186, 5039644.240461077541113 ], [ 1673792.152024632785469, 5039614.731311801820993 ], [ 1673859.352020879276097, 5039629.791311327368021 ], [ 1673870.932020231615752, 5039639.061311189085245 ], [ 1673865.142020290717483, 5039700.461311278864741 ], [ 1673865.546955198980868, 5039802.528119742870331 ], [ 1673824.592023627832532, 5039925.221311405301094 ], [ 1673741.182028631679714, 5039994.731312228366733 ], [ 1673703.527030972763896, 5040059.026312567293644 ], [ 1673677.462032572366297, 5040094.361312804743648 ], [ 1673607.952036906965077, 5040218.901313424110413 ], [ 1673578.407038886565715, 5040282.621313385665417 ], [ 1673530.119382160715759, 5040386.725065588951111 ], [ 1673499.052043754607439, 5040437.281314371153712 ], [ 1673473.562045311089605, 5040469.721314610913396 ], [ 1673446.912047029007226, 5040540.391314825043082 ], [ 1673445.752047094516456, 5040582.10131455026567 ], [ 1673423.559201637282968, 5040609.77682764083147 ], [ 1673390.450187749229372, 5040678.199731772765517 ], [ 1673371.612051815725863, 5040754.72131516598165 ], [ 1673336.363464481662959, 5040854.459155928343534 ], [ 1673289.822057188954204, 5040970.761316075921059 ], [ 1673295.433080804068595, 5041067.991853177547455 ], [ 1673289.429199627134949, 5041114.430881576612592 ], [ 1673274.747364012524486, 5041159.487735986709595 ], [ 1673261.111955230124295, 5041234.20732905715704 ], [ 1673248.942060344852507, 5041289.54631620272994 ], [ 1673248.942060413770378, 5041317.811316171661019 ], [ 1673264.592059407848865, 5041360.431315466761589 ], [ 1673282.862058305181563, 5041386.521315537393093 ], [ 1673275.129806144163013, 5041526.730113433673978 ], [ 1673254.164787869434804, 5041589.479759613052011 ], [ 1673233.19976916955784, 5041652.229405883699656 ], [ 1673211.53206338500604, 5041770.981315923854709 ], [ 1673170.26758099719882, 5041849.658125415444374 ], [ 1673175.872066155076027, 5041928.41131635196507 ], [ 1673121.072069640271366, 5042055.411316812038422 ], [ 1673030.612074863631278, 5042225.021317692473531 ], [ 1672968.884442791808397, 5042334.645952424034476 ], [ 1672925.969690246973187, 5042360.213526735082269 ], [ 1672893.182083214633167, 5042388.541318990290165 ], [ 1672867.962085250765085, 5042449.431319115683436 ], [ 1672836.615044213365763, 5042534.837487999349833 ], [ 1672816.642088491469622, 5042559.89631955139339 ], [ 1672763.582091773860157, 5042646.876320028677583 ], [ 1672714.87709461664781, 5042699.93632024154067 ], [ 1672701.597189287655056, 5042708.996249010786414 ], [ 1672672.172007757239044, 5042729.070943120867014 ], [ 1672592.333721396047622, 5042710.00508333556354 ], [ 1672541.094224780332297, 5042684.981141980737448 ], [ 1672523.862105820327997, 5042724.621322490274906 ], [ 1672502.401040387805551, 5042759.669939164072275 ], [ 1672571.670482966583222, 5042840.147546151652932 ], [ 1672594.160065290983766, 5042957.887129127979279 ], [ 1672602.728422954212874, 5043027.890855226665735 ], [ 1672611.357980901841074, 5043061.074628638103604 ], [ 1672684.11839389661327, 5043148.387127989903092 ], [ 1672709.762610058300197, 5043156.176408480852842 ], [ 1672744.158441093284637, 5043158.822241235524416 ], [ 1672771.939689876977354, 5043187.926407787948847 ], [ 1672802.36677144607529, 5043185.280574135482311 ], [ 1672831.470936495345086, 5043211.738907134160399 ], [ 1672896.293849415611476, 5043211.738906446844339 ], [ 1672965.085512063931674, 5043194.540989065542817 ], [ 1673032.045457094442099, 5043182.782957892864943 ], [ 1673068.273006094619632, 5043193.218071311712265 ], [ 1673101.345920473802835, 5043169.405570773407817 ], [ 1673133.095918961334974, 5043172.051403973251581 ], [ 1673171.460499645210803, 5043170.728486984968185 ], [ 1673207.179247958119959, 5043150.88473654165864 ], [ 1673258.772994840983301, 5043138.978485753759742 ], [ 1673338.147990393452346, 5043154.853485146537423 ], [ 1673384.45007097767666, 5043125.749318018555641 ], [ 1673418.366142274811864, 5043144.313569730147719 ], [ 1673470.734953533858061, 5043137.68167981505394 ], [ 1673535.26256232149899, 5043153.53056638687849 ], [ 1673584.210475953761488, 5043197.186816012486815 ], [ 1673617.283390998840332, 5043189.249315481632948 ], [ 1673639.772973067127168, 5043203.801398564130068 ], [ 1673682.106303894426674, 5043181.311814801767468 ], [ 1673715.179218524135649, 5043181.311814894899726 ], [ 1673761.481299251783639, 5043161.468063974753022 ], [ 1673806.460462870076299, 5043182.634730070829391 ], [ 1673841.678379624150693, 5043176.167057609185576 ], [ 1673889.0, 5043147.0 ], [ 1673911.0, 5043170.0 ], [ 1673928.0, 5043205.0 ], [ 1673934.341113061644137, 5043209.672399098053575 ], [ 1673947.0, 5043219.0 ], [ 1673990.878940814174712, 5043232.798754051327705 ], [ 1674010.918255289085209, 5043238.691825527697802 ], [ 1674044.0, 5043242.0 ], [ 1674071.0, 5043255.0 ], [ 1674108.5, 5043253.5 ], [ 1674146.0, 5043252.0 ], [ 1674184.391528017353266, 5043268.89227232709527 ], [ 1674203.695764008443803, 5043274.446136163547635 ], [ 1674223.0, 5043280.0 ], [ 1674228.227152615319937, 5043289.014530565589666 ], [ 1674243.242858907673508, 5043307.711438100785017 ], [ 1674247.0, 5043328.0 ], [ 1674237.503949298057705, 5043366.267511701211333 ], [ 1674234.503949298057705, 5043416.267511701211333 ], [ 1674232.0, 5043458.0 ], [ 1674211.0, 5043490.0 ], [ 1674188.0, 5043512.0 ], [ 1674174.0, 5043541.0 ], [ 1674175.0, 5043552.5 ], [ 1674198.911991467699409, 5043553.26480944827199 ], [ 1674232.281569623854011, 5043554.332113638520241 ], [ 1674268.82440277794376, 5043554.469945238903165 ], [ 1674302.883897995576262, 5043545.904496438801289 ], [ 1674332.512496958021075, 5043546.426188331097364 ], [ 1674350.98513260576874, 5043540.708467774093151 ], [ 1674392.849552672822028, 5043525.569056268781424 ], [ 1674429.577705045696348, 5043510.775772675871849 ], [ 1674448.036762655247003, 5043503.340874470770359 ], [ 1674477.503885556012392, 5043498.975374782457948 ], [ 1674504.794875989668071, 5043500.879397369921207 ], [ 1674536.426290329545736, 5043503.086240231990814 ], [ 1674571.362128869630396, 5043505.523624315857887 ], [ 1674630.12869889382273, 5043521.449606943875551 ], [ 1674661.946247416548431, 5043529.533872604370117 ], [ 1674679.408246172592044, 5043548.087246283888817 ], [ 1674699.052994773257524, 5043577.554369185119867 ], [ 1674702.074995814356953, 5043571.572220228612423 ], [ 1674719.272911378182471, 5043529.238886753097177 ], [ 1674752.345826074015349, 5043508.07221975363791 ], [ 1674762.929158732760698, 5043482.936802994459867 ], [ 1674786.741657262668014, 5043447.218052780255675 ], [ 1674811.877072443254292, 5043435.31180252507329 ], [ 1674847.595819802489132, 5043406.207635428756475 ], [ 1674852.887486530467868, 5043354.613885499536991 ], [ 1674866.116651889868081, 5043337.415968626737595 ], [ 1674932.262481834739447, 5043316.249301351606846 ], [ 1674985.179145370610058, 5043291.113884145393968 ], [ 1675084.397889208979905, 5043251.42638330720365 ], [ 1675141.283302579075098, 5043251.426382701843977 ], [ 1675191.55413317726925, 5043273.915965031832457 ], [ 1675342.366624312009662, 5043275.238880528137088 ], [ 1675509.054114952683449, 5043273.91596189700067 ], [ 1675571.231194416061044, 5043292.436794731765985 ], [ 1675642.668690617196262, 5043305.665960434824228 ], [ 1675736.595768514089286, 5043310.957626093178988 ], [ 1675823.908263408578932, 5043295.082625174894929 ], [ 1675860.949927657842636, 5043312.280541611835361 ], [ 1675923.12700721854344, 5043321.540957342833281 ], [ 1675985.304087061900645, 5043367.843039965257049 ], [ 1676010.439502254594117, 5043361.228456370532513 ], [ 1676051.449916759505868, 5043251.426372775807977 ], [ 1676220.783240002579987, 5043148.238871062174439 ], [ 1676251.210321709048003, 5043203.801370685920119 ], [ 1676286.929069563746452, 5043174.697203662246466 ], [ 1676298.835318407509476, 5043187.926370115950704 ], [ 1676275.022820172831416, 5043215.707620160654187 ], [ 1676298.835319047328085, 5043243.488870138302445 ], [ 1676302.804068388417363, 5043271.270119989290833 ], [ 1676268.40823708102107, 5043283.176370350643992 ], [ 1676265.762404141016304, 5043303.020120620727539 ], [ 1676326.616567236371338, 5043288.468036642298102 ], [ 1676355.720732474233955, 5043268.624286165460944 ], [ 1676366.304065242875367, 5043288.468036036938429 ], [ 1676263.116571010556072, 5043322.863870626315475 ], [ 1676253.856155245564878, 5043344.030537188053131 ], [ 1676333.231150277424604, 5043324.186786539852619 ], [ 1676345.137399618979543, 5043337.415953066200018 ], [ 1676312.064485230017453, 5043355.936786549165845 ], [ 1676331.908234216272831, 5043410.176369618624449 ], [ 1676367.626982189714909, 5043428.697202550247312 ], [ 1676379.53323156805709, 5043456.478452399373055 ], [ 1676281.637403834611177, 5043472.353453878313303 ], [ 1676292.22073674807325, 5043500.134703293442726 ], [ 1676416.574896120000631, 5043543.790951658040285 ], [ 1676417.897812769748271, 5043567.603451624512672 ], [ 1676421.866562783252448, 5043590.093035144731402 ], [ 1676489.33530880510807, 5043566.280534451827407 ], [ 1676522.408223134465516, 5043598.030533988028765 ], [ 1676532.991556422784925, 5043625.81178392469883 ], [ 1676556.804055086802691, 5043644.332616982981563 ], [ 1676576.647803703323007, 5043627.134699858725071 ], [ 1676604.429052145220339, 5043575.540949871763587 ], [ 1676622.949884417932481, 5043580.832616332918406 ], [ 1676608.397801767103374, 5043639.040949949994683 ], [ 1676630.887384289875627, 5043711.801366120576859 ], [ 1676547.543639001902193, 5043784.56178379803896 ], [ 1676552.83530571591109, 5043801.759700203314424 ], [ 1676591.199886478483677, 5043788.530533328652382 ], [ 1676629.564467717893422, 5043792.499282468110323 ], [ 1676617.658218584023416, 5043861.290949191898108 ], [ 1676630.413506594020873, 5043864.531946616247296 ], [ 1676649.408216816373169, 5043817.63469915650785 ], [ 1676694.387380495667458, 5043792.499282212927938 ], [ 1676714.231129069812596, 5043636.395115040242672 ], [ 1676738.043627846054733, 5043625.811781723052263 ], [ 1676744.658210840541869, 5043643.009698299691081 ], [ 1676730.106128342915326, 5043687.988865524530411 ], [ 1676735.397794916760176, 5043723.707614988088608 ], [ 1676745.981127746868879, 5043767.363864837214351 ], [ 1676759.210293853189796, 5043849.384697945788503 ], [ 1676743.335294566582888, 5043889.072198260575533 ], [ 1676742.01237822137773, 5043936.697197787463665 ], [ 1676773.762376655358821, 5043972.415947671979666 ], [ 1676814.772790581453592, 5044026.65553043782711 ], [ 1676839.908206272870302, 5044021.363863583654165 ], [ 1676934.989348429720849, 5043973.352589951828122 ], [ 1676973.522781485691667, 5043953.895111950114369 ], [ 1677046.2831940818578, 5043941.988861437886953 ], [ 1677124.335272652562708, 5043926.113860353827477 ], [ 1677255.304014893714339, 5043915.530526073649526 ], [ 1677357.168592529837042, 5043881.134691489860415 ], [ 1677435.220670720096678, 5043838.801357282325625 ], [ 1677484.168585023377091, 5043832.18677350319922 ], [ 1677542.251817396841943, 5043826.511268021538854 ], [ 1677556.971816799137741, 5043806.341267699375749 ], [ 1677566.791816186159849, 5043789.981267610564828 ], [ 1677573.331815278623253, 5043778.521267473697662 ], [ 1677596.991814312059432, 5043743.621267328038812 ], [ 1677606.801813717000186, 5043733.811267232522368 ], [ 1677618.261812521144748, 5043721.261267045512795 ], [ 1677634.07181206298992, 5043707.081266965717077 ], [ 1677655.891810762695968, 5043694.541266741231084 ], [ 1677676.061809363774955, 5043679.271266277879477 ], [ 1677694.601808441802859, 5043667.271266352385283 ], [ 1677728.961806435603648, 5043664.001265985891223 ], [ 1677754.05180466035381, 5043661.821265902370214 ], [ 1677781.86180284852162, 5043658.551265342161059 ], [ 1677804.771801998838782, 5043653.091265179216862 ], [ 1677820.692729863338172, 5043650.121042083948851 ], [ 1677851.363255489617586, 5043643.462041784077883 ], [ 1677881.155449268873781, 5043636.993739621713758 ], [ 1677915.148604385089129, 5043629.215416083112359 ], [ 1677955.992968751117587, 5043619.360902776941657 ], [ 1677994.741790653206408, 5043610.011262914165854 ], [ 1678023.651789121329784, 5043595.83126287534833 ], [ 1678039.461788145825267, 5043574.021262720227242 ], [ 1678048.099841177929193, 5043546.459130430594087 ], [ 1678055.342042269650847, 5043523.329926133155823 ], [ 1678064.551786481402814, 5043493.851262530311942 ], [ 1678073.27178590465337, 5043467.13126246444881 ], [ 1678078.190874737221748, 5043450.35828292556107 ], [ 1678087.987318756058812, 5043419.071668228134513 ], [ 1678096.953301944769919, 5043390.437271824106574 ], [ 1678102.553696144372225, 5043372.551457835361362 ], [ 1678107.969843817409128, 5043355.254066551104188 ], [ 1678113.401783237699419, 5043337.881262155249715 ], [ 1678124.141998737119138, 5043313.174121936783195 ], [ 1678133.402791874017566, 5043291.855071162804961 ], [ 1678142.30178138660267, 5043271.351261908188462 ], [ 1678158.737453653011471, 5043244.551253668963909 ], [ 1678168.396446296013892, 5043228.794161967933178 ], [ 1678177.401779008563608, 5043214.091261327266693 ], [ 1678171.951779482420534, 5043202.091261655092239 ], [ 1678168.630508989095688, 5043195.273518828675151 ], [ 1678164.861921416129917, 5043187.196563454344869 ], [ 1678158.91349502839148, 5043174.447708996012807 ], [ 1678154.501780403312296, 5043165.011261878535151 ], [ 1678144.809020596556365, 5043158.24860242754221 ], [ 1678129.95178178884089, 5043148.651262160390615 ], [ 1678123.797845385037363, 5043143.604214146733284 ], [ 1678113.684869414195418, 5043136.555662827566266 ], [ 1678100.511782949790359, 5043127.381262421607971 ], [ 1678098.41710001276806, 5043115.393782537430525 ], [ 1678096.621497413609177, 5043105.15911452844739 ], [ 1678094.222900353837758, 5043091.487467693164945 ], [ 1678090.961783557198942, 5043075.021262835711241 ], [ 1678090.499190071597695, 5043068.837639946490526 ], [ 1678090.988913581706583, 5043062.221130872145295 ], [ 1678092.051783734466881, 5043047.751262662932277 ], [ 1678096.781394518911839, 5043034.079957809299231 ], [ 1678102.994684875942767, 5043016.090369991958141 ], [ 1678111.077815640717745, 5042992.686958534643054 ], [ 1678118.231782017275691, 5042971.951262453570962 ], [ 1678118.231781985145062, 5042959.951262464746833 ], [ 1678118.781781601253897, 5042944.141262654215097 ], [ 1678118.762199829798192, 5042930.909591857343912 ], [ 1678118.854109609499574, 5042923.68627492338419 ], [ 1678119.110324576497078, 5042903.549985695630312 ], [ 1678119.239758070092648, 5042893.377628095448017 ], [ 1678126.131781300064176, 5042872.151262464001775 ], [ 1678126.98951326822862, 5042859.594007186591625 ], [ 1678127.959983329754323, 5042845.250246385112405 ], [ 1678128.861781037878245, 5042831.801262471824884 ], [ 1678134.874638443347067, 5042816.103732185438275 ], [ 1678140.376624638214707, 5042801.721409315243363 ], [ 1678145.295790219213814, 5042788.225882882252336 ], [ 1678150.131779124028981, 5042762.541262233629823 ], [ 1678149.052331511396915, 5042753.513533793389797 ], [ 1678146.253276808653027, 5042730.28442221134901 ], [ 1678144.566436192952096, 5042716.285478623583913 ], [ 1678142.77177989250049, 5042701.461262449622154 ], [ 1678151.317953826393932, 5042674.134968837723136 ], [ 1678155.311779059935361, 5042661.651262354105711 ], [ 1678158.099179368000478, 5042652.432204566895962 ], [ 1678161.861778126098216, 5042639.291262228041887 ], [ 1678166.221778339706361, 5042628.381262267008424 ], [ 1678171.13177782529965, 5042612.021261971443892 ], [ 1678176.154435581993312, 5042594.647816330194473 ], [ 1678180.94177717063576, 5042579.301261892542243 ], [ 1678181.812409727368504, 5042569.978978795930743 ], [ 1678183.47752953087911, 5042551.982176925987005 ], [ 1678184.154999999795109, 5042544.660000000149012 ], [ 1678182.440281161572784, 5042534.439621537923813 ], [ 1678180.7475, 5042524.349999999627471 ], [ 1678178.822431201580912, 5042512.875855525955558 ], [ 1678177.331777374260128, 5042504.041262263432145 ], [ 1678179.577044494450092, 5042483.84608344361186 ], [ 1678181.697118597570807, 5042464.708064671605825 ], [ 1678182.7925, 5042454.820000000298023 ], [ 1678185.128146617207676, 5042433.735996974632144 ], [ 1678186.84053368261084, 5042418.278190214186907 ], [ 1678188.245000000111759, 5042405.599999999627471 ], [ 1678182.119133228436112, 5042380.386009180918336 ], [ 1678177.059634373988956, 5042359.561175338923931 ], [ 1678173.116299194749445, 5042343.330457186326385 ], [ 1678168.996995401568711, 5042326.375454425811768 ], [ 1678167.509999999776483, 5042320.254999998956919 ], [ 1678169.3981146751903, 5042306.560937253758311 ], [ 1678171.263255765661597, 5042293.033496649935842 ], [ 1678173.231777031905949, 5042277.721262527629733 ], [ 1678176.501776485238224, 5042260.261262694373727 ], [ 1678177.831664794590324, 5042245.394332276657224 ], [ 1678179.231776074972004, 5042235.181262427940965 ], [ 1678174.593452473636717, 5042232.365219166502357 ], [ 1678163.844285615719855, 5042225.853599805384874 ], [ 1678152.043807765468955, 5042218.705118339508772 ], [ 1678140.700549650937319, 5042211.833610981702805 ], [ 1678125.412894509267062, 5042202.572670804336667 ], [ 1678115.499324874952435, 5042196.567238679155707 ], [ 1678103.767780707683414, 5042189.460515789687634 ], [ 1678094.326718014664948, 5042183.747560946270823 ], [ 1678103.676985202822834, 5042181.844374557957053 ], [ 1678116.271009599324316, 5042179.280390659347177 ], [ 1678132.111779164057225, 5042176.281263068318367 ], [ 1678145.430956130847335, 5042173.343794776126742 ], [ 1678160.471777186729014, 5042170.281262954697013 ], [ 1678175.180191164836287, 5042166.740555724129081 ], [ 1678191.011775699909776, 5042162.651262449100614 ], [ 1678207.03589603304863, 5042159.070485925301909 ], [ 1678218.062378658913076, 5042156.415580259636045 ], [ 1678227.276773565914482, 5042154.196262063458562 ], [ 1678234.809156552422792, 5042154.447780547663569 ], [ 1678247.6, 5042154.877499999478459 ], [ 1678259.180054856464267, 5042155.266541961580515 ], [ 1678267.915, 5042155.560000000521541 ], [ 1678274.4517708318308, 5042157.741261549293995 ], [ 1678287.335640976205468, 5042163.611851818859577 ], [ 1678303.354456526692957, 5042170.253297343850136 ], [ 1678328.582963313441724, 5042180.713106498122215 ], [ 1678345.508806989062577, 5042187.730608409270644 ], [ 1678357.35, 5042192.640000000596046 ], [ 1678369.549621172714978, 5042196.668452862650156 ], [ 1678390.765753778629005, 5042203.674259757623076 ], [ 1678407.671688773203641, 5042209.256790662184358 ], [ 1678428.561573005281389, 5042216.154866654425859 ], [ 1678444.891761073376983, 5042221.551259649917483 ], [ 1678459.611760029103607, 5042221.551259234547615 ], [ 1678471.859836410265416, 5042209.247457437217236 ], [ 1678479.857662323396653, 5042201.208657700568438 ], [ 1678485.156890103127807, 5042195.882281340658665 ], [ 1678492.743765650317073, 5042188.332493769004941 ], [ 1678495.382460047025234, 5042185.750145869329572 ], [ 1678503.43324761884287, 5042177.871274251490831 ], [ 1678513.608506640419364, 5042167.913296999409795 ], [ 1678522.881756059359759, 5042158.831259053200483 ], [ 1678533.609740787185729, 5042155.337990181520581 ], [ 1678541.878265575040132, 5042152.644476380199194 ], [ 1678556.940682953689247, 5042147.73781768232584 ], [ 1678570.449991977307945, 5042143.337091892957687 ], [ 1678582.643811898306012, 5042139.364893333986402 ], [ 1678619.252118136268109, 5042130.234791465103626 ], [ 1678630.830760149285197, 5042127.359477063640952 ], [ 1678659.169591607525945, 5042120.322118958458304 ], [ 1678689.025830935221165, 5042112.907944237813354 ], [ 1678695.373062722850591, 5042111.331741524860263 ], [ 1678702.373207754455507, 5042109.593401415273547 ], [ 1678712.359612359199673, 5042105.620450919494033 ], [ 1678730.411744130309671, 5042098.301256684586406 ], [ 1678740.45492736203596, 5042087.554941855370998 ], [ 1678750.265716704539955, 5042077.049883062019944 ], [ 1678764.444819144438952, 5042061.867383513599634 ], [ 1678776.761741178575903, 5042048.671256676316261 ], [ 1678793.039560105185956, 5042036.527939133346081 ], [ 1678807.326808089390397, 5042025.865288542583585 ], [ 1678827.359778138808906, 5042010.914574442431331 ], [ 1678849.841736718546599, 5041994.131255235522985 ], [ 1678879.89125348534435, 5041986.985970744863153 ], [ 1678900.29, 5041982.134999999776483 ], [ 1678933.281731659080833, 5041965.231254801154137 ], [ 1678963.943401474505663, 5041964.806756088510156 ], [ 1678991.294918791390955, 5041964.429102627560496 ], [ 1679018.643546236678958, 5041964.051489068195224 ], [ 1679032.15, 5041963.865000000223517 ], [ 1679053.651907012332231, 5041954.326433939859271 ], [ 1679077.011723542120308, 5041943.961253084242344 ], [ 1679094.970482410397381, 5041933.944389650598168 ], [ 1679110.995638264808804, 5041925.003030130639672 ], [ 1679125.348854951094836, 5041916.994541985914111 ], [ 1679128.825000000186265, 5041915.054999999701977 ], [ 1679129.026272369548678, 5041900.757275613024831 ], [ 1679129.1939552500844, 5041888.845637591555715 ], [ 1679129.361720005515963, 5041876.341252768412232 ], [ 1679135.539221114944667, 5041863.990079179406166 ], [ 1679142.451719174627215, 5041850.161252655088902 ], [ 1679148.091194018255919, 5041838.862778889015317 ], [ 1679162.34443985670805, 5041810.329767303541303 ], [ 1679169.17171779088676, 5041796.71125222556293 ], [ 1679175.437514185905457, 5041784.119257375597954 ], [ 1679188.481716565322131, 5041757.99125205911696 ], [ 1679209.865723685827106, 5041727.416790088638663 ], [ 1679220.473007711581886, 5041712.245433745905757 ], [ 1679235.381713659036905, 5041690.911251612007618 ], [ 1679248.070372711401433, 5041679.035250140354037 ], [ 1679257.199932944495231, 5041670.485718786716461 ], [ 1679268.445280305109918, 5041659.954822730273008 ], [ 1679274.109999999869615, 5041654.650000000372529 ], [ 1679279.011711004655808, 5041648.38125117868185 ], [ 1679287.456681554205716, 5041636.825667751953006 ], [ 1679297.598386805970222, 5041623.281542703509331 ], [ 1679305.653043498285115, 5041612.524645833298564 ], [ 1679307.353590491693467, 5041610.253585834056139 ], [ 1679318.515803628601134, 5041595.346584811806679 ], [ 1679345.246287856716663, 5041559.648345509544015 ], [ 1679353.517061984166503, 5041548.602826410904527 ], [ 1679364.341705426573753, 5041534.401250552386045 ], [ 1679373.801791542209685, 5041520.540007278323174 ], [ 1679379.691421382594854, 5041511.414363631978631 ], [ 1679383.160000000149012, 5041506.03999999910593 ], [ 1679388.012994253076613, 5041504.008610248565674 ], [ 1679394.881703559774905, 5041501.131250251084566 ], [ 1679405.08041113242507, 5041506.494582116603851 ], [ 1679416.95423338888213, 5041512.745369618758559 ], [ 1679430.284510731231421, 5041519.762885058298707 ], [ 1679441.514999999664724, 5041525.674999998882413 ], [ 1679453.676277038641274, 5041532.077113563194871 ], [ 1679471.332982073538005, 5041541.372209006920457 ], [ 1679480.979866377077997, 5041546.450659951195121 ], [ 1679488.131698063574731, 5041550.221248935908079 ], [ 1679507.778421423397958, 5041532.742333557456732 ], [ 1679518.883372293319553, 5041522.859226206317544 ], [ 1679526.971554412972182, 5041515.660961836576462 ], [ 1679537.492155258543789, 5041506.297910276800394 ], [ 1679547.571694772224873, 5041497.321248160675168 ], [ 1679557.859135796781629, 5041486.87632623128593 ], [ 1679568.993274982552975, 5041475.563963048160076 ], [ 1679581.931692678947002, 5041462.411247819662094 ], [ 1679597.550055967178196, 5041453.713949881494045 ], [ 1679613.908486122731119, 5041444.600995464250445 ], [ 1679626.385725758038461, 5041437.65017469599843 ], [ 1679641.621688988059759, 5041429.151247652247548 ], [ 1679648.995000000111759, 5041425.054999999701977 ], [ 1679657.242664378136396, 5041422.024915050715208 ], [ 1679674.688575278967619, 5041415.615513600409031 ], [ 1679690.513526474125683, 5041409.801631726324558 ], [ 1679702.44, 5041405.42 ], [ 1679714.269347934052348, 5041405.150091331452131 ], [ 1679734.13760490110144, 5041404.696759941056371 ], [ 1679751.231977570801973, 5041404.306719899177551 ], [ 1679771.548035428859293, 5041403.843171093612909 ], [ 1679786.141680618748069, 5041403.511245664209127 ], [ 1679796.035748620517552, 5041402.649031484499574 ], [ 1679806.826627315022051, 5041401.709233483299613 ], [ 1679817.617506009060889, 5041400.769435482099652 ], [ 1679833.546848804224283, 5041399.382118940353394 ], [ 1679845.569999999832362, 5041398.334999999031425 ], [ 1679867.559191861189902, 5041390.754525814205408 ], [ 1679877.399600149597973, 5041387.3621791806072 ], [ 1679888.780559269245714, 5041383.438748644664884 ], [ 1679907.004304609261453, 5041377.156360825523734 ], [ 1679924.785479984711856, 5041371.026542969048023 ], [ 1679937.706989936064929, 5041366.5720285307616 ], [ 1679957.081670722924173, 5041359.891244109719992 ], [ 1679972.351669643074274, 5041359.341243686154485 ], [ 1679987.286718163173646, 5041358.834080643951893 ], [ 1680003.981667983345687, 5041358.251243602484465 ], [ 1680013.781708630267531, 5041360.051509300246835 ], [ 1680033.694211216177791, 5041363.715074054896832 ], [ 1680043.81084811501205, 5041365.576364679262042 ], [ 1680051.431664927862585, 5041366.981243269518018 ], [ 1680071.772862206678838, 5041347.915837969630957 ], [ 1680084.853580321650952, 5041335.651311356574297 ], [ 1680090.705, 5041330.16499999910593 ], [ 1680099.10620978847146, 5041328.875806972384453 ], [ 1680109.937932388391346, 5041327.213643830269575 ], [ 1680124.511660866439342, 5041324.981242325156927 ], [ 1680134.871659758966416, 5041323.351242136210203 ], [ 1680149.752298768144101, 5041321.103999527171254 ], [ 1680156.995410955511034, 5041319.992520352825522 ], [ 1680160.501658742316067, 5041315.711241941899061 ], [ 1680168.68165823770687, 5041305.351241866126657 ], [ 1680179.379450470674783, 5041299.791642548516393 ], [ 1680190.081207771785557, 5041294.226885726675391 ], [ 1680195.951656423509121, 5041291.171241324394941 ], [ 1680201.150362557731569, 5041297.50424774736166 ], [ 1680211.559318532701582, 5041310.207195799797773 ], [ 1680215.629999999888241, 5041315.174999998882413 ], [ 1680224.492499999701977, 5041332.897499999031425 ], [ 1680231.112756203860044, 5041346.136144917458296 ], [ 1680233.355, 5041350.619999999180436 ], [ 1680242.942964372225106, 5041363.071338348090649 ], [ 1680254.341653180774301, 5041377.886240826919675 ], [ 1680255.3996851448901, 5041385.503062102943659 ], [ 1680257.594025416765362, 5041401.428428433835506 ], [ 1680258.723395715467632, 5041409.624803427606821 ], [ 1680259.535000000149012, 5041415.514999998733401 ], [ 1680275.250886884983629, 5041433.851535707712173 ], [ 1680281.188858252950013, 5041440.779673129320145 ], [ 1680288.971651597414166, 5041449.871240422129631 ], [ 1680299.88165069790557, 5041468.41124046780169 ], [ 1680311.88165036123246, 5041488.59124013595283 ], [ 1680314.361417826730758, 5041482.352098235860467 ], [ 1680316.734256551135331, 5041476.363011848181486 ], [ 1680321.505295645445585, 5041464.320825837552547 ], [ 1680323.339999999850988, 5041459.689999999478459 ], [ 1680336.19419499207288, 5041446.54384683817625 ], [ 1680342.961648233234882, 5041439.51123958453536 ], [ 1680357.087060174904764, 5041425.176440645009279 ], [ 1680371.321646690368652, 5041410.611239563673735 ], [ 1680393.131645375862718, 5041394.791239341720939 ], [ 1680406.289184438064694, 5041385.360405774787068 ], [ 1680421.329851081594825, 5041374.497145211324096 ], [ 1680427.62606655061245, 5041369.949645368382335 ], [ 1680431.341642764396966, 5041367.261239137500525 ], [ 1680433.390167591627687, 5041361.383619843050838 ], [ 1680434.832913017366081, 5041357.228019768372178 ], [ 1680436.144245869480073, 5041353.450932836160064 ], [ 1680437.748019366059452, 5041348.831516867503524 ], [ 1680439.588948326185346, 5041343.529012084007263 ], [ 1680441.048638970125467, 5041339.324603989720345 ], [ 1680441.871642070822418, 5041336.931239051744342 ], [ 1680447.092010012827814, 5041335.240407789126039 ], [ 1680451.249776664189994, 5041333.892572667449713 ], [ 1680459.359879532828927, 5041331.263497399166226 ], [ 1680466.124921685084701, 5041329.070454312488437 ], [ 1680473.214609977323562, 5041326.772169757634401 ], [ 1680477.534699698444456, 5041325.371713902801275 ], [ 1680482.427973356097937, 5041323.785447370260954 ], [ 1680488.275, 5041321.890000000596046 ], [ 1680493.459712382405996, 5041328.558049000799656 ], [ 1680499.337817240506411, 5041336.117868779227138 ], [ 1680502.823929230682552, 5041340.601350959390402 ], [ 1680507.65909363841638, 5041346.819846956059337 ], [ 1680513.807310121133924, 5041354.727056795731187 ], [ 1680518.675429471302778, 5041355.38135607726872 ], [ 1680522.091424205340445, 5041355.840482639148831 ], [ 1680524.655388437211514, 5041356.185092093423009 ], [ 1680532.533997003920376, 5041357.24401599355042 ], [ 1680540.541636679787189, 5041358.26123777590692 ], [ 1680546.906931927893311, 5041359.175809426233172 ], [ 1680555.452814369928092, 5041360.324418229982257 ], [ 1680559.319691583514214, 5041360.844145623967052 ], [ 1680564.182580029126257, 5041361.497741846367717 ], [ 1680570.489104682579637, 5041362.345369905233383 ], [ 1680578.828427697066218, 5041363.466216100379825 ], [ 1680587.310825226828456, 5041364.606292217969894 ], [ 1680600.770203979685903, 5041366.415299192070961 ], [ 1680608.915, 5041367.509999999776483 ], [ 1680634.793728135060519, 5041367.147370383143425 ], [ 1680651.056026197504252, 5041366.919492457062006 ], [ 1680667.043648365885019, 5041366.695463467389345 ], [ 1680682.411628420930356, 5041366.481236223131418 ], [ 1680695.051112230401486, 5041363.581636535003781 ], [ 1680708.985439017880708, 5041360.384234521538019 ], [ 1680714.656216378789395, 5041359.083005174994469 ], [ 1680718.940925443544984, 5041358.099826181307435 ], [ 1680726.423945005517453, 5041356.382755655795336 ], [ 1680739.501625053118914, 5041353.381235616281629 ], [ 1680744.521704855374992, 5041346.635777479037642 ], [ 1680751.645, 5041337.049999998882413 ], [ 1680757.045551198534667, 5041329.782509181648493 ], [ 1680763.771623553242534, 5041320.721235383301973 ], [ 1680976.201610112097114, 5041114.521233195438981 ], [ 1681007.460699682123959, 5041105.516582984477282 ], [ 1681022.231099908240139, 5041101.261187935248017 ], [ 1681034.586770560126752, 5041097.701483463868499 ], [ 1681047.406741125509143, 5041094.008012846112251 ], [ 1681056.310970962047577, 5041091.442678460851312 ], [ 1681064.911605053115636, 5041088.791232511401176 ], [ 1681070.25669989362359, 5041087.424873599782586 ], [ 1681075.077205131296068, 5041086.036072090268135 ], [ 1681079.788442485965788, 5041084.678750975057483 ], [ 1681087.638988232705742, 5041082.416986025869846 ], [ 1681100.309701653663069, 5041078.766516821458936 ], [ 1681110.240869916044176, 5041075.905318506062031 ], [ 1681122.452392015606165, 5041072.387143649160862 ], [ 1681133.201292953453958, 5041069.290354182943702 ], [ 1681137.776139279827476, 5041067.972327718511224 ], [ 1681142.666049117222428, 5041066.56353054381907 ], [ 1681149.056970111094415, 5041064.722287710756063 ], [ 1681154.923140499740839, 5041063.032227044925094 ], [ 1681159.358282570261508, 5041061.754449779167771 ], [ 1681162.801599386613816, 5041060.76123102940619 ], [ 1681170.2615991323255, 5041058.441231209784746 ], [ 1681178.387093101628125, 5041055.927480131387711 ], [ 1681185.826788841281086, 5041053.619445042684674 ], [ 1681197.029152274131775, 5041050.144108310341835 ], [ 1681210.314934949856251, 5041046.022427305579185 ], [ 1681237.877329505980015, 5041037.471677919849753 ], [ 1681246.467522720340639, 5041034.806721171364188 ], [ 1681254.861593837384135, 5041032.20123028382659 ], [ 1681269.890807438176125, 5041031.340356403961778 ], [ 1681283.630559895653278, 5041030.554027821868658 ], [ 1681298.40617793565616, 5041029.708416460081935 ], [ 1681302.31, 5041029.484999999403954 ], [ 1681307.492592953611165, 5041027.533186558634043 ], [ 1681319.859548974782228, 5041022.875674150884151 ], [ 1681325.609999999869615, 5041020.709999999031425 ], [ 1681331.412499999627471, 5041013.92 ], [ 1681341.69653504062444, 5041001.693095555528998 ], [ 1681351.845621133688837, 5040989.380436882376671 ], [ 1681362.701587559655309, 5040976.201228946447372 ], [ 1681377.057025546673685, 5040972.454702638089657 ], [ 1681381.94, 5040971.179999999701977 ], [ 1681397.688533190637827, 5040955.99894061870873 ], [ 1681408.761157668661326, 5040945.325300879776478 ], [ 1681416.629999999888241, 5040937.740000000223517 ], [ 1681423.944999999832362, 5040927.5 ], [ 1681431.259999999776483, 5040917.259999999776483 ], [ 1681439.47076020296663, 5040910.331787541508675 ], [ 1681444.631582707166672, 5040905.971228364855051 ], [ 1681453.415, 5040896.775000000372529 ], [ 1681462.181581633165479, 5040887.581228192895651 ], [ 1681471.92470322130248, 5040887.987634630873799 ], [ 1681482.241580463945866, 5040888.421227971091866 ], [ 1681491.719723517075181, 5040879.509866194799542 ], [ 1681510.671578615438193, 5040861.671227445825934 ], [ 1681539.336337792687118, 5040839.661981549113989 ], [ 1681557.481575903482735, 5040825.721227211877704 ], [ 1681568.316240356303751, 5040816.22863525711 ], [ 1681577.160984374582767, 5040808.474448321387172 ], [ 1681590.21666773268953, 5040797.02853093482554 ], [ 1681612.661572551354766, 5040777.231226658448577 ], [ 1681624.114034788683057, 5040767.032453024759889 ], [ 1681637.525150782428682, 5040754.607836226001382 ], [ 1681649.031570339109749, 5040743.941226294264197 ], [ 1681658.234999999869615, 5040723.455 ], [ 1681656.700049766339362, 5040715.8955994900316 ], [ 1681654.210036704316735, 5040703.632657280191779 ], [ 1681652.371569725684822, 5040694.621226273477077 ], [ 1681649.73677084594965, 5040680.393252085894346 ], [ 1681647.114201986696571, 5040666.277704825624824 ], [ 1681645.079007504973561, 5040655.323603926226497 ], [ 1681643.605, 5040647.390000000596046 ], [ 1681628.053277692757547, 5040617.440448403358459 ], [ 1681621.029999999795109, 5040603.91499999910593 ], [ 1681614.405129320453852, 5040595.396811474114656 ], [ 1681602.012500000186265, 5040579.462500000372529 ], [ 1681593.747045932803303, 5040568.834866736084223 ], [ 1681582.995000000111759, 5040555.009999999776483 ], [ 1681584.018002575263381, 5040550.610219718888402 ], [ 1681595.659835889004171, 5040500.540444849058986 ], [ 1681604.406146597582847, 5040462.923877395689487 ], [ 1681610.026508806273341, 5040438.751544490456581 ], [ 1681611.83, 5040430.994999999180436 ], [ 1681613.438221907243133, 5040417.872934397310019 ], [ 1681614.339999999850988, 5040410.515000000596046 ], [ 1681616.817526740022004, 5040404.515422493219376 ], [ 1681630.21157045988366, 5040372.061226850375533 ], [ 1681631.881570156197995, 5040338.621226623654366 ], [ 1681633.679440845735371, 5040306.076037904247642 ], [ 1681634.299940152093768, 5040294.428507598116994 ], [ 1681627.44997007586062, 5040265.06425379961729 ], [ 1681620.591570375021547, 5040235.701227053999901 ], [ 1681620.296934322919697, 5040221.353674152866006 ], [ 1681619.761570607777685, 5040196.411227136850357 ], [ 1681630.59260536916554, 5040168.367740845307708 ], [ 1681638.151569236535579, 5040148.761227194219828 ], [ 1681650.910952529869974, 5040129.302789565175772 ], [ 1681659.265000000130385, 5040116.554999999701977 ], [ 1681671.171567148063332, 5040088.531226892024279 ], [ 1681675.351567009463906, 5040064.291226655244827 ], [ 1681675.359999999869615, 5040029.876379212364554 ], [ 1681675.359999999869615, 5039991.197611875832081 ], [ 1681675.359999999869615, 5039979.019999999552965 ], [ 1681677.867499999701977, 5039967.734999999403954 ], [ 1681680.375, 5039956.449999999254942 ], [ 1681688.731565882917494, 5039933.041226629167795 ], [ 1681687.275, 5039919.66499999910593 ], [ 1681685.81, 5039906.28999999910593 ], [ 1681686.363037312403321, 5039890.307148035615683 ], [ 1681687.787228188477457, 5039849.14784207008779 ], [ 1681689.502025786787271, 5039799.589963141828775 ], [ 1681689.565, 5039797.769999999552965 ], [ 1681686.740333520807326, 5039790.773518411442637 ], [ 1681681.162347656674683, 5039776.957276502624154 ], [ 1681674.956136464141309, 5039763.719841236248612 ], [ 1681663.200730686075985, 5039738.904435869306326 ], [ 1681651.964147742372006, 5039715.184254199266434 ], [ 1681643.161567805800587, 5039696.621227107942104 ], [ 1681627.705, 5039666.105000000447035 ], [ 1681618.67009369796142, 5039648.277637192979455 ], [ 1681612.231569570023566, 5039635.591227749362588 ], [ 1681608.047666759695858, 5039615.189986100420356 ], [ 1681603.475381223484874, 5039592.941113417968154 ], [ 1681599.691570143215358, 5039574.571227947250009 ], [ 1681610.782504191622138, 5039577.407681902870536 ], [ 1681627.544239039067179, 5039581.699534252285957 ], [ 1681636.06, 5039583.879999998956919 ], [ 1681661.131566484924406, 5039593.911227013915777 ], [ 1681671.247952612582594, 5039593.044640420004725 ], [ 1681688.977470821235329, 5039591.526785220950842 ], [ 1681690.4, 5039591.404999999329448 ], [ 1681699.858487746212631, 5039586.675756126642227 ], [ 1681713.801563315559179, 5039579.701226910576224 ], [ 1681728.934250778984278, 5039572.137874610722065 ], [ 1681738.049999999813735, 5039567.58 ], [ 1681754.98, 5039567.58 ], [ 1681764.409666396677494, 5039567.58 ], [ 1681771.90999999968335, 5039567.58 ], [ 1681791.396215402986854, 5039571.889991447329521 ], [ 1681803.826453226618469, 5039574.639330793172121 ], [ 1681813.541557648684829, 5039576.791225614026189 ], [ 1681821.118007717188448, 5039574.992923252284527 ], [ 1681828.1, 5039573.334999999031425 ], [ 1681842.641555811744183, 5039569.881225055083632 ], [ 1681854.528092578053474, 5039564.124917829409242 ], [ 1681866.070286614820361, 5039558.532582640647888 ], [ 1681874.208650391548872, 5039554.589445142075419 ], [ 1681877.355, 5039553.064999999478459 ], [ 1681879.857491326984018, 5039545.057999594137073 ], [ 1681883.058664964046329, 5039534.815487129613757 ], [ 1681886.808777390047908, 5039522.816583720967174 ], [ 1681890.221552995499223, 5039511.871224833652377 ], [ 1681892.649304328951985, 5039497.483779614791274 ], [ 1681894.776521024294198, 5039484.834437478333712 ], [ 1681896.158311207778752, 5039476.617720853537321 ], [ 1681897.509999999776483, 5039468.58 ], [ 1681904.78499999968335, 5039455.119999999180436 ], [ 1681907.245501306373626, 5039446.172443093731999 ], [ 1681909.396539051551372, 5039438.350243372842669 ], [ 1681912.781551161315292, 5039426.011224638670683 ], [ 1681908.165323404595256, 5039402.893677597865462 ], [ 1681906.239999999757856, 5039393.269999999552965 ], [ 1681907.140041945967823, 5039383.655190203338861 ], [ 1681908.612351306714118, 5039367.927062721922994 ], [ 1681910.463721693959087, 5039348.149568779394031 ], [ 1681912.4162334240973, 5039327.291619891300797 ], [ 1681914.372640866786242, 5039306.392054570838809 ], [ 1681916.781550830695778, 5039280.411224765703082 ], [ 1681917.52, 5039272.769999999552965 ], [ 1681919.357325677294284, 5039266.429647954180837 ], [ 1681922.86685052793473, 5039254.318772163242102 ], [ 1681924.795, 5039247.66499999910593 ], [ 1681933.705101208761334, 5039233.030568737536669 ], [ 1681945.161548997741193, 5039214.201224515214562 ], [ 1681954.265000000130385, 5039207.650000000372529 ], [ 1681963.351547897793353, 5039201.101224333047867 ], [ 1681970.441462235059589, 5039192.857171576470137 ], [ 1681974.4575, 5039188.182499999180436 ], [ 1681985.546546533238143, 5039175.266224114224315 ], [ 1681984.630209800321609, 5039169.841573428362608 ], [ 1681982.631546658463776, 5039158.171224161982536 ], [ 1681976.365025373641402, 5039151.935610907152295 ], [ 1681954.81, 5039130.519999999552965 ], [ 1681926.971549477893859, 5039102.871224790811539 ], [ 1681905.353877895511687, 5039075.39402205683291 ], [ 1681874.844187052454799, 5039036.6314742192626 ], [ 1681863.311553276609629, 5039021.991225594654679 ], [ 1681863.346553273499012, 5039021.636225594207644 ], [ 1681863.381553268991411, 5039021.28122559376061 ], [ 1681863.511552972253412, 5039020.321225561201572 ], [ 1681864.435680321417749, 5039012.051697716116905 ], [ 1681866.48692403268069, 5038993.779546029865742 ], [ 1681868.724253868684173, 5038973.849768841639161 ], [ 1681870.581552680581808, 5038957.23122557811439 ], [ 1681866.863331797532737, 5038948.033737730234861 ], [ 1681858.043102420866489, 5038926.268144924193621 ], [ 1681850.454335732385516, 5038907.541420413181186 ], [ 1681842.58, 5038888.109999999403954 ], [ 1681844.401464343070984, 5038881.387645756825805 ], [ 1681850.204495737794787, 5038859.970793507993221 ], [ 1681854.456304683815688, 5038844.278932169079781 ], [ 1681861.491552845109254, 5038818.381225803866982 ], [ 1681869.942861570511013, 5038787.123752722516656 ], [ 1681872.437876936979592, 5038777.755917873233557 ], [ 1681875.162430518772453, 5038748.686692968010902 ], [ 1681866.581552294548601, 5038722.331225845962763 ], [ 1681867.021552245132625, 5038713.321225848048925 ], [ 1681859.425288308877498, 5038694.942117977887392 ], [ 1681853.467860559932888, 5038680.54513505846262 ], [ 1681843.824157810304314, 5038657.239737220108509 ], [ 1681833.67674055043608, 5038632.717040659859776 ], [ 1681830.483394521754235, 5038624.999859660863876 ], [ 1681829.77699684817344, 5038623.156470026820898 ], [ 1681828.382585063111037, 5038619.004677290096879 ], [ 1681819.819999999832362, 5038593.509999999776483 ], [ 1681812.748313152231276, 5038590.313042260706425 ], [ 1681802.491555682383478, 5038585.681226670742035 ], [ 1681787.781556525267661, 5038578.561226837337017 ], [ 1681783.834453820250928, 5038569.604046385735273 ], [ 1681778.771556997206062, 5038558.161226959899068 ], [ 1681777.341557039413601, 5038542.031226987019181 ], [ 1681775.441557098645717, 5038522.101227033883333 ], [ 1681753.391558208037168, 5038498.811227047815919 ], [ 1681743.990305152721703, 5038493.447762936353683 ], [ 1681731.678664735518396, 5038486.431814424693584 ], [ 1681729.674999999813735, 5038485.28999999910593 ], [ 1681726.779620321467519, 5038480.92174663208425 ], [ 1681721.455594344530255, 5038472.889399586245418 ], [ 1681714.275201121810824, 5038462.056355092674494 ], [ 1681707.837893253657967, 5038452.344401946291327 ], [ 1681701.211561110801995, 5038442.361227672547102 ], [ 1681709.30009607411921, 5038417.004147218540311 ], [ 1681711.65, 5038409.629999998956919 ], [ 1681709.62307904381305, 5038405.211373366415501 ], [ 1681706.210837765596807, 5038397.772790158167481 ], [ 1681705.009999999776483, 5038395.154999999329448 ], [ 1681693.027314407750964, 5038394.117208709940314 ], [ 1681663.261563313659281, 5038391.541228376328945 ], [ 1681656.442028805613518, 5038385.901741055771708 ], [ 1681647.7088698069565, 5038378.690256057307124 ], [ 1681637.415, 5038370.189999999478459 ], [ 1681621.751565607264638, 5038340.781228879466653 ], [ 1681621.449443702120334, 5038326.667668027803302 ], [ 1681620.801565549336374, 5038297.611228927969933 ], [ 1681617.241565578617156, 5038274.361228749155998 ], [ 1681608.949999999720603, 5038260.839999999850988 ], [ 1681600.641566595062613, 5038247.321229198947549 ], [ 1681602.453057543374598, 5038235.32909787632525 ], [ 1681605.421152265742421, 5038215.590330563485622 ], [ 1681609.142759223934263, 5038190.840468900278211 ], [ 1681614.919502680189908, 5038152.423300450667739 ], [ 1681617.272393309045583, 5038136.775834657251835 ], [ 1681618.836550529114902, 5038126.373695138841867 ], [ 1681619.455735826399177, 5038118.924816455692053 ], [ 1681621.991564761381596, 5038089.261229326948524 ], [ 1681623.096838856581599, 5038075.121879182755947 ], [ 1681623.249749540351331, 5038073.282344011589885 ], [ 1681625.343256736639887, 5038048.097183458507061 ], [ 1681626.214999999850988, 5038037.609999999403954 ], [ 1681628.850138288922608, 5038026.732430333271623 ], [ 1681632.5875, 5038011.304999999701977 ], [ 1681635.864935458172113, 5037997.776096157729626 ], [ 1681638.951563665643334, 5037985.001229029148817 ], [ 1681659.375624509062618, 5037947.321605164557695 ], [ 1681677.552193994168192, 5037913.775535512715578 ], [ 1681688.540707192849368, 5037893.495502503588796 ], [ 1681697.262669249903411, 5037877.39854059368372 ], [ 1681706.069950209930539, 5037861.144116964191198 ], [ 1681710.35, 5037853.244999999180436 ], [ 1681715.750725130550563, 5037847.498047759756446 ], [ 1681721.258066164795309, 5037841.637644734233618 ], [ 1681730.879093210678548, 5037831.399837478995323 ], [ 1681751.124015147332102, 5037809.857063749805093 ], [ 1681762.051555974408984, 5037798.221227865666151 ], [ 1681771.533413046970963, 5037798.09966205060482 ], [ 1681783.525237631984055, 5037797.94733346812427 ], [ 1681793.518283532466739, 5037797.820394776761532 ], [ 1681799.06, 5037797.75 ], [ 1681813.357027804944664, 5037781.148333936929703 ], [ 1681852.928181790746748, 5037735.19842790812254 ], [ 1681871.151549371425062, 5037714.261226754635572 ], [ 1681888.941548105329275, 5037693.371226791292429 ], [ 1681898.325176476035267, 5037669.17496788315475 ], [ 1681909.973335144575685, 5037639.113925961777568 ], [ 1681918.351546354591846, 5037617.471226327121258 ], [ 1681932.268702884204686, 5037593.743771245703101 ], [ 1681946.236422997433692, 5037562.061415106058121 ], [ 1681959.381543559487909, 5037532.051226174458861 ], [ 1681965.856859070714563, 5037517.557255642488599 ], [ 1681968.879999999888241, 5037510.699999999254942 ], [ 1681977.775, 5037499.324999999254942 ], [ 1681993.985597867984325, 5037462.427596068009734 ], [ 1682008.946061003487557, 5037428.375659439712763 ], [ 1682014.651540188118815, 5037415.371225468814373 ], [ 1682028.452343032229692, 5037372.910802448168397 ], [ 1682034.506828928831965, 5037354.272300481796265 ], [ 1682041.702802899293602, 5037332.11977138184011 ], [ 1682047.151538024190813, 5037315.321225207298994 ], [ 1682054.447705578990281, 5037311.676147209480405 ], [ 1682064.019287297967821, 5037306.890356350690126 ], [ 1682068.623878948390484, 5037304.588060526177287 ], [ 1682073.711536434944719, 5037302.041224930435419 ], [ 1682081.976050334051251, 5037289.251483835279942 ], [ 1682091.741535135079175, 5037274.051224974915385 ], [ 1682097.901534921023995, 5037264.571224704384804 ], [ 1682100.200147045310587, 5037256.284224705770612 ], [ 1682102.171534511260688, 5037248.911224426701665 ], [ 1682103.675598843023181, 5037243.710004765540361 ], [ 1682104.795, 5037239.660000000149012 ], [ 1682107.382288731168956, 5037236.889887684956193 ], [ 1682112.966993353329599, 5037230.910555396229029 ], [ 1682118.301533452235162, 5037225.191224731504917 ], [ 1682114.132878228090703, 5037203.61252261325717 ], [ 1682107.164560089819133, 5037167.616749625653028 ], [ 1682112.417115785181522, 5037165.307499010115862 ], [ 1682122.159302795771509, 5037161.024412328377366 ], [ 1682131.596210243180394, 5037156.875539744272828 ], [ 1682140.039330004714429, 5037153.163579199463129 ], [ 1682146.521531484555453, 5037150.31122425198555 ], [ 1682157.475134237203747, 5037136.147318687289953 ], [ 1682157.949654910713434, 5037135.533724587410688 ], [ 1682162.557327455375344, 5037116.949362294748425 ], [ 1682167.156530199572444, 5037098.366224195808172 ], [ 1682163.517364134546369, 5037091.685822254046798 ], [ 1682148.891531291883439, 5037064.921224091202021 ], [ 1682134.452277345582843, 5037041.561770914122462 ], [ 1682113.779014408588409, 5037008.138454092666507 ], [ 1682100.861647905781865, 5036987.301104858517647 ], [ 1682096.832000369671732, 5036981.390756003558636 ], [ 1682087.99586885701865, 5036968.430659789592028 ], [ 1682075.096265907865018, 5036949.510604662820697 ], [ 1682059.951536253094673, 5036927.31122543849051 ], [ 1682051.354448890779167, 5036913.197782726958394 ], [ 1682042.761258786078542, 5036899.105836229398847 ], [ 1682034.488659534137696, 5036885.564174806699157 ], [ 1682031.72327806474641, 5036881.04572631791234 ], [ 1682028.871537936385721, 5036876.401225827634335 ], [ 1682027.762728512752801, 5036862.400005448609591 ], [ 1682026.42179756751284, 5036845.597441220656037 ], [ 1682024.918170962948352, 5036826.756215507164598 ], [ 1682024.375, 5036819.949999999254942 ], [ 1682016.356978133320808, 5036806.823868326842785 ], [ 1682003.670677109155804, 5036786.055396944284439 ], [ 1682001.664946048986167, 5036782.7718576323241 ], [ 1681990.499817199073732, 5036764.493664598092437 ], [ 1681979.865377873182297, 5036747.084252005442977 ], [ 1681972.395565735641867, 5036734.855582725256681 ], [ 1681964.601541290525347, 5036722.111226677894592 ], [ 1681954.673803468234837, 5036717.700907764956355 ], [ 1681941.725, 5036711.955 ], [ 1681938.353146663866937, 5036707.622477589175105 ], [ 1681930.805582921020687, 5036697.924550127238035 ], [ 1681920.398235050030053, 5036684.55206224322319 ], [ 1681909.811544362455606, 5036670.961227321997285 ], [ 1681898.518594553228468, 5036664.965320318937302 ], [ 1681886.575000000186265, 5036658.629999998956919 ], [ 1681876.049651753157377, 5036653.046969503164291 ], [ 1681863.321547017898411, 5036646.301227852702141 ], [ 1681850.711395020131022, 5036637.347255989909172 ], [ 1681839.736739306244999, 5036629.560873633250594 ], [ 1681826.376873796805739, 5036620.082214456051588 ], [ 1681822.531549328472465, 5036617.361228324472904 ], [ 1681815.8975, 5036619.969999998807907 ], [ 1681809.254999999888241, 5036622.58 ], [ 1681809.87827311642468, 5036630.84864704683423 ], [ 1681811.15, 5036647.720000000670552 ], [ 1681807.71147882938385, 5036647.937488529831171 ], [ 1681801.16450945334509, 5036648.35158827342093 ], [ 1681786.095728719141334, 5036649.304697703570127 ], [ 1681773.671552273444831, 5036650.091228827834129 ], [ 1681759.545248802285641, 5036655.908645253628492 ], [ 1681751.237409042660147, 5036659.328611528500915 ], [ 1681741.411554196383804, 5036663.371229168027639 ], [ 1681725.278795921243727, 5036683.940293397754431 ], [ 1681716.087600416969508, 5036695.653520446270704 ], [ 1681712.001555845141411, 5036700.851229669526219 ], [ 1681707.012171796057373, 5036695.297033010050654 ], [ 1681576.815326549112797, 5036550.638442484661937 ], [ 1681499.85481223044917, 5036623.253899419680238 ], [ 1681434.710320751182735, 5036687.19201598316431 ], [ 1681370.772208616137505, 5036746.30461411178112 ], [ 1681316.485132374800742, 5036796.972555562853813 ], [ 1681265.817194590345025, 5036859.704292425885797 ], [ 1681201.879082765895873, 5036947.770000107586384 ], [ 1681146.385627141688019, 5037033.422948366031051 ], [ 1681122.258037558756769, 5037111.837618980556726 ], [ 1681082.447515399195254, 5037198.696946637704968 ], [ 1681043.843372323084623, 5037245.745749291032553 ], [ 1680988.34991666674614, 5037319.334902098402381 ], [ 1680942.507496777456254, 5037380.860259367153049 ], [ 1680899.077835591044277, 5037413.432507744058967 ], [ 1680836.346103159245104, 5037450.830274093896151 ], [ 1680791.710062693804502, 5037493.053558630868793 ], [ 1680744.66126310499385, 5037534.070463869720697 ], [ 1680692.786945997271687, 5037590.770302806049585 ], [ 1680654.182802884839475, 5037624.548930466175079 ], [ 1680590.244690531399101, 5037666.772215185686946 ], [ 1680507.004507069475949, 5037722.265674913302064 ], [ 1680463.57484602695331, 5037765.695339446887374 ], [ 1680428.58984155068174, 5037815.156900929287076 ], [ 1680367.064488546457142, 5037900.809849249199033 ], [ 1680311.571032871026546, 5037969.573483882471919 ], [ 1680270.554130871314555, 5038027.479702452197671 ], [ 1680223.505331508815289, 5038091.417818818241358 ], [ 1680182.488429205026478, 5038151.736796665936708 ], [ 1680125.788594073615968, 5038227.738708576187491 ], [ 1680081.152553659398109, 5038290.470445370301604 ], [ 1680067.882379359100014, 5038333.900108855217695 ], [ 1680055.818585261236876, 5038394.219086278229952 ], [ 1680058.231344355735928, 5038449.712545292451978 ], [ 1680057.024964886717498, 5038499.174107069149613 ], [ 1680025.659098555333912, 5038531.746354402974248 ], [ 1679983.435817261692137, 5038588.446193704381585 ], [ 1679950.863571500405669, 5038613.780164493247867 ], [ 1679918.291325703728944, 5038625.843960290774703 ], [ 1679859.178731433581561, 5038629.46309956535697 ], [ 1679804.891655062325299, 5038633.082238787785172 ], [ 1679754.223716825246811, 5038643.939655421301723 ], [ 1679699.936640613246709, 5038660.828969186171889 ], [ 1679621.521975050680339, 5038712.703290702775121 ], [ 1679558.79024246102199, 5038757.339334525167942 ], [ 1679520.186099281534553, 5038766.990371299907565 ], [ 1679427.294879537075758, 5038777.847787948325276 ], [ 1679331.990900728851557, 5038792.324343699961901 ], [ 1679235.480543250218034, 5038806.800899349153042 ], [ 1679152.240359500050545, 5038820.071075243875384 ], [ 1679093.127765086945146, 5038817.658317236229777 ], [ 1679045.808403162751347, 5038799.819842625409365 ], [ 1679049.698103831149638, 5038783.879689762368798 ], [ 1678974.902576454915106, 5038744.069165864959359 ], [ 1678915.789981886278838, 5038706.671400371938944 ], [ 1678844.95847654948011, 5038653.651556987315416 ], [ 1678853.058249111287296, 5038607.748278670012951 ], [ 1678793.945654813665897, 5038602.922761131078005 ], [ 1678771.024444726295769, 5038580.00155003555119 ], [ 1678744.484095831401646, 5038529.333609644323587 ], [ 1678719.150126801803708, 5038461.776354990899563 ], [ 1678690.197019423358142, 5038399.04461925290525 ], [ 1678656.41839400306344, 5038354.408576481044292 ], [ 1678576.61583488387987, 5038265.261598842218518 ], [ 1678585.818534711841494, 5038255.138629032298923 ], [ 1678600.082719444762915, 5038239.954174315556884 ], [ 1678616.647579134441912, 5038223.389314625412226 ], [ 1678631.371898858807981, 5038207.744724920019507 ], [ 1678652.077973471488804, 5038193.480540186166763 ], [ 1678670.48337312694639, 5038188.87919027172029 ], [ 1678688.428637790959328, 5038197.161620117723942 ], [ 1678728.46038204152137, 5038172.774465573951602 ], [ 1678768.031991300638765, 5038044.396802976727486 ], [ 1678766.191451335325837, 5038037.494778105989099 ], [ 1678756.528616515919566, 5038030.592753235250711 ], [ 1678737.202946877572685, 5037989.640739001333714 ], [ 1678696.25093264458701, 5037961.11236953549087 ], [ 1678675.08472304046154, 5037963.873179484158754 ], [ 1678644.715813609305769, 5037999.303573820739985 ], [ 1678628.150953919161111, 5038023.230593373999 ], [ 1678606.524609324056655, 5038047.617747917771339 ], [ 1678575.695564901456237, 5038060.501527676358819 ], [ 1678531.982740719337016, 5038096.852191995829344 ], [ 1678526.896013879682869, 5038103.286965603008866 ], [ 1678510.573475087527186, 5038091.317103821784258 ], [ 1678458.341350951232016, 5038077.170903535559773 ], [ 1678405.979999670758843, 5038078.900004617869854 ], [ 1678371.287810724694282, 5038073.906395776197314 ], [ 1678314.703009577468038, 5038086.964426809921861 ], [ 1678287.498778256587684, 5038094.581611579284072 ], [ 1678217.855946075171232, 5038114.168658131733537 ], [ 1678167.800160444807261, 5038129.403027670457959 ], [ 1678128.626067343167961, 5038144.637397211045027 ], [ 1678077.48211245983839, 5038178.370644047856331 ], [ 1678057.895065908785909, 5038183.811490312218666 ], [ 1678019.809142059646547, 5038190.340505829080939 ], [ 1677978.458710452076048, 5038202.310367610305548 ], [ 1677957.783494648057967, 5038217.544737150892615 ], [ 1677931.667432580143213, 5038239.308122206479311 ], [ 1677910.992216776590794, 5038257.806999504566193 ], [ 1677896.846016489434987, 5038277.394046055153012 ], [ 1677876.170800685882568, 5038303.51010812446475 ], [ 1677858.760092640295625, 5038322.008985422551632 ], [ 1677846.986114197410643, 5038334.507794531062245 ], [ 1677837.956499584484845, 5038363.256275469437242 ], [ 1677829.379522813949734, 5038390.563648350536823 ], [ 1677831.555861319415271, 5038407.974356396123767 ], [ 1677819.585999538190663, 5038423.208725934848189 ], [ 1677803.26346074603498, 5038434.09041846357286 ], [ 1677771.70655241375789, 5038431.914079958572984 ], [ 1677694.446535462513566, 5038425.385064441710711 ], [ 1677662.889627130236477, 5038431.914079958572984 ], [ 1677641.126242073718458, 5038441.707603232935071 ], [ 1677613.922010752838105, 5038436.266756970435381 ], [ 1677601.952148971613497, 5038475.44085007160902 ], [ 1677630.244549545459449, 5038526.584804954007268 ], [ 1677635.685395809821784, 5038558.141713287681341 ], [ 1677612.833841500338167, 5038562.494390297681093 ], [ 1677578.012425409629941, 5038572.287913573905826 ], [ 1677547.543686330318451, 5038590.786790871992707 ], [ 1677529.044809031765908, 5038638.666237996891141 ], [ 1677485.518038918729872, 5038647.37159201875329 ], [ 1677449.608453575056046, 5038687.633854374289513 ], [ 1677431.319999701343477, 5038712.940004514530301 ], [ 1677389.150000280234963, 5038753.760004652664065 ], [ 1677342.611490254756063, 5038800.233694212511182 ], [ 1677308.911858955863863, 5038833.395847152918577 ], [ 1677295.96166842803359, 5038824.915850788354874 ], [ 1677277.444598055444658, 5038805.950951213017106 ], [ 1677253.229999765288085, 5038771.360004557296634 ], [ 1677229.052845462225378, 5038810.335318291559815 ], [ 1677209.827753520105034, 5038840.95134200528264 ], [ 1677214.563894963823259, 5038873.710796607658267 ], [ 1677201.505863929633051, 5038891.121504653245211 ], [ 1677194.976848412770778, 5038907.444043446332216 ], [ 1677189.536002148408443, 5038941.17729028314352 ], [ 1677176.477971114683896, 5038973.822367869317532 ], [ 1677105.746969680301845, 5039054.346892578527331 ], [ 1677072.013722842559218, 5039076.110277635976672 ], [ 1677043.994342077057809, 5039097.670634601265192 ], [ 1677004.283264971803874, 5039108.730066653341055 ], [ 1676990.401028879918158, 5039113.108032232150435 ], [ 1676970.902415015269071, 5039112.444556411355734 ], [ 1676962.216698786243796, 5039159.645331121981144 ], [ 1676925.899999775923789, 5039223.620004745200276 ], [ 1676919.790632243733853, 5039259.714969668537378 ], [ 1676900.880000044591725, 5039302.400004560127854 ], [ 1676893.135949139948934, 5039333.687901994213462 ], [ 1676879.26842634472996, 5039372.516965821385384 ], [ 1676876.494921785779297, 5039414.119534205645323 ], [ 1676851.533380754292011, 5039455.722102591767907 ], [ 1676815.477821486536413, 5039480.683643624186516 ], [ 1676787.742775896098465, 5039516.73920289054513 ], [ 1676779.422262219246477, 5039630.452889813110232 ], [ 1676757.234225746709853, 5039666.508449079468846 ], [ 1676748.913712069392204, 5039691.469990111887455 ], [ 1676737.819693833123893, 5039713.658026583492756 ], [ 1676726.725675596855581, 5039730.299053939059377 ], [ 1676723.952171037904918, 5039763.581108646467328 ], [ 1676712.858152801636606, 5039799.636667914688587 ], [ 1676701.764134565833956, 5039844.012740859761834 ], [ 1676710.084648242685944, 5039888.388813804835081 ], [ 1676687.89661177014932, 5039943.858904985710979 ], [ 1676619.629999790806323, 5039967.470004417002201 ], [ 1676594.809999786317348, 5039990.60000423528254 ], [ 1676568.535465459804982, 5040035.945788960903883 ], [ 1676553.409999980125576, 5040062.050004282966256 ], [ 1676556.83000000147149, 5040081.100004728883505 ], [ 1676540.849999806378037, 5040078.600004211068153 ], [ 1676507.609999824780971, 5040113.95000421255827 ], [ 1676474.369999842718244, 5040149.30000421218574 ], [ 1676408.0, 5040069.0 ], [ 1676383.0, 5040175.0 ], [ 1676357.849569243378937, 5040196.247819857671857 ], [ 1676340.515165749471635, 5040232.996755266562104 ], [ 1676323.180762255564332, 5040261.425176996737719 ], [ 1676305.152982621453702, 5040290.546974865719676 ], [ 1676280.191441589966416, 5040307.188002221286297 ], [ 1676227.494854968041182, 5040373.752111637964845 ], [ 1676194.212800259701908, 5040420.901689141988754 ], [ 1676160.930745550896972, 5040462.504257528111339 ], [ 1676139.139999908395112, 5040485.570004502311349 ], [ 1676113.781168046873063, 5040498.559816794469953 ], [ 1676077.725608779583126, 5040501.333321353420615 ], [ 1675980.652949212584645, 5040653.876072101294994 ], [ 1675839.204216700978577, 5040606.72649459913373 ], [ 1675780.960620961152017, 5040556.803412536159158 ], [ 1675704.95793337887153, 5040487.011604525148869 ], [ 1675690.076166116632521, 5040481.251067459583282 ], [ 1675652.632199255283922, 5040474.245267301797867 ], [ 1675630.069999655708671, 5040473.000004207715392 ], [ 1675616.920000119600445, 5040447.660004312172532 ], [ 1675630.699649083428085, 5040389.627790885046124 ], [ 1675655.617112217936665, 5040347.592550180852413 ], [ 1675674.668671732768416, 5040315.452966561540961 ], [ 1675703.800628704018891, 5040291.165246907621622 ], [ 1675718.286254263482988, 5040260.57460973970592 ], [ 1675762.314037022180855, 5040167.597062990069389 ], [ 1675782.822488351259381, 5040142.263092156499624 ], [ 1675786.441626216750592, 5040116.929121606051922 ], [ 1675805.743697741534561, 5040084.356873698532581 ], [ 1675829.871287659276277, 5040049.371866734698415 ], [ 1675851.586118117440492, 5040009.561341535300016 ], [ 1675868.475430525839329, 5039985.433750208467245 ], [ 1675900.221317000221461, 5039993.781987048685551 ], [ 1675933.503371709026396, 5040002.102500725537539 ], [ 1675958.464912740513682, 5039985.461473371833563 ], [ 1675954.304655901622027, 5039959.113180059939623 ], [ 1675950.144399063196033, 5039932.764886749908328 ], [ 1675958.126680477056652, 5039888.118227994069457 ], [ 1675964.011921858415008, 5039860.65376821346581 ], [ 1675969.558930976316333, 5039807.957181591540575 ], [ 1675950.144399063196033, 5039752.487090410664678 ], [ 1675933.503371709026396, 5039694.243494670838118 ], [ 1675939.050380826927722, 5039658.187935402616858 ], [ 1675950.144399063196033, 5039605.491348780691624 ], [ 1675964.011921858415008, 5039555.568266717717052 ], [ 1675994.520472007803619, 5039508.418689213693142 ], [ 1676011.161499362438917, 5039466.816120829433203 ], [ 1676019.482013039290905, 5039439.081075238063931 ], [ 1676027.717520012520254, 5039407.57794701308012 ], [ 1676036.162176057696342, 5039370.180180789902806 ], [ 1676065.11528321262449, 5039318.305860511958599 ], [ 1676071.147180640604347, 5039289.35275094024837 ], [ 1676094.068390765227377, 5039251.954985078424215 ], [ 1676080.798216448165476, 5039216.969978434965014 ], [ 1676135.085292640142143, 5039137.348927926272154 ], [ 1676185.753230418078601, 5039062.553395630791783 ], [ 1676235.214788725133985, 5038990.170622440055013 ], [ 1676273.818931826390326, 5038945.534578882157803 ], [ 1676313.629454372916371, 5038890.041119415313005 ], [ 1676335.367107714992017, 5038828.002504620701075 ], [ 1676366.710151017643511, 5038782.6733394023031 ], [ 1676394.456878782715648, 5038716.322464164346457 ], [ 1676446.331195960752666, 5038612.573822796344757 ], [ 1676484.935338757000864, 5038522.095356289297342 ], [ 1676506.650168912019581, 5038485.903969911858439 ], [ 1676530.777758578304201, 5038426.7913717944175 ], [ 1676581.445696606300771, 5038377.329810192808509 ], [ 1676564.556383688002825, 5038347.170321498066187 ], [ 1676598.335009075235575, 5038303.740657802671194 ], [ 1676636.939152172300965, 5038259.104614244773984 ], [ 1676677.956054210662842, 5038210.849432026967406 ], [ 1676720.179335752502084, 5038173.4516657050699 ], [ 1676778.08555042790249, 5038117.958206038922071 ], [ 1676816.429023723118007, 5038079.895729601383209 ], [ 1676837.198144347872585, 5038045.575432481244206 ], [ 1676839.610903412569314, 5038016.622323649004102 ], [ 1676839.610903242602944, 5037950.271448709070683 ], [ 1676844.436421062797308, 5037917.699200961738825 ], [ 1676846.849179755430669, 5037889.952471157535911 ], [ 1676813.070554194971919, 5037839.284531099721789 ], [ 1676817.896071980707347, 5037818.776078091934323 ], [ 1676838.404523303732276, 5037766.901757977902889 ], [ 1676874.595907212235034, 5037677.629671750590205 ], [ 1676893.492144111078233, 5037613.313076129183173 ], [ 1676885.453322380315512, 5037585.944825824350119 ], [ 1676839.905649021733552, 5037527.829158896580338 ], [ 1676828.753486799541861, 5037490.640842428430915 ], [ 1676848.055558271706104, 5037438.766521811485291 ], [ 1676844.436419744510204, 5037398.955996887758374 ], [ 1676850.468317012302577, 5037355.526333222165704 ], [ 1676864.944870555307716, 5037292.794596761465073 ], [ 1676870.976767804007977, 5037242.126655837520957 ], [ 1676872.18314716918394, 5037198.696992227807641 ], [ 1676860.754328083712608, 5037197.221602698788047 ], [ 1676860.759999999776483, 5037197.219999998807907 ], [ 1676822.181861337739974, 5037175.527540641836822 ], [ 1676774.870000000111759, 5037121.28999999910593 ], [ 1676773.489042177796364, 5037055.650669192895293 ], [ 1676785.657152174040675, 5036952.959337996318936 ], [ 1676812.21, 5036823.105000000447035 ], [ 1676831.83, 5036759.820000000298023 ], [ 1676826.139999999664724, 5036681.974999999627471 ], [ 1676858.1, 5036719.629999998956919 ], [ 1676933.06, 5036781.955 ], [ 1676942.92, 5036797.230000000447035 ], [ 1676954.65999999968335, 5036862.949999999254942 ], [ 1676964.52, 5036890.17 ], [ 1676986.237401355989277, 5036935.350832423195243 ], [ 1677013.569999999832362, 5036993.089999999850988 ], [ 1677026.71, 5037009.990000000223517 ], [ 1677078.35, 5037029.699999999254942 ], [ 1677090.549999999813735, 5037037.209999999031425 ], [ 1677101.35, 5037055.049999998882413 ], [ 1677128.109999999869615, 5037071.949999999254942 ], [ 1677135.620000000111759, 5037088.849999999627471 ], [ 1677145.48, 5037100.119999999180436 ], [ 1677177.944999999832362, 5037112.859999999403954 ], [ 1677229.504999999888241, 5037129.615000000223517 ], [ 1677278.089999999850988, 5037160.129999998956919 ], [ 1677295.929999999701977, 5037165.759999999776483 ], [ 1677313.180407423526049, 5037165.201805101707578 ], [ 1677382.77, 5037162.949999999254942 ], [ 1677444.27, 5037154.5 ], [ 1677515.379999999888241, 5037113.209999999031425 ], [ 1677552.94, 5037082.230000000447035 ], [ 1677607.757400809787214, 5037027.835702758282423 ], [ 1677660.604393179994076, 5037016.059818124398589 ], [ 1677747.474506190046668, 5037026.624692469835281 ], [ 1677777.204767303075641, 5037002.957608453929424 ], [ 1677845.565002500079572, 5036967.35379 ], [ 1677873.205805525649339, 5036926.046400543302298 ], [ 1677898.934606188908219, 5036902.761161290109158 ], [ 1677927.108490716665983, 5036885.986433500424027 ], [ 1677971.315735132433474, 5036856.804302681237459 ], [ 1678007.159395797643811, 5036836.333355007693172 ], [ 1678053.007504971232265, 5036806.576999766752124 ], [ 1678098.002362188417464, 5036771.110627131536603 ], [ 1678114.052403322886676, 5036761.057866180315614 ], [ 1678148.690000022761524, 5036753.50000481121242 ], [ 1678178.780209179036319, 5036750.687202103435993 ], [ 1678226.479998073540628, 5036751.660000232979655 ], [ 1678253.974999718833715, 5036759.030004758387804 ], [ 1678282.316145811229944, 5036754.510756723582745 ], [ 1678315.529666750691831, 5036732.09321953356266 ], [ 1678359.068070690147579, 5036727.219417145475745 ], [ 1678396.403621148318052, 5036723.03997833840549 ], [ 1678441.040111431386322, 5036718.043253304436803 ], [ 1678463.670000357553363, 5036715.510004568845034 ], [ 1678500.155000006314367, 5036705.700004393234849 ], [ 1678535.21, 5036689.969999998807907 ], [ 1678562.535398148465902, 5036680.967404089868069 ], [ 1678577.847077174577862, 5036673.092826304957271 ], [ 1678588.427500495221466, 5036659.0900006480515 ], [ 1678600.15838089864701, 5036635.469843553379178 ], [ 1678626.75000213412568, 5036594.739998556673527 ], [ 1678665.925000265706331, 5036542.695000264793634 ], [ 1678733.069999999832362, 5036515.314999999478459 ], [ 1678754.339999999850988, 5036514.195000000298023 ], [ 1678823.71999999973923, 5036594.775000000372529 ], [ 1678844.989999999757856, 5036604.845000000670552 ], [ 1678890.870000000111759, 5036604.845000000670552 ], [ 1678947.949999999720603, 5036595.894999999552965 ], [ 1678970.33, 5036611.564999999478459 ], [ 1678990.48, 5036643.980000000447035 ], [ 1679012.299999999813735, 5036668.074999999254942 ], [ 1679043.269267985597253, 5036668.776124943047762 ], [ 1679092.319999999832362, 5036663.009999999776483 ], [ 1679121.42, 5036668.634999999776483 ], [ 1679141.56, 5036678.67 ], [ 1679151.561507514212281, 5036692.962681578472257 ], [ 1679172.9, 5036716.765000000596046 ], [ 1679195.279999999795109, 5036731.304999999701977 ], [ 1679240.04, 5036729.03999999910593 ], [ 1679301.6, 5036738.025000000372529 ], [ 1679354.199999999720603, 5036748.059999998658895 ], [ 1679391.431582671590149, 5036746.612479159608483 ], [ 1679410.710651770234108, 5036728.89991862885654 ], [ 1679448.232960212510079, 5036679.802459234371781 ], [ 1679490.614323865622282, 5036635.691244004294276 ], [ 1679494.938952809665352, 5036585.525548251345754 ], [ 1679514.8322459529154, 5036550.063590908423066 ], [ 1679565.862867494579405, 5036551.79344248585403 ], [ 1679591.810641159769148, 5036531.035223554819822 ], [ 1679609.109156936407089, 5036500.762820944190025 ], [ 1679599.594973259605467, 5036422.054574159905314 ], [ 1679617.758414824958891, 5036360.644843151792884 ], [ 1679615.163637458346784, 5036262.908229013904929 ], [ 1679585.756160637829453, 5036211.012681683525443 ], [ 1679570.187496438622475, 5036135.764138054102659 ], [ 1679570.187496438622475, 5036071.759629679843783 ], [ 1679579.701680115889758, 5036052.731262324377894 ], [ 1679635.056930602062494, 5036031.108117604628205 ], [ 1679669.653962155804038, 5035999.105863416567445 ], [ 1679708.575622653588653, 5035940.29090977460146 ], [ 1679739.969069910701364, 5035915.069583926349878 ], [ 1679773.194721796549857, 5035913.283008430153131 ], [ 1679796.18954708147794, 5035923.059839099645615 ], [ 1679836.457097801845521, 5035924.066527867689729 ], [ 1679837.463786569889635, 5035900.912686204537749 ], [ 1679853.570806858129799, 5035884.805665915831923 ], [ 1679869.712716338224709, 5035815.041478270664811 ], [ 1679873.159787571989, 5035784.017837168648839 ], [ 1679880.05393003905192, 5035717.661715921014547 ], [ 1679880.05393003905192, 5035669.402718650177121 ], [ 1679895.851735114585608, 5035586.825790584087372 ], [ 1679898.570000092498958, 5035563.430004745721817 ], [ 1679882.516832672990859, 5035570.124169105663896 ], [ 1679831.986389394383878, 5035591.195343639701605 ], [ 1679798.450000347103924, 5035605.180004391819239 ], [ 1679782.520817253738642, 5035580.705717166885734 ], [ 1679726.452838659286499, 5035539.763705974444747 ], [ 1679705.042838594410568, 5035527.558705804869533 ], [ 1679666.274311627727002, 5035472.175467658787966 ], [ 1679560.37178002577275, 5035409.930337676778436 ], [ 1679514.100000067614019, 5035476.890004651620984 ], [ 1679439.850000113714486, 5035444.060004206374288 ], [ 1679386.750000230036676, 5035486.490004923194647 ], [ 1679399.090000237338245, 5035505.000004487112164 ], [ 1679350.149999815039337, 5035541.540004191920161 ], [ 1679331.740666906815022, 5035547.823886154219508 ], [ 1679318.90000027930364, 5035523.400004684925079 ], [ 1679206.310000438243151, 5035559.810004491358995 ], [ 1679186.328194594476372, 5035578.471158964559436 ], [ 1679166.820000093895942, 5035596.690004345029593 ], [ 1679147.680813677143306, 5035614.564230378717184 ], [ 1679127.329999749083072, 5035633.57000419870019 ], [ 1679106.520651955157518, 5035617.149366876110435 ], [ 1679082.014240845106542, 5035595.183009833097458 ], [ 1679066.262811999768019, 5035582.641985999420285 ], [ 1679003.770383, 5035525.078994499519467 ], [ 1678996.146810556296259, 5035525.75318537093699 ], [ 1678984.21405472047627, 5035528.139736538752913 ], [ 1678973.872332996223122, 5035532.382494168356061 ], [ 1678959.553025993518531, 5035541.928698837757111 ], [ 1678949.741648972965777, 5035548.558007635176182 ], [ 1678941.786478416062891, 5035556.778350545093417 ], [ 1678966.182334790937603, 5035583.560758085921407 ], [ 1678960.348543049301952, 5035590.720411587506533 ], [ 1678946.824753101915121, 5035609.812820924445987 ], [ 1678927.997516117058694, 5035640.307641394436359 ], [ 1678889.28235273854807, 5035604.50937388651073 ], [ 1678876.819252199493349, 5035589.659722181037068 ], [ 1678863.825806955806911, 5035574.544898122549057 ], [ 1678843.937880563084036, 5035557.573867600411177 ], [ 1678812.747387276031077, 5035540.171091673895717 ], [ 1678776.849275531247258, 5035580.643862215802073 ], [ 1678725.405839262064546, 5035581.969723977148533 ], [ 1678691.463778218254447, 5035573.484208716079593 ], [ 1678562.059670488350093, 5035537.951113561168313 ], [ 1678514.711650377139449, 5035527.210290113463998 ], [ 1678504.521683326922357, 5035553.876978725194931 ], [ 1678480.916930805426091, 5035548.027662932872772 ], [ 1678448.526331012602895, 5035536.782816741615534 ], [ 1678443.262456835247576, 5035551.20973115414381 ], [ 1678433.300467846449465, 5035587.23555563762784 ], [ 1678404.547293457202613, 5035590.455239234492183 ], [ 1678352.845429326407611, 5035569.343730311840773 ], [ 1678300.210004358552396, 5035565.727556077763438 ], [ 1678285.858305676840246, 5035557.116536868736148 ], [ 1678262.895587786100805, 5035532.718649109825492 ], [ 1678240.65045482898131, 5035513.343855887651443 ], [ 1678208.359132795128971, 5035498.274572271853685 ], [ 1678161.716112079098821, 5035486.075628392398357 ], [ 1678113.578783348668367, 5035463.547272328287363 ], [ 1678070.116907150484622, 5035424.581452287733555 ], [ 1678022.333951343316585, 5035396.570779114961624 ], [ 1677977.764811616390944, 5035385.606022192165256 ], [ 1677870.607548088300973, 5035370.223080346360803 ], [ 1677793.381534455809742, 5035392.936613768339157 ], [ 1677703.435942107345909, 5035421.101395210251212 ], [ 1677675.627701499965042, 5035432.629780499264598 ], [ 1677653.243040499743074, 5035416.440326999872923 ], [ 1677653.466168580111116, 5035392.02807243168354 ], [ 1677633.220749499741942, 5035370.528225999325514 ], [ 1677605.0, 5035346.0 ], [ 1677562.598479192238301, 5035315.693090386688709 ], [ 1677517.184968052431941, 5035289.362901367247105 ], [ 1677499.183220999781042, 5035300.435084998607635 ], [ 1677481.156191499903798, 5035328.82752849906683 ], [ 1677470.109553, 5035312.655875999480486 ], [ 1677449.689839999657124, 5035294.928787998855114 ], [ 1677422.469468999654055, 5035294.325979 ], [ 1677383.040841087698936, 5035268.40259537473321 ], [ 1677398.166052924469113, 5035265.740826608613133 ], [ 1677421.027111999690533, 5035272.692462999373674 ], [ 1677439.61289, 5035278.127774000167847 ], [ 1677485.069245, 5035245.091748500242829 ], [ 1677532.653037651441991, 5035258.076136786490679 ], [ 1677545.487146826926619, 5035258.816566161811352 ], [ 1677566.0, 5035260.0 ], [ 1677579.0, 5035270.0 ], [ 1677595.601127999834716, 5035283.854607999324799 ], [ 1677647.365594, 5035297.377197999507189 ], [ 1677647.424861999694258, 5035280.576198000460863 ], [ 1677693.274866933468729, 5035288.022632153704762 ], [ 1677703.5959706841968, 5035273.034674935042858 ], [ 1677767.942377023864537, 5035292.088525377213955 ], [ 1677808.177801777608693, 5035292.611379995942116 ], [ 1677826.089022582396865, 5035289.362901367247105 ], [ 1677875.100759, 5035283.922627000138164 ], [ 1677875.515145, 5035226.159147 ], [ 1677848.329723, 5035195.810703 ], [ 1677864.786535, 5035199.374103998765349 ], [ 1677869.980782999657094, 5035191.827722 ], [ 1677876.807792, 5035118.365261999890208 ], [ 1677909.674825573340058, 5035140.362122122198343 ], [ 1677918.760238941758871, 5035154.898783512413502 ], [ 1677938.748148352373391, 5035158.532948860898614 ], [ 1677951.467727068345994, 5035146.721911480650306 ], [ 1677966.912929795216769, 5035148.538994153961539 ], [ 1678010.764600999653339, 5035151.602613000199199 ], [ 1678046.55749, 5035154.287689998745918 ], [ 1678063.473213804885745, 5035155.970207246020436 ], [ 1678083.0, 5035158.0 ], [ 1678092.0, 5035164.5 ], [ 1678077.754972891416401, 5035195.783143671229482 ], [ 1678068.188959452323616, 5035212.387985715642571 ], [ 1678057.085761729162186, 5035230.893315253779292 ], [ 1678091.135568080469966, 5035243.476939341053367 ], [ 1678151.253434, 5035246.71697099879384 ], [ 1678154.793901694007218, 5035233.854167979210615 ], [ 1678190.819803999736905, 5035247.920962998643517 ], [ 1678250.701922, 5035261.794653998687863 ], [ 1678270.219413499813527, 5035254.693357000127435 ], [ 1678315.039183000102639, 5035206.252453999593854 ], [ 1678326.777699000202119, 5035191.268399499356747 ], [ 1678339.921306499745697, 5035177.827693499624729 ], [ 1678353.355308, 5035153.989248 ], [ 1678351.5, 5035196.5 ], [ 1678364.772144999820739, 5035231.162293000146747 ], [ 1678391.201734106056392, 5035247.569999869912863 ], [ 1678422.718794269952923, 5035250.859397133812308 ], [ 1678422.010860234964639, 5035261.242055697366595 ], [ 1678402.765317514538765, 5035284.188664326444268 ], [ 1678415.348941601347178, 5035293.071222504600883 ], [ 1678431.633631595410407, 5035304.174420228227973 ], [ 1678450.138961134012789, 5035308.61569931730628 ], [ 1678506.395162932109088, 5035317.498257495462894 ], [ 1678521.199426563456655, 5035321.19932340271771 ], [ 1678542.045866493601352, 5035337.030954044312239 ], [ 1678586.240000263787806, 5035318.490004234015942 ], [ 1678615.044810825027525, 5035332.565549889579415 ], [ 1678680.180000375024974, 5035336.780004175379872 ], [ 1678693.580000111367553, 5035322.140004366636276 ], [ 1678734.839999944902956, 5035307.450004115700722 ], [ 1678766.580000064335763, 5035310.540004475042224 ], [ 1678788.681891169399023, 5035287.111216718330979 ], [ 1678808.565000059083104, 5035273.245004700496793 ], [ 1678834.010000409558415, 5035255.500004580244422 ], [ 1678842.866222830954939, 5035214.221077349036932 ], [ 1678847.219961481634527, 5035193.928264861926436 ], [ 1678845.979705471545458, 5035172.383838657289743 ], [ 1678843.261537296231836, 5035125.16667283885181 ], [ 1678840.566644522827119, 5035095.731464019045234 ], [ 1678849.19250367814675, 5035072.367080369964242 ], [ 1678884.041986577212811, 5034964.060417259112 ], [ 1678918.437819910701364, 5034858.227083925157785 ], [ 1678931.876179344952106, 5034804.481296932324767 ], [ 1678936.660753441508859, 5034772.185421781614423 ], [ 1678946.229901634156704, 5034734.706258026883006 ], [ 1678970.765645560342818, 5034691.569028342142701 ], [ 1679007.230035629589111, 5034638.898242685943842 ], [ 1679029.513829560484737, 5034610.537050411105156 ], [ 1679045.357679999899119, 5034577.471602000296116 ], [ 1679041.668626250233501, 5034553.814665857702494 ], [ 1679019.384832319337875, 5034513.298676893115044 ], [ 1679041.668626250233501, 5034484.937484616413713 ], [ 1679070.029818526469171, 5034458.602091789245605 ], [ 1679104.468409147113562, 5034456.576292339712381 ], [ 1679126.752203078474849, 5034460.627891236916184 ], [ 1679155.113395354710519, 5034468.731089029461145 ], [ 1679177.397189285606146, 5034462.653690684586763 ], [ 1679197.655183768831193, 5034416.060303375124931 ], [ 1679238.171172734349966, 5034379.595913305878639 ], [ 1679266.656445749569684, 5034343.759600948542356 ], [ 1679302.996755079831928, 5034320.847729304805398 ], [ 1679336.571404996328056, 5034296.917728209868073 ], [ 1679366.076278590597212, 5034282.165291411802173 ], [ 1679388.815355429425836, 5034274.626968728378415 ], [ 1679417.510450126603246, 5034269.805141663178802 ], [ 1679439.439748068340123, 5034288.943438049405813 ], [ 1679470.140765186864883, 5034296.917728209868073 ], [ 1679507.809675757773221, 5034302.604028014466166 ], [ 1679554.263373034074903, 5034278.810670873150229 ], [ 1679601.167438480071723, 5034240.902817405760288 ], [ 1679609.843152000103146, 5034233.891107998788357 ], [ 1679621.111376431304961, 5034235.756024617701769 ], [ 1679636.708443999756128, 5034246.331938499584794 ], [ 1679670.964124727528542, 5034270.879551826044917 ], [ 1679694.757481868844479, 5034267.480500806123018 ], [ 1679729.083991324994713, 5034258.244733674451709 ], [ 1679754.458263, 5034251.185523999854922 ], [ 1679769.521981, 5034246.906159998849034 ], [ 1679774.120000066235662, 5034249.840004643425345 ], [ 1679796.250759388320148, 5034261.108979037031531 ], [ 1679813.604265344329178, 5034270.306260406970978 ], [ 1679823.800533810164779, 5034274.988430267199874 ], [ 1679833.434299999848008, 5034265.922346999868751 ], [ 1679846.581760771106929, 5034224.425854550674558 ], [ 1679834.719037, 5034228.22817249968648 ], [ 1679836.708821116480976, 5034169.652073182165623 ], [ 1679837.517624717205763, 5034124.720357958227396 ], [ 1679834.118573697283864, 5034096.394932789728045 ], [ 1679834.118573697283864, 5034031.812963405624032 ], [ 1679819.168960999697447, 5033978.372841998934746 ], [ 1679834.489678, 5033967.519351 ], [ 1679804.711733030620962, 5033939.569636190310121 ], [ 1679777.799912999849766, 5033914.058147000148892 ], [ 1679755.491233, 5033892.195032998919487 ], [ 1679738.578800896648318, 5033842.75327861495316 ], [ 1679734.720204999670386, 5033831.357830999419093 ], [ 1679713.95958366105333, 5033836.785081043839455 ], [ 1679681.834717565681785, 5033845.083210591226816 ], [ 1679677.842179994564503, 5033836.820056419819593 ], [ 1679612.616661986336112, 5033852.452618585899472 ], [ 1679557.633167467080057, 5033867.007073016837239 ], [ 1679554.301422796212137, 5033884.012392546981573 ], [ 1679533.869066912680864, 5033886.786786545068026 ], [ 1679480.617267596535385, 5033907.181092664599419 ], [ 1679456.823910454753786, 5033912.846177699044347 ], [ 1679415.523796763271093, 5033924.151342526078224 ], [ 1679409.237196172121912, 5033951.368755927309394 ], [ 1679337.857124748174101, 5033954.767806949093938 ], [ 1679248.348781215958297, 5033951.368755927309394 ], [ 1679239.284645162057132, 5033934.373500825837255 ], [ 1679166.771556731313467, 5033937.772551845759153 ], [ 1679141.386989139951766, 5033932.840462239459157 ], [ 1679143.0, 5033955.0 ], [ 1679125.0, 5033963.5 ], [ 1679091.992434286512434, 5033971.763062048703432 ], [ 1679067.0, 5034011.0 ], [ 1679045.538737010676414, 5034046.542184492573142 ], [ 1678997.95202272804454, 5034052.20726952701807 ], [ 1678915.808289739768952, 5034072.601575648412108 ], [ 1678929.971002324018627, 5034098.66096680238843 ], [ 1678865.389032939914614, 5034103.193034829571843 ], [ 1678870.878539842553437, 5034042.738633932545781 ], [ 1678708.722364056389779, 5034042.47790914773941 ], [ 1678699.459409870672971, 5033971.044469511136413 ], [ 1678694.143935317639261, 5033940.598643777891994 ], [ 1678685.451208155136555, 5033929.899705929681659 ], [ 1678625.390000245068222, 5033935.420004718005657 ], [ 1678606.310091140214354, 5033930.455348812043667 ], [ 1678564.587829680647701, 5033919.599077399820089 ], [ 1678538.026084632612765, 5033913.464470282196999 ], [ 1678473.186874215491116, 5033899.176983816549182 ], [ 1678457.680000222288072, 5033895.760004322975874 ], [ 1678436.25500005716458, 5033887.575004395097494 ], [ 1678411.725346627645195, 5033876.95378315448761 ], [ 1678392.999999983236194, 5033862.260004280135036 ], [ 1678379.950975178740919, 5033859.826480332762003 ], [ 1678344.412217582575977, 5033853.198826625943184 ], [ 1678281.370680193416774, 5033841.442155675962567 ], [ 1678241.636670124717057, 5033832.854130884632468 ], [ 1678221.240000229794532, 5033826.53000471368432 ], [ 1678201.647891814354807, 5033801.667463127523661 ], [ 1678193.619999841786921, 5033791.480004290118814 ], [ 1678182.339999874122441, 5033771.000004386529326 ], [ 1678171.059999906457961, 5033750.520004484802485 ], [ 1678173.249999986495823, 5033733.680004710331559 ], [ 1678168.15839668828994, 5033728.685743948444724 ], [ 1678150.81959303189069, 5033709.974068854004145 ], [ 1678148.467604000121355, 5033691.772861000150442 ], [ 1678141.654219256248325, 5033671.84702605381608 ], [ 1678140.339999900665134, 5033666.38000431843102 ], [ 1678194.023625999689102, 5033636.325079999864101 ], [ 1678209.499999935273081, 5033627.550004705786705 ], [ 1678214.550315999891609, 5033614.338397 ], [ 1678246.137691, 5033547.880108999088407 ], [ 1678214.725571228656918, 5033550.012134943157434 ], [ 1678172.803780993446708, 5033543.574752315878868 ], [ 1678085.413377, 5033556.76473799906671 ], [ 1678048.485940999817103, 5033547.123131500557065 ], [ 1678019.254642, 5033533.415899999439716 ], [ 1678003.17298199981451, 5033518.867289500311017 ], [ 1677995.343446999788284, 5033511.796438999474049 ], [ 1677973.311905356589705, 5033502.200221305713058 ], [ 1677952.709151369519532, 5033496.448615208268166 ], [ 1677919.498491, 5033487.177299499511719 ], [ 1677861.763775361701846, 5033475.928272381424904 ], [ 1677817.818369694519788, 5033462.478520270437002 ], [ 1677785.492526447400451, 5033448.616362083703279 ], [ 1677768.295413, 5033439.506970999762416 ], [ 1677746.297435260843486, 5033426.254646809771657 ], [ 1677713.200209843926132, 5033401.287640430033207 ], [ 1677666.549814874306321, 5033389.08676790073514 ], [ 1677675.862293630372733, 5033342.576549634337425 ], [ 1677685.804586048703641, 5033288.949721647426486 ], [ 1677673.930000341497362, 5033290.080004388466477 ], [ 1677665.370250797364861, 5033283.742241848260164 ], [ 1677654.630000062286854, 5033275.790004646405578 ], [ 1677658.546391076873988, 5033230.923508970066905 ], [ 1677661.780714283697307, 5033208.283246520906687 ], [ 1677664.062612597364932, 5033173.009185513481498 ], [ 1677706.746403082739562, 5033186.047123186290264 ], [ 1677734.731161368079484, 5033185.978125186637044 ], [ 1677763.683448973111808, 5033183.373437890782952 ], [ 1677792.635736577678472, 5033180.768750593066216 ], [ 1677833.055839995853603, 5033176.648046193644404 ], [ 1677860.328378593549132, 5033169.471062352880836 ], [ 1677890.531569910701364, 5033171.508333925157785 ], [ 1677904.107980026397854, 5033183.825030034407973 ], [ 1677924.203534782398492, 5033196.743600949645042 ], [ 1677955.855065620038658, 5033199.705175939947367 ], [ 1678006.134403688833117, 5033212.11176585406065 ], [ 1678025.723611800000072, 5033216.945466555655003 ], [ 1678045.312819910701364, 5033221.779167259112 ], [ 1678079.679864654783159, 5033219.613164767622948 ], [ 1678109.516500337049365, 5033217.732693877071142 ], [ 1678124.827986755874008, 5033201.814600108191371 ], [ 1678139.382441187277436, 5033172.705691244453192 ], [ 1678149.300849393010139, 5033157.065124459564686 ], [ 1678160.405542033258826, 5033160.307452285662293 ], [ 1678170.108511653728783, 5033137.128135967999697 ], [ 1678174.998387617990375, 5033118.477398047223687 ], [ 1678187.897289292886853, 5033118.800304461270571 ], [ 1678187.358235425315797, 5033098.855311350896955 ], [ 1678191.131612500175834, 5033076.75410276837647 ], [ 1678190.053504764102399, 5033005.59899221546948 ], [ 1678187.358235424850136, 5032964.630898259580135 ], [ 1678188.436343160457909, 5032937.139151001349092 ], [ 1678192.157143098767847, 5032922.786864710971713 ], [ 1678188.436343160457909, 5032887.546195158734918 ], [ 1678177.655265803914517, 5032864.905932709574699 ], [ 1678183.14843767369166, 5032826.418864694423974 ], [ 1678170.875303224660456, 5032793.487477900460362 ], [ 1678161.483649768866599, 5032769.493398103863001 ], [ 1678147.468249205034226, 5032749.009351124987006 ], [ 1678097.33623949624598, 5032692.947748869657516 ], [ 1678051.005483, 5032620.156177999451756 ], [ 1678078.592122707515955, 5032606.447109406813979 ], [ 1678114.030508366413414, 5032585.334879651665688 ], [ 1678133.634721709880978, 5032571.008723746985197 ], [ 1678148.438404999673367, 5032553.241721499711275 ], [ 1678183.5848583499901, 5032502.661733523011208 ], [ 1678218.6233597593382, 5032523.684834368526936 ], [ 1678233.716868058778346, 5032531.770642386749387 ], [ 1678251.768718159291893, 5032533.582204880192876 ], [ 1678288.528160001151264, 5032527.621214311569929 ], [ 1678328.084796970244497, 5032519.706267222762108 ], [ 1678359.838075486477464, 5032512.954287400469184 ], [ 1678374.962523250840604, 5032509.738242605701089 ], [ 1678421.546056146267802, 5032582.909247117117047 ], [ 1678453.206947716418654, 5032686.852271143347025 ], [ 1678462.564181072171777, 5032732.392564201727509 ], [ 1678466.364378640893847, 5032776.989319778978825 ], [ 1678503.123820482753217, 5032758.112849643453956 ], [ 1678550.811745034065098, 5032729.301395228132606 ], [ 1678604.842453780584037, 5032690.514514204114676 ], [ 1678756.977870447095484, 5032597.910347536206245 ], [ 1678801.957037114072591, 5032587.32701420225203 ], [ 1679088.28455262677744, 5032550.328863041475415 ], [ 1679159.372838865965605, 5032706.986382717266679 ], [ 1679179.484933707863092, 5032705.549804514274001 ], [ 1679202.470184955280274, 5032698.366913499310613 ], [ 1679218.272545188199729, 5032722.788742950186133 ], [ 1679238.384640029631555, 5032717.042430138215423 ], [ 1679251.313843856565654, 5032740.027681386098266 ], [ 1679314.523284787777811, 5032609.299064915627241 ], [ 1679310.213550178799778, 5032546.089623983949423 ], [ 1679405.027711574919522, 5032416.797585716471076 ], [ 1679433.759275634773076, 5032379.446552438661456 ], [ 1679486.800593, 5032396.710140999406576 ], [ 1679503.061106499750167, 5032353.919278500601649 ], [ 1679549.338858, 5032232.888242999091744 ], [ 1679568.087543999776244, 5032246.88421499915421 ], [ 1679573.973503999877721, 5032177.182885998860002 ], [ 1679586.446620447561145, 5032108.431180868297815 ], [ 1679543.209999693091959, 5031988.110004834830761 ], [ 1679459.955552, 5031975.527516 ], [ 1679387.910234842449427, 5031972.905969014391303 ], [ 1679359.355117392260581, 5031984.497986907139421 ], [ 1679311.785375995561481, 5032005.765920022502542 ], [ 1679287.376054770778865, 5032022.515671446919441 ], [ 1679251.36774149723351, 5032068.046662537381053 ], [ 1679234.860000051558018, 5032088.920004284009337 ], [ 1679204.415157343260944, 5032106.755539543926716 ], [ 1679165.071880057454109, 5032136.583993332460523 ], [ 1679136.654953780584037, 5032156.056180868297815 ], [ 1679093.999627742916346, 5032245.457076663151383 ], [ 1678987.694710127077997, 5032316.209752585738897 ], [ 1678976.21175041096285, 5032208.01769763417542 ], [ 1678954.679694711230695, 5032129.066826734691858 ], [ 1678948.612192185595632, 5032030.937237134203315 ], [ 1678908.227364738006145, 5032026.898754389956594 ], [ 1678793.130606512073427, 5032014.783306155353785 ], [ 1678684.332773148082197, 5032060.881983684375882 ], [ 1678565.906466799788177, 5032014.229196336120367 ], [ 1678449.859573206398636, 5032135.937788499519229 ], [ 1678391.257570568472147, 5032199.644120417535305 ], [ 1678373.314190818928182, 5032176.915839400142431 ], [ 1678345.945984601974487, 5032130.903221625834703 ], [ 1678312.891648999880999, 5032047.302122998982668 ], [ 1678329.407718903385103, 5031989.91968011111021 ], [ 1678358.26387025276199, 5031931.78979143127799 ], [ 1678338.936203780118376, 5031839.879097536206245 ], [ 1678331.66016211360693, 5031814.082222536206245 ], [ 1678312.477870446629822, 5031785.639514204114676 ], [ 1678295.279953780118376, 5031768.441597536206245 ], [ 1678278.743495446629822, 5031732.061389204114676 ], [ 1678245.670578780118376, 5031646.07180587016046 ], [ 1678217.227870446629822, 5031603.738472536206245 ], [ 1678178.521902193780988, 5031582.504711387678981 ], [ 1678061.756920699961483, 5031584.234562966972589 ], [ 1678011.591224947478622, 5031571.260676134377718 ], [ 1677946.721790784038603, 5031582.504711387678981 ], [ 1677885.175787113141268, 5031586.54055587016046 ], [ 1677826.497106135357171, 5031605.857707686722279 ], [ 1677776.67, 5031614.58 ], [ 1677744.65, 5031636.160000000149012 ], [ 1677653.51194836711511, 5031701.86447024717927 ], [ 1677645.46, 5031744.404999999329448 ], [ 1677577.589999999850988, 5031773.990000000223517 ], [ 1677533.73, 5031770.509999999776483 ], [ 1677471.779999999795109, 5031789.304999999701977 ], [ 1677439.759999999776483, 5031801.139999998733401 ], [ 1677371.54, 5031840.119999999180436 ], [ 1677251.990919278003275, 5031939.010640617460012 ], [ 1677242.759999999776483, 5031948.719999998807907 ], [ 1677171.754999999888241, 5032001.969999998807907 ], [ 1677134.420578779652715, 5032019.13430587016046 ], [ 1677097.612109274137765, 5032051.091185143217444 ], [ 1677122.153420499991626, 5031984.237268354743719 ], [ 1677140.770966947078705, 5031920.768360013142228 ], [ 1677157.69600917166099, 5031848.836930558085442 ], [ 1677172.928547174204141, 5031799.754308106377721 ], [ 1677200.824340832419693, 5031755.035351447761059 ], [ 1677259.436203779652715, 5031669.222847538068891 ], [ 1677298.462245446629822, 5031598.44680587016046 ], [ 1677412.894537113141268, 5031413.238472536206245 ], [ 1677441.998703779652715, 5031396.702014204114676 ], [ 1677483.552804864477366, 5031344.576769147068262 ], [ 1677517.996881700586528, 5031267.077596265822649 ], [ 1677528.043070777785033, 5031176.6618945710361 ], [ 1677532.422337929252535, 5031105.06567594781518 ], [ 1677482.117634996306151, 5031064.718644851818681 ], [ 1677449.108728027902544, 5031030.274568015709519 ], [ 1677320.354486577678472, 5030894.76875059120357 ], [ 1676764.729486577212811, 5030877.570833925157785 ], [ 1676743.0051528820768, 5030921.20165803283453 ], [ 1676722.912774727679789, 5030947.034715659916401 ], [ 1676560.738579622935504, 5031017.358039202168584 ], [ 1676491.85042595025152, 5031063.283474983647466 ], [ 1676455.102870446164161, 5031118.22805587016046 ], [ 1676437.313970959279686, 5031163.745365757495165 ], [ 1676433.008461354766041, 5031265.642426397651434 ], [ 1676424.397442145738751, 5031436.427640710026026 ], [ 1676427.169394073076546, 5031593.533536247909069 ], [ 1676412.91608320036903, 5031653.138290805742145 ], [ 1676384.212685836479068, 5031706.239575929939747 ], [ 1676310.904953779652715, 5031772.410347536206245 ], [ 1676230.795415546279401, 5031826.708170721307397 ], [ 1676170.739903244189918, 5031872.404167259112 ], [ 1676064.834435978438705, 5032032.794937048107386 ], [ 1675904.769537112675607, 5032042.946805872023106 ], [ 1675815.538555774837732, 5032047.817508578300476 ], [ 1675745.358078779652715, 5032054.191597536206245 ], [ 1675715.592453779652715, 5032095.863472536206245 ], [ 1675712.946620446164161, 5032232.785347536206245 ], [ 1675711.623703779652715, 5032399.472847536206245 ], [ 1675690.457037112675607, 5032564.175972536206245 ], [ 1675661.518358761910349, 5032681.598456375300884 ], [ 1675646.399266176857054, 5032742.946157995611429 ], [ 1675671.5346828433685, 5032745.591991329565644 ], [ 1675636.197480672970414, 5032866.316715866327286 ], [ 1675652.753912112675607, 5032865.139514204114676 ], [ 1675724.191412113141268, 5032879.030139204114676 ], [ 1675846.469741018489003, 5032908.735497854650021 ], [ 1675965.043582734186202, 5032955.761265804991126 ], [ 1675962.906222540419549, 5033044.461713826283813 ], [ 1676053.591273627243936, 5033177.362219730392098 ], [ 1676113.388849510345608, 5033216.550324663519859 ], [ 1676095.806728443596512, 5033319.643937814980745 ], [ 1675995.740465175360441, 5033393.130099901929498 ], [ 1675970.723899358417839, 5033461.925655897706747 ], [ 1675948.834404268767685, 5033680.820606796070933 ], [ 1675907.696848778985441, 5033830.785969525575638 ], [ 1675844.077534909825772, 5033999.781820964068174 ], [ 1675797.168016422539949, 5034082.384495811536908 ], [ 1675635.737748112063855, 5034283.081586143001914 ], [ 1675539.752183170989156, 5034306.350814007222652 ], [ 1675496.84954429557547, 5034302.7149971537292 ], [ 1675431.404840926639736, 5034302.7149971537292 ], [ 1675176.170497787185013, 5034371.795517375692725 ], [ 1675107.817140935454518, 5034402.336378948763013 ], [ 1675036.555130599997938, 5034450.329161418601871 ], [ 1674975.473407455720007, 5034437.240220744162798 ], [ 1674851.752843371592462, 5034358.813382314518094 ], [ 1674736.96382184419781, 5034285.990239625796676 ], [ 1674670.268565733451396, 5034290.43659003265202 ], [ 1674541.745532948989421, 5034297.281916551291943 ], [ 1674409.740304999053478, 5034303.442160522565246 ], [ 1674255.218524010851979, 5034324.319462008774281 ], [ 1674201.771580959670246, 5034342.708982544019818 ], [ 1674099.54, 5034363.740000000223517 ], [ 1674051.125183223746717, 5034405.407098482362926 ], [ 1674037.376551718683913, 5034428.981570146046579 ], [ 1674026.822983780410141, 5034445.364941112697124 ], [ 1674003.379007183248177, 5034467.573322572745383 ], [ 1673986.014646376948804, 5034478.426048075780272 ], [ 1673962.313998224679381, 5034493.238953171297908 ], [ 1673945.87262759776786, 5034497.413030584342778 ], [ 1673925.269999870099127, 5034512.700004712678492 ], [ 1673863.258293041028082, 5034529.156444542109966 ], [ 1673815.501649949001148, 5034539.323546800762415 ], [ 1673796.030064646387473, 5034564.549099114723504 ], [ 1673760.824459939729422, 5034610.158165324479342 ], [ 1673719.491151391528547, 5034677.794488403946161 ], [ 1673691.93561235954985, 5034795.531791539862752 ], [ 1673686.925514353904873, 5034819.329757068306208 ], [ 1673674.44, 5034843.689999999478459 ], [ 1673659.92, 5034913.469999998807907 ], [ 1673651.049999999813735, 5035126.019999999552965 ], [ 1673642.98, 5035176.839999999850988 ], [ 1673642.972022118512541, 5035176.841318232938647 ] ] ], [ [ [ 1666527.195800931658596, 5037359.22836465574801 ], [ 1666523.241822450421751, 5037392.30470272153616 ], [ 1666521.827805571723729, 5037404.133421702310443 ], [ 1666521.600379032548517, 5037408.606143645942211 ], [ 1666519.843430572189391, 5037443.159463368356228 ], [ 1666517.859055572189391, 5037482.185505034402013 ], [ 1666509.070446256548166, 5037523.071644024923444 ], [ 1666508.154597099404782, 5037527.332333581522107 ], [ 1666507.031342300120741, 5037532.55791025608778 ], [ 1666504.655676505062729, 5037543.609920693561435 ], [ 1666503.257210372015834, 5037550.115828355774283 ], [ 1666502.617779615800828, 5037553.090571438893676 ], [ 1666501.66902475617826, 5037557.50434404797852 ], [ 1666487.431972238235176, 5037623.737588368356228 ], [ 1666470.234055571723729, 5037693.190713368356228 ], [ 1666453.036138905212283, 5037762.643838368356228 ], [ 1666460.025451915804297, 5037869.634091379120946 ], [ 1666465.129753743764013, 5037961.990527374669909 ], [ 1666470.234055571723729, 5038025.904255036264658 ], [ 1666470.234055571723729, 5038082.789671702310443 ], [ 1666462.296555572189391, 5038126.445921702310443 ], [ 1666479.486914982553571, 5038172.749395363032818 ], [ 1666484.778581157326698, 5038204.499395554885268 ], [ 1666433.184834723826498, 5038352.666062332689762 ], [ 1666377.622337880078703, 5038463.791062710806727 ], [ 1666328.674424530006945, 5038564.332729682326317 ], [ 1666275.757761193439364, 5038686.041063634678721 ], [ 1666263.851511954795569, 5038720.436897056177258 ], [ 1666419.955669761635363, 5038754.832728741690516 ], [ 1666581.351493936032057, 5038803.780643310397863 ], [ 1666611.778575539123267, 5038798.488976700231433 ], [ 1666687.184821111615747, 5038753.509809304028749 ], [ 1666752.007734048645943, 5038748.218141965568066 ], [ 1666762.157079120632261, 5038722.801445487886667 ], [ 1666763.913983242586255, 5038695.301475228741765 ], [ 1666789.049398011527956, 5038613.280641993507743 ], [ 1666861.809810538310558, 5038515.384807720780373 ], [ 1666882.976475788746029, 5038429.395224252715707 ], [ 1666920.01814004778862, 5038309.009807320311666 ], [ 1666953.091054707299918, 5038262.707723690196872 ], [ 1666957.245595751795918, 5038247.814993331208825 ], [ 1666957.253825414925814, 5038247.785441361367702 ], [ 1666957.259769568685442, 5038247.764096444472671 ], [ 1666957.265748385805637, 5038247.742627056315541 ], [ 1666957.270801474805921, 5038247.724481873214245 ], [ 1666957.275987859349698, 5038247.70585803873837 ], [ 1666957.279601103626192, 5038247.692883206531405 ], [ 1666957.283214347902685, 5038247.679908374324441 ], [ 1666957.29009894374758, 5038247.655186416581273 ], [ 1666957.297417181078345, 5038247.628907291218638 ], [ 1666957.301923241931945, 5038247.612726435065269 ], [ 1666957.30479167914018, 5038247.602426137775183 ], [ 1666957.307132130488753, 5038247.59402179159224 ], [ 1666957.309472581371665, 5038247.585617443546653 ], [ 1666957.31068868143484, 5038247.581250540912151 ], [ 1666957.313312167767435, 5038247.571829838678241 ], [ 1666957.317151754163206, 5038247.558042233809829 ], [ 1666957.324670799076557, 5038247.531042026355863 ], [ 1666957.328949219547212, 5038247.515678606927395 ], [ 1666957.333835257682949, 5038247.498133288696408 ], [ 1666957.33567628543824, 5038247.491522325202823 ], [ 1666957.33908223034814, 5038247.479291886091232 ], [ 1666957.340727643575519, 5038247.473383357748389 ], [ 1666957.342403351329267, 5038247.467366043478251 ], [ 1666957.34414916858077, 5038247.461096974089742 ], [ 1666957.345894985366613, 5038247.454827902838588 ], [ 1666957.352011837530881, 5038247.432862842455506 ], [ 1666957.430395462084562, 5038247.151394372805953 ], [ 1666957.521709156222641, 5038246.823495198041201 ], [ 1666957.622586831450462, 5038246.461252637207508 ], [ 1666958.148475558962673, 5038244.572834024205804 ], [ 1666958.241221989504993, 5038244.239790024235845 ], [ 1666958.263643385376781, 5038244.159276830032468 ], [ 1666958.278426621109247, 5038244.106191573664546 ], [ 1666958.308402446098626, 5038243.998551111668348 ], [ 1666958.319715482648462, 5038243.957927025854588 ], [ 1666958.32092994498089, 5038243.937889646738768 ], [ 1666958.343606829177588, 5038243.872135372832417 ], [ 1666958.391184845473617, 5038243.701287042349577 ], [ 1666966.380448911804706, 5038215.012566076591611 ], [ 1666970.408572159241885, 5038200.547941686585546 ], [ 1666978.330930806230754, 5038172.099472001194954 ], [ 1666982.202805573120713, 5038158.195921702310443 ], [ 1666994.766720849554986, 5038152.243489261716604 ], [ 1667007.338222239632159, 5038146.289671702310443 ], [ 1667054.963222239632159, 5038159.518838368356228 ], [ 1667118.463222240097821, 5038191.268838368356228 ], [ 1667172.702805573586375, 5038212.435505036264658 ], [ 1667198.591839392669499, 5038211.258730771020055 ], [ 1667201.806972240097821, 5038211.112588368356228 ], [ 1667220.327805573120713, 5038206.482380036264658 ], [ 1667238.848638906609267, 5038201.852171702310443 ], [ 1667263.322597240097821, 5038200.529255036264658 ], [ 1667287.796555573120713, 5038199.206338370218873 ], [ 1667304.994472240097821, 5038163.487588370218873 ], [ 1667267.952805573586375, 5038152.904255036264658 ], [ 1667256.833368635736406, 5038144.887916779145598 ], [ 1667239.510097240097821, 5038132.399046704173088 ], [ 1667211.067388906609267, 5038111.893838370218873 ], [ 1667174.025722240097821, 5038057.654255036264658 ], [ 1667152.528326406609267, 5038034.172484202310443 ], [ 1667131.030930573120713, 5038010.690713370218873 ], [ 1667109.533534739632159, 5037987.208942536264658 ], [ 1667088.036138906609267, 5037963.727171702310443 ], [ 1667054.963222239632159, 5037920.070921702310443 ], [ 1667038.426763906609267, 5037898.242796702310443 ], [ 1667021.890305573120713, 5037876.414671702310443 ], [ 1667017.921555573120713, 5037835.404255036264658 ], [ 1666753.21999978274107, 5037845.110004756599665 ], [ 1666718.047961146570742, 5037830.34190727584064 ], [ 1666724.006864659953862, 5037756.848763944581151 ], [ 1666733.938370515592396, 5037697.259728811681271 ], [ 1666737.910972857382149, 5037641.643296020105481 ], [ 1666741.883575199637562, 5037601.917272599413991 ], [ 1666729.965768173336983, 5037534.383032780140638 ], [ 1666727.979467002209276, 5037488.698105845600367 ], [ 1666724.006864659953862, 5037460.889889450743794 ], [ 1666731.952069344464689, 5037433.081673054024577 ], [ 1666729.965768173336983, 5037409.246059000492096 ], [ 1666722.020563488826156, 5037367.533734407275915 ], [ 1666633.532825392205268, 5037364.168083367869258 ], [ 1666527.195800931658596, 5037359.22836465574801 ] ] ] ] } }
]
}
