{
"type": "FeatureCollection",
"name": "Campania",
"crs": { "type": "name", "properties": { "name": "urn:ogc:def:crs:OGC:1.3:CRS84" } },
"features": [
{ "type": "Feature", "properties": { "Name": null, "description": null, "timestamp": null, "begin": null, "end": null, "altitudeMode": null, "tessellate": -1, "extrude": 0, "visibility": -1, "drawOrder": null, "icon": null, "cartodb_id": 5, "ccn_1": 0.0, "id_1": 5.0, "id_0": 112.0, "varname_1": "Campanha|Campanie|Kampanien", "nl_name_1": null, "engtype_1": "Region", "type_1": "Regione", "cca_1": "15", "hasc_1": null, "name_1": "Campania", "name_0": "Italy", "iso": "ITA" }, "geometry": { "type": "MultiPolygon", "coordinates": [ [ [ [ 14.252638816833599, 40.5415267944337 ], [ 14.252638816833599, 40.540695190429702 ], [ 14.252917289733899, 40.540695190429702 ], [ 14.252917289733899, 40.541248321533097 ], [ 14.2534732818604, 40.541248321533097 ], [ 14.2534713745118, 40.540699005126903 ], [ 14.2537488937379, 40.540695190429702 ], [ 14.2537488937379, 40.540420532226598 ], [ 14.2540292739869, 40.540416717529403 ], [ 14.254027366638301, 40.540138244628999 ], [ 14.2534713745118, 40.5401420593262 ], [ 14.2534713745118, 40.539859771728601 ], [ 14.2537488937379, 40.539859771728601 ], [ 14.2537488937379, 40.539310455322401 ], [ 14.2534713745118, 40.539310455322401 ], [ 14.2534713745118, 40.539031982422003 ], [ 14.25319480896, 40.539028167724602 ], [ 14.253190994262701, 40.538749694824297 ], [ 14.2518091201782, 40.538749694824297 ], [ 14.251807212829601, 40.539310455322401 ], [ 14.2515268325806, 40.539306640625 ], [ 14.2515268325806, 40.541248321533097 ], [ 14.251805305481, 40.541248321533097 ], [ 14.251805305481, 40.541805267334098 ], [ 14.2523612976075, 40.541805267334098 ], [ 14.2523612976075, 40.541530609130902 ], [ 14.252638816833599, 40.5415267944337 ] ] ], [ [ [ 14.212918281555201, 40.562915802002003 ], [ 14.212916374206699, 40.562637329101598 ], [ 14.2145795822144, 40.562637329101598 ], [ 14.2145795822144, 40.5623588562012 ], [ 14.215415954589799, 40.562362670898402 ], [ 14.215415954589799, 40.562084197997997 ], [ 14.215694427490201, 40.562084197997997 ], [ 14.215694427490201, 40.561809539795 ], [ 14.216250419616699, 40.561805725097699 ], [ 14.216250419616699, 40.561531066894602 ], [ 14.2165279388428, 40.561527252197301 ], [ 14.2165279388428, 40.561248779296903 ], [ 14.217363357543899, 40.561248779296903 ], [ 14.2173595428468, 40.560970306396499 ], [ 14.219029426574799, 40.560974121093899 ], [ 14.219029426574799, 40.560695648193501 ], [ 14.2201385498046, 40.560695648193501 ], [ 14.2201385498046, 40.560417175292898 ], [ 14.2212476730347, 40.560417175292898 ], [ 14.2212476730347, 40.5601387023925 ], [ 14.221804618835501, 40.5601387023925 ], [ 14.221804618835501, 40.560829162597699 ], [ 14.221804618835501, 40.560974121093899 ], [ 14.222639083862401, 40.560974121093899 ], [ 14.222639083862401, 40.560695648193501 ], [ 14.2243051528932, 40.560695648193501 ], [ 14.2243051528932, 40.560417175292898 ], [ 14.225690841674901, 40.560417175292898 ], [ 14.2256946563722, 40.559860229492202 ], [ 14.226804733276399, 40.559860229492202 ], [ 14.226804733276399, 40.5593070983887 ], [ 14.2276391983032, 40.559333801269503 ], [ 14.2276391983032, 40.559581756591797 ], [ 14.2281913757325, 40.559581756591797 ], [ 14.2281951904297, 40.559310913085902 ], [ 14.2290267944337, 40.5593070983887 ], [ 14.2290267944337, 40.559581756591797 ], [ 14.229305267334, 40.559581756591797 ], [ 14.229305267334, 40.559860229492202 ], [ 14.229861259460501, 40.559860229492202 ], [ 14.229861259460501, 40.5601387023925 ], [ 14.2301387786866, 40.5601387023925 ], [ 14.2301387786866, 40.560417175292898 ], [ 14.231804847717299, 40.560417175292898 ], [ 14.2318077087403, 40.5601387023925 ], [ 14.232083320617599, 40.5601387023925 ], [ 14.232083320617599, 40.559860229492202 ], [ 14.232358932495099, 40.559860229492202 ], [ 14.232358932495099, 40.559581756591797 ], [ 14.232917785644499, 40.559581756591797 ], [ 14.232917785644499, 40.5593070983887 ], [ 14.2331905364991, 40.5593070983887 ], [ 14.2331905364991, 40.559028625488402 ], [ 14.2356910705566, 40.559028625488402 ], [ 14.2356939315797, 40.558750152587997 ], [ 14.235968589782701, 40.558750152587997 ], [ 14.235968589782701, 40.558471679687599 ], [ 14.2362499237062, 40.558471679687599 ], [ 14.2362499237062, 40.558189392089801 ], [ 14.2365283966066, 40.558193206787202 ], [ 14.2365283966066, 40.557918548583999 ], [ 14.237084388733001, 40.557918548583999 ], [ 14.237084388733001, 40.5576400756837 ], [ 14.237640380859499, 40.5576400756837 ], [ 14.2376384735107, 40.557361602783303 ], [ 14.2379179000856, 40.557361602783303 ], [ 14.2379179000856, 40.557083129882898 ], [ 14.2387504577637, 40.557083129882898 ], [ 14.2387504577637, 40.557361602783303 ], [ 14.2390279769897, 40.557361602783303 ], [ 14.2390279769897, 40.5576400756837 ], [ 14.239582061767599, 40.5576400756837 ], [ 14.239582061767599, 40.557918548583999 ], [ 14.240415573120201, 40.557918548583999 ], [ 14.240415573120201, 40.558193206787202 ], [ 14.242637634277299, 40.558193206787202 ], [ 14.242637634277299, 40.557918548583999 ], [ 14.2431936264038, 40.557918548583999 ], [ 14.2431936264038, 40.557083129882898 ], [ 14.2434701919556, 40.557079315185497 ], [ 14.2434720993041, 40.5568046569825 ], [ 14.244859695434601, 40.556808471679702 ], [ 14.244859695434601, 40.557083129882898 ], [ 14.245138168335, 40.557083129882898 ], [ 14.245138168335, 40.557361602783303 ], [ 14.245415687561101, 40.557361602783303 ], [ 14.245415687561101, 40.5576400756837 ], [ 14.2462511062622, 40.5576400756837 ], [ 14.2462511062622, 40.557361602783303 ], [ 14.246804237365801, 40.557361602783303 ], [ 14.2468070983887, 40.557083129882898 ], [ 14.247084617614799, 40.557083129882898 ], [ 14.247084617614799, 40.5570068359375 ], [ 14.247084617614799, 40.556526184082102 ], [ 14.247919082641699, 40.556529998779297 ], [ 14.247919082641699, 40.556251525878899 ], [ 14.2487506866456, 40.556251525878899 ], [ 14.2487506866456, 40.556526184082102 ], [ 14.249306678772101, 40.556529998779297 ], [ 14.249306678772101, 40.556251525878899 ], [ 14.2523612976075, 40.556251525878899 ], [ 14.2523612976075, 40.556526184082102 ], [ 14.2534732818604, 40.556526184082102 ], [ 14.2534732818604, 40.5568046569825 ], [ 14.2543048858644, 40.5568046569825 ], [ 14.2543048858644, 40.557083129882898 ], [ 14.254581451416, 40.557083129882898 ], [ 14.254583358764799, 40.5576400756837 ], [ 14.2543048858644, 40.5576400756837 ], [ 14.2543048858644, 40.557918548583999 ], [ 14.2548608779907, 40.557918548583999 ], [ 14.2548608779907, 40.558471679687599 ], [ 14.254583358764799, 40.558471679687599 ], [ 14.254583358764799, 40.5588188171387 ], [ 14.254583358764799, 40.559028625488402 ], [ 14.2548608779907, 40.559028625488402 ], [ 14.2548608779907, 40.559581756591797 ], [ 14.2551393508912, 40.559581756591797 ], [ 14.2551393508912, 40.559860229492202 ], [ 14.2560691833497, 40.559860229492202 ], [ 14.256251335144, 40.559860229492202 ], [ 14.256251335144, 40.559986114502003 ], [ 14.256251335144, 40.5601387023925 ], [ 14.256487846374499, 40.5601387023925 ], [ 14.2568054199219, 40.5601387023925 ], [ 14.256807327270501, 40.560340881347699 ], [ 14.256808280944901, 40.560417175292898 ], [ 14.2569255828857, 40.560417175292898 ], [ 14.257361412048301, 40.560420989990298 ], [ 14.257361412048301, 40.560695648193501 ], [ 14.258193016052299, 40.560695648193501 ], [ 14.258193016052299, 40.560974121093899 ], [ 14.2587490081788, 40.560974121093899 ], [ 14.2587490081788, 40.561248779296903 ], [ 14.2593050003053, 40.561248779296903 ], [ 14.2593050003053, 40.561527252197301 ], [ 14.2604179382325, 40.561527252197301 ], [ 14.2604179382325, 40.561805725097699 ], [ 14.261528015136699, 40.561805725097699 ], [ 14.261528015136699, 40.561527252197301 ], [ 14.2612495422363, 40.561531066894602 ], [ 14.2612495422363, 40.560699462890703 ], [ 14.260972023010201, 40.560699462890703 ], [ 14.260972023010201, 40.559860229492202 ], [ 14.2612495422363, 40.559860229492202 ], [ 14.2612495422363, 40.559581756591797 ], [ 14.261529922485501, 40.559581756591797 ], [ 14.261528015136699, 40.5593070983887 ], [ 14.2618055343628, 40.5593070983887 ], [ 14.2618055343628, 40.559581756591797 ], [ 14.2626399993896, 40.559581756591797 ], [ 14.2626399993896, 40.5601387023925 ], [ 14.2623596191407, 40.5601387023925 ], [ 14.2623596191407, 40.560417175292898 ], [ 14.2626399993896, 40.560417175292898 ], [ 14.2626399993896, 40.560974121093899 ], [ 14.262915611267101, 40.560974121093899 ], [ 14.262915611267101, 40.560695648193501 ], [ 14.263471603393601, 40.560695648193501 ], [ 14.263471603393601, 40.5601387023925 ], [ 14.264027595520099, 40.5601387023925 ], [ 14.264027595520099, 40.559581756591797 ], [ 14.264306068420501, 40.559581756591797 ], [ 14.264306068420501, 40.559310913085902 ], [ 14.264027595520099, 40.5593070983887 ], [ 14.264027595520099, 40.559028625488402 ], [ 14.264306068420501, 40.559028625488402 ], [ 14.264307975769, 40.557918548583999 ], [ 14.2645835876465, 40.557918548583999 ], [ 14.264581680298001, 40.557361602783303 ], [ 14.264306068420501, 40.557361602783303 ], [ 14.264306068420501, 40.557083129882898 ], [ 14.264027595520099, 40.557083129882898 ], [ 14.264027595520099, 40.556526184082102 ], [ 14.2656917572021, 40.556526184082102 ], [ 14.2656917572021, 40.556251525878899 ], [ 14.266249656677401, 40.556251525878899 ], [ 14.266249656677401, 40.555973052978501 ], [ 14.2659721374513, 40.555973052978501 ], [ 14.2659721374513, 40.555416107177699 ], [ 14.2656936645509, 40.555416107177699 ], [ 14.2656917572021, 40.555141448974702 ], [ 14.265419960021999, 40.555137634277301 ], [ 14.2654180526734, 40.554584503173899 ], [ 14.2645835876465, 40.554584503173899 ], [ 14.2645835876465, 40.553470611572301 ], [ 14.263750076294, 40.553470611572301 ], [ 14.263750076294, 40.553749084472599 ], [ 14.262915611267101, 40.553749084472599 ], [ 14.262915611267101, 40.553195953369197 ], [ 14.2626399993896, 40.553195953369197 ], [ 14.2626399993896, 40.552921295166001 ], [ 14.2623596191407, 40.552921295166001 ], [ 14.2623596191407, 40.552639007568501 ], [ 14.2620811462403, 40.552639007568501 ], [ 14.2620811462403, 40.552360534668097 ], [ 14.2618055343628, 40.552360534668097 ], [ 14.2618055343628, 40.552082061767699 ], [ 14.260972023010201, 40.552082061767699 ], [ 14.260972023010201, 40.551528930664098 ], [ 14.260140419006399, 40.551528930664098 ], [ 14.260140419006399, 40.5512504577637 ], [ 14.259584426879901, 40.5512504577637 ], [ 14.259580612182599, 40.550971984863303 ], [ 14.2593050003053, 40.550971984863303 ], [ 14.2593050003053, 40.550415039062599 ], [ 14.259026527404901, 40.550415039062599 ], [ 14.259026527404901, 40.550140380859403 ], [ 14.2584705352784, 40.550140380859403 ], [ 14.2584705352784, 40.549583435058601 ], [ 14.257917404174799, 40.549583435058601 ], [ 14.257917404174799, 40.549026489257798 ], [ 14.2584705352784, 40.549026489257798 ], [ 14.2584705352784, 40.548469543457003 ], [ 14.259026527404901, 40.548473358154403 ], [ 14.259026527404901, 40.547637939453097 ], [ 14.2593078613282, 40.547637939453097 ], [ 14.2593050003053, 40.547359466552699 ], [ 14.259584426879901, 40.547359466552699 ], [ 14.2595834732057, 40.547245025634801 ], [ 14.259580612182599, 40.546810150146499 ], [ 14.2593078613282, 40.546806335449297 ], [ 14.2593050003053, 40.546527862548899 ], [ 14.259584426879901, 40.546527862548899 ], [ 14.259580612182599, 40.546249389648501 ], [ 14.2584705352784, 40.546249389648501 ], [ 14.2584705352784, 40.545970916748203 ], [ 14.2580308914185, 40.545970916748203 ], [ 14.257917404174799, 40.545970916748203 ], [ 14.257917404174799, 40.5458793640137 ], [ 14.257917404174799, 40.545696258544901 ], [ 14.257698059081999, 40.545696258544901 ], [ 14.2570810317994, 40.545700073242301 ], [ 14.2570810317994, 40.545421600341903 ], [ 14.256808280944901, 40.545417785644503 ], [ 14.2568054199219, 40.545139312744197 ], [ 14.255690574646099, 40.545139312744197 ], [ 14.255690574646099, 40.5448608398438 ], [ 14.2548608779907, 40.5448608398438 ], [ 14.2548608779907, 40.544582366943402 ], [ 14.2543048858644, 40.544582366943402 ], [ 14.2543048858644, 40.544303894042997 ], [ 14.2537488937379, 40.544303894042997 ], [ 14.2537488937379, 40.544029235839801 ], [ 14.253190994262701, 40.544029235839801 ], [ 14.253190994262701, 40.543750762939503 ], [ 14.2534713745118, 40.543750762939503 ], [ 14.2534713745118, 40.543472290039098 ], [ 14.252917289733899, 40.543472290039098 ], [ 14.252917289733899, 40.5431938171387 ], [ 14.25319480896, 40.5431938171387 ], [ 14.253193855285801, 40.542869567871001 ], [ 14.253190994262701, 40.542083740234503 ], [ 14.252917289733899, 40.542083740234503 ], [ 14.2529191970825, 40.542362213134901 ], [ 14.2523612976075, 40.542362213134901 ], [ 14.2523612976075, 40.542915344238303 ], [ 14.252082824707101, 40.542919158935703 ], [ 14.252082824707101, 40.5431938171387 ], [ 14.2515268325806, 40.5431938171387 ], [ 14.251528739929199, 40.543468475341903 ], [ 14.250970840454199, 40.543472290039098 ], [ 14.250970840454199, 40.543750762939503 ], [ 14.250695228576699, 40.543750762939503 ], [ 14.250695228576699, 40.544303894042997 ], [ 14.2495832443237, 40.544303894042997 ], [ 14.2495832443237, 40.544582366943402 ], [ 14.2487506866456, 40.544582366943402 ], [ 14.2487506866456, 40.5448608398438 ], [ 14.249029159546, 40.5448608398438 ], [ 14.249029159546, 40.545139312744197 ], [ 14.2487506866456, 40.545139312744197 ], [ 14.2487506866456, 40.545421600341903 ], [ 14.248194694519199, 40.545421600341903 ], [ 14.248191833496101, 40.545696258544901 ], [ 14.247917175293001, 40.545696258544901 ], [ 14.247917175293001, 40.545970916748203 ], [ 14.247638702392701, 40.545970916748203 ], [ 14.247638702392701, 40.546249389648501 ], [ 14.246804237365801, 40.546249389648501 ], [ 14.246804237365801, 40.545970916748203 ], [ 14.2462511062622, 40.545970916748203 ], [ 14.2462511062622, 40.546249389648501 ], [ 14.2456941604615, 40.546249389648501 ], [ 14.2456922531128, 40.546527862548899 ], [ 14.245141029357899, 40.546531677246101 ], [ 14.245141029357899, 40.546810150146499 ], [ 14.244859695434601, 40.546806335449297 ], [ 14.244859695434601, 40.547084808349702 ], [ 14.244305610656699, 40.547084808349702 ], [ 14.244305610656699, 40.546527862548899 ], [ 14.2420797348022, 40.546531677246101 ], [ 14.2420797348022, 40.546249389648501 ], [ 14.2418060302735, 40.546249389648501 ], [ 14.2418060302735, 40.545970916748203 ], [ 14.2415275573731, 40.545970916748203 ], [ 14.2415275573731, 40.545417785644503 ], [ 14.2409715652466, 40.545421600341903 ], [ 14.2409715652466, 40.545970916748203 ], [ 14.240415573120201, 40.545970916748203 ], [ 14.240415573120201, 40.545696258544901 ], [ 14.2384700775147, 40.545700073242301 ], [ 14.2384700775147, 40.545421600341903 ], [ 14.2381916046143, 40.545421600341903 ], [ 14.2381916046143, 40.545139312744197 ], [ 14.2379179000856, 40.545139312744197 ], [ 14.2379179000856, 40.5448608398438 ], [ 14.2373600006104, 40.5448608398438 ], [ 14.2373600006104, 40.545139312744197 ], [ 14.2362499237062, 40.545139312744197 ], [ 14.2362499237062, 40.5448608398438 ], [ 14.23597240448, 40.5448608398438 ], [ 14.235968589782701, 40.544582366943402 ], [ 14.235695838928301, 40.544582366943402 ], [ 14.2356939315797, 40.5448608398438 ], [ 14.2351398468018, 40.5448608398438 ], [ 14.2351398468018, 40.544582366943402 ], [ 14.2348594665528, 40.544582366943402 ], [ 14.2348623275757, 40.5448608398438 ], [ 14.234306335449199, 40.5448608398438 ], [ 14.234306335449199, 40.544582366943402 ], [ 14.2329301834107, 40.544582366943402 ], [ 14.232361793518001, 40.544582366943402 ], [ 14.232361793518001, 40.544029235839801 ], [ 14.2321453094482, 40.544029235839801 ], [ 14.231804847717299, 40.544029235839801 ], [ 14.231804847717299, 40.543472290039098 ], [ 14.232058525085399, 40.543472290039098 ], [ 14.232083320617599, 40.543060302734297 ], [ 14.232083320617599, 40.542915344238303 ], [ 14.2319726943969, 40.542915344238303 ], [ 14.2315273284912, 40.542915344238303 ], [ 14.2315273284912, 40.542732238769503 ], [ 14.2315273284912, 40.542362213134901 ], [ 14.231248855590801, 40.542362213134901 ], [ 14.231248855590801, 40.542083740234503 ], [ 14.230417251586999, 40.542083740234503 ], [ 14.230417251586999, 40.541805267334098 ], [ 14.228749275207599, 40.5418090820313 ], [ 14.228749275207599, 40.540973663330099 ], [ 14.2284708023072, 40.540973663330099 ], [ 14.2284708023072, 40.541248321533097 ], [ 14.228193283081101, 40.541252136230497 ], [ 14.2281913757325, 40.541805267334098 ], [ 14.2273588180543, 40.5418090820313 ], [ 14.2273588180543, 40.541252136230497 ], [ 14.226529121399, 40.541248321533097 ], [ 14.226529121399, 40.540973663330099 ], [ 14.2256946563722, 40.540973663330099 ], [ 14.2256946563722, 40.540695190429702 ], [ 14.225417137146099, 40.540695190429702 ], [ 14.225417137146099, 40.539859771728601 ], [ 14.2251386642457, 40.539859771728601 ], [ 14.2251386642457, 40.539588928222798 ], [ 14.2245826721193, 40.539588928222798 ], [ 14.2245826721193, 40.539310455322401 ], [ 14.224861145019601, 40.539306640625 ], [ 14.224861145019601, 40.539031982422003 ], [ 14.2245826721193, 40.539031982422003 ], [ 14.224580764770501, 40.538749694824297 ], [ 14.2229194641113, 40.538749694824297 ], [ 14.2229194641113, 40.539310455322401 ], [ 14.222639083862401, 40.539310455322401 ], [ 14.222639083862401, 40.539588928222798 ], [ 14.222360610961999, 40.539588928222798 ], [ 14.222360610961999, 40.539031982422003 ], [ 14.222083091735801, 40.539031982422003 ], [ 14.222080230713001, 40.539306640625 ], [ 14.221529006958001, 40.539306640625 ], [ 14.221529006958001, 40.539859771728601 ], [ 14.2201385498046, 40.539859771728601 ], [ 14.2201385498046, 40.539585113525398 ], [ 14.2198600769043, 40.539588928222798 ], [ 14.2198600769043, 40.539859771728601 ], [ 14.2184715270997, 40.539859771728601 ], [ 14.2184715270997, 40.540138244628999 ], [ 14.217919349670399, 40.5401420593262 ], [ 14.217919349670399, 40.540420532226598 ], [ 14.217080116272101, 40.540420532226598 ], [ 14.217080116272101, 40.5401420593262 ], [ 14.2168064117432, 40.540138244628999 ], [ 14.216809272766101, 40.540420532226598 ], [ 14.215694427490201, 40.540416717529403 ], [ 14.215694427490201, 40.540138244628999 ], [ 14.215140342712299, 40.5401420593262 ], [ 14.215140342712299, 40.540420532226598 ], [ 14.214028358459601, 40.540416717529403 ], [ 14.214028358459601, 40.5401840209962 ], [ 14.2137365341187, 40.540138244628999 ], [ 14.2120838165284, 40.540138244628999 ], [ 14.212081909179799, 40.539886474609403 ], [ 14.212080001831, 40.539588928222798 ], [ 14.211250305175801, 40.539585113525398 ], [ 14.211250305175801, 40.539031982422003 ], [ 14.2109699249269, 40.539031982422003 ], [ 14.2109699249269, 40.538471221923899 ], [ 14.209861755371101, 40.538471221923899 ], [ 14.209861755371101, 40.538749694824297 ], [ 14.2093057632446, 40.538749694824297 ], [ 14.2093057632446, 40.538192749023501 ], [ 14.2087497711182, 40.538192749023501 ], [ 14.2087497711182, 40.538471221923899 ], [ 14.207359313964799, 40.538471221923899 ], [ 14.207359313964799, 40.538192749023501 ], [ 14.2070837020875, 40.538192749023501 ], [ 14.2070837020875, 40.537918090820298 ], [ 14.2062492370607, 40.537918090820298 ], [ 14.2062492370607, 40.538192749023501 ], [ 14.2059736251832, 40.538192749023501 ], [ 14.2059736251832, 40.537918090820298 ], [ 14.204304695129499, 40.537918090820298 ], [ 14.204304695129499, 40.537361145019503 ], [ 14.203748703002899, 40.537361145019503 ], [ 14.203748703002899, 40.537082672119098 ], [ 14.202917098999, 40.537082672119098 ], [ 14.202917098999, 40.5368041992187 ], [ 14.2015266418456, 40.5368041992187 ], [ 14.2015266418456, 40.536251068115298 ], [ 14.2012491226197, 40.536251068115298 ], [ 14.2012491226197, 40.535972595215 ], [ 14.2009725570679, 40.535972595215 ], [ 14.2009725570679, 40.535694122314602 ], [ 14.199860572815, 40.535694122314602 ], [ 14.199860572815, 40.535415649414198 ], [ 14.198748588562101, 40.535419464111399 ], [ 14.198748588562101, 40.535140991211001 ], [ 14.1981925964356, 40.535140991211001 ], [ 14.1981925964356, 40.535415649414198 ], [ 14.197639465331999, 40.535415649414198 ], [ 14.197639465331999, 40.535690307617202 ], [ 14.1973609924316, 40.535694122314602 ], [ 14.1973609924316, 40.536529541015703 ], [ 14.197639465331999, 40.536529541015703 ], [ 14.197639465331999, 40.5368041992187 ], [ 14.1981925964356, 40.5368041992187 ], [ 14.1981925964356, 40.540416717529403 ], [ 14.1973609924316, 40.540420532226598 ], [ 14.1973609924316, 40.540695190429702 ], [ 14.196526527404799, 40.540695190429702 ], [ 14.1965293884278, 40.540969848632798 ], [ 14.1956930160522, 40.540973663330099 ], [ 14.1956930160522, 40.542640686035298 ], [ 14.195973396301399, 40.542640686035298 ], [ 14.195973396301399, 40.5431938171387 ], [ 14.196526527404799, 40.5431938171387 ], [ 14.196526527404799, 40.543472290039098 ], [ 14.197080612182701, 40.543472290039098 ], [ 14.197083473205501, 40.543750762939503 ], [ 14.1973609924316, 40.543750762939503 ], [ 14.1973609924316, 40.544029235839801 ], [ 14.197639465331999, 40.544029235839801 ], [ 14.197639465331999, 40.544582366943402 ], [ 14.1979169845581, 40.544582366943402 ], [ 14.1979169845581, 40.545970916748203 ], [ 14.197639465331999, 40.545970916748203 ], [ 14.197639465331999, 40.547080993652301 ], [ 14.1973609924316, 40.547084808349702 ], [ 14.1973609924316, 40.547637939453097 ], [ 14.197083473205501, 40.547641754150398 ], [ 14.197080612182701, 40.548194885253999 ], [ 14.196806907653899, 40.548194885253999 ], [ 14.196806907653899, 40.548473358154403 ], [ 14.196526527404799, 40.548473358154403 ], [ 14.196531295776399, 40.549304962158203 ], [ 14.196806907653899, 40.549308776855597 ], [ 14.196806907653899, 40.549583435058601 ], [ 14.197080612182701, 40.549583435058601 ], [ 14.197083473205501, 40.549861907958999 ], [ 14.1973609924316, 40.549861907958999 ], [ 14.1973609924316, 40.550140380859403 ], [ 14.1976985931397, 40.550140380859403 ], [ 14.1979169845581, 40.550140380859403 ], [ 14.1979169845581, 40.550415039062599 ], [ 14.1990270614625, 40.550415039062599 ], [ 14.1990270614625, 40.550693511962898 ], [ 14.1995811462403, 40.550693511962898 ], [ 14.199583053588899, 40.550971984863303 ], [ 14.2001390457154, 40.550971984863303 ], [ 14.2001390457154, 40.5512504577637 ], [ 14.200693130493301, 40.5512504577637 ], [ 14.200693130493301, 40.551528930664098 ], [ 14.2012491226197, 40.551528930664098 ], [ 14.2012491226197, 40.552639007568501 ], [ 14.200693130493301, 40.552639007568501 ], [ 14.200693130493301, 40.5529174804688 ], [ 14.2004194259644, 40.552921295166001 ], [ 14.2004194259644, 40.553199768066399 ], [ 14.2001390457154, 40.553195953369197 ], [ 14.2001390457154, 40.553470611572301 ], [ 14.1993045806885, 40.553470611572301 ], [ 14.199310302734499, 40.553749084472599 ], [ 14.198471069336, 40.553749084472599 ], [ 14.198471069336, 40.554027557372997 ], [ 14.1981668472291, 40.554027557372997 ], [ 14.197639465331999, 40.554027557372997 ], [ 14.197639465331999, 40.555973052978501 ], [ 14.1979169845581, 40.555973052978501 ], [ 14.1979169845581, 40.559028625488402 ], [ 14.1981925964356, 40.559028625488402 ], [ 14.1981954574585, 40.559581756591797 ], [ 14.198471069336, 40.559581756591797 ], [ 14.198471069336, 40.560417175292898 ], [ 14.198748588562101, 40.560417175292898 ], [ 14.198748588562101, 40.560974121093899 ], [ 14.1990270614625, 40.560974121093899 ], [ 14.1990270614625, 40.561248779296903 ], [ 14.199753761291401, 40.561248779296903 ], [ 14.2012491226197, 40.561248779296903 ], [ 14.2012491226197, 40.561527252197301 ], [ 14.2070837020875, 40.561527252197301 ], [ 14.207080841064499, 40.561805725097699 ], [ 14.2090282440185, 40.561805725097699 ], [ 14.2090282440185, 40.562084197997997 ], [ 14.2101402282715, 40.562084197997997 ], [ 14.2101402282715, 40.562362670898402 ], [ 14.2109699249269, 40.562362670898402 ], [ 14.2109699249269, 40.562637329101598 ], [ 14.212081909179799, 40.5626411437988 ], [ 14.212081909179799, 40.562915802002003 ], [ 14.212918281555201, 40.562915802002003 ] ] ], [ [ [ 14.430137634277299, 40.582637786865199 ], [ 14.430137634277299, 40.582359313964801 ], [ 14.430416107177701, 40.582359313964801 ], [ 14.430416107177701, 40.582084655761797 ], [ 14.4306936264038, 40.582084655761797 ], [ 14.4306936264038, 40.581806182861399 ], [ 14.4309701919556, 40.581806182861399 ], [ 14.4309701919556, 40.579029083252003 ], [ 14.4306898117066, 40.579029083252003 ], [ 14.4306898117066, 40.578750610351598 ], [ 14.4293060302735, 40.578750610351598 ], [ 14.429307937622101, 40.579029083252003 ], [ 14.428750038146999, 40.579029083252003 ], [ 14.428750038146999, 40.579299926757798 ], [ 14.4284696578981, 40.579303741455099 ], [ 14.4284696578981, 40.579582214355497 ], [ 14.4281940460206, 40.579582214355497 ], [ 14.4281940460206, 40.5801391601563 ], [ 14.427915573120201, 40.5801391601563 ], [ 14.427915573120201, 40.580970764160298 ], [ 14.428192138671999, 40.580970764160298 ], [ 14.4281940460206, 40.581249237060703 ], [ 14.427915573120201, 40.581249237060703 ], [ 14.427915573120201, 40.581806182861399 ], [ 14.4281940460206, 40.581806182861399 ], [ 14.4281940460206, 40.582084655761797 ], [ 14.4284696578981, 40.582084655761797 ], [ 14.4284715652466, 40.582359313964801 ], [ 14.428750038146999, 40.582359313964801 ], [ 14.428750038146999, 40.582080841064503 ], [ 14.4290275573732, 40.582084655761797 ], [ 14.4290275573732, 40.582359313964801 ], [ 14.4293060302735, 40.582359313964801 ], [ 14.4293060302735, 40.582637786865199 ], [ 14.430137634277299, 40.582637786865199 ] ] ], [ [ [ 14.434304237365801, 40.583469390869098 ], [ 14.434304237365801, 40.583194732666101 ], [ 14.434860229492299, 40.583194732666101 ], [ 14.434860229492299, 40.582916259765703 ], [ 14.435138702392701, 40.582916259765703 ], [ 14.435138702392701, 40.582637786865199 ], [ 14.4356899261475, 40.582637786865199 ], [ 14.435694694519199, 40.582359313964801 ], [ 14.4359703063965, 40.582359313964801 ], [ 14.4359703063965, 40.582080841064503 ], [ 14.4362506866456, 40.582084655761797 ], [ 14.4362506866456, 40.581806182861399 ], [ 14.436529159546, 40.581806182861399 ], [ 14.436529159546, 40.581527709961001 ], [ 14.436806678772101, 40.581527709961001 ], [ 14.436806678772101, 40.580417633056598 ], [ 14.436529159546, 40.580417633056598 ], [ 14.436529159546, 40.5801391601563 ], [ 14.4362506866456, 40.5801391601563 ], [ 14.4362506866456, 40.579860687255902 ], [ 14.4359703063965, 40.579860687255902 ], [ 14.4359703063965, 40.5801391601563 ], [ 14.435694694519199, 40.5801391601563 ], [ 14.435691833496101, 40.580417633056598 ], [ 14.435419082641699, 40.580421447753999 ], [ 14.435419082641699, 40.580699920654403 ], [ 14.435138702392701, 40.580696105957003 ], [ 14.435138702392701, 40.580970764160298 ], [ 14.4345817565919, 40.580970764160298 ], [ 14.434584617614799, 40.581249237060703 ], [ 14.434309005737299, 40.581249237060703 ], [ 14.434309005737299, 40.581531524658203 ], [ 14.4337511062622, 40.581531524658203 ], [ 14.4337511062622, 40.581809997558601 ], [ 14.432915687561101, 40.581806182861399 ], [ 14.432915687561101, 40.582084655761797 ], [ 14.432638168335, 40.582084655761797 ], [ 14.432641029357899, 40.582359313964801 ], [ 14.432359695434601, 40.582359313964801 ], [ 14.432359695434601, 40.583473205566499 ], [ 14.432638168335, 40.583473205566499 ], [ 14.432638168335, 40.583751678466903 ], [ 14.4337511062622, 40.583751678466903 ], [ 14.4337511062622, 40.583473205566499 ], [ 14.434304237365801, 40.583469390869098 ] ] ], [ [ [ 14.3962497711182, 40.584304809570298 ], [ 14.3962497711182, 40.584026336669901 ], [ 14.3973598480225, 40.584026336669901 ], [ 14.3973598480225, 40.583751678466903 ], [ 14.3976402282715, 40.583751678466903 ], [ 14.3976402282715, 40.583473205566499 ], [ 14.3981943130494, 40.583473205566499 ], [ 14.3981943130494, 40.583194732666101 ], [ 14.398750305175801, 40.5831909179688 ], [ 14.398750305175801, 40.582916259765703 ], [ 14.3990278244019, 40.582916259765703 ], [ 14.3990278244019, 40.582637786865199 ], [ 14.398750305175801, 40.582637786865199 ], [ 14.398750305175801, 40.582359313964801 ], [ 14.3962497711182, 40.582359313964801 ], [ 14.3962497711182, 40.582641601562599 ], [ 14.3956956863404, 40.582641601562599 ], [ 14.395693778991699, 40.582916259765703 ], [ 14.3954153060913, 40.582916259765703 ], [ 14.3954153060913, 40.584026336669901 ], [ 14.3956956863404, 40.584026336669901 ], [ 14.3956956863404, 40.584304809570298 ], [ 14.3962497711182, 40.584304809570298 ] ] ], [ [ [ 14.377916336059499, 40.588748931884702 ], [ 14.377916336059499, 40.587360382080199 ], [ 14.3773622512819, 40.587360382080199 ], [ 14.3773622512819, 40.586807250976598 ], [ 14.376250267028899, 40.586807250976598 ], [ 14.376250267028899, 40.587081909179801 ], [ 14.375694274902401, 40.587081909179801 ], [ 14.375694274902401, 40.587360382080199 ], [ 14.375140190124499, 40.587360382080199 ], [ 14.375140190124499, 40.587638854980597 ], [ 14.374859809875501, 40.587638854980597 ], [ 14.374859809875501, 40.587917327880902 ], [ 14.375140190124499, 40.587917327880902 ], [ 14.375140190124499, 40.588291168212898 ], [ 14.375140190124499, 40.588470458984403 ], [ 14.375415802001999, 40.588470458984403 ], [ 14.375415802001999, 40.588748931884702 ], [ 14.375694274902401, 40.588748931884702 ], [ 14.375694274902401, 40.589027404785099 ], [ 14.3776378631591, 40.589027404785099 ], [ 14.3776378631591, 40.588779449462898 ], [ 14.377916336059499, 40.588748931884702 ] ] ], [ [ [ 14.4642601013184, 40.730201721191399 ], [ 14.463987350464, 40.730182647705099 ], [ 14.463553428649901, 40.730323791503999 ], [ 14.4634561538697, 40.730396270752003 ], [ 14.463489532470801, 40.7304878234863 ], [ 14.4643907546997, 40.730869293212898 ], [ 14.4642744064332, 40.730945587158303 ], [ 14.464307785034199, 40.731021881103601 ], [ 14.464577674865801, 40.731151580810597 ], [ 14.464653015136699, 40.7311401367188 ], [ 14.4649095535279, 40.730556488037202 ], [ 14.4649019241334, 40.7304496765138 ], [ 14.4642601013184, 40.730201721191399 ] ] ], [ [ [ 13.965969085693301, 40.732917785644602 ], [ 13.965971946716399, 40.732639312744197 ], [ 13.9668064117432, 40.732639312744197 ], [ 13.9668083190918, 40.7323608398438 ], [ 13.967639923095801, 40.7323608398438 ], [ 13.967639923095801, 40.732082366943402 ], [ 13.9679155349731, 40.732078552246001 ], [ 13.9679155349731, 40.7306938171387 ], [ 13.967639923095801, 40.7306938171387 ], [ 13.967639923095801, 40.730415344238303 ], [ 13.9673595428466, 40.730419158935703 ], [ 13.9673595428466, 40.730140686035298 ], [ 13.9670820236207, 40.730140686035298 ], [ 13.9670820236207, 40.729862213134901 ], [ 13.9668064117432, 40.729862213134901 ], [ 13.9668064117432, 40.729583740234503 ], [ 13.964028358459499, 40.729583740234503 ], [ 13.9640302658082, 40.729862213134901 ], [ 13.963748931884799, 40.729862213134901 ], [ 13.963748931884799, 40.730140686035298 ], [ 13.9634714126587, 40.730140686035298 ], [ 13.9634714126587, 40.730415344238303 ], [ 13.963195800781399, 40.730415344238303 ], [ 13.963195800781399, 40.732082366943402 ], [ 13.9634714126587, 40.732082366943402 ], [ 13.9634714126587, 40.7323608398438 ], [ 13.964028358459499, 40.7323608398438 ], [ 13.964028358459499, 40.732639312744197 ], [ 13.9645805358887, 40.732639312744197 ], [ 13.9645805358887, 40.732917785644602 ], [ 13.965969085693301, 40.732917785644602 ] ] ], [ [ [ 13.871805191040099, 40.761806488037102 ], [ 13.8718070983887, 40.761528015136797 ], [ 13.8720827102662, 40.761528015136797 ], [ 13.8720798492431, 40.761249542236399 ], [ 13.872638702392599, 40.761249542236399 ], [ 13.872638702392599, 40.760971069336001 ], [ 13.872917175293001, 40.760971069336001 ], [ 13.872917175293001, 40.760692596435597 ], [ 13.8731946945191, 40.760692596435597 ], [ 13.8731946945191, 40.760421752929702 ], [ 13.8737506866456, 40.760417938232401 ], [ 13.8737487792968, 40.760139465332003 ], [ 13.874029159546, 40.760139465332003 ], [ 13.874029159546, 40.759860992431598 ], [ 13.874304771423301, 40.759860992431598 ], [ 13.874304771423301, 40.759304046630902 ], [ 13.8748607635497, 40.759304046630902 ], [ 13.8748607635497, 40.759029388427798 ], [ 13.8754167556763, 40.759029388427798 ], [ 13.8754167556763, 40.7587509155275 ], [ 13.8756952285766, 40.7587509155275 ], [ 13.8756952285766, 40.758472442627102 ], [ 13.876528739929199, 40.758468627929702 ], [ 13.8765268325806, 40.758193969726698 ], [ 13.877082824707101, 40.758193969726698 ], [ 13.877082824707101, 40.758472442627102 ], [ 13.8773612976075, 40.758472442627102 ], [ 13.8773612976075, 40.759029388427798 ], [ 13.877917289733899, 40.759029388427798 ], [ 13.877917289733899, 40.759304046630902 ], [ 13.87819480896, 40.759304046630902 ], [ 13.87819480896, 40.7595825195312 ], [ 13.8784580230713, 40.7595825195312 ], [ 13.8793048858644, 40.7595825195312 ], [ 13.8793048858644, 40.759860992431598 ], [ 13.885136604309, 40.759860992431598 ], [ 13.885136604309, 40.7595825195312 ], [ 13.8854179382325, 40.7595825195312 ], [ 13.8854179382325, 40.759304046630902 ], [ 13.885693550109799, 40.759304046630902 ], [ 13.885693550109799, 40.758430480957003 ], [ 13.885693550109799, 40.757354736328203 ], [ 13.885693550109799, 40.755695343017599 ], [ 13.8859720230104, 40.755695343017599 ], [ 13.8859720230104, 40.755420684814602 ], [ 13.8862495422363, 40.755416870117202 ], [ 13.8862495422363, 40.755142211914198 ], [ 13.886805534362701, 40.755138397216903 ], [ 13.886805534362701, 40.754585266113203 ], [ 13.887082099914499, 40.754581451416101 ], [ 13.887082099914499, 40.754310607910199 ], [ 13.8876399993896, 40.754306793212798 ], [ 13.8876399993896, 40.754032135009801 ], [ 13.88791847229, 40.754032135009801 ], [ 13.8879203796388, 40.753749847412102 ], [ 13.888750076293899, 40.753749847412102 ], [ 13.888750076293899, 40.753471374511697 ], [ 13.889581680298001, 40.753471374511697 ], [ 13.889581680298001, 40.753189086914098 ], [ 13.891249656677401, 40.7531929016113 ], [ 13.891249656677401, 40.752918243408303 ], [ 13.8918056488038, 40.752918243408303 ], [ 13.891809463501, 40.752639770507898 ], [ 13.8926382064819, 40.752639770507898 ], [ 13.8926382064819, 40.7523612976075 ], [ 13.8934698104859, 40.7523612976075 ], [ 13.8934698104859, 40.752079010009801 ], [ 13.8965291976929, 40.752082824707102 ], [ 13.8965291976929, 40.751804351806797 ], [ 13.8970823287965, 40.751804351806797 ], [ 13.8970823287965, 40.751529693603601 ], [ 13.8976411819459, 40.751525878906399 ], [ 13.897639274597299, 40.751251220703203 ], [ 13.8984127044678, 40.751251220703203 ], [ 13.898751258850201, 40.751251220703203 ], [ 13.8987483978271, 40.750968933105398 ], [ 13.901527404785201, 40.750972747802798 ], [ 13.901527404785201, 40.750694274902401 ], [ 13.9029169082643, 40.750694274902401 ], [ 13.9029169082643, 40.750415802002003 ], [ 13.903190612793001, 40.750415802002003 ], [ 13.9031934738159, 40.7501411437988 ], [ 13.9048614501953, 40.7501411437988 ], [ 13.9048614501953, 40.750415802002003 ], [ 13.905138969421399, 40.750415802002003 ], [ 13.905138969421399, 40.750694274902401 ], [ 13.9054174423218, 40.750759124755902 ], [ 13.9054174423218, 40.750972747802798 ], [ 13.9056911468506, 40.750972747802798 ], [ 13.9056930541993, 40.751251220703203 ], [ 13.9065265655518, 40.751251220703203 ], [ 13.9065294265747, 40.751525878906399 ], [ 13.907082557678301, 40.751529693603601 ], [ 13.907082557678301, 40.751804351806797 ], [ 13.908196449279799, 40.751804351806797 ], [ 13.908190727233899, 40.751529693603601 ], [ 13.9087524414063, 40.751525878906399 ], [ 13.908748626708901, 40.751251220703203 ], [ 13.909029960632401, 40.751251220703203 ], [ 13.909027099609499, 40.750972747802798 ], [ 13.9098615646363, 40.750972747802798 ], [ 13.9098615646363, 40.750751495361399 ], [ 13.910140037536699, 40.750694274902401 ], [ 13.910140037536699, 40.750415802002003 ], [ 13.9106912612916, 40.750415802002003 ], [ 13.910693168640099, 40.7501411437988 ], [ 13.9112501144409, 40.750137329101598 ], [ 13.9112501144409, 40.749862670898402 ], [ 13.914305686950801, 40.749862670898402 ], [ 13.9143075942994, 40.750137329101598 ], [ 13.915140151977701, 40.7501411437988 ], [ 13.915140151977701, 40.750415802002003 ], [ 13.915971755981399, 40.750415802002003 ], [ 13.915971755981399, 40.750694274902401 ], [ 13.917637825012299, 40.750694274902401 ], [ 13.917637825012299, 40.750846862792997 ], [ 13.917637825012299, 40.750972747802798 ], [ 13.918191909790201, 40.750972747802798 ], [ 13.9181938171387, 40.751251220703203 ], [ 13.919859886169499, 40.751251220703203 ], [ 13.919859886169499, 40.751525878906399 ], [ 13.923190116882401, 40.751525878906399 ], [ 13.923194885253899, 40.751251220703203 ], [ 13.9237508773804, 40.751251220703203 ], [ 13.9237508773804, 40.750968933105398 ], [ 13.924025535583599, 40.750972747802798 ], [ 13.924025535583599, 40.750694274902401 ], [ 13.9243068695068, 40.750694274902401 ], [ 13.9243068695068, 40.750415802002003 ], [ 13.9245796203613, 40.750415802002003 ], [ 13.9245834350587, 40.750137329101598 ], [ 13.925139427185099, 40.750137329101598 ], [ 13.925139427185099, 40.749862670898402 ], [ 13.9254169464112, 40.749862670898402 ], [ 13.9254169464112, 40.749584197997997 ], [ 13.926251411438001, 40.749584197997997 ], [ 13.926251411438001, 40.749305725097599 ], [ 13.926804542541401, 40.749305725097599 ], [ 13.926804542541401, 40.749027252197301 ], [ 13.927080154418899, 40.749027252197301 ], [ 13.927080154418899, 40.748748779296903 ], [ 13.9279165267944, 40.748748779296903 ], [ 13.9279193878175, 40.748474121093899 ], [ 13.928194999694799, 40.748474121093899 ], [ 13.928194999694799, 40.748195648193303 ], [ 13.928470611572299, 40.748195648193303 ], [ 13.928473472595201, 40.747917175292898 ], [ 13.9287509918213, 40.747917175292898 ], [ 13.9287509918213, 40.747638702392599 ], [ 13.9295806884766, 40.747638702392599 ], [ 13.9295825958253, 40.747360229492202 ], [ 13.930417060852101, 40.747360229492202 ], [ 13.930417060852101, 40.747081756591797 ], [ 13.931248664856099, 40.747081756591797 ], [ 13.931248664856099, 40.746810913085902 ], [ 13.9319715499879, 40.746810913085902 ], [ 13.935138702392599, 40.7468070983888 ], [ 13.935138702392599, 40.747081756591797 ], [ 13.935692787170501, 40.747081756591797 ], [ 13.935692787170501, 40.747226715087997 ], [ 13.935692787170501, 40.747360229492202 ], [ 13.940416336059601, 40.747360229492202 ], [ 13.940416336059601, 40.747638702392599 ], [ 13.9409694671631, 40.747638702392599 ], [ 13.940972328186, 40.747917175292898 ], [ 13.941805839538601, 40.747917175292898 ], [ 13.941805839538601, 40.748195648193303 ], [ 13.942915916443001, 40.748195648193303 ], [ 13.942915916443001, 40.747917175292898 ], [ 13.9431915283203, 40.747917175292898 ], [ 13.9431915283203, 40.747638702392599 ], [ 13.9434700012206, 40.747638702392599 ], [ 13.9434719085694, 40.747360229492202 ], [ 13.943750381469799, 40.747360229492202 ], [ 13.943750381469799, 40.747081756591797 ], [ 13.9440279006959, 40.747081756591797 ], [ 13.9440279006959, 40.746528625488402 ], [ 13.9443063735963, 40.746528625488402 ], [ 13.944308280944901, 40.746078491211001 ], [ 13.944308280944901, 40.745971679687599 ], [ 13.9447355270387, 40.745971679687599 ], [ 13.9448623657228, 40.745956420898601 ], [ 13.9448623657228, 40.7451400756837 ], [ 13.9451398849488, 40.7451400756837 ], [ 13.945137977600099, 40.744861602783303 ], [ 13.945416450500501, 40.744861602783303 ], [ 13.945416450500501, 40.744583129882898 ], [ 13.945972442626999, 40.744583129882898 ], [ 13.945972442626999, 40.7443046569825 ], [ 13.946249961853001, 40.7443046569825 ], [ 13.946249961853001, 40.744026184082102 ], [ 13.9465284347534, 40.744026184082102 ], [ 13.9465284347534, 40.743751525878899 ], [ 13.947084426879901, 40.743751525878899 ], [ 13.9470796585084, 40.743469238281399 ], [ 13.9479160308838, 40.743473052978501 ], [ 13.9479160308838, 40.743194580078097 ], [ 13.9509725570678, 40.743194580078097 ], [ 13.9509725570678, 40.742916107177699 ], [ 13.952638626098601, 40.742916107177699 ], [ 13.952638626098601, 40.742641448974702 ], [ 13.9531898498535, 40.742637634277301 ], [ 13.953194618225099, 40.742362976074297 ], [ 13.954029083251999, 40.742359161377003 ], [ 13.954029083251999, 40.742084503173899 ], [ 13.954304695129499, 40.742084503173899 ], [ 13.954304695129499, 40.741806030273402 ], [ 13.954583168029799, 40.741806030273402 ], [ 13.954583168029799, 40.741531372070398 ], [ 13.954860687256, 40.741527557372997 ], [ 13.954860687256, 40.741249084472699 ], [ 13.955416679382401, 40.741249084472699 ], [ 13.955416679382401, 40.740695953369197 ], [ 13.9556951522828, 40.740695953369197 ], [ 13.955693244934, 40.739028930664098 ], [ 13.955970764160099, 40.739028930664098 ], [ 13.955970764160099, 40.737361907958999 ], [ 13.956249237060501, 40.737361907958999 ], [ 13.9562511444093, 40.736530303955199 ], [ 13.9565286636354, 40.736526489257798 ], [ 13.9565267562866, 40.735416412353501 ], [ 13.956805229186999, 40.735416412353501 ], [ 13.956805229186999, 40.735137939453097 ], [ 13.957080841064499, 40.735137939453097 ], [ 13.957080841064499, 40.734580993652301 ], [ 13.9573612213135, 40.734584808349702 ], [ 13.9573612213135, 40.734306335449297 ], [ 13.957638740539499, 40.734306335449297 ], [ 13.957638740539499, 40.734027862548899 ], [ 13.957917213439901, 40.734027862548899 ], [ 13.957917213439901, 40.733749389648601 ], [ 13.958194732666, 40.733749389648601 ], [ 13.958194732666, 40.733470916748203 ], [ 13.9584712982178, 40.733470916748203 ], [ 13.9584712982178, 40.733200073242301 ], [ 13.958748817443899, 40.733196258544901 ], [ 13.958748817443899, 40.732921600341903 ], [ 13.958869934081999, 40.732921600341903 ], [ 13.959858894348301, 40.732917785644602 ], [ 13.959858894348301, 40.732639312744197 ], [ 13.9601392745972, 40.732639312744197 ], [ 13.9601392745972, 40.7323608398438 ], [ 13.9606914520263, 40.7323608398438 ], [ 13.9606914520263, 40.732078552246001 ], [ 13.9609708786012, 40.732082366943402 ], [ 13.9609708786012, 40.731250762939503 ], [ 13.960693359375099, 40.731250762939503 ], [ 13.9606914520263, 40.730972290039098 ], [ 13.9601392745972, 40.730972290039098 ], [ 13.9601392745972, 40.7306938171387 ], [ 13.9598608016968, 40.7306938171387 ], [ 13.9598608016968, 40.730026245117202 ], [ 13.9598608016968, 40.728195190429702 ], [ 13.9601392745972, 40.728195190429702 ], [ 13.9601392745972, 40.727920532226598 ], [ 13.9604196548462, 40.727916717529297 ], [ 13.960416793823301, 40.725692749023501 ], [ 13.9601392745972, 40.725692749023501 ], [ 13.9601392745972, 40.725418090820298 ], [ 13.959858894348301, 40.725421905517599 ], [ 13.959858894348301, 40.723468780517599 ], [ 13.9601392745972, 40.723472595215 ], [ 13.9601392745972, 40.723194122314602 ], [ 13.960416793823301, 40.723190307617202 ], [ 13.960416793823301, 40.722915649414198 ], [ 13.9609708786012, 40.722915649414198 ], [ 13.9609708786012, 40.722640991211001 ], [ 13.961529731750501, 40.722637176513601 ], [ 13.961526870727701, 40.722362518310597 ], [ 13.962361335754499, 40.722362518310597 ], [ 13.962361335754499, 40.722084045410199 ], [ 13.962639808654901, 40.722084045410199 ], [ 13.962639808654901, 40.721805572509801 ], [ 13.9629182815553, 40.721805572509801 ], [ 13.9629154205322, 40.721248626709098 ], [ 13.963195800781399, 40.721248626709098 ], [ 13.9631910324097, 40.7209701538087 ], [ 13.9634714126587, 40.720973968505902 ], [ 13.9634714126587, 40.720695495605497 ], [ 13.963748931884799, 40.720695495605497 ], [ 13.963748931884799, 40.7204208374025 ], [ 13.964028358459499, 40.720417022705099 ], [ 13.964028358459499, 40.720138549804702 ], [ 13.964305877685501, 40.720138549804702 ], [ 13.9643077850341, 40.719860076904403 ], [ 13.9645843505859, 40.719860076904403 ], [ 13.9645805358887, 40.718471527099602 ], [ 13.9648590087891, 40.718471527099602 ], [ 13.9648590087891, 40.718189239502003 ], [ 13.9651365280153, 40.718193054199197 ], [ 13.9651365280153, 40.715694427490298 ], [ 13.964861869811999, 40.715694427490298 ], [ 13.964861869811999, 40.713470458984403 ], [ 13.965140342712401, 40.713470458984403 ], [ 13.965140342712401, 40.7131958007812 ], [ 13.9654178619385, 40.7131958007812 ], [ 13.9654178619385, 40.712867736816399 ], [ 13.9654178619385, 40.712081909179702 ], [ 13.9648590087891, 40.712081909179702 ], [ 13.9648590087891, 40.7118110656738 ], [ 13.9645805358887, 40.7118110656738 ], [ 13.9645805358887, 40.7115287780763 ], [ 13.964305877685501, 40.7115287780763 ], [ 13.964305877685501, 40.711250305175902 ], [ 13.963748931884799, 40.711250305175902 ], [ 13.963748931884799, 40.7115287780763 ], [ 13.9634714126587, 40.7115287780763 ], [ 13.9634714126587, 40.711807250976698 ], [ 13.963195800781399, 40.711807250976698 ], [ 13.9631910324097, 40.7115287780763 ], [ 13.9629154205322, 40.7115287780763 ], [ 13.9629154205322, 40.711250305175902 ], [ 13.962498664856, 40.711250305175902 ], [ 13.962361335754499, 40.711250305175902 ], [ 13.962359428405801, 40.710693359375099 ], [ 13.961805343628001, 40.710693359375099 ], [ 13.961805343628001, 40.710418701171903 ], [ 13.961529731750501, 40.710414886474702 ], [ 13.961526870727701, 40.710140228271499 ], [ 13.9609708786012, 40.710140228271499 ], [ 13.9609708786012, 40.710414886474702 ], [ 13.960416793823301, 40.710414886474702 ], [ 13.960416793823301, 40.710971832275497 ], [ 13.9601392745972, 40.710971832275497 ], [ 13.9601392745972, 40.711250305175902 ], [ 13.9595813751222, 40.711250305175902 ], [ 13.9595813751222, 40.710971832275497 ], [ 13.9593048095704, 40.710971832275497 ], [ 13.9593048095704, 40.710693359375099 ], [ 13.9590291976929, 40.710693359375099 ], [ 13.9590291976929, 40.710414886474702 ], [ 13.958748817443899, 40.710418701171903 ], [ 13.958748817443899, 40.710140228271499 ], [ 13.9584712982178, 40.710140228271499 ], [ 13.9584712982178, 40.7098617553712 ], [ 13.9565267562866, 40.7098617553712 ], [ 13.9565267562866, 40.708751678466797 ], [ 13.9562511444093, 40.708751678466797 ], [ 13.9562511444093, 40.70902633667 ], [ 13.955970764160099, 40.709030151367202 ], [ 13.955970764160099, 40.708751678466797 ], [ 13.955418586731, 40.708751678466797 ], [ 13.955418586731, 40.709030151367202 ], [ 13.954860687256, 40.709030151367202 ], [ 13.954860687256, 40.708751678466797 ], [ 13.954029083251999, 40.708751678466797 ], [ 13.954029083251999, 40.708473205566399 ], [ 13.953748703003001, 40.708473205566399 ], [ 13.953748703003001, 40.708343505859403 ], [ 13.953748703003001, 40.707359313964901 ], [ 13.954029083251999, 40.707359313964901 ], [ 13.954029083251999, 40.706249237060497 ], [ 13.954304695129499, 40.706249237060497 ], [ 13.954304695129499, 40.705970764160099 ], [ 13.954583168029799, 40.705970764160099 ], [ 13.954583168029799, 40.705696105957102 ], [ 13.954860687256, 40.705696105957102 ], [ 13.954860687256, 40.705421447753899 ], [ 13.9545803070068, 40.705421447753899 ], [ 13.954583168029799, 40.705139160156399 ], [ 13.954860687256, 40.705139160156399 ], [ 13.954860687256, 40.7034721374512 ], [ 13.9545803070068, 40.7034721374512 ], [ 13.9545803070068, 40.702640533447301 ], [ 13.954860687256, 40.702640533447301 ], [ 13.954860687256, 40.702079772949297 ], [ 13.955416679382401, 40.702102661132898 ], [ 13.955416679382401, 40.702640533447301 ], [ 13.9551391601563, 40.702640533447301 ], [ 13.9551391601563, 40.702915191650398 ], [ 13.955416679382401, 40.702915191650398 ], [ 13.955416679382401, 40.703193664550803 ], [ 13.955972671508899, 40.703193664550803 ], [ 13.955972671508899, 40.702915191650398 ], [ 13.956249237060501, 40.702915191650398 ], [ 13.9562511444093, 40.701808929443501 ], [ 13.955970764160099, 40.701808929443501 ], [ 13.955970764160099, 40.701530456543097 ], [ 13.9556951522828, 40.701526641845703 ], [ 13.9556951522828, 40.701248168945298 ], [ 13.955416679382401, 40.701248168945298 ], [ 13.955416679382401, 40.700695037841903 ], [ 13.9551391601563, 40.700695037841903 ], [ 13.9551391601563, 40.7004203796387 ], [ 13.9537506103516, 40.7004203796387 ], [ 13.9537506103516, 40.700698852539098 ], [ 13.953194618225099, 40.700698852539098 ], [ 13.953194618225099, 40.700973510742301 ], [ 13.952919006347599, 40.700973510742301 ], [ 13.952919006347599, 40.701251983642699 ], [ 13.952361106872599, 40.701251983642699 ], [ 13.952361106872599, 40.701526641845703 ], [ 13.9518041610718, 40.701526641845703 ], [ 13.9518041610718, 40.702915191650398 ], [ 13.9515285491943, 40.702915191650398 ], [ 13.9515285491943, 40.703750610351598 ], [ 13.9512510299684, 40.703750610351598 ], [ 13.9512510299684, 40.704029083252003 ], [ 13.9509725570678, 40.704029083252003 ], [ 13.9509725570678, 40.704303741455199 ], [ 13.9504165649415, 40.704303741455199 ], [ 13.9504165649415, 40.704860687256001 ], [ 13.950138092041, 40.704860687256001 ], [ 13.950138092041, 40.705139160156399 ], [ 13.949028968811101, 40.705139160156399 ], [ 13.949028968811101, 40.704860687256001 ], [ 13.948749542236399, 40.704860687256001 ], [ 13.948749542236399, 40.705139160156399 ], [ 13.948470115661699, 40.705139160156399 ], [ 13.948470115661699, 40.704860687256001 ], [ 13.948193550109901, 40.704860687256001 ], [ 13.948193550109901, 40.705139160156399 ], [ 13.9479160308838, 40.705139160156399 ], [ 13.9479160308838, 40.704860687256001 ], [ 13.947360038757401, 40.704860687256001 ], [ 13.947360038757401, 40.704582214355597 ], [ 13.9470796585084, 40.704582214355597 ], [ 13.9470796585084, 40.704029083252003 ], [ 13.944581985473601, 40.704029083252003 ], [ 13.944581985473601, 40.704303741455199 ], [ 13.9440279006959, 40.704303741455199 ], [ 13.944029808044499, 40.704582214355597 ], [ 13.943750381469799, 40.704582214355597 ], [ 13.943750381469799, 40.704860687256001 ], [ 13.943194389343301, 40.704860687256001 ], [ 13.943194389343301, 40.705139160156399 ], [ 13.9429178237916, 40.705139160156399 ], [ 13.9429178237916, 40.705421447753899 ], [ 13.942084312439, 40.705421447753899 ], [ 13.9420785903931, 40.705696105957102 ], [ 13.9415283203125, 40.705696105957102 ], [ 13.9415283203125, 40.705970764160099 ], [ 13.940416336059601, 40.705970764160099 ], [ 13.940416336059601, 40.706249237060497 ], [ 13.9401397705078, 40.706249237060497 ], [ 13.9401397705078, 40.706531524658303 ], [ 13.938750267028899, 40.706531524658303 ], [ 13.938750267028899, 40.7068099975587 ], [ 13.938468933105501, 40.7068099975587 ], [ 13.938468933105501, 40.706249237060497 ], [ 13.937640190124601, 40.706249237060497 ], [ 13.937640190124601, 40.705970764160099 ], [ 13.937361717224199, 40.705970764160099 ], [ 13.937358856201101, 40.705699920654297 ], [ 13.9368076324463, 40.705696105957102 ], [ 13.936805725097701, 40.705417633056797 ], [ 13.9359712600709, 40.705421447753899 ], [ 13.9359712600709, 40.705139160156399 ], [ 13.9354152679444, 40.705139160156399 ], [ 13.9354152679444, 40.704860687256001 ], [ 13.934582710266101, 40.704860687256001 ], [ 13.934578895569, 40.704582214355597 ], [ 13.9340267181396, 40.704582214355597 ], [ 13.9340267181396, 40.704303741455199 ], [ 13.9334726333618, 40.704303741455199 ], [ 13.9334726333618, 40.704029083252003 ], [ 13.932916641235501, 40.704029083252003 ], [ 13.932916641235501, 40.703750610351598 ], [ 13.9326391220094, 40.703750610351598 ], [ 13.9326391220094, 40.7034721374512 ], [ 13.9323587417603, 40.7034721374512 ], [ 13.9323587417603, 40.703193664550803 ], [ 13.9320831298829, 40.703193664550803 ], [ 13.9320831298829, 40.702640533447301 ], [ 13.9318046569825, 40.702640533447301 ], [ 13.9318046569825, 40.702083587646499 ], [ 13.9315271377565, 40.702083587646499 ], [ 13.9315271377565, 40.701805114746101 ], [ 13.931248664856099, 40.701808929443501 ], [ 13.931248664856099, 40.701530456543097 ], [ 13.93097114563, 40.701530456543097 ], [ 13.93097114563, 40.701251983642699 ], [ 13.9306945800782, 40.701248168945298 ], [ 13.930690765380801, 40.700973510742301 ], [ 13.930138587951699, 40.700973510742301 ], [ 13.930138587951699, 40.700695037841903 ], [ 13.9298610687256, 40.700698852539098 ], [ 13.9298610687256, 40.7004203796387 ], [ 13.9295806884766, 40.7004203796387 ], [ 13.9295806884766, 40.700141906738303 ], [ 13.9293069839478, 40.700138092041001 ], [ 13.9293069839478, 40.699859619140597 ], [ 13.9290266036988, 40.699859619140597 ], [ 13.9290266036988, 40.699584960937599 ], [ 13.9265289306641, 40.699588775634801 ], [ 13.9265289306641, 40.700141906738303 ], [ 13.926248550415, 40.700141906738303 ], [ 13.926248550415, 40.699859619140597 ], [ 13.9259700775146, 40.699859619140597 ], [ 13.9259700775146, 40.700138092041001 ], [ 13.9256954193116, 40.700138092041001 ], [ 13.925691604614199, 40.699859619140597 ], [ 13.9248609542847, 40.699859619140597 ], [ 13.9248609542847, 40.698749542236399 ], [ 13.9245834350587, 40.698749542236399 ], [ 13.9245796203613, 40.698471069336101 ], [ 13.9234733581543, 40.698471069336101 ], [ 13.9234733581543, 40.698749542236399 ], [ 13.923194885253899, 40.698749542236399 ], [ 13.923192024231, 40.698471069336101 ], [ 13.9229164123535, 40.698471069336101 ], [ 13.9229164123535, 40.697639465332102 ], [ 13.9226379394531, 40.697639465332102 ], [ 13.9226379394531, 40.697360992431697 ], [ 13.9220800399781, 40.697360992431697 ], [ 13.9220800399781, 40.6970825195313 ], [ 13.9215278625488, 40.6970825195313 ], [ 13.9215278625488, 40.697360992431697 ], [ 13.919859886169499, 40.697360992431697 ], [ 13.919859886169499, 40.697639465332102 ], [ 13.9195823669435, 40.697639465332102 ], [ 13.9195823669435, 40.6979179382325 ], [ 13.920138359069901, 40.697921752929801 ], [ 13.920138359069901, 40.699310302734403 ], [ 13.919859886169499, 40.699310302734403 ], [ 13.919859886169499, 40.699031829833999 ], [ 13.9195823669435, 40.699031829833999 ], [ 13.9195823669435, 40.698749542236399 ], [ 13.919305801391699, 40.698749542236399 ], [ 13.919305801391699, 40.698471069336101 ], [ 13.9190282821656, 40.698471069336101 ], [ 13.9190282821656, 40.698192596435703 ], [ 13.917081832885801, 40.698188781738303 ], [ 13.9170837402344, 40.698471069336101 ], [ 13.916806221008301, 40.698471069336101 ], [ 13.916806221008301, 40.698749542236399 ], [ 13.916527748107899, 40.698749542236399 ], [ 13.916529655456699, 40.699031829833999 ], [ 13.9162502288818, 40.699031829833999 ], [ 13.9162502288818, 40.699588775634801 ], [ 13.915971755981399, 40.699588775634801 ], [ 13.915971755981399, 40.699859619140597 ], [ 13.915140151977701, 40.699859619140597 ], [ 13.915140151977701, 40.700141906738303 ], [ 13.9148597717285, 40.700141906738303 ], [ 13.9148597717285, 40.7004165649413 ], [ 13.9120836257935, 40.7004203796387 ], [ 13.9120807647706, 40.700695037841903 ], [ 13.910417556762599, 40.700695037841903 ], [ 13.910417556762599, 40.700973510742301 ], [ 13.9093103408813, 40.700973510742301 ], [ 13.909304618835399, 40.701248168945298 ], [ 13.9026393890381, 40.701248168945298 ], [ 13.9026393890381, 40.700973510742301 ], [ 13.898751258850201, 40.700973510742301 ], [ 13.898751258850201, 40.700695037841903 ], [ 13.8979167938234, 40.700695037841903 ], [ 13.8979167938234, 40.7004165649413 ], [ 13.897487640381, 40.7004203796387 ], [ 13.8970804214478, 40.7004203796387 ], [ 13.8970823287965, 40.700138092041001 ], [ 13.896806716919, 40.700138092041001 ], [ 13.896806716919, 40.699859619140597 ], [ 13.8956937789918, 40.699859619140597 ], [ 13.8956918716432, 40.699588775634801 ], [ 13.895419120788601, 40.699584960937599 ], [ 13.8954162597657, 40.699306488037202 ], [ 13.8951377868653, 40.699306488037202 ], [ 13.8951377868653, 40.693748474121001 ], [ 13.894860267639199, 40.693748474121001 ], [ 13.894860267639199, 40.692920684814403 ], [ 13.8945798873903, 40.692920684814403 ], [ 13.8945798873903, 40.692359924316499 ], [ 13.8943042755128, 40.692359924316499 ], [ 13.8943042755128, 40.692081451416101 ], [ 13.8940277099609, 40.692081451416101 ], [ 13.8940277099609, 40.691806793212898 ], [ 13.8931941986084, 40.691810607910298 ], [ 13.8931941986084, 40.692081451416101 ], [ 13.892915725708001, 40.692081451416101 ], [ 13.8929176330566, 40.692359924316499 ], [ 13.8926382064819, 40.692359924316499 ], [ 13.8926382064819, 40.693199157714801 ], [ 13.8923597335815, 40.693195343017599 ], [ 13.8923597335815, 40.693470001220703 ], [ 13.892082214355501, 40.693473815917997 ], [ 13.892084121704199, 40.693748474121001 ], [ 13.891809463501, 40.693748474121001 ], [ 13.8918056488038, 40.694305419922003 ], [ 13.8915281295778, 40.694305419922003 ], [ 13.8915281295778, 40.694858551025398 ], [ 13.891249656677401, 40.694862365722798 ], [ 13.891249656677401, 40.696800231933501 ], [ 13.8909702301025, 40.696804046630902 ], [ 13.8909702301025, 40.6979179382325 ], [ 13.8906936645509, 40.697921752929801 ], [ 13.8906936645509, 40.698471069336101 ], [ 13.890416145324799, 40.698471069336101 ], [ 13.890416145324799, 40.698749542236399 ], [ 13.889307975769, 40.698749542236399 ], [ 13.889306068420501, 40.699028015136797 ], [ 13.888750076293899, 40.699031829833999 ], [ 13.888750076293899, 40.699306488037202 ], [ 13.888471603393601, 40.699310302734403 ], [ 13.888469696045, 40.699584960937599 ], [ 13.884580612182599, 40.699588775634801 ], [ 13.884580612182599, 40.699310302734403 ], [ 13.882728576660099, 40.699310302734403 ], [ 13.8820810317994, 40.699310302734403 ], [ 13.8820810317994, 40.699031829833999 ], [ 13.881808280944901, 40.699028015136797 ], [ 13.8818054199219, 40.698749542236399 ], [ 13.881249427795399, 40.698749542236399 ], [ 13.881249427795399, 40.698471069336101 ], [ 13.880970954895, 40.698471069336101 ], [ 13.880970954895, 40.698192596435703 ], [ 13.880695343017701, 40.698192596435703 ], [ 13.880695343017701, 40.697639465332102 ], [ 13.880416870117299, 40.697639465332102 ], [ 13.880416870117299, 40.697360992431697 ], [ 13.8801393508912, 40.697360992431697 ], [ 13.8801393508912, 40.6970825195313 ], [ 13.879583358764799, 40.697078704833899 ], [ 13.879583358764799, 40.697360992431697 ], [ 13.8793048858644, 40.697360992431697 ], [ 13.8793067932129, 40.697639465332102 ], [ 13.8787488937379, 40.697639465332102 ], [ 13.8787488937379, 40.6979179382325 ], [ 13.877917289733899, 40.6979179382325 ], [ 13.877917289733899, 40.698192596435703 ], [ 13.8765268325806, 40.698192596435703 ], [ 13.8765268325806, 40.6979179382325 ], [ 13.8762512207031, 40.6979179382325 ], [ 13.8762512207031, 40.697639465332102 ], [ 13.8759708404541, 40.697639465332102 ], [ 13.8759708404541, 40.697360992431697 ], [ 13.8754167556763, 40.697360992431697 ], [ 13.8754167556763, 40.6970825195313 ], [ 13.8748607635497, 40.6970825195313 ], [ 13.8748607635497, 40.696804046630902 ], [ 13.872638702392599, 40.696804046630902 ], [ 13.872638702392599, 40.697078704833899 ], [ 13.8723611831666, 40.6970825195313 ], [ 13.8723611831666, 40.697360992431697 ], [ 13.8720827102662, 40.697360992431697 ], [ 13.8720827102662, 40.698192596435703 ], [ 13.872638702392599, 40.698192596435703 ], [ 13.872638702392599, 40.698471069336101 ], [ 13.872917175293001, 40.698471069336101 ], [ 13.872918128967299, 40.6987915039063 ], [ 13.8729190826416, 40.699031829833999 ], [ 13.872468948364199, 40.699031829833999 ], [ 13.8720827102662, 40.699031829833999 ], [ 13.8720827102662, 40.6992416381837 ], [ 13.8720827102662, 40.699584960937599 ], [ 13.871441841125501, 40.699588775634801 ], [ 13.870969772338899, 40.699588775634801 ], [ 13.870969772338899, 40.699310302734403 ], [ 13.869029045105099, 40.699306488037202 ], [ 13.869029045105099, 40.699028015136797 ], [ 13.8681936264037, 40.699031829833999 ], [ 13.868191719055201, 40.7004165649413 ], [ 13.8679189682007, 40.7004203796387 ], [ 13.8679189682007, 40.700698852539098 ], [ 13.8676376342775, 40.700695037841903 ], [ 13.8676414489747, 40.700969696045 ], [ 13.867360115051399, 40.700973510742301 ], [ 13.867360115051399, 40.701248168945298 ], [ 13.867083549499601, 40.701251983642699 ], [ 13.8670797348022, 40.701526641845703 ], [ 13.866808891296399, 40.701530456543097 ], [ 13.866804122924901, 40.701805114746101 ], [ 13.8665275573731, 40.701805114746101 ], [ 13.8665275573731, 40.702079772949297 ], [ 13.866250038146999, 40.702083587646499 ], [ 13.866250038146999, 40.702362060546903 ], [ 13.8629159927368, 40.702362060546903 ], [ 13.8629159927368, 40.702083587646499 ], [ 13.8615283966065, 40.702083587646499 ], [ 13.861530303955099, 40.702362060546903 ], [ 13.861249923706101, 40.702362060546903 ], [ 13.861249923706101, 40.702640533447301 ], [ 13.86097240448, 40.702640533447301 ], [ 13.860969543456999, 40.702915191650398 ], [ 13.860693931579601, 40.702919006347699 ], [ 13.860693931579601, 40.7034721374512 ], [ 13.860416412353599, 40.7034721374512 ], [ 13.860416412353599, 40.703750610351598 ], [ 13.8601398468018, 40.703750610351598 ], [ 13.8601398468018, 40.704303741455199 ], [ 13.8606910705566, 40.704303741455199 ], [ 13.860693931579601, 40.704860687256001 ], [ 13.860969543456999, 40.704860687256001 ], [ 13.860969543456999, 40.705139160156399 ], [ 13.860693931579601, 40.705139160156399 ], [ 13.860693931579601, 40.705417633056797 ], [ 13.860416412353599, 40.705417633056797 ], [ 13.860416412353599, 40.705615997314602 ], [ 13.860416412353599, 40.705970764160099 ], [ 13.8601398468018, 40.705970764160099 ], [ 13.8601398468018, 40.706249237060497 ], [ 13.859260559081999, 40.706249237060497 ], [ 13.8587503433228, 40.706249237060497 ], [ 13.8587493896484, 40.706527709960902 ], [ 13.858469009399499, 40.706531524658303 ], [ 13.858469009399499, 40.706249237060497 ], [ 13.857919692993301, 40.706249237060497 ], [ 13.857919692993301, 40.706531524658303 ], [ 13.857640266418599, 40.706527709960902 ], [ 13.857640266418599, 40.706249237060497 ], [ 13.857358932495099, 40.706249237060497 ], [ 13.857358932495099, 40.705970764160099 ], [ 13.855971336364901, 40.705970764160099 ], [ 13.855971336364901, 40.706249237060497 ], [ 13.8554153442384, 40.706249237060497 ], [ 13.8554153442384, 40.7068061828613 ], [ 13.855695724487401, 40.7068061828613 ], [ 13.855695724487401, 40.707084655761797 ], [ 13.855420112609901, 40.707084655761797 ], [ 13.855420112609901, 40.707641601562599 ], [ 13.8548593521119, 40.707641601562599 ], [ 13.8548593521119, 40.707916259765597 ], [ 13.8545808792115, 40.707920074462997 ], [ 13.8545808792115, 40.707641601562599 ], [ 13.8540296554565, 40.707641601562599 ], [ 13.8540296554565, 40.707920074462997 ], [ 13.853749275207599, 40.707916259765597 ], [ 13.853749275207599, 40.708473205566399 ], [ 13.8540267944337, 40.708473205566399 ], [ 13.8540267944337, 40.708751678466797 ], [ 13.854305267334, 40.708751678466797 ], [ 13.8543100357057, 40.70902633667 ], [ 13.8545808792115, 40.709030151367202 ], [ 13.8545808792115, 40.7095718383788 ], [ 13.8545808792115, 40.7098617553712 ], [ 13.854219436645501, 40.7098617553712 ], [ 13.8534708023072, 40.7098617553712 ], [ 13.853468894958599, 40.709583282470803 ], [ 13.8529167175293, 40.709583282470803 ], [ 13.8529167175293, 40.7098617553712 ], [ 13.8526391983032, 40.7098617553712 ], [ 13.8526391983032, 40.709583282470803 ], [ 13.851804733276399, 40.709583282470803 ], [ 13.851806640625099, 40.7098617553712 ], [ 13.851248741149901, 40.7098617553712 ], [ 13.851248741149901, 40.710140228271499 ], [ 13.8506946563722, 40.710140228271499 ], [ 13.8506927490234, 40.710414886474702 ], [ 13.850417137146099, 40.710414886474702 ], [ 13.850417137146099, 40.710693359375099 ], [ 13.8501386642457, 40.710693359375099 ], [ 13.8501386642457, 40.711250305175902 ], [ 13.850417137146099, 40.711250305175902 ], [ 13.850417137146099, 40.7115287780763 ], [ 13.8506927490234, 40.7115287780763 ], [ 13.8506946563722, 40.711807250976698 ], [ 13.8509712219238, 40.7118110656738 ], [ 13.8509712219238, 40.712081909179702 ], [ 13.851248741149901, 40.712081909179702 ], [ 13.851248741149901, 40.712360382080099 ], [ 13.8520832061768, 40.712360382080099 ], [ 13.8520832061768, 40.712638854980497 ], [ 13.852362632751399, 40.712638854980497 ], [ 13.8526391983032, 40.712638854980497 ], [ 13.8526391983032, 40.712917327880803 ], [ 13.853193283081101, 40.712921142578203 ], [ 13.853193283081101, 40.7131958007812 ], [ 13.8534708023072, 40.713199615478601 ], [ 13.8534708023072, 40.713470458984403 ], [ 13.8540267944337, 40.713470458984403 ], [ 13.8540267944337, 40.713748931884801 ], [ 13.854305267334, 40.713748931884801 ], [ 13.854305267334, 40.714027404785199 ], [ 13.8551397323609, 40.714027404785199 ], [ 13.8551397323609, 40.714305877685497 ], [ 13.855695724487401, 40.714305877685497 ], [ 13.855695724487401, 40.714584350585902 ], [ 13.855971336364901, 40.714584350585902 ], [ 13.855971336364901, 40.7148628234863 ], [ 13.856805801391699, 40.7148628234863 ], [ 13.856809616088899, 40.715137481689503 ], [ 13.8573617935182, 40.715141296386697 ], [ 13.857358932495099, 40.715415954589901 ], [ 13.857640266418599, 40.715415954589901 ], [ 13.857640266418599, 40.715560913086001 ], [ 13.857640266418599, 40.715694427490298 ], [ 13.8580074310303, 40.715694427490298 ], [ 13.8598623275757, 40.715694427490298 ], [ 13.8598623275757, 40.715972900390703 ], [ 13.8601398468018, 40.715972900390703 ], [ 13.8601398468018, 40.71630859375 ], [ 13.8601398468018, 40.716526031494297 ], [ 13.860416412353599, 40.716526031494297 ], [ 13.860416412353599, 40.717082977295 ], [ 13.8606910705566, 40.717082977295 ], [ 13.860693931579601, 40.717361450195398 ], [ 13.860969543456999, 40.717361450195398 ], [ 13.860969543456999, 40.721527099609403 ], [ 13.860693931579601, 40.721530914306598 ], [ 13.860693931579601, 40.723194122314602 ], [ 13.860416412353599, 40.723194122314602 ], [ 13.8604183197021, 40.723468780517599 ], [ 13.859860420227101, 40.723472595215 ], [ 13.859860420227101, 40.724029541015703 ], [ 13.859581947326699, 40.724029541015703 ], [ 13.8595838546753, 40.724582672119098 ], [ 13.859306335449199, 40.724582672119098 ], [ 13.859306335449199, 40.725692749023501 ], [ 13.859029769897401, 40.725692749023501 ], [ 13.859029769897401, 40.726531982422003 ], [ 13.8587503433228, 40.726531982422003 ], [ 13.8587503433228, 40.727085113525398 ], [ 13.858471870422401, 40.727088928222798 ], [ 13.858471870422401, 40.727359771728601 ], [ 13.8581943511963, 40.727359771728601 ], [ 13.8581943511963, 40.727638244628999 ], [ 13.857919692993301, 40.7276420593262 ], [ 13.857919692993301, 40.727920532226598 ], [ 13.857640266418599, 40.727920532226598 ], [ 13.857640266418599, 40.728199005127003 ], [ 13.8573617935182, 40.728195190429702 ], [ 13.8573617935182, 40.728469848632798 ], [ 13.857081413269, 40.728473663330099 ], [ 13.857081413269, 40.728748321533097 ], [ 13.856805801391699, 40.728748321533097 ], [ 13.856805801391699, 40.729026794433501 ], [ 13.856530189514199, 40.729030609130902 ], [ 13.856530189514199, 40.7293090820313 ], [ 13.856248855590801, 40.729305267334098 ], [ 13.856248855590801, 40.729579925537202 ], [ 13.855692863464499, 40.729583740234503 ], [ 13.855695724487401, 40.729862213134901 ], [ 13.8554153442384, 40.729862213134901 ], [ 13.8554153442384, 40.730140686035298 ], [ 13.8551397323609, 40.730140686035298 ], [ 13.8551397323609, 40.730419158935703 ], [ 13.854861259460501, 40.730415344238303 ], [ 13.8548593521119, 40.730690002441499 ], [ 13.854582786560099, 40.7306938171387 ], [ 13.854582786560099, 40.730972290039098 ], [ 13.854305267334, 40.730972290039098 ], [ 13.854305267334, 40.732082366943402 ], [ 13.8540267944337, 40.732082366943402 ], [ 13.8540267944337, 40.734584808349702 ], [ 13.854305267334, 40.734584808349702 ], [ 13.854305267334, 40.735137939453097 ], [ 13.854582786560099, 40.735137939453097 ], [ 13.854582786560099, 40.735973358154403 ], [ 13.854305267334, 40.735973358154403 ], [ 13.854305267334, 40.736251831054801 ], [ 13.8540296554565, 40.736251831054801 ], [ 13.8540296554565, 40.736530303955199 ], [ 13.853749275207599, 40.736526489257798 ], [ 13.853749275207599, 40.737083435058601 ], [ 13.8540267944337, 40.737083435058601 ], [ 13.8540267944337, 40.737361907958999 ], [ 13.854305267334, 40.737361907958999 ], [ 13.854305267334, 40.737640380859403 ], [ 13.8545808792115, 40.737640380859403 ], [ 13.8545808792115, 40.737918853759801 ], [ 13.854861259460501, 40.737915039062599 ], [ 13.854861259460501, 40.738193511962898 ], [ 13.8551397323609, 40.738193511962898 ], [ 13.8551397323609, 40.738471984863303 ], [ 13.855692863464499, 40.738471984863303 ], [ 13.855695724487401, 40.7387504577637 ], [ 13.855971336364901, 40.7387504577637 ], [ 13.855971336364901, 40.739028930664098 ], [ 13.856248855590801, 40.739028930664098 ], [ 13.856248855590801, 40.739860534668097 ], [ 13.8565282821656, 40.739860534668097 ], [ 13.8565282821656, 40.740139007568501 ], [ 13.856805801391699, 40.740139007568501 ], [ 13.856805801391699, 40.740417480468899 ], [ 13.8573617935182, 40.740417480468899 ], [ 13.857358932495099, 40.740139007568501 ], [ 13.857917785644499, 40.740139007568501 ], [ 13.857917785644499, 40.739860534668097 ], [ 13.8581943511963, 40.739860534668097 ], [ 13.8581943511963, 40.739582061767699 ], [ 13.858469009399499, 40.739582061767699 ], [ 13.858471870422401, 40.739311218261797 ], [ 13.859306335449199, 40.739307403564503 ], [ 13.8593082427978, 40.739028930664098 ], [ 13.8595838546753, 40.739028930664098 ], [ 13.859581947326699, 40.7387504577637 ], [ 13.860969543456999, 40.7387504577637 ], [ 13.86097240448, 40.739028930664098 ], [ 13.861249923706101, 40.739028930664098 ], [ 13.861249923706101, 40.739307403564503 ], [ 13.8615283966065, 40.739307403564503 ], [ 13.8615283966065, 40.739582061767699 ], [ 13.861805915832599, 40.739582061767699 ], [ 13.861805915832599, 40.739860534668097 ], [ 13.862081527709901, 40.739860534668097 ], [ 13.862081527709901, 40.740139007568501 ], [ 13.8623600006103, 40.740139007568501 ], [ 13.8623600006103, 40.740417480468899 ], [ 13.8626384735107, 40.740417480468899 ], [ 13.8626384735107, 40.740695953369197 ], [ 13.8629159927368, 40.740695953369197 ], [ 13.8629159927368, 40.740970611572301 ], [ 13.863471984863301, 40.740970611572301 ], [ 13.863471984863301, 40.741249084472699 ], [ 13.863750457763601, 40.741249084472699 ], [ 13.863750457763601, 40.741527557372997 ], [ 13.8640279769897, 40.741527557372997 ], [ 13.8640298843385, 40.741806030273402 ], [ 13.864306449890099, 40.741809844970803 ], [ 13.864306449890099, 40.742084503173899 ], [ 13.864582061767599, 40.742084503173899 ], [ 13.864582061767599, 40.742637634277301 ], [ 13.8648595809937, 40.742641448974702 ], [ 13.8648595809937, 40.742916107177699 ], [ 13.8651380538941, 40.742916107177699 ], [ 13.8651380538941, 40.743751525878899 ], [ 13.865415573120201, 40.743751525878899 ], [ 13.865415573120201, 40.7451400756837 ], [ 13.865692138671999, 40.7451400756837 ], [ 13.8656940460206, 40.746250152587997 ], [ 13.8659696578981, 40.746250152587997 ], [ 13.8659715652466, 40.747081756591797 ], [ 13.866250038146999, 40.747081756591797 ], [ 13.866250038146999, 40.748195648193303 ], [ 13.8665275573731, 40.748195648193303 ], [ 13.8665275573731, 40.748474121093899 ], [ 13.866804122924901, 40.748474121093899 ], [ 13.8668060302735, 40.749027252197301 ], [ 13.867083549499601, 40.749027252197301 ], [ 13.867083549499601, 40.749862670898402 ], [ 13.867360115051399, 40.749862670898402 ], [ 13.867360115051399, 40.750415802002003 ], [ 13.8676376342775, 40.750415802002003 ], [ 13.8676376342775, 40.750694274902401 ], [ 13.8679161071778, 40.750694274902401 ], [ 13.8679161071778, 40.750972747802798 ], [ 13.8681898117066, 40.750972747802798 ], [ 13.8681936264037, 40.751804351806797 ], [ 13.8676376342775, 40.751804351806797 ], [ 13.8676414489747, 40.752079010009801 ], [ 13.867081642151, 40.752082824707102 ], [ 13.867081642151, 40.7523612976075 ], [ 13.8656940460206, 40.7523612976075 ], [ 13.8656940460206, 40.752639770507898 ], [ 13.864308357238899, 40.752639770507898 ], [ 13.864306449890099, 40.752918243408303 ], [ 13.8640279769897, 40.752918243408303 ], [ 13.8640279769897, 40.753189086914098 ], [ 13.863750457763601, 40.7531929016113 ], [ 13.863750457763601, 40.753471374511697 ], [ 13.863471984863301, 40.753471374511697 ], [ 13.863471984863301, 40.753749847412102 ], [ 13.8631944656372, 40.753749847412102 ], [ 13.8631916046143, 40.754306793212798 ], [ 13.8629198074341, 40.754310607910199 ], [ 13.8629198074341, 40.755142211914198 ], [ 13.862640380859499, 40.755142211914198 ], [ 13.862640380859499, 40.755420684814602 ], [ 13.8623600006103, 40.755420684814602 ], [ 13.8623600006103, 40.755695343017599 ], [ 13.862084388733001, 40.755699157715 ], [ 13.862084388733001, 40.7562484741212 ], [ 13.8618078231812, 40.7562484741212 ], [ 13.8618078231812, 40.7565307617188 ], [ 13.8615283966065, 40.756526947021499 ], [ 13.8615283966065, 40.757637023925703 ], [ 13.861805915832599, 40.757637023925703 ], [ 13.861805915832599, 40.758193969726698 ], [ 13.8629159927368, 40.758193969726698 ], [ 13.8629159927368, 40.758472442627102 ], [ 13.8631916046143, 40.758472442627102 ], [ 13.8631944656372, 40.7587509155275 ], [ 13.8640279769897, 40.7587509155275 ], [ 13.8640279769897, 40.759029388427798 ], [ 13.864582061767599, 40.759029388427798 ], [ 13.864582061767599, 40.759304046630902 ], [ 13.8648624420166, 40.759304046630902 ], [ 13.8648624420166, 40.7595825195312 ], [ 13.865692138671999, 40.7595825195312 ], [ 13.8656940460206, 40.759860992431598 ], [ 13.8679161071778, 40.759860992431598 ], [ 13.8679161071778, 40.760139465332003 ], [ 13.8684701919556, 40.760139465332003 ], [ 13.8684701919556, 40.760417938232401 ], [ 13.8687505722047, 40.760417938232401 ], [ 13.8687505722047, 40.760692596435597 ], [ 13.869859695434601, 40.760692596435597 ], [ 13.869859695434601, 40.760971069336001 ], [ 13.8701391220093, 40.760971069336001 ], [ 13.8701391220093, 40.761249542236399 ], [ 13.8704166412354, 40.761249542236399 ], [ 13.8704166412354, 40.761623382568402 ], [ 13.8704166412354, 40.761806488037102 ], [ 13.871137619018601, 40.761806488037102 ], [ 13.871805191040099, 40.761806488037102 ] ] ], [ [ [ 14.0170841217041, 40.771251678466903 ], [ 14.0170812606812, 40.770969390869197 ], [ 14.017361640930201, 40.770973205566499 ], [ 14.017361640930201, 40.770694732666101 ], [ 14.0176401138306, 40.770694732666101 ], [ 14.0176401138306, 40.770416259765597 ], [ 14.0179176330566, 40.770420074462898 ], [ 14.0179176330566, 40.770137786865199 ], [ 14.0181932449341, 40.770137786865199 ], [ 14.0181932449341, 40.769584655761797 ], [ 14.0184707641603, 40.769580841064503 ], [ 14.0184736251831, 40.769027709961101 ], [ 14.019029617309601, 40.769027709961101 ], [ 14.019027709961, 40.768196105957003 ], [ 14.019306182861399, 40.768196105957003 ], [ 14.019306182861399, 40.767917633056697 ], [ 14.019578933715801, 40.767917633056697 ], [ 14.0195837020875, 40.7676391601563 ], [ 14.019859313964799, 40.7676391601563 ], [ 14.019859313964799, 40.767360687255902 ], [ 14.020139694214, 40.767360687255902 ], [ 14.020139694214, 40.767082214355497 ], [ 14.0204162597657, 40.767082214355497 ], [ 14.0204162597657, 40.766803741455099 ], [ 14.020972251891999, 40.766803741455099 ], [ 14.020972251891999, 40.766529083251903 ], [ 14.0226402282715, 40.766529083251903 ], [ 14.0226402282715, 40.766250610351598 ], [ 14.0240278244019, 40.766250610351598 ], [ 14.0240278244019, 40.766529083251903 ], [ 14.024306297302299, 40.766529083251903 ], [ 14.024306297302299, 40.766803741455099 ], [ 14.024581909179799, 40.766803741455099 ], [ 14.0245838165284, 40.767082214355497 ], [ 14.025139808654799, 40.767082214355497 ], [ 14.0251379013063, 40.766803741455099 ], [ 14.0259723663331, 40.766803741455099 ], [ 14.0259723663331, 40.766529083251903 ], [ 14.028470039367701, 40.766529083251903 ], [ 14.028470039367701, 40.766250610351598 ], [ 14.0290279388428, 40.766250610351598 ], [ 14.0290279388428, 40.7659721374512 ], [ 14.030415534973301, 40.7659721374512 ], [ 14.030415534973301, 40.765693664550803 ], [ 14.0312509536744, 40.765693664550803 ], [ 14.0312509536744, 40.765415191650398 ], [ 14.031806945800801, 40.765415191650398 ], [ 14.031806945800801, 40.765693664550803 ], [ 14.0323610305787, 40.765693664550803 ], [ 14.0323610305787, 40.7659721374512 ], [ 14.0326385498046, 40.7659721374512 ], [ 14.0326385498046, 40.766250610351598 ], [ 14.0323610305787, 40.766250610351598 ], [ 14.0323610305787, 40.7664184570312 ], [ 14.0323610305787, 40.767360687255902 ], [ 14.032917022705, 40.767360687255902 ], [ 14.032917022705, 40.7676391601563 ], [ 14.0334730148315, 40.7676391601563 ], [ 14.033471107482899, 40.76664352417 ], [ 14.033470153808601, 40.766529083251903 ], [ 14.033748626709, 40.766529083251903 ], [ 14.033748626709, 40.766250610351598 ], [ 14.034304618835399, 40.766250610351598 ], [ 14.034309387207101, 40.7659721374512 ], [ 14.034860610961999, 40.7659721374512 ], [ 14.034860610961999, 40.765689849853601 ], [ 14.0356950759888, 40.765693664550803 ], [ 14.0356950759888, 40.765415191650398 ], [ 14.037031173706101, 40.765415191650398 ], [ 14.037359237670801, 40.765415191650398 ], [ 14.037361145019601, 40.764862060547003 ], [ 14.0376386642457, 40.764862060547003 ], [ 14.0376386642457, 40.763473510742202 ], [ 14.037093162536699, 40.763473510742202 ], [ 14.0362510681153, 40.763473510742202 ], [ 14.0362510681153, 40.763195037841903 ], [ 14.0359706878663, 40.763198852539098 ], [ 14.0359706878663, 40.762641906738303 ], [ 14.0362510681153, 40.762638092041101 ], [ 14.0362510681153, 40.762088775634901 ], [ 14.036528587341399, 40.7620849609375 ], [ 14.0365266799928, 40.761528015136797 ], [ 14.036249160766699, 40.761531829834098 ], [ 14.0362510681153, 40.760971069336001 ], [ 14.0359706878663, 40.760971069336001 ], [ 14.0359706878663, 40.760692596435597 ], [ 14.0354166030884, 40.760692596435597 ], [ 14.0354166030884, 40.760417938232401 ], [ 14.034860610961999, 40.760421752929702 ], [ 14.034860610961999, 40.760139465332003 ], [ 14.033470153808601, 40.760139465332003 ], [ 14.033470153808601, 40.7587509155275 ], [ 14.033189773559601, 40.7587509155275 ], [ 14.033194541931101, 40.758472442627102 ], [ 14.033470153808601, 40.758468627929702 ], [ 14.0334730148315, 40.758193969726698 ], [ 14.033194541931101, 40.758193969726698 ], [ 14.033194541931101, 40.7579154968263 ], [ 14.032081604003899, 40.757919311523501 ], [ 14.032081604003899, 40.758193969726698 ], [ 14.031806945800801, 40.758193969726698 ], [ 14.031806945800801, 40.7595825195312 ], [ 14.031525611877401, 40.7595825195312 ], [ 14.031525611877401, 40.759860992431598 ], [ 14.031806945800801, 40.759860992431598 ], [ 14.031806945800801, 40.760139465332003 ], [ 14.032081604003899, 40.760139465332003 ], [ 14.032081604003899, 40.760692596435597 ], [ 14.031806945800801, 40.760692596435597 ], [ 14.031808853149499, 40.760971069336001 ], [ 14.030973434448301, 40.760971069336001 ], [ 14.030973434448301, 40.761249542236399 ], [ 14.028470039367701, 40.761249542236399 ], [ 14.028470039367701, 40.760971069336001 ], [ 14.027915954589799, 40.760971069336001 ], [ 14.027915954589799, 40.760692596435597 ], [ 14.0273599624634, 40.760692596435597 ], [ 14.0273599624634, 40.760417938232401 ], [ 14.0268058776857, 40.760417938232401 ], [ 14.0268058776857, 40.760139465332003 ], [ 14.026528358459601, 40.760139465332003 ], [ 14.026528358459601, 40.759860992431598 ], [ 14.0251379013063, 40.759860992431598 ], [ 14.0251379013063, 40.7595825195312 ], [ 14.024581909179799, 40.7595825195312 ], [ 14.024581909179799, 40.759304046630902 ], [ 14.024306297302299, 40.759304046630902 ], [ 14.024306297302299, 40.759029388427798 ], [ 14.0240278244019, 40.759029388427798 ], [ 14.0240278244019, 40.7587509155275 ], [ 14.0226402282715, 40.7587509155275 ], [ 14.0226402282715, 40.758472442627102 ], [ 14.022084236145, 40.758472442627102 ], [ 14.022084236145, 40.7579154968263 ], [ 14.0218057632446, 40.7579154968263 ], [ 14.0218057632446, 40.757362365722699 ], [ 14.0215282440185, 40.757362365722699 ], [ 14.0215282440185, 40.757083892822301 ], [ 14.0212497711181, 40.757083892822301 ], [ 14.0212497711181, 40.756805419921903 ], [ 14.0208826065063, 40.756805419921903 ], [ 14.0206937789916, 40.756805419921903 ], [ 14.0206937789916, 40.756526947021499 ], [ 14.0204162597657, 40.756526947021499 ], [ 14.0204162597657, 40.7562484741212 ], [ 14.020139694214, 40.7562484741212 ], [ 14.020139694214, 40.755416870117202 ], [ 14.019859313964799, 40.755420684814602 ], [ 14.0198621749878, 40.755142211914198 ], [ 14.020139694214, 40.755138397216903 ], [ 14.020139694214, 40.754859924316499 ], [ 14.0204162597657, 40.754859924316499 ], [ 14.0204162597657, 40.754306793212798 ], [ 14.0212497711181, 40.754306793212798 ], [ 14.0212497711181, 40.7540283203125 ], [ 14.0218076705934, 40.754032135009801 ], [ 14.0218076705934, 40.753749847412102 ], [ 14.0231943130493, 40.753749847412102 ], [ 14.0231924057007, 40.753471374511697 ], [ 14.0240278244019, 40.753471374511697 ], [ 14.0240278244019, 40.7531929016113 ], [ 14.024306297302299, 40.7531929016113 ], [ 14.024306297302299, 40.752918243408303 ], [ 14.024860382080201, 40.752918243408303 ], [ 14.024860382080201, 40.752639770507898 ], [ 14.025418281555201, 40.752639770507898 ], [ 14.025416374206699, 40.7523612976075 ], [ 14.025693893432701, 40.7523612976075 ], [ 14.025693893432701, 40.751804351806797 ], [ 14.0259723663331, 40.751800537109403 ], [ 14.0259723663331, 40.751529693603601 ], [ 14.025693893432701, 40.751525878906399 ], [ 14.025691986084, 40.751251220703203 ], [ 14.025416374206699, 40.751251220703203 ], [ 14.025416374206699, 40.750972747802798 ], [ 14.025570869445801, 40.750972747802798 ], [ 14.025693893432701, 40.750972747802798 ], [ 14.025693893432701, 40.750137329101598 ], [ 14.025416374206699, 40.750137329101598 ], [ 14.025416374206699, 40.749862670898402 ], [ 14.0251379013063, 40.749862670898402 ], [ 14.0251379013063, 40.749584197997997 ], [ 14.024581909179799, 40.749584197997997 ], [ 14.024581909179799, 40.749305725097599 ], [ 14.024306297302299, 40.749305725097599 ], [ 14.024306297302299, 40.749027252197301 ], [ 14.0234718322754, 40.749027252197301 ], [ 14.0234718322754, 40.749580383300902 ], [ 14.0231943130493, 40.749584197997997 ], [ 14.0231943130493, 40.749862670898402 ], [ 14.0226402282715, 40.749862670898402 ], [ 14.0226402282715, 40.7501411437988 ], [ 14.021530151367299, 40.7501411437988 ], [ 14.021530151367299, 40.750419616699197 ], [ 14.0204162597657, 40.750415802002003 ], [ 14.0204162597657, 40.750694274902401 ], [ 14.0184736251831, 40.750694274902401 ], [ 14.0184707641603, 40.750415802002003 ], [ 14.0176401138306, 40.750415802002003 ], [ 14.0176401138306, 40.750137329101598 ], [ 14.0159711837769, 40.7501411437988 ], [ 14.0159711837769, 40.749862670898402 ], [ 14.015138626098601, 40.749862670898402 ], [ 14.015138626098601, 40.749584197997997 ], [ 14.0145826339721, 40.749584197997997 ], [ 14.0145807266235, 40.749309539795 ], [ 14.0143079757691, 40.749305725097599 ], [ 14.0143051147462, 40.749027252197301 ], [ 14.014026641845801, 40.749027252197301 ], [ 14.014026641845801, 40.747585296631001 ], [ 14.014026641845801, 40.747360229492202 ], [ 14.0137491226197, 40.747360229492202 ], [ 14.0137491226197, 40.7451400756837 ], [ 14.0140285491944, 40.7451400756837 ], [ 14.014026641845801, 40.744583129882898 ], [ 14.0143051147462, 40.744583129882898 ], [ 14.0143051147462, 40.743751525878899 ], [ 14.0145826339721, 40.743751525878899 ], [ 14.0145826339721, 40.743194580078097 ], [ 14.014859199523899, 40.743190765381001 ], [ 14.014861106872701, 40.742637634277301 ], [ 14.015419960021999, 40.742637634277301 ], [ 14.015417098999, 40.742362976074297 ], [ 14.015695571899499, 40.742362976074297 ], [ 14.015695571899499, 40.742084503173899 ], [ 14.0159711837769, 40.742080688476598 ], [ 14.0159711837769, 40.741806030273402 ], [ 14.016251564025801, 40.741806030273402 ], [ 14.016248703002899, 40.741527557372997 ], [ 14.016530036926399, 40.741527557372997 ], [ 14.016527175903301, 40.741249084472699 ], [ 14.0168046951294, 40.741249084472699 ], [ 14.0168046951294, 40.740447998047003 ], [ 14.0169229507447, 40.740417480468899 ], [ 14.017358779907299, 40.740417480468899 ], [ 14.0173597335816, 40.740306854248097 ], [ 14.017361640930201, 40.740139007568501 ], [ 14.0176401138306, 40.740139007568501 ], [ 14.0176401138306, 40.739582061767699 ], [ 14.0179176330566, 40.739582061767699 ], [ 14.0179176330566, 40.739307403564503 ], [ 14.017358779907299, 40.739311218261797 ], [ 14.017358779907299, 40.739028930664098 ], [ 14.0170812606812, 40.739028930664098 ], [ 14.0170812606812, 40.7387504577637 ], [ 14.016248703002899, 40.7387504577637 ], [ 14.016251564025801, 40.739028930664098 ], [ 14.0159711837769, 40.739028930664098 ], [ 14.0159711837769, 40.739307403564503 ], [ 14.0143051147462, 40.739307403564503 ], [ 14.0143079757691, 40.739582061767699 ], [ 14.0134706497194, 40.739582061767699 ], [ 14.0134725570679, 40.739860534668097 ], [ 14.0126390457154, 40.739860534668097 ], [ 14.0126390457154, 40.740139007568501 ], [ 14.012360572815, 40.740139007568501 ], [ 14.012360572815, 40.740417480468899 ], [ 14.011807441711399, 40.740421295166001 ], [ 14.011807441711399, 40.740699768066399 ], [ 14.0115270614625, 40.740695953369197 ], [ 14.011528968811, 40.740970611572301 ], [ 14.010971069336, 40.740970611572301 ], [ 14.010971069336, 40.741249084472699 ], [ 14.0106954574585, 40.741249084472699 ], [ 14.010690689086999, 40.741527557372997 ], [ 14.0104188919069, 40.741531372070398 ], [ 14.0104188919069, 40.741809844970803 ], [ 14.010139465331999, 40.741806030273402 ], [ 14.010139465331999, 40.742080688476598 ], [ 14.0098609924316, 40.742084503173899 ], [ 14.0098609924316, 40.742359161377003 ], [ 14.009580612182599, 40.742362976074297 ], [ 14.009580612182599, 40.742637634277301 ], [ 14.009306907653899, 40.742637634277301 ], [ 14.009306907653899, 40.742916107177699 ], [ 14.009026527404799, 40.742916107177699 ], [ 14.0090293884278, 40.743190765381001 ], [ 14.0087509155275, 40.743194580078097 ], [ 14.0087509155275, 40.744861602783303 ], [ 14.009026527404799, 40.744861602783303 ], [ 14.0090293884278, 40.7451400756837 ], [ 14.0087509155275, 40.7451400756837 ], [ 14.0087509155275, 40.745693206787202 ], [ 14.008470535278301, 40.745689392089801 ], [ 14.008470535278301, 40.745971679687599 ], [ 14.007638931274499, 40.745971679687599 ], [ 14.007638931274499, 40.746250152587997 ], [ 14.006528854370099, 40.746250152587997 ], [ 14.006528854370099, 40.745971679687599 ], [ 14.005970001220801, 40.745971679687599 ], [ 14.005970001220801, 40.745693206787202 ], [ 14.0056915283204, 40.745693206787202 ], [ 14.0056915283204, 40.745418548583999 ], [ 14.005139350891101, 40.745418548583999 ], [ 14.005139350891101, 40.7451400756837 ], [ 14.0045824050903, 40.7451400756837 ], [ 14.004579544067401, 40.744861602783303 ], [ 14.0029163360597, 40.744861602783303 ], [ 14.0029163360597, 40.7451400756837 ], [ 14.0026407241822, 40.7451400756837 ], [ 14.0026378631591, 40.745418548583999 ], [ 14.0020847320557, 40.745418548583999 ], [ 14.0020847320557, 40.745693206787202 ], [ 14.0018043518068, 40.745693206787202 ], [ 14.0018062591553, 40.745971679687599 ], [ 14.001250267028899, 40.745971679687599 ], [ 14.001250267028899, 40.746250152587997 ], [ 14.000969886779901, 40.746250152587997 ], [ 14.000969886779901, 40.746528625488402 ], [ 14.000694274902401, 40.746528625488402 ], [ 14.0006923675538, 40.7468070983888 ], [ 14.000415802001999, 40.7468070983888 ], [ 14.0004177093506, 40.747081756591797 ], [ 14.0001382827759, 40.747081756591797 ], [ 14.0001382827759, 40.747360229492202 ], [ 13.9990282058716, 40.747360229492202 ], [ 13.9990282058716, 40.747638702392599 ], [ 13.9970817565918, 40.747638702392599 ], [ 13.9970817565918, 40.747360229492202 ], [ 13.996250152588001, 40.747360229492202 ], [ 13.996250152588001, 40.747081756591797 ], [ 13.995887756347701, 40.747081756591797 ], [ 13.9956941604615, 40.747081756591797 ], [ 13.9956922531129, 40.746528625488402 ], [ 13.995415687561101, 40.746528625488402 ], [ 13.995415687561101, 40.746250152587997 ], [ 13.9951400756837, 40.746250152587997 ], [ 13.9951400756837, 40.745693206787202 ], [ 13.994859695434601, 40.745693206787202 ], [ 13.994859695434601, 40.7443046569825 ], [ 13.995415687561101, 40.7443046569825 ], [ 13.995415687561101, 40.744026184082102 ], [ 13.9956922531129, 40.744026184082102 ], [ 13.9956922531129, 40.743469238281399 ], [ 13.9965276718141, 40.743473052978501 ], [ 13.9965276718141, 40.743194580078097 ], [ 13.997083663940501, 40.743194580078097 ], [ 13.997083663940501, 40.742916107177699 ], [ 13.9973602294921, 40.742916107177699 ], [ 13.9973602294921, 40.742080688476598 ], [ 13.997637748718301, 40.742084503173899 ], [ 13.997637748718301, 40.741806030273402 ], [ 13.997918128967401, 40.741806030273402 ], [ 13.997917175292899, 40.741138458251903 ], [ 13.9979162216187, 40.740139007568501 ], [ 13.997637748718301, 40.740139007568501 ], [ 13.997637748718301, 40.739860534668097 ], [ 13.9970817565918, 40.739860534668097 ], [ 13.9970817565918, 40.739582061767699 ], [ 13.995971679687599, 40.739582061767699 ], [ 13.995971679687599, 40.739860534668097 ], [ 13.9956941604615, 40.739860534668097 ], [ 13.9956922531129, 40.740139007568501 ], [ 13.9951400756837, 40.740139007568501 ], [ 13.9951400756837, 40.740421295166001 ], [ 13.9931936264038, 40.740421295166001 ], [ 13.9931936264038, 40.740695953369197 ], [ 13.9926395416259, 40.740699768066399 ], [ 13.9926366806031, 40.740970611572301 ], [ 13.992362022399799, 40.740970611572301 ], [ 13.992362022399799, 40.741249084472699 ], [ 13.992083549499499, 40.741249084472699 ], [ 13.9920806884766, 40.741527557372997 ], [ 13.991807937622101, 40.741531372070398 ], [ 13.991807937622101, 40.741809844970803 ], [ 13.991527557373001, 40.741806030273402 ], [ 13.991527557373001, 40.742080688476598 ], [ 13.990693092346101, 40.742084503173899 ], [ 13.990693092346101, 40.742362976074297 ], [ 13.990420341491699, 40.742362976074297 ], [ 13.9904184341431, 40.742641448974702 ], [ 13.990139961242701, 40.742641448974702 ], [ 13.990139961242701, 40.744026184082102 ], [ 13.9904184341431, 40.744026184082102 ], [ 13.9904184341431, 40.7443046569825 ], [ 13.990691184997599, 40.7443046569825 ], [ 13.990693092346101, 40.744861602783303 ], [ 13.9909706115722, 40.744861602783303 ], [ 13.9909706115722, 40.745971679687599 ], [ 13.991249084472599, 40.745971679687599 ], [ 13.991249084472599, 40.746250152587997 ], [ 13.991527557373001, 40.746250152587997 ], [ 13.991527557373001, 40.747081756591797 ], [ 13.991806030273599, 40.747081756591797 ], [ 13.991806030273599, 40.747360229492202 ], [ 13.9920806884766, 40.747360229492202 ], [ 13.992083549499499, 40.747638702392599 ], [ 13.992362022399799, 40.747638702392599 ], [ 13.992362022399799, 40.747917175292898 ], [ 13.9926366806031, 40.747917175292898 ], [ 13.9926366806031, 40.748195648193303 ], [ 13.9930171966553, 40.748195648193303 ], [ 13.9931936264038, 40.748195648193303 ], [ 13.9931945800781, 40.748363494873203 ], [ 13.993195533752401, 40.748470306396499 ], [ 13.993310928344799, 40.748470306396499 ], [ 13.993472099304199, 40.748474121093899 ], [ 13.993472099304199, 40.748622894287102 ], [ 13.993472099304199, 40.748748779296903 ], [ 13.993608474731399, 40.748748779296903 ], [ 13.9937496185303, 40.748748779296903 ], [ 13.9937496185303, 40.7488822937012 ], [ 13.9937496185303, 40.749027252197301 ], [ 13.9939079284669, 40.749027252197301 ], [ 13.9940280914307, 40.749027252197301 ], [ 13.9940280914307, 40.749137878417997 ], [ 13.9940280914307, 40.749305725097599 ], [ 13.9942169189454, 40.749305725097599 ], [ 13.996250152588001, 40.749305725097599 ], [ 13.996250152588001, 40.749031066894602 ], [ 13.9970817565918, 40.749027252197301 ], [ 13.9970817565918, 40.748748779296903 ], [ 13.9973487854004, 40.748748779296903 ], [ 13.997918128967401, 40.748748779296903 ], [ 13.9979162216187, 40.748474121093899 ], [ 13.9990282058716, 40.748470306396499 ], [ 13.9990282058716, 40.748199462890703 ], [ 13.999859809875501, 40.748195648193303 ], [ 14.000690460205, 40.748195648193303 ], [ 14.000694274902401, 40.747920989990298 ], [ 14.0018777847291, 40.747920989990298 ], [ 14.0020818710328, 40.747920989990298 ], [ 14.0020818710328, 40.748195648193303 ], [ 14.0026378631591, 40.748195648193303 ], [ 14.0026378631591, 40.748470306396499 ], [ 14.0028400421143, 40.748474121093899 ], [ 14.0029163360597, 40.7485160827637 ], [ 14.0029163360597, 40.748748779296903 ], [ 14.0030965805054, 40.748748779296903 ], [ 14.003191947936999, 40.748748779296903 ], [ 14.003191947936999, 40.748874664306697 ], [ 14.003191947936999, 40.749305725097599 ], [ 14.003473281860501, 40.749305725097599 ], [ 14.003473281860501, 40.749862670898402 ], [ 14.0037508010865, 40.749862670898402 ], [ 14.0037508010865, 40.750137329101598 ], [ 14.004026412963899, 40.750137329101598 ], [ 14.004031181335501, 40.750415802002003 ], [ 14.0043067932128, 40.750419616699197 ], [ 14.0043067932128, 40.750972747802798 ], [ 14.0045824050903, 40.750972747802798 ], [ 14.0045824050903, 40.751251220703203 ], [ 14.004859924316399, 40.751251220703203 ], [ 14.004859924316399, 40.751525878906399 ], [ 14.005139350891101, 40.751525878906399 ], [ 14.005139350891101, 40.751625061035199 ], [ 14.005139350891101, 40.752082824707102 ], [ 14.0054168701172, 40.752082824707102 ], [ 14.0054168701172, 40.752639770507898 ], [ 14.005695343017599, 40.752639770507898 ], [ 14.005695343017599, 40.7531929016113 ], [ 14.005970001220801, 40.7531929016113 ], [ 14.005970001220801, 40.753749847412102 ], [ 14.006251335144, 40.753749847412102 ], [ 14.0062484741212, 40.754306793212798 ], [ 14.006528854370099, 40.754306793212798 ], [ 14.006528854370099, 40.754859924316499 ], [ 14.0068054199219, 40.754859924316499 ], [ 14.0068092346191, 40.755138397216903 ], [ 14.007082939148001, 40.755142211914198 ], [ 14.007080078124901, 40.755695343017599 ], [ 14.0073614120484, 40.755699157715 ], [ 14.0073614120484, 40.7562484741212 ], [ 14.007638931274499, 40.7562484741212 ], [ 14.007638931274499, 40.756526947021499 ], [ 14.007917404174901, 40.756526947021499 ], [ 14.007917404174901, 40.757083892822301 ], [ 14.008194923401, 40.757083892822301 ], [ 14.008194923401, 40.757362365722699 ], [ 14.008470535278301, 40.757362365722699 ], [ 14.008470535278301, 40.757919311523501 ], [ 14.0087509155275, 40.7579154968263 ], [ 14.0087509155275, 40.758193969726698 ], [ 14.009026527404799, 40.758193969726698 ], [ 14.009026527404799, 40.7587509155275 ], [ 14.009306907653899, 40.7587509155275 ], [ 14.009306907653899, 40.759029388427798 ], [ 14.009026527404799, 40.759029388427798 ], [ 14.0090293884278, 40.759578704833999 ], [ 14.0087509155275, 40.7595825195312 ], [ 14.0087509155275, 40.759860992431598 ], [ 14.008470535278301, 40.759860992431598 ], [ 14.008470535278301, 40.760139465332003 ], [ 14.008194923401, 40.760139465332003 ], [ 14.0081930160522, 40.760688781738203 ], [ 14.0068054199219, 40.760692596435597 ], [ 14.0068054199219, 40.760421752929702 ], [ 14.006528854370099, 40.760417938232401 ], [ 14.006528854370099, 40.760971069336001 ], [ 14.005970001220801, 40.760971069336001 ], [ 14.0059728622437, 40.761249542236399 ], [ 14.005418777465801, 40.761249542236399 ], [ 14.005418777465801, 40.761810302734503 ], [ 14.0045824050903, 40.761810302734503 ], [ 14.0045824050903, 40.7620849609375 ], [ 14.0043067932128, 40.7620849609375 ], [ 14.0043067932128, 40.762638092041101 ], [ 14.004026412963899, 40.762638092041101 ], [ 14.004026412963899, 40.763195037841903 ], [ 14.005139350891101, 40.763195037841903 ], [ 14.005139350891101, 40.763473510742202 ], [ 14.005695343017599, 40.763473510742202 ], [ 14.005695343017599, 40.763198852539098 ], [ 14.005970001220801, 40.763195037841903 ], [ 14.005970001220801, 40.7629203796387 ], [ 14.006528854370099, 40.762916564941499 ], [ 14.006528854370099, 40.762638092041101 ], [ 14.007917404174901, 40.762638092041101 ], [ 14.007917404174901, 40.762916564941499 ], [ 14.0087509155275, 40.762916564941499 ], [ 14.0087509155275, 40.764583587646598 ], [ 14.008470535278301, 40.764579772949297 ], [ 14.0084733963013, 40.764862060547003 ], [ 14.007917404174901, 40.764862060547003 ], [ 14.0079193115235, 40.765415191650398 ], [ 14.0081930160522, 40.765419006347798 ], [ 14.008194923401, 40.766250610351598 ], [ 14.008470535278301, 40.766250610351598 ], [ 14.008470535278301, 40.766529083251903 ], [ 14.0087509155275, 40.766529083251903 ], [ 14.0087509155275, 40.766803741455099 ], [ 14.009026527404799, 40.766803741455099 ], [ 14.009026527404799, 40.767082214355497 ], [ 14.009306907653899, 40.767082214355497 ], [ 14.009306907653899, 40.768196105957003 ], [ 14.009583473205501, 40.768196105957003 ], [ 14.009583473205501, 40.769306182861399 ], [ 14.0108633041381, 40.769306182861399 ], [ 14.011248588562101, 40.769306182861399 ], [ 14.011248588562101, 40.769031524658203 ], [ 14.0118045806885, 40.769027709961101 ], [ 14.0118045806885, 40.769306182861399 ], [ 14.013193130493301, 40.769306182861399 ], [ 14.013193130493301, 40.769584655761797 ], [ 14.0143051147462, 40.769584655761797 ], [ 14.0143051147462, 40.769859313964801 ], [ 14.0145807266235, 40.769859313964801 ], [ 14.0145807266235, 40.770137786865199 ], [ 14.014859199523899, 40.770141601562599 ], [ 14.014859199523899, 40.770416259765597 ], [ 14.015417098999, 40.770416259765597 ], [ 14.015417098999, 40.770694732666101 ], [ 14.0159711837769, 40.770694732666101 ], [ 14.0159711837769, 40.770973205566499 ], [ 14.016527175903301, 40.770973205566499 ], [ 14.016527175903301, 40.771251678466903 ], [ 14.0166845321656, 40.771251678466903 ], [ 14.0170841217041, 40.771251678466903 ] ] ], [ [ [ 14.0368051528932, 40.7995834350587 ], [ 14.0368051528932, 40.799304962158303 ], [ 14.037361145019601, 40.799304962158303 ], [ 14.037361145019601, 40.799041748046903 ], [ 14.0376386642457, 40.799026489257798 ], [ 14.0376386642457, 40.798751831054702 ], [ 14.037917137146099, 40.798751831054702 ], [ 14.037917137146099, 40.798194885253999 ], [ 14.0376386642457, 40.798194885253999 ], [ 14.0376386642457, 40.797916412353601 ], [ 14.0368089675903, 40.797916412353601 ], [ 14.0356950759888, 40.797916412353601 ], [ 14.0356950759888, 40.798194885253999 ], [ 14.0354166030884, 40.798194885253999 ], [ 14.0354166030884, 40.798473358154403 ], [ 14.035139083862299, 40.798473358154403 ], [ 14.035139083862299, 40.798751831054702 ], [ 14.034860610961999, 40.798751831054702 ], [ 14.034860610961999, 40.7995834350587 ], [ 14.0368051528932, 40.7995834350587 ] ] ], [ [ [ 14.289861679077299, 40.833473205566499 ], [ 14.289861679077299, 40.833194732666101 ], [ 14.290415763855, 40.833194732666101 ], [ 14.290415763855, 40.832916259765703 ], [ 14.2906942367554, 40.832916259765703 ], [ 14.2906942367554, 40.832637786865298 ], [ 14.291527748107899, 40.832637786865298 ], [ 14.291527748107899, 40.832359313965 ], [ 14.291806221008301, 40.832359313965 ], [ 14.291806221008301, 40.832084655761697 ], [ 14.2920837402344, 40.832084655761697 ], [ 14.2920837402344, 40.8318061828613 ], [ 14.292362213134799, 40.8318061828613 ], [ 14.292362213134799, 40.831527709961001 ], [ 14.292637825012299, 40.831527709961001 ], [ 14.292637825012299, 40.831249237060597 ], [ 14.2931938171387, 40.831249237060597 ], [ 14.2931938171387, 40.830970764160199 ], [ 14.2934722900391, 40.830970764160199 ], [ 14.2934722900391, 40.830696105957003 ], [ 14.293749809265201, 40.830696105957003 ], [ 14.293749809265201, 40.830417633056598 ], [ 14.294584274291999, 40.830417633056598 ], [ 14.294584274291999, 40.8301391601562 ], [ 14.294859886169499, 40.8301391601562 ], [ 14.294859886169499, 40.829860687255902 ], [ 14.2951402664185, 40.829860687255902 ], [ 14.2951402664185, 40.829582214355497 ], [ 14.295694351196399, 40.829582214355497 ], [ 14.295694351196399, 40.829303741455099 ], [ 14.296250343322701, 40.829303741455099 ], [ 14.296250343322701, 40.829029083252102 ], [ 14.296806335449199, 40.829029083252102 ], [ 14.296806335449199, 40.828750610351698 ], [ 14.297081947326699, 40.828750610351698 ], [ 14.297081947326699, 40.8284721374513 ], [ 14.2973623275756, 40.8284721374513 ], [ 14.2973623275756, 40.828193664550902 ], [ 14.2976379394531, 40.828193664550902 ], [ 14.2976379394531, 40.827915191650497 ], [ 14.2979164123535, 40.827915191650497 ], [ 14.2979164123535, 40.827362060546903 ], [ 14.29847240448, 40.827362060546903 ], [ 14.29847240448, 40.827083587646499 ], [ 14.298749923706101, 40.827083587646499 ], [ 14.298749923706101, 40.8268051147462 ], [ 14.2993068695068, 40.8268051147462 ], [ 14.2993068695068, 40.826526641845803 ], [ 14.299581527710099, 40.826526641845803 ], [ 14.299581527710099, 40.826248168945398 ], [ 14.299860000610501, 40.826248168945398 ], [ 14.299860000610501, 40.825973510742202 ], [ 14.2979164123535, 40.825973510742202 ], [ 14.2979164123535, 40.826248168945398 ], [ 14.2976379394531, 40.826248168945398 ], [ 14.2976379394531, 40.826526641845803 ], [ 14.297081947326699, 40.826526641845803 ], [ 14.297081947326699, 40.8268051147462 ], [ 14.296806335449199, 40.8268051147462 ], [ 14.296806335449199, 40.827362060546903 ], [ 14.2965278625488, 40.827362060546903 ], [ 14.2965278625488, 40.827640533447301 ], [ 14.296250343322701, 40.827640533447301 ], [ 14.296250343322701, 40.827915191650497 ], [ 14.295694351196399, 40.827915191650497 ], [ 14.295694351196399, 40.828193664550902 ], [ 14.295415878295801, 40.828193664550902 ], [ 14.295415878295801, 40.8284721374513 ], [ 14.2951402664185, 40.8284721374513 ], [ 14.2951402664185, 40.828750610351698 ], [ 14.294859886169499, 40.828750610351698 ], [ 14.294859886169499, 40.829029083252102 ], [ 14.294584274291999, 40.829029083252102 ], [ 14.294584274291999, 40.829303741455099 ], [ 14.2940282821656, 40.829303741455099 ], [ 14.2940282821656, 40.829582214355497 ], [ 14.293749809265201, 40.829582214355497 ], [ 14.293749809265201, 40.829860687255902 ], [ 14.292916297912701, 40.829860687255902 ], [ 14.292916297912701, 40.830417633056598 ], [ 14.292362213134799, 40.830417633056598 ], [ 14.292362213134799, 40.830696105957003 ], [ 14.291806221008301, 40.830696105957003 ], [ 14.291806221008301, 40.830970764160199 ], [ 14.291527748107899, 40.830970764160199 ], [ 14.291527748107899, 40.831249237060597 ], [ 14.2912502288818, 40.831249237060597 ], [ 14.2912502288818, 40.831527709961001 ], [ 14.290971755981399, 40.831527709961001 ], [ 14.290971755981399, 40.8318061828613 ], [ 14.2906942367554, 40.8318061828613 ], [ 14.2906942367554, 40.832084655761697 ], [ 14.290140151977701, 40.832084655761697 ], [ 14.290140151977701, 40.832359313965 ], [ 14.289861679077299, 40.832359313965 ], [ 14.289861679077299, 40.832637786865298 ], [ 14.2895841598512, 40.832637786865298 ], [ 14.2895841598512, 40.832916259765703 ], [ 14.2890281677247, 40.832916259765703 ], [ 14.2890281677247, 40.833194732666101 ], [ 14.2887496948243, 40.833194732666101 ], [ 14.2887496948243, 40.833473205566499 ], [ 14.289861679077299, 40.833473205566499 ] ] ], [ [ [ 14.165846824646099, 41.479770660400398 ], [ 14.1661577224732, 41.479766845703097 ], [ 14.1665334701538, 41.4803886413575 ], [ 14.1673278808594, 41.490402221679801 ], [ 14.1678895950318, 41.494201660156399 ], [ 14.168185234069799, 41.495407104492102 ], [ 14.169071197509901, 41.496498107910298 ], [ 14.174280166626, 41.5013427734375 ], [ 14.1746711730957, 41.501693725585902 ], [ 14.175540924072401, 41.500972747802798 ], [ 14.1915292739869, 41.498764038086001 ], [ 14.203055381775, 41.500652313232401 ], [ 14.2057352066041, 41.500923156738402 ], [ 14.2120532989503, 41.499496459961001 ], [ 14.215481758117599, 41.498451232910099 ], [ 14.216383934021099, 41.498069763183501 ], [ 14.216926574706999, 41.497833251953203 ], [ 14.2287845611572, 41.498996734619098 ], [ 14.2332201004028, 41.498893737792997 ], [ 14.2385778427125, 41.498550415039098 ], [ 14.241625785827599, 41.4981880187988 ], [ 14.242506980896099, 41.497650146484503 ], [ 14.2451295852662, 41.4925346374512 ], [ 14.247530937194799, 41.487911224365199 ], [ 14.248044967651399, 41.486949920654297 ], [ 14.2495079040528, 41.4859428405763 ], [ 14.2503023147584, 41.485542297363303 ], [ 14.2559738159181, 41.484992980957102 ], [ 14.261864662170501, 41.485137939453097 ], [ 14.264198303222599, 41.485298156738203 ], [ 14.278435707092299, 41.486839294433601 ], [ 14.2796058654785, 41.487190246582102 ], [ 14.280011177063001, 41.487369537353601 ], [ 14.2824621200563, 41.483448028564602 ], [ 14.286260604858301, 41.481033325195398 ], [ 14.287402153015099, 41.480804443359403 ], [ 14.288459777831999, 41.480533599853601 ], [ 14.289914131164601, 41.480007171631001 ], [ 14.291049003601101, 41.479236602783303 ], [ 14.292401313781699, 41.478134155273501 ], [ 14.293021202087401, 41.477325439453097 ], [ 14.2907495498657, 41.474784851074297 ], [ 14.2904891967775, 41.474494934082102 ], [ 14.2901573181153, 41.474220275878999 ], [ 14.289645195007299, 41.473949432372997 ], [ 14.289191246032701, 41.473789215087898 ], [ 14.288581848144601, 41.4736137390137 ], [ 14.2881288528444, 41.473495483398402 ], [ 14.2877960205079, 41.473449707031399 ], [ 14.2873640060425, 41.473392486572301 ], [ 14.2851619720459, 41.473091125488203 ], [ 14.2932891845704, 41.470405578613402 ], [ 14.298781394958599, 41.469669342041101 ], [ 14.305594444274901, 41.467422485351598 ], [ 14.3077487945557, 41.46639251709 ], [ 14.3088684082031, 41.465812683105597 ], [ 14.3099775314332, 41.465137481689602 ], [ 14.310738563537701, 41.464599609375099 ], [ 14.315671920776399, 41.461147308349702 ], [ 14.3280410766603, 41.454425811767599 ], [ 14.328411102294901, 41.454345703125099 ], [ 14.3298110961913, 41.454319000244098 ], [ 14.330936431884799, 41.4543685913087 ], [ 14.3322505950928, 41.454521179199297 ], [ 14.333433151245099, 41.454715728759801 ], [ 14.3350124359131, 41.455032348632798 ], [ 14.336672782898001, 41.455204010009901 ], [ 14.338121414184601, 41.455348968505902 ], [ 14.3391380310059, 41.455352783203097 ], [ 14.341006278991699, 41.455356597900398 ], [ 14.3430576324463, 41.455070495605497 ], [ 14.3600282669069, 41.449535369872997 ], [ 14.383359909057599, 41.444248199462898 ], [ 14.388773918151999, 41.444244384765703 ], [ 14.389794349670501, 41.444126129150398 ], [ 14.390671730041401, 41.443935394287202 ], [ 14.392820358276399, 41.442920684814503 ], [ 14.3951759338379, 41.441734313964901 ], [ 14.396080017089901, 41.441276550292997 ], [ 14.3969078063965, 41.440792083740199 ], [ 14.3978004455566, 41.440155029296903 ], [ 14.3987379074096, 41.439640045166001 ], [ 14.3999185562134, 41.438987731933601 ], [ 14.4007244110107, 41.438568115234297 ], [ 14.401814460754499, 41.438194274902301 ], [ 14.4025697708131, 41.438343048095703 ], [ 14.405434608459499, 41.439125061035298 ], [ 14.4066734313965, 41.4395561218263 ], [ 14.4133758544922, 41.442211151123097 ], [ 14.420207977295, 41.4361381530763 ], [ 14.427204132080099, 41.432743072509702 ], [ 14.428496360778899, 41.430095672607401 ], [ 14.4295148849488, 41.429859161377102 ], [ 14.439496994018601, 41.428272247314503 ], [ 14.441260337829601, 41.4279975891113 ], [ 14.44291305542, 41.427822113037102 ], [ 14.444623947143601, 41.427886962890597 ], [ 14.445544242858899, 41.4281005859375 ], [ 14.4470834732057, 41.428585052490199 ], [ 14.4489488601684, 41.428695678710902 ], [ 14.454848289489901, 41.428901672363303 ], [ 14.4561777114869, 41.428821563720803 ], [ 14.4568996429444, 41.428302764892699 ], [ 14.4571733474731, 41.427864074707102 ], [ 14.457335472106999, 41.4274711608887 ], [ 14.4574699401857, 41.427066802978501 ], [ 14.4667387008668, 41.4207992553712 ], [ 14.467384338378899, 41.420745849609403 ], [ 14.472541809081999, 41.420726776122997 ], [ 14.477501869201699, 41.420120239257798 ], [ 14.4782209396363, 41.419967651367202 ], [ 14.4790754318237, 41.419296264648402 ], [ 14.4796667099, 41.418777465820298 ], [ 14.479907035827701, 41.4185600280762 ], [ 14.48011302948, 41.418350219726499 ], [ 14.482066154480099, 41.416381835937599 ], [ 14.482766151428301, 41.415592193603501 ], [ 14.4832859039307, 41.414974212646598 ], [ 14.4832410812378, 41.414604187011797 ], [ 14.4820213317872, 41.413040161132798 ], [ 14.4813451766968, 41.412326812744297 ], [ 14.480175971985, 41.411746978759901 ], [ 14.479293823242299, 41.411342620849702 ], [ 14.478864669799901, 41.411159515381001 ], [ 14.4837303161622, 41.403842926025398 ], [ 14.4836750030518, 41.403556823730497 ], [ 14.483611106872599, 41.403228759765703 ], [ 14.483560562133899, 41.402969360351598 ], [ 14.485327720642101, 41.399093627929702 ], [ 14.485760688781699, 41.398323059082003 ], [ 14.4862146377565, 41.397514343261797 ], [ 14.4867267608643, 41.396602630615298 ], [ 14.4870023727418, 41.396110534667997 ], [ 14.4894800186157, 41.391693115234403 ], [ 14.490538597106999, 41.391304016113303 ], [ 14.491533279419, 41.390937805175803 ], [ 14.4925603866578, 41.390556335449197 ], [ 14.493705749511699, 41.390274047851698 ], [ 14.4958248138428, 41.389755249023402 ], [ 14.496918678283601, 41.389488220215 ], [ 14.4980554580688, 41.389209747314602 ], [ 14.499419212341399, 41.389308929443402 ], [ 14.5007858276368, 41.3890380859375 ], [ 14.5043296813965, 41.386001586914098 ], [ 14.5048599243165, 41.3851127624512 ], [ 14.5059452056885, 41.3834838867187 ], [ 14.507599830627401, 41.382999420166001 ], [ 14.5091705322266, 41.382617950439503 ], [ 14.5098628997803, 41.382617950439503 ], [ 14.5102996826172, 41.382659912109503 ], [ 14.5105209350587, 41.382682800292898 ], [ 14.5112018585206, 41.382820129394602 ], [ 14.5182199478151, 41.384696960449297 ], [ 14.521956443786699, 41.3858032226563 ], [ 14.5225038528443, 41.385993957519602 ], [ 14.5231733322144, 41.386207580566499 ], [ 14.523674011230501, 41.386291503906399 ], [ 14.5243797302247, 41.386264801025398 ], [ 14.5254573822021, 41.386123657226598 ], [ 14.5292530059815, 41.385318756103501 ], [ 14.5299606323243, 41.385116577148601 ], [ 14.5315914154053, 41.384490966796903 ], [ 14.532851219177299, 41.384048461914098 ], [ 14.535198211669901, 41.383541107177699 ], [ 14.552395820617701, 41.380371093750099 ], [ 14.5526943206788, 41.380416870117202 ], [ 14.552991867065501, 41.380527496337898 ], [ 14.553322792053301, 41.380729675293097 ], [ 14.5540981292725, 41.381504058837898 ], [ 14.556589126586999, 41.384151458740199 ], [ 14.565114974975501, 41.391666412353601 ], [ 14.565579414367701, 41.392036437988303 ], [ 14.565899848938001, 41.392292022705199 ], [ 14.5663290023804, 41.392581939697301 ], [ 14.567197799682701, 41.393115997314503 ], [ 14.575213432311999, 41.391201019287102 ], [ 14.5754652023316, 41.39111328125 ], [ 14.575777053833001, 41.390972137451101 ], [ 14.5762567520141, 41.390674591064503 ], [ 14.577832221985, 41.389434814453203 ], [ 14.586261749267599, 41.382186889648501 ], [ 14.586551666259799, 41.381931304931697 ], [ 14.587116241455099, 41.3814086914062 ], [ 14.5877323150634, 41.380508422851598 ], [ 14.5882863998413, 41.379661560058601 ], [ 14.5885171890259, 41.379268646240298 ], [ 14.5894718170166, 41.377616882324297 ], [ 14.5896406173707, 41.377246856689403 ], [ 14.589727401733301, 41.376922607422003 ], [ 14.5898170471193, 41.376060485839801 ], [ 14.5897474288941, 41.375633239746101 ], [ 14.589617729187101, 41.375373840332102 ], [ 14.58930683136, 41.375129699707102 ], [ 14.5890111923218, 41.374927520752102 ], [ 14.5886526107788, 41.374702453613303 ], [ 14.599217414856099, 41.367931365966797 ], [ 14.6039113998413, 41.364948272705099 ], [ 14.615506172180201, 41.369228363037102 ], [ 14.618848800659199, 41.372447967529403 ], [ 14.631252288818301, 41.384555816650398 ], [ 14.6314888000488, 41.384944915771499 ], [ 14.6322250366212, 41.385894775390703 ], [ 14.6340799331665, 41.387901306152401 ], [ 14.6343650817871, 41.388160705566499 ], [ 14.6346502304078, 41.388420104980497 ], [ 14.638128280639799, 41.391036987304801 ], [ 14.6388549804687, 41.391490936279403 ], [ 14.6397142410278, 41.391971588134801 ], [ 14.651461601257299, 41.398365020752102 ], [ 14.6519269943238, 41.398471832275398 ], [ 14.6533851623535, 41.398746490478601 ], [ 14.6536359786988, 41.398738861084098 ], [ 14.655287742614799, 41.398551940917997 ], [ 14.655575752258301, 41.398479461669901 ], [ 14.6566781997681, 41.398185729980497 ], [ 14.6579008102418, 41.397712707519602 ], [ 14.6596670150757, 41.396236419677798 ], [ 14.661723136901999, 41.394138336181697 ], [ 14.6637496948243, 41.395103454589801 ], [ 14.6641187667847, 41.3954048156738 ], [ 14.6662721633912, 41.398128509521499 ], [ 14.666449546814, 41.398365020752102 ], [ 14.6665906906128, 41.398654937744098 ], [ 14.666638374328601, 41.398929595947401 ], [ 14.666706085205201, 41.399642944336101 ], [ 14.666704177856399, 41.400020599365298 ], [ 14.6666307449341, 41.400455474853601 ], [ 14.6664848327637, 41.400760650634801 ], [ 14.666303634643601, 41.4011039733887 ], [ 14.6723127365112, 41.407623291015703 ], [ 14.6850471496581, 41.411647796630902 ], [ 14.690010070800801, 41.412258148193402 ], [ 14.6993770599366, 41.4122123718262 ], [ 14.699725151061999, 41.412139892578203 ], [ 14.7004919052125, 41.4118270874025 ], [ 14.715312004089499, 41.402099609375099 ], [ 14.7156829833984, 41.401992797851598 ], [ 14.716700553894, 41.401798248291101 ], [ 14.717046737671, 41.401763916015597 ], [ 14.717441558838001, 41.401752471923899 ], [ 14.7177286148072, 41.401763916015597 ], [ 14.718147277831999, 41.401817321777301 ], [ 14.751732826232899, 41.409713745117301 ], [ 14.752211570739901, 41.409870147705099 ], [ 14.752820968627899, 41.410133361816499 ], [ 14.754265785217299, 41.4107666015625 ], [ 14.754742622375501, 41.4109916687013 ], [ 14.7552442550659, 41.411308288574197 ], [ 14.755639076233001, 41.411598205566499 ], [ 14.7560319900512, 41.411903381347699 ], [ 14.7564716339112, 41.412414550781399 ], [ 14.756972312927401, 41.413253784179702 ], [ 14.757221221923899, 41.413742065429801 ], [ 14.757993698120099, 41.4149589538575 ], [ 14.7586612701416, 41.415798187255902 ], [ 14.759019851684601, 41.416091918945298 ], [ 14.7593898773194, 41.416358947753999 ], [ 14.762903213501, 41.417736053466797 ], [ 14.763451576233001, 41.417926788330099 ], [ 14.7655687332153, 41.418354034423899 ], [ 14.7659721374512, 41.425895690917997 ], [ 14.7683439254762, 41.428573608398501 ], [ 14.7726821899413, 41.433834075927798 ], [ 14.7730388641357, 41.434299468994098 ], [ 14.7731952667237, 41.434501647949297 ], [ 14.7733707427979, 41.435211181640703 ], [ 14.7734642028809, 41.436183929443303 ], [ 14.773487091064499, 41.436439514160298 ], [ 14.773522377014199, 41.436824798583999 ], [ 14.7734718322754, 41.437557220458999 ], [ 14.7729864120484, 41.439308166503999 ], [ 14.772912979126099, 41.439544677734403 ], [ 14.77281665802, 41.439769744873203 ], [ 14.7726364135743, 41.440067291259801 ], [ 14.772407531738301, 41.440231323242301 ], [ 14.7722520828247, 41.440364837646598 ], [ 14.772108078002899, 41.440578460693402 ], [ 14.7717590332031, 41.441432952880902 ], [ 14.7720184326172, 41.442352294922003 ], [ 14.7721710205078, 41.442840576171903 ], [ 14.7724103927612, 41.443191528320298 ], [ 14.774554252624601, 41.446212768554702 ], [ 14.7748289108278, 41.4465141296387 ], [ 14.7751274108887, 41.446727752685497 ], [ 14.7775630950929, 41.448417663574297 ], [ 14.7799997329712, 41.450050354003899 ], [ 14.782521247863899, 41.451614379882898 ], [ 14.783226013183601, 41.451969146728601 ], [ 14.783440589904799, 41.452072143554801 ], [ 14.7841825485231, 41.452426910400398 ], [ 14.7847089767457, 41.452655792236399 ], [ 14.785102844238301, 41.452808380127003 ], [ 14.7858076095582, 41.453079223632798 ], [ 14.786321640014799, 41.453235626220803 ], [ 14.7868118286132, 41.453353881836001 ], [ 14.7873268127441, 41.453460693359403 ], [ 14.787865638733001, 41.4535522460938 ], [ 14.789385795593301, 41.453792572021499 ], [ 14.789746284485, 41.453773498535298 ], [ 14.791049957275501, 41.453540802001903 ], [ 14.8005542755128, 41.450576782226499 ], [ 14.8064851760865, 41.4486312866212 ], [ 14.8067970275879, 41.448520660400497 ], [ 14.807204246521, 41.4483451843263 ], [ 14.8075170516969, 41.448192596435497 ], [ 14.808079719543599, 41.447868347168097 ], [ 14.8097229003906, 41.446907043457102 ], [ 14.8099393844606, 41.446685791015703 ], [ 14.8101797103882, 41.446422576904403 ], [ 14.812162399291999, 41.443675994872997 ], [ 14.825304031372101, 41.435665130615199 ], [ 14.8439826965332, 41.427593231201101 ], [ 14.845372200012299, 41.427173614502102 ], [ 14.8471555709838, 41.426780700683601 ], [ 14.8565168380737, 41.4256820678712 ], [ 14.8569345474244, 41.425674438476598 ], [ 14.857425689697401, 41.425739288330099 ], [ 14.857748985290501, 41.425846099853601 ], [ 14.8580360412597, 41.425971984863203 ], [ 14.861204147338899, 41.4273910522462 ], [ 14.8754682540894, 41.434486389160199 ], [ 14.8752603530884, 41.436668395996101 ], [ 14.875343322753899, 41.436836242675902 ], [ 14.875486373901399, 41.437084197998203 ], [ 14.875654220581101, 41.437351226806598 ], [ 14.881688117981099, 41.443149566650398 ], [ 14.8830738067628, 41.444313049316399 ], [ 14.883576393127401, 41.444675445556697 ], [ 14.8845338821412, 41.445297241210902 ], [ 14.8851070404053, 41.4456596374513 ], [ 14.8852863311768, 41.445766448974602 ], [ 14.8855485916138, 41.445854187011697 ], [ 14.885801315307599, 41.445938110351598 ], [ 14.8860750198365, 41.445972442627003 ], [ 14.8863639831544, 41.445934295654297 ], [ 14.886901855468899, 41.445812225341903 ], [ 14.887464523315399, 41.445693969726598 ], [ 14.887860298156699, 41.445644378662202 ], [ 14.888207435608001, 41.445625305175703 ], [ 14.8888292312622, 41.4456596374513 ], [ 14.8890686035156, 41.445705413818501 ], [ 14.889404296875099, 41.445796966552798 ], [ 14.889739036560201, 41.445934295654297 ], [ 14.890323638916, 41.446281433105497 ], [ 14.894259452819799, 41.4487915039063 ], [ 14.9000034332275, 41.4502563476562 ], [ 14.9110851287843, 41.452732086181797 ], [ 14.9116973876954, 41.452869415283303 ], [ 14.912522315978901, 41.4529418945313 ], [ 14.9141750335693, 41.452896118164098 ], [ 14.9146890640259, 41.452880859375 ], [ 14.9156484603882, 41.452762603759901 ], [ 14.916293144226101, 41.452663421630902 ], [ 14.9212503433229, 41.4526596069337 ], [ 14.927893638611, 41.453166961669901 ], [ 14.928541183471699, 41.453231811523601 ], [ 14.930240631103599, 41.453430175781399 ], [ 14.930684089660801, 41.453502655029403 ], [ 14.931258201599199, 41.453598022461101 ], [ 14.9472742080688, 41.456958770752102 ], [ 14.9477529525756, 41.457069396972599 ], [ 14.948219299316399, 41.457248687744197 ], [ 14.952625274658301, 41.4590454101563 ], [ 14.953785896301399, 41.460292816162202 ], [ 14.9546709060669, 41.461196899414098 ], [ 14.960512161254901, 41.465957641601598 ], [ 14.961012840271099, 41.466270446777301 ], [ 14.961373329162599, 41.466426849365298 ], [ 14.9778242111206, 41.469650268554602 ], [ 14.978173255920399, 41.4697074890138 ], [ 14.9785919189454, 41.469776153564503 ], [ 14.979322433471699, 41.469860076904403 ], [ 14.9817752838134, 41.470012664795 ], [ 14.983131408691399, 41.470050811767599 ], [ 14.9845905303956, 41.476005554199197 ], [ 14.9914045333862, 41.4811210632325 ], [ 15.002926826477101, 41.486255645752003 ], [ 15.0049762725831, 41.486942291259801 ], [ 15.006030082702599, 41.487247467041101 ], [ 15.006605148315501, 41.487293243408097 ], [ 15.0084896087647, 41.487365722656399 ], [ 15.017664909362701, 41.481628417968899 ], [ 15.0205698013306, 41.480659484863402 ], [ 15.021060943603599, 41.4803886413575 ], [ 15.0247602462769, 41.477931976318501 ], [ 15.028205871582101, 41.469669342041101 ], [ 15.030694007873601, 41.461479187011697 ], [ 15.0306310653687, 41.460884094238203 ], [ 15.0306673049928, 41.460033416747997 ], [ 15.030785560607899, 41.458221435546903 ], [ 15.0308141708375, 41.4579467773438 ], [ 15.0308475494385, 41.457626342773601 ], [ 15.030942916870099, 41.457111358642699 ], [ 15.0311689376832, 41.456375122070398 ], [ 15.033311843872101, 41.453670501709098 ], [ 15.034316062927401, 41.453678131103601 ], [ 15.044576644897599, 41.452873229980398 ], [ 15.0533800125122, 41.444175720214901 ], [ 15.069080352783301, 41.436847686767599 ], [ 15.0766048431397, 41.433906555175803 ], [ 15.077118873596101, 41.433761596679801 ], [ 15.0809240341187, 41.433391571045 ], [ 15.081966400146401, 41.433326721191499 ], [ 15.082899093628001, 41.433315277099602 ], [ 15.084394454956101, 41.433341979980497 ], [ 15.085077285766699, 41.433376312255902 ], [ 15.0966033935547, 41.434226989746101 ], [ 15.0969743728638, 41.434268951416001 ], [ 15.097466468811101, 41.434368133545 ], [ 15.097944259643601, 41.434494018554702 ], [ 15.0992145538331, 41.435009002685703 ], [ 15.0996456146241, 41.4347534179687 ], [ 15.101697921752899, 41.430652618408097 ], [ 15.104208946228001, 41.422515869140703 ], [ 15.1042919158937, 41.422210693359403 ], [ 15.104150772094799, 41.421920776367301 ], [ 15.1018571853638, 41.421043395996101 ], [ 15.101250648498601, 41.420829772949197 ], [ 15.100543975830099, 41.420612335205099 ], [ 15.0993843078613, 41.420379638671903 ], [ 15.0981283187866, 41.420169830322301 ], [ 15.0974426269532, 41.420108795166101 ], [ 15.096643447876, 41.419956207275497 ], [ 15.0931825637818, 41.4191703796388 ], [ 15.0925798416138, 41.418903350830099 ], [ 15.0896472930909, 41.415206909179702 ], [ 15.087808609008899, 41.409572601318402 ], [ 15.0876903533937, 41.409198760986399 ], [ 15.0875930786132, 41.408859252929702 ], [ 15.087545394897401, 41.408542633056598 ], [ 15.087508201599199, 41.408210754394602 ], [ 15.0873861312866, 41.405570983886697 ], [ 15.087418556213301, 41.405136108398601 ], [ 15.087862968444799, 41.404541015625099 ], [ 15.088758468627899, 41.403453826904403 ], [ 15.090131759643601, 41.402088165283203 ], [ 15.092055320739799, 41.400348663330099 ], [ 15.093729972839499, 41.399387359619098 ], [ 15.0946273803712, 41.398708343505902 ], [ 15.0957593917847, 41.397403717041101 ], [ 15.096331596374601, 41.396682739257898 ], [ 15.097430229186999, 41.394824981689503 ], [ 15.099169731140099, 41.391551971435497 ], [ 15.0928812026978, 41.39013671875 ], [ 15.082400321960501, 41.388706207275398 ], [ 15.073130607605099, 41.379756927490199 ], [ 15.0720186233522, 41.378711700439602 ], [ 15.0716457366944, 41.378417968750099 ], [ 15.0700798034669, 41.377616882324297 ], [ 15.0627794265747, 41.374416351318402 ], [ 15.059983253479, 41.373306274414198 ], [ 15.059313774108899, 41.373111724853501 ], [ 15.060985565185501, 41.369495391845803 ], [ 15.063794136047401, 41.358081817627003 ], [ 15.0676736831666, 41.353748321533303 ], [ 15.0675468444825, 41.346035003662202 ], [ 15.0675706863404, 41.345394134521399 ], [ 15.067689895629901, 41.344390869140597 ], [ 15.0677614212037, 41.343944549560597 ], [ 15.067845344543599, 41.343612670898402 ], [ 15.0712900161744, 41.336666107177699 ], [ 15.0728311538697, 41.333675384521499 ], [ 15.0730533599854, 41.333438873291001 ], [ 15.082791328430201, 41.330211639404403 ], [ 15.083914756775, 41.329841613769503 ], [ 15.085228919983001, 41.329593658447301 ], [ 15.087141036987401, 41.329410552978501 ], [ 15.089232444763301, 41.329368591308601 ], [ 15.0911674499512, 41.329345703125099 ], [ 15.0923728942872, 41.329643249511797 ], [ 15.093336105346699, 41.3296928405763 ], [ 15.0934391021729, 41.329700469970803 ], [ 15.094644546508899, 41.329761505127003 ], [ 15.0959243774415, 41.329696655273402 ], [ 15.0971546173097, 41.329559326171903 ], [ 15.098542213439901, 41.329349517822401 ], [ 15.0995426177979, 41.3290634155275 ], [ 15.1007852554321, 41.328681945800902 ], [ 15.101586341857899, 41.328273773193402 ], [ 15.102432250976699, 41.327842712402401 ], [ 15.103973388671999, 41.326896667480497 ], [ 15.1047849655153, 41.326328277587898 ], [ 15.1062412261963, 41.325199127197301 ], [ 15.110312461853001, 41.322055816650398 ], [ 15.1134500503541, 41.320266723632898 ], [ 15.1240568161012, 41.318653106689602 ], [ 15.127078056335501, 41.318206787109297 ], [ 15.1314191818238, 41.318187713623097 ], [ 15.1297750473022, 41.310783386230497 ], [ 15.1342697143556, 41.300769805908203 ], [ 15.1388473510743, 41.290180206298899 ], [ 15.1371698379518, 41.2882270812988 ], [ 15.137157440185501, 41.287868499755902 ], [ 15.147331237793001, 41.2826766967775 ], [ 15.150016784668001, 41.281429290771499 ], [ 15.1504125595093, 41.2827758789062 ], [ 15.1506662368775, 41.283264160156399 ], [ 15.1510562896729, 41.283718109130902 ], [ 15.151668548584, 41.2839584350587 ], [ 15.154227256775, 41.284385681152401 ], [ 15.1558742523193, 41.284347534179702 ], [ 15.156828880310099, 41.284137725830199 ], [ 15.158238410949799, 41.2839164733888 ], [ 15.1591920852662, 41.283840179443402 ], [ 15.1656303405762, 41.284137725830199 ], [ 15.172595024108899, 41.284938812255902 ], [ 15.1767311096193, 41.28564453125 ], [ 15.178570747375501, 41.286373138427798 ], [ 15.1797170639038, 41.286777496337997 ], [ 15.1801843643188, 41.286907196045 ], [ 15.1816110610963, 41.287204742431697 ], [ 15.1838932037354, 41.287429809570398 ], [ 15.184314727783301, 41.287429809570398 ], [ 15.1989803314209, 41.287418365478501 ], [ 15.2001371383668, 41.287395477295 ], [ 15.201558113098301, 41.287342071533303 ], [ 15.2018699645997, 41.287261962890703 ], [ 15.2003374099732, 41.285160064697301 ], [ 15.200035095214901, 41.284751892089901 ], [ 15.1998300552368, 41.2843437194825 ], [ 15.199252128601, 41.282840728759801 ], [ 15.199238777160801, 41.282508850097798 ], [ 15.1994180679321, 41.2821464538575 ], [ 15.200594902038601, 41.280426025390703 ], [ 15.204827308654799, 41.278415679931697 ], [ 15.2052574157715, 41.278305053711101 ], [ 15.2079429626465, 41.277824401855497 ], [ 15.208408355713001, 41.277790069580099 ], [ 15.2088384628297, 41.2777709960937 ], [ 15.211000442505, 41.278072357177699 ], [ 15.2113704681397, 41.278152465820298 ], [ 15.211787223816, 41.278278350830099 ], [ 15.212171554565501, 41.278377532958999 ], [ 15.2126007080079, 41.278484344482401 ], [ 15.213617324829199, 41.278392791748203 ], [ 15.214044570923001, 41.278339385986399 ], [ 15.214436531066999, 41.278228759765703 ], [ 15.214689254760801, 41.278102874755902 ], [ 15.216594696045, 41.2769165039063 ], [ 15.216856956481999, 41.276645660400398 ], [ 15.217131614685099, 41.276214599609503 ], [ 15.221062660217299, 41.266883850097798 ], [ 15.221286773681699, 41.266170501708999 ], [ 15.221896171569901, 41.266235351562599 ], [ 15.222911834716699, 41.266387939453097 ], [ 15.224142074585, 41.266571044921903 ], [ 15.224837303161699, 41.266677856445398 ], [ 15.229302406311101, 41.267417907715 ], [ 15.230562210083001, 41.268550872802699 ], [ 15.2320404052734, 41.269966125488303 ], [ 15.2340097427369, 41.271804809570398 ], [ 15.2342977523804, 41.2720756530762 ], [ 15.2344007492065, 41.272159576416001 ], [ 15.2347288131713, 41.2724227905275 ], [ 15.235289573669499, 41.272838592529403 ], [ 15.235899925231999, 41.273143768310497 ], [ 15.2365341186525, 41.273292541503999 ], [ 15.237274169921999, 41.273365020752003 ], [ 15.247897148132299, 41.272342681884702 ], [ 15.2489585876465, 41.272151947021399 ], [ 15.2498540878297, 41.271968841552699 ], [ 15.2506170272828, 41.271743774414098 ], [ 15.2512502670288, 41.271434783935497 ], [ 15.2553567886353, 41.268856048584098 ], [ 15.256141662597701, 41.268287658691399 ], [ 15.2567853927613, 41.267757415771399 ], [ 15.2572851181031, 41.267162322998203 ], [ 15.2576637268066, 41.266529083252003 ], [ 15.25821018219, 41.265663146972699 ], [ 15.2586374282837, 41.264987945556697 ], [ 15.260668754577599, 41.262748718261697 ], [ 15.262153625488301, 41.261112213134801 ], [ 15.2675228118897, 41.257030487060703 ], [ 15.273330688476699, 41.252803802490298 ], [ 15.2759599685668, 41.251083374023402 ], [ 15.2762460708618, 41.250865936279403 ], [ 15.276506423950201, 41.250514984130902 ], [ 15.2799530029297, 41.243778228759801 ], [ 15.2806940078735, 41.241775512695298 ], [ 15.2767086029054, 41.242282867431697 ], [ 15.2536573410034, 41.2397689819337 ], [ 15.253252983093301, 41.239669799804702 ], [ 15.252904891967701, 41.239570617675902 ], [ 15.252581596374601, 41.239471435546903 ], [ 15.2520322799684, 41.239288330078097 ], [ 15.251685142517101, 41.239162445068402 ], [ 15.2479438781738, 41.236930847168097 ], [ 15.2470293045044, 41.237087249755902 ], [ 15.2467603683472, 41.236549377441499 ], [ 15.246600151061999, 41.236019134521499 ], [ 15.2465419769288, 41.235664367675803 ], [ 15.2465047836304, 41.235252380371101 ], [ 15.2462759017944, 41.228408813476598 ], [ 15.246932029724199, 41.224948883056697 ], [ 15.2498416900635, 41.218681335449197 ], [ 15.255846977234, 41.2106132507325 ], [ 15.2578039169312, 41.208202362060703 ], [ 15.2593383789063, 41.206859588623203 ], [ 15.259741783142101, 41.206634521484297 ], [ 15.2600984573365, 41.206272125244197 ], [ 15.262200355529799, 41.203575134277301 ], [ 15.262531280517599, 41.202995300293097 ], [ 15.2631130218506, 41.201961517333899 ], [ 15.2632999420165, 41.201499938964801 ], [ 15.2634992599488, 41.200523376464801 ], [ 15.263484001159799, 41.2000923156738 ], [ 15.263435363769601, 41.199722290039198 ], [ 15.263264656066999, 41.198608398437599 ], [ 15.2620372772218, 41.198692321777401 ], [ 15.260090827941999, 41.198631286621101 ], [ 15.259449005126999, 41.1985893249512 ], [ 15.2589473724366, 41.198528289794901 ], [ 15.258231163025, 41.198379516601698 ], [ 15.2388458251953, 41.1906547546388 ], [ 15.229103088379, 41.1862602233888 ], [ 15.2283563613893, 41.185913085937599 ], [ 15.224393844604499, 41.182929992675902 ], [ 15.221946716308601, 41.178714752197301 ], [ 15.215126991271999, 41.171062469482401 ], [ 15.2144680023194, 41.170883178711001 ], [ 15.2124338150025, 41.170093536377102 ], [ 15.2103328704835, 41.168876647949197 ], [ 15.2102060317994, 41.168674468994197 ], [ 15.209312438964799, 41.156898498535199 ], [ 15.209436416626, 41.1554985046387 ], [ 15.2096014022828, 41.154663085937599 ], [ 15.2098731994629, 41.153724670410199 ], [ 15.2109594345094, 41.150707244872997 ], [ 15.2114219665528, 41.149909973144602 ], [ 15.21164894104, 41.149658203125 ], [ 15.216581344604499, 41.146152496337898 ], [ 15.2172584533691, 41.145748138427699 ], [ 15.218433380126999, 41.145103454589901 ], [ 15.2211141586304, 41.143833160400398 ], [ 15.2303266525268, 41.141433715820298 ], [ 15.236523628234901, 41.140872955322401 ], [ 15.254917144775501, 41.121898651122997 ], [ 15.2576055526734, 41.118404388427798 ], [ 15.259214401245099, 41.118007659912202 ], [ 15.259510993957599, 41.117904663086101 ], [ 15.259783744812101, 41.117809295654403 ], [ 15.2601432800293, 41.117671966552699 ], [ 15.2641954421997, 41.115768432617202 ], [ 15.2643260955812, 41.115474700927798 ], [ 15.264630317688001, 41.114433288574297 ], [ 15.264351844787701, 41.112987518310597 ], [ 15.264157295227101, 41.112392425537202 ], [ 15.2628555297853, 41.108322143554702 ], [ 15.263009071350201, 41.108062744140597 ], [ 15.2633886337281, 41.107711791992202 ], [ 15.2651691436769, 41.106311798095803 ], [ 15.2655372619629, 41.1062202453613 ], [ 15.265943527221699, 41.106452941894602 ], [ 15.2663383483887, 41.106822967529297 ], [ 15.266589164733899, 41.107074737548899 ], [ 15.266960144043001, 41.107368469238303 ], [ 15.2674236297607, 41.107662200927798 ], [ 15.268046379089499, 41.107631683349702 ], [ 15.2821388244629, 41.100288391113303 ], [ 15.282564163208001, 41.099983215332102 ], [ 15.282814025879, 41.099620819091797 ], [ 15.2834281921387, 41.098323822021499 ], [ 15.2846670150757, 41.098274230957102 ], [ 15.288771629333599, 41.097969055175803 ], [ 15.2893419265747, 41.097900390625099 ], [ 15.290020942688001, 41.097602844238303 ], [ 15.2907581329347, 41.097217559814602 ], [ 15.2911128997803, 41.096881866455099 ], [ 15.291328430175801, 41.096672058105497 ], [ 15.2916116714478, 41.096282958984403 ], [ 15.292581558227599, 41.094535827636697 ], [ 15.298721313476699, 41.093952178955199 ], [ 15.3101615905762, 41.101188659667997 ], [ 15.310710906982401, 41.101547241210902 ], [ 15.3117628097535, 41.102249145507898 ], [ 15.315202713012701, 41.104869842529197 ], [ 15.3159027099609, 41.104183197021499 ], [ 15.318927764892599, 41.101734161377003 ], [ 15.3193559646607, 41.101425170898501 ], [ 15.3197479248047, 41.101226806640703 ], [ 15.320213317871101, 41.10107421875 ], [ 15.332769393921, 41.097335815429602 ], [ 15.338704109191999, 41.096138000488402 ], [ 15.339679718017599, 41.096107482910199 ], [ 15.343707084655801, 41.096267700195398 ], [ 15.3445301055909, 41.0966186523438 ], [ 15.345350265503001, 41.096729278564503 ], [ 15.3457555770875, 41.0967826843262 ], [ 15.346290588378899, 41.096717834472798 ], [ 15.352466583251999, 41.095748901367202 ], [ 15.3565921783447, 41.092166900634801 ], [ 15.3576202392579, 41.090839385986399 ], [ 15.3585882186891, 41.0895385742188 ], [ 15.3589210510253, 41.0892562866212 ], [ 15.359227180481, 41.089012145996101 ], [ 15.364515304565399, 41.086635589599702 ], [ 15.367240905761699, 41.085876464843899 ], [ 15.367428779602101, 41.085765838623203 ], [ 15.367775917053301, 41.085769653320298 ], [ 15.3683023452759, 41.085861206054801 ], [ 15.370807647705099, 41.086856842041101 ], [ 15.3711061477662, 41.086982727050902 ], [ 15.3715658187866, 41.0871772766113 ], [ 15.384797096252401, 41.094089508056697 ], [ 15.394051551818899, 41.101982116699197 ], [ 15.394371986389199, 41.102329254150398 ], [ 15.395646095275801, 41.104377746582102 ], [ 15.3972291946412, 41.107791900634801 ], [ 15.4021406173707, 41.106967926025298 ], [ 15.4025430679321, 41.106807708740199 ], [ 15.410203933715801, 41.101444244384702 ], [ 15.4283514022828, 41.0938110351563 ], [ 15.443568229675201, 41.081405639648501 ], [ 15.443717956543001, 41.0810775756837 ], [ 15.4438381195068, 41.080883026122997 ], [ 15.444048881530801, 41.080665588378999 ], [ 15.4446067810059, 41.080223083496101 ], [ 15.4448080062866, 41.080066680908303 ], [ 15.445270538330201, 41.079822540283303 ], [ 15.445696830749499, 41.079612731933601 ], [ 15.4469566345215, 41.079006195068402 ], [ 15.4520769119263, 41.077491760253999 ], [ 15.4539909362794, 41.077201843261797 ], [ 15.455369949340801, 41.077159881591903 ], [ 15.4606676101685, 41.0770072937013 ], [ 15.461786270141699, 41.076976776123203 ], [ 15.462415695190501, 41.076999664306797 ], [ 15.463060379028301, 41.077072143554801 ], [ 15.4637660980225, 41.077297210693402 ], [ 15.4644269943237, 41.077533721923899 ], [ 15.4648733139038, 41.077754974365298 ], [ 15.4658098220825, 41.078151702881001 ], [ 15.466531753540099, 41.078376770019602 ], [ 15.4686069488525, 41.078765869140703 ], [ 15.470238685607899, 41.0790023803712 ], [ 15.479209899902299, 41.0796508789062 ], [ 15.479525566101101, 41.079170227050902 ], [ 15.4795932769775, 41.078701019287202 ], [ 15.479674339294499, 41.078136444091903 ], [ 15.479715347290099, 41.0775756835938 ], [ 15.4797267913818, 41.077339172363303 ], [ 15.4797010421753, 41.077079772949297 ], [ 15.4796514511109, 41.076789855957003 ], [ 15.4796667099, 41.07568359375 ], [ 15.479714393615801, 41.075515747070398 ], [ 15.480602264404199, 41.074779510497997 ], [ 15.481844902038601, 41.073871612548899 ], [ 15.4830532073975, 41.073139190673899 ], [ 15.4834203720093, 41.072948455810597 ], [ 15.4837760925294, 41.072803497314602 ], [ 15.4845943450928, 41.072483062744098 ], [ 15.485722541809199, 41.072055816650497 ], [ 15.4861984252931, 41.071891784667997 ], [ 15.5044393539429, 41.066398620605597 ], [ 15.509464263916, 41.064964294433601 ], [ 15.5138931274413, 41.0637016296387 ], [ 15.5359230041503, 41.058097839355497 ], [ 15.5437097549438, 41.056842803955099 ], [ 15.5471563339234, 41.053882598877003 ], [ 15.555323600769199, 41.038619995117202 ], [ 15.5617847442628, 41.027637481689403 ], [ 15.572869300842299, 40.999862670898601 ], [ 15.57301902771, 40.999385833740298 ], [ 15.573130607605, 40.998500823974602 ], [ 15.5731401443481, 40.998096466064503 ], [ 15.5730991363525, 40.997638702392699 ], [ 15.5702924728394, 40.980957031250099 ], [ 15.5678415298463, 40.971054077148601 ], [ 15.567769050598301, 40.970775604248203 ], [ 15.5676937103271, 40.970512390136697 ], [ 15.567450523376399, 40.96976852417 ], [ 15.567294120788601, 40.9695053100587 ], [ 15.567090034484901, 40.969211578369297 ], [ 15.5663919448853, 40.968318939208999 ], [ 15.5662145614625, 40.968132019042997 ], [ 15.564686775207599, 40.967052459716903 ], [ 15.5625762939453, 40.964710235595703 ], [ 15.560592651367299, 40.9627494812013 ], [ 15.554718971252401, 40.957981109619297 ], [ 15.5512647628785, 40.955570220947301 ], [ 15.5504064559937, 40.955211639404297 ], [ 15.549821853637701, 40.954917907714801 ], [ 15.5492963790894, 40.954570770263601 ], [ 15.5490818023682, 40.954376220703203 ], [ 15.5488891601563, 40.954200744628999 ], [ 15.548542022705099, 40.9538803100587 ], [ 15.5431423187256, 40.947383880615199 ], [ 15.5428762435913, 40.946746826171903 ], [ 15.542846679687599, 40.946247100830099 ], [ 15.542951583862401, 40.945850372314503 ], [ 15.5431728363038, 40.945392608642699 ], [ 15.543383598327599, 40.944984436035199 ], [ 15.543678283691399, 40.944576263427798 ], [ 15.540143013000399, 40.932807922363303 ], [ 15.5357761383057, 40.920726776123097 ], [ 15.5349884033204, 40.920387268066399 ], [ 15.534476280212401, 40.920101165771499 ], [ 15.534166336059601, 40.919887542724602 ], [ 15.533638954162701, 40.919483184814403 ], [ 15.5334730148315, 40.919349670410298 ], [ 15.5330762863159, 40.919010162353601 ], [ 15.531293869018601, 40.917316436767599 ], [ 15.5309705734253, 40.916992187500099 ], [ 15.530695915222299, 40.916694641113402 ], [ 15.529554367065501, 40.915157318115199 ], [ 15.5293264389038, 40.914829254150398 ], [ 15.5292282104493, 40.914360046386797 ], [ 15.529259681701699, 40.913848876953097 ], [ 15.529352188110501, 40.9133529663087 ], [ 15.5294275283813, 40.91268157959 ], [ 15.529460906982401, 40.912197113037202 ], [ 15.529178619384799, 40.911117553711001 ], [ 15.5290069580078, 40.910533905029297 ], [ 15.528814315796, 40.910068511962898 ], [ 15.5284986495972, 40.909355163574297 ], [ 15.528102874755801, 40.908824920654297 ], [ 15.5275897979737, 40.908573150634901 ], [ 15.513628959655801, 40.905811309814503 ], [ 15.503040313720801, 40.902515411377003 ], [ 15.5025243759156, 40.9021224975587 ], [ 15.5022020339966, 40.90189743042 ], [ 15.5007228851318, 40.900913238525398 ], [ 15.5002946853638, 40.9006538391113 ], [ 15.500006675720201, 40.900520324707003 ], [ 15.4996490478516, 40.900375366210902 ], [ 15.4987812042237, 40.900039672851598 ], [ 15.497021675109799, 40.899539947509801 ], [ 15.495818138122599, 40.899211883545 ], [ 15.4944152832032, 40.899032592773402 ], [ 15.4897899627687, 40.897979736328203 ], [ 15.4891853332519, 40.897819519043097 ], [ 15.4885892868041, 40.897640228271499 ], [ 15.4707374572754, 40.891506195068402 ], [ 15.4689893722534, 40.890876770019602 ], [ 15.468488693237299, 40.890590667724702 ], [ 15.4682931900026, 40.8899154663087 ], [ 15.468280792236399, 40.889579772949297 ], [ 15.4683628082275, 40.887897491455099 ], [ 15.469341278076101, 40.881900787353501 ], [ 15.470112800598301, 40.880241394043097 ], [ 15.4705610275269, 40.8798446655275 ], [ 15.4709367752075, 40.879489898681598 ], [ 15.4718694686891, 40.878406524658303 ], [ 15.473668098449799, 40.876316070556797 ], [ 15.473999023437599, 40.875930786132798 ], [ 15.473876953125, 40.875328063964801 ], [ 15.473258972167899, 40.874240875244297 ], [ 15.4657516479493, 40.8711166381837 ], [ 15.451750755310099, 40.873168945312599 ], [ 15.442644119262701, 40.877719879150398 ], [ 15.430759429931699, 40.880619049072301 ], [ 15.4165973663331, 40.882190704345803 ], [ 15.4131078720094, 40.882289886474602 ], [ 15.405968666076699, 40.881763458251903 ], [ 15.399376869201699, 40.878059387207003 ], [ 15.3905029296875, 40.876754760742202 ], [ 15.389883995056101, 40.876678466796903 ], [ 15.3889627456666, 40.8766098022462 ], [ 15.387263298034799, 40.8768730163575 ], [ 15.3867406845093, 40.876956939697301 ], [ 15.3852491378784, 40.877235412597599 ], [ 15.3848104476929, 40.877315521240298 ], [ 15.3844194412232, 40.877540588378999 ], [ 15.379459381103599, 40.881771087646499 ], [ 15.3770551681519, 40.884807586669901 ], [ 15.377180099487401, 40.885746002197301 ], [ 15.3771209716796, 40.886112213134801 ], [ 15.376910209655801, 40.886367797851698 ], [ 15.376461029052701, 40.886669158935497 ], [ 15.3760681152344, 40.886829376220803 ], [ 15.375439643859901, 40.8868408203125 ], [ 15.3742637634278, 40.886852264404403 ], [ 15.357098579406699, 40.884395599365199 ], [ 15.3558139801025, 40.883941650390597 ], [ 15.3550071716309, 40.883640289306598 ], [ 15.357862472534199, 40.871112823486399 ], [ 15.358491897583001, 40.871833801269602 ], [ 15.3593244552612, 40.872127532959098 ], [ 15.3598241806031, 40.872272491455099 ], [ 15.360308647155801, 40.872383117675803 ], [ 15.360987663269, 40.872509002685703 ], [ 15.3615694046022, 40.872570037841797 ], [ 15.3659200668335, 40.8730278015137 ], [ 15.367089271545399, 40.8729476928712 ], [ 15.3673496246338, 40.872928619384901 ], [ 15.369011878967299, 40.872665405273402 ], [ 15.369531631469799, 40.872585296630902 ], [ 15.3705492019654, 40.872249603271499 ], [ 15.379202842712299, 40.868656158447301 ], [ 15.3765964508056, 40.864532470703203 ], [ 15.3760499954225, 40.860527038574297 ], [ 15.3772430419922, 40.846946716308601 ], [ 15.3778400421143, 40.845630645752102 ], [ 15.379041671752899, 40.842201232910199 ], [ 15.379101753235, 40.8420219421388 ], [ 15.3791675567628, 40.841739654541101 ], [ 15.3785181045532, 40.837440490722699 ], [ 15.3783836364746, 40.837131500244098 ], [ 15.3758754730225, 40.836078643798899 ], [ 15.3750257492066, 40.835834503173899 ], [ 15.3715152740479, 40.837043762207003 ], [ 15.364911079406699, 40.839309692382798 ], [ 15.3640232086181, 40.839611053466797 ], [ 15.362545013427701, 40.840049743652301 ], [ 15.3618431091309, 40.840167999267599 ], [ 15.3615112304687, 40.840133666992202 ], [ 15.3559322357178, 40.839149475097599 ], [ 15.3555746078491, 40.839069366455099 ], [ 15.354164123535201, 40.838703155517599 ], [ 15.335826873779199, 40.835861206054702 ], [ 15.339064598083599, 40.8321762084962 ], [ 15.3397359848022, 40.831409454345703 ], [ 15.340562820434499, 40.830612182617202 ], [ 15.3414039611816, 40.829891204833999 ], [ 15.342668533325201, 40.8296508789063 ], [ 15.3435716629029, 40.829704284668097 ], [ 15.3447103500366, 40.829833984375099 ], [ 15.3461675643922, 40.829830169677699 ], [ 15.3474836349487, 40.829635620117202 ], [ 15.3489036560059, 40.829074859619098 ], [ 15.3497676849366, 40.8285140991212 ], [ 15.352980613708599, 40.826286315918097 ], [ 15.3538656234741, 40.825656890869098 ], [ 15.3544082641603, 40.825214385986399 ], [ 15.358196258544901, 40.821144104003999 ], [ 15.3644123077393, 40.815601348877003 ], [ 15.3673038482666, 40.813125610351698 ], [ 15.368075370788601, 40.812854766845597 ], [ 15.369284629821699, 40.812976837158303 ], [ 15.3704366683959, 40.813274383544901 ], [ 15.3716459274293, 40.813625335693303 ], [ 15.374484062194901, 40.8140678405762 ], [ 15.375514984130801, 40.814136505127102 ], [ 15.376614570617701, 40.813930511474702 ], [ 15.378854751586999, 40.8134574890137 ], [ 15.379672050476, 40.813167572021499 ], [ 15.3813467025757, 40.811939239502003 ], [ 15.381150245666401, 40.810916900634901 ], [ 15.380373954773001, 40.807651519775497 ], [ 15.3802433013916, 40.807201385497997 ], [ 15.378187179565501, 40.806659698486399 ], [ 15.3710222244263, 40.803401947021499 ], [ 15.3669633865356, 40.801479339599602 ], [ 15.3674898147584, 40.799293518066499 ], [ 15.368859291076699, 40.798480987548899 ], [ 15.3714847564697, 40.797428131103501 ], [ 15.373497009277299, 40.7967948913575 ], [ 15.3743839263916, 40.796573638916101 ], [ 15.3787183761596, 40.795703887939503 ], [ 15.379822731018001, 40.795860290527401 ], [ 15.3812808990479, 40.796260833740199 ], [ 15.3869886398315, 40.798202514648501 ], [ 15.3864059448243, 40.792518615722798 ], [ 15.381593704223601, 40.782379150390703 ], [ 15.381246566772599, 40.781570434570398 ], [ 15.3812408447266, 40.780704498291101 ], [ 15.3816604614259, 40.779651641845803 ], [ 15.3821907043456, 40.779052734375 ], [ 15.3859462738038, 40.774833679199197 ], [ 15.389138221740801, 40.771236419677798 ], [ 15.391951560974199, 40.768245697021499 ], [ 15.3909711837769, 40.768627166747997 ], [ 15.3898687362672, 40.768623352050803 ], [ 15.385857582092299, 40.7657279968263 ], [ 15.3852634429932, 40.765277862548899 ], [ 15.384525299072299, 40.764621734619098 ], [ 15.381061553955099, 40.755821228027401 ], [ 15.380823135376, 40.755104064941499 ], [ 15.379987716674799, 40.752288818359503 ], [ 15.379903793335099, 40.751918792724702 ], [ 15.380414962768601, 40.745525360107401 ], [ 15.381976127624499, 40.739109039306598 ], [ 15.3834991455079, 40.737445831298899 ], [ 15.3838119506835, 40.737354278564503 ], [ 15.384118080139199, 40.736907958984403 ], [ 15.3842258453369, 40.735340118408303 ], [ 15.384270668029799, 40.732700347900497 ], [ 15.3842763900757, 40.7312240600587 ], [ 15.3840417861938, 40.730007171630902 ], [ 15.383290290832599, 40.729080200195298 ], [ 15.38210105896, 40.728328704834098 ], [ 15.381724357605099, 40.7278823852538 ], [ 15.381984710693301, 40.725982666015597 ], [ 15.382322311401399, 40.725139617919901 ], [ 15.383253097534199, 40.7245292663575 ], [ 15.3843622207643, 40.723880767822301 ], [ 15.385531425476101, 40.723243713378999 ], [ 15.386528968811, 40.7228393554688 ], [ 15.391356468200801, 40.719474792480597 ], [ 15.3933401107788, 40.718505859375099 ], [ 15.398104667663601, 40.717487335205 ], [ 15.3992300033569, 40.717384338378999 ], [ 15.402263641357401, 40.717140197753999 ], [ 15.403433799743601, 40.717327117919901 ], [ 15.40726852417, 40.715518951416101 ], [ 15.409927368164, 40.714035034179702 ], [ 15.4116430282593, 40.712818145752003 ], [ 15.4119386672975, 40.712299346923899 ], [ 15.4121713638306, 40.711673736572301 ], [ 15.4127836227418, 40.711326599121101 ], [ 15.413233757019199, 40.710960388183601 ], [ 15.413358688354499, 40.710582733154403 ], [ 15.413866043090801, 40.710212707519503 ], [ 15.4148349761963, 40.709812164306797 ], [ 15.415576934814499, 40.709426879882798 ], [ 15.4159679412843, 40.709102630615199 ], [ 15.4159889221191, 40.708644866943402 ], [ 15.415368080139199, 40.707847595215 ], [ 15.4155635833741, 40.707008361816499 ], [ 15.416707038879499, 40.706371307373203 ], [ 15.4173793792725, 40.705642700195398 ], [ 15.4186410903931, 40.705104827880902 ], [ 15.4198913574219, 40.704593658447301 ], [ 15.4206323623657, 40.703689575195298 ], [ 15.4214687347413, 40.703220367431598 ], [ 15.423350334167401, 40.702888488769602 ], [ 15.423638343811101, 40.7016792297363 ], [ 15.4242010116578, 40.700759887695398 ], [ 15.424374580383301, 40.700050354003899 ], [ 15.4247226715088, 40.699161529541101 ], [ 15.425687789917101, 40.698371887207003 ], [ 15.4260158538819, 40.697696685791001 ], [ 15.4259605407715, 40.696704864501903 ], [ 15.4267168045044, 40.696037292480398 ], [ 15.428358078003001, 40.695392608642599 ], [ 15.4289932250978, 40.69486618042 ], [ 15.429319381714, 40.694175720214801 ], [ 15.4297800064088, 40.6935844421387 ], [ 15.4310035705566, 40.693077087402401 ], [ 15.4320335388184, 40.6929931640625 ], [ 15.432895660400501, 40.692726135253999 ], [ 15.4330663681031, 40.692703247070398 ], [ 15.4340419769288, 40.692577362060597 ], [ 15.4346570968628, 40.692375183105597 ], [ 15.435223579406699, 40.691864013671903 ], [ 15.4360961914062, 40.691707611084098 ], [ 15.4369106292725, 40.691379547119098 ], [ 15.437657356262299, 40.691223144531399 ], [ 15.439100265502899, 40.691173553466697 ], [ 15.439715385437101, 40.690902709960902 ], [ 15.440670967102101, 40.690742492675803 ], [ 15.4411535263063, 40.690540313720803 ], [ 15.4420995712281, 40.690475463867301 ], [ 15.443093299865801, 40.690277099609503 ], [ 15.4438953399659, 40.689785003662202 ], [ 15.4445066452028, 40.6891059875488 ], [ 15.4455451965332, 40.688678741455199 ], [ 15.446301460266101, 40.688461303710902 ], [ 15.4469604492187, 40.688079833984403 ], [ 15.4474706649781, 40.688087463378899 ], [ 15.449547767639199, 40.689102172851598 ], [ 15.4503469467162, 40.689228057861399 ], [ 15.4512987136841, 40.689064025878999 ], [ 15.451830863952599, 40.688690185546903 ], [ 15.4522542953491, 40.688484191894602 ], [ 15.452344894409199, 40.687988281250099 ], [ 15.452187538146999, 40.687572479247997 ], [ 15.452442169189499, 40.686733245849702 ], [ 15.4526758193969, 40.686389923095803 ], [ 15.4530200958253, 40.686100006103601 ], [ 15.453888893127401, 40.6854057312013 ], [ 15.453895568847701, 40.684719085693402 ], [ 15.4542245864868, 40.684360504150398 ], [ 15.454930305481, 40.683879852295 ], [ 15.454903602600201, 40.683784484863402 ], [ 15.4547986984254, 40.683391571044901 ], [ 15.4554796218872, 40.682586669921903 ], [ 15.455663681030201, 40.681983947753899 ], [ 15.4566287994385, 40.6809272766113 ], [ 15.457416534423899, 40.680320739746101 ], [ 15.4582300186157, 40.679882049560703 ], [ 15.459113121032701, 40.679409027099602 ], [ 15.4596319198609, 40.6792182922363 ], [ 15.4608945846559, 40.678829193115199 ], [ 15.461673736572401, 40.678276062011797 ], [ 15.4627132415771, 40.6778373718262 ], [ 15.463879585266101, 40.677497863769602 ], [ 15.4649438858032, 40.677070617675803 ], [ 15.4659128189087, 40.676708221435497 ], [ 15.466724395751999, 40.676174163818402 ], [ 15.4673366546631, 40.676082611084098 ], [ 15.4680585861206, 40.676101684570398 ], [ 15.4691429138185, 40.675632476806697 ], [ 15.469923973083599, 40.675277709960902 ], [ 15.4702863693237, 40.6746635437012 ], [ 15.4708375930787, 40.674163818359403 ], [ 15.4719076156616, 40.674057006836101 ], [ 15.4728813171387, 40.674201965332102 ], [ 15.4736337661744, 40.674121856689503 ], [ 15.4746389389038, 40.67435836792 ], [ 15.476306915283301, 40.6744613647462 ], [ 15.4778509140015, 40.674633026122997 ], [ 15.479109764099199, 40.674400329589901 ], [ 15.4804344177246, 40.674190521240199 ], [ 15.4815216064453, 40.674083709716903 ], [ 15.482537269592299, 40.673820495605497 ], [ 15.483731269836399, 40.673656463622997 ], [ 15.484667778015201, 40.673664093017599 ], [ 15.485887527465801, 40.673988342285199 ], [ 15.486550331115801, 40.674320220947301 ], [ 15.4872369766235, 40.674121856689503 ], [ 15.4880275726319, 40.673835754394602 ], [ 15.488085746765099, 40.673553466796903 ], [ 15.488153457641699, 40.673347473144503 ], [ 15.4883909225463, 40.673164367675803 ], [ 15.488553047180201, 40.672924041747997 ], [ 15.4885740280153, 40.672626495361399 ], [ 15.4885244369507, 40.672279357910199 ], [ 15.488618850708001, 40.671928405761797 ], [ 15.4887914657593, 40.671531677246101 ], [ 15.488956451416099, 40.671279907226598 ], [ 15.489130973816, 40.671016693115199 ], [ 15.489306449890201, 40.670719146728601 ], [ 15.489411354065, 40.670566558837798 ], [ 15.489550590515099, 40.670288085937401 ], [ 15.4897031784059, 40.669952392578097 ], [ 15.489784240722701, 40.669662475586101 ], [ 15.4898176193238, 40.669464111328203 ], [ 15.4897680282593, 40.669151306152301 ], [ 15.489850044250501, 40.668369293212898 ], [ 15.4898643493653, 40.667774200439503 ], [ 15.489896774291999, 40.667411804199297 ], [ 15.4900722503663, 40.667003631591797 ], [ 15.490115165710399, 40.666889190673899 ], [ 15.490164756775, 40.666755676269602 ], [ 15.490221977233899, 40.666530609131001 ], [ 15.4903163909913, 40.666339874267699 ], [ 15.4907388687134, 40.666152954101598 ], [ 15.500847816467299, 40.6666069030762 ], [ 15.501189231872599, 40.666553497314602 ], [ 15.5019445419312, 40.666343688964801 ], [ 15.5023097991944, 40.666225433349602 ], [ 15.502581596374499, 40.666103363037202 ], [ 15.502818107605, 40.665996551513601 ], [ 15.5030765533447, 40.665851593017599 ], [ 15.503971099853599, 40.665153503417997 ], [ 15.504322052001999, 40.664836883545 ], [ 15.504463195800801, 40.664661407470597 ], [ 15.504520416259799, 40.664276123046903 ], [ 15.5044221878053, 40.663936614990199 ], [ 15.502119064331101, 40.656654357910199 ], [ 15.499341011047401, 40.653472900390703 ], [ 15.499137878418001, 40.653255462646499 ], [ 15.492927551269499, 40.648490905761797 ], [ 15.485963821411101, 40.6454048156738 ], [ 15.483922958374, 40.6445121765137 ], [ 15.482749938965, 40.644001007080199 ], [ 15.480319023132401, 40.643291473388601 ], [ 15.4776287078857, 40.642551422119098 ], [ 15.4731397628784, 40.6413383483888 ], [ 15.4686021804809, 40.640228271484403 ], [ 15.4682922363281, 40.639934539795 ], [ 15.4675626754762, 40.638919830322301 ], [ 15.467395782470801, 40.638614654541101 ], [ 15.4670066833497, 40.637039184570398 ], [ 15.4667615890503, 40.635799407959098 ], [ 15.4665670394897, 40.634586334228501 ], [ 15.4661197662354, 40.631927490234503 ], [ 15.464179992675801, 40.628204345703203 ], [ 15.452599525451699, 40.611843109130902 ], [ 15.450309753418001, 40.610092163086001 ], [ 15.4514713287354, 40.609184265136797 ], [ 15.4530372619629, 40.608146667480497 ], [ 15.453495979309199, 40.607940673828097 ], [ 15.454225540161101, 40.607631683349602 ], [ 15.460597038269, 40.605697631836001 ], [ 15.461738586425801, 40.605422973632898 ], [ 15.4662570953369, 40.602207183837898 ], [ 15.469908714294499, 40.598766326904403 ], [ 15.472740173339799, 40.594715118408203 ], [ 15.472985267639199, 40.594413757324197 ], [ 15.4748477935791, 40.593643188476598 ], [ 15.476213455200201, 40.593441009521499 ], [ 15.478101730346699, 40.5940551757812 ], [ 15.4793548583984, 40.594314575195398 ], [ 15.4806213378907, 40.594490051269602 ], [ 15.485741615295399, 40.595008850097699 ], [ 15.489236831665099, 40.593128204345597 ], [ 15.4895391464234, 40.592708587646598 ], [ 15.489429473876999, 40.592163085937599 ], [ 15.4893684387206, 40.5914497375488 ], [ 15.4894208908081, 40.590579986572301 ], [ 15.4896039962769, 40.589813232421903 ], [ 15.49001121521, 40.589122772216697 ], [ 15.4908447265625, 40.588348388671903 ], [ 15.4917163848878, 40.587841033935497 ], [ 15.4973106384278, 40.587089538574297 ], [ 15.500181198120201, 40.586704254150398 ], [ 15.501563072204601, 40.586635589599702 ], [ 15.5030422210694, 40.586891174316499 ], [ 15.504509925842401, 40.5873222351075 ], [ 15.505221366882299, 40.587657928466797 ], [ 15.506442070007401, 40.588012695312599 ], [ 15.507303237915, 40.5878715515137 ], [ 15.5092973709106, 40.587474822997997 ], [ 15.510226249694901, 40.587093353271499 ], [ 15.5109691619872, 40.586738586425703 ], [ 15.5131378173828, 40.585010528564503 ], [ 15.513412475586, 40.584701538085902 ], [ 15.5166387557984, 40.580394744872997 ], [ 15.516736984252899, 40.579532623291101 ], [ 15.516165733337401, 40.578987121582003 ], [ 15.5152893066406, 40.578746795654403 ], [ 15.5149440765382, 40.578304290771499 ], [ 15.5148048400879, 40.5770263671875 ], [ 15.514726638793899, 40.576057434082003 ], [ 15.515027046203601, 40.575126647949197 ], [ 15.5207290649415, 40.571479797363203 ], [ 15.5217895507813, 40.571220397949297 ], [ 15.523551940918001, 40.571289062499901 ], [ 15.5252532958985, 40.571437835693402 ], [ 15.5334577560425, 40.574047088623203 ], [ 15.540188789367701, 40.569057464599702 ], [ 15.535815238952701, 40.566864013672003 ], [ 15.527429580688599, 40.5583305358887 ], [ 15.5277452468872, 40.557907104492301 ], [ 15.529539108276399, 40.557422637939602 ], [ 15.5316715240478, 40.556930541992301 ], [ 15.536955833435099, 40.548561096191499 ], [ 15.546155929565501, 40.5326538085938 ], [ 15.5461273193359, 40.532192230224702 ], [ 15.5455875396728, 40.531032562255902 ], [ 15.540601730346699, 40.524570465087898 ], [ 15.5394620895387, 40.524246215820298 ], [ 15.536960601806699, 40.523727416992202 ], [ 15.5361375808715, 40.523258209228601 ], [ 15.538622856140099, 40.520797729492202 ], [ 15.540623664856, 40.518825531005902 ], [ 15.5447101593018, 40.515911102294901 ], [ 15.551301002502401, 40.510250091552798 ], [ 15.551021575927701, 40.50984954834 ], [ 15.548857688903899, 40.507953643798899 ], [ 15.5467338562013, 40.506488800048899 ], [ 15.544797897338899, 40.5053520202638 ], [ 15.5416622161866, 40.503963470458999 ], [ 15.539401054382401, 40.503097534179702 ], [ 15.5382843017579, 40.502563476562599 ], [ 15.537444114685099, 40.5021171569825 ], [ 15.537016868591399, 40.501846313476698 ], [ 15.536849975586, 40.5016899108887 ], [ 15.5367021560668, 40.501510620117202 ], [ 15.5363874435425, 40.501132965087898 ], [ 15.5360517501832, 40.500637054443402 ], [ 15.5363502502441, 40.499645233154403 ], [ 15.5365915298463, 40.498905181884702 ], [ 15.5371656417847, 40.498035430908303 ], [ 15.5389099121094, 40.496337890624901 ], [ 15.5404100418091, 40.493690490722699 ], [ 15.540342330932599, 40.4928169250488 ], [ 15.539670944213899, 40.489051818847798 ], [ 15.5422430038453, 40.488014221191499 ], [ 15.5508222579956, 40.482685089111399 ], [ 15.5565042495728, 40.479225158691399 ], [ 15.5574903488159, 40.478633880615298 ], [ 15.562014579772899, 40.477809906005902 ], [ 15.5637950897218, 40.477577209472699 ], [ 15.5653991699219, 40.477588653564503 ], [ 15.5672149658204, 40.477752685546903 ], [ 15.578763961791999, 40.470466613769602 ], [ 15.5795698165893, 40.469886779785099 ], [ 15.579800605773899, 40.469257354736399 ], [ 15.5801420211791, 40.466571807861399 ], [ 15.5800333023072, 40.465831756591903 ], [ 15.579792976379499, 40.464286804199197 ], [ 15.5794134140015, 40.463771820068501 ], [ 15.5841150283813, 40.456317901611399 ], [ 15.587482452392599, 40.453029632568402 ], [ 15.5926218032837, 40.447025299072202 ], [ 15.587571144104, 40.4446029663087 ], [ 15.5908946990966, 40.4429931640625 ], [ 15.603051185607899, 40.436389923095703 ], [ 15.6039180755615, 40.435775756836001 ], [ 15.614361763000501, 40.431438446044901 ], [ 15.6160068511963, 40.430801391601598 ], [ 15.6174030303956, 40.4302787780762 ], [ 15.618569374084601, 40.430065155029297 ], [ 15.6197938919068, 40.430030822753999 ], [ 15.6212062835694, 40.429618835449197 ], [ 15.6271591186525, 40.427215576171903 ], [ 15.6304349899293, 40.425533294677699 ], [ 15.634538650512701, 40.423313140869197 ], [ 15.635125160217299, 40.422927856445298 ], [ 15.6355533599854, 40.422241210937599 ], [ 15.6359357833863, 40.421394348144503 ], [ 15.6362009048462, 40.420734405517599 ], [ 15.636726379394499, 40.420135498046903 ], [ 15.6384420394897, 40.418464660644602 ], [ 15.6389560699463, 40.41801071167 ], [ 15.6397151947021, 40.417407989502102 ], [ 15.6410989761354, 40.416492462158303 ], [ 15.642093658447299, 40.416046142578097 ], [ 15.648814201354901, 40.415000915527401 ], [ 15.649736404418899, 40.412567138672003 ], [ 15.6512813568116, 40.409244537353601 ], [ 15.6517601013184, 40.408542633056598 ], [ 15.661431312561101, 40.394973754882898 ], [ 15.6623897552491, 40.394309997558601 ], [ 15.663571357727101, 40.393493652343899 ], [ 15.6718244552613, 40.399261474609403 ], [ 15.6764030456544, 40.3981742858888 ], [ 15.6780605316162, 40.397659301757898 ], [ 15.68195438385, 40.394397735595703 ], [ 15.6824998855591, 40.394222259521499 ], [ 15.683733940124499, 40.393653869628999 ], [ 15.6852912902832, 40.392852783203203 ], [ 15.700008392334, 40.384925842285298 ], [ 15.710696220398001, 40.378482818603601 ], [ 15.7109537124634, 40.3782958984375 ], [ 15.710336685180801, 40.370937347412102 ], [ 15.710021018981999, 40.370143890381001 ], [ 15.709255218506, 40.369087219238402 ], [ 15.7084341049194, 40.3681449890137 ], [ 15.7062196731569, 40.36576461792 ], [ 15.705122947693001, 40.3602104187013 ], [ 15.7053527832032, 40.345012664794901 ], [ 15.7055807113647, 40.3432426452638 ], [ 15.706112861633301, 40.342269897460902 ], [ 15.709758758545, 40.337570190429702 ], [ 15.7188930511475, 40.329559326171903 ], [ 15.7196979522706, 40.328861236572301 ], [ 15.720680236816399, 40.328079223632898 ], [ 15.721188545227101, 40.327770233154403 ], [ 15.7218170166016, 40.325504302978601 ], [ 15.726996421814, 40.323291778564403 ], [ 15.7281341552734, 40.318553924560597 ], [ 15.7276048660279, 40.317459106445298 ], [ 15.727710723876999, 40.31644821167 ], [ 15.728595733642599, 40.315624237060497 ], [ 15.7392015457154, 40.306163787841797 ], [ 15.740032196044901, 40.305423736572301 ], [ 15.7403230667115, 40.305160522461101 ], [ 15.741382598876999, 40.304237365722798 ], [ 15.742383956909199, 40.303375244140597 ], [ 15.743530273437401, 40.302520751953203 ], [ 15.744582176208599, 40.301849365234403 ], [ 15.7484693527222, 40.300224304199297 ], [ 15.7499923706056, 40.299739837646598 ], [ 15.7511806488037, 40.299713134765597 ], [ 15.752313613891699, 40.299877166748097 ], [ 15.7550983428956, 40.30073928833 ], [ 15.765826225280801, 40.299354553222599 ], [ 15.787579536438001, 40.291065216064503 ], [ 15.795017242431699, 40.287963867187599 ], [ 15.7953662872315, 40.286853790283203 ], [ 15.7980403900146, 40.282337188720803 ], [ 15.798815727233899, 40.281322479247997 ], [ 15.799913406372101, 40.280414581298899 ], [ 15.8008737564087, 40.280086517334098 ], [ 15.8025426864625, 40.279918670654403 ], [ 15.803275108337401, 40.279380798339901 ], [ 15.805763244628899, 40.276607513427798 ], [ 15.8065958023072, 40.275531768798899 ], [ 15.8069505691529, 40.274772644042997 ], [ 15.8071908950806, 40.274227142333899 ], [ 15.807276725769199, 40.273265838622997 ], [ 15.8058624267579, 40.273113250732401 ], [ 15.8051433563232, 40.2729721069337 ], [ 15.8016872406006, 40.271213531494098 ], [ 15.8009290695191, 40.270759582519503 ], [ 15.8006134033203, 40.269985198974702 ], [ 15.8004474639893, 40.2687797546387 ], [ 15.800322532653899, 40.260105133056598 ], [ 15.8004856109619, 40.259365081787102 ], [ 15.80078125, 40.258426666259801 ], [ 15.8010931015016, 40.2577323913575 ], [ 15.8018198013306, 40.256771087646499 ], [ 15.802534103393601, 40.256278991699297 ], [ 15.8036527633668, 40.255481719970803 ], [ 15.804197311401399, 40.254917144775497 ], [ 15.8060159683228, 40.252639770507798 ], [ 15.8061971664429, 40.252410888671903 ], [ 15.7967166900635, 40.246662139892599 ], [ 15.7952527999879, 40.245906829833999 ], [ 15.794177055358899, 40.245571136474702 ], [ 15.791540145874, 40.245048522949297 ], [ 15.790643692016699, 40.245063781738303 ], [ 15.7881860733032, 40.237632751464901 ], [ 15.788372039795, 40.236801147460902 ], [ 15.7904529571534, 40.231624603271499 ], [ 15.7913417816163, 40.230312347412202 ], [ 15.7949781417847, 40.227611541748097 ], [ 15.797652244568001, 40.226081848144503 ], [ 15.798011779785201, 40.225845336914198 ], [ 15.797814369201699, 40.224670410156399 ], [ 15.7972078323365, 40.223793029785199 ], [ 15.796551704406699, 40.2229194641113 ], [ 15.796039581298899, 40.222385406494098 ], [ 15.792383193969799, 40.219200134277301 ], [ 15.7919921875, 40.218906402587798 ], [ 15.790753364562899, 40.218559265136797 ], [ 15.790312767028899, 40.218498229980497 ], [ 15.789969444275, 40.2185287475587 ], [ 15.789294242858899, 40.218639373779403 ], [ 15.7887735366821, 40.218734741211001 ], [ 15.7878046035766, 40.219245910644503 ], [ 15.786125183105501, 40.219345092773601 ], [ 15.774913787841699, 40.218349456787102 ], [ 15.7682991027832, 40.2151870727538 ], [ 15.7676553726196, 40.214397430419901 ], [ 15.7670507431031, 40.212917327880902 ], [ 15.7664194107057, 40.2123222351075 ], [ 15.752038002014199, 40.202804565429702 ], [ 15.741270065307701, 40.203365325927798 ], [ 15.739995002746699, 40.203765869140597 ], [ 15.736721992492701, 40.203231811523402 ], [ 15.7353067398072, 40.202682495117202 ], [ 15.7320861816406, 40.200332641601598 ], [ 15.7332229614257, 40.1979179382325 ], [ 15.7333536148072, 40.197010040283203 ], [ 15.7309436798097, 40.187995910644602 ], [ 15.730583190918001, 40.187332153320398 ], [ 15.719093322754, 40.183719635009801 ], [ 15.7133588790894, 40.179450988769602 ], [ 15.7157974243165, 40.175109863281399 ], [ 15.717271804809601, 40.171432495117202 ], [ 15.7173509597778, 40.171138763427798 ], [ 15.717383384704499, 40.170886993408203 ], [ 15.7173223495485, 40.170585632324197 ], [ 15.7167615890503, 40.1697807312012 ], [ 15.716322898864799, 40.169418334960902 ], [ 15.7109594345093, 40.166275024414098 ], [ 15.7067213058472, 40.164157867431797 ], [ 15.705117225646999, 40.163539886474702 ], [ 15.7031240463257, 40.162734985351499 ], [ 15.7025699615478, 40.162475585937599 ], [ 15.701891899108899, 40.161624908447301 ], [ 15.7016973495485, 40.160854339599702 ], [ 15.701338768005501, 40.159278869628999 ], [ 15.7012853622437, 40.1585502624512 ], [ 15.7013607025146, 40.157909393310497 ], [ 15.701495170593301, 40.157199859619197 ], [ 15.7022876739503, 40.154178619384801 ], [ 15.705200195312401, 40.149993896484403 ], [ 15.705688476562599, 40.149486541747997 ], [ 15.706774711609, 40.149082183837997 ], [ 15.7070322036744, 40.1487846374512 ], [ 15.7077445983888, 40.147491455078097 ], [ 15.7089796066285, 40.144229888916101 ], [ 15.7094469070435, 40.142921447753899 ], [ 15.709766387939499, 40.141986846923899 ], [ 15.7100477218628, 40.140865325927798 ], [ 15.710210800171, 40.139621734619098 ], [ 15.7102947235107, 40.138763427734403 ], [ 15.710243225097701, 40.1382064819337 ], [ 15.709730148315399, 40.137325286865199 ], [ 15.708279609680201, 40.136936187744098 ], [ 15.7069501876832, 40.136470794677798 ], [ 15.706332206726101, 40.135608673095703 ], [ 15.704363822936999, 40.124809265136697 ], [ 15.704003334045501, 40.122848510742301 ], [ 15.7039737701416, 40.120998382568402 ], [ 15.7046566009522, 40.120304107666001 ], [ 15.7055320739746, 40.119602203369098 ], [ 15.706657409668001, 40.118736267089801 ], [ 15.6974086761475, 40.107444763183601 ], [ 15.6924333572388, 40.1028060913087 ], [ 15.6915645599366, 40.101760864257798 ], [ 15.6908264160157, 40.100719451904297 ], [ 15.690356254577701, 40.099800109863203 ], [ 15.688668251037599, 40.096389770507798 ], [ 15.6838216781616, 40.090522766113303 ], [ 15.683112144470201, 40.089675903320398 ], [ 15.677813529968301, 40.085479736328203 ], [ 15.67315864563, 40.083271026611399 ], [ 15.6721458435059, 40.082843780517599 ], [ 15.6716165542604, 40.082660675048899 ], [ 15.6699590682984, 40.082191467285298 ], [ 15.663480758666999, 40.080524444580099 ], [ 15.662611007690399, 40.080329895019602 ], [ 15.6612281799316, 40.080455780029297 ], [ 15.660209655761699, 40.0806694030762 ], [ 15.659483909606999, 40.080844879150398 ], [ 15.658761024475201, 40.081123352050803 ], [ 15.657976150512701, 40.081493377685597 ], [ 15.6570758819581, 40.0817260742188 ], [ 15.656279563903899, 40.081699371337898 ], [ 15.6551265716554, 40.081340789795 ], [ 15.6545476913453, 40.081089019775398 ], [ 15.653017044067401, 40.080387115478601 ], [ 15.652745246887299, 40.080146789550703 ], [ 15.6525793075562, 40.079868316650298 ], [ 15.652458190918001, 40.07958984375 ], [ 15.652372360229499, 40.079277038574297 ], [ 15.6525011062622, 40.078598022461101 ], [ 15.6540918350219, 40.078849792480497 ], [ 15.666895866394199, 40.0750732421875 ], [ 15.668322563171399, 40.074634552002003 ], [ 15.669421195983899, 40.074249267578097 ], [ 15.6726894378663, 40.071350097656399 ], [ 15.673164367675801, 40.070823669433601 ], [ 15.6765909194947, 40.065170288086001 ], [ 15.676726341247701, 40.0645751953125 ], [ 15.6768598556519, 40.063709259033203 ], [ 15.6772689819337, 40.057807922363402 ], [ 15.6772527694703, 40.057277679443402 ], [ 15.677176475524901, 40.0566635131837 ], [ 15.676994323730501, 40.055904388427798 ], [ 15.6760892868041, 40.055919647216903 ], [ 15.6751861572266, 40.055892944336101 ], [ 15.6743717193603, 40.055850982666001 ], [ 15.673241615295399, 40.055652618408203 ], [ 15.6729078292847, 40.055561065673899 ], [ 15.6727800369263, 40.055526733398601 ], [ 15.648054122924901, 40.045665740966903 ], [ 15.6475820541382, 40.045417785644602 ], [ 15.6461744308472, 40.043979644775497 ], [ 15.6457118988038, 40.043869018554801 ], [ 15.6456508636475, 40.043819427490199 ], [ 15.645586013793899, 40.043697357177798 ], [ 15.645450592041, 40.043231964111399 ], [ 15.645318031311, 40.0425834655762 ], [ 15.645068168640201, 40.041248321533303 ], [ 15.644584655761699, 40.041248321533303 ], [ 15.644584655761699, 40.0415267944337 ], [ 15.6443042755128, 40.0415267944337 ], [ 15.6443042755128, 40.042472839355497 ], [ 15.6443042755128, 40.042640686035199 ], [ 15.644097328186101, 40.042640686035199 ], [ 15.6440286636353, 40.042915344238402 ], [ 15.6437549591065, 40.042915344238402 ], [ 15.6431941986084, 40.042915344238402 ], [ 15.6431941986084, 40.042640686035199 ], [ 15.6426382064819, 40.042640686035199 ], [ 15.6426382064819, 40.042362213134801 ], [ 15.642082214355501, 40.042362213134801 ], [ 15.642082214355501, 40.043472290039198 ], [ 15.6418056488038, 40.043472290039198 ], [ 15.6418056488038, 40.044029235839901 ], [ 15.641528129577701, 40.044029235839901 ], [ 15.641528129577701, 40.044708251953097 ], [ 15.641528129577701, 40.0448608398437 ], [ 15.6413526535035, 40.044906616210902 ], [ 15.641268730163601, 40.044929504394503 ], [ 15.641249656677401, 40.045139312744297 ], [ 15.6409721374513, 40.045154571533097 ], [ 15.6409721374513, 40.045417785644602 ], [ 15.6406936645509, 40.045417785644602 ], [ 15.6406936645509, 40.045696258545 ], [ 15.640416145324799, 40.045696258545 ], [ 15.640416145324799, 40.046249389648402 ], [ 15.6401376724244, 40.046249389648402 ], [ 15.6401376724244, 40.0465278625488 ], [ 15.6398601531984, 40.0465278625488 ], [ 15.6398601531984, 40.046806335449197 ], [ 15.6395835876465, 40.046806335449197 ], [ 15.6395835876465, 40.047359466552798 ], [ 15.639306068420501, 40.047359466552798 ], [ 15.639306068420501, 40.047637939453203 ], [ 15.639027595520099, 40.047637939453203 ], [ 15.639027595520099, 40.047916412353601 ], [ 15.638750076294, 40.047916412353601 ], [ 15.638750076294, 40.048194885253999 ], [ 15.638471603393601, 40.048194885253999 ], [ 15.638471603393601, 40.048473358154403 ], [ 15.6381940841675, 40.048473358154403 ], [ 15.6381940841675, 40.048751831054702 ], [ 15.637915611267101, 40.048751831054702 ], [ 15.637915611267101, 40.048473358154403 ], [ 15.6376399993896, 40.048473358154403 ], [ 15.6376399993896, 40.048751831054702 ], [ 15.6373615264893, 40.048751831054702 ], [ 15.6373615264893, 40.049026489257898 ], [ 15.6370840072631, 40.049026489257898 ], [ 15.6370840072631, 40.049304962158303 ], [ 15.6362495422363, 40.049304962158303 ], [ 15.6362495422363, 40.0495834350587 ], [ 15.634305953979601, 40.0495834350587 ], [ 15.634305953979601, 40.049861907959098 ], [ 15.633472442626999, 40.049861907959098 ], [ 15.633472442626999, 40.050140380859403 ], [ 15.6326398849487, 40.050140380859403 ], [ 15.6326398849487, 40.050693511962898 ], [ 15.632362365722701, 40.050693511962898 ], [ 15.632362365722701, 40.050971984863203 ], [ 15.6318063735962, 40.050971984863203 ], [ 15.6318063735962, 40.051528930664198 ], [ 15.6315269470215, 40.051528930664198 ], [ 15.6315269470215, 40.052360534667997 ], [ 15.631249427795399, 40.052360534667997 ], [ 15.631249427795399, 40.052639007568402 ], [ 15.630693435668899, 40.052639007568402 ], [ 15.630693435668899, 40.0529174804688 ], [ 15.6304178237916, 40.0529174804688 ], [ 15.6304178237916, 40.053195953369098 ], [ 15.6301393508912, 40.053195953369098 ], [ 15.6301393508912, 40.053749084472699 ], [ 15.629860877990801, 40.053749084472699 ], [ 15.629860877990801, 40.054027557373097 ], [ 15.6293048858644, 40.054027557373097 ], [ 15.6293048858644, 40.054306030273501 ], [ 15.6284732818604, 40.054306030273501 ], [ 15.6284732818604, 40.054584503173899 ], [ 15.62819480896, 40.054584503173899 ], [ 15.62819480896, 40.054862976074297 ], [ 15.627917289733899, 40.054862976074297 ], [ 15.627917289733899, 40.0551376342775 ], [ 15.627638816833599, 40.0551376342775 ], [ 15.627638816833599, 40.055416107177798 ], [ 15.627082824707101, 40.055416107177798 ], [ 15.627082824707101, 40.055973052978601 ], [ 15.626805305481, 40.055973052978601 ], [ 15.626805305481, 40.056251525878999 ], [ 15.6265268325806, 40.056251525878999 ], [ 15.6265268325806, 40.057083129882798 ], [ 15.6262512207031, 40.057083129882798 ], [ 15.6262512207031, 40.057361602783097 ], [ 15.625970840454199, 40.057361602783097 ], [ 15.625970840454199, 40.0593070983887 ], [ 15.6262512207031, 40.0593070983887 ], [ 15.6262512207031, 40.059860229492202 ], [ 15.6265268325806, 40.059860229492202 ], [ 15.6265268325806, 40.060695648193402 ], [ 15.626805305481, 40.060695648193402 ], [ 15.626805305481, 40.062084197998203 ], [ 15.6265268325806, 40.062084197998203 ], [ 15.6265268325806, 40.062637329101598 ], [ 15.6262512207031, 40.062637329101598 ], [ 15.6262512207031, 40.063194274902301 ], [ 15.625970840454199, 40.063194274902301 ], [ 15.625970840454199, 40.063472747802699 ], [ 15.625695228576699, 40.063472747802699 ], [ 15.625695228576699, 40.063751220703097 ], [ 15.6254167556763, 40.063751220703097 ], [ 15.6254167556763, 40.064304351806697 ], [ 15.6262512207031, 40.064304351806697 ], [ 15.6262512207031, 40.0640258789063 ], [ 15.6265268325806, 40.0640258789063 ], [ 15.6265268325806, 40.063751220703097 ], [ 15.62819480896, 40.063751220703097 ], [ 15.62819480896, 40.0640258789063 ], [ 15.628575325012299, 40.0640258789063 ], [ 15.6287488937379, 40.0640258789063 ], [ 15.6287488937379, 40.064186096191399 ], [ 15.6287488937379, 40.064304351806697 ], [ 15.6288766860963, 40.064304351806697 ], [ 15.629027366638301, 40.064304351806697 ], [ 15.629027366638301, 40.064441680908203 ], [ 15.629027366638301, 40.064582824707102 ], [ 15.629179954528899, 40.064582824707102 ], [ 15.6293048858644, 40.064582824707102 ], [ 15.6293048858644, 40.064697265624901 ], [ 15.6293048858644, 40.065692901611399 ], [ 15.629027366638301, 40.065692901611399 ], [ 15.629027366638301, 40.065971374511797 ], [ 15.6287488937379, 40.065971374511797 ], [ 15.6287488937379, 40.066249847412202 ], [ 15.6293048858644, 40.066249847412202 ], [ 15.6293048858644, 40.066528320312599 ], [ 15.629860877990801, 40.066528320312599 ], [ 15.629860877990801, 40.066806793212898 ], [ 15.6301393508912, 40.066806793212898 ], [ 15.6301393508912, 40.067081451416001 ], [ 15.6304178237916, 40.067081451416001 ], [ 15.6304178237916, 40.067359924316499 ], [ 15.630693435668899, 40.067359924316499 ], [ 15.630693435668899, 40.067638397216903 ], [ 15.631249427795399, 40.067638397216903 ], [ 15.631249427795399, 40.067916870117301 ], [ 15.631685256958001, 40.067916870117301 ], [ 15.6318063735962, 40.067916870117301 ], [ 15.6318063735962, 40.068195343017699 ], [ 15.632083892822299, 40.068195343017699 ], [ 15.632083892822299, 40.068473815918097 ], [ 15.632362365722701, 40.068473815918097 ], [ 15.632362365722701, 40.068813323974602 ], [ 15.632362365722701, 40.069583892822301 ], [ 15.632083892822299, 40.069583892822301 ], [ 15.632083892822299, 40.069862365722699 ], [ 15.6318063735962, 40.069862365722699 ], [ 15.6318063735962, 40.070137023925803 ], [ 15.631249427795399, 40.070137023925803 ], [ 15.631249427795399, 40.0704154968262 ], [ 15.630970954895, 40.0704154968262 ], [ 15.630970954895, 40.070972442627003 ], [ 15.630693435668899, 40.070972442627003 ], [ 15.630693435668899, 40.071250915527301 ], [ 15.6304178237916, 40.071250915527301 ], [ 15.6304178237916, 40.071529388427699 ], [ 15.6301393508912, 40.071529388427699 ], [ 15.6301393508912, 40.071804046631001 ], [ 15.629583358764799, 40.071804046631001 ], [ 15.629583358764799, 40.072082519531399 ], [ 15.6293048858644, 40.072082519531399 ], [ 15.6293048858644, 40.072360992431697 ], [ 15.629027366638301, 40.072360992431697 ], [ 15.629027366638301, 40.072639465332102 ], [ 15.6287488937379, 40.072639465332102 ], [ 15.6287488937379, 40.0729179382325 ], [ 15.62819480896, 40.0729179382325 ], [ 15.62819480896, 40.073192596435497 ], [ 15.6273612976075, 40.073192596435497 ], [ 15.6273612976075, 40.073471069335902 ], [ 15.626805305481, 40.073471069335902 ], [ 15.626805305481, 40.073749542236399 ], [ 15.624304771423301, 40.073749542236399 ], [ 15.624304771423301, 40.073471069335902 ], [ 15.623194694519199, 40.073471069335902 ], [ 15.623194694519199, 40.073192596435497 ], [ 15.622638702392599, 40.073192596435497 ], [ 15.622638702392599, 40.0729179382325 ], [ 15.6223611831666, 40.0729179382325 ], [ 15.6223611831666, 40.072414398193501 ], [ 15.6223611831666, 40.072082519531399 ], [ 15.6220827102662, 40.072082519531399 ], [ 15.6220827102662, 40.071804046631001 ], [ 15.621805191040099, 40.071804046631001 ], [ 15.621805191040099, 40.071640014648501 ], [ 15.621805191040099, 40.071529388427699 ], [ 15.6215267181397, 40.071529388427699 ], [ 15.6215267181397, 40.070972442627003 ], [ 15.6209726333618, 40.070972442627003 ], [ 15.6209726333618, 40.070693969726598 ], [ 15.6204166412354, 40.070693969726598 ], [ 15.6204166412354, 40.070137023925803 ], [ 15.6201391220093, 40.070137023925803 ], [ 15.6201391220093, 40.069862365722699 ], [ 15.6195831298828, 40.069862365722699 ], [ 15.6195831298828, 40.069583892822301 ], [ 15.6193037033081, 40.069583892822301 ], [ 15.6193037033081, 40.069026947021499 ], [ 15.618473052978599, 40.069026947021499 ], [ 15.618473052978599, 40.068473815918097 ], [ 15.616250038146999, 40.068473815918097 ], [ 15.616250038146999, 40.068748474121101 ], [ 15.6148624420166, 40.068748474121101 ], [ 15.6148624420166, 40.069026947021499 ], [ 15.614582061767599, 40.069026947021499 ], [ 15.614582061767599, 40.069305419921903 ], [ 15.614306449890099, 40.069305419921903 ], [ 15.614306449890099, 40.069583892822301 ], [ 15.6137504577637, 40.069583892822301 ], [ 15.6137504577637, 40.069862365722699 ], [ 15.6131944656372, 40.069862365722699 ], [ 15.6131944656372, 40.070137023925803 ], [ 15.6129159927368, 40.070137023925803 ], [ 15.6129140853882, 40.070423126220803 ], [ 15.6126384735107, 40.0704154968262 ], [ 15.6126384735107, 40.070693969726598 ], [ 15.611805915832599, 40.070693969726598 ], [ 15.611805915832599, 40.070972442627003 ], [ 15.61097240448, 40.070972442627003 ], [ 15.61097240448, 40.071250915527301 ], [ 15.6101379394532, 40.071250915527301 ], [ 15.6101379394532, 40.071529388427699 ], [ 15.6095838546753, 40.071529388427699 ], [ 15.6095838546753, 40.071804046631001 ], [ 15.6090278625488, 40.071804046631001 ], [ 15.6090278625488, 40.072082519531399 ], [ 15.6081943511963, 40.072082519531399 ], [ 15.6081943511963, 40.072360992431697 ], [ 15.607361793518001, 40.072360992431697 ], [ 15.607361793518001, 40.072639465332102 ], [ 15.606805801391699, 40.072639465332102 ], [ 15.606805801391699, 40.0729179382325 ], [ 15.6062498092653, 40.0729179382325 ], [ 15.6062498092653, 40.073192596435497 ], [ 15.605972290039199, 40.073192596435497 ], [ 15.605972290039199, 40.073471069335902 ], [ 15.604862213134799, 40.073471069335902 ], [ 15.604862213134799, 40.073749542236399 ], [ 15.604305267334, 40.073749542236399 ], [ 15.604305267334, 40.074028015136797 ], [ 15.6029167175293, 40.074028015136797 ], [ 15.6029167175293, 40.074306488037202 ], [ 15.6015272140503, 40.074306488037202 ], [ 15.6015272140503, 40.074028015136797 ], [ 15.5990266799928, 40.074028015136797 ], [ 15.5990266799928, 40.074306488037202 ], [ 15.598472595214901, 40.074306488037202 ], [ 15.598472595214901, 40.074028015136797 ], [ 15.596529006958001, 40.074028015136797 ], [ 15.596529006958001, 40.073749542236399 ], [ 15.5951385498046, 40.073749542236399 ], [ 15.5951385498046, 40.073471069335902 ], [ 15.5948610305787, 40.073471069335902 ], [ 15.5948610305787, 40.073192596435497 ], [ 15.5931949615479, 40.073192596435497 ], [ 15.5931949615479, 40.073471069335902 ], [ 15.5923614501954, 40.073471069335902 ], [ 15.5923614501954, 40.073749542236399 ], [ 15.5918035507203, 40.073749542236399 ], [ 15.5918035507203, 40.074028015136797 ], [ 15.591251373291, 40.074028015136797 ], [ 15.591251373291, 40.074306488037202 ], [ 15.590694427490201, 40.074306488037202 ], [ 15.590694427490201, 40.074584960937599 ], [ 15.5901384353638, 40.074584960937599 ], [ 15.5901384353638, 40.074859619140597 ], [ 15.588193893432701, 40.074859619140597 ], [ 15.588193893432701, 40.075138092041001 ], [ 15.586806297302299, 40.075138092041001 ], [ 15.586806297302299, 40.075416564941399 ], [ 15.586250305175801, 40.075416564941399 ], [ 15.586250305175801, 40.075695037841797 ], [ 15.584584236145, 40.075695037841797 ], [ 15.584584236145, 40.075973510742202 ], [ 15.5840282440185, 40.075973510742202 ], [ 15.5840282440185, 40.076248168945398 ], [ 15.5831937789916, 40.076248168945398 ], [ 15.5831937789916, 40.076526641845803 ], [ 15.5820837020875, 40.076526641845803 ], [ 15.5820837020875, 40.076805114746101 ], [ 15.580971717834499, 40.076805114746101 ], [ 15.580971717834499, 40.077083587646499 ], [ 15.5795841217041, 40.077083587646499 ], [ 15.5795841217041, 40.077278137207102 ], [ 15.5795841217041, 40.077362060546903 ], [ 15.578195571899499, 40.077362060546903 ], [ 15.578195571899499, 40.077640533447301 ], [ 15.5768051147462, 40.077640533447301 ], [ 15.5768051147462, 40.077915191650497 ], [ 15.575819969177401, 40.077915191650497 ], [ 15.574583053588899, 40.077915191650497 ], [ 15.574583053588899, 40.078193664550902 ], [ 15.5712490081787, 40.078193664550902 ], [ 15.5712490081787, 40.077915191650497 ], [ 15.570694923401, 40.077915191650497 ], [ 15.570694923401, 40.077640533447301 ], [ 15.570138931274499, 40.077640533447301 ], [ 15.570138931274499, 40.077362060546903 ], [ 15.5684728622437, 40.077362060546903 ], [ 15.5684728622437, 40.077083587646499 ], [ 15.568195343017599, 40.077083587646499 ], [ 15.568195343017599, 40.076805114746101 ], [ 15.5679168701172, 40.076805114746101 ], [ 15.5679168701172, 40.076248168945398 ], [ 15.5670833587646, 40.076248168945398 ], [ 15.5670833587646, 40.075973510742202 ], [ 15.5668067932128, 40.075973510742202 ], [ 15.5668067932128, 40.075695037841797 ], [ 15.554862022399799, 40.075695037841797 ], [ 15.554862022399799, 40.075416564941399 ], [ 15.548194885254, 40.075416564941399 ], [ 15.548194885254, 40.075138092041001 ], [ 15.546805381775, 40.075138092041001 ], [ 15.546805381775, 40.074859619140597 ], [ 15.543194770812899, 40.074859619140597 ], [ 15.543194770812899, 40.074584960937599 ], [ 15.5426387786865, 40.074584960937599 ], [ 15.5426387786865, 40.074859619140597 ], [ 15.5406951904297, 40.074859619140597 ], [ 15.5406951904297, 40.074584960937599 ], [ 15.540139198303301, 40.074584960937599 ], [ 15.540139198303301, 40.074306488037202 ], [ 15.5395832061768, 40.074306488037202 ], [ 15.5395832061768, 40.074028015136797 ], [ 15.5387506484985, 40.074028015136797 ], [ 15.5387506484985, 40.074306488037202 ], [ 15.535694122314601, 40.074306488037202 ], [ 15.535694122314601, 40.074028015136797 ], [ 15.5340280532837, 40.074028015136797 ], [ 15.5340280532837, 40.073749542236399 ], [ 15.533468246460099, 40.073749542236399 ], [ 15.5318059921265, 40.073749542236399 ], [ 15.5318059921265, 40.073471069335902 ], [ 15.5304155349731, 40.073471069335902 ], [ 15.5304155349731, 40.073192596435497 ], [ 15.5298624038697, 40.073192596435497 ], [ 15.5298624038697, 40.0729179382325 ], [ 15.5290279388428, 40.0729179382325 ], [ 15.5290279388428, 40.072639465332102 ], [ 15.5270843505859, 40.072639465332102 ], [ 15.5270843505859, 40.072360992431697 ], [ 15.526528358459499, 40.072360992431697 ], [ 15.526528358459499, 40.072082519531399 ], [ 15.525695800781399, 40.072082519531399 ], [ 15.525695800781399, 40.071804046631001 ], [ 15.525139808654901, 40.071804046631001 ], [ 15.525139808654901, 40.071529388427699 ], [ 15.5237493515016, 40.071529388427699 ], [ 15.5237493515016, 40.071250915527301 ], [ 15.523193359375099, 40.071250915527301 ], [ 15.523193359375099, 40.070972442627003 ], [ 15.520417213439901, 40.070972442627003 ], [ 15.520417213439901, 40.070693969726598 ], [ 15.5187511444093, 40.070693969726598 ], [ 15.5187511444093, 40.0704154968262 ], [ 15.5176391601563, 40.0704154968262 ], [ 15.5176391601563, 40.070137023925803 ], [ 15.517083168029799, 40.070137023925803 ], [ 15.517083168029799, 40.069862365722699 ], [ 15.516804695129499, 40.069862365722699 ], [ 15.516804695129499, 40.069583892822301 ], [ 15.516529083251999, 40.069583892822301 ], [ 15.516529083251999, 40.069305419921903 ], [ 15.515973091125501, 40.069305419921903 ], [ 15.515973091125501, 40.069026947021499 ], [ 15.515138626098601, 40.069026947021499 ], [ 15.515138626098601, 40.068916320800803 ], [ 15.515138626098601, 40.068748474121101 ], [ 15.5140266418457, 40.068748474121101 ], [ 15.5140266418457, 40.068473815918097 ], [ 15.5137510299684, 40.068473815918097 ], [ 15.5137510299684, 40.068195343017699 ], [ 15.5134725570678, 40.068195343017699 ], [ 15.5134725570678, 40.067638397216903 ], [ 15.5131950378419, 40.067638397216903 ], [ 15.5131950378419, 40.067359924316499 ], [ 15.5129165649415, 40.067359924316499 ], [ 15.5129165649415, 40.067085266113303 ], [ 15.5126390457154, 40.067081451416001 ], [ 15.5126390457154, 40.066806793212898 ], [ 15.5123605728151, 40.066806793212898 ], [ 15.5123605728151, 40.066528320312599 ], [ 15.512083053589, 40.066528320312599 ], [ 15.512083053589, 40.066249847412202 ], [ 15.5118036270141, 40.066249847412202 ], [ 15.5118036270141, 40.065692901611399 ], [ 15.511528968811101, 40.065692901611399 ], [ 15.511528968811101, 40.065418243408203 ], [ 15.510972976684601, 40.065418243408203 ], [ 15.510972976684601, 40.065139770507798 ], [ 15.5089597702028, 40.065139770507798 ], [ 15.507916450500501, 40.065139770507798 ], [ 15.507916450500501, 40.064861297607401 ], [ 15.507637977600099, 40.064861297607401 ], [ 15.507637977600099, 40.064582824707102 ], [ 15.5073623657228, 40.064582824707102 ], [ 15.5073623657228, 40.064304351806697 ], [ 15.5059719085694, 40.064304351806697 ], [ 15.5059719085694, 40.064582824707102 ], [ 15.505415916443001, 40.064582824707102 ], [ 15.505415916443001, 40.064304351806697 ], [ 15.504584312439, 40.064304351806697 ], [ 15.504584312439, 40.064029693603501 ], [ 15.5037498474121, 40.0640258789063 ], [ 15.5037498474121, 40.063751220703097 ], [ 15.503472328186, 40.063751220703097 ], [ 15.503472328186, 40.063652038574297 ], [ 15.503472328186, 40.062637329101598 ], [ 15.5031938552856, 40.062637329101598 ], [ 15.5031938552856, 40.061805725097798 ], [ 15.502916336059601, 40.061805725097798 ], [ 15.502916336059601, 40.061527252197401 ], [ 15.5028123855591, 40.061569213867202 ], [ 15.502637863159199, 40.061527252197401 ], [ 15.502637863159199, 40.0609741210938 ], [ 15.502362251281699, 40.0609741210938 ], [ 15.502362251281699, 40.060695648193402 ], [ 15.5020837783813, 40.060695648193402 ], [ 15.5020837783813, 40.060138702392599 ], [ 15.5018062591554, 40.060138702392599 ], [ 15.5018062591554, 40.059581756591903 ], [ 15.501527786254799, 40.059581756591903 ], [ 15.501527786254799, 40.059028625488303 ], [ 15.501250267028899, 40.059028625488303 ], [ 15.501250267028899, 40.0584716796875 ], [ 15.5009717941285, 40.0584716796875 ], [ 15.5009717941285, 40.058193206787202 ], [ 15.500415802002101, 40.058193206787202 ], [ 15.500415802002101, 40.057918548584098 ], [ 15.499861717224199, 40.057918548584098 ], [ 15.499861717224199, 40.057640075683501 ], [ 15.499305725097701, 40.057640075683501 ], [ 15.499305725097701, 40.057361602783097 ], [ 15.4987497329712, 40.057361602783097 ], [ 15.4987497329712, 40.057083129882798 ], [ 15.498472213745201, 40.057083129882798 ], [ 15.498472213745201, 40.056804656982401 ], [ 15.4979152679444, 40.056804656982401 ], [ 15.4979152679444, 40.056526184082003 ], [ 15.4976396560669, 40.056526184082003 ], [ 15.4976396560669, 40.056251525878999 ], [ 15.497362136840801, 40.056251525878999 ], [ 15.497362136840801, 40.055694580078203 ], [ 15.497083663940399, 40.055694580078203 ], [ 15.497083663940399, 40.055416107177798 ], [ 15.4965267181396, 40.055416107177798 ], [ 15.4965267181396, 40.0551376342775 ], [ 15.496249198913601, 40.0551376342775 ], [ 15.496249198913601, 40.054862976074297 ], [ 15.4959735870362, 40.054862976074297 ], [ 15.4959735870362, 40.054584503173899 ], [ 15.4956932067871, 40.054584503173899 ], [ 15.4956932067871, 40.054306030273501 ], [ 15.495416641235501, 40.054306030273501 ], [ 15.495416641235501, 40.054027557373097 ], [ 15.4951391220094, 40.054027557373097 ], [ 15.4951391220094, 40.053749084472699 ], [ 15.494860649109, 40.053749084472699 ], [ 15.494860649109, 40.053470611572301 ], [ 15.4945831298829, 40.053470611572301 ], [ 15.4945831298829, 40.053195953369098 ], [ 15.4943046569825, 40.053195953369098 ], [ 15.4943046569825, 40.0529174804688 ], [ 15.4940271377565, 40.0529174804688 ], [ 15.4940271377565, 40.052639007568402 ], [ 15.493748664856099, 40.052639007568402 ], [ 15.493748664856099, 40.052082061767599 ], [ 15.4940271377565, 40.052082061767599 ], [ 15.4940271377565, 40.051807403564602 ], [ 15.4943046569825, 40.051807403564602 ], [ 15.4943046569825, 40.051528930664198 ], [ 15.4923610687256, 40.051528930664198 ], [ 15.4923610687256, 40.051250457763601 ], [ 15.4920825958253, 40.051250457763601 ], [ 15.4920825958253, 40.050971984863203 ], [ 15.4918050765991, 40.050971984863203 ], [ 15.4918050765991, 40.0504150390625 ], [ 15.4915266036988, 40.0504150390625 ], [ 15.4915266036988, 40.049304962158303 ], [ 15.491249084472701, 40.049304962158303 ], [ 15.491249084472701, 40.048194885253999 ], [ 15.490694999694799, 40.048194885253999 ], [ 15.490694999694799, 40.047916412353601 ], [ 15.489545822143601, 40.047916412353601 ], [ 15.489304542541401, 40.047916412353601 ], [ 15.489304542541401, 40.047637939453203 ], [ 15.4890289306641, 40.047637939453203 ], [ 15.4890289306641, 40.047359466552798 ], [ 15.488751411438001, 40.047359466552798 ], [ 15.488748550415, 40.046806335449197 ], [ 15.488472938537701, 40.046806335449197 ], [ 15.488472938537701, 40.0465278625488 ], [ 15.4881954193116, 40.0465278625488 ], [ 15.4881954193116, 40.046249389648402 ], [ 15.4879169464112, 40.046249389648402 ], [ 15.4879169464112, 40.0450248718262 ], [ 15.4879169464112, 40.044303894042997 ], [ 15.487639427185099, 40.044303894042997 ], [ 15.487639427185099, 40.044029235839901 ], [ 15.4873609542847, 40.044029235839901 ], [ 15.4873609542847, 40.043472290039198 ], [ 15.487639427185099, 40.043472290039198 ], [ 15.487639427185099, 40.0431938171388 ], [ 15.4879169464112, 40.0431938171388 ], [ 15.4879169464112, 40.042915344238402 ], [ 15.4881954193116, 40.042915344238402 ], [ 15.4881954193116, 40.042362213134801 ], [ 15.4879169464112, 40.042362213134801 ], [ 15.4879169464112, 40.042083740234403 ], [ 15.4868068695068, 40.042083740234403 ], [ 15.4868068695068, 40.041805267333999 ], [ 15.4865274429322, 40.041805267333999 ], [ 15.4865274429322, 40.0415267944337 ], [ 15.4862508773804, 40.0415267944337 ], [ 15.4862508773804, 40.041248321533303 ], [ 15.4859733581543, 40.041248321533303 ], [ 15.4859733581543, 40.0397338867188 ], [ 15.4859733581543, 40.039306640625099 ], [ 15.485694885253899, 40.039306640625099 ], [ 15.485694885253899, 40.039028167724702 ], [ 15.4854173660278, 40.039028167724702 ], [ 15.4854173660278, 40.0384712219238 ], [ 15.482638359069901, 40.0384712219238 ], [ 15.482638359069901, 40.038749694824297 ], [ 15.4820823669435, 40.038749694824297 ], [ 15.4820823669435, 40.039028167724702 ], [ 15.4815282821656, 40.039028167724702 ], [ 15.4815282821656, 40.039306640625099 ], [ 15.4806938171387, 40.039306640625099 ], [ 15.4806938171387, 40.039585113525497 ], [ 15.480416297912701, 40.039585113525497 ], [ 15.480416297912701, 40.039859771728501 ], [ 15.4795837402344, 40.039859771728501 ], [ 15.4795837402344, 40.040138244628899 ], [ 15.477640151977701, 40.040138244628899 ], [ 15.477640151977701, 40.039859771728501 ], [ 15.4773597717285, 40.039859771728501 ], [ 15.4773597717285, 40.039585113525497 ], [ 15.476805686950801, 40.039585113525497 ], [ 15.476805686950801, 40.039859771728501 ], [ 15.4759721755982, 40.039859771728501 ], [ 15.4759721755982, 40.039585113525497 ], [ 15.4754180908203, 40.039585113525497 ], [ 15.475416183471699, 40.039306640625099 ], [ 15.4745836257935, 40.039306640625099 ], [ 15.4745836257935, 40.039028167724702 ], [ 15.474027633666999, 40.039028167724702 ], [ 15.474027633666999, 40.038749694824297 ], [ 15.473471641540501, 40.038749694824297 ], [ 15.473471641540501, 40.0384712219238 ], [ 15.473194122314499, 40.0384712219238 ], [ 15.473194122314499, 40.038192749023402 ], [ 15.4729156494141, 40.038192749023402 ], [ 15.4729156494141, 40.03763961792 ], [ 15.472640037536699, 40.03763961792 ], [ 15.472640037536699, 40.037361145019602 ], [ 15.4723615646363, 40.037361145019602 ], [ 15.472358703613301, 40.037082672119297 ], [ 15.471805572509901, 40.037082672119297 ], [ 15.471805572509901, 40.036804199218899 ], [ 15.4715280532838, 40.036804199218899 ], [ 15.4715280532838, 40.036529541015597 ], [ 15.470971107483001, 40.036529541015597 ], [ 15.470971107483001, 40.036251068115199 ], [ 15.470692634582599, 40.036251068115199 ], [ 15.470692634582599, 40.035972595214901 ], [ 15.4701404571534, 40.035972595214901 ], [ 15.4701404571534, 40.035694122314503 ], [ 15.4693050384522, 40.035694122314503 ], [ 15.4693050384522, 40.035972595214901 ], [ 15.4684743881225, 40.035972595214901 ], [ 15.4684743881225, 40.036251068115199 ], [ 15.4679174423218, 40.036251068115199 ], [ 15.4679174423218, 40.035972595214901 ], [ 15.4668054580688, 40.035972595214901 ], [ 15.4668054580688, 40.035694122314503 ], [ 15.4651393890381, 40.035694122314503 ], [ 15.4651393890381, 40.035415649414098 ], [ 15.464583396911699, 40.035415649414098 ], [ 15.464583396911699, 40.0351371765137 ], [ 15.463748931884799, 40.0351371765137 ], [ 15.463748931884799, 40.034862518310497 ], [ 15.463473320007299, 40.034862518310497 ], [ 15.463473320007299, 40.034584045410199 ], [ 15.4631948471069, 40.034584045410199 ], [ 15.4631948471069, 40.034305572509801 ], [ 15.4629173278809, 40.034305572509801 ], [ 15.4629173278809, 40.034027099609403 ], [ 15.462638854980501, 40.034027099609403 ], [ 15.462638854980501, 40.033748626708999 ], [ 15.4609727859497, 40.033748626708999 ], [ 15.4609727859497, 40.033473968506001 ], [ 15.4606952667237, 40.033473968506001 ], [ 15.4606952667237, 40.032638549804801 ], [ 15.4604167938234, 40.032638549804801 ], [ 15.4604167938234, 40.032360076904403 ], [ 15.460139274597299, 40.032360076904403 ], [ 15.460139274597299, 40.0320816040038 ], [ 15.4598608016969, 40.0320816040038 ], [ 15.4598608016969, 40.031528472900398 ], [ 15.459583282470801, 40.031528472900398 ], [ 15.459583282470801, 40.030971527099702 ], [ 15.459306716919, 40.030971527099702 ], [ 15.459306716919, 40.030693054199297 ], [ 15.4584732055665, 40.030693054199297 ], [ 15.4584732055665, 40.030139923095703 ], [ 15.458194732666099, 40.030139923095703 ], [ 15.458194732666099, 40.0300102233887 ], [ 15.458194732666099, 40.029582977295 ], [ 15.45791721344, 40.029582977295 ], [ 15.45791721344, 40.029026031494197 ], [ 15.457360267639199, 40.029026031494197 ], [ 15.457360267639199, 40.028472900390597 ], [ 15.457084655761699, 40.028472900390597 ], [ 15.457084655761699, 40.028194427490199 ], [ 15.4568042755128, 40.028194427490199 ], [ 15.4568042755128, 40.027915954589801 ], [ 15.4565286636353, 40.027915954589801 ], [ 15.4565286636353, 40.027637481689503 ], [ 15.456251144409199, 40.027637481689503 ], [ 15.456251144409199, 40.027362823486399 ], [ 15.455971717834499, 40.027362823486399 ], [ 15.455971717834499, 40.026805877685703 ], [ 15.455415725708001, 40.026805877685703 ], [ 15.455415725708001, 40.026248931884901 ], [ 15.4551382064819, 40.026248931884901 ], [ 15.4551382064819, 40.025970458984503 ], [ 15.454582214355501, 40.025970458984503 ], [ 15.454582214355501, 40.0256958007813 ], [ 15.4543056488038, 40.0256958007813 ], [ 15.4543056488038, 40.025417327880902 ], [ 15.454104423522899, 40.025417327880902 ], [ 15.4531936645509, 40.025417327880902 ], [ 15.4531936645509, 40.025138854980497 ], [ 15.452916145324799, 40.025138854980497 ], [ 15.452916145324799, 40.024860382080099 ], [ 15.452360153198301, 40.024860382080099 ], [ 15.452360153198301, 40.024581909179702 ], [ 15.451527595520099, 40.024581909179702 ], [ 15.451527595520099, 40.024307250976598 ], [ 15.450971603393601, 40.024307250976598 ], [ 15.450971603393601, 40.0240287780762 ], [ 15.4506940841675, 40.0240287780762 ], [ 15.4506940841675, 40.023750305175803 ], [ 15.450415611267101, 40.023750305175803 ], [ 15.450415611267101, 40.023471832275398 ], [ 15.450138092041, 40.023471832275398 ], [ 15.450138092041, 40.022640228271399 ], [ 15.4495840072631, 40.022640228271399 ], [ 15.4495840072631, 40.022361755371001 ], [ 15.449028015136699, 40.022361755371001 ], [ 15.449028015136699, 40.022083282470703 ], [ 15.4487495422363, 40.022083282470703 ], [ 15.4487495422363, 40.021804809570298 ], [ 15.4484720230104, 40.021804809570298 ], [ 15.4484720230104, 40.021526336669901 ], [ 15.448193550109799, 40.021526336669901 ], [ 15.448193550109799, 40.021251678466903 ], [ 15.4479179382325, 40.021251678466903 ], [ 15.4479179382325, 40.020973205566499 ], [ 15.4476375579835, 40.020973205566499 ], [ 15.4476375579835, 40.020599365234503 ], [ 15.4476375579835, 40.020416259765703 ], [ 15.447361946106, 40.020416259765703 ], [ 15.447361946106, 40.020137786865298 ], [ 15.447084426879901, 40.020137786865298 ], [ 15.447084426879901, 40.019859313965 ], [ 15.446805953979499, 40.019859313965 ], [ 15.446805953979499, 40.019584655761797 ], [ 15.4462499618531, 40.019584655761797 ], [ 15.4462499618531, 40.019306182861399 ], [ 15.445972442626999, 40.019306182861399 ], [ 15.445972442626999, 40.019027709961001 ], [ 15.4456939697266, 40.019027709961001 ], [ 15.4456939697266, 40.018749237060597 ], [ 15.445416450500501, 40.018749237060597 ], [ 15.445416450500501, 40.018470764160199 ], [ 15.4451398849487, 40.018470764160199 ], [ 15.4451398849487, 40.018196105957003 ], [ 15.444862365722701, 40.018196105957003 ], [ 15.444862365722701, 40.017917633056598 ], [ 15.4443063735962, 40.017917633056598 ], [ 15.4443063735962, 40.0176391601562 ], [ 15.443470954895, 40.0176391601562 ], [ 15.443470954895, 40.016529083252102 ], [ 15.443193435668899, 40.016529083252102 ], [ 15.443193435668899, 40.015972137451101 ], [ 15.4429178237916, 40.015972137451101 ], [ 15.4429178237916, 40.015693664550803 ], [ 15.442640304565501, 40.015693664550803 ], [ 15.4426374435425, 40.015415191650398 ], [ 15.442360877990801, 40.015415191650398 ], [ 15.442360877990801, 40.015140533447301 ], [ 15.442083358764799, 40.015140533447301 ], [ 15.442083358764799, 40.014862060547003 ], [ 15.4418048858644, 40.014862060547003 ], [ 15.4418048858644, 40.0143051147462 ], [ 15.441527366638301, 40.0143051147462 ], [ 15.441527366638301, 40.013748168945398 ], [ 15.4412488937379, 40.013748168945398 ], [ 15.4412488937379, 40.013473510742202 ], [ 15.4409713745118, 40.013473510742202 ], [ 15.4409713745118, 40.013195037841903 ], [ 15.44069480896, 40.013195037841903 ], [ 15.44069480896, 40.012916564941499 ], [ 15.439582824707101, 40.012916564941499 ], [ 15.439582824707101, 40.012638092041101 ], [ 15.439305305481, 40.012638092041101 ], [ 15.439305305481, 40.012359619140703 ], [ 15.4390268325806, 40.012359619140703 ], [ 15.4390268325806, 40.0120849609375 ], [ 15.4387512207031, 40.0120849609375 ], [ 15.4387512207031, 40.011806488037102 ], [ 15.4384708404541, 40.011806488037102 ], [ 15.4384708404541, 40.011528015136697 ], [ 15.4381952285766, 40.011528015136697 ], [ 15.4381952285766, 40.0104179382325 ], [ 15.4379167556763, 40.0104179382325 ], [ 15.4379167556763, 40.010139465332102 ], [ 15.4373607635497, 40.010139465332102 ], [ 15.4373607635497, 40.009860992431598 ], [ 15.4370832443237, 40.009860992431598 ], [ 15.4370832443237, 40.0095825195312 ], [ 15.436804771423301, 40.0095825195312 ], [ 15.436804771423301, 40.009304046630902 ], [ 15.4362487792968, 40.009304046630902 ], [ 15.4362487792968, 40.009029388427798 ], [ 15.435417175293001, 40.009029388427798 ], [ 15.435417175293001, 40.008750915527401 ], [ 15.435138702392599, 40.008750915527401 ], [ 15.435138702392599, 40.008472442627102 ], [ 15.4348611831666, 40.008472442627102 ], [ 15.4348611831666, 40.007637023925902 ], [ 15.4345827102662, 40.007637023925902 ], [ 15.4345827102662, 40.007362365722699 ], [ 15.434305191040099, 40.007362365722699 ], [ 15.434305191040099, 40.006805419921903 ], [ 15.4337511062622, 40.006805419921903 ], [ 15.4337511062622, 40.006526947021499 ], [ 15.4334726333618, 40.006526947021499 ], [ 15.4334726333618, 40.0062484741212 ], [ 15.4331951141357, 40.0062484741212 ], [ 15.4331951141357, 40.005695343017599 ], [ 15.4329166412354, 40.005695343017599 ], [ 15.4329166412354, 40.005416870117202 ], [ 15.432360649108899, 40.005416870117202 ], [ 15.432360649108899, 40.005138397216797 ], [ 15.4320831298828, 40.005138397216797 ], [ 15.4320831298828, 40.004859924316399 ], [ 15.431804656982401, 40.004859924316399 ], [ 15.431804656982401, 40.004306793212997 ], [ 15.431529045105099, 40.004306793212997 ], [ 15.431529045105099, 40.003471374511697 ], [ 15.4312505722047, 40.003471374511697 ], [ 15.4312505722047, 40.0031929016113 ], [ 15.430973052978599, 40.0031929016113 ], [ 15.430973052978599, 40.002639770507898 ], [ 15.4306945800782, 40.002639770507898 ], [ 15.4306945800782, 40.0023612976075 ], [ 15.4304170608522, 40.0023612976075 ], [ 15.4304170608522, 40.001529693603501 ], [ 15.4301376342775, 40.001525878906399 ], [ 15.4301376342775, 40.000137329101598 ], [ 15.4301376342775, 39.999027252197301 ], [ 15.429860115051399, 39.999027252197301 ], [ 15.429860115051399, 39.998474121093899 ], [ 15.4295854568482, 39.998474121093899 ], [ 15.4295854568482, 39.998195648193501 ], [ 15.428750038146999, 39.998195648193501 ], [ 15.428750038146999, 39.999027252197301 ], [ 15.4284715652466, 39.999027252197301 ], [ 15.4284715652466, 39.999305725097699 ], [ 15.427915573120201, 39.999305725097699 ], [ 15.427915573120201, 39.999584197997997 ], [ 15.426806449890099, 39.999584197997997 ], [ 15.426806449890099, 39.999305725097699 ], [ 15.4265279769897, 39.999305725097699 ], [ 15.4265279769897, 39.998748779296903 ], [ 15.426250457763601, 39.998748779296903 ], [ 15.426250457763601, 39.998195648193501 ], [ 15.4265279769897, 39.998195648193501 ], [ 15.4265279769897, 39.997917175293097 ], [ 15.426806449890099, 39.997917175293097 ], [ 15.426806449890099, 39.997638702392699 ], [ 15.427082061767599, 39.997638702392699 ], [ 15.427082061767599, 39.997360229492301 ], [ 15.4273633956909, 39.997360229492301 ], [ 15.4273633956909, 39.997062683105497 ], [ 15.4273633956909, 39.996250152587898 ], [ 15.427082061767599, 39.996250152587898 ], [ 15.427082061767599, 39.995971679687599 ], [ 15.426806449890099, 39.995971679687599 ], [ 15.426806449890099, 39.995693206787202 ], [ 15.4265279769897, 39.995693206787202 ], [ 15.4265279769897, 39.995418548583999 ], [ 15.426250457763601, 39.995418548583999 ], [ 15.426250457763601, 39.994861602783203 ], [ 15.4256944656371, 39.994861602783203 ], [ 15.4256944656371, 39.994583129882898 ], [ 15.4254159927368, 39.994583129882898 ], [ 15.4254159927368, 39.9943046569825 ], [ 15.4251384735107, 39.9943046569825 ], [ 15.4251384735107, 39.994026184082102 ], [ 15.424305915832599, 39.994026184082102 ], [ 15.424305915832599, 39.9937515258788 ], [ 15.4240283966065, 39.9937515258788 ], [ 15.4240283966065, 39.993473052978501 ], [ 15.423749923706101, 39.993473052978501 ], [ 15.423749923706101, 39.993194580078097 ], [ 15.423193931579601, 39.993194580078097 ], [ 15.423193931579601, 39.992916107177699 ], [ 15.422570228576699, 39.992916107177699 ], [ 15.4223623275757, 39.992916107177699 ], [ 15.4223623275757, 39.992744445800902 ], [ 15.4223623275757, 39.992637634277301 ], [ 15.422233581543001, 39.992637634277301 ], [ 15.4220838546753, 39.992637634277301 ], [ 15.4220838546753, 39.9925117492675 ], [ 15.4220838546753, 39.992362976074297 ], [ 15.421902656555201, 39.992362976074297 ], [ 15.4215278625488, 39.992362976074297 ], [ 15.4215278625488, 39.992164611816499 ], [ 15.4214820861816, 39.992084503173899 ], [ 15.4212503433228, 39.992084503173899 ], [ 15.4212503433228, 39.991973876953203 ], [ 15.4212503433228, 39.990970611572401 ], [ 15.420971870422401, 39.990970611572401 ], [ 15.420971870422401, 39.990695953369197 ], [ 15.4206943511963, 39.990695953369197 ], [ 15.4206943511963, 39.9904174804688 ], [ 15.4204158782959, 39.9904174804688 ], [ 15.4204158782959, 39.990139007568402 ], [ 15.4187498092653, 39.990139007568402 ], [ 15.4187498092653, 39.9904174804688 ], [ 15.4179153442384, 39.9904174804688 ], [ 15.4179153442384, 39.990695953369197 ], [ 15.417362213134799, 39.990695953369197 ], [ 15.417362213134799, 39.990970611572401 ], [ 15.4170837402344, 39.990970611572401 ], [ 15.4170837402344, 39.991249084472798 ], [ 15.4168062210084, 39.991249084472798 ], [ 15.4168062210084, 39.991527557373203 ], [ 15.4165267944337, 39.991527557373203 ], [ 15.4165267944337, 39.991806030273601 ], [ 15.416249275207599, 39.991806030273601 ], [ 15.416249275207599, 39.992084503173899 ], [ 15.4148607254028, 39.992084503173899 ], [ 15.4148607254028, 39.992362976074297 ], [ 15.4140272140503, 39.992362976074297 ], [ 15.4140272140503, 39.992637634277301 ], [ 15.4118051528931, 39.992637634277301 ], [ 15.4118051528931, 39.992916107177699 ], [ 15.410972595214901, 39.992916107177699 ], [ 15.410972595214901, 39.993194580078097 ], [ 15.4106950759888, 39.993194580078097 ], [ 15.4106950759888, 39.9943046569825 ], [ 15.410972595214901, 39.9943046569825 ], [ 15.410972595214901, 39.994583129882898 ], [ 15.4115266799928, 39.994583129882898 ], [ 15.4115266799928, 39.994861602783203 ], [ 15.412361145019601, 39.994861602783203 ], [ 15.412361145019601, 39.995140075683601 ], [ 15.412917137146099, 39.995140075683601 ], [ 15.412917137146099, 39.995414733886797 ], [ 15.4131946563722, 39.995418548583999 ], [ 15.4131946563722, 39.995594024658203 ], [ 15.4131946563722, 39.995693206787202 ], [ 15.412917137146099, 39.9957084655763 ], [ 15.412917137146099, 39.996250152587898 ], [ 15.4126386642457, 39.996250152587898 ], [ 15.4126386642457, 39.996528625488303 ], [ 15.4104166030884, 39.996528625488303 ], [ 15.4104166030884, 39.996250152587898 ], [ 15.409583091735801, 39.996250152587898 ], [ 15.409583091735801, 39.995971679687599 ], [ 15.409029006958001, 39.995971679687599 ], [ 15.409029006958001, 39.995693206787202 ], [ 15.408194541931101, 39.995693206787202 ], [ 15.408194541931101, 39.995418548583999 ], [ 15.407917022705201, 39.995418548583999 ], [ 15.407917022705201, 39.995140075683601 ], [ 15.407785415649499, 39.995140075683601 ], [ 15.4076385498046, 39.995140075683601 ], [ 15.4076385498046, 39.994861602783203 ], [ 15.407082557678301, 39.994861602783203 ], [ 15.407082557678301, 39.994583129882898 ], [ 15.4065265655519, 39.994583129882898 ], [ 15.4065265655519, 39.9943046569825 ], [ 15.404028892517101, 39.9943046569825 ], [ 15.404028892517101, 39.994583129882898 ], [ 15.403751373291, 39.994583129882898 ], [ 15.403751373291, 39.994861602783203 ], [ 15.4034729003906, 39.994861602783203 ], [ 15.4034729003906, 39.995140075683601 ], [ 15.4023599624634, 39.995140075683601 ], [ 15.4023599624634, 39.994861602783203 ], [ 15.402082443237299, 39.994861602783203 ], [ 15.402082443237299, 39.994583129882898 ], [ 15.4015293121338, 39.994583129882898 ], [ 15.4015293121338, 39.995140075683601 ], [ 15.4009723663331, 39.995140075683601 ], [ 15.4009723663331, 39.995418548583999 ], [ 15.400693893432701, 39.995418548583999 ], [ 15.400693893432701, 39.995140075683601 ], [ 15.400416374206699, 39.995140075683601 ], [ 15.400416374206699, 39.994861602783203 ], [ 15.4001379013063, 39.994861602783203 ], [ 15.4001379013063, 39.994583129882898 ], [ 15.3995838165284, 39.994583129882898 ], [ 15.399581909179799, 39.994861602783203 ], [ 15.3984718322754, 39.994861602783203 ], [ 15.3984718322754, 39.995693206787202 ], [ 15.3990278244019, 39.995693206787202 ], [ 15.3990278244019, 39.995971679687599 ], [ 15.3984718322754, 39.995971679687599 ], [ 15.3984718322754, 39.996250152587898 ], [ 15.397640228271401, 39.996250152587898 ], [ 15.397640228271401, 39.996528625488303 ], [ 15.3973598480225, 39.996528625488303 ], [ 15.3973598480225, 39.9968070983887 ], [ 15.3968057632446, 39.9968070983887 ], [ 15.3968057632446, 39.996528625488303 ], [ 15.3965282440185, 39.996528625488303 ], [ 15.3965282440185, 39.996250152587898 ], [ 15.3956937789916, 39.996250152587898 ], [ 15.3956937789916, 39.995971679687599 ], [ 15.3951377868653, 39.995971679687599 ], [ 15.3951377868653, 39.995693206787202 ], [ 15.3945837020875, 39.995693206787202 ], [ 15.3945837020875, 39.995418548583999 ], [ 15.394306182861399, 39.995418548583999 ], [ 15.394306182861399, 39.995140075683601 ], [ 15.3929157257081, 39.995140075683601 ], [ 15.3929157257081, 39.995418548583999 ], [ 15.3926401138306, 39.995418548583999 ], [ 15.3926401138306, 39.995971679687599 ], [ 15.3929157257081, 39.995971679687599 ], [ 15.3929157257081, 39.996250152587898 ], [ 15.393471717834499, 39.996250152587898 ], [ 15.393471717834499, 39.996528625488303 ], [ 15.393750190734901, 39.996528625488303 ], [ 15.393750190734901, 39.9968070983887 ], [ 15.394027709961, 39.9968070983887 ], [ 15.394027709961, 39.997081756591697 ], [ 15.393471717834499, 39.997081756591697 ], [ 15.393471717834499, 39.997638702392699 ], [ 15.3926401138306, 39.997638702392699 ], [ 15.3926401138306, 39.997360229492301 ], [ 15.3918056488037, 39.997360229492301 ], [ 15.3918056488037, 39.997081756591697 ], [ 15.3901395797731, 39.997081756591697 ], [ 15.3901395797731, 39.996528625488303 ], [ 15.3895835876466, 39.996528625488303 ], [ 15.3895835876466, 39.9968070983887 ], [ 15.3893051147462, 39.9968070983887 ], [ 15.3893051147462, 39.996528625488303 ], [ 15.389026641845801, 39.996528625488303 ], [ 15.389026641845801, 39.996250152587898 ], [ 15.3887491226197, 39.996250152587898 ], [ 15.3887491226197, 39.995971679687599 ], [ 15.3884744644165, 39.995971679687599 ], [ 15.3884744644165, 39.995693206787202 ], [ 15.388193130493301, 39.995693206787202 ], [ 15.388193130493301, 39.995418548583999 ], [ 15.387083053588899, 39.995418548583999 ], [ 15.387083053588899, 39.995693206787202 ], [ 15.3865270614625, 39.995693206787202 ], [ 15.3865270614625, 39.996250152587898 ], [ 15.386251449585, 39.996250152587898 ], [ 15.386248588562101, 39.996528625488303 ], [ 15.3856954574584, 39.996528625488303 ], [ 15.3856954574584, 39.9968070983887 ], [ 15.3854169845581, 39.9968070983887 ], [ 15.3854169845581, 39.998470306396499 ], [ 15.3856954574584, 39.998474121093899 ], [ 15.3856954574584, 39.999027252197301 ], [ 15.3854169845581, 39.999027252197301 ], [ 15.3854169845581, 39.999305725097699 ], [ 15.385139465331999, 39.999305725097699 ], [ 15.385139465331999, 39.999462127685597 ], [ 15.385139465331999, 39.999584197997997 ], [ 15.384305000305099, 39.999584197997997 ], [ 15.384305000305099, 39.999862670898402 ], [ 15.3840265274047, 39.999862670898402 ], [ 15.3840265274047, 40.000137329101598 ], [ 15.3840265274047, 40.000415802002003 ], [ 15.3837490081787, 40.000415802002003 ], [ 15.3837490081787, 40.000694274902401 ], [ 15.3834733963013, 40.000694274902401 ], [ 15.3834733963013, 40.000415802002003 ], [ 15.380139350891101, 40.000415802002003 ], [ 15.380139350891101, 40.000694274902401 ], [ 15.3798608779907, 40.000694274902401 ], [ 15.3798608779907, 40.000972747802798 ], [ 15.3795833587646, 40.000972747802798 ], [ 15.3795833587646, 40.001251220703097 ], [ 15.3773612976075, 40.001251220703097 ], [ 15.3773612976075, 40.000972747802798 ], [ 15.3773612976075, 40.000694274902401 ], [ 15.3770847320557, 40.000694274902401 ], [ 15.3770847320557, 40.000415802002003 ], [ 15.3759727478028, 40.000415802002003 ], [ 15.3759727478028, 40.000137329101598 ], [ 15.3759727478028, 39.999862670898402 ], [ 15.3759727478028, 39.999027252197301 ], [ 15.3765287399293, 39.999027252197301 ], [ 15.3765287399293, 39.998748779296903 ], [ 15.377638816833599, 39.998748779296903 ], [ 15.377638816833599, 39.998474121093899 ], [ 15.3787508010865, 39.998470306396499 ], [ 15.3787508010865, 39.998195648193501 ], [ 15.3790273666382, 39.998195648193501 ], [ 15.3790273666382, 39.997638702392699 ], [ 15.3770847320557, 39.997638702392699 ], [ 15.3770847320557, 39.997917175293097 ], [ 15.3751382827759, 39.997917175293097 ], [ 15.3751382827759, 39.998195648193501 ], [ 15.3738050460815, 39.998195648193501 ], [ 15.372637748718301, 39.998195648193501 ], [ 15.372637748718301, 39.997917175293097 ], [ 15.3723602294921, 39.997917175293097 ], [ 15.3723602294921, 39.997798919677798 ], [ 15.3723602294921, 39.997081756591697 ], [ 15.372083663940501, 39.997081756591697 ], [ 15.372083663940501, 39.996250152587898 ], [ 15.370971679687599, 39.996250152587898 ], [ 15.370971679687599, 39.996528625488303 ], [ 15.370415687561101, 39.996528625488303 ], [ 15.370415687561101, 39.9968070983887 ], [ 15.369861602783301, 39.9968070983887 ], [ 15.369859695434601, 39.997081756591697 ], [ 15.3697347640991, 39.997081756591697 ], [ 15.3695840835571, 39.997081756591697 ], [ 15.3695840835571, 39.997360229492301 ], [ 15.369305610656699, 39.997360229492301 ], [ 15.369305610656699, 39.997638702392699 ], [ 15.3690280914307, 39.997638702392699 ], [ 15.3690280914307, 39.997917175293097 ], [ 15.3687496185303, 39.997917175293097 ], [ 15.3687496185303, 39.998195648193501 ], [ 15.368472099304199, 39.998195648193501 ], [ 15.368472099304199, 39.998474121093899 ], [ 15.3679180145263, 39.998493194580099 ], [ 15.3679180145263, 39.998748779296903 ], [ 15.367637634277299, 39.998767852783303 ], [ 15.367637634277299, 39.999027252197301 ], [ 15.3673620224, 39.999038696289198 ], [ 15.3673620224, 39.999862670898402 ], [ 15.367637634277299, 39.999862670898402 ], [ 15.367637634277299, 40.000137329101598 ], [ 15.367637634277299, 40.000415802002003 ], [ 15.3665275573732, 40.000415802002003 ], [ 15.3665275573732, 40.000694274902401 ], [ 15.365671157836999, 40.000694274902401 ], [ 15.365119934081999, 40.000694274902401 ], [ 15.364306449890201, 40.000694274902401 ], [ 15.364306449890201, 40.000415802002003 ], [ 15.363192558288601, 40.000415802002003 ], [ 15.363192558288601, 40.000137329101598 ], [ 15.363192558288601, 39.999584197997997 ], [ 15.362917900085399, 39.999584197997997 ], [ 15.362917900085399, 39.999305725097699 ], [ 15.3626403808593, 39.999305725097699 ], [ 15.3626403808593, 39.999027252197301 ], [ 15.362361907959, 39.999027252197301 ], [ 15.362361907959, 39.998748779296903 ], [ 15.3618049621582, 39.998748779296903 ], [ 15.3618049621582, 39.998474121093899 ], [ 15.3615274429321, 39.998474121093899 ], [ 15.3615274429321, 39.998195648193501 ], [ 15.3598613739015, 39.998195648193501 ], [ 15.3598613739015, 39.998474121093899 ], [ 15.359305381775, 39.998474121093899 ], [ 15.359305381775, 39.998748779296903 ], [ 15.3576393127441, 39.998748779296903 ], [ 15.3576393127441, 39.999027252197301 ], [ 15.356529235839799, 39.999027252197301 ], [ 15.3565273284912, 39.999305725097699 ], [ 15.356248855590801, 39.999305725097699 ], [ 15.356248855590801, 39.999584197997997 ], [ 15.355973243713301, 39.999584197997997 ], [ 15.355973243713301, 39.999862670898402 ], [ 15.354582786560201, 39.999862670898402 ], [ 15.354582786560201, 39.999584197997997 ], [ 15.353472709655801, 39.999584197997997 ], [ 15.3534708023072, 40.0 ], [ 15.353472709655801, 40.000415802002003 ], [ 15.3537511825562, 40.000415802002003 ], [ 15.3537511825562, 40.001663208007898 ], [ 15.3537511825562, 40.001804351806797 ], [ 15.353472709655801, 40.001804351806797 ], [ 15.3534708023072, 40.002082824707102 ], [ 15.3529167175294, 40.002082824707102 ], [ 15.3529167175294, 40.001804351806797 ], [ 15.352639198303301, 40.001804351806797 ], [ 15.352639198303301, 40.001529693603501 ], [ 15.3512506484985, 40.001529693603501 ], [ 15.3512506484985, 40.0023612976075 ], [ 15.351529121398899, 40.0023612976075 ], [ 15.351529121398899, 40.002597808837997 ], [ 15.351529121398899, 40.003097534179602 ], [ 15.351529121398899, 40.003471374511697 ], [ 15.3512506484985, 40.003471374511697 ], [ 15.3512506484985, 40.003749847412202 ], [ 15.3509731292725, 40.003749847412202 ], [ 15.3509731292725, 40.003471374511697 ], [ 15.3501386642456, 40.003471374511697 ], [ 15.3501386642456, 40.003749847412202 ], [ 15.3495845794679, 40.003749847412202 ], [ 15.3495845794679, 40.004028320312599 ], [ 15.3493041992188, 40.004028320312599 ], [ 15.3493041992188, 40.004581451416001 ], [ 15.349028587341399, 40.004585266113402 ], [ 15.349028587341399, 40.004859924316399 ], [ 15.348472595215, 40.004859924316399 ], [ 15.348472595215, 40.005138397216797 ], [ 15.348194122314601, 40.005138397216797 ], [ 15.348194122314601, 40.005416870117202 ], [ 15.347915649414199, 40.005416870117202 ], [ 15.347915649414199, 40.005138397216797 ], [ 15.3476381301881, 40.005138397216797 ], [ 15.3476381301881, 40.005416870117202 ], [ 15.3456935882569, 40.005416870117202 ], [ 15.3456935882569, 40.005138397216797 ], [ 15.3455047607422, 40.005138397216797 ], [ 15.344305992126399, 40.005138397216797 ], [ 15.344305992126399, 40.004859924316399 ], [ 15.3440284729003, 40.004859924316399 ], [ 15.3440284729003, 40.004585266113402 ], [ 15.3429155349731, 40.004585266113402 ], [ 15.3429155349731, 40.004859924316399 ], [ 15.3420839309693, 40.004859924316399 ], [ 15.3420839309693, 40.005138397216797 ], [ 15.3418064117432, 40.005138397216797 ], [ 15.3418064117432, 40.005695343017599 ], [ 15.3415279388428, 40.005695343017599 ], [ 15.3415279388428, 40.005973815917997 ], [ 15.3412504196168, 40.005973815917997 ], [ 15.3412504196168, 40.0062484741212 ], [ 15.3404178619385, 40.0062484741212 ], [ 15.3404178619385, 40.006805419921903 ], [ 15.340140342712401, 40.006805419921903 ], [ 15.3401384353638, 40.007083892822301 ], [ 15.3395843505859, 40.007083892822301 ], [ 15.3395843505859, 40.008193969726698 ], [ 15.339305877685501, 40.008193969726698 ], [ 15.339305877685501, 40.009029388427798 ], [ 15.339028358459499, 40.009029388427798 ], [ 15.339028358459499, 40.009304046630902 ], [ 15.338195800781399, 40.009304046630902 ], [ 15.338195800781399, 40.0095825195312 ], [ 15.3373622894288, 40.0095825195312 ], [ 15.3373622894288, 40.009304046630902 ], [ 15.3370838165284, 40.009304046630902 ], [ 15.3370838165284, 40.0095825195312 ], [ 15.336806297302401, 40.0095825195312 ], [ 15.336806297302401, 40.009860992431598 ], [ 15.3373622894288, 40.009860992431598 ], [ 15.3373622894288, 40.010139465332102 ], [ 15.3370838165284, 40.010139465332102 ], [ 15.3370838165284, 40.0104179382325 ], [ 15.336527824401999, 40.0104179382325 ], [ 15.336527824401999, 40.010692596435497 ], [ 15.3362493515016, 40.010692596435497 ], [ 15.3362493515016, 40.010971069335902 ], [ 15.3359708786012, 40.010971069335902 ], [ 15.3359708786012, 40.0112495422363 ], [ 15.335693359375099, 40.0112495422363 ], [ 15.335693359375099, 40.011528015136697 ], [ 15.335417747497599, 40.011528015136697 ], [ 15.335417747497599, 40.011806488037102 ], [ 15.3351402282715, 40.011806488037102 ], [ 15.3351402282715, 40.0120849609375 ], [ 15.334861755371101, 40.0120849609375 ], [ 15.334861755371101, 40.012638092041101 ], [ 15.3343048095704, 40.012638092041101 ], [ 15.3343048095704, 40.012916564941499 ], [ 15.3340272903443, 40.012966156005902 ], [ 15.3340272903443, 40.013473510742202 ], [ 15.333748817443899, 40.013473510742202 ], [ 15.333748817443899, 40.014026641845803 ], [ 15.3334712982178, 40.014026641845803 ], [ 15.3334712982178, 40.014862060547003 ], [ 15.333194732666, 40.014862060547003 ], [ 15.333194732666, 40.015693664550803 ], [ 15.3329153060913, 40.015693664550803 ], [ 15.332882881164601, 40.016250610351499 ], [ 15.332638740539499, 40.016250610351499 ], [ 15.332638740539499, 40.016529083252102 ], [ 15.3323612213134, 40.016529083252102 ], [ 15.3323612213134, 40.016803741455099 ], [ 15.3320827484131, 40.016803741455099 ], [ 15.3320827484131, 40.017082214355497 ], [ 15.331805229186999, 40.017082214355497 ], [ 15.331805229186999, 40.017360687255902 ], [ 15.3315267562866, 40.017360687255902 ], [ 15.3315267562866, 40.0176391601562 ], [ 15.331249237060501, 40.0176391601562 ], [ 15.331249237060501, 40.017917633056598 ], [ 15.330972671508899, 40.017917633056598 ], [ 15.330972671508899, 40.018196105957003 ], [ 15.3306951522828, 40.018196105957003 ], [ 15.3306951522828, 40.018749237060597 ], [ 15.330416679382401, 40.018749237060597 ], [ 15.330416679382401, 40.019027709961001 ], [ 15.3300533294678, 40.019027709961001 ], [ 15.3298606872559, 40.019027709961001 ], [ 15.3298606872559, 40.019306182861399 ], [ 15.329583168029799, 40.019306182861399 ], [ 15.329583168029799, 40.0194282531738 ], [ 15.329583168029799, 40.019584655761797 ], [ 15.329304695129499, 40.019607543945398 ], [ 15.329304695129499, 40.019859313965 ], [ 15.329029083251999, 40.019859313965 ], [ 15.329029083251999, 40.020137786865298 ], [ 15.328748703003001, 40.020137786865298 ], [ 15.328748703003001, 40.020416259765703 ], [ 15.328473091125501, 40.020416259765703 ], [ 15.328473091125501, 40.020694732666101 ], [ 15.328194618225099, 40.020694732666101 ], [ 15.328194618225099, 40.020973205566499 ], [ 15.327917098999, 40.020973205566499 ], [ 15.327917098999, 40.021251678466903 ], [ 15.327361106872599, 40.021251678466903 ], [ 15.327361106872599, 40.021804809570298 ], [ 15.3270826339722, 40.021804809570298 ], [ 15.3270826339722, 40.022083282470703 ], [ 15.3265266418457, 40.022083282470703 ], [ 15.3265266418457, 40.022361755371001 ], [ 15.3262510299684, 40.022361755371001 ], [ 15.3262510299684, 40.022640228271399 ], [ 15.325972557068001, 40.022640228271399 ], [ 15.325972557068001, 40.023193359375099 ], [ 15.3251390457154, 40.023193359375099 ], [ 15.3251390457154, 40.023750305175803 ], [ 15.3248605728151, 40.023750305175803 ], [ 15.3248605728151, 40.024581909179702 ], [ 15.324583053589, 40.024581909179702 ], [ 15.324583053589, 40.024860382080099 ], [ 15.323751449585, 40.024860382080099 ], [ 15.3237476348878, 40.025417327880902 ], [ 15.323472976684601, 40.025417327880902 ], [ 15.323472976684601, 40.026248931884901 ], [ 15.3231954574585, 40.026248931884901 ], [ 15.3231954574585, 40.026527404785298 ], [ 15.3229169845582, 40.026527404785298 ], [ 15.3229169845582, 40.026805877685703 ], [ 15.322639465331999, 40.026805877685703 ], [ 15.322639465331999, 40.027084350586101 ], [ 15.322081565856999, 40.027084350586101 ], [ 15.322081565856999, 40.027362823486399 ], [ 15.3218069076538, 40.027362823486399 ], [ 15.3218069076538, 40.027637481689503 ], [ 15.321529388427701, 40.027637481689503 ], [ 15.321529388427701, 40.027915954589801 ], [ 15.321250915527299, 40.027915954589801 ], [ 15.321250915527299, 40.028472900390597 ], [ 15.320972442626999, 40.028472900390597 ], [ 15.320972442626999, 40.028751373291001 ], [ 15.3206939697266, 40.028751373291001 ], [ 15.3206939697266, 40.029026031494197 ], [ 15.320416450500399, 40.029026031494197 ], [ 15.320416450500399, 40.029304504394602 ], [ 15.320137977600099, 40.029304504394602 ], [ 15.320137977600099, 40.029582977295 ], [ 15.319581985473601, 40.029582977295 ], [ 15.319581985473601, 40.029861450195298 ], [ 15.3193063735963, 40.029861450195298 ], [ 15.3193063735963, 40.030139923095703 ], [ 15.318750381469799, 40.030139923095703 ], [ 15.318750381469799, 40.030418395996101 ], [ 15.3184719085694, 40.030418395996101 ], [ 15.3184719085694, 40.030693054199297 ], [ 15.3179159164429, 40.030693054199297 ], [ 15.3179159164429, 40.030971527099702 ], [ 15.317084312439, 40.030971527099702 ], [ 15.317084312439, 40.03125 ], [ 15.3156938552856, 40.03125 ], [ 15.3156938552856, 40.031528472900398 ], [ 15.312361717224199, 40.031528472900398 ], [ 15.312361717224199, 40.031806945800803 ], [ 15.309862136840801, 40.031806945800803 ], [ 15.309862136840801, 40.031528472900398 ], [ 15.309583663940399, 40.031524658203097 ], [ 15.309583663940399, 40.030971527099702 ], [ 15.3093061447143, 40.030971527099702 ], [ 15.3093061447143, 40.030693054199297 ], [ 15.309027671814, 40.030693054199297 ], [ 15.309027671814, 40.030139923095703 ], [ 15.308749198913601, 40.030139923095703 ], [ 15.308749198913601, 40.029861450195298 ], [ 15.3084735870362, 40.029861450195298 ], [ 15.3084735870362, 40.030139923095703 ], [ 15.3081932067871, 40.030139923095703 ], [ 15.3081932067871, 40.030418395996101 ], [ 15.307360649109, 40.030418395996101 ], [ 15.307360649109, 40.030139923095703 ], [ 15.306305885315, 40.030139923095703 ], [ 15.305417060852101, 40.030139923095703 ], [ 15.305417060852101, 40.029861450195298 ], [ 15.305138587951699, 40.029861450195298 ], [ 15.305138587951699, 40.029666900634901 ], [ 15.305138587951699, 40.029582977295 ], [ 15.304931640625099, 40.029582977295 ], [ 15.3043050765991, 40.029582977295 ], [ 15.3043050765991, 40.029327392578203 ], [ 15.3040266036987, 40.029304504394602 ], [ 15.3040266036987, 40.0292167663575 ], [ 15.3040266036987, 40.029052734375 ], [ 15.303749084472701, 40.029026031494197 ], [ 15.303749084472701, 40.028751373291001 ], [ 15.3031930923462, 40.028751373291001 ], [ 15.3031930923462, 40.028877258300803 ], [ 15.3031930923462, 40.029026031494197 ], [ 15.301804542541401, 40.029026031494197 ], [ 15.301804542541401, 40.0291938781738 ], [ 15.301804542541401, 40.029304504394602 ], [ 15.3006954193116, 40.029304504394602 ], [ 15.3006954193116, 40.029582977295 ], [ 15.2990274429322, 40.029582977295 ], [ 15.2990274429322, 40.029369354247997 ], [ 15.2984733581543, 40.029304504394602 ], [ 15.2984733581543, 40.029026031494197 ], [ 15.2982606887819, 40.029026031494197 ], [ 15.297638893127401, 40.029026031494197 ], [ 15.297638893127401, 40.028751373291001 ], [ 15.2968044281006, 40.028751373291001 ], [ 15.2968044281006, 40.029026031494197 ], [ 15.2954168319703, 40.029026031494197 ], [ 15.2954168319703, 40.028751373291001 ], [ 15.295138359069901, 40.028751373291001 ], [ 15.295138359069901, 40.028472900390597 ], [ 15.2945823669435, 40.028472900390597 ], [ 15.2945823669435, 40.028194427490199 ], [ 15.2931938171387, 40.028194427490199 ], [ 15.2931938171387, 40.027915954589801 ], [ 15.292916297912599, 40.027915954589801 ], [ 15.292916297912599, 40.027637481689503 ], [ 15.292637825012299, 40.027637481689503 ], [ 15.292637825012299, 40.026805877685703 ], [ 15.292360305786101, 40.026805877685703 ], [ 15.292360305786101, 40.024497985839801 ], [ 15.292360305786101, 40.023471832275398 ], [ 15.291527748107899, 40.023471832275398 ], [ 15.291527748107899, 40.023193359375099 ], [ 15.290415763854901, 40.023193359375099 ], [ 15.290415763854901, 40.022914886474702 ], [ 15.289584159851101, 40.022914886474702 ], [ 15.289584159851101, 40.022640228271399 ], [ 15.286806106567401, 40.022640228271399 ], [ 15.286806106567401, 40.022914886474702 ], [ 15.286527633666999, 40.022914886474702 ], [ 15.286527633666999, 40.023193359375099 ], [ 15.2854156494141, 40.023193359375099 ], [ 15.2854156494141, 40.022914886474702 ], [ 15.285140037536699, 40.022914886474702 ], [ 15.285140037536699, 40.022361755371001 ], [ 15.2845840454103, 40.022361755371001 ], [ 15.2845840454103, 40.022640228271399 ], [ 15.2837495803834, 40.022640228271399 ], [ 15.2837495803834, 40.022914886474702 ], [ 15.2831935882569, 40.022914886474702 ], [ 15.2831935882569, 40.023193359375099 ], [ 15.2840280532838, 40.023193359375099 ], [ 15.2840280532838, 40.023719787597699 ], [ 15.2840280532838, 40.0240287780762 ], [ 15.283472061157299, 40.0240287780762 ], [ 15.283472061157299, 40.024307250976598 ], [ 15.2818059921265, 40.024307250976598 ], [ 15.2818059921265, 40.0240287780762 ], [ 15.2815265655518, 40.0240287780762 ], [ 15.2815265655518, 40.023754119873203 ], [ 15.2812490463257, 40.023750305175803 ], [ 15.2812490463257, 40.023471832275398 ], [ 15.2806930541993, 40.023471832275398 ], [ 15.2806930541993, 40.023193359375099 ], [ 15.2798614501953, 40.023193359375099 ], [ 15.2798614501953, 40.022640228271399 ], [ 15.280138969421399, 40.022640228271399 ], [ 15.280138969421399, 40.022361755371001 ], [ 15.279582977294901, 40.022361755371001 ], [ 15.279582977294901, 40.022640228271399 ], [ 15.278751373291099, 40.022640228271399 ], [ 15.278751373291099, 40.022361755371001 ], [ 15.2779169082643, 40.022361755371001 ], [ 15.2779169082643, 40.022640228271399 ], [ 15.2773609161378, 40.022640228271399 ], [ 15.2773609161378, 40.022361755371001 ], [ 15.2768049240113, 40.022361755371001 ], [ 15.2768049240113, 40.022914886474702 ], [ 15.277083396911699, 40.022914886474702 ], [ 15.277083396911699, 40.023471832275398 ], [ 15.2773609161378, 40.023471832275398 ], [ 15.2773609161378, 40.023750305175803 ], [ 15.277083396911699, 40.023750305175803 ], [ 15.277083396911699, 40.0238227844238 ], [ 15.277083396911699, 40.0240287780762 ], [ 15.2768049240113, 40.0240287780762 ], [ 15.2768049240113, 40.0238265991212 ], [ 15.2768049240113, 40.023750305175803 ], [ 15.276248931884799, 40.023750305175803 ], [ 15.276248931884799, 40.023471832275398 ], [ 15.2748613357544, 40.023471832275398 ], [ 15.2748613357544, 40.023193359375099 ], [ 15.274582862854, 40.023193359375099 ], [ 15.274582862854, 40.022914886474702 ], [ 15.2740268707275, 40.022914886474702 ], [ 15.2740268707275, 40.022361755371001 ], [ 15.273470878601101, 40.022361755371001 ], [ 15.273470878601101, 40.022083282470703 ], [ 15.2715291976929, 40.022083282470703 ], [ 15.2715291976929, 40.022361755371001 ], [ 15.272083282470801, 40.022361755371001 ], [ 15.272083282470801, 40.022914886474702 ], [ 15.2723608016969, 40.022914886474702 ], [ 15.2723608016969, 40.023193359375099 ], [ 15.2729167938234, 40.023193359375099 ], [ 15.2729167938234, 40.023471832275398 ], [ 15.2712507247925, 40.023471832275398 ], [ 15.2712507247925, 40.0240287780762 ], [ 15.269184112548899, 40.0240287780762 ], [ 15.2687511444091, 40.0240287780762 ], [ 15.2687511444091, 40.024307250976598 ], [ 15.268195152282701, 40.024307250976598 ], [ 15.268195152282701, 40.024581909179702 ], [ 15.267915725708001, 40.024581909179702 ], [ 15.267915725708001, 40.024860382080099 ], [ 15.2673597335815, 40.024860382080099 ], [ 15.2673597335815, 40.0256958007813 ], [ 15.2676382064819, 40.0256958007813 ], [ 15.2676382064819, 40.025970458984503 ], [ 15.267915725708001, 40.025970458984503 ], [ 15.267915725708001, 40.026248931884901 ], [ 15.2681617736816, 40.026248931884901 ], [ 15.2687511444091, 40.026248931884901 ], [ 15.2687511444091, 40.026805877685703 ], [ 15.2684726715088, 40.026805877685703 ], [ 15.2684726715088, 40.027915954589801 ], [ 15.2683076858522, 40.027915954589801 ], [ 15.268195152282701, 40.027915954589801 ], [ 15.268195152282701, 40.028194427490199 ], [ 15.267915725708001, 40.028194427490199 ], [ 15.267915725708001, 40.028751373291001 ], [ 15.2676382064819, 40.028751373291001 ], [ 15.2676382064819, 40.029304504394602 ], [ 15.2673597335815, 40.029304504394602 ], [ 15.2673597335815, 40.030971527099702 ], [ 15.2676382064819, 40.030971527099702 ], [ 15.2676382064819, 40.03125 ], [ 15.2684726715088, 40.03125 ], [ 15.2684726715088, 40.030971527099702 ], [ 15.2685804367066, 40.030971527099702 ], [ 15.2687511444091, 40.030971527099702 ], [ 15.2687511444091, 40.031528472900398 ], [ 15.269584655761699, 40.031528472900398 ], [ 15.269584655761699, 40.030971527099702 ], [ 15.2698612213135, 40.030971527099702 ], [ 15.2698612213135, 40.03125 ], [ 15.270138740539601, 40.03125 ], [ 15.270138740539601, 40.031528472900398 ], [ 15.2709732055665, 40.031528472900398 ], [ 15.2709732055665, 40.031806945800803 ], [ 15.2712507247925, 40.031806945800803 ], [ 15.2712507247925, 40.0320816040038 ], [ 15.272083282470801, 40.0320816040038 ], [ 15.272083282470801, 40.032360076904403 ], [ 15.273470878601101, 40.032360076904403 ], [ 15.273470878601101, 40.0320816040038 ], [ 15.273751258850201, 40.0320816040038 ], [ 15.273751258850201, 40.031806945800803 ], [ 15.274305343627899, 40.031806945800803 ], [ 15.274305343627899, 40.031528472900398 ], [ 15.274582862854, 40.031528472900398 ], [ 15.274582862854, 40.03125 ], [ 15.275138854980501, 40.03125 ], [ 15.275138854980501, 40.030971527099702 ], [ 15.2754173278809, 40.030971527099702 ], [ 15.2754173278809, 40.030139923095703 ], [ 15.2756948471069, 40.030139923095703 ], [ 15.2756948471069, 40.029861450195298 ], [ 15.276248931884799, 40.029861450195298 ], [ 15.276248931884799, 40.029582977295 ], [ 15.2793054580688, 40.029582977295 ], [ 15.2793054580688, 40.029861450195298 ], [ 15.279582977294901, 40.029861450195298 ], [ 15.279582977294901, 40.030139923095703 ], [ 15.280418395996, 40.030139923095703 ], [ 15.280418395996, 40.030418395996101 ], [ 15.2806930541993, 40.030418395996101 ], [ 15.2806930541993, 40.030693054199297 ], [ 15.2809705734253, 40.030693054199297 ], [ 15.2809705734253, 40.030971527099702 ], [ 15.2812490463257, 40.030971527099702 ], [ 15.2812490463257, 40.03125 ], [ 15.2815265655518, 40.03125 ], [ 15.2815265655518, 40.0314331054688 ], [ 15.2815265655518, 40.031528472900398 ], [ 15.281662940979, 40.031528472900398 ], [ 15.2818059921265, 40.031528472900398 ], [ 15.2818059921265, 40.031650543212898 ], [ 15.2818059921265, 40.032360076904403 ], [ 15.2820844650269, 40.032360076904403 ], [ 15.2820844650269, 40.032638549804801 ], [ 15.2829542160035, 40.032638549804801 ], [ 15.2831935882569, 40.032638549804801 ], [ 15.2831935882569, 40.032844543457003 ], [ 15.2831935882569, 40.032917022705199 ], [ 15.283276557922401, 40.032917022705199 ], [ 15.2837495803834, 40.032917022705199 ], [ 15.2837495803834, 40.033195495605597 ], [ 15.2840280532838, 40.033195495605597 ], [ 15.2840280532838, 40.033473968506001 ], [ 15.284305572509901, 40.033473968506001 ], [ 15.284305572509901, 40.033748626708999 ], [ 15.2845840454103, 40.033748626708999 ], [ 15.2845840454103, 40.034027099609403 ], [ 15.284787178039601, 40.034027099609403 ], [ 15.285140037536699, 40.034027099609403 ], [ 15.285140037536699, 40.034519195556598 ], [ 15.285140037536699, 40.034633636474702 ], [ 15.285140037536699, 40.0351371765137 ], [ 15.2848615646363, 40.0351371765137 ], [ 15.2848615646363, 40.039028167724702 ], [ 15.285140037536699, 40.039028167724702 ], [ 15.285140037536699, 40.041805267333999 ], [ 15.2848615646363, 40.041805267333999 ], [ 15.2848615646363, 40.042640686035199 ], [ 15.2845840454103, 40.042640686035199 ], [ 15.2845840454103, 40.042915344238402 ], [ 15.284305572509901, 40.042915344238402 ], [ 15.284305572509901, 40.0431938171388 ], [ 15.2840280532838, 40.0431938171388 ], [ 15.2840280532838, 40.043472290039198 ], [ 15.2837495803834, 40.043472290039198 ], [ 15.2837495803834, 40.044029235839901 ], [ 15.283472061157299, 40.044029235839901 ], [ 15.283472061157299, 40.0448608398437 ], [ 15.2837495803834, 40.0448608398437 ], [ 15.2837495803834, 40.046806335449197 ], [ 15.2840280532838, 40.046806335449197 ], [ 15.2840280532838, 40.047637939453203 ], [ 15.2837495803834, 40.047637939453203 ], [ 15.2837495803834, 40.047916412353601 ], [ 15.283472061157299, 40.047916412353601 ], [ 15.283472061157299, 40.048751831054702 ], [ 15.2831935882569, 40.048751831054702 ], [ 15.2831935882569, 40.049304962158303 ], [ 15.2829179763794, 40.049304962158303 ], [ 15.2829179763794, 40.0495834350587 ], [ 15.282640457153301, 40.0495834350587 ], [ 15.282640457153301, 40.049861907959098 ], [ 15.282361984253001, 40.049861907959098 ], [ 15.282361984253001, 40.051807403564602 ], [ 15.282640457153301, 40.051807403564602 ], [ 15.282640457153301, 40.0529174804688 ], [ 15.2829179763794, 40.0529174804688 ], [ 15.2829179763794, 40.053180694580099 ], [ 15.2829179763794, 40.053749084472699 ], [ 15.2831935882569, 40.053749084472699 ], [ 15.2831935882569, 40.054153442382898 ], [ 15.2831449508668, 40.054306030273501 ], [ 15.2829179763794, 40.054306030273501 ], [ 15.2829179763794, 40.054862976074297 ], [ 15.282640457153301, 40.054862976074297 ], [ 15.282640457153301, 40.055416107177798 ], [ 15.282361984253001, 40.055416107177798 ], [ 15.282361984253001, 40.055694580078203 ], [ 15.2820844650269, 40.055694580078203 ], [ 15.2820196151734, 40.055973052978601 ], [ 15.2818059921265, 40.055973052978601 ], [ 15.2818059921265, 40.056251525878999 ], [ 15.2819290161134, 40.056251525878999 ], [ 15.2820844650269, 40.056251525878999 ], [ 15.2820844650269, 40.057357788086001 ], [ 15.2820844650269, 40.057640075683501 ], [ 15.281964302063001, 40.057640075683501 ], [ 15.2818059921265, 40.057640075683501 ], [ 15.2818059921265, 40.057918548584098 ], [ 15.2815265655518, 40.057918548584098 ], [ 15.2815265655518, 40.0584716796875 ], [ 15.2812490463257, 40.0584716796875 ], [ 15.2812490463257, 40.058750152587898 ], [ 15.281105995178301, 40.058750152587898 ], [ 15.2809705734253, 40.058750152587898 ], [ 15.2809705734253, 40.058933258056598 ], [ 15.2809705734253, 40.0593070983887 ], [ 15.2806930541993, 40.059322357177699 ], [ 15.2806930541993, 40.059581756591903 ], [ 15.280418395996, 40.059581756591903 ], [ 15.280418395996, 40.059707641601698 ], [ 15.280418395996, 40.060417175292997 ], [ 15.280138969421399, 40.060417175292997 ], [ 15.280138969421399, 40.061248779297003 ], [ 15.2798614501953, 40.061248779297003 ], [ 15.2798614501953, 40.061805725097798 ], [ 15.279582977294901, 40.061805725097798 ], [ 15.279582977294901, 40.062362670898601 ], [ 15.2793054580688, 40.062362670898601 ], [ 15.2793054580688, 40.062637329101598 ], [ 15.278751373291099, 40.062637329101598 ], [ 15.278751373291099, 40.062915802001903 ], [ 15.278195381164601, 40.062915802001903 ], [ 15.278195381164601, 40.063751220703097 ], [ 15.2779169082643, 40.063751220703097 ], [ 15.2779169082643, 40.064861297607401 ], [ 15.2776393890381, 40.064861297607401 ], [ 15.2776393890381, 40.065418243408203 ], [ 15.2773609161378, 40.065418243408203 ], [ 15.2773609161378, 40.065692901611399 ], [ 15.277083396911699, 40.065692901611399 ], [ 15.277083396911699, 40.066249847412202 ], [ 15.2768049240113, 40.066249847412202 ], [ 15.2768049240113, 40.066806793212898 ], [ 15.276527404785201, 40.066806793212898 ], [ 15.276527404785201, 40.067081451416001 ], [ 15.276248931884799, 40.067085266113303 ], [ 15.276223182678301, 40.067417144775497 ], [ 15.276109695434601, 40.0673637390137 ], [ 15.275973320007299, 40.0673637390137 ], [ 15.275973320007299, 40.067916870117301 ], [ 15.2756948471069, 40.067916870117301 ], [ 15.2756948471069, 40.068748474121101 ], [ 15.2754173278809, 40.068748474121101 ], [ 15.2754173278809, 40.069305419921903 ], [ 15.275138854980501, 40.069305419921903 ], [ 15.275138854980501, 40.069862365722699 ], [ 15.2748613357544, 40.069862365722699 ], [ 15.2748613357544, 40.070137023925803 ], [ 15.274582862854, 40.070137023925803 ], [ 15.274582862854, 40.0704154968262 ], [ 15.274305343627899, 40.0704154968262 ], [ 15.274305343627899, 40.070972442627003 ], [ 15.2740268707275, 40.070972442627003 ], [ 15.2740268707275, 40.071250915527301 ], [ 15.273751258850201, 40.071250915527301 ], [ 15.273751258850201, 40.071529388427699 ], [ 15.273470878601101, 40.071529388427699 ], [ 15.273470878601101, 40.071804046631001 ], [ 15.2731952667237, 40.071804046631001 ], [ 15.2731952667237, 40.072082519531399 ], [ 15.2729167938234, 40.072082519531399 ], [ 15.2729167938234, 40.072360992431697 ], [ 15.272639274597299, 40.072360992431697 ], [ 15.272639274597299, 40.073192596435497 ], [ 15.2723608016969, 40.073192596435497 ], [ 15.2723608016969, 40.073471069335902 ], [ 15.272083282470801, 40.073471069335902 ], [ 15.272083282470801, 40.073749542236399 ], [ 15.2715291976929, 40.073749542236399 ], [ 15.2715291976929, 40.074028015136797 ], [ 15.2709732055665, 40.074028015136797 ], [ 15.2709732055665, 40.074306488037202 ], [ 15.27041721344, 40.074306488037202 ], [ 15.27041721344, 40.074584960937599 ], [ 15.2698612213135, 40.074584960937599 ], [ 15.2698612213135, 40.074859619140597 ], [ 15.2695207595825, 40.074859619140597 ], [ 15.2693042755128, 40.074859619140597 ], [ 15.2693042755128, 40.075138092041001 ], [ 15.2690286636353, 40.075138092041001 ], [ 15.2690286636353, 40.075416564941399 ], [ 15.2687511444091, 40.075416564941399 ], [ 15.2687511444091, 40.075695037841797 ], [ 15.2684726715088, 40.075695037841797 ], [ 15.2684726715088, 40.075973510742202 ], [ 15.268195152282701, 40.075973510742202 ], [ 15.268195152282701, 40.076248168945398 ], [ 15.267915725708001, 40.076248168945398 ], [ 15.267915725708001, 40.076526641845803 ], [ 15.2676382064819, 40.076526641845803 ], [ 15.2676382064819, 40.076805114746101 ], [ 15.2673597335815, 40.076805114746101 ], [ 15.2673597335815, 40.076980590820398 ], [ 15.2673597335815, 40.077362060546903 ], [ 15.267082214355399, 40.077362060546903 ], [ 15.267082214355399, 40.077915191650497 ], [ 15.2668066024781, 40.077915191650497 ], [ 15.2668066024781, 40.078193664550902 ], [ 15.2665281295778, 40.078193664550902 ], [ 15.2665281295778, 40.078750610351598 ], [ 15.266249656677401, 40.078750610351598 ], [ 15.266249656677401, 40.079029083252003 ], [ 15.2659721374513, 40.079029083252003 ], [ 15.2659721374513, 40.079303741455099 ], [ 15.265416145324799, 40.079303741455099 ], [ 15.265416145324799, 40.079582214355398 ], [ 15.2651376724244, 40.079582214355398 ], [ 15.2651376724244, 40.079860687255803 ], [ 15.2645835876465, 40.079860687255803 ], [ 15.2645835876465, 40.080139160156399 ], [ 15.2643041610718, 40.080139160156399 ], [ 15.2643041610718, 40.080417633056797 ], [ 15.264027595520099, 40.080417633056797 ], [ 15.264027595520099, 40.080970764160199 ], [ 15.263750076293899, 40.080970764160199 ], [ 15.263750076293899, 40.081249237060497 ], [ 15.263471603393601, 40.081249237060497 ], [ 15.263471603393601, 40.0818061828613 ], [ 15.2631940841675, 40.0818061828613 ], [ 15.2631940841675, 40.082084655761697 ], [ 15.262915611267101, 40.082084655761697 ], [ 15.262915611267101, 40.082359313964901 ], [ 15.2609720230104, 40.082359313964901 ], [ 15.2609720230104, 40.082637786865298 ], [ 15.2604179382325, 40.082637786865298 ], [ 15.2604179382325, 40.082916259765703 ], [ 15.259861946106, 40.082916259765703 ], [ 15.259861946106, 40.083194732666101 ], [ 15.259584426879901, 40.083194732666101 ], [ 15.259584426879901, 40.083473205566499 ], [ 15.2590284347535, 40.083473205566499 ], [ 15.2590284347535, 40.083751678466903 ], [ 15.2587499618531, 40.083751678466903 ], [ 15.2587499618531, 40.08402633667 ], [ 15.258472442626999, 40.08402633667 ], [ 15.258472442626999, 40.084304809570398 ], [ 15.258195877075201, 40.084304809570398 ], [ 15.2581939697266, 40.084583282470803 ], [ 15.2576398849487, 40.084583282470803 ], [ 15.2576398849487, 40.0848617553712 ], [ 15.256806373596101, 40.0848617553712 ], [ 15.256806373596101, 40.085140228271499 ], [ 15.2562503814697, 40.085140228271499 ], [ 15.2562503814697, 40.085414886474602 ], [ 15.2559719085693, 40.085414886474602 ], [ 15.2559719085693, 40.085693359375 ], [ 15.255693435668899, 40.085693359375 ], [ 15.255693435668899, 40.085971832275298 ], [ 15.255140304565501, 40.085971832275298 ], [ 15.255140304565501, 40.086250305175703 ], [ 15.254027366638301, 40.086250305175703 ], [ 15.254027366638301, 40.0865287780763 ], [ 15.2537488937379, 40.0865287780763 ], [ 15.2537488937379, 40.086807250976698 ], [ 15.2534713745118, 40.086807250976698 ], [ 15.2534713745118, 40.087081909179702 ], [ 15.252082824707101, 40.087081909179702 ], [ 15.252082824707101, 40.087360382080099 ], [ 15.251249313354499, 40.087360382080099 ], [ 15.251249313354499, 40.087638854980497 ], [ 15.2506952285766, 40.087638854980497 ], [ 15.2506952285766, 40.087917327880902 ], [ 15.250139236450099, 40.087917327880902 ], [ 15.250139236450099, 40.087638854980497 ], [ 15.2498607635497, 40.087638854980497 ], [ 15.2498607635497, 40.087917327880902 ], [ 15.249304771423301, 40.087917327880902 ], [ 15.249304771423301, 40.0881958007812 ], [ 15.248748779296999, 40.0881958007812 ], [ 15.248748779296999, 40.088470458984403 ], [ 15.2481946945191, 40.088470458984403 ], [ 15.2481946945191, 40.088748931884801 ], [ 15.247638702392599, 40.088748931884801 ], [ 15.247638702392599, 40.089027404785199 ], [ 15.2451391220093, 40.089027404785199 ], [ 15.2451391220093, 40.089305877685597 ], [ 15.2445831298828, 40.089305877685597 ], [ 15.2445831298828, 40.089584350586001 ], [ 15.2439584732056, 40.089584350586001 ], [ 15.2426385879518, 40.089584350586001 ], [ 15.2426385879518, 40.089862823486399 ], [ 15.2418069839478, 40.089862823486399 ], [ 15.2418069839478, 40.09041595459 ], [ 15.241529464721699, 40.09041595459 ], [ 15.241529464721699, 40.090694427490298 ], [ 15.2412509918213, 40.090694427490298 ], [ 15.2412509918213, 40.090972900390703 ], [ 15.2406940460206, 40.090972900390703 ], [ 15.2406940460206, 40.091526031494098 ], [ 15.240415573120201, 40.091526031494098 ], [ 15.240415573120201, 40.092082977294901 ], [ 15.2401380538941, 40.092082977294901 ], [ 15.2401380538941, 40.092361450195298 ], [ 15.239582061767599, 40.092361450195298 ], [ 15.239582061767599, 40.092639923095597 ], [ 15.2390279769897, 40.092639923095597 ], [ 15.2390279769897, 40.093193054199297 ], [ 15.238750457763601, 40.093193054199297 ], [ 15.238750457763601, 40.093471527099602 ], [ 15.2381944656372, 40.093471527099602 ], [ 15.2381944656372, 40.09375 ], [ 15.2379159927368, 40.09375 ], [ 15.2379159927368, 40.094100952148402 ], [ 15.2379159927368, 40.094306945800803 ], [ 15.2376403808594, 40.094306945800803 ], [ 15.2376384735109, 40.094860076904403 ], [ 15.2373600006103, 40.094860076904403 ], [ 15.2373600006103, 40.095417022705099 ], [ 15.237084388733001, 40.095417022705099 ], [ 15.237084388733001, 40.095695495605497 ], [ 15.236805915832599, 40.095695495605497 ], [ 15.236805915832599, 40.095973968505902 ], [ 15.236249923706101, 40.095973968505902 ], [ 15.236249923706101, 40.096248626709098 ], [ 15.23597240448, 40.096248626709098 ], [ 15.23597240448, 40.096527099609503 ], [ 15.235693931579601, 40.096527099609503 ], [ 15.235693931579601, 40.096805572509901 ], [ 15.23597240448, 40.096805572509901 ], [ 15.23597240448, 40.097362518310703 ], [ 15.235693931579601, 40.097362518310703 ], [ 15.235693931579601, 40.0976371765137 ], [ 15.235416412353599, 40.0976371765137 ], [ 15.235416412353599, 40.097915649414098 ], [ 15.2351379394532, 40.097915649414098 ], [ 15.2351379394532, 40.098194122314503 ], [ 15.234581947326699, 40.098194122314503 ], [ 15.234581947326699, 40.098472595214801 ], [ 15.234306335449199, 40.098472595214801 ], [ 15.234306335449199, 40.098751068115199 ], [ 15.2340278625488, 40.098751068115199 ], [ 15.2340278625488, 40.0993041992188 ], [ 15.2337503433228, 40.0993041992188 ], [ 15.2337503433228, 40.099582672119197 ], [ 15.2329158782959, 40.099582672119197 ], [ 15.2329158782959, 40.099861145019503 ], [ 15.231249809265201, 40.099861145019503 ], [ 15.231249809265201, 40.100139617919901 ], [ 15.230416297912701, 40.100139617919901 ], [ 15.230416297912701, 40.100418090820298 ], [ 15.2294673919678, 40.100418090820298 ], [ 15.2287502288818, 40.100418090820298 ], [ 15.2287502288818, 40.100692749023601 ], [ 15.228193283081101, 40.100692749023601 ], [ 15.228193283081101, 40.100971221923899 ], [ 15.227917671203601, 40.100971221923899 ], [ 15.227917671203601, 40.101249694824297 ], [ 15.2276401519775, 40.101249694824297 ], [ 15.2276401519775, 40.101528167724702 ], [ 15.2273616790771, 40.101528167724702 ], [ 15.2273616790771, 40.101806640625 ], [ 15.226804733276399, 40.101806640625 ], [ 15.226804733276399, 40.102409362793097 ], [ 15.226804733276399, 40.102638244628999 ], [ 15.226527214050201, 40.102638244628999 ], [ 15.226527214050201, 40.102916717529403 ], [ 15.226248741149901, 40.102916717529403 ], [ 15.226248741149901, 40.103473663330199 ], [ 15.2259712219238, 40.103473663330199 ], [ 15.2259712219238, 40.103748321533203 ], [ 15.2256946563722, 40.103748321533203 ], [ 15.2256946563722, 40.104305267333999 ], [ 15.225417137146099, 40.104305267333999 ], [ 15.225417137146099, 40.104583740234403 ], [ 15.2251386642457, 40.104583740234403 ], [ 15.2251386642457, 40.104862213134801 ], [ 15.224861145019601, 40.104862213134801 ], [ 15.224861145019601, 40.105140686035099 ], [ 15.2243051528931, 40.105140686035099 ], [ 15.2243051528931, 40.105415344238303 ], [ 15.224026679992701, 40.105415344238303 ], [ 15.224026679992701, 40.1056938171387 ], [ 15.223749160766699, 40.1056938171387 ], [ 15.223749160766699, 40.106803894043097 ], [ 15.223472595214901, 40.106803894043097 ], [ 15.223472595214901, 40.107082366943501 ], [ 15.2231950759888, 40.107082366943501 ], [ 15.2231950759888, 40.107639312744197 ], [ 15.2229166030884, 40.107639312744197 ], [ 15.2229166030884, 40.107917785644602 ], [ 15.222639083862299, 40.107917785644602 ], [ 15.222639083862299, 40.108196258545 ], [ 15.2223606109619, 40.108196258545 ], [ 15.2223606109619, 40.108470916747997 ], [ 15.222083091735801, 40.108470916747997 ], [ 15.222083091735801, 40.109027862548899 ], [ 15.221804618835399, 40.109027862548899 ], [ 15.221804618835399, 40.108749389648601 ], [ 15.2215270996094, 40.108749389648601 ], [ 15.2215270996094, 40.109027862548899 ], [ 15.221248626709, 40.109027862548899 ], [ 15.221248626709, 40.109306335449297 ], [ 15.220973014831699, 40.109306335449297 ], [ 15.220973014831699, 40.109584808349702 ], [ 15.220694541931101, 40.109584808349702 ], [ 15.220694541931101, 40.109859466552699 ], [ 15.220138549804799, 40.109859466552699 ], [ 15.220138549804799, 40.110137939453097 ], [ 15.2198610305787, 40.110137939453097 ], [ 15.2198610305787, 40.110416412353501 ], [ 15.219582557678301, 40.110416412353501 ], [ 15.219582557678301, 40.110694885253899 ], [ 15.219306945800801, 40.110694885253899 ], [ 15.219306945800801, 40.110973358154297 ], [ 15.2190265655519, 40.110973358154297 ], [ 15.2190265655519, 40.111251831054702 ], [ 15.2187509536744, 40.111251831054702 ], [ 15.2187509536744, 40.111526489257898 ], [ 15.218473434448301, 40.111526489257898 ], [ 15.218473434448301, 40.111804962158303 ], [ 15.2181949615479, 40.111804962158303 ], [ 15.2181949615479, 40.112361907958999 ], [ 15.2179174423218, 40.112361907958999 ], [ 15.2179174423218, 40.112640380859403 ], [ 15.217638969421399, 40.112640380859403 ], [ 15.217638969421399, 40.112915039062599 ], [ 15.216251373291, 40.112915039062599 ], [ 15.216251373291, 40.113193511962997 ], [ 15.2159729003906, 40.113193511962997 ], [ 15.2159729003906, 40.1137504577637 ], [ 15.215695381164499, 40.1137504577637 ], [ 15.215695381164499, 40.114028930664098 ], [ 15.2154169082641, 40.114028930664098 ], [ 15.2154169082641, 40.114307403564503 ], [ 15.215139389038001, 40.114307403564503 ], [ 15.215139389038001, 40.1145820617675 ], [ 15.2148599624634, 40.1145820617675 ], [ 15.2148599624634, 40.114860534667898 ], [ 15.2145824432372, 40.114860534667898 ], [ 15.2145824432372, 40.115139007568501 ], [ 15.21430683136, 40.115139007568501 ], [ 15.21430683136, 40.115695953369197 ], [ 15.214026451110801, 40.115695953369197 ], [ 15.214026451110801, 40.115970611572301 ], [ 15.2137508392335, 40.115970611572301 ], [ 15.2137508392335, 40.116527557372997 ], [ 15.2134723663331, 40.116527557372997 ], [ 15.2134723663331, 40.1170845031738 ], [ 15.213193893432701, 40.1170845031738 ], [ 15.213193893432701, 40.117362976074197 ], [ 15.2129163742066, 40.117362976074197 ], [ 15.2129163742066, 40.117637634277401 ], [ 15.2126379013063, 40.117637634277401 ], [ 15.2126379013063, 40.117916107177798 ], [ 15.212360382080099, 40.117916107177798 ], [ 15.212360382080099, 40.118194580078203 ], [ 15.2120838165284, 40.118194580078203 ], [ 15.2120819091797, 40.118473052978601 ], [ 15.2118062973022, 40.118473052978601 ], [ 15.2118062973022, 40.118751525878999 ], [ 15.2115278244019, 40.118751525878999 ], [ 15.2115278244019, 40.119026184082102 ], [ 15.2109718322754, 40.119026184082102 ], [ 15.2109718322754, 40.1193046569825 ], [ 15.2106943130493, 40.1193046569825 ], [ 15.2106943130493, 40.119583129882898 ], [ 15.210415840148899, 40.119583129882898 ], [ 15.210415840148899, 40.119861602783303 ], [ 15.210140228271401, 40.119861602783303 ], [ 15.210140228271401, 40.120140075683601 ], [ 15.209584236145, 40.120140075683601 ], [ 15.209584236145, 40.120418548583999 ], [ 15.2090282440187, 40.120418548583999 ], [ 15.2090282440187, 40.120693206787102 ], [ 15.2087497711181, 40.120693206787102 ], [ 15.2087497711181, 40.120971679687401 ], [ 15.2081937789918, 40.120971679687401 ], [ 15.2081937789918, 40.121250152587798 ], [ 15.2079162597657, 40.121250152587798 ], [ 15.2079162597657, 40.121528625488402 ], [ 15.2076377868653, 40.121528625488402 ], [ 15.2076377868653, 40.1218070983888 ], [ 15.2070837020875, 40.1218070983888 ], [ 15.2070837020875, 40.122081756591797 ], [ 15.206527709961, 40.122081756591797 ], [ 15.206527709961, 40.122360229492202 ], [ 15.206250190734901, 40.122360229492202 ], [ 15.206250190734901, 40.122638702392599 ], [ 15.205971717834499, 40.122638702392599 ], [ 15.205971717834499, 40.122917175292997 ], [ 15.2056941986085, 40.122917175292997 ], [ 15.2056941986085, 40.123195648193402 ], [ 15.2051401138306, 40.123195648193402 ], [ 15.2051401138306, 40.1234741210938 ], [ 15.2048597335816, 40.1234741210938 ], [ 15.2048597335816, 40.123748779296903 ], [ 15.204028129577599, 40.123748779296903 ], [ 15.204028129577599, 40.124027252197301 ], [ 15.202362060546999, 40.124027252197301 ], [ 15.202362060546999, 40.124305725097699 ], [ 15.201527595520099, 40.124305725097699 ], [ 15.201527595520099, 40.124584197998097 ], [ 15.195138931274499, 40.124584197998097 ], [ 15.195138931274499, 40.124305725097699 ], [ 15.1940269470215, 40.124305725097699 ], [ 15.1940269470215, 40.124584197998097 ], [ 15.1933631896972, 40.124584197998097 ], [ 15.1915273666381, 40.124584197998097 ], [ 15.1915273666381, 40.124862670898501 ], [ 15.1912508010865, 40.124862670898501 ], [ 15.1912508010865, 40.125137329101698 ], [ 15.190694808960099, 40.125137329101698 ], [ 15.190694808960099, 40.124862670898501 ], [ 15.190417289734, 40.124862670898501 ], [ 15.190417289734, 40.125137329101698 ], [ 15.1870822906494, 40.125137329101698 ], [ 15.1870822906494, 40.124862670898501 ], [ 15.186529159545801, 40.124862670898501 ], [ 15.186529159545801, 40.124305725097699 ], [ 15.1848602294921, 40.124305725097699 ], [ 15.1848602294921, 40.124027252197301 ], [ 15.182915687561101, 40.124027252197301 ], [ 15.182915687561101, 40.124305725097699 ], [ 15.181805610656699, 40.124305725097699 ], [ 15.181805610656699, 40.124027252197301 ], [ 15.1812496185303, 40.124027252197301 ], [ 15.1812496185303, 40.124305725097699 ], [ 15.180137634277299, 40.124305725097699 ], [ 15.180137634277299, 40.125415802002102 ], [ 15.1804180145265, 40.125415802002102 ], [ 15.1804180145265, 40.1256942749025 ], [ 15.1806936264038, 40.1256942749025 ], [ 15.1806936264038, 40.125972747802798 ], [ 15.180972099304199, 40.125972747802798 ], [ 15.180972099304199, 40.126804351806598 ], [ 15.1806936264038, 40.126804351806598 ], [ 15.1806936264038, 40.127082824707003 ], [ 15.1804180145265, 40.127082824707003 ], [ 15.1804180145265, 40.127361297607401 ], [ 15.180137634277299, 40.127361297607401 ], [ 15.180137634277299, 40.127639770507699 ], [ 15.1798620224, 40.127639770507699 ], [ 15.1798620224, 40.127918243408303 ], [ 15.179583549499601, 40.127918243408303 ], [ 15.179583549499601, 40.128192901611399 ], [ 15.179306030273599, 40.128192901611399 ], [ 15.179306030273599, 40.128471374511697 ], [ 15.1790275573732, 40.128471374511697 ], [ 15.1790275573732, 40.128749847412102 ], [ 15.178750038147101, 40.128749847412102 ], [ 15.178750038147101, 40.1290283203125 ], [ 15.178471565246699, 40.1290283203125 ], [ 15.178471565246699, 40.129306793212898 ], [ 15.1781940460206, 40.129306793212898 ], [ 15.1781940460206, 40.129581451416101 ], [ 15.177915573120201, 40.129585266113303 ], [ 15.177915573120201, 40.130138397216903 ], [ 15.177639961242701, 40.130138397216903 ], [ 15.177639961242701, 40.130416870117202 ], [ 15.177362442016699, 40.130416870117202 ], [ 15.177362442016699, 40.130695343017599 ], [ 15.1770839691163, 40.130695343017599 ], [ 15.1770839691163, 40.130973815917997 ], [ 15.176806449890099, 40.130973815917997 ], [ 15.176806449890099, 40.1312484741212 ], [ 15.176527976989799, 40.1312484741212 ], [ 15.176527976989799, 40.131526947021598 ], [ 15.1762504577637, 40.131526947021598 ], [ 15.1762504577637, 40.131805419922003 ], [ 15.175971984863301, 40.131805419922003 ], [ 15.175971984863301, 40.132083892822401 ], [ 15.1756944656372, 40.132083892822401 ], [ 15.1756944656372, 40.132362365722798 ], [ 15.175417900085399, 40.132362365722798 ], [ 15.175417900085399, 40.132637023925803 ], [ 15.1751365661622, 40.132637023925803 ], [ 15.1751365661622, 40.1329154968262 ], [ 15.174861907958901, 40.1329154968262 ], [ 15.174861907958901, 40.133193969726598 ], [ 15.174584388732899, 40.133193969726598 ], [ 15.174584388732899, 40.133472442627003 ], [ 15.1743059158325, 40.133472442627003 ], [ 15.1743059158325, 40.133750915527301 ], [ 15.1740274429321, 40.133750915527301 ], [ 15.173999786376999, 40.134304046630902 ], [ 15.173748970031699, 40.134304046630902 ], [ 15.1737365722657, 40.1345825195313 ], [ 15.1734714508056, 40.1345825195313 ], [ 15.1734714508056, 40.134860992431598 ], [ 15.173195838928301, 40.134860992431598 ], [ 15.173195838928301, 40.135139465332003 ], [ 15.1726388931276, 40.135139465332003 ], [ 15.1726388931276, 40.135417938232401 ], [ 15.172082901001099, 40.135417938232401 ], [ 15.172082901001099, 40.135692596435703 ], [ 15.171805381775, 40.135692596435703 ], [ 15.171805381775, 40.135971069336001 ], [ 15.171526908874601, 40.135971069336001 ], [ 15.171526908874601, 40.136249542236399 ], [ 15.171251296997101, 40.136249542236399 ], [ 15.171251296997101, 40.136528015136797 ], [ 15.1709709167481, 40.136528015136797 ], [ 15.1709709167481, 40.136806488037202 ], [ 15.1701393127441, 40.136806488037202 ], [ 15.1701393127441, 40.1370849609375 ], [ 15.1698608398437, 40.1370849609375 ], [ 15.1698608398437, 40.137359619140703 ], [ 15.169583320617701, 40.137359619140703 ], [ 15.169583320617701, 40.137916564941499 ], [ 15.168748855590801, 40.137916564941499 ], [ 15.168748855590801, 40.138473510742301 ], [ 15.1684732437135, 40.138473510742301 ], [ 15.1684732437135, 40.138748168945298 ], [ 15.168194770812899, 40.138748168945298 ], [ 15.168194770812899, 40.139026641845703 ], [ 15.167917251586999, 40.139026641845703 ], [ 15.167917251586999, 40.139305114746101 ], [ 15.1676387786866, 40.139305114746101 ], [ 15.1676387786866, 40.139862060546903 ], [ 15.167082786560201, 40.139862060546903 ], [ 15.167082786560201, 40.140140533447202 ], [ 15.1668052673341, 40.140140533447202 ], [ 15.1668052673341, 40.140415191650398 ], [ 15.1665267944337, 40.140415191650398 ], [ 15.1665267944337, 40.140693664550803 ], [ 15.165972709655801, 40.140693664550803 ], [ 15.1659708023072, 40.141250610351598 ], [ 15.1654167175294, 40.141250610351598 ], [ 15.1654167175294, 40.141529083252003 ], [ 15.165139198303301, 40.141529083252003 ], [ 15.165139198303301, 40.141803741455199 ], [ 15.1648607254029, 40.141803741455199 ], [ 15.1648607254029, 40.142360687255902 ], [ 15.1645832061768, 40.142360687255902 ], [ 15.1645832061768, 40.142917633056697 ], [ 15.164304733276399, 40.142917633056697 ], [ 15.164304733276399, 40.143470764160099 ], [ 15.16374874115, 40.143470764160099 ], [ 15.16374874115, 40.143749237060703 ], [ 15.163194656372101, 40.143749237060703 ], [ 15.163194656372101, 40.144027709961101 ], [ 15.1629171371459, 40.144027709961101 ], [ 15.1629171371459, 40.144306182861399 ], [ 15.1626386642456, 40.144306182861399 ], [ 15.1626386642456, 40.144859313964801 ], [ 15.162361145019499, 40.144859313964801 ], [ 15.162361145019499, 40.145137786865199 ], [ 15.1618041992188, 40.145137786865199 ], [ 15.1618041992188, 40.145416259765597 ], [ 15.1612510681153, 40.145416259765597 ], [ 15.1612510681153, 40.145694732666001 ], [ 15.160972595215, 40.145694732666001 ], [ 15.160972595215, 40.145973205566399 ], [ 15.1606950759888, 40.145973205566399 ], [ 15.1606950759888, 40.146251678466797 ], [ 15.160415649414199, 40.146251678466797 ], [ 15.160415649414199, 40.14652633667 ], [ 15.1601381301881, 40.14652633667 ], [ 15.1601381301881, 40.147083282470803 ], [ 15.159863471984901, 40.147083282470803 ], [ 15.159863471984901, 40.1473617553712 ], [ 15.1595821380616, 40.1473617553712 ], [ 15.1595821380616, 40.147640228271499 ], [ 15.1593065261841, 40.147640228271499 ], [ 15.1593065261841, 40.147914886474702 ], [ 15.1590280532837, 40.147914886474702 ], [ 15.1590280532837, 40.148193359375099 ], [ 15.1587495803834, 40.148193359375099 ], [ 15.1587495803834, 40.148471832275497 ], [ 15.1584720611572, 40.148471832275497 ], [ 15.1584720611572, 40.148750305175803 ], [ 15.1581935882569, 40.148750305175803 ], [ 15.1581935882569, 40.1490287780762 ], [ 15.157916069030801, 40.1490287780762 ], [ 15.157916069030801, 40.149581909179602 ], [ 15.1576375961304, 40.149581909179602 ], [ 15.1576375961304, 40.14986038208 ], [ 15.1573600769043, 40.14986038208 ], [ 15.1573600769043, 40.150138854980597 ], [ 15.156805992126399, 40.150138854980597 ], [ 15.156805992126399, 40.150417327881001 ], [ 15.156528472900501, 40.150417327881001 ], [ 15.156528472900501, 40.150695800781399 ], [ 15.15625, 40.150695800781399 ], [ 15.15625, 40.150970458984403 ], [ 15.1559715270996, 40.150970458984403 ], [ 15.1559715270996, 40.151248931884801 ], [ 15.155694007873601, 40.151248931884801 ], [ 15.155694007873601, 40.151527404785199 ], [ 15.1554155349731, 40.151527404785199 ], [ 15.1554155349731, 40.151805877685497 ], [ 15.1551380157472, 40.151805877685497 ], [ 15.1551380157472, 40.152084350585902 ], [ 15.1548624038697, 40.152084350585902 ], [ 15.1548624038697, 40.1523628234863 ], [ 15.1545820236207, 40.1523628234863 ], [ 15.1545820236207, 40.152637481689503 ], [ 15.1543064117432, 40.152637481689503 ], [ 15.1543064117432, 40.152915954589901 ], [ 15.1540279388428, 40.152915954589901 ], [ 15.1540279388428, 40.154026031494297 ], [ 15.152640342712401, 40.154026031494297 ], [ 15.1526384353638, 40.154304504394602 ], [ 15.152361869811999, 40.154304504394602 ], [ 15.152361869811999, 40.154582977295 ], [ 15.1520843505859, 40.154582977295 ], [ 15.1520843505859, 40.154861450195398 ], [ 15.151805877685501, 40.154861450195398 ], [ 15.151805877685501, 40.1554183959962 ], [ 15.151528358459499, 40.1554183959962 ], [ 15.151528358459499, 40.155693054199197 ], [ 15.1512498855591, 40.155693054199197 ], [ 15.1512498855591, 40.155971527099602 ], [ 15.150695800781399, 40.155971527099602 ], [ 15.150695800781399, 40.15625 ], [ 15.1504163742065, 40.15625 ], [ 15.1504163742065, 40.156528472900497 ], [ 15.150139808654901, 40.156528472900497 ], [ 15.150139808654901, 40.156806945800902 ], [ 15.1498622894288, 40.156806945800902 ], [ 15.1498622894288, 40.157081604003899 ], [ 15.1495838165284, 40.157081604003899 ], [ 15.1495838165284, 40.157360076904297 ], [ 15.149306297302299, 40.157360076904297 ], [ 15.149306297302299, 40.157638549804702 ], [ 15.148750305175801, 40.157638549804702 ], [ 15.148750305175801, 40.157917022705099 ], [ 15.1484718322754, 40.157917022705099 ], [ 15.1484718322754, 40.158195495605497 ], [ 15.148193359375099, 40.158195495605497 ], [ 15.148193359375099, 40.158473968505902 ], [ 15.147917747497599, 40.158473968505902 ], [ 15.147917747497599, 40.158748626708999 ], [ 15.1476402282715, 40.158748626708999 ], [ 15.1476402282715, 40.159305572509801 ], [ 15.147361755371101, 40.159305572509801 ], [ 15.147361755371101, 40.159584045410199 ], [ 15.147084236145, 40.159584045410199 ], [ 15.147084236145, 40.159862518310597 ], [ 15.146248817443899, 40.159862518310597 ], [ 15.146248817443899, 40.1601371765138 ], [ 15.1456956863403, 40.1601371765138 ], [ 15.1456956863403, 40.160415649414198 ], [ 15.1454153060913, 40.160415649414198 ], [ 15.1454153060913, 40.160671234130902 ], [ 15.1454153060913, 40.160972595215 ], [ 15.145138740539601, 40.160972595215 ], [ 15.145138740539601, 40.161251068115298 ], [ 15.1448612213134, 40.161251068115298 ], [ 15.1448612213134, 40.161529541015703 ], [ 15.144582748413001, 40.161529541015703 ], [ 15.144582748413001, 40.162082672119098 ], [ 15.144305229186999, 40.162082672119098 ], [ 15.144305229186999, 40.162361145019503 ], [ 15.1440267562866, 40.162361145019503 ], [ 15.1440267562866, 40.162918090820398 ], [ 15.1437492370607, 40.162918090820398 ], [ 15.1437492370607, 40.163192749023501 ], [ 15.143472671508899, 40.163192749023501 ], [ 15.143472671508899, 40.1634712219238 ], [ 15.1431951522828, 40.1634712219238 ], [ 15.1431951522828, 40.163749694824197 ], [ 15.1426391601563, 40.163749694824197 ], [ 15.1426391601563, 40.164028167724602 ], [ 15.1423606872559, 40.164028167724602 ], [ 15.1423606872559, 40.164306640625 ], [ 15.142083168029799, 40.164306640625 ], [ 15.142083168029799, 40.164585113525398 ], [ 15.141529083251999, 40.164585113525398 ], [ 15.141529083251999, 40.164859771728601 ], [ 15.141248703003001, 40.164859771728601 ], [ 15.141248703003001, 40.165138244628999 ], [ 15.140973091125501, 40.165138244628999 ], [ 15.140973091125501, 40.165416717529403 ], [ 15.140417098999, 40.165416717529403 ], [ 15.140417098999, 40.165695190429702 ], [ 15.140138626098601, 40.165695190429702 ], [ 15.140138626098601, 40.165973663330099 ], [ 15.139861106872599, 40.165973663330099 ], [ 15.139861106872599, 40.166248321533303 ], [ 15.1395826339722, 40.166248321533303 ], [ 15.1395826339722, 40.1665267944337 ], [ 15.1387510299684, 40.1665267944337 ], [ 15.1387510299684, 40.166805267334098 ], [ 15.1381950378419, 40.166805267334098 ], [ 15.1381950378419, 40.167083740234503 ], [ 15.1379165649415, 40.167083740234503 ], [ 15.1379165649415, 40.167640686035298 ], [ 15.1376390457154, 40.167640686035298 ], [ 15.1376390457154, 40.167915344238303 ], [ 15.137083053589, 40.167915344238303 ], [ 15.137083053589, 40.1681938171387 ], [ 15.136528968811101, 40.1681938171387 ], [ 15.136528968811101, 40.168472290039098 ], [ 15.136251449585, 40.168472290039098 ], [ 15.136248588562101, 40.168750762939403 ], [ 15.1354169845581, 40.168750762939403 ], [ 15.1354169845581, 40.169029235839801 ], [ 15.1348609924316, 40.169029235839801 ], [ 15.1348609924316, 40.169303894042997 ], [ 15.1343069076537, 40.169303894042997 ], [ 15.1343069076537, 40.169582366943402 ], [ 15.134025573730501, 40.169582366943402 ], [ 15.134025573730501, 40.1698608398438 ], [ 15.133473396301399, 40.1698608398438 ], [ 15.133473396301399, 40.171249389648501 ], [ 15.1331939697266, 40.171249389648501 ], [ 15.1331939697266, 40.171527862548899 ], [ 15.132916450500399, 40.171527862548899 ], [ 15.132916450500399, 40.171806335449297 ], [ 15.1315279006959, 40.171806335449297 ], [ 15.1315279006959, 40.172084808349702 ], [ 15.130694389343301, 40.172084808349702 ], [ 15.130694389343301, 40.172359466552798 ], [ 15.129584312439, 40.172359466552798 ], [ 15.129584312439, 40.172637939453203 ], [ 15.1290283203125, 40.172637939453203 ], [ 15.1290283203125, 40.172916412353601 ], [ 15.1281938552856, 40.172916412353601 ], [ 15.1281938552856, 40.173194885253999 ], [ 15.127637863159199, 40.173194885253999 ], [ 15.127637863159199, 40.173473358154403 ], [ 15.1273622512819, 40.173473358154403 ], [ 15.1273622512819, 40.173751831054801 ], [ 15.1268062591554, 40.173751831054801 ], [ 15.1268062591554, 40.174026489257798 ], [ 15.126527786255, 40.174026489257798 ], [ 15.126527786255, 40.174304962158203 ], [ 15.1259717941285, 40.174304962158203 ], [ 15.1259717941285, 40.174583435058601 ], [ 15.125415802002101, 40.174583435058601 ], [ 15.125415802002101, 40.174861907958999 ], [ 15.1248598098756, 40.174861907958999 ], [ 15.1248598098756, 40.175140380859297 ], [ 15.1240282058716, 40.175140380859297 ], [ 15.1240282058716, 40.175415039062599 ], [ 15.123472213745099, 40.175415039062599 ], [ 15.123472213745099, 40.175693511962898 ], [ 15.1226396560669, 40.175693511962898 ], [ 15.1226396560669, 40.175415039062599 ], [ 15.122083663940399, 40.175415039062599 ], [ 15.122083663940399, 40.175140380859297 ], [ 15.1218061447143, 40.175140380859297 ], [ 15.1218061447143, 40.174861907958999 ], [ 15.121527671813899, 40.174861907958999 ], [ 15.121527671813899, 40.174304962158203 ], [ 15.1206932067871, 40.174304962158203 ], [ 15.1206932067871, 40.174583435058601 ], [ 15.1209735870362, 40.174583435058601 ], [ 15.1209735870362, 40.174861907958999 ], [ 15.1212501525878, 40.174861907958999 ], [ 15.1212501525878, 40.175415039062599 ], [ 15.1209735870362, 40.175415039062599 ], [ 15.1209735870362, 40.1762504577637 ], [ 15.119861602783301, 40.1762504577637 ], [ 15.119861602783301, 40.175971984863303 ], [ 15.1193046569825, 40.175971984863303 ], [ 15.1193046569825, 40.1762504577637 ], [ 15.119027137756399, 40.1762504577637 ], [ 15.119027137756399, 40.176528930664098 ], [ 15.1181945800782, 40.176528930664098 ], [ 15.1181945800782, 40.176807403564503 ], [ 15.117638587951699, 40.176807403564503 ], [ 15.117638587951699, 40.177082061767699 ], [ 15.1173610687256, 40.177082061767699 ], [ 15.1173610687256, 40.176807403564503 ], [ 15.116249084472701, 40.176807403564503 ], [ 15.116249084472701, 40.176528930664098 ], [ 15.1151390075685, 40.176528930664098 ], [ 15.1151390075685, 40.1762504577637 ], [ 15.113751411438001, 40.1762504577637 ], [ 15.113751411438001, 40.176528930664098 ], [ 15.1120834350587, 40.176528930664098 ], [ 15.1120834350587, 40.1762504577637 ], [ 15.111804962158301, 40.1762504577637 ], [ 15.111804962158301, 40.175971984863303 ], [ 15.1112508773804, 40.175971984863303 ], [ 15.1112508773804, 40.175693511962898 ], [ 15.110694885253899, 40.175693511962898 ], [ 15.110694885253899, 40.175415039062599 ], [ 15.110138893127401, 40.175415039062599 ], [ 15.110138893127401, 40.175140380859297 ], [ 15.109028816223301, 40.175140380859297 ], [ 15.109028816223301, 40.174861907958999 ], [ 15.1051378250122, 40.174861907958999 ], [ 15.1051378250122, 40.174583435058601 ], [ 15.102915763854901, 40.174583435058601 ], [ 15.102915763854901, 40.174304962158203 ], [ 15.102638244629, 40.174304962158203 ], [ 15.102638244629, 40.174026489257798 ], [ 15.102084159851101, 40.174026489257798 ], [ 15.102084159851101, 40.173751831054801 ], [ 15.1018056869507, 40.173751831054801 ], [ 15.1018056869507, 40.173473358154403 ], [ 15.1015281677247, 40.173473358154403 ], [ 15.1015281677247, 40.173194885253999 ], [ 15.1012496948243, 40.173194885253999 ], [ 15.1012496948243, 40.172916412353601 ], [ 15.096805572509901, 40.172916412353601 ], [ 15.096805572509901, 40.173194885253999 ], [ 15.0953989028932, 40.173194885253999 ], [ 15.0940284729004, 40.173194885253999 ], [ 15.0940284729004, 40.173473358154403 ], [ 15.0934705734254, 40.173473358154403 ], [ 15.0934705734254, 40.173751831054801 ], [ 15.0912523269654, 40.173751831054801 ], [ 15.0912523269654, 40.173473358154403 ], [ 15.0865268707275, 40.173473358154403 ], [ 15.0865268707275, 40.173194885253999 ], [ 15.0854167938234, 40.173194885253999 ], [ 15.0854167938234, 40.172916412353601 ], [ 15.085139274597299, 40.172916412353601 ], [ 15.085139274597299, 40.172637939453203 ], [ 15.084583282470801, 40.172637939453203 ], [ 15.084583282470801, 40.172359466552798 ], [ 15.0834732055665, 40.172359466552798 ], [ 15.0834732055665, 40.172084808349702 ], [ 15.0823612213135, 40.172084808349702 ], [ 15.0823612213135, 40.171806335449297 ], [ 15.0820827484131, 40.171806335449297 ], [ 15.0820827484131, 40.171527862548899 ], [ 15.081805229186999, 40.171527862548899 ], [ 15.081805229186999, 40.171249389648501 ], [ 15.0815286636353, 40.171249389648501 ], [ 15.0815286636353, 40.170970916748097 ], [ 15.0809726715087, 40.170970916748097 ], [ 15.0809726715087, 40.170696258544901 ], [ 15.080416679382299, 40.170696258544901 ], [ 15.080416679382299, 40.170417785644503 ], [ 15.0801382064819, 40.170417785644503 ], [ 15.0801382064819, 40.170139312744098 ], [ 15.0798597335815, 40.170139312744098 ], [ 15.0798597335815, 40.1698608398438 ], [ 15.079582214355399, 40.1698608398438 ], [ 15.079582214355399, 40.169582366943402 ], [ 15.079029083251999, 40.169582366943402 ], [ 15.079029083251999, 40.169303894042997 ], [ 15.0781936645509, 40.169303894042997 ], [ 15.0781936645509, 40.169029235839801 ], [ 15.077916145324799, 40.169029235839801 ], [ 15.077916145324799, 40.168472290039098 ], [ 15.0776376724244, 40.168472290039098 ], [ 15.0776376724244, 40.1681938171387 ], [ 15.0770835876465, 40.1681938171387 ], [ 15.0770835876465, 40.167915344238303 ], [ 15.0756940841675, 40.167915344238303 ], [ 15.0756940841675, 40.167640686035298 ], [ 15.074305534362701, 40.167640686035298 ], [ 15.074305534362701, 40.167362213134901 ], [ 15.07319355011, 40.167362213134901 ], [ 15.07319355011, 40.167083740234503 ], [ 15.072916030883899, 40.167083740234503 ], [ 15.072916030883899, 40.166805267334098 ], [ 15.072361946106, 40.166805267334098 ], [ 15.072361946106, 40.1665267944337 ], [ 15.071805953979499, 40.1665267944337 ], [ 15.071805953979499, 40.165973663330099 ], [ 15.0712499618531, 40.165973663330099 ], [ 15.0712499618531, 40.165695190429702 ], [ 15.0706939697266, 40.165695190429702 ], [ 15.0706939697266, 40.165416717529403 ], [ 15.0681943893434, 40.165416717529403 ], [ 15.0681943893434, 40.165138244628999 ], [ 15.0679178237916, 40.165138244628999 ], [ 15.0679178237916, 40.164859771728601 ], [ 15.067361831665099, 40.164859771728601 ], [ 15.067361831665099, 40.164585113525398 ], [ 15.064861297607401, 40.164585113525398 ], [ 15.064861297607401, 40.164859771728601 ], [ 15.064305305481, 40.164859771728601 ], [ 15.064305305481, 40.165138244628999 ], [ 15.0640268325806, 40.165138244628999 ], [ 15.0640268325806, 40.165416717529403 ], [ 15.063749313354499, 40.165416717529403 ], [ 15.063749313354499, 40.165695190429702 ], [ 15.0631952285766, 40.165695190429702 ], [ 15.0631952285766, 40.165973663330099 ], [ 15.0629167556762, 40.165973663330099 ], [ 15.0629167556762, 40.165695190429702 ], [ 15.0626392364503, 40.165695190429702 ], [ 15.0626392364503, 40.166248321533303 ], [ 15.0623607635497, 40.166248321533303 ], [ 15.0623607635497, 40.1665267944337 ], [ 15.0620832443238, 40.1665267944337 ], [ 15.0620832443238, 40.166805267334098 ], [ 15.0618047714235, 40.166805267334098 ], [ 15.0618047714235, 40.1665267944337 ], [ 15.060973167419499, 40.1665267944337 ], [ 15.060973167419499, 40.166805267334098 ], [ 15.0606946945191, 40.166805267334098 ], [ 15.0606946945191, 40.167083740234503 ], [ 15.060138702392599, 40.167083740234503 ], [ 15.060138702392599, 40.167362213134901 ], [ 15.0595827102662, 40.167362213134901 ], [ 15.0595827102662, 40.167640686035298 ], [ 15.059305191040099, 40.167640686035298 ], [ 15.059305191040099, 40.167915344238303 ], [ 15.0590267181397, 40.167915344238303 ], [ 15.0590267181397, 40.1681938171387 ], [ 15.0581951141357, 40.1681938171387 ], [ 15.0581951141357, 40.168472290039098 ], [ 15.0579166412354, 40.168472290039098 ], [ 15.0579166412354, 40.168750762939403 ], [ 15.057360649108899, 40.168750762939403 ], [ 15.057360649108899, 40.169029235839801 ], [ 15.0570831298828, 40.169029235839801 ], [ 15.0570831298828, 40.169303894042997 ], [ 15.056529045105099, 40.169303894042997 ], [ 15.056529045105099, 40.169582366943402 ], [ 15.055973052978599, 40.169582366943402 ], [ 15.055973052978599, 40.1698608398438 ], [ 15.0556945800782, 40.1698608398438 ], [ 15.0556945800782, 40.170139312744098 ], [ 15.055417060852101, 40.170139312744098 ], [ 15.055417060852101, 40.170417785644503 ], [ 15.0548610687256, 40.170417785644503 ], [ 15.0548610687256, 40.170696258544901 ], [ 15.053473472595201, 40.170696258544901 ], [ 15.053473472595201, 40.170970916748097 ], [ 15.0515279769897, 40.170970916748097 ], [ 15.0515279769897, 40.170696258544901 ], [ 15.0501384735109, 40.170696258544901 ], [ 15.0501384735109, 40.170417785644503 ], [ 15.04847240448, 40.170417785644503 ], [ 15.04847240448, 40.170139312744098 ], [ 15.0476379394532, 40.170139312744098 ], [ 15.0476379394532, 40.1698608398438 ], [ 15.047081947326699, 40.1698608398438 ], [ 15.047081947326699, 40.169582366943402 ], [ 15.0462503433228, 40.169582366943402 ], [ 15.0462503433228, 40.169303894042997 ], [ 15.042916297912701, 40.169303894042997 ], [ 15.042916297912701, 40.169582366943402 ], [ 15.0420837402344, 40.169582366943402 ], [ 15.0420837402344, 40.1698608398438 ], [ 15.041527748107899, 40.1698608398438 ], [ 15.041527748107899, 40.170139312744098 ], [ 15.040693283081101, 40.170139312744098 ], [ 15.040693283081101, 40.170417785644503 ], [ 15.0401401519775, 40.170417785644503 ], [ 15.0401401519775, 40.170696258544901 ], [ 15.0398616790771, 40.170696258544901 ], [ 15.0398616790771, 40.170970916748097 ], [ 15.0395841598512, 40.170970916748097 ], [ 15.0395841598512, 40.171249389648501 ], [ 15.039304733276399, 40.171249389648501 ], [ 15.039304733276399, 40.171527862548899 ], [ 15.0384712219238, 40.171527862548899 ], [ 15.0384712219238, 40.171806335449297 ], [ 15.0376386642457, 40.171806335449297 ], [ 15.0376386642457, 40.172084808349702 ], [ 15.0354166030884, 40.172084808349702 ], [ 15.0354166030884, 40.172359466552798 ], [ 15.035139083862299, 40.172359466552798 ], [ 15.035139083862299, 40.172637939453203 ], [ 15.0348606109619, 40.172637939453203 ], [ 15.0348606109619, 40.172916412353601 ], [ 15.034583091735801, 40.172916412353601 ], [ 15.034583091735801, 40.173194885253999 ], [ 15.034304618835399, 40.173194885253999 ], [ 15.034304618835399, 40.173473358154403 ], [ 15.0340270996094, 40.173473358154403 ], [ 15.0340270996094, 40.174304962158203 ], [ 15.033748626709, 40.174304962158203 ], [ 15.033748626709, 40.174583435058601 ], [ 15.0331945419313, 40.174583435058601 ], [ 15.0331945419313, 40.174861907958999 ], [ 15.032638549804799, 40.174861907958999 ], [ 15.032638549804799, 40.175140380859297 ], [ 15.032082557678301, 40.175140380859297 ], [ 15.032082557678301, 40.175415039062599 ], [ 15.031806945800801, 40.175415039062599 ], [ 15.031806945800801, 40.175693511962898 ], [ 15.0315265655519, 40.175693511962898 ], [ 15.0315265655519, 40.1762504577637 ], [ 15.0312509536744, 40.1762504577637 ], [ 15.0312509536744, 40.176528930664098 ], [ 15.030973434448301, 40.176528930664098 ], [ 15.030973434448301, 40.176807403564503 ], [ 15.030138969421399, 40.176807403564503 ], [ 15.030138969421399, 40.177082061767699 ], [ 15.0298614501953, 40.177082061767699 ], [ 15.0298614501953, 40.177360534667997 ], [ 15.0293054580688, 40.177360534667997 ], [ 15.0293054580688, 40.177639007568402 ], [ 15.0284729003906, 40.177639007568402 ], [ 15.0284729003906, 40.177360534667997 ], [ 15.0279169082641, 40.177360534667997 ], [ 15.0279169082641, 40.177082061767699 ], [ 15.0274543762207, 40.177082061767699 ], [ 15.026806831359901, 40.177082061767699 ], [ 15.026806831359901, 40.177360534667997 ], [ 15.025973320007401, 40.177360534667997 ], [ 15.025973320007401, 40.176807403564503 ], [ 15.0262508392335, 40.176807403564503 ], [ 15.0262508392335, 40.1762504577637 ], [ 15.026526451110801, 40.1762504577637 ], [ 15.026526451110801, 40.175693511962898 ], [ 15.025973320007401, 40.175693511962898 ], [ 15.025973320007401, 40.175971984863303 ], [ 15.0254163742066, 40.175971984863303 ], [ 15.0254163742066, 40.1762504577637 ], [ 15.0251379013062, 40.1762504577637 ], [ 15.0251379013062, 40.176807403564503 ], [ 15.024860382080099, 40.176807403564503 ], [ 15.024860382080099, 40.177639007568402 ], [ 15.024584770202599, 40.177639007568402 ], [ 15.0245819091797, 40.178195953369197 ], [ 15.0243062973022, 40.178195953369197 ], [ 15.0243062973022, 40.178470611572202 ], [ 15.0240278244019, 40.178470611572202 ], [ 15.0240278244019, 40.178749084472798 ], [ 15.0243062973022, 40.178749084472798 ], [ 15.0243062973022, 40.179584503173899 ], [ 15.0245819091797, 40.179584503173899 ], [ 15.0245819091797, 40.179862976074297 ], [ 15.0243062973022, 40.179862976074297 ], [ 15.024299621581999, 40.180137634277301 ], [ 15.0240278244019, 40.180137634277301 ], [ 15.024009704589901, 40.180416107177699 ], [ 15.023750305175801, 40.180416107177699 ], [ 15.0237226486207, 40.180694580078097 ], [ 15.0234718322754, 40.180694580078097 ], [ 15.0234718322754, 40.180938720703203 ], [ 15.0234718322754, 40.181526184082102 ], [ 15.0243062973022, 40.181526184082102 ], [ 15.0243062973022, 40.1818046569825 ], [ 15.0245819091797, 40.1818046569825 ], [ 15.024584770202599, 40.182361602783303 ], [ 15.024860382080099, 40.182361602783303 ], [ 15.024860382080099, 40.184913635253899 ], [ 15.024860382080099, 40.185138702392699 ], [ 15.024774551391699, 40.185138702392699 ], [ 15.024584770202599, 40.185138702392699 ], [ 15.0245819091797, 40.185417175293097 ], [ 15.0243062973022, 40.185417175293097 ], [ 15.0243062973022, 40.185695648193501 ], [ 15.023750305175801, 40.185695648193501 ], [ 15.023750305175801, 40.186248779296903 ], [ 15.0234718322754, 40.186248779296903 ], [ 15.0234718322754, 40.186527252197301 ], [ 15.0231943130493, 40.186527252197301 ], [ 15.0231943130493, 40.187084197997997 ], [ 15.022915840148899, 40.187084197997997 ], [ 15.022915840148899, 40.187637329101598 ], [ 15.0226383209229, 40.187637329101598 ], [ 15.0226383209229, 40.188194274902401 ], [ 15.0223598480225, 40.188194274902401 ], [ 15.0223598480225, 40.188472747802798 ], [ 15.022084236145099, 40.188472747802798 ], [ 15.022084236145099, 40.188751220703203 ], [ 15.0218057632446, 40.188751220703203 ], [ 15.0218057632446, 40.189304351806697 ], [ 15.0215282440187, 40.189304351806697 ], [ 15.0215282440187, 40.189582824707102 ], [ 15.021249771118301, 40.189582824707102 ], [ 15.021249771118301, 40.190139770507898 ], [ 15.0209722518922, 40.190139770507898 ], [ 15.0209722518922, 40.190418243408303 ], [ 15.0206937789918, 40.190418243408303 ], [ 15.0206937789918, 40.190971374511697 ], [ 15.0204162597657, 40.190971374511697 ], [ 15.0204162597657, 40.191528320312599 ], [ 15.0201377868653, 40.191528320312599 ], [ 15.0201377868653, 40.191806793212997 ], [ 15.0198621749878, 40.191806793212997 ], [ 15.0198621749878, 40.192081451416001 ], [ 15.0195837020875, 40.192085266113402 ], [ 15.0195837020875, 40.192329406738303 ], [ 15.0195837020875, 40.192638397216797 ], [ 15.019306182861399, 40.192638397216797 ], [ 15.019306182861399, 40.192916870117202 ], [ 15.019027709961, 40.192916870117202 ], [ 15.019027709961, 40.193195343017599 ], [ 15.018750190734901, 40.193195343017599 ], [ 15.018750190734901, 40.193748474121101 ], [ 15.018471717834499, 40.193748474121101 ], [ 15.018471717834499, 40.194026947021499 ], [ 15.0181941986085, 40.194026947021499 ], [ 15.0181941986085, 40.194583892822301 ], [ 15.0179157257081, 40.194583892822301 ], [ 15.0179157257081, 40.194862365722699 ], [ 15.0176401138306, 40.194862365722699 ], [ 15.0176401138306, 40.195137023925902 ], [ 15.0173597335816, 40.195137023925902 ], [ 15.0173597335816, 40.195972442627102 ], [ 15.0170841217041, 40.195972442627102 ], [ 15.0170841217041, 40.196529388427798 ], [ 15.0168056488037, 40.196529388427798 ], [ 15.0168056488037, 40.1970825195312 ], [ 15.016528129577599, 40.1970825195312 ], [ 15.016528129577599, 40.197360992431598 ], [ 15.0162496566772, 40.197360992431598 ], [ 15.0162496566772, 40.197639465332003 ], [ 15.015972137451101, 40.197639465332003 ], [ 15.015972137451101, 40.1979179382325 ], [ 15.0154180526735, 40.1979179382325 ], [ 15.0154180526735, 40.198471069335902 ], [ 15.0151376724243, 40.198471069335902 ], [ 15.0151376724243, 40.1987495422363 ], [ 15.0148620605469, 40.1987495422363 ], [ 15.0148620605469, 40.199028015136697 ], [ 15.014306068420501, 40.199028015136697 ], [ 15.014306068420501, 40.199306488037102 ], [ 15.014027595520099, 40.199306488037102 ], [ 15.014027595520099, 40.1995849609375 ], [ 15.013750076294, 40.1995849609375 ], [ 15.013750076294, 40.199859619140703 ], [ 15.0134706497194, 40.199859619140703 ], [ 15.0134706497194, 40.200138092041101 ], [ 15.0131931304932, 40.200138092041101 ], [ 15.0131931304932, 40.200416564941499 ], [ 15.01291847229, 40.200416564941499 ], [ 15.01291847229, 40.200973510742202 ], [ 15.0126399993896, 40.200973510742202 ], [ 15.0126399993896, 40.201248168945398 ], [ 15.0123615264893, 40.201248168945398 ], [ 15.0123615264893, 40.201526641845803 ], [ 15.012083053588899, 40.201526641845803 ], [ 15.012083053588899, 40.2018051147462 ], [ 15.011527061462401, 40.2018051147462 ], [ 15.011527061462401, 40.202362060547003 ], [ 15.0112524032594, 40.202362060547003 ], [ 15.011248588561999, 40.202640533447401 ], [ 15.0109710693359, 40.202640533447401 ], [ 15.0109710693359, 40.202915191650398 ], [ 15.0106954574584, 40.202915191650398 ], [ 15.0106954574584, 40.203193664550803 ], [ 15.010139465332101, 40.203193664550803 ], [ 15.010139465332101, 40.2034721374512 ], [ 15.0098609924316, 40.2034721374512 ], [ 15.0098609924316, 40.203750610351499 ], [ 15.0095834732057, 40.203750610351499 ], [ 15.0095834732057, 40.204029083251903 ], [ 15.0090265274047, 40.204029083251903 ], [ 15.0090265274047, 40.204303741455099 ], [ 15.0084733963013, 40.204303741455099 ], [ 15.0084733963013, 40.204582214355497 ], [ 15.0081949234009, 40.204582214355497 ], [ 15.008193016052401, 40.204860687255902 ], [ 15.007917404174901, 40.204860687255902 ], [ 15.007917404174901, 40.2051391601562 ], [ 15.007638931274499, 40.2051391601562 ], [ 15.007638931274499, 40.205417633056598 ], [ 15.0073614120484, 40.205417633056598 ], [ 15.0073614120484, 40.206249237060597 ], [ 15.007082939148001, 40.206249237060597 ], [ 15.007082939148001, 40.206527709961001 ], [ 15.0068054199219, 40.206527709961001 ], [ 15.0068054199219, 40.206806182861399 ], [ 15.006251335144, 40.206806182861399 ], [ 15.006251335144, 40.207084655761797 ], [ 15.005970954895099, 40.207084655761797 ], [ 15.005970954895099, 40.207359313965 ], [ 15.0057468414307, 40.207359313965 ], [ 15.0054168701172, 40.207359313965 ], [ 15.0054168701172, 40.207637786865298 ], [ 15.0037508010865, 40.207637786865298 ], [ 15.0037508010865, 40.207916259765703 ], [ 15.003473281860501, 40.207916259765703 ], [ 15.003473281860501, 40.208194732666101 ], [ 15.003194808960099, 40.208194732666101 ], [ 15.003194808960099, 40.208751678466903 ], [ 15.002638816833599, 40.208751678466903 ], [ 15.002638816833599, 40.209026336669901 ], [ 15.0023612976075, 40.209026336669901 ], [ 15.0023612976075, 40.209304809570298 ], [ 15.0020847320557, 40.209304809570298 ], [ 15.0020847320557, 40.209583282470703 ], [ 15.001805305481, 40.209583282470703 ], [ 15.001805305481, 40.209861755371101 ], [ 15.0012512207031, 40.209861755371101 ], [ 15.0012512207031, 40.210140228271399 ], [ 15.000695228576699, 40.210140228271399 ], [ 15.000695228576699, 40.210414886474702 ], [ 15.0004167556763, 40.210414886474702 ], [ 15.0004167556763, 40.211250305175803 ], [ 15.000139236450201, 40.211250305175803 ], [ 14.9995822906494, 40.211250305175803 ], [ 14.9995822906494, 40.212360382080099 ], [ 14.9993066787719, 40.212360382080099 ], [ 14.9993066787719, 40.212917327880902 ], [ 14.9962501525879, 40.212917327880902 ], [ 14.9962501525879, 40.2131958007813 ], [ 14.995971679687599, 40.2131958007813 ], [ 14.995971679687599, 40.213748931884901 ], [ 14.9956941604615, 40.213748931884901 ], [ 14.9956941604615, 40.214027404785298 ], [ 14.995415687561101, 40.214027404785298 ], [ 14.995415687561101, 40.214305877685703 ], [ 14.995138168335, 40.214305877685703 ], [ 14.995138168335, 40.214584350586101 ], [ 14.9948616027832, 40.214584350586101 ], [ 14.994859695434601, 40.214862823486399 ], [ 14.994582176208599, 40.214862823486399 ], [ 14.994582176208599, 40.215137481689403 ], [ 14.994305610656699, 40.215137481689403 ], [ 14.994305610656699, 40.215694427490199 ], [ 14.9940280914307, 40.215694427490199 ], [ 14.9940280914307, 40.215972900390597 ], [ 14.9937496185303, 40.215972900390597 ], [ 14.9937496185303, 40.216251373291001 ], [ 14.993472099304199, 40.216251373291001 ], [ 14.993472099304199, 40.216526031494197 ], [ 14.9931936264038, 40.216526031494197 ], [ 14.9931936264038, 40.217082977295 ], [ 14.992916107177701, 40.217082977295 ], [ 14.992916107177701, 40.217361450195398 ], [ 14.992637634277299, 40.217361450195398 ], [ 14.992637634277299, 40.217639923095703 ], [ 14.992083549499601, 40.217639923095703 ], [ 14.992083549499601, 40.217918395996101 ], [ 14.9918060302735, 40.217918395996101 ], [ 14.9918060302735, 40.218193054199297 ], [ 14.990971565246699, 40.218193054199297 ], [ 14.990971565246699, 40.218471527099702 ], [ 14.990139961242701, 40.218471527099702 ], [ 14.990139961242701, 40.21875 ], [ 14.9898624420166, 40.21875 ], [ 14.9898624420166, 40.219028472900398 ], [ 14.9881944656372, 40.219028472900398 ], [ 14.9881944656372, 40.219306945800803 ], [ 14.987917900085399, 40.219306945800803 ], [ 14.987917900085399, 40.219028472900398 ], [ 14.9876365661622, 40.219028472900398 ], [ 14.9876365661622, 40.219306945800803 ], [ 14.987361907958901, 40.219306945800803 ], [ 14.987361907958901, 40.2195816040038 ], [ 14.986248970031699, 40.2195816040038 ], [ 14.986248970031699, 40.219306945800803 ], [ 14.9859714508056, 40.219306945800803 ], [ 14.9859714508056, 40.21875 ], [ 14.986248970031699, 40.21875 ], [ 14.986248970031699, 40.218471527099702 ], [ 14.9865283966066, 40.218471527099702 ], [ 14.9865283966066, 40.217639923095703 ], [ 14.9868059158325, 40.217639923095703 ], [ 14.9868059158325, 40.217082977295 ], [ 14.985695838928301, 40.217082977295 ], [ 14.985695838928301, 40.217361450195398 ], [ 14.9854154586793, 40.217361450195398 ], [ 14.9854154586793, 40.218193054199297 ], [ 14.9851398468018, 40.218193054199297 ], [ 14.9851398468018, 40.218471527099702 ], [ 14.984861373901399, 40.218471527099702 ], [ 14.984861373901399, 40.219028472900398 ], [ 14.984582901001, 40.219028472900398 ], [ 14.984582901001, 40.2195816040038 ], [ 14.984305381775, 40.2195816040038 ], [ 14.984305381775, 40.220138549804801 ], [ 14.9831953048706, 40.220138549804801 ], [ 14.9831953048706, 40.219860076904197 ], [ 14.982083320617701, 40.219860076904197 ], [ 14.982083320617701, 40.2195816040038 ], [ 14.981248855590801, 40.2195816040038 ], [ 14.981248855590801, 40.219306945800803 ], [ 14.980417251586999, 40.219306945800803 ], [ 14.980417251586999, 40.2195816040038 ], [ 14.9770832061768, 40.2195816040038 ], [ 14.9770832061768, 40.219860076904197 ], [ 14.976804733276399, 40.219860076904197 ], [ 14.976804733276399, 40.2195816040038 ], [ 14.976529121398899, 40.2195816040038 ], [ 14.976529121398899, 40.219306945800803 ], [ 14.975694656372101, 40.219306945800803 ], [ 14.975694656372101, 40.2195816040038 ], [ 14.9754171371459, 40.2195816040038 ], [ 14.9754171371459, 40.219860076904197 ], [ 14.973472595214901, 40.219860076904197 ], [ 14.973472595214901, 40.220138549804801 ], [ 14.972638130188001, 40.220138549804801 ], [ 14.972638130188001, 40.220417022705199 ], [ 14.972363471984901, 40.220417022705199 ], [ 14.972363471984901, 40.220695495605597 ], [ 14.971529006958001, 40.220695495605597 ], [ 14.971529006958001, 40.220973968506001 ], [ 14.9706935882568, 40.220973968506001 ], [ 14.9706935882568, 40.221248626708999 ], [ 14.969028472900501, 40.221248626708999 ], [ 14.969028472900501, 40.221527099609403 ], [ 14.96875, 40.221527099609403 ], [ 14.96875, 40.221805572509801 ], [ 14.9684715270996, 40.221805572509801 ], [ 14.9684715270996, 40.222084045410199 ], [ 14.968194007873601, 40.222084045410199 ], [ 14.968194007873601, 40.222362518310497 ], [ 14.9676380157472, 40.222362518310497 ], [ 14.9676380157472, 40.2226371765137 ], [ 14.9673624038697, 40.2226371765137 ], [ 14.9673624038697, 40.223194122314503 ], [ 14.9670820236207, 40.223194122314503 ], [ 14.9670820236207, 40.223472595214901 ], [ 14.9668064117432, 40.223472595214901 ], [ 14.9668064117432, 40.223751068115298 ], [ 14.9665279388428, 40.223751068115298 ], [ 14.9665279388428, 40.224304199218899 ], [ 14.9662504196168, 40.224304199218899 ], [ 14.9662504196168, 40.224861145019602 ], [ 14.9656944274903, 40.224861145019602 ], [ 14.9656944274903, 40.225692749023402 ], [ 14.965415954589901, 40.225692749023402 ], [ 14.965415954589901, 40.2259712219238 ], [ 14.9645843505859, 40.2259712219238 ], [ 14.9645843505859, 40.226528167724702 ], [ 14.964305877685501, 40.226528167724702 ], [ 14.964305877685501, 40.226806640625099 ], [ 14.9637498855591, 40.226806640625099 ], [ 14.9637498855591, 40.227085113525497 ], [ 14.963193893432599, 40.227085113525497 ], [ 14.963193893432599, 40.227359771728501 ], [ 14.962639808654901, 40.227359771728501 ], [ 14.962639808654901, 40.227638244628899 ], [ 14.9623622894288, 40.227638244628899 ], [ 14.9623622894288, 40.227916717529297 ], [ 14.9620838165284, 40.227916717529297 ], [ 14.9620838165284, 40.228195190429702 ], [ 14.9623622894288, 40.228195190429702 ], [ 14.9623622894288, 40.228473663330099 ], [ 14.961806297302299, 40.228473663330099 ], [ 14.961806297302299, 40.228748321533303 ], [ 14.9615278244019, 40.228748321533303 ], [ 14.9615278244019, 40.2290267944337 ], [ 14.9609718322754, 40.2290267944337 ], [ 14.9609718322754, 40.229305267333999 ], [ 14.960417747497599, 40.229305267333999 ], [ 14.960417747497599, 40.229583740234403 ], [ 14.959861755371101, 40.229583740234403 ], [ 14.959861755371101, 40.229305267333999 ], [ 14.959584236145, 40.229305267333999 ], [ 14.959584236145, 40.229583740234403 ], [ 14.9593057632446, 40.229583740234403 ], [ 14.9593057632446, 40.229862213134801 ], [ 14.959027290344199, 40.229862213134801 ], [ 14.959027290344199, 40.230415344238402 ], [ 14.9587488174438, 40.230415344238402 ], [ 14.9587488174438, 40.2306938171388 ], [ 14.9579153060913, 40.2306938171388 ], [ 14.9579153060913, 40.230972290039198 ], [ 14.9573612213134, 40.230972290039198 ], [ 14.9573612213134, 40.231250762939602 ], [ 14.956805229187101, 40.231250762939602 ], [ 14.956805229187101, 40.231529235839901 ], [ 14.9562492370607, 40.231529235839901 ], [ 14.9562492370607, 40.231803894042997 ], [ 14.955693244934199, 40.231803894042997 ], [ 14.955693244934199, 40.232082366943402 ], [ 14.955416679382401, 40.232082366943402 ], [ 14.955416679382401, 40.2323608398437 ], [ 14.955206871032701, 40.2323608398437 ], [ 14.954583168029799, 40.2323608398437 ], [ 14.954583168029799, 40.232082366943402 ], [ 14.952361106872599, 40.232082366943402 ], [ 14.952361106872599, 40.2323608398437 ], [ 14.951805114746101, 40.2323608398437 ], [ 14.951805114746101, 40.232639312744098 ], [ 14.950972557068001, 40.232639312744098 ], [ 14.950972557068001, 40.2323608398437 ], [ 14.9506950378419, 40.2323608398437 ], [ 14.9506950378419, 40.232639312744098 ], [ 14.9498605728151, 40.232639312744098 ], [ 14.9498605728151, 40.232917785644602 ], [ 14.9473609924316, 40.232917785644602 ], [ 14.9473609924316, 40.233196258545 ], [ 14.946525573730501, 40.233196258545 ], [ 14.946525573730501, 40.232917785644602 ], [ 14.945973396301399, 40.232917785644602 ], [ 14.945973396301399, 40.232639312744098 ], [ 14.9451379776, 40.232639312744098 ], [ 14.9451379776, 40.232917785644602 ], [ 14.9443073272706, 40.232917785644602 ], [ 14.9443073272706, 40.233196258545 ], [ 14.9429159164429, 40.233196258545 ], [ 14.9429159164429, 40.232917785644602 ], [ 14.941805839538601, 40.232917785644602 ], [ 14.941805839538601, 40.233196258545 ], [ 14.940416336059601, 40.233196258545 ], [ 14.940416336059601, 40.232917785644602 ], [ 14.9393062591554, 40.232917785644602 ], [ 14.9393062591554, 40.232639312744098 ], [ 14.939027786255, 40.232639312744098 ], [ 14.939027786255, 40.232082366943402 ], [ 14.9384717941285, 40.232082366943402 ], [ 14.9384717941285, 40.231803894042997 ], [ 14.9381942749025, 40.231803894042997 ], [ 14.9381942749025, 40.231529235839901 ], [ 14.937915802002101, 40.231529235839901 ], [ 14.937915802002101, 40.231250762939602 ], [ 14.9378318786621, 40.231250762939602 ], [ 14.937640190124601, 40.231250762939602 ], [ 14.937640190124601, 40.229515075683601 ], [ 14.937640190124601, 40.228748321533303 ], [ 14.9373598098756, 40.228748321533303 ], [ 14.9373598098756, 40.228195190429702 ], [ 14.9365282058716, 40.228195190429702 ], [ 14.9365282058716, 40.227916717529297 ], [ 14.935972213745099, 40.227916717529297 ], [ 14.935972213745099, 40.228195190429702 ], [ 14.934583663940399, 40.228195190429702 ], [ 14.934583663940399, 40.228473663330099 ], [ 14.9343061447143, 40.228473663330099 ], [ 14.9343061447143, 40.228748321533303 ], [ 14.934027671813899, 40.228748321533303 ], [ 14.934027671813899, 40.228473663330099 ], [ 14.9329175949097, 40.228473663330099 ], [ 14.9329175949097, 40.228748321533303 ], [ 14.932640075683601, 40.228748321533303 ], [ 14.932640075683601, 40.2290267944337 ], [ 14.932361602783301, 40.2290267944337 ], [ 14.932361602783301, 40.229583740234403 ], [ 14.931248664856, 40.229583740234403 ], [ 14.931248664856, 40.229862213134801 ], [ 14.930417060851999, 40.229862213134801 ], [ 14.930417060851999, 40.230140686035199 ], [ 14.930138587951699, 40.230140686035199 ], [ 14.930138587951699, 40.230415344238402 ], [ 14.9293050765991, 40.230415344238402 ], [ 14.9293050765991, 40.2306938171388 ], [ 14.9290266036987, 40.2306938171388 ], [ 14.9290266036987, 40.230972290039198 ], [ 14.9284734725953, 40.230972290039198 ], [ 14.9284734725953, 40.231250762939602 ], [ 14.9273605346681, 40.231250762939602 ], [ 14.9273605346681, 40.231529235839901 ], [ 14.9256954193116, 40.231529235839901 ], [ 14.9256954193116, 40.231803894042997 ], [ 14.925139427185099, 40.231803894042997 ], [ 14.925139427185099, 40.232082366943402 ], [ 14.9248609542847, 40.232082366943402 ], [ 14.9248609542847, 40.2323608398437 ], [ 14.924583435058601, 40.2323608398437 ], [ 14.924583435058601, 40.232639312744098 ], [ 14.924304962158301, 40.232639312744098 ], [ 14.924304962158301, 40.232917785644602 ], [ 14.9240274429321, 40.232917785644602 ], [ 14.9240274429321, 40.233196258545 ], [ 14.9237508773804, 40.233196258545 ], [ 14.9237508773804, 40.233470916747997 ], [ 14.923473358154199, 40.233470916747997 ], [ 14.923473358154199, 40.233749389648402 ], [ 14.9223613739013, 40.233749389648402 ], [ 14.9223613739013, 40.2340278625488 ], [ 14.921805381775, 40.2340278625488 ], [ 14.921805381775, 40.234306335449197 ], [ 14.921528816223301, 40.234306335449197 ], [ 14.921528816223301, 40.234584808349602 ], [ 14.921251296997101, 40.234584808349602 ], [ 14.921251296997101, 40.234859466552798 ], [ 14.920972824096699, 40.234859466552798 ], [ 14.920972824096699, 40.235137939453203 ], [ 14.9204168319703, 40.235137939453203 ], [ 14.9204168319703, 40.235416412353601 ], [ 14.920139312744199, 40.235416412353601 ], [ 14.920139312744199, 40.235973358154403 ], [ 14.9198608398438, 40.235973358154403 ], [ 14.9198608398438, 40.236251831054702 ], [ 14.9195823669434, 40.236251831054702 ], [ 14.9195823669434, 40.236526489257898 ], [ 14.9181938171387, 40.236526489257898 ], [ 14.9181938171387, 40.236251831054702 ], [ 14.917360305786101, 40.236251831054702 ], [ 14.917360305786101, 40.236526489257898 ], [ 14.9168043136597, 40.236526489257898 ], [ 14.9168043136597, 40.236804962158303 ], [ 14.916527748107899, 40.236804962158303 ], [ 14.916527748107899, 40.2370834350587 ], [ 14.915971755981399, 40.2370834350587 ], [ 14.915971755981399, 40.237361907959098 ], [ 14.915694236755501, 40.237361907959098 ], [ 14.915694236755501, 40.237640380859503 ], [ 14.915415763855099, 40.237640380859503 ], [ 14.915415763855099, 40.2379150390625 ], [ 14.915138244629, 40.2379150390625 ], [ 14.915138244629, 40.238193511962898 ], [ 14.914859771728599, 40.238193511962898 ], [ 14.914859771728599, 40.238471984863303 ], [ 14.914584159851101, 40.238471984863303 ], [ 14.914584159851101, 40.238750457763601 ], [ 14.9143056869507, 40.238750457763601 ], [ 14.9143056869507, 40.239028930663999 ], [ 14.9140281677247, 40.239028930663999 ], [ 14.9140281677247, 40.239582061767599 ], [ 14.9137496948243, 40.239582061767599 ], [ 14.9137496948243, 40.239860534667997 ], [ 14.9134721755982, 40.239860534667997 ], [ 14.9134721755982, 40.240139007568402 ], [ 14.9131937026978, 40.240139007568402 ], [ 14.9131937026978, 40.2404174804688 ], [ 14.912916183471699, 40.2404174804688 ], [ 14.912916183471699, 40.240695953369098 ], [ 14.9126377105713, 40.240695953369098 ], [ 14.9126377105713, 40.241249084472699 ], [ 14.9123620986938, 40.241249084472699 ], [ 14.9123620986938, 40.242084503173899 ], [ 14.9120836257935, 40.242084503173899 ], [ 14.9120836257935, 40.242362976074297 ], [ 14.911806106567401, 40.242362976074297 ], [ 14.911806106567401, 40.2426376342775 ], [ 14.911527633666999, 40.2426376342775 ], [ 14.911527633666999, 40.242916107177798 ], [ 14.910971641540501, 40.242916107177798 ], [ 14.910971641540501, 40.243194580078203 ], [ 14.9087495803834, 40.243194580078203 ], [ 14.9087495803834, 40.243473052978601 ], [ 14.9079179763794, 40.243473052978601 ], [ 14.9079179763794, 40.244583129882798 ], [ 14.9076375961304, 40.244583129882798 ], [ 14.9076375961304, 40.246528625488303 ], [ 14.907361984252899, 40.246528625488303 ], [ 14.907361984252899, 40.2468070983887 ], [ 14.9070844650269, 40.2468070983887 ], [ 14.9070844650269, 40.247081756591903 ], [ 14.9068059921265, 40.247081756591903 ], [ 14.9068059921265, 40.2484741210938 ], [ 14.9065284729004, 40.2484741210938 ], [ 14.9065284729004, 40.249305725097798 ], [ 14.90625, 40.249305725097798 ], [ 14.90625, 40.250137329101598 ], [ 14.9059705734253, 40.250137329101598 ], [ 14.9059705734253, 40.250694274902301 ], [ 14.905693054199199, 40.250694274902301 ], [ 14.905693054199199, 40.250972747802699 ], [ 14.9054145812988, 40.250972747802699 ], [ 14.9054145812988, 40.251251220703097 ], [ 14.9048624038697, 40.251251220703097 ], [ 14.9048624038697, 40.251804351806697 ], [ 14.904582977294901, 40.251804351806697 ], [ 14.904582977294901, 40.252841949462997 ], [ 14.904582977294901, 40.253192901611399 ], [ 14.9048624038697, 40.253192901611399 ], [ 14.9048624038697, 40.253471374511797 ], [ 14.9054145812988, 40.253471374511797 ], [ 14.9054145812988, 40.253749847412202 ], [ 14.905693054199199, 40.253749847412202 ], [ 14.905693054199199, 40.2540283203125 ], [ 14.90625, 40.2540283203125 ], [ 14.90625, 40.254306793212898 ], [ 14.906742095947299, 40.254306793212898 ], [ 14.90709400177, 40.254306793212898 ], [ 14.9079179763794, 40.254306793212898 ], [ 14.9079179763794, 40.254581451416001 ], [ 14.9081935882569, 40.254581451416001 ], [ 14.9081935882569, 40.2548599243163 ], [ 14.9087495803834, 40.2548599243163 ], [ 14.9087495803834, 40.255138397216903 ], [ 14.9090280532837, 40.255138397216903 ], [ 14.9090280532837, 40.255416870117301 ], [ 14.909305572509901, 40.255416870117301 ], [ 14.909305572509901, 40.255695343017699 ], [ 14.9095840454103, 40.255695343017699 ], [ 14.9095840454103, 40.256237030029403 ], [ 14.9095840454103, 40.256385803222599 ], [ 14.9095840454103, 40.257362365722699 ], [ 14.910140037536699, 40.257362365722699 ], [ 14.910140037536699, 40.257637023925803 ], [ 14.9112501144409, 40.257637023925803 ], [ 14.9112501144409, 40.2579154968262 ], [ 14.912006378173899, 40.2579154968262 ], [ 14.9123620986938, 40.2579154968262 ], [ 14.9123620986938, 40.258193969726598 ], [ 14.9124460220337, 40.258193969726598 ], [ 14.9131937026978, 40.258193969726598 ], [ 14.9131937026978, 40.258472442627003 ], [ 14.9140281677247, 40.258472442627003 ], [ 14.9140281677247, 40.258750915527401 ], [ 14.914859771728599, 40.258750915527401 ], [ 14.914859771728599, 40.259029388427699 ], [ 14.915415763855099, 40.259029388427699 ], [ 14.915415763855099, 40.259304046631001 ], [ 14.9162502288819, 40.259304046631001 ], [ 14.9162502288819, 40.259582519531399 ], [ 14.916527748107899, 40.259582519531399 ], [ 14.916527748107899, 40.259860992431797 ], [ 14.9168043136597, 40.259860992431797 ], [ 14.9168043136597, 40.260139465332102 ], [ 14.917360305786101, 40.260139465332102 ], [ 14.917360305786101, 40.2604179382325 ], [ 14.917916297912599, 40.2604179382325 ], [ 14.917916297912599, 40.260692596435497 ], [ 14.918750762939499, 40.260692596435497 ], [ 14.918750762939499, 40.2612495422363 ], [ 14.9195823669434, 40.2612495422363 ], [ 14.9195823669434, 40.261528015136797 ], [ 14.920139312744199, 40.261528015136797 ], [ 14.920139312744199, 40.261806488037202 ], [ 14.9204168319703, 40.261806488037202 ], [ 14.9204168319703, 40.262084960937599 ], [ 14.921805381775, 40.262084960937599 ], [ 14.921805381775, 40.262359619140597 ], [ 14.9223613739013, 40.262359619140597 ], [ 14.9223613739013, 40.262916564941399 ], [ 14.922638893127401, 40.262916564941399 ], [ 14.922638893127401, 40.263473510742202 ], [ 14.9229173660278, 40.263473510742202 ], [ 14.9229173660278, 40.264026641845803 ], [ 14.922638893127401, 40.264026641845803 ], [ 14.922638893127401, 40.264583587646499 ], [ 14.9229173660278, 40.264583587646499 ], [ 14.9229173660278, 40.264804840087898 ], [ 14.9229173660278, 40.265140533447301 ], [ 14.923473358154199, 40.265155792236399 ], [ 14.923473358154199, 40.265415191650497 ], [ 14.9238834381104, 40.265415191650497 ], [ 14.9240274429321, 40.265415191650497 ], [ 14.9240274429321, 40.265506744384801 ], [ 14.9240274429321, 40.265693664550902 ], [ 14.924323081970201, 40.265693664550902 ], [ 14.924583435058601, 40.265693664550902 ], [ 14.924583435058601, 40.265857696533203 ], [ 14.924583435058601, 40.2659721374513 ], [ 14.924762725830201, 40.2659721374513 ], [ 14.9248609542847, 40.266033172607401 ], [ 14.9248609542847, 40.266250610351698 ], [ 14.925204277038601, 40.266250610351698 ], [ 14.9254169464112, 40.266250610351698 ], [ 14.9254169464112, 40.266384124756001 ], [ 14.9254169464112, 40.266529083252003 ], [ 14.9256954193116, 40.266559600830199 ], [ 14.9256954193116, 40.266803741455099 ], [ 14.9260807037353, 40.266803741455099 ], [ 14.926527023315501, 40.266803741455099 ], [ 14.926527023315501, 40.267082214355497 ], [ 14.9318046569825, 40.267082214355497 ], [ 14.9318046569825, 40.266803741455099 ], [ 14.9320840835572, 40.266803741455099 ], [ 14.9320840835572, 40.267082214355497 ], [ 14.932640075683601, 40.267082214355497 ], [ 14.932640075683601, 40.268074035644503 ], [ 14.932640075683601, 40.268196105957102 ], [ 14.934027671813899, 40.268196105957102 ], [ 14.934027671813899, 40.268470764160199 ], [ 14.9343061447143, 40.268470764160199 ], [ 14.9343061447143, 40.268749237060497 ], [ 14.934583663940399, 40.268749237060497 ], [ 14.934583663940399, 40.269027709960902 ], [ 14.934862136840801, 40.269027709960902 ], [ 14.934862136840801, 40.2693061828613 ], [ 14.9353790283203, 40.2693061828613 ], [ 14.9356937408447, 40.2693061828613 ], [ 14.9356937408447, 40.269584655761697 ], [ 14.9365282058716, 40.269584655761697 ], [ 14.9365282058716, 40.269859313964901 ], [ 14.936805725097701, 40.269859313964901 ], [ 14.936805725097701, 40.270633697509801 ], [ 14.936805725097701, 40.271251678466903 ], [ 14.9373598098756, 40.271251678466903 ], [ 14.9373598098756, 40.27152633667 ], [ 14.937640190124601, 40.27152633667 ], [ 14.937640190124601, 40.271804809570398 ], [ 14.937915802002101, 40.271804809570398 ], [ 14.937915802002101, 40.272083282470803 ], [ 14.9384717941285, 40.272083282470803 ], [ 14.9384717941285, 40.2723617553712 ], [ 14.938750267028899, 40.2723617553712 ], [ 14.938750267028899, 40.272914886474602 ], [ 14.9393062591554, 40.272914886474602 ], [ 14.9393062591554, 40.273193359375 ], [ 14.9395837783815, 40.273193359375 ], [ 14.9395837783815, 40.273750305175703 ], [ 14.9398622512819, 40.273750305175703 ], [ 14.9398622512819, 40.274028778076101 ], [ 14.940416336059601, 40.274028778076101 ], [ 14.940416336059601, 40.274307250976698 ], [ 14.940972328186, 40.274307250976698 ], [ 14.940972328186, 40.274581909179702 ], [ 14.9412498474121, 40.274581909179702 ], [ 14.9412498474121, 40.274860382080099 ], [ 14.9423637390137, 40.274860382080099 ], [ 14.9426383972169, 40.274860382080099 ], [ 14.9426383972169, 40.275058746337898 ], [ 14.9426383972169, 40.275138854980497 ], [ 14.942752838134799, 40.275138854980497 ], [ 14.943194389343301, 40.275138854980497 ], [ 14.943194389343301, 40.275417327880902 ], [ 14.9434719085694, 40.275417327880902 ], [ 14.9434719085694, 40.275653839111399 ], [ 14.9434719085694, 40.275970458984403 ], [ 14.943750381469799, 40.275970458984403 ], [ 14.943750381469799, 40.276527404785199 ], [ 14.9440279006959, 40.276527404785199 ], [ 14.9440279006959, 40.276805877685597 ], [ 14.9443073272706, 40.276805877685597 ], [ 14.9443073272706, 40.277637481689602 ], [ 14.944581985473601, 40.277637481689602 ], [ 14.944581985473601, 40.279026031494098 ], [ 14.9448604583741, 40.279026031494098 ], [ 14.9448604583741, 40.280139923095597 ], [ 14.9451379776, 40.280139923095597 ], [ 14.9451379776, 40.282081604003999 ], [ 14.945416450500399, 40.282081604003999 ], [ 14.945416450500399, 40.282638549804702 ], [ 14.9451379776, 40.282638549804702 ], [ 14.9451379776, 40.282917022705099 ], [ 14.9448604583741, 40.282917022705099 ], [ 14.9448604583741, 40.284027099609503 ], [ 14.944581985473601, 40.284027099609503 ], [ 14.944581985473601, 40.285972595214801 ], [ 14.945416450500399, 40.285972595214801 ], [ 14.945416450500399, 40.287361145019602 ], [ 14.9451379776, 40.287361145019602 ], [ 14.9451379776, 40.288749694824297 ], [ 14.945416450500399, 40.288749694824297 ], [ 14.945416450500399, 40.289859771728501 ], [ 14.945694923401, 40.289859771728501 ], [ 14.945694923401, 40.290695190429801 ], [ 14.945416450500399, 40.290695190429801 ], [ 14.945416450500399, 40.291805267333999 ], [ 14.9451379776, 40.291805267333999 ], [ 14.9451379776, 40.293472290039098 ], [ 14.945416450500399, 40.293472290039098 ], [ 14.945416450500399, 40.294582366943501 ], [ 14.945973396301399, 40.294582366943501 ], [ 14.945973396301399, 40.294860839843899 ], [ 14.946525573730501, 40.294860839843899 ], [ 14.946525573730501, 40.300415039062599 ], [ 14.9468069076538, 40.300415039062599 ], [ 14.9468069076538, 40.300693511962997 ], [ 14.946525573730501, 40.300693511962997 ], [ 14.946525573730501, 40.301528930664098 ], [ 14.9468069076538, 40.301528930664098 ], [ 14.9468069076538, 40.303470611572301 ], [ 14.946525573730501, 40.303470611572301 ], [ 14.946525573730501, 40.303749084472699 ], [ 14.9468069076538, 40.303749084472699 ], [ 14.9468069076538, 40.306251525878999 ], [ 14.946525573730501, 40.306251525878999 ], [ 14.946525573730501, 40.3068046569825 ], [ 14.946250915527299, 40.3068046569825 ], [ 14.946250915527299, 40.3076400756837 ], [ 14.945973396301399, 40.3076400756837 ], [ 14.945973396301399, 40.309028625488203 ], [ 14.945694923401, 40.309028625488203 ], [ 14.945694923401, 40.309860229492202 ], [ 14.945416450500399, 40.309860229492202 ], [ 14.945416450500399, 40.311527252197301 ], [ 14.9451379776, 40.311527252197301 ], [ 14.9451379776, 40.312084197998097 ], [ 14.9448604583741, 40.312084197998097 ], [ 14.9448604583741, 40.312362670898501 ], [ 14.944581985473601, 40.312362670898501 ], [ 14.944581985473601, 40.312637329101698 ], [ 14.9443073272706, 40.312637329101698 ], [ 14.9443073272706, 40.312915802002102 ], [ 14.9440279006959, 40.312915802002102 ], [ 14.9440279006959, 40.3131942749025 ], [ 14.943750381469799, 40.3131942749025 ], [ 14.943750381469799, 40.313472747802798 ], [ 14.9434719085694, 40.313472747802798 ], [ 14.9434719085694, 40.313751220703203 ], [ 14.943194389343301, 40.313751220703203 ], [ 14.943194389343301, 40.3140258789062 ], [ 14.9426383972169, 40.3140258789062 ], [ 14.9426383972169, 40.313751220703203 ], [ 14.9423599243165, 40.313751220703203 ], [ 14.9423599243165, 40.3140258789062 ], [ 14.942084312439, 40.314029693603601 ], [ 14.942084312439, 40.314304351806598 ], [ 14.9415283203125, 40.314304351806598 ], [ 14.9415283203125, 40.314582824707003 ], [ 14.9412498474121, 40.314582824707003 ], [ 14.9412498474121, 40.315418243408097 ], [ 14.940972328186, 40.315418243408097 ], [ 14.940972328186, 40.315692901611399 ], [ 14.940416336059601, 40.315692901611399 ], [ 14.940416336059601, 40.315971374511797 ], [ 14.940137863159199, 40.315971374511797 ], [ 14.940137863159199, 40.316249847412102 ], [ 14.9398622512819, 40.316249847412102 ], [ 14.9398622512819, 40.3165283203125 ], [ 14.9395837783815, 40.3165283203125 ], [ 14.9395837783815, 40.316806793212898 ], [ 14.9393062591554, 40.316806793212898 ], [ 14.9393062591554, 40.317081451416101 ], [ 14.9384717941285, 40.317085266113303 ], [ 14.9384717941285, 40.317359924316499 ], [ 14.9381942749025, 40.317359924316499 ], [ 14.9381942749025, 40.317638397216903 ], [ 14.937915802002101, 40.317638397216903 ], [ 14.937915802002101, 40.317916870117202 ], [ 14.9381942749025, 40.317916870117202 ], [ 14.9381942749025, 40.3187484741212 ], [ 14.9384717941285, 40.3187484741212 ], [ 14.9384717941285, 40.319026947021598 ], [ 14.938750267028899, 40.319026947021598 ], [ 14.938750267028899, 40.319305419922003 ], [ 14.939027786255, 40.319305419922003 ], [ 14.939027786255, 40.319583892822401 ], [ 14.9393062591554, 40.319583892822401 ], [ 14.9393062591554, 40.319862365722798 ], [ 14.940416336059601, 40.319862365722798 ], [ 14.940416336059601, 40.320041656494098 ], [ 14.940416336059601, 40.320137023925803 ], [ 14.9406938552856, 40.320137023925803 ], [ 14.9406938552856, 40.320693969726598 ], [ 14.940972328186, 40.320693969726598 ], [ 14.940972328186, 40.321529388427699 ], [ 14.9412498474121, 40.321529388427699 ], [ 14.9412498474121, 40.322360992431697 ], [ 14.9415283203125, 40.322360992431697 ], [ 14.9415283203125, 40.325035095215 ], [ 14.9415283203125, 40.327362060546903 ], [ 14.941805839538601, 40.327362060546903 ], [ 14.941805839538601, 40.327915191650398 ], [ 14.942084312439, 40.327915191650398 ], [ 14.942084312439, 40.330696105957102 ], [ 14.9423599243165, 40.330696105957102 ], [ 14.9423599243165, 40.331249237060497 ], [ 14.9426383972169, 40.331249237060497 ], [ 14.9426383972169, 40.331806182861399 ], [ 14.9429159164429, 40.331806182861399 ], [ 14.9429159164429, 40.332084655761797 ], [ 14.943194389343301, 40.332084655761797 ], [ 14.943194389343301, 40.332637786865199 ], [ 14.9434719085694, 40.332637786865199 ], [ 14.9434719085694, 40.332916259765597 ], [ 14.943750381469799, 40.332916259765597 ], [ 14.943750381469799, 40.333023071289198 ], [ 14.943750381469799, 40.333751678466797 ], [ 14.9440279006959, 40.333751678466797 ], [ 14.9440279006959, 40.3348617553712 ], [ 14.9443073272706, 40.3348617553712 ], [ 14.9443073272706, 40.335414886474702 ], [ 14.944581985473601, 40.335414886474702 ], [ 14.944581985473601, 40.335971832275497 ], [ 14.9448604583741, 40.335971832275497 ], [ 14.9448604583741, 40.336250305175902 ], [ 14.9451379776, 40.336250305175902 ], [ 14.9451379776, 40.3365287780762 ], [ 14.945694923401, 40.3365287780762 ], [ 14.945694923401, 40.336635589599602 ], [ 14.945694923401, 40.336807250976598 ], [ 14.9458017349244, 40.336807250976598 ], [ 14.9468069076538, 40.336807250976598 ], [ 14.9468069076538, 40.337081909179702 ], [ 14.9473609924316, 40.337081909179702 ], [ 14.9473609924316, 40.33736038208 ], [ 14.948748588562101, 40.33736038208 ], [ 14.948748588562101, 40.337081909179702 ], [ 14.949583053588899, 40.337081909179702 ], [ 14.949583053588899, 40.336807250976598 ], [ 14.9506950378419, 40.336807250976598 ], [ 14.9506950378419, 40.3365287780762 ], [ 14.951805114746101, 40.3365287780762 ], [ 14.951805114746101, 40.336807250976598 ], [ 14.952361106872599, 40.336807250976598 ], [ 14.952361106872599, 40.337081909179702 ], [ 14.952638626098601, 40.337081909179702 ], [ 14.952638626098601, 40.337638854980398 ], [ 14.952917098999, 40.337638854980398 ], [ 14.952917098999, 40.338783264160099 ], [ 14.952917098999, 40.339305877685497 ], [ 14.953473091125501, 40.339305877685497 ], [ 14.953473091125501, 40.339584350585902 ], [ 14.953667640686101, 40.339584350585902 ], [ 14.954583168029799, 40.339584350585902 ], [ 14.954583168029799, 40.3398628234863 ], [ 14.9566030502319, 40.3398628234863 ], [ 14.957638740539499, 40.3398628234863 ], [ 14.957638740539499, 40.340137481689503 ], [ 14.9581956863403, 40.340137481689503 ], [ 14.9581956863403, 40.340415954589901 ], [ 14.959027290344199, 40.340415954589901 ], [ 14.959027290344199, 40.340694427490298 ], [ 14.959584236145, 40.340694427490298 ], [ 14.959584236145, 40.340972900390703 ], [ 14.9609718322754, 40.340972900390703 ], [ 14.9609718322754, 40.340694427490298 ], [ 14.9623622894288, 40.340694427490298 ], [ 14.9623622894288, 40.340415954589901 ], [ 14.963193893432599, 40.340415954589901 ], [ 14.963193893432599, 40.340137481689503 ], [ 14.965386390686, 40.340137481689503 ], [ 14.968194007873601, 40.340137481689503 ], [ 14.968194007873601, 40.340415954589901 ], [ 14.9684715270996, 40.340415954589901 ], [ 14.9684715270996, 40.340694427490298 ], [ 14.969028472900501, 40.340694427490298 ], [ 14.969028472900501, 40.340972900390703 ], [ 14.969305992126399, 40.340972900390703 ], [ 14.969305992126399, 40.341251373291101 ], [ 14.969584465026999, 40.341251373291101 ], [ 14.969584465026999, 40.341526031494197 ], [ 14.9698600769043, 40.341526031494197 ], [ 14.9698600769043, 40.341701507568501 ], [ 14.9698600769043, 40.341804504394602 ], [ 14.970043182373001, 40.341804504394602 ], [ 14.970416069030801, 40.341804504394602 ], [ 14.970416069030801, 40.342082977295 ], [ 14.970537185668899, 40.342082977295 ], [ 14.9706935882568, 40.342082977295 ], [ 14.9706935882568, 40.342361450195398 ], [ 14.9709720611572, 40.342361450195398 ], [ 14.9709720611572, 40.342639923095803 ], [ 14.9712495803834, 40.342639923095803 ], [ 14.9712495803834, 40.3429183959962 ], [ 14.971529006958001, 40.3429183959962 ], [ 14.971529006958001, 40.343471527099602 ], [ 14.9718065261841, 40.343471527099602 ], [ 14.9718065261841, 40.344028472900298 ], [ 14.9720821380616, 40.344028472900298 ], [ 14.9720821380616, 40.344860076904297 ], [ 14.9718065261841, 40.344860076904297 ], [ 14.9718065261841, 40.346378326416001 ], [ 14.9718065261841, 40.346527099609403 ], [ 14.9721536636353, 40.346527099609403 ], [ 14.972363471984901, 40.346527099609403 ], [ 14.972363471984901, 40.3466186523438 ], [ 14.972363471984901, 40.346805572509801 ], [ 14.972794532775801, 40.346805572509801 ], [ 14.9729166030884, 40.346858978271598 ], [ 14.9729166030884, 40.347084045410199 ], [ 14.9731950759888, 40.347084045410199 ], [ 14.9731950759888, 40.347362518310597 ], [ 14.973472595214901, 40.347362518310597 ], [ 14.973472595214901, 40.3476371765138 ], [ 14.9737510681153, 40.3476371765138 ], [ 14.9737510681153, 40.347915649414198 ], [ 14.974028587341399, 40.347915649414198 ], [ 14.974028587341399, 40.348194122314602 ], [ 14.9743051528932, 40.348194122314602 ], [ 14.9743051528932, 40.348472595215 ], [ 14.9745826721191, 40.348472595215 ], [ 14.9745826721191, 40.348751068115298 ], [ 14.974861145019499, 40.348751068115298 ], [ 14.974861145019499, 40.349029541015703 ], [ 14.975138664245501, 40.349029541015703 ], [ 14.975138664245501, 40.3493041992188 ], [ 14.975694656372101, 40.3493041992188 ], [ 14.975694656372101, 40.349582672119098 ], [ 14.976804733276399, 40.349582672119098 ], [ 14.976804733276399, 40.350139617919901 ], [ 14.9770832061768, 40.350139617919901 ], [ 14.9770832061768, 40.350418090820298 ], [ 14.9773607254029, 40.350418090820298 ], [ 14.9773607254029, 40.350692749023501 ], [ 14.9779167175294, 40.350692749023501 ], [ 14.9779167175294, 40.350971221923899 ], [ 14.9784708023072, 40.350971221923899 ], [ 14.978472709655801, 40.352085113525398 ], [ 14.9787511825562, 40.352085113525398 ], [ 14.9787511825562, 40.352638244628999 ], [ 14.9790267944337, 40.352638244628999 ], [ 14.9790267944337, 40.352916717529403 ], [ 14.9793052673341, 40.352916717529403 ], [ 14.9793052673341, 40.353195190429702 ], [ 14.9798612594606, 40.353195190429702 ], [ 14.9798612594606, 40.353473663330099 ], [ 14.9801387786866, 40.353473663330099 ], [ 14.9801387786866, 40.353748321533303 ], [ 14.980417251586999, 40.353748321533303 ], [ 14.980417251586999, 40.3540267944337 ], [ 14.9806947708131, 40.3540267944337 ], [ 14.9806947708131, 40.354305267334098 ], [ 14.981248855590801, 40.354305267334098 ], [ 14.981248855590801, 40.354583740234503 ], [ 14.982083320617701, 40.354583740234503 ], [ 14.982083320617701, 40.354305267334098 ], [ 14.9823608398438, 40.354305267334098 ], [ 14.9823608398438, 40.3540267944337 ], [ 14.982916831970201, 40.3540267944337 ], [ 14.982916831970201, 40.353748321533303 ], [ 14.9826393127441, 40.353748321533303 ], [ 14.9826393127441, 40.353195190429702 ], [ 14.9823608398438, 40.353195190429702 ], [ 14.9823608398438, 40.352638244628999 ], [ 14.982083320617701, 40.352638244628999 ], [ 14.982083320617701, 40.352359771728601 ], [ 14.981804847717299, 40.352359771728601 ], [ 14.981804847717299, 40.351528167724602 ], [ 14.983695983886699, 40.351528167724602 ], [ 14.9837493896485, 40.351249694824197 ], [ 14.9851398468018, 40.351249694824197 ], [ 14.9851398468018, 40.351528167724602 ], [ 14.9854154586793, 40.351528167724602 ], [ 14.9854154586793, 40.352085113525398 ], [ 14.9851398468018, 40.352085113525398 ], [ 14.9851398468018, 40.352359771728601 ], [ 14.984861373901399, 40.352359771728601 ], [ 14.984861373901399, 40.352916717529403 ], [ 14.984582901001, 40.352916717529403 ], [ 14.984582901001, 40.354583740234503 ], [ 14.9854154586793, 40.354583740234503 ], [ 14.9854154586793, 40.354862213134901 ], [ 14.986248970031699, 40.354862213134901 ], [ 14.986248970031699, 40.355140686035298 ], [ 14.987361907958901, 40.355140686035298 ], [ 14.987361907958901, 40.355415344238303 ], [ 14.9876365661622, 40.355415344238303 ], [ 14.9876365661622, 40.355140686035298 ], [ 14.987917900085399, 40.355140686035298 ], [ 14.987917900085399, 40.355415344238303 ], [ 14.988471984863301, 40.355415344238303 ], [ 14.988471984863301, 40.355140686035298 ], [ 14.9906940460206, 40.355140686035298 ], [ 14.9906940460206, 40.354583740234503 ], [ 14.990971565246699, 40.354583740234503 ], [ 14.990971565246699, 40.354305267334098 ], [ 14.991250038147101, 40.354305267334098 ], [ 14.991250038147101, 40.3540267944337 ], [ 14.9915275573732, 40.3540267944337 ], [ 14.9915275573732, 40.353797912597798 ], [ 14.9918060302735, 40.353748321533303 ], [ 14.9918060302735, 40.353473663330099 ], [ 14.993472099304199, 40.353473663330099 ], [ 14.993472099304199, 40.353748321533303 ], [ 14.9937496185303, 40.353748321533303 ], [ 14.9937496185303, 40.3540267944337 ], [ 14.9940280914307, 40.3540267944337 ], [ 14.9940280914307, 40.354305267334098 ], [ 14.994305610656699, 40.354305267334098 ], [ 14.994305610656699, 40.354583740234503 ], [ 14.994582176208599, 40.354583740234503 ], [ 14.994582176208599, 40.3546752929687 ], [ 14.994582176208599, 40.354862213134901 ], [ 14.994859695434601, 40.354862213134901 ], [ 14.9948616027832, 40.3556938171387 ], [ 14.995138168335, 40.3556938171387 ], [ 14.995138168335, 40.356250762939503 ], [ 14.995415687561101, 40.356250762939503 ], [ 14.995415687561101, 40.356803894042997 ], [ 14.9969930648804, 40.356803894042997 ], [ 14.997083663940501, 40.356803894042997 ], [ 14.997083663940501, 40.3568954467775 ], [ 14.997083663940501, 40.357082366943402 ], [ 14.9972743988038, 40.357082366943402 ], [ 14.997360229492299, 40.357082366943402 ], [ 14.997360229492299, 40.357166290283303 ], [ 14.997360229492299, 40.3573608398438 ], [ 14.997555732726999, 40.3573608398438 ], [ 14.9976377487182, 40.3573608398438 ], [ 14.9976377487182, 40.3574409484863 ], [ 14.9976377487182, 40.357639312744098 ], [ 14.997838020324799, 40.357639312744098 ], [ 14.997916221618601, 40.357639312744098 ], [ 14.997916221618601, 40.357715606689602 ], [ 14.997916221618601, 40.357917785644503 ], [ 14.9981193542481, 40.357917785644503 ], [ 14.998472213745099, 40.357917785644503 ], [ 14.998472213745099, 40.358196258544901 ], [ 14.998750686645501, 40.358196258544901 ], [ 14.998750686645501, 40.358470916748203 ], [ 14.999029159546, 40.358470916748203 ], [ 14.999029159546, 40.359027862548899 ], [ 14.9993066787719, 40.359027862548899 ], [ 14.9993066787719, 40.359859466552699 ], [ 14.9995822906494, 40.359859466552699 ], [ 14.9995822906494, 40.360324859619197 ], [ 14.9995822906494, 40.362361907958999 ], [ 15.000139236450201, 40.362361907958999 ], [ 15.0004167556763, 40.362361907958999 ], [ 15.0004167556763, 40.363376617431697 ], [ 15.0004167556763, 40.367916107177699 ], [ 15.000139236450201, 40.367916107177699 ], [ 14.9999084472656, 40.367916107177699 ], [ 14.9995822906494, 40.367916107177699 ], [ 14.9995822906494, 40.368194580078097 ], [ 14.9993066787719, 40.368194580078097 ], [ 14.9993066787719, 40.368473052978501 ], [ 14.999029159546, 40.368473052978501 ], [ 14.999029159546, 40.368751525878899 ], [ 14.998750686645501, 40.368751525878899 ], [ 14.998750686645501, 40.369583129882898 ], [ 14.998472213745099, 40.369583129882898 ], [ 14.998472213745099, 40.369861602783303 ], [ 14.998750686645501, 40.369861602783303 ], [ 14.998750686645501, 40.370693206787202 ], [ 14.999029159546, 40.370693206787202 ], [ 14.999029159546, 40.371250152587997 ], [ 14.9993066787719, 40.371250152587997 ], [ 14.9993066787719, 40.372081756591797 ], [ 14.999029159546, 40.372081756591797 ], [ 14.999029159546, 40.372360229492102 ], [ 14.998750686645501, 40.372360229492102 ], [ 14.998750686645501, 40.372917175293097 ], [ 14.998472213745099, 40.372917175293097 ], [ 14.998472213745099, 40.374305725097699 ], [ 14.998750686645501, 40.374305725097699 ], [ 14.998750686645501, 40.374862670898402 ], [ 14.999029159546, 40.374862670898402 ], [ 14.999029159546, 40.375137329101598 ], [ 14.999149322509901, 40.375137329101598 ], [ 14.9993066787719, 40.375137329101598 ], [ 14.9993066787719, 40.375415802002003 ], [ 15.000139236450201, 40.375415802002003 ], [ 15.0004167556763, 40.375415802002003 ], [ 15.0004167556763, 40.375694274902401 ], [ 15.000972747802701, 40.375694274902401 ], [ 15.000972747802701, 40.375972747802798 ], [ 15.0012512207031, 40.375972747802798 ], [ 15.0012512207031, 40.376525878906399 ], [ 15.0015287399293, 40.376525878906399 ], [ 15.0015287399293, 40.380134582519602 ], [ 15.0012512207031, 40.380138397216797 ], [ 15.0012512207031, 40.382083892822301 ], [ 15.000972747802701, 40.382083892822301 ], [ 15.000972747802701, 40.385417938232401 ], [ 15.000695228576699, 40.385417938232401 ], [ 15.000695228576699, 40.3873100280763 ], [ 15.000695228576699, 40.387916564941499 ], [ 15.0005531311035, 40.387916564941499 ], [ 15.0004167556763, 40.387916564941499 ], [ 15.0004167556763, 40.388496398925803 ], [ 15.0004167556763, 40.389026641845803 ], [ 15.000292778015201, 40.389026641845803 ], [ 15.000139236450201, 40.389026641845803 ], [ 14.9995822906494, 40.389026641845803 ], [ 14.9995822906494, 40.389862060547003 ], [ 14.9993066787719, 40.389862060547003 ], [ 14.9993066787719, 40.390693664550803 ], [ 14.999029159546, 40.390693664550803 ], [ 14.999029159546, 40.3909721374512 ], [ 14.998750686645501, 40.3909721374512 ], [ 14.998750686645501, 40.393196105957003 ], [ 14.998472213745099, 40.393196105957003 ], [ 14.998472213745099, 40.393749237060597 ], [ 14.9981937408447, 40.393749237060597 ], [ 14.9981937408447, 40.394306182861399 ], [ 14.997916221618601, 40.394306182861399 ], [ 14.997916221618601, 40.395137786865298 ], [ 14.9976377487182, 40.395137786865298 ], [ 14.9976377487182, 40.395973205566499 ], [ 14.997360229492299, 40.395973205566499 ], [ 14.997360229492299, 40.396804809570298 ], [ 14.997083663940501, 40.396804809570298 ], [ 14.997083663940501, 40.397361755371101 ], [ 14.996804237365801, 40.397361755371101 ], [ 14.996804237365801, 40.397914886474702 ], [ 14.996527671814, 40.397914886474702 ], [ 14.996527671814, 40.398750305175803 ], [ 14.9962501525879, 40.398750305175803 ], [ 14.9962501525879, 40.399307250976598 ], [ 14.995971679687599, 40.399307250976598 ], [ 14.995971679687599, 40.399581909179801 ], [ 14.9962501525879, 40.399581909179801 ], [ 14.9962501525879, 40.399860382080199 ], [ 14.995971679687599, 40.399860382080199 ], [ 14.995971679687599, 40.4006958007813 ], [ 14.9956941604615, 40.4006958007813 ], [ 14.9956941604615, 40.401248931884702 ], [ 14.995415687561101, 40.401248931884702 ], [ 14.995415687561101, 40.401805877685703 ], [ 14.995138168335, 40.401805877685703 ], [ 14.995138168335, 40.402084350586101 ], [ 14.9948616027832, 40.402084350586101 ], [ 14.994859695434601, 40.403194427490199 ], [ 14.994582176208599, 40.403194427490199 ], [ 14.994582176208599, 40.404026031494197 ], [ 14.994305610656699, 40.404026031494197 ], [ 14.994305610656699, 40.404304504394602 ], [ 14.9940280914307, 40.404304504394602 ], [ 14.9940280914307, 40.404582977295 ], [ 14.9937496185303, 40.404582977295 ], [ 14.9937496185303, 40.405418395996101 ], [ 14.993472099304199, 40.405418395996101 ], [ 14.993472099304199, 40.405971527099702 ], [ 14.9931936264038, 40.405971527099702 ], [ 14.9931936264038, 40.406528472900398 ], [ 14.992916107177701, 40.406528472900398 ], [ 14.992916107177701, 40.407081604003899 ], [ 14.992637634277299, 40.407081604003899 ], [ 14.992637634277299, 40.407360076904197 ], [ 14.9923620224, 40.407360076904197 ], [ 14.9923620224, 40.407917022705199 ], [ 14.992083549499601, 40.407917022705199 ], [ 14.992083549499601, 40.408473968506001 ], [ 14.9918060302735, 40.408473968506001 ], [ 14.9918060302735, 40.408748626708999 ], [ 14.9915275573732, 40.408748626708999 ], [ 14.9915275573732, 40.409027099609403 ], [ 14.991250038147101, 40.409027099609403 ], [ 14.991250038147101, 40.409862518310497 ], [ 14.990971565246699, 40.409862518310497 ], [ 14.990971565246699, 40.410694122314503 ], [ 14.9906940460206, 40.410694122314503 ], [ 14.9906940460206, 40.410972595214901 ], [ 14.990139961242701, 40.410972595214901 ], [ 14.990139961242701, 40.411529541015703 ], [ 14.9898624420166, 40.411529541015703 ], [ 14.9898624420166, 40.41263961792 ], [ 14.9895839691163, 40.41263961792 ], [ 14.9895839691163, 40.4134712219238 ], [ 14.989306449890099, 40.4134712219238 ], [ 14.989306449890099, 40.414028167724602 ], [ 14.9890279769897, 40.414028167724602 ], [ 14.9890279769897, 40.414306640625099 ], [ 14.9887504577637, 40.414306640625099 ], [ 14.9887504577637, 40.414859771728501 ], [ 14.988471984863301, 40.414859771728501 ], [ 14.988471984863301, 40.415973663330099 ], [ 14.9881944656372, 40.415973663330099 ], [ 14.9881944656372, 40.4165267944337 ], [ 14.987917900085399, 40.4165267944337 ], [ 14.987917900085399, 40.416805267333999 ], [ 14.9876365661622, 40.416805267333999 ], [ 14.9876365661622, 40.417083740234403 ], [ 14.987361907958901, 40.417083740234403 ], [ 14.987361907958901, 40.417362213134801 ], [ 14.987084388733001, 40.417362213134801 ], [ 14.987084388733001, 40.417640686035199 ], [ 14.9868059158325, 40.417640686035199 ], [ 14.9868059158325, 40.4181938171388 ], [ 14.9865283966066, 40.4181938171388 ], [ 14.9865283966066, 40.418750762939602 ], [ 14.986248970031699, 40.418750762939602 ], [ 14.986248970031699, 40.41902923584 ], [ 14.9859714508056, 40.41902923584 ], [ 14.9859714508056, 40.420139312744098 ], [ 14.985695838928301, 40.420139312744098 ], [ 14.985695838928301, 40.420417785644503 ], [ 14.9854154586793, 40.420417785644503 ], [ 14.9854154586793, 40.421806335449197 ], [ 14.9851398468018, 40.421806335449197 ], [ 14.9851398468018, 40.422359466552798 ], [ 14.984861373901399, 40.422359466552798 ], [ 14.984861373901399, 40.422916412353601 ], [ 14.984582901001, 40.422916412353601 ], [ 14.984582901001, 40.4239311218263 ], [ 14.984582901001, 40.424304962158303 ], [ 14.984382629394601, 40.424304962158303 ], [ 14.984305381775, 40.424304962158303 ], [ 14.984305381775, 40.424449920654403 ], [ 14.9842338562012, 40.4245834350587 ], [ 14.9831953048706, 40.4245834350587 ], [ 14.9831953048706, 40.424861907959098 ], [ 14.982916831970201, 40.424861907959098 ], [ 14.982916831970201, 40.425140380859503 ], [ 14.9826393127441, 40.425140380859503 ], [ 14.9826393127441, 40.425693511962898 ], [ 14.9823608398438, 40.425693511962898 ], [ 14.9823608398438, 40.4262504577637 ], [ 14.982083320617701, 40.4262504577637 ], [ 14.982083320617701, 40.426807403564403 ], [ 14.981804847717299, 40.426807403564403 ], [ 14.981804847717299, 40.427082061767599 ], [ 14.98152923584, 40.427082061767599 ], [ 14.9815273284912, 40.427639007568402 ], [ 14.981248855590801, 40.427639007568402 ], [ 14.981248855590801, 40.428195953369098 ], [ 14.9809732437135, 40.428195953369098 ], [ 14.9809732437135, 40.428749084472699 ], [ 14.9806947708131, 40.428749084472699 ], [ 14.9806947708131, 40.429306030273501 ], [ 14.980417251586999, 40.429306030273501 ], [ 14.980417251586999, 40.429584503173899 ], [ 14.9798612594606, 40.429584503173899 ], [ 14.9798612594606, 40.429862976074297 ], [ 14.979582786560201, 40.429862976074297 ], [ 14.979582786560201, 40.4301376342775 ], [ 14.9793052673341, 40.4301376342775 ], [ 14.9793052673341, 40.430973052978601 ], [ 14.9790267944337, 40.430973052978601 ], [ 14.9790267944337, 40.431251525878999 ], [ 14.978472709655801, 40.431251525878999 ], [ 14.9784708023072, 40.431526184082003 ], [ 14.9781951904297, 40.431526184082003 ], [ 14.9781951904297, 40.431804656982401 ], [ 14.9779167175294, 40.431804656982401 ], [ 14.9779167175294, 40.432361602783203 ], [ 14.977639198303301, 40.432361602783203 ], [ 14.977639198303301, 40.433750152587898 ], [ 14.9773607254029, 40.433750152587898 ], [ 14.9773607254029, 40.4343070983887 ], [ 14.9770832061768, 40.4343070983887 ], [ 14.9770832061768, 40.434581756591903 ], [ 14.976804733276399, 40.434581756591903 ], [ 14.976804733276399, 40.435138702392599 ], [ 14.976529121398899, 40.435138702392599 ], [ 14.976529121398899, 40.435695648193402 ], [ 14.976248741149901, 40.435695648193402 ], [ 14.976248741149901, 40.4359741210938 ], [ 14.975973129272401, 40.4359741210938 ], [ 14.975973129272401, 40.436248779296797 ], [ 14.975694656372101, 40.436248779296797 ], [ 14.975694656372101, 40.436527252197401 ], [ 14.9754171371459, 40.436527252197401 ], [ 14.9754171371459, 40.436805725097798 ], [ 14.974861145019499, 40.436805725097798 ], [ 14.974861145019499, 40.437362670898501 ], [ 14.9745826721191, 40.437362670898501 ], [ 14.9745826721191, 40.438194274902301 ], [ 14.9743051528932, 40.438194274902301 ], [ 14.9743051528932, 40.438472747802699 ], [ 14.974028587341399, 40.438472747802699 ], [ 14.974028587341399, 40.4390258789063 ], [ 14.9737510681153, 40.439029693603501 ], [ 14.9737510681153, 40.439304351806697 ], [ 14.973472595214901, 40.439304351806697 ], [ 14.973472595214901, 40.439582824707102 ], [ 14.9731950759888, 40.439582824707102 ], [ 14.9731950759888, 40.4398612976075 ], [ 14.9729166030884, 40.4398612976075 ], [ 14.9729166030884, 40.440418243408203 ], [ 14.972638130188001, 40.440418243408203 ], [ 14.972638130188001, 40.440692901611399 ], [ 14.972363471984901, 40.440692901611399 ], [ 14.972363471984901, 40.440971374511797 ], [ 14.9720821380616, 40.440971374511797 ], [ 14.9720821380616, 40.441249847412202 ], [ 14.9718065261841, 40.441249847412202 ], [ 14.9718065261841, 40.441806793212898 ], [ 14.971529006958001, 40.441806793212898 ], [ 14.971529006958001, 40.442638397216697 ], [ 14.9712495803834, 40.442638397216697 ], [ 14.9712495803834, 40.443195343017699 ], [ 14.9706935882568, 40.443195343017699 ], [ 14.9706935882568, 40.444026947021499 ], [ 14.970416069030801, 40.444026947021499 ], [ 14.970416069030801, 40.444305419921903 ], [ 14.9701375961304, 40.444305419921903 ], [ 14.9701375961304, 40.444583892822301 ], [ 14.9698600769043, 40.444583892822301 ], [ 14.9698600769043, 40.444862365722599 ], [ 14.969584465026999, 40.444862365722599 ], [ 14.969584465026999, 40.445137023925803 ], [ 14.969028472900501, 40.445137023925803 ], [ 14.969028472900501, 40.445693969726598 ], [ 14.96875, 40.445693969726598 ], [ 14.96875, 40.446250915527401 ], [ 14.9684715270996, 40.446250915527401 ], [ 14.9684715270996, 40.446529388427798 ], [ 14.967915534973301, 40.446529388427798 ], [ 14.967915534973301, 40.446804046631001 ], [ 14.9676380157472, 40.446804046631001 ], [ 14.9676380157472, 40.447082519531399 ], [ 14.9673624038697, 40.447082519531399 ], [ 14.9673624038697, 40.447639465332102 ], [ 14.9668064117432, 40.447639465332102 ], [ 14.9668064117432, 40.4479179382325 ], [ 14.9665279388428, 40.4479179382325 ], [ 14.9665279388428, 40.4487495422363 ], [ 14.9662504196168, 40.4487495422363 ], [ 14.9662504196168, 40.449028015136697 ], [ 14.965971946716399, 40.449028015136697 ], [ 14.965971946716399, 40.449306488037202 ], [ 14.9656944274903, 40.449306488037202 ], [ 14.9656944274903, 40.449584960937599 ], [ 14.965415954589901, 40.449584960937599 ], [ 14.965415954589901, 40.450138092041001 ], [ 14.965140342712401, 40.450138092041001 ], [ 14.9651384353638, 40.450695037841797 ], [ 14.9648599624634, 40.450695037841797 ], [ 14.9648599624634, 40.451248168945398 ], [ 14.9645843505859, 40.451248168945398 ], [ 14.9645843505859, 40.4518051147462 ], [ 14.964305877685501, 40.4518051147462 ], [ 14.964305877685501, 40.452083587646499 ], [ 14.9640283584594, 40.452083587646499 ], [ 14.9640283584594, 40.452362060546903 ], [ 14.9637498855591, 40.452362060546903 ], [ 14.9637498855591, 40.452640533447301 ], [ 14.963472366333001, 40.452640533447301 ], [ 14.963472366333001, 40.452915191650497 ], [ 14.963193893432599, 40.452915191650497 ], [ 14.963193893432599, 40.4534721374513 ], [ 14.9629163742065, 40.4534721374513 ], [ 14.9629163742065, 40.453750610351698 ], [ 14.962639808654901, 40.453750610351698 ], [ 14.962639808654901, 40.454029083252102 ], [ 14.9623622894288, 40.454029083252102 ], [ 14.9623622894288, 40.454303741455099 ], [ 14.9620838165284, 40.454303741455099 ], [ 14.9620838165284, 40.454582214355497 ], [ 14.961806297302299, 40.454582214355497 ], [ 14.961806297302299, 40.4551391601562 ], [ 14.9615278244019, 40.4551391601562 ], [ 14.9615278244019, 40.455417633056598 ], [ 14.961250305175801, 40.455417633056598 ], [ 14.961250305175801, 40.455696105957102 ], [ 14.9609718322754, 40.455696105957102 ], [ 14.9609718322754, 40.455970764160199 ], [ 14.9606943130494, 40.455970764160199 ], [ 14.9606943130494, 40.456527709960902 ], [ 14.960417747497599, 40.456527709960902 ], [ 14.960417747497599, 40.457084655761697 ], [ 14.9601402282715, 40.457084655761697 ], [ 14.9601402282715, 40.457359313964901 ], [ 14.959861755371101, 40.457359313964901 ], [ 14.959861755371101, 40.457637786865298 ], [ 14.959584236145, 40.457637786865298 ], [ 14.959584236145, 40.457916259765703 ], [ 14.9593057632446, 40.457916259765703 ], [ 14.9593057632446, 40.458194732666101 ], [ 14.959027290344199, 40.458194732666101 ], [ 14.959027290344199, 40.458473205566499 ], [ 14.9587488174438, 40.458473205566499 ], [ 14.9587488174438, 40.458751678466797 ], [ 14.9584712982178, 40.458751678466797 ], [ 14.9584712982178, 40.45902633667 ], [ 14.9581956863403, 40.45902633667 ], [ 14.9581956863403, 40.459583282470803 ], [ 14.9579153060913, 40.459583282470803 ], [ 14.9579153060913, 40.460140228271598 ], [ 14.957638740539499, 40.460140228271598 ], [ 14.957638740539499, 40.460693359375 ], [ 14.9573612213134, 40.460693359375 ], [ 14.9573612213134, 40.460971832275398 ], [ 14.957082748413001, 40.460971832275398 ], [ 14.957082748413001, 40.461250305175803 ], [ 14.956805229187101, 40.461250305175803 ], [ 14.956805229187101, 40.461807250976499 ], [ 14.9565267562866, 40.461807250976499 ], [ 14.9565267562866, 40.462081909179702 ], [ 14.9562492370607, 40.462081909179702 ], [ 14.9562492370607, 40.462360382080099 ], [ 14.9559726715088, 40.462360382080099 ], [ 14.9559726715088, 40.462638854980497 ], [ 14.955693244934199, 40.462638854980497 ], [ 14.955693244934199, 40.462917327880902 ], [ 14.955416679382401, 40.462917327880902 ], [ 14.955416679382401, 40.4631958007812 ], [ 14.9551391601563, 40.4631958007812 ], [ 14.9551391601563, 40.463470458984503 ], [ 14.9548606872559, 40.463470458984503 ], [ 14.9548606872559, 40.463748931884801 ], [ 14.954583168029799, 40.463748931884801 ], [ 14.954583168029799, 40.464305877685597 ], [ 14.954304695129499, 40.464305877685597 ], [ 14.954304695129499, 40.464862823486399 ], [ 14.9540271759034, 40.464862823486399 ], [ 14.9540271759034, 40.46541595459 ], [ 14.953748703003001, 40.46541595459 ], [ 14.953748703003001, 40.466251373291101 ], [ 14.953473091125501, 40.466251373291101 ], [ 14.953473091125501, 40.466526031494098 ], [ 14.952917098999, 40.466526031494098 ], [ 14.952917098999, 40.467082977294901 ], [ 14.952638626098601, 40.467082977294901 ], [ 14.952638626098601, 40.467639923095703 ], [ 14.952361106872599, 40.467639923095703 ], [ 14.952361106872599, 40.467918395996001 ], [ 14.9520826339722, 40.467918395996001 ], [ 14.9520826339722, 40.468193054199297 ], [ 14.951805114746101, 40.468193054199297 ], [ 14.951805114746101, 40.468471527099702 ], [ 14.9515266418457, 40.468471527099702 ], [ 14.9515266418457, 40.469028472900398 ], [ 14.9512510299684, 40.469028472900398 ], [ 14.9512510299684, 40.469581604003999 ], [ 14.950972557068001, 40.469581604003999 ], [ 14.950972557068001, 40.469860076904403 ], [ 14.9506950378419, 40.469860076904403 ], [ 14.9506950378419, 40.470138549804702 ], [ 14.9501390457154, 40.470138549804702 ], [ 14.9501390457154, 40.470417022705099 ], [ 14.9498605728151, 40.470417022705099 ], [ 14.9498605728151, 40.470973968505902 ], [ 14.949583053588899, 40.470973968505902 ], [ 14.949583053588899, 40.471527099609503 ], [ 14.949304580688599, 40.471527099609503 ], [ 14.949304580688599, 40.472084045410298 ], [ 14.949028968811101, 40.472084045410298 ], [ 14.949028968811101, 40.472362518310703 ], [ 14.948751449585, 40.472362518310703 ], [ 14.948748588562101, 40.4726371765137 ], [ 14.948472976684601, 40.4726371765137 ], [ 14.948472976684601, 40.472915649414098 ], [ 14.9481954574585, 40.472915649414098 ], [ 14.9481954574585, 40.473194122314503 ], [ 14.9479169845581, 40.473194122314503 ], [ 14.9479169845581, 40.473751068115199 ], [ 14.947639465331999, 40.473751068115199 ], [ 14.947639465331999, 40.474029541015597 ], [ 14.9473609924316, 40.474029541015597 ], [ 14.9473609924316, 40.4743041992188 ], [ 14.9470834732056, 40.4743041992188 ], [ 14.9470834732056, 40.475692749023601 ], [ 14.9468069076538, 40.475692749023601 ], [ 14.9468069076538, 40.475971221923899 ], [ 14.946525573730501, 40.475971221923899 ], [ 14.946525573730501, 40.476249694824297 ], [ 14.946250915527299, 40.476249694824297 ], [ 14.946250915527299, 40.476806640625099 ], [ 14.945973396301399, 40.476806640625099 ], [ 14.945973396301399, 40.477085113525398 ], [ 14.945694923401, 40.477085113525398 ], [ 14.945694923401, 40.4776382446288 ], [ 14.945416450500399, 40.4776382446288 ], [ 14.945416450500399, 40.477916717529403 ], [ 14.9451379776, 40.477916717529403 ], [ 14.9451379776, 40.478195190429801 ], [ 14.9448604583741, 40.478195190429801 ], [ 14.9448604583741, 40.478473663330199 ], [ 14.944581985473601, 40.478473663330199 ], [ 14.944581985473601, 40.478748321533203 ], [ 14.9443073272706, 40.478748321533203 ], [ 14.9443073272706, 40.479862213134801 ], [ 14.9440279006959, 40.479862213134801 ], [ 14.9440279006959, 40.480056762695398 ], [ 14.9440279006959, 40.480140686035199 ], [ 14.943750381469799, 40.480140686035199 ], [ 14.943750381469799, 40.4806938171387 ], [ 14.9434719085694, 40.4806938171387 ], [ 14.943457603454601, 40.481250762939503 ], [ 14.943194389343301, 40.481250762939503 ], [ 14.943194389343301, 40.481529235839901 ], [ 14.9429159164429, 40.481529235839901 ], [ 14.9429159164429, 40.482360839843899 ], [ 14.9426383972169, 40.482360839843899 ], [ 14.9426383972169, 40.482639312744297 ], [ 14.9423599243165, 40.482639312744297 ], [ 14.9423599243165, 40.483196258545 ], [ 14.942084312439, 40.483196258545 ], [ 14.942084312439, 40.483470916747997 ], [ 14.941805839538601, 40.483470916747997 ], [ 14.941805839538601, 40.483791351318501 ], [ 14.941805839538601, 40.4840278625488 ], [ 14.9415283203125, 40.4840278625488 ], [ 14.9415283203125, 40.484584808349702 ], [ 14.9412498474121, 40.484584808349702 ], [ 14.9412498474121, 40.484859466552699 ], [ 14.9406938552856, 40.484859466552699 ], [ 14.9406938552856, 40.485137939453097 ], [ 14.940416336059601, 40.485137939453097 ], [ 14.940416336059601, 40.485416412353501 ], [ 14.940137863159199, 40.485416412353501 ], [ 14.940137863159199, 40.485973358154297 ], [ 14.9398622512819, 40.485973358154297 ], [ 14.9398622512819, 40.486251831054702 ], [ 14.9395837783815, 40.486251831054702 ], [ 14.9395837783815, 40.487361907958999 ], [ 14.9393062591554, 40.487361907958999 ], [ 14.9393062591554, 40.487640380859403 ], [ 14.939027786255, 40.487640380859403 ], [ 14.939027786255, 40.488193511962997 ], [ 14.938750267028899, 40.488193511962997 ], [ 14.938750267028899, 40.488471984863402 ], [ 14.9384717941285, 40.488471984863402 ], [ 14.9384717941285, 40.4887504577638 ], [ 14.9381942749025, 40.4887504577638 ], [ 14.9381942749025, 40.489028930664198 ], [ 14.937915802002101, 40.489028930664198 ], [ 14.937915802002101, 40.489307403564503 ], [ 14.937640190124601, 40.489307403564503 ], [ 14.937640190124601, 40.489860534667997 ], [ 14.9373598098756, 40.489860534667997 ], [ 14.9373598098756, 40.490695953369297 ], [ 14.9370841979981, 40.490695953369297 ], [ 14.9370841979981, 40.490970611572301 ], [ 14.936805725097701, 40.490970611572301 ], [ 14.936805725097701, 40.491806030273402 ], [ 14.9365282058716, 40.491806030273402 ], [ 14.9365282058716, 40.4920845031738 ], [ 14.9362497329712, 40.4920845031738 ], [ 14.9362497329712, 40.492362976074197 ], [ 14.935972213745099, 40.492362976074197 ], [ 14.935972213745099, 40.493194580078203 ], [ 14.9356937408447, 40.493194580078203 ], [ 14.9356937408447, 40.493473052978601 ], [ 14.9354162216187, 40.493473052978601 ], [ 14.9354162216187, 40.493751525878999 ], [ 14.935137748718301, 40.493751525878999 ], [ 14.935137748718301, 40.4943046569825 ], [ 14.934862136840801, 40.4943046569825 ], [ 14.934862136840801, 40.494583129882898 ], [ 14.934583663940399, 40.494583129882898 ], [ 14.934583663940399, 40.4951400756837 ], [ 14.9343061447143, 40.4951400756837 ], [ 14.9343061447143, 40.495418548584098 ], [ 14.934027671813899, 40.495418548584098 ], [ 14.934027671813899, 40.4959716796875 ], [ 14.933750152588001, 40.4959716796875 ], [ 14.933750152588001, 40.496528625488203 ], [ 14.933471679687401, 40.496528625488203 ], [ 14.933471679687401, 40.497638702392599 ], [ 14.9331932067871, 40.497638702392599 ], [ 14.9331932067871, 40.497917175292997 ], [ 14.9329175949097, 40.497917175292997 ], [ 14.9329175949097, 40.4984741210938 ], [ 14.932640075683601, 40.4984741210938 ], [ 14.932640075683601, 40.498748779296903 ], [ 14.932361602783301, 40.498748779296903 ], [ 14.932361602783301, 40.500137329101698 ], [ 14.9320840835572, 40.500137329101698 ], [ 14.9320840835572, 40.500415802002102 ], [ 14.9318046569825, 40.500415802002102 ], [ 14.9318046569825, 40.5006942749025 ], [ 14.931527137756399, 40.5006942749025 ], [ 14.931527137756399, 40.500972747802798 ], [ 14.931248664856, 40.500972747802798 ], [ 14.931248664856, 40.5015258789062 ], [ 14.930971145629901, 40.501529693603601 ], [ 14.930971145629901, 40.501804351806598 ], [ 14.930417060851999, 40.501804351806598 ], [ 14.930417060851999, 40.502361297607401 ], [ 14.930138587951699, 40.502361297607401 ], [ 14.930138587951699, 40.502918243408097 ], [ 14.9298610687256, 40.502918243408097 ], [ 14.9298610687256, 40.503749847412202 ], [ 14.929582595825201, 40.503749847412202 ], [ 14.929582595825201, 40.504306793212898 ], [ 14.9293050765991, 40.504306793212898 ], [ 14.9293050765991, 40.504859924316499 ], [ 14.9290266036987, 40.504859924316499 ], [ 14.9290266036987, 40.505138397216903 ], [ 14.928749084472701, 40.505138397216903 ], [ 14.928749084472701, 40.505695343017599 ], [ 14.9284734725953, 40.505695343017599 ], [ 14.9284734725953, 40.505973815917997 ], [ 14.9281930923462, 40.505973815917997 ], [ 14.9281930923462, 40.506526947021598 ], [ 14.9279165267944, 40.506526947021598 ], [ 14.9279165267944, 40.507362365722798 ], [ 14.9276390075685, 40.507362365722798 ], [ 14.9276390075685, 40.5079154968262 ], [ 14.9273605346681, 40.5079154968262 ], [ 14.9273605346681, 40.508750915527301 ], [ 14.927083015441999, 40.508750915527301 ], [ 14.927083015441999, 40.5095825195313 ], [ 14.9268045425416, 40.5095825195313 ], [ 14.9268045425416, 40.509860992431697 ], [ 14.926527023315501, 40.509860992431697 ], [ 14.926527023315501, 40.510139465332102 ], [ 14.926251411438001, 40.510139465332102 ], [ 14.926251411438001, 40.510692596435703 ], [ 14.9259710311891, 40.510692596435703 ], [ 14.9259710311891, 40.510971069336101 ], [ 14.9256954193116, 40.510971069336101 ], [ 14.9256954193116, 40.511528015136797 ], [ 14.9254169464112, 40.511528015136797 ], [ 14.9254169464112, 40.513473510742301 ], [ 14.925139427185099, 40.513473510742301 ], [ 14.925139427185099, 40.513748168945298 ], [ 14.9248609542847, 40.513748168945298 ], [ 14.9248609542847, 40.514026641845703 ], [ 14.924583435058601, 40.514026641845703 ], [ 14.924583435058601, 40.514305114746101 ], [ 14.9240274429321, 40.514305114746101 ], [ 14.9240274429321, 40.515140533447301 ], [ 14.9237508773804, 40.515140533447301 ], [ 14.9237508773804, 40.515693664550803 ], [ 14.923473358154199, 40.515693664550803 ], [ 14.923473358154199, 40.516250610351598 ], [ 14.923194885253899, 40.516250610351598 ], [ 14.923194885253899, 40.516529083252003 ], [ 14.9229173660278, 40.516529083252003 ], [ 14.9229173660278, 40.516803741455199 ], [ 14.922638893127401, 40.516803741455199 ], [ 14.922638893127401, 40.517360687256001 ], [ 14.9223613739013, 40.517360687256001 ], [ 14.9223613739013, 40.517639160156399 ], [ 14.9220829010009, 40.517639160156399 ], [ 14.9220829010009, 40.517917633056697 ], [ 14.921805381775, 40.517917633056697 ], [ 14.921805381775, 40.518470764160199 ], [ 14.921528816223301, 40.518470764160199 ], [ 14.921528816223301, 40.519306182861399 ], [ 14.921251296997101, 40.519306182861399 ], [ 14.921251296997101, 40.520694732666001 ], [ 14.920972824096699, 40.520694732666001 ], [ 14.920972824096699, 40.521251678466797 ], [ 14.9206953048707, 40.521251678466797 ], [ 14.9206953048707, 40.52152633667 ], [ 14.9204168319703, 40.52152633667 ], [ 14.9204168319703, 40.522914886474702 ], [ 14.920139312744199, 40.522914886474702 ], [ 14.920139312744199, 40.523193359375099 ], [ 14.9198608398438, 40.523193359375099 ], [ 14.9198608398438, 40.523471832275497 ], [ 14.9195823669434, 40.523471832275497 ], [ 14.9195823669434, 40.523750305175902 ], [ 14.9193067550659, 40.523750305175902 ], [ 14.9193067550659, 40.524307250976598 ], [ 14.919029235839799, 40.524307250976598 ], [ 14.919026374816999, 40.525417327880803 ], [ 14.918750762939499, 40.525417327880803 ], [ 14.918750762939499, 40.525695800781399 ], [ 14.9184732437134, 40.525695800781399 ], [ 14.9184732437134, 40.526805877685497 ], [ 14.9181938171387, 40.526805877685497 ], [ 14.9181938171387, 40.527084350585902 ], [ 14.917916297912599, 40.527084350585902 ], [ 14.917916297912599, 40.527915954589901 ], [ 14.9176378250122, 40.527915954589901 ], [ 14.9176378250122, 40.528194427490298 ], [ 14.917360305786101, 40.528194427490298 ], [ 14.917360305786101, 40.528472900390703 ], [ 14.9170846939088, 40.528472900390703 ], [ 14.9170846939088, 40.528751373291101 ], [ 14.9168043136597, 40.528751373291101 ], [ 14.9168043136597, 40.529026031494297 ], [ 14.916527748107899, 40.529026031494297 ], [ 14.916527748107899, 40.529304504394602 ], [ 14.9162502288819, 40.529304504394602 ], [ 14.9162502288819, 40.529861450195398 ], [ 14.915971755981399, 40.529861450195398 ], [ 14.915971755981399, 40.530693054199197 ], [ 14.915694236755501, 40.530693054199197 ], [ 14.915694236755501, 40.530971527099602 ], [ 14.915415763855099, 40.530971527099602 ], [ 14.915415763855099, 40.53125 ], [ 14.915138244629, 40.53125 ], [ 14.915138244629, 40.531806945800703 ], [ 14.915415763855099, 40.531806945800703 ], [ 14.915415763855099, 40.532360076904297 ], [ 14.915138244629, 40.532360076904297 ], [ 14.915138244629, 40.532917022705099 ], [ 14.914859771728599, 40.532917022705099 ], [ 14.914859771728599, 40.533195495605497 ], [ 14.914584159851101, 40.533195495605497 ], [ 14.914584159851101, 40.533748626708999 ], [ 14.9143056869507, 40.533748626708999 ], [ 14.9143056869507, 40.534027099609403 ], [ 14.9140281677247, 40.534027099609403 ], [ 14.9140281677247, 40.534584045410199 ], [ 14.9137496948243, 40.534584045410199 ], [ 14.9137496948243, 40.535694122314602 ], [ 14.9134721755982, 40.535694122314602 ], [ 14.9134721755982, 40.535972595215 ], [ 14.9131937026978, 40.535972595215 ], [ 14.9131937026978, 40.536251068115298 ], [ 14.912916183471699, 40.536251068115298 ], [ 14.912916183471699, 40.5368041992187 ], [ 14.9126377105713, 40.5368041992187 ], [ 14.9126377105713, 40.537082672119098 ], [ 14.9123620986938, 40.537082672119098 ], [ 14.9123620986938, 40.537918090820298 ], [ 14.9120836257935, 40.537918090820298 ], [ 14.9120836257935, 40.538192749023501 ], [ 14.911806106567401, 40.538192749023501 ], [ 14.911806106567401, 40.538471221923899 ], [ 14.911527633666999, 40.538471221923899 ], [ 14.911527633666999, 40.539028167724602 ], [ 14.9112501144409, 40.539028167724602 ], [ 14.9112501144409, 40.539859771728601 ], [ 14.910971641540501, 40.539859771728601 ], [ 14.910971641540501, 40.540695190429702 ], [ 14.9106941223144, 40.540695190429702 ], [ 14.9106941223144, 40.541805267334098 ], [ 14.9104156494141, 40.541805267334098 ], [ 14.9104156494141, 40.542083740234503 ], [ 14.910140037536699, 40.542083740234503 ], [ 14.910140037536699, 40.542362213134901 ], [ 14.9095840454103, 40.542362213134901 ], [ 14.9095840454103, 40.542640686035298 ], [ 14.909305572509901, 40.542640686035298 ], [ 14.909305572509901, 40.542915344238303 ], [ 14.9090280532837, 40.542915344238303 ], [ 14.9090280532837, 40.5431938171387 ], [ 14.9087495803834, 40.5431938171387 ], [ 14.9087495803834, 40.543750762939503 ], [ 14.908472061157299, 40.543750762939503 ], [ 14.908472061157299, 40.544029235839801 ], [ 14.9081935882569, 40.544029235839801 ], [ 14.9081935882569, 40.544303894042997 ], [ 14.908472061157299, 40.544303894042997 ], [ 14.908472061157299, 40.544582366943402 ], [ 14.9087495803834, 40.544582366943402 ], [ 14.9087495803834, 40.545864105224602 ], [ 14.908691406249901, 40.545970916748203 ], [ 14.908472061157299, 40.545970916748203 ], [ 14.908472061157299, 40.546360015869297 ], [ 14.908472061157299, 40.546527862548899 ], [ 14.9083766937256, 40.546527862548899 ], [ 14.9081935882569, 40.546527862548899 ], [ 14.9081935882569, 40.546806335449297 ], [ 14.9079179763794, 40.546806335449297 ], [ 14.907910346984901, 40.547359466552699 ], [ 14.9076375961304, 40.547359466552699 ], [ 14.9076375961304, 40.547637939453097 ], [ 14.907361984252899, 40.547637939453097 ], [ 14.907361984252899, 40.547916412353601 ], [ 14.9070844650269, 40.547916412353601 ], [ 14.9070844650269, 40.548194885253999 ], [ 14.9065284729004, 40.548194885253999 ], [ 14.9065284729004, 40.548473358154403 ], [ 14.90625, 40.548473358154403 ], [ 14.90625, 40.548751831054801 ], [ 14.905693054199199, 40.548751831054801 ], [ 14.905693054199199, 40.549026489257798 ], [ 14.9054145812988, 40.549026489257798 ], [ 14.9054145812988, 40.549304962158203 ], [ 14.905693054199199, 40.549304962158203 ], [ 14.905693054199199, 40.549583435058601 ], [ 14.9054145812988, 40.549583435058601 ], [ 14.9054145812988, 40.549861907958999 ], [ 14.905139923095801, 40.549861907958999 ], [ 14.905139923095801, 40.550140380859403 ], [ 14.904582977294901, 40.550140380859403 ], [ 14.904582977294901, 40.5512504577637 ], [ 14.904305458069, 40.5512504577637 ], [ 14.904305458069, 40.551528930664098 ], [ 14.9040269851684, 40.551528930664098 ], [ 14.9040269851684, 40.551807403564503 ], [ 14.9037494659425, 40.551807403564503 ], [ 14.9037494659425, 40.552082061767699 ], [ 14.903470993042101, 40.552082061767699 ], [ 14.903470993042101, 40.5529174804688 ], [ 14.903195381164601, 40.5529174804688 ], [ 14.903195381164601, 40.553195953369197 ], [ 14.902916908264199, 40.553195953369197 ], [ 14.902916908264199, 40.554027557372997 ], [ 14.9026393890381, 40.554027557372997 ], [ 14.9026393890381, 40.554306030273601 ], [ 14.9023609161378, 40.554306030273601 ], [ 14.9023609161378, 40.554584503173899 ], [ 14.902083396911699, 40.554584503173899 ], [ 14.902083396911699, 40.554862976074297 ], [ 14.9018049240113, 40.554862976074297 ], [ 14.9018049240113, 40.555137634277301 ], [ 14.901527404785201, 40.555137634277301 ], [ 14.901527404785201, 40.555973052978501 ], [ 14.901248931884799, 40.555973052978501 ], [ 14.901248931884799, 40.556526184082102 ], [ 14.900973320007299, 40.556526184082102 ], [ 14.900973320007299, 40.5568046569825 ], [ 14.9006948471069, 40.5568046569825 ], [ 14.9006948471069, 40.557083129882898 ], [ 14.9004173278809, 40.557083129882898 ], [ 14.9004173278809, 40.557361602783303 ], [ 14.900138854980501, 40.557361602783303 ], [ 14.900138854980501, 40.5576400756837 ], [ 14.8998613357544, 40.5576400756837 ], [ 14.8998613357544, 40.557918548583999 ], [ 14.899582862854, 40.557918548583999 ], [ 14.899582862854, 40.558193206787202 ], [ 14.899305343627899, 40.558193206787202 ], [ 14.899305343627899, 40.558471679687599 ], [ 14.8990268707275, 40.558471679687599 ], [ 14.8990268707275, 40.558750152587997 ], [ 14.898751258850201, 40.558750152587997 ], [ 14.898751258850201, 40.559860229492202 ], [ 14.898470878601101, 40.559860229492202 ], [ 14.898470878601101, 40.5601387023925 ], [ 14.8981952667237, 40.5601387023925 ], [ 14.8981952667237, 40.560417175292898 ], [ 14.897639274597299, 40.560417175292898 ], [ 14.897639274597299, 40.560695648193501 ], [ 14.8979167938234, 40.560695648193501 ], [ 14.8979167938234, 40.561248779296903 ], [ 14.897639274597299, 40.561248779296903 ], [ 14.897639274597299, 40.561527252197301 ], [ 14.8973608016969, 40.561527252197301 ], [ 14.8973608016969, 40.561805725097699 ], [ 14.897083282470801, 40.561805725097699 ], [ 14.897083282470801, 40.562084197997997 ], [ 14.8968048095704, 40.562084197997997 ], [ 14.8968048095704, 40.562362670898402 ], [ 14.8965291976929, 40.562362670898402 ], [ 14.8965291976929, 40.562915802002003 ], [ 14.896248817443899, 40.562915802002003 ], [ 14.896248817443899, 40.563194274902401 ], [ 14.895973205566399, 40.563194274902401 ], [ 14.895973205566399, 40.563751220703203 ], [ 14.895694732666099, 40.563751220703203 ], [ 14.895694732666099, 40.564025878906399 ], [ 14.895417213439901, 40.564029693603601 ], [ 14.895417213439901, 40.564304351806797 ], [ 14.895138740539601, 40.564304351806797 ], [ 14.895138740539601, 40.5648612976075 ], [ 14.8948612213135, 40.5648612976075 ], [ 14.8948612213135, 40.565418243408303 ], [ 14.8945827484131, 40.565418243408303 ], [ 14.8945827484131, 40.5656929016113 ], [ 14.894305229186999, 40.5656929016113 ], [ 14.894305229186999, 40.565971374511697 ], [ 14.894028663635201, 40.565971374511697 ], [ 14.894028663635201, 40.566249847412102 ], [ 14.8937511444091, 40.566249847412102 ], [ 14.8937511444091, 40.567081451416101 ], [ 14.8934726715087, 40.567085266113402 ], [ 14.8934726715087, 40.567359924316499 ], [ 14.8931951522828, 40.567359924316499 ], [ 14.8931951522828, 40.567638397216797 ], [ 14.892916679382299, 40.567638397216797 ], [ 14.892916679382299, 40.568195343017599 ], [ 14.892639160156399, 40.568195343017599 ], [ 14.892639160156399, 40.568473815917997 ], [ 14.8923597335815, 40.568473815917997 ], [ 14.8923597335815, 40.5687484741212 ], [ 14.892082214355399, 40.5687484741212 ], [ 14.892082214355399, 40.569026947021499 ], [ 14.8918066024781, 40.569026947021499 ], [ 14.8918066024781, 40.569305419921903 ], [ 14.891529083251999, 40.569305419921903 ], [ 14.891529083251999, 40.569583892822301 ], [ 14.8912506103516, 40.569583892822301 ], [ 14.8912506103516, 40.569862365722699 ], [ 14.8909721374512, 40.569862365722699 ], [ 14.8909721374512, 40.570137023925902 ], [ 14.890693664550801, 40.570137023925902 ], [ 14.890693664550801, 40.5704154968263 ], [ 14.890416145324799, 40.5704154968263 ], [ 14.890416145324799, 40.570693969726698 ], [ 14.8901376724244, 40.570693969726698 ], [ 14.8901376724244, 40.571529388427798 ], [ 14.889860153198301, 40.571529388427798 ], [ 14.889860153198301, 40.571804046630902 ], [ 14.8895835876465, 40.571804046630902 ], [ 14.8895835876465, 40.5720825195312 ], [ 14.8893041610718, 40.5720825195312 ], [ 14.8893041610718, 40.572360992431598 ], [ 14.88902759552, 40.572360992431598 ], [ 14.88902759552, 40.572639465332003 ], [ 14.888750076293899, 40.572639465332003 ], [ 14.888750076293899, 40.572917938232401 ], [ 14.888471603393601, 40.572917938232401 ], [ 14.888471603393601, 40.573192596435597 ], [ 14.8881940841675, 40.573192596435597 ], [ 14.8881940841675, 40.573471069336001 ], [ 14.887915611267101, 40.573471069336001 ], [ 14.887915611267101, 40.573749542236399 ], [ 14.887638092041, 40.573749542236399 ], [ 14.887638092041, 40.574028015136697 ], [ 14.887361526489199, 40.574028015136697 ], [ 14.887361526489199, 40.574306488037102 ], [ 14.887082099914499, 40.574306488037102 ], [ 14.887082099914499, 40.574859619140703 ], [ 14.8868055343629, 40.574859619140703 ], [ 14.8868055343629, 40.575138092041101 ], [ 14.8865280151368, 40.575138092041101 ], [ 14.8865280151368, 40.575416564941499 ], [ 14.886249542236399, 40.575416564941499 ], [ 14.886249542236399, 40.575973510742202 ], [ 14.8859720230104, 40.575973510742202 ], [ 14.8859720230104, 40.5768051147462 ], [ 14.88569355011, 40.5768051147462 ], [ 14.88569355011, 40.577083587646598 ], [ 14.885416030883899, 40.577083587646598 ], [ 14.885416030883899, 40.577362060547003 ], [ 14.8851375579835, 40.577362060547003 ], [ 14.8851375579835, 40.577915191650398 ], [ 14.884861946106, 40.577915191650398 ], [ 14.884861946106, 40.578193664550803 ], [ 14.884584426879901, 40.578193664550803 ], [ 14.884584426879901, 40.5784721374512 ], [ 14.884305953979499, 40.5784721374512 ], [ 14.884305953979499, 40.579029083252003 ], [ 14.8840284347534, 40.579029083252003 ], [ 14.8840284347534, 40.579860687255902 ], [ 14.8837499618531, 40.579860687255902 ], [ 14.8837499618531, 40.5801391601563 ], [ 14.883472442626999, 40.5801391601563 ], [ 14.883472442626999, 40.580417633056598 ], [ 14.883238792419499, 40.580417633056598 ], [ 14.8831939697266, 40.580696105957003 ], [ 14.882916450500501, 40.580696105957003 ], [ 14.882916450500501, 40.580970764160298 ], [ 14.8826398849487, 40.580970764160298 ], [ 14.8826398849487, 40.581249237060703 ], [ 14.882362365722599, 40.581249237060703 ], [ 14.882362365722599, 40.581527709961001 ], [ 14.881806373596101, 40.581527709961001 ], [ 14.881806373596101, 40.581806182861399 ], [ 14.8815279006957, 40.581806182861399 ], [ 14.8815279006957, 40.582084655761797 ], [ 14.881250381469799, 40.582084655761797 ], [ 14.881250381469799, 40.582359313964801 ], [ 14.8809719085693, 40.582359313964801 ], [ 14.8809719085693, 40.582916259765703 ], [ 14.8806943893434, 40.582916259765703 ], [ 14.8806943893434, 40.583473205566499 ], [ 14.8804178237916, 40.583473205566499 ], [ 14.8804178237916, 40.583751678466903 ], [ 14.880140304565501, 40.583751678466903 ], [ 14.880140304565501, 40.584304809570298 ], [ 14.879861831665099, 40.584304809570298 ], [ 14.879861831665099, 40.584861755371101 ], [ 14.879584312439, 40.584861755371101 ], [ 14.879584312439, 40.585140228271499 ], [ 14.879305839538601, 40.585140228271499 ], [ 14.879305839538601, 40.585414886474702 ], [ 14.879028320312599, 40.585414886474702 ], [ 14.879028320312599, 40.585971832275398 ], [ 14.8787488937378, 40.585971832275398 ], [ 14.8787488937378, 40.586250305175803 ], [ 14.8784713745118, 40.586250305175803 ], [ 14.8784713745118, 40.5865287780762 ], [ 14.8781957626343, 40.5865287780762 ], [ 14.8781957626343, 40.586807250976598 ], [ 14.8779153823853, 40.586807250976598 ], [ 14.8779153823853, 40.587360382080199 ], [ 14.8776397705078, 40.587360382080199 ], [ 14.8776397705078, 40.587638854980597 ], [ 14.877361297607401, 40.587638854980597 ], [ 14.877361297607401, 40.587917327880902 ], [ 14.877082824706999, 40.587917327880902 ], [ 14.877082824706999, 40.588470458984403 ], [ 14.876805305481, 40.588470458984403 ], [ 14.876805305481, 40.588748931884702 ], [ 14.8765268325806, 40.588748931884702 ], [ 14.8765268325806, 40.589027404785099 ], [ 14.876249313354499, 40.589027404785099 ], [ 14.876249313354499, 40.589305877685703 ], [ 14.8759708404541, 40.589305877685703 ], [ 14.8759708404541, 40.589584350586001 ], [ 14.875693321228001, 40.589584350586001 ], [ 14.875693321228001, 40.589862823486399 ], [ 14.8754167556762, 40.589862823486399 ], [ 14.8754167556762, 40.590415954589801 ], [ 14.8751392364503, 40.590415954589801 ], [ 14.8751392364503, 40.590694427490199 ], [ 14.874860763549901, 40.590694427490199 ], [ 14.874860763549901, 40.590972900390597 ], [ 14.8745832443238, 40.590972900390597 ], [ 14.8745832443238, 40.591251373291001 ], [ 14.8743047714235, 40.591251373291001 ], [ 14.8743047714235, 40.591526031494197 ], [ 14.874027252197401, 40.591526031494197 ], [ 14.874027252197401, 40.591804504394602 ], [ 14.873748779296999, 40.591804504394602 ], [ 14.873748779296999, 40.592082977295 ], [ 14.873473167419499, 40.592082977295 ], [ 14.873473167419499, 40.592361450195398 ], [ 14.8731946945191, 40.592361450195398 ], [ 14.8731946945191, 40.592639923095803 ], [ 14.872917175293001, 40.592639923095803 ], [ 14.872917175293001, 40.5929183959962 ], [ 14.872638702392599, 40.5929183959962 ], [ 14.872638702392599, 40.593193054199297 ], [ 14.8723611831666, 40.593193054199297 ], [ 14.8723611831666, 40.593471527099702 ], [ 14.8720827102662, 40.593471527099702 ], [ 14.8720827102662, 40.59375 ], [ 14.871805191040099, 40.59375 ], [ 14.871805191040099, 40.594028472900497 ], [ 14.8712511062622, 40.594028472900497 ], [ 14.8712511062622, 40.594306945800803 ], [ 14.8709726333618, 40.594306945800803 ], [ 14.8709726333618, 40.594581604003899 ], [ 14.8704166412354, 40.594581604003899 ], [ 14.8704166412354, 40.594860076904297 ], [ 14.870139122009199, 40.594860076904297 ], [ 14.870139122009199, 40.595973968506001 ], [ 14.869860649108899, 40.595973968506001 ], [ 14.869860649108899, 40.596248626708999 ], [ 14.869304656982401, 40.596248626708999 ], [ 14.869304656982401, 40.596527099609403 ], [ 14.869029045105099, 40.596527099609403 ], [ 14.869029045105099, 40.596805572509801 ], [ 14.8687486648559, 40.596805572509801 ], [ 14.8687486648559, 40.597084045410099 ], [ 14.868473052978599, 40.597084045410099 ], [ 14.868473052978599, 40.597362518310497 ], [ 14.8681945800782, 40.597362518310497 ], [ 14.8681945800782, 40.5976371765137 ], [ 14.867917060852101, 40.5976371765137 ], [ 14.867917060852101, 40.598194122314503 ], [ 14.867638587951699, 40.598194122314503 ], [ 14.867638587951699, 40.598472595214901 ], [ 14.8670825958253, 40.598472595214901 ], [ 14.8670825958253, 40.598751068115298 ], [ 14.8668069839478, 40.598751068115298 ], [ 14.8668069839478, 40.599029541015703 ], [ 14.8662509918213, 40.599029541015703 ], [ 14.8662509918213, 40.599304199218899 ], [ 14.865694999694799, 40.599304199218899 ], [ 14.865694999694799, 40.60013961792 ], [ 14.8654165267944, 40.60013961792 ], [ 14.8654165267944, 40.600418090820398 ], [ 14.865138053894, 40.600418090820398 ], [ 14.865138053894, 40.600692749023402 ], [ 14.8648595809937, 40.600692749023402 ], [ 14.8648595809937, 40.601249694824197 ], [ 14.864582061767599, 40.601249694824197 ], [ 14.864582061767599, 40.601806640624901 ], [ 14.864307403564601, 40.601806640624901 ], [ 14.864307403564601, 40.602085113525497 ], [ 14.864028930664199, 40.602085113525497 ], [ 14.864028930664199, 40.602359771728601 ], [ 14.8637504577638, 40.602359771728601 ], [ 14.8637504577638, 40.602638244628899 ], [ 14.8634719848632, 40.602638244628899 ], [ 14.8634719848632, 40.602916717529297 ], [ 14.8629159927369, 40.602916717529297 ], [ 14.8629159927369, 40.603195190429702 ], [ 14.8626384735109, 40.603195190429702 ], [ 14.8626384735109, 40.603748321533303 ], [ 14.862360000610501, 40.603748321533303 ], [ 14.862360000610501, 40.6040267944337 ], [ 14.862084388733001, 40.6040267944337 ], [ 14.862084388733001, 40.604305267333999 ], [ 14.861805915832599, 40.604305267333999 ], [ 14.861805915832599, 40.604583740234403 ], [ 14.8615283966065, 40.604583740234403 ], [ 14.8615283966065, 40.604862213134801 ], [ 14.861249923706101, 40.604862213134801 ], [ 14.861249923706101, 40.605140686035199 ], [ 14.86097240448, 40.605140686035199 ], [ 14.86097240448, 40.605415344238402 ], [ 14.860693931579601, 40.605415344238402 ], [ 14.860693931579601, 40.6056938171388 ], [ 14.860416412353599, 40.6056938171388 ], [ 14.860416412353599, 40.605972290039198 ], [ 14.8601379394532, 40.605972290039198 ], [ 14.8601379394532, 40.606250762939602 ], [ 14.8598623275757, 40.606250762939602 ], [ 14.8598623275757, 40.60652923584 ], [ 14.859306335449199, 40.60652923584 ], [ 14.859306335449199, 40.607082366943402 ], [ 14.8590278625488, 40.607082366943402 ], [ 14.8590278625488, 40.607639312744098 ], [ 14.858471870422401, 40.607639312744098 ], [ 14.858471870422401, 40.607917785644503 ], [ 14.8581943511962, 40.607917785644503 ], [ 14.8581943511962, 40.608470916748097 ], [ 14.8579158782959, 40.608470916748097 ], [ 14.8579158782959, 40.608749389648501 ], [ 14.857640266418599, 40.608749389648501 ], [ 14.857640266418599, 40.6090278625488 ], [ 14.8573598861694, 40.6090278625488 ], [ 14.8573598861694, 40.609306335449197 ], [ 14.856805801391699, 40.609306335449197 ], [ 14.856805801391699, 40.609584808349602 ], [ 14.8565282821656, 40.609584808349602 ], [ 14.8565282821656, 40.609859466552798 ], [ 14.8562498092653, 40.609859466552798 ], [ 14.8562498092653, 40.610137939453203 ], [ 14.8559722900391, 40.610137939453203 ], [ 14.8559722900391, 40.610416412353601 ], [ 14.855416297912701, 40.610416412353601 ], [ 14.855416297912701, 40.610973358154403 ], [ 14.854862213134799, 40.610973358154403 ], [ 14.854862213134799, 40.611251831054702 ], [ 14.8545837402344, 40.611251831054702 ], [ 14.8545837402344, 40.611526489257898 ], [ 14.854306221008301, 40.611526489257898 ], [ 14.854306221008301, 40.611804962158303 ], [ 14.854027748107899, 40.611804962158303 ], [ 14.854027748107899, 40.6120834350587 ], [ 14.8537502288818, 40.6120834350587 ], [ 14.8537502288818, 40.612361907959098 ], [ 14.853471755981399, 40.612361907959098 ], [ 14.853471755981399, 40.612640380859503 ], [ 14.852917671203601, 40.612640380859503 ], [ 14.852917671203601, 40.6129150390625 ], [ 14.852640151977701, 40.6129150390625 ], [ 14.852640151977701, 40.613193511962898 ], [ 14.8523616790771, 40.613193511962898 ], [ 14.8523616790771, 40.613471984863303 ], [ 14.8520841598512, 40.613471984863303 ], [ 14.8520841598512, 40.614028930664098 ], [ 14.851805686950801, 40.614028930664098 ], [ 14.851805686950801, 40.614582061767599 ], [ 14.850971221923899, 40.614582061767599 ], [ 14.850971221923899, 40.615139007568402 ], [ 14.850695610046399, 40.615139007568402 ], [ 14.850695610046399, 40.6154174804688 ], [ 14.8501386642457, 40.6154174804688 ], [ 14.8501386642457, 40.615970611572401 ], [ 14.849582672119199, 40.615970611572401 ], [ 14.849582672119199, 40.616249084472798 ], [ 14.8493051528931, 40.616249084472798 ], [ 14.8493051528931, 40.616527557373097 ], [ 14.849026679992701, 40.616527557373097 ], [ 14.849026679992701, 40.616806030273501 ], [ 14.848749160766699, 40.616806030273501 ], [ 14.848749160766699, 40.617084503173899 ], [ 14.848472595214799, 40.617084503173899 ], [ 14.848472595214799, 40.617362976074297 ], [ 14.848193168640201, 40.617362976074297 ], [ 14.848193168640201, 40.617916107177798 ], [ 14.8479166030884, 40.617916107177798 ], [ 14.8479166030884, 40.618194580078203 ], [ 14.847639083862299, 40.618194580078203 ], [ 14.847639083862299, 40.618473052978601 ], [ 14.8473606109619, 40.618473052978601 ], [ 14.8473606109619, 40.618751525878999 ], [ 14.847083091735801, 40.618751525878999 ], [ 14.847083091735801, 40.619026184082003 ], [ 14.8465270996094, 40.619026184082003 ], [ 14.8465270996094, 40.619304656982401 ], [ 14.846248626709, 40.619304656982401 ], [ 14.846248626709, 40.619583129882798 ], [ 14.8456945419313, 40.619583129882798 ], [ 14.8456945419313, 40.619861602783203 ], [ 14.845417022705201, 40.619861602783203 ], [ 14.845417022705201, 40.620140075683601 ], [ 14.845138549804799, 40.620140075683601 ], [ 14.845138549804799, 40.620418548583999 ], [ 14.8448610305787, 40.620418548583999 ], [ 14.8448610305787, 40.620693206787202 ], [ 14.844582557678301, 40.620693206787202 ], [ 14.844582557678301, 40.620971679687599 ], [ 14.8440265655519, 40.620971679687599 ], [ 14.8440265655519, 40.621250152587898 ], [ 14.8437509536744, 40.621250152587898 ], [ 14.8437509536744, 40.621528625488303 ], [ 14.8434734344482, 40.621528625488303 ], [ 14.8434734344482, 40.6218070983887 ], [ 14.8431949615479, 40.6218070983887 ], [ 14.8431949615479, 40.622081756591903 ], [ 14.8429174423218, 40.622081756591903 ], [ 14.8429174423218, 40.622638702392699 ], [ 14.842638969421399, 40.622638702392699 ], [ 14.842638969421399, 40.622917175292997 ], [ 14.842082977294901, 40.622917175292997 ], [ 14.842082977294901, 40.623195648193402 ], [ 14.8418054580688, 40.623195648193402 ], [ 14.8418054580688, 40.6234741210938 ], [ 14.841528892516999, 40.6234741210938 ], [ 14.841528892516999, 40.624027252197202 ], [ 14.841251373291, 40.624027252197202 ], [ 14.841251373291, 40.624305725097798 ], [ 14.8406953811647, 40.624305725097798 ], [ 14.8406953811647, 40.624862670898601 ], [ 14.8404169082641, 40.624862670898601 ], [ 14.8404169082641, 40.625137329101598 ], [ 14.8401393890382, 40.625137329101598 ], [ 14.8401393890382, 40.625415802002003 ], [ 14.8398609161378, 40.625415802002003 ], [ 14.8398609161378, 40.625694274902301 ], [ 14.839026451111, 40.625694274902301 ], [ 14.839026451111, 40.625972747802699 ], [ 14.838473320007401, 40.625972747802699 ], [ 14.838473320007401, 40.626251220703097 ], [ 14.838194847106999, 40.626251220703097 ], [ 14.838194847106999, 40.6265258789063 ], [ 14.8379163742066, 40.626529693603501 ], [ 14.8379163742066, 40.627082824707102 ], [ 14.8376379013062, 40.627082824707102 ], [ 14.8376379013062, 40.627639770507898 ], [ 14.837360382080099, 40.627639770507898 ], [ 14.837360382080099, 40.627918243408303 ], [ 14.837084770202599, 40.627918243408303 ], [ 14.8370819091797, 40.628192901611399 ], [ 14.8368043899537, 40.628192901611399 ], [ 14.8368043899537, 40.628749847412202 ], [ 14.8365278244019, 40.628749847412202 ], [ 14.8365278244019, 40.629028320312599 ], [ 14.836250305175801, 40.629028320312599 ], [ 14.836250305175801, 40.629306793212898 ], [ 14.835415840148899, 40.629306793212898 ], [ 14.835415840148899, 40.629581451416001 ], [ 14.8348598480225, 40.629585266113303 ], [ 14.8348598480225, 40.629859924316399 ], [ 14.8343057632447, 40.629859924316399 ], [ 14.8343057632447, 40.630138397216697 ], [ 14.8340282440187, 40.630138397216697 ], [ 14.8340282440187, 40.630416870117102 ], [ 14.833749771118301, 40.630416870117102 ], [ 14.833749771118301, 40.630973815918097 ], [ 14.8334722518922, 40.630973815918097 ], [ 14.8334722518922, 40.631248474121101 ], [ 14.8329162597657, 40.631248474121101 ], [ 14.8329162597657, 40.631805419921903 ], [ 14.8326377868653, 40.631805419921903 ], [ 14.8326377868653, 40.632083892822301 ], [ 14.8323621749878, 40.632083892822301 ], [ 14.8323621749878, 40.632362365722699 ], [ 14.831527709961, 40.632362365722699 ], [ 14.831527709961, 40.6329154968262 ], [ 14.831250190734901, 40.6329154968262 ], [ 14.831250190734901, 40.633472442627003 ], [ 14.830971717834499, 40.633472442627003 ], [ 14.830971717834499, 40.633750915527401 ], [ 14.8306941986084, 40.633750915527401 ], [ 14.8306941986084, 40.634029388427798 ], [ 14.8304157257081, 40.634029388427798 ], [ 14.8304157257081, 40.634304046631001 ], [ 14.829584121704, 40.634304046631001 ], [ 14.829584121704, 40.634860992431797 ], [ 14.8293056488037, 40.634860992431797 ], [ 14.8293056488037, 40.635139465332102 ], [ 14.829028129577599, 40.635139465332102 ], [ 14.829028129577599, 40.6354179382325 ], [ 14.8287496566772, 40.6354179382325 ], [ 14.8287496566772, 40.635692596435497 ], [ 14.8279180526734, 40.635692596435497 ], [ 14.8279180526734, 40.635971069335902 ], [ 14.8276376724243, 40.635971069335902 ], [ 14.8276376724243, 40.636528015136697 ], [ 14.8273620605469, 40.636528015136697 ], [ 14.8273620605469, 40.636806488037102 ], [ 14.8270835876465, 40.636806488037102 ], [ 14.8270835876465, 40.637359619140703 ], [ 14.826806068420501, 40.637359619140703 ], [ 14.826806068420501, 40.637916564941399 ], [ 14.826527595520099, 40.637916564941399 ], [ 14.826527595520099, 40.638195037841797 ], [ 14.826250076294, 40.638195037841797 ], [ 14.826250076294, 40.638473510742202 ], [ 14.825971603393601, 40.638473510742202 ], [ 14.825971603393601, 40.638748168945398 ], [ 14.8256931304932, 40.638748168945398 ], [ 14.8256931304932, 40.639026641845803 ], [ 14.8254146575928, 40.639026641845803 ], [ 14.8254146575928, 40.6393051147462 ], [ 14.8251399993896, 40.6393051147462 ], [ 14.8251399993896, 40.639583587646499 ], [ 14.8248615264893, 40.639583587646499 ], [ 14.8248615264893, 40.639862060546903 ], [ 14.8245840072632, 40.639862060546903 ], [ 14.8245840072632, 40.640140533447301 ], [ 14.8231964111329, 40.640140533447301 ], [ 14.8231964111329, 40.640415191650497 ], [ 14.8223609924318, 40.640415191650497 ], [ 14.8223609924318, 40.640693664550902 ], [ 14.8220834732057, 40.640693664550902 ], [ 14.8220834732057, 40.641250610351698 ], [ 14.8218050003053, 40.641250610351698 ], [ 14.8218050003053, 40.641529083252102 ], [ 14.821526527404901, 40.641529083252102 ], [ 14.821526527404901, 40.641803741455099 ], [ 14.8209733963013, 40.641803741455099 ], [ 14.8209733963013, 40.642082214355497 ], [ 14.8206949234009, 40.642082214355497 ], [ 14.820693016052401, 40.642360687255902 ], [ 14.820417404174901, 40.642360687255902 ], [ 14.820417404174901, 40.6426391601562 ], [ 14.820138931274499, 40.6426391601562 ], [ 14.820138931274499, 40.642917633056598 ], [ 14.819582939148001, 40.642917633056598 ], [ 14.819582939148001, 40.643196105957003 ], [ 14.8193054199219, 40.643196105957003 ], [ 14.8193054199219, 40.643749237060597 ], [ 14.8190269470215, 40.643749237060597 ], [ 14.8190269470215, 40.644027709960902 ], [ 14.818470954895099, 40.644027709960902 ], [ 14.818470954895099, 40.6443061828613 ], [ 14.8179168701172, 40.6443061828613 ], [ 14.8179168701172, 40.644584655761697 ], [ 14.817639350891101, 40.644584655761697 ], [ 14.817639350891101, 40.644859313965 ], [ 14.8173608779907, 40.644859313965 ], [ 14.8173608779907, 40.645137786865298 ], [ 14.816804885864199, 40.645137786865298 ], [ 14.816804885864199, 40.645416259765703 ], [ 14.8165273666381, 40.645416259765703 ], [ 14.8165273666381, 40.645973205566499 ], [ 14.816248893737701, 40.645973205566499 ], [ 14.816248893737701, 40.646251678466903 ], [ 14.8159732818604, 40.646251678466903 ], [ 14.8159732818604, 40.64652633667 ], [ 14.815694808960099, 40.64652633667 ], [ 14.815694808960099, 40.646804809570398 ], [ 14.815138816833599, 40.646804809570398 ], [ 14.815138816833599, 40.647083282470803 ], [ 14.814582824707101, 40.647083282470803 ], [ 14.814582824707101, 40.6473617553712 ], [ 14.814305305481, 40.6473617553712 ], [ 14.814305305481, 40.647640228271598 ], [ 14.813472747802701, 40.647640228271598 ], [ 14.813472747802701, 40.647914886474602 ], [ 14.8129167556763, 40.647914886474602 ], [ 14.8129167556763, 40.648471832275398 ], [ 14.812639236450201, 40.648471832275398 ], [ 14.812639236450201, 40.648750305175803 ], [ 14.812360763549799, 40.648750305175803 ], [ 14.812360763549799, 40.6490287780762 ], [ 14.8118066787719, 40.6490287780762 ], [ 14.8118066787719, 40.649307250976499 ], [ 14.811529159546, 40.649307250976499 ], [ 14.811529159546, 40.649581909179702 ], [ 14.810973167419499, 40.649581909179702 ], [ 14.810973167419499, 40.649860382080099 ], [ 14.8106937408447, 40.649860382080099 ], [ 14.8106937408447, 40.650138854980497 ], [ 14.8104162216188, 40.650138854980497 ], [ 14.8104162216188, 40.650417327880902 ], [ 14.8101377487182, 40.650417327880902 ], [ 14.8101377487182, 40.6506958007812 ], [ 14.809860229492299, 40.6506958007812 ], [ 14.809860229492299, 40.650970458984503 ], [ 14.809304237365801, 40.650970458984503 ], [ 14.809304237365801, 40.651248931884901 ], [ 14.809027671814, 40.651248931884901 ], [ 14.809027671814, 40.651527404785199 ], [ 14.8087501525879, 40.651527404785199 ], [ 14.8087501525879, 40.651805877685597 ], [ 14.807915687561101, 40.651805877685597 ], [ 14.807915687561101, 40.652362823486399 ], [ 14.807638168335, 40.652362823486399 ], [ 14.807638168335, 40.652637481689403 ], [ 14.8065280914307, 40.652637481689403 ], [ 14.8065280914307, 40.65291595459 ], [ 14.805416107177701, 40.65291595459 ], [ 14.805416107177701, 40.653751373291101 ], [ 14.805137634277299, 40.653751373291101 ], [ 14.805137634277299, 40.654026031494098 ], [ 14.8048620224, 40.654026031494098 ], [ 14.8048620224, 40.654861450195298 ], [ 14.804583549499601, 40.654861450195298 ], [ 14.804583549499601, 40.655139923095703 ], [ 14.804306030273599, 40.655139923095703 ], [ 14.804306030273599, 40.655418395996101 ], [ 14.803750038147101, 40.655418395996101 ], [ 14.803750038147101, 40.655693054199297 ], [ 14.8031940460206, 40.655693054199297 ], [ 14.8031940460206, 40.655971527099702 ], [ 14.802639961242701, 40.655971527099702 ], [ 14.802639961242701, 40.65625 ], [ 14.801806449890099, 40.65625 ], [ 14.801806449890099, 40.656528472900398 ], [ 14.8015279769897, 40.656528472900398 ], [ 14.8015279769897, 40.656806945800803 ], [ 14.8012504577637, 40.656806945800803 ], [ 14.8012504577637, 40.657081604003999 ], [ 14.800971984863301, 40.657081604003999 ], [ 14.800971984863301, 40.657360076904403 ], [ 14.8006944656372, 40.657360076904403 ], [ 14.8006944656372, 40.657638549804801 ], [ 14.8001384735107, 40.657638549804801 ], [ 14.8001384735107, 40.657917022705099 ], [ 14.799861907958901, 40.657917022705099 ], [ 14.799861907958901, 40.658195495605497 ], [ 14.799584388733001, 40.658195495605497 ], [ 14.799584388733001, 40.658473968505902 ], [ 14.7990283966066, 40.658473968505902 ], [ 14.7990283966066, 40.658748626708899 ], [ 14.7987499237062, 40.658748626708899 ], [ 14.7987499237062, 40.659027099609297 ], [ 14.798471450805801, 40.659027099609297 ], [ 14.798471450805801, 40.659305572509901 ], [ 14.798195838928301, 40.659305572509901 ], [ 14.798195838928301, 40.659584045410298 ], [ 14.7979154586793, 40.659584045410298 ], [ 14.7979154586793, 40.659862518310703 ], [ 14.7973623275757, 40.659862518310703 ], [ 14.7973623275757, 40.6601371765137 ], [ 14.796805381775, 40.6601371765137 ], [ 14.796805381775, 40.660415649414098 ], [ 14.796526908874601, 40.660415649414098 ], [ 14.796526908874601, 40.660694122314503 ], [ 14.795416831970201, 40.660694122314503 ], [ 14.795416831970201, 40.660972595214801 ], [ 14.794583320617701, 40.660972595214801 ], [ 14.794583320617701, 40.661251068115199 ], [ 14.792917251586999, 40.661251068115199 ], [ 14.792917251586999, 40.661529541015597 ], [ 14.7926387786866, 40.661529541015597 ], [ 14.7926387786866, 40.6618041992188 ], [ 14.7923612594606, 40.6618041992188 ], [ 14.7923612594606, 40.662082672119197 ], [ 14.7915267944337, 40.662082672119197 ], [ 14.7915267944337, 40.663192749023501 ], [ 14.7912511825562, 40.663192749023501 ], [ 14.7912511825562, 40.663749694824297 ], [ 14.790972709655801, 40.663749694824297 ], [ 14.7909708023072, 40.664028167724702 ], [ 14.7906951904297, 40.664028167724702 ], [ 14.7906951904297, 40.664306640625099 ], [ 14.7904167175294, 40.664306640625099 ], [ 14.7904167175294, 40.664585113525398 ], [ 14.7898607254029, 40.664585113525398 ], [ 14.7898607254029, 40.664859771728501 ], [ 14.789304733276399, 40.664859771728501 ], [ 14.789304733276399, 40.6651382446288 ], [ 14.789029121398899, 40.6651382446288 ], [ 14.789029121398899, 40.665416717529197 ], [ 14.788194656371999, 40.665416717529197 ], [ 14.788194656371999, 40.665695190429801 ], [ 14.787638664245501, 40.665695190429801 ], [ 14.787638664245501, 40.665973663330199 ], [ 14.7865266799928, 40.665973663330199 ], [ 14.7865266799928, 40.666248321533203 ], [ 14.785972595214901, 40.666248321533203 ], [ 14.785972595214901, 40.666526794433601 ], [ 14.7854166030884, 40.666526794433601 ], [ 14.7854166030884, 40.666805267333999 ], [ 14.785139083862401, 40.666805267333999 ], [ 14.785139083862401, 40.667083740234403 ], [ 14.784859657287701, 40.667083740234403 ], [ 14.784859657287701, 40.667362213134801 ], [ 14.784029006958001, 40.667362213134801 ], [ 14.784029006958001, 40.667640686035199 ], [ 14.783750534057599, 40.667640686035199 ], [ 14.783750534057599, 40.667915344238303 ], [ 14.7831935882568, 40.667915344238303 ], [ 14.7831935882568, 40.6681938171387 ], [ 14.782916069030801, 40.6681938171387 ], [ 14.782916069030801, 40.668472290039098 ], [ 14.781528472900501, 40.668472290039098 ], [ 14.781528472900501, 40.668750762939503 ], [ 14.78125, 40.668750762939503 ], [ 14.78125, 40.669029235839901 ], [ 14.7809715270997, 40.669029235839901 ], [ 14.7809715270997, 40.669303894043097 ], [ 14.7798624038697, 40.669303894043097 ], [ 14.7798624038697, 40.669582366943501 ], [ 14.7795820236207, 40.669582366943501 ], [ 14.7795820236207, 40.669860839843899 ], [ 14.7793064117432, 40.669860839843899 ], [ 14.7793064117432, 40.670139312744297 ], [ 14.7787504196168, 40.670139312744297 ], [ 14.7787504196168, 40.670417785644602 ], [ 14.777640342712401, 40.670417785644602 ], [ 14.7776384353638, 40.670696258545 ], [ 14.7773599624634, 40.670696258545 ], [ 14.7773599624634, 40.670970916747997 ], [ 14.776805877685501, 40.670970916747997 ], [ 14.776805877685501, 40.671249389648402 ], [ 14.7765283584594, 40.671249389648402 ], [ 14.7765283584594, 40.670696258545 ], [ 14.775972366332899, 40.670696258545 ], [ 14.775972366332899, 40.670970916747997 ], [ 14.775416374206699, 40.670970916747997 ], [ 14.775416374206699, 40.6715278625488 ], [ 14.773750305175801, 40.6715278625488 ], [ 14.773750305175801, 40.671806335449197 ], [ 14.772084236145, 40.671806335449197 ], [ 14.772084236145, 40.672084808349702 ], [ 14.7718057632446, 40.672084808349702 ], [ 14.7718057632446, 40.672359466552798 ], [ 14.7706956863404, 40.672359466552798 ], [ 14.7706956863404, 40.672084808349702 ], [ 14.769582748413001, 40.672084808349702 ], [ 14.769582748413001, 40.671806335449197 ], [ 14.7692117691041, 40.671806335449197 ], [ 14.769026756286699, 40.671806335449197 ], [ 14.769026756286699, 40.6715278625488 ], [ 14.7687492370607, 40.6715278625488 ], [ 14.7687492370607, 40.671249389648402 ], [ 14.768193244934199, 40.671249389648402 ], [ 14.768193244934199, 40.670696258545 ], [ 14.7676391601563, 40.670696258545 ], [ 14.7676391601563, 40.670970916747997 ], [ 14.7673606872559, 40.670970916747997 ], [ 14.7673606872559, 40.671249389648402 ], [ 14.767083168029799, 40.671249389648402 ], [ 14.767083168029799, 40.6715278625488 ], [ 14.7665271759034, 40.6715278625488 ], [ 14.7665271759034, 40.671806335449197 ], [ 14.7659711837769, 40.671806335449197 ], [ 14.7659711837769, 40.672698974609403 ], [ 14.7659711837769, 40.674304962158303 ], [ 14.765694618225099, 40.674304962158303 ], [ 14.765694618225099, 40.6745834350587 ], [ 14.764305114746, 40.6745834350587 ], [ 14.764305114746, 40.674861907958999 ], [ 14.7637510299684, 40.674861907958999 ], [ 14.7637510299684, 40.675140380859403 ], [ 14.763472557068001, 40.675140380859403 ], [ 14.763472557068001, 40.675415039062599 ], [ 14.7618045806885, 40.675415039062599 ], [ 14.7618045806885, 40.675693511962997 ], [ 14.761251449585, 40.675693511962997 ], [ 14.761248588562101, 40.675971984863402 ], [ 14.7604169845581, 40.675971984863402 ], [ 14.7604169845581, 40.6762504577638 ], [ 14.760139465331999, 40.6762504577638 ], [ 14.760139465331999, 40.676528930664198 ], [ 14.7595834732056, 40.676528930664198 ], [ 14.7595834732056, 40.676807403564602 ], [ 14.7593069076538, 40.676807403564602 ], [ 14.7593069076538, 40.677082061767599 ], [ 14.759025573730501, 40.677082061767599 ], [ 14.759025573730501, 40.677360534667997 ], [ 14.7576379776, 40.677360534667997 ], [ 14.7576379776, 40.677639007568402 ], [ 14.756804466247701, 40.677639007568402 ], [ 14.756804466247701, 40.677360534667997 ], [ 14.7558708190918, 40.677360534667997 ], [ 14.7554159164429, 40.677360534667997 ], [ 14.7554159164429, 40.677082061767599 ], [ 14.7551383972169, 40.677082061767599 ], [ 14.7551383972169, 40.676807403564602 ], [ 14.7548599243165, 40.676807403564602 ], [ 14.7548599243165, 40.676284790039098 ], [ 14.754584312439, 40.6762504577638 ], [ 14.754584312439, 40.675991058349702 ], [ 14.754584312439, 40.675693511962997 ], [ 14.7544746398925, 40.675693511962997 ], [ 14.754305839538601, 40.675693511962997 ], [ 14.754305839538601, 40.675415039062599 ], [ 14.7540283203125, 40.675415039062599 ], [ 14.7540283203125, 40.674861907958999 ], [ 14.753682136535801, 40.674861907958999 ], [ 14.7531938552856, 40.674861907958999 ], [ 14.7531938552856, 40.6745834350587 ], [ 14.752916336059601, 40.6745834350587 ], [ 14.752916336059601, 40.674026489257898 ], [ 14.7531938552856, 40.674026489257898 ], [ 14.7531938552856, 40.673751831054702 ], [ 14.754305839538601, 40.673751831054702 ], [ 14.754305839538601, 40.673473358154297 ], [ 14.754584312439, 40.673473358154297 ], [ 14.754584312439, 40.673194885253899 ], [ 14.754667282104601, 40.673194885253899 ], [ 14.7548599243165, 40.673194885253899 ], [ 14.7548599243165, 40.672916412353501 ], [ 14.7551383972169, 40.672916412353501 ], [ 14.7551383972169, 40.672359466552798 ], [ 14.7554159164429, 40.672359466552798 ], [ 14.7554159164429, 40.672164916992301 ], [ 14.7554159164429, 40.672092437744098 ], [ 14.755694389343301, 40.672084808349702 ], [ 14.755694389343301, 40.671806335449197 ], [ 14.7551383972169, 40.671806335449197 ], [ 14.7551383972169, 40.6715278625488 ], [ 14.754975318908601, 40.6715278625488 ], [ 14.7548599243165, 40.6715278625488 ], [ 14.7548599243165, 40.671382904052699 ], [ 14.7548599243165, 40.671249389648402 ], [ 14.754757881164499, 40.671249389648402 ], [ 14.7544240951538, 40.671249389648402 ], [ 14.754305839538601, 40.671249389648402 ], [ 14.754305839538601, 40.671100616455199 ], [ 14.754305839538601, 40.670970916747997 ], [ 14.754205703735501, 40.670970916747997 ], [ 14.7540283203125, 40.670970916747997 ], [ 14.7540283203125, 40.670745849609403 ], [ 14.753472328186, 40.670696258545 ], [ 14.753472328186, 40.671249389648402 ], [ 14.7531938552856, 40.671249389648402 ], [ 14.7531938552856, 40.671806335449197 ], [ 14.752916336059601, 40.671806335449197 ], [ 14.752916336059601, 40.672084808349702 ], [ 14.752637863159199, 40.672084808349702 ], [ 14.752637863159199, 40.672359466552798 ], [ 14.7523622512819, 40.672359466552798 ], [ 14.7523622512819, 40.672637939453097 ], [ 14.7518062591554, 40.672637939453097 ], [ 14.7518062591554, 40.673473358154297 ], [ 14.751527786255, 40.673473358154297 ], [ 14.751527786255, 40.675693511962997 ], [ 14.751250267028899, 40.675693511962997 ], [ 14.751250267028899, 40.675971984863402 ], [ 14.7509717941285, 40.675971984863402 ], [ 14.7509717941285, 40.6762504577638 ], [ 14.750694274902401, 40.6762504577638 ], [ 14.750694274902401, 40.676528930664198 ], [ 14.750415802002101, 40.676528930664198 ], [ 14.750415802002101, 40.676807403564602 ], [ 14.749305725097701, 40.676807403564602 ], [ 14.749305725097701, 40.676528930664198 ], [ 14.748472213745099, 40.676528930664198 ], [ 14.748472213745099, 40.6762504577638 ], [ 14.7481937408447, 40.6762504577638 ], [ 14.7481937408447, 40.675140380859403 ], [ 14.748472213745099, 40.675140380859403 ], [ 14.748472213745099, 40.6745834350587 ], [ 14.7487497329712, 40.6745834350587 ], [ 14.7487497329712, 40.673194885253899 ], [ 14.7481937408447, 40.673194885253899 ], [ 14.7481937408447, 40.672916412353501 ], [ 14.747083663940399, 40.672916412353501 ], [ 14.747083663940399, 40.673751831054702 ], [ 14.746806144714499, 40.673751831054702 ], [ 14.746806144714499, 40.674026489257898 ], [ 14.746527671813899, 40.674026489257898 ], [ 14.746527671813899, 40.674304962158303 ], [ 14.746250152588001, 40.674304962158303 ], [ 14.746250152588001, 40.674861907958999 ], [ 14.745971679687599, 40.674861907958999 ], [ 14.745971679687599, 40.675140380859403 ], [ 14.7456941604615, 40.675140380859403 ], [ 14.7456941604615, 40.675415039062599 ], [ 14.7446718215943, 40.675415039062599 ], [ 14.744027137756399, 40.675415039062599 ], [ 14.744027137756399, 40.675140380859403 ], [ 14.743748664856, 40.675140380859403 ], [ 14.743748664856, 40.674304962158303 ], [ 14.744027137756399, 40.674304962158303 ], [ 14.744027137756399, 40.674026489257898 ], [ 14.7443056106568, 40.674026489257898 ], [ 14.7443056106568, 40.673751831054702 ], [ 14.7445840835572, 40.673751831054702 ], [ 14.7445840835572, 40.673473358154297 ], [ 14.744861602783301, 40.673473358154297 ], [ 14.744861602783301, 40.673194885253899 ], [ 14.7451400756837, 40.673194885253899 ], [ 14.7451400756837, 40.672981262207003 ], [ 14.7451400756837, 40.672359466552798 ], [ 14.744861602783301, 40.672359466552798 ], [ 14.744861602783301, 40.672084808349702 ], [ 14.7445840835572, 40.672084808349702 ], [ 14.7445840835572, 40.671806335449197 ], [ 14.744027137756399, 40.671806335449197 ], [ 14.744027137756399, 40.6715278625488 ], [ 14.743714332580501, 40.6715278625488 ], [ 14.743195533752401, 40.6715278625488 ], [ 14.743195533752401, 40.671806335449197 ], [ 14.7423610687256, 40.671806335449197 ], [ 14.7423610687256, 40.672084808349702 ], [ 14.7418050765991, 40.672084808349702 ], [ 14.7418050765991, 40.672359466552798 ], [ 14.7415266036987, 40.672359466552798 ], [ 14.7415266036987, 40.672637939453097 ], [ 14.7406930923462, 40.672637939453097 ], [ 14.7406930923462, 40.672916412353501 ], [ 14.739583015441999, 40.672916412353501 ], [ 14.739583015441999, 40.672637939453097 ], [ 14.7393045425416, 40.672637939453097 ], [ 14.7393045425416, 40.672359466552798 ], [ 14.739027023315501, 40.672359466552798 ], [ 14.739027023315501, 40.6715278625488 ], [ 14.7393045425416, 40.6715278625488 ], [ 14.7393045425416, 40.671249389648402 ], [ 14.739583015441999, 40.671249389648402 ], [ 14.739583015441999, 40.671142578125099 ], [ 14.739583015441999, 40.670696258545 ], [ 14.7398605346681, 40.670696258545 ], [ 14.7398605346681, 40.670497894287202 ], [ 14.7398605346681, 40.670417785644602 ], [ 14.7418050765991, 40.670417785644602 ], [ 14.7418050765991, 40.670139312744297 ], [ 14.7423610687256, 40.670139312744297 ], [ 14.7423610687256, 40.669860839843899 ], [ 14.742639541626, 40.669860839843899 ], [ 14.742639541626, 40.669582366943501 ], [ 14.742082595825201, 40.669582366943501 ], [ 14.742082595825201, 40.669303894043097 ], [ 14.7418050765991, 40.669303894043097 ], [ 14.7418050765991, 40.669029235839901 ], [ 14.7415266036987, 40.669029235839901 ], [ 14.7415266036987, 40.669303894043097 ], [ 14.7401390075685, 40.669303894043097 ], [ 14.7401390075685, 40.669582366943501 ], [ 14.7393045425416, 40.669582366943501 ], [ 14.7393045425416, 40.669860839843899 ], [ 14.738751411438001, 40.669860839843899 ], [ 14.738751411438001, 40.670139312744297 ], [ 14.7381267547607, 40.670139312744297 ], [ 14.7379169464112, 40.670139312744297 ], [ 14.7379169464112, 40.670417785644602 ], [ 14.7373609542847, 40.670417785644602 ], [ 14.7373609542847, 40.670696258545 ], [ 14.7356948852538, 40.670696258545 ], [ 14.7356948852538, 40.670417785644602 ], [ 14.7354173660278, 40.670417785644602 ], [ 14.7353916168213, 40.670696258545 ], [ 14.7345829010009, 40.670696258545 ], [ 14.7345829010009, 40.670417785644602 ], [ 14.734305381775, 40.670417785644602 ], [ 14.734305381775, 40.670139312744297 ], [ 14.7340288162232, 40.670139312744297 ], [ 14.7340288162232, 40.670417785644602 ], [ 14.7331953048707, 40.670417785644602 ], [ 14.7331953048707, 40.670139312744297 ], [ 14.732639312744199, 40.670139312744297 ], [ 14.732639312744199, 40.669860839843899 ], [ 14.7323608398438, 40.669860839843899 ], [ 14.7323608398438, 40.668945312499901 ], [ 14.7323608398438, 40.668472290039098 ], [ 14.731529235839799, 40.668472290039098 ], [ 14.731526374816999, 40.668750762939503 ], [ 14.731416702270501, 40.668750762939503 ], [ 14.730416297912599, 40.668750762939503 ], [ 14.7303981781006, 40.66854095459 ], [ 14.7301378250122, 40.668472290039098 ], [ 14.7301378250122, 40.6681938171387 ], [ 14.7295846939088, 40.6681938171387 ], [ 14.7295846939088, 40.667640686035199 ], [ 14.7293043136597, 40.667640686035199 ], [ 14.7293043136597, 40.667083740234403 ], [ 14.728750228881999, 40.667083740234403 ], [ 14.728750228881999, 40.667362213134801 ], [ 14.728194236755501, 40.667362213134801 ], [ 14.728194236755501, 40.667083740234403 ], [ 14.727915763855099, 40.667083740234403 ], [ 14.727915763855099, 40.666805267333999 ], [ 14.7268056869507, 40.666805267333999 ], [ 14.7268056869507, 40.667083740234403 ], [ 14.7265281677247, 40.667083740234403 ], [ 14.7265281677247, 40.666805267333999 ], [ 14.7251377105713, 40.666805267333999 ], [ 14.7251377105713, 40.667083740234403 ], [ 14.724306106567401, 40.667083740234403 ], [ 14.724306106567401, 40.666805267333999 ], [ 14.723471641540501, 40.666805267333999 ], [ 14.723471641540501, 40.666526794433601 ], [ 14.722330093383899, 40.666526794433601 ], [ 14.7215280532837, 40.666526794433601 ], [ 14.7215280532837, 40.666248321533203 ], [ 14.7212495803834, 40.666248321533203 ], [ 14.7212495803834, 40.666526794433601 ], [ 14.7195844650269, 40.666526794433601 ], [ 14.7195844650269, 40.666248321533203 ], [ 14.7190284729004, 40.666248321533203 ], [ 14.7190284729004, 40.665973663330199 ], [ 14.71875, 40.665973663330199 ], [ 14.71875, 40.665695190429801 ], [ 14.7184715270996, 40.665695190429801 ], [ 14.7184715270996, 40.665416717529197 ], [ 14.718193054199199, 40.665416717529197 ], [ 14.718193054199199, 40.6651382446288 ], [ 14.7179145812988, 40.6651382446288 ], [ 14.7179145812988, 40.664859771728501 ], [ 14.717639923095801, 40.664859771728501 ], [ 14.717639923095801, 40.664585113525398 ], [ 14.7170839309694, 40.664585113525398 ], [ 14.7170839309694, 40.664306640625099 ], [ 14.716805458069, 40.664306640625099 ], [ 14.716805458069, 40.664028167724702 ], [ 14.716526985168599, 40.664028167724702 ], [ 14.716526985168599, 40.663471221923899 ], [ 14.715696334838899, 40.663471221923899 ], [ 14.715696334838899, 40.663192749023501 ], [ 14.7151393890381, 40.663192749023501 ], [ 14.7151393890381, 40.662918090820398 ], [ 14.7148609161378, 40.662918090820398 ], [ 14.7148609161378, 40.66263961792 ], [ 14.714583396911699, 40.66263961792 ], [ 14.714583396911699, 40.662361145019602 ], [ 14.7143049240113, 40.662361145019602 ], [ 14.7143049240113, 40.6618041992188 ], [ 14.714027404785201, 40.6618041992188 ], [ 14.714027404785201, 40.660972595214801 ], [ 14.713748931884799, 40.660972595214801 ], [ 14.713748931884799, 40.660694122314503 ], [ 14.7131948471069, 40.660694122314503 ], [ 14.7131948471069, 40.660415649414098 ], [ 14.7129173278809, 40.660415649414098 ], [ 14.7129173278809, 40.658473968505902 ], [ 14.7131948471069, 40.658473968505902 ], [ 14.7131948471069, 40.658195495605497 ], [ 14.7129173278809, 40.658195495605497 ], [ 14.7129173278809, 40.657638549804801 ], [ 14.712638854980501, 40.657638549804801 ], [ 14.712638854980501, 40.657360076904403 ], [ 14.7123613357544, 40.657360076904403 ], [ 14.7123613357544, 40.657081604003999 ], [ 14.710970878601, 40.657081604003999 ], [ 14.710970878601, 40.656806945800803 ], [ 14.7106952667237, 40.656806945800803 ], [ 14.7106952667237, 40.656528472900398 ], [ 14.7101392745972, 40.656528472900398 ], [ 14.7101392745972, 40.65625 ], [ 14.709583282470801, 40.65625 ], [ 14.709583282470801, 40.655971527099702 ], [ 14.7093048095704, 40.655971527099702 ], [ 14.7093048095704, 40.655418395996101 ], [ 14.7090291976929, 40.655418395996101 ], [ 14.7090272903443, 40.654861450195298 ], [ 14.708748817443899, 40.654861450195298 ], [ 14.708748817443899, 40.654026031494098 ], [ 14.708473205566399, 40.654026031494098 ], [ 14.708473205566399, 40.653751373291101 ], [ 14.708194732666, 40.653751373291101 ], [ 14.708194732666, 40.653194427490298 ], [ 14.707638740539601, 40.653194427490298 ], [ 14.707638740539601, 40.65291595459 ], [ 14.7073612213135, 40.65291595459 ], [ 14.7073612213135, 40.652637481689403 ], [ 14.706907272338899, 40.652637481689403 ], [ 14.706805229186999, 40.652637481689403 ], [ 14.706805229186999, 40.6524887084962 ], [ 14.706805229186999, 40.652084350586001 ], [ 14.7065267562866, 40.652084350586001 ], [ 14.7065267562866, 40.651805877685597 ], [ 14.7063255310059, 40.651805877685597 ], [ 14.7062511444093, 40.651805877685597 ], [ 14.7062511444093, 40.651699066162102 ], [ 14.7062511444093, 40.6506958007812 ], [ 14.7059726715087, 40.6506958007812 ], [ 14.7059726715087, 40.650417327880902 ], [ 14.7059726715087, 40.650138854980497 ], [ 14.7056903839112, 40.650138854980497 ], [ 14.705139160156399, 40.650138854980497 ], [ 14.705139160156399, 40.6495971679688 ], [ 14.704860687256, 40.649581909179702 ], [ 14.704860687256, 40.649322509765597 ], [ 14.704860687256, 40.647914886474602 ], [ 14.7045822143556, 40.647914886474602 ], [ 14.7045822143556, 40.647640228271598 ], [ 14.7043066024781, 40.647640228271598 ], [ 14.7043066024781, 40.647377014160298 ], [ 14.7045822143556, 40.6473617553712 ], [ 14.7045822143556, 40.647083282470803 ], [ 14.7043066024781, 40.647083282470803 ], [ 14.7043066024781, 40.646804809570398 ], [ 14.704029083251999, 40.646804809570398 ], [ 14.704029083251999, 40.645973205566499 ], [ 14.7037506103516, 40.645973205566499 ], [ 14.7037506103516, 40.645694732666101 ], [ 14.703473091125501, 40.645694732666101 ], [ 14.703473091125501, 40.645416259765703 ], [ 14.7037506103516, 40.645416259765703 ], [ 14.7037506103516, 40.6443061828613 ], [ 14.703193664550801, 40.6443061828613 ], [ 14.703193664550801, 40.644027709960902 ], [ 14.702412605285801, 40.644027709960902 ], [ 14.70152759552, 40.644027709960902 ], [ 14.70152759552, 40.643749237060597 ], [ 14.701250076293899, 40.643749237060597 ], [ 14.701250076293899, 40.643470764160199 ], [ 14.700971603393601, 40.643470764160199 ], [ 14.700971603393601, 40.644027709960902 ], [ 14.7005262374878, 40.644027709960902 ], [ 14.6990280151368, 40.644027709960902 ], [ 14.6990280151368, 40.643470764160199 ], [ 14.698749542236399, 40.643470764160199 ], [ 14.698749542236399, 40.642917633056598 ], [ 14.6984720230104, 40.642917633056598 ], [ 14.6984720230104, 40.641517639160199 ], [ 14.6984720230104, 40.639862060546903 ], [ 14.69819355011, 40.639862060546903 ], [ 14.69819355011, 40.639583587646499 ], [ 14.6976375579835, 40.639583587646499 ], [ 14.6976375579835, 40.6393051147462 ], [ 14.697360038757401, 40.6393051147462 ], [ 14.697360038757401, 40.638748168945398 ], [ 14.697084426879901, 40.638748168945398 ], [ 14.697084426879901, 40.637638092041001 ], [ 14.6965284347534, 40.637638092041001 ], [ 14.6965284347534, 40.637084960937599 ], [ 14.696249961853001, 40.637084960937599 ], [ 14.696249961853001, 40.636806488037102 ], [ 14.695972442626999, 40.636806488037102 ], [ 14.695972442626999, 40.636528015136697 ], [ 14.6951398849487, 40.636528015136697 ], [ 14.6951398849487, 40.636806488037102 ], [ 14.694862365722599, 40.636806488037102 ], [ 14.694862365722599, 40.636528015136697 ], [ 14.6945838928222, 40.636528015136697 ], [ 14.6945838928222, 40.6362495422363 ], [ 14.6943063735963, 40.6362495422363 ], [ 14.6943063735963, 40.6354179382325 ], [ 14.6940279006957, 40.6354179382325 ], [ 14.6940279006957, 40.635139465332102 ], [ 14.693750381469799, 40.635139465332102 ], [ 14.693750381469799, 40.634582519531399 ], [ 14.6934719085694, 40.634582519531399 ], [ 14.6934719085694, 40.634304046631001 ], [ 14.6931943893434, 40.634304046631001 ], [ 14.6931943893434, 40.634029388427798 ], [ 14.6929178237916, 40.634029388427798 ], [ 14.6929178237916, 40.633193969726598 ], [ 14.691805839538601, 40.633193969726598 ], [ 14.691805839538601, 40.6329154968262 ], [ 14.6912498474122, 40.6329154968262 ], [ 14.6912498474122, 40.633193969726598 ], [ 14.6909713745118, 40.633193969726598 ], [ 14.6909713745118, 40.633472442627003 ], [ 14.689862251281699, 40.633472442627003 ], [ 14.689862251281699, 40.633193969726598 ], [ 14.689305305481, 40.633193969726598 ], [ 14.689305305481, 40.6329154968262 ], [ 14.6890268325806, 40.6329154968262 ], [ 14.6890268325806, 40.633193969726598 ], [ 14.6884708404541, 40.633193969726598 ], [ 14.6884708404541, 40.633472442627003 ], [ 14.688193321228001, 40.633472442627003 ], [ 14.688193321228001, 40.633193969726598 ], [ 14.687916755676399, 40.633193969726598 ], [ 14.687916755676399, 40.6329154968262 ], [ 14.686527252197401, 40.6329154968262 ], [ 14.686527252197401, 40.633193969726598 ], [ 14.685417175293001, 40.633193969726598 ], [ 14.685417175293001, 40.633472442627003 ], [ 14.6848611831666, 40.633472442627003 ], [ 14.6848611831666, 40.633750915527401 ], [ 14.6845827102662, 40.633750915527401 ], [ 14.6845827102662, 40.633472442627003 ], [ 14.68430519104, 40.633472442627003 ], [ 14.68430519104, 40.633193969726598 ], [ 14.6837511062622, 40.633193969726598 ], [ 14.6837511062622, 40.6329154968262 ], [ 14.6831951141357, 40.6329154968262 ], [ 14.6831951141357, 40.633193969726598 ], [ 14.681804656982401, 40.633193969726598 ], [ 14.681804656982401, 40.6329154968262 ], [ 14.681529045105, 40.6329154968262 ], [ 14.681529045105, 40.632637023925803 ], [ 14.6812486648559, 40.632637023925803 ], [ 14.6812486648559, 40.632423400878999 ], [ 14.6795825958253, 40.632362365722699 ], [ 14.6795825958253, 40.632637023925803 ], [ 14.678531646728599, 40.632637023925803 ], [ 14.677082061767599, 40.632637023925803 ], [ 14.677082061767599, 40.6327514648438 ], [ 14.677082061767599, 40.633193969726598 ], [ 14.6763668060303, 40.633193969726598 ], [ 14.6762514114381, 40.633193969726598 ], [ 14.6762514114381, 40.633472442627003 ], [ 14.675972938537701, 40.633472442627003 ], [ 14.675972938537701, 40.633750915527401 ], [ 14.675694465637299, 40.633750915527401 ], [ 14.675694465637299, 40.634029388427798 ], [ 14.6754159927369, 40.634029388427798 ], [ 14.6754159927369, 40.634304046631001 ], [ 14.6751384735109, 40.634304046631001 ], [ 14.6751384735109, 40.634582519531399 ], [ 14.674860000610501, 40.634582519531399 ], [ 14.674860000610501, 40.635139465332102 ], [ 14.6736202239991, 40.635139465332102 ], [ 14.67347240448, 40.635139465332102 ], [ 14.67347240448, 40.635246276855497 ], [ 14.67347240448, 40.6354179382325 ], [ 14.673228263855, 40.6354179382325 ], [ 14.6723623275757, 40.6354179382325 ], [ 14.6723623275757, 40.635692596435497 ], [ 14.6715278625488, 40.635692596435497 ], [ 14.6715278625488, 40.635971069335902 ], [ 14.671250343322701, 40.635971069335902 ], [ 14.671250343322701, 40.6362495422363 ], [ 14.6706943511962, 40.6362495422363 ], [ 14.6706943511962, 40.636528015136697 ], [ 14.670415878295801, 40.636528015136697 ], [ 14.670415878295801, 40.636806488037102 ], [ 14.669584274291999, 40.636806488037102 ], [ 14.669584274291999, 40.637084960937599 ], [ 14.6690282821656, 40.637084960937599 ], [ 14.6690282821656, 40.636806488037102 ], [ 14.6681938171387, 40.636806488037102 ], [ 14.6681938171387, 40.636528015136697 ], [ 14.667637825012299, 40.636528015136697 ], [ 14.667637825012299, 40.636806488037102 ], [ 14.667362213134799, 40.636806488037102 ], [ 14.667362213134799, 40.637084960937599 ], [ 14.666806221008301, 40.637084960937599 ], [ 14.666806221008301, 40.637359619140703 ], [ 14.666527748107899, 40.637359619140703 ], [ 14.666527748107899, 40.637916564941399 ], [ 14.6662502288818, 40.637916564941399 ], [ 14.6662502288818, 40.638748168945398 ], [ 14.6656942367554, 40.638748168945398 ], [ 14.6656942367554, 40.638195037841797 ], [ 14.663748741149799, 40.638195037841797 ], [ 14.663748741149799, 40.638473510742202 ], [ 14.663471221923899, 40.638473510742202 ], [ 14.663471221923899, 40.638748168945398 ], [ 14.663195610046399, 40.638748168945398 ], [ 14.663195610046399, 40.639026641845803 ], [ 14.6629180908204, 40.639026641845803 ], [ 14.6629180908204, 40.6393051147462 ], [ 14.662082672119199, 40.6393051147462 ], [ 14.662082672119199, 40.639026641845803 ], [ 14.661526679992701, 40.639026641845803 ], [ 14.661526679992701, 40.6393051147462 ], [ 14.661249160766699, 40.6393051147462 ], [ 14.661249160766699, 40.639862060546903 ], [ 14.661526679992701, 40.639862060546903 ], [ 14.661526679992701, 40.640140533447301 ], [ 14.6618051528931, 40.640140533447301 ], [ 14.6618051528931, 40.640415191650497 ], [ 14.662082672119199, 40.640415191650497 ], [ 14.662082672119199, 40.6409721374513 ], [ 14.6623687744141, 40.6409721374513 ], [ 14.66263961792, 40.6409721374513 ], [ 14.66263961792, 40.641250610351698 ], [ 14.661645889282299, 40.641250610351698 ], [ 14.661526679992701, 40.641250610351698 ], [ 14.661526679992701, 40.641052246093899 ], [ 14.661526679992701, 40.6409721374513 ], [ 14.657917022705201, 40.6409721374513 ], [ 14.657917022705201, 40.640693664550902 ], [ 14.6568050384522, 40.640693664550902 ], [ 14.6568050384522, 40.641250610351698 ], [ 14.6562490463257, 40.641250610351698 ], [ 14.6562490463257, 40.641529083252102 ], [ 14.6554174423218, 40.641529083252102 ], [ 14.6554174423218, 40.641803741455099 ], [ 14.6531953811647, 40.641803741455099 ], [ 14.6531953811647, 40.641529083252102 ], [ 14.652083396911699, 40.641529083252102 ], [ 14.652083396911699, 40.641803741455099 ], [ 14.651806831359901, 40.641803741455099 ], [ 14.651806831359901, 40.642082214355497 ], [ 14.651526451111, 40.642082214355497 ], [ 14.651526451111, 40.642360687255902 ], [ 14.6504173278809, 40.642360687255902 ], [ 14.6504173278809, 40.642845153808601 ], [ 14.6504173278809, 40.643470764160199 ], [ 14.6490287780762, 40.643470764160199 ], [ 14.6490287780762, 40.643749237060597 ], [ 14.6481943130493, 40.643749237060597 ], [ 14.6481943130493, 40.644027709960902 ], [ 14.6476383209229, 40.644027709960902 ], [ 14.6476383209229, 40.6443061828613 ], [ 14.6473598480225, 40.6443061828613 ], [ 14.6473598480225, 40.644584655761697 ], [ 14.6468057632447, 40.644584655761697 ], [ 14.6468057632447, 40.645137786865298 ], [ 14.6465282440187, 40.645137786865298 ], [ 14.6465282440187, 40.645416259765703 ], [ 14.646249771118301, 40.645416259765703 ], [ 14.646249771118301, 40.645973205566499 ], [ 14.6459722518922, 40.645973205566499 ], [ 14.6459722518922, 40.646251678466903 ], [ 14.6451377868653, 40.646251678466903 ], [ 14.6451377868653, 40.64652633667 ], [ 14.6448621749878, 40.64652633667 ], [ 14.6448621749878, 40.646804809570398 ], [ 14.644306182861399, 40.646804809570398 ], [ 14.644306182861399, 40.647083282470803 ], [ 14.642640113830501, 40.647083282470803 ], [ 14.642640113830501, 40.6473617553712 ], [ 14.6412496566772, 40.6473617553712 ], [ 14.6412496566772, 40.647640228271598 ], [ 14.6409721374513, 40.647640228271598 ], [ 14.6409721374513, 40.647914886474602 ], [ 14.6401376724244, 40.647914886474602 ], [ 14.6401376724244, 40.648193359375 ], [ 14.6381940841675, 40.648193359375 ], [ 14.6381940841675, 40.648471832275398 ], [ 14.6376399993896, 40.648471832275398 ], [ 14.6376399993896, 40.648750305175803 ], [ 14.636248588561999, 40.648750305175803 ], [ 14.636248588561999, 40.6490287780762 ], [ 14.6354179382325, 40.6490287780762 ], [ 14.6354179382325, 40.648750305175803 ], [ 14.6348609924318, 40.648723602295 ], [ 14.6348609924318, 40.646804809570398 ], [ 14.634026527404901, 40.646804809570398 ], [ 14.634026527404901, 40.647083282470803 ], [ 14.6331949234009, 40.647083282470803 ], [ 14.633193016052401, 40.6473617553712 ], [ 14.632082939148001, 40.6473617553712 ], [ 14.632082939148001, 40.647640228271598 ], [ 14.630970954895, 40.647640228271598 ], [ 14.630970954895, 40.647914886474602 ], [ 14.629304885864199, 40.647914886474602 ], [ 14.629304885864199, 40.648193359375 ], [ 14.628748893737701, 40.648193359375 ], [ 14.628748893737701, 40.648471832275398 ], [ 14.626805305481, 40.648471832275398 ], [ 14.626805305481, 40.647640228271598 ], [ 14.6262512207031, 40.647640228271598 ], [ 14.6262512207031, 40.6473617553712 ], [ 14.625972747802701, 40.6473617553712 ], [ 14.625972747802701, 40.647083282470803 ], [ 14.6254167556763, 40.647083282470803 ], [ 14.6254167556763, 40.6473617553712 ], [ 14.625139236450201, 40.6473617553712 ], [ 14.625139236450201, 40.647083282470803 ], [ 14.6237506866456, 40.647083282470803 ], [ 14.6237506866456, 40.646804809570398 ], [ 14.6226377487184, 40.646804809570398 ], [ 14.6226377487184, 40.64652633667 ], [ 14.622084617614799, 40.64652633667 ], [ 14.622084617614799, 40.646251678466903 ], [ 14.6212501525879, 40.646251678466903 ], [ 14.6212501525879, 40.645973205566499 ], [ 14.620971679687599, 40.645973205566499 ], [ 14.620971679687599, 40.645694732666101 ], [ 14.620415687561101, 40.645694732666101 ], [ 14.620415687561101, 40.645416259765703 ], [ 14.620138168335, 40.645416259765703 ], [ 14.620138168335, 40.645137786865298 ], [ 14.619859695434601, 40.645137786865298 ], [ 14.619859695434601, 40.644859313965 ], [ 14.619305610656699, 40.644859313965 ], [ 14.619305610656699, 40.643470764160199 ], [ 14.6190280914307, 40.643470764160199 ], [ 14.6190280914307, 40.642082214355497 ], [ 14.619305610656699, 40.642082214355497 ], [ 14.619305610656699, 40.641803741455099 ], [ 14.618472099304199, 40.641803741455099 ], [ 14.618472099304199, 40.641529083252102 ], [ 14.6173601150512, 40.641529083252102 ], [ 14.6173601150512, 40.641250610351698 ], [ 14.617083549499601, 40.641250610351698 ], [ 14.617083549499601, 40.6409721374513 ], [ 14.616250038146999, 40.6409721374513 ], [ 14.616250038146999, 40.640693664550902 ], [ 14.615971565246699, 40.640693664550902 ], [ 14.615971565246699, 40.640415191650497 ], [ 14.6156940460206, 40.640415191650497 ], [ 14.6156940460206, 40.639862060546903 ], [ 14.615139961242701, 40.639862060546903 ], [ 14.615139961242701, 40.639583587646499 ], [ 14.6148624420166, 40.639583587646499 ], [ 14.6148624420166, 40.6393051147462 ], [ 14.614306449890099, 40.6393051147462 ], [ 14.614306449890099, 40.639026641845803 ], [ 14.6140279769897, 40.639026641845803 ], [ 14.6140279769897, 40.638748168945398 ], [ 14.6137504577637, 40.638748168945398 ], [ 14.6137504577637, 40.638195037841797 ], [ 14.613471984863301, 40.638195037841797 ], [ 14.613471984863301, 40.637638092041001 ], [ 14.6131944656372, 40.637638092041001 ], [ 14.6131944656372, 40.637084960937599 ], [ 14.6126384735107, 40.637084960937599 ], [ 14.6126384735107, 40.636806488037102 ], [ 14.611932754516699, 40.636806488037102 ], [ 14.6112499237062, 40.636806488037102 ], [ 14.6112499237062, 40.6362495422363 ], [ 14.6104154586793, 40.6362495422363 ], [ 14.6104154586793, 40.635692596435497 ], [ 14.6101398468018, 40.635692596435497 ], [ 14.6101398468018, 40.6354179382325 ], [ 14.6098623275757, 40.6354179382325 ], [ 14.6098623275757, 40.634860992431797 ], [ 14.6095838546753, 40.634784698486399 ], [ 14.6095838546753, 40.634582519531399 ], [ 14.6093063354493, 40.634582519531399 ], [ 14.6093063354493, 40.634029388427798 ], [ 14.6087493896485, 40.634029388427798 ], [ 14.6087493896485, 40.633750915527401 ], [ 14.6084709167481, 40.633750915527401 ], [ 14.6084709167481, 40.633472442627003 ], [ 14.6076393127441, 40.633472442627003 ], [ 14.6076393127441, 40.633193969726598 ], [ 14.607083320617701, 40.633193969726598 ], [ 14.607083320617701, 40.632362365722699 ], [ 14.606804847717299, 40.632362365722699 ], [ 14.606804847717299, 40.632083892822301 ], [ 14.606248855590801, 40.632083892822301 ], [ 14.606248855590801, 40.632362365722699 ], [ 14.6065273284912, 40.632362365722699 ], [ 14.6065273284912, 40.6329154968262 ], [ 14.605417251586999, 40.6329154968262 ], [ 14.605417251586999, 40.633193969726598 ], [ 14.601248741149901, 40.633193969726598 ], [ 14.601248741149901, 40.6329154968262 ], [ 14.600138664245501, 40.6329154968262 ], [ 14.600138664245501, 40.632637023925803 ], [ 14.5995826721193, 40.632637023925803 ], [ 14.5995826721193, 40.632362365722699 ], [ 14.5990266799928, 40.632362365722699 ], [ 14.5990266799928, 40.632083892822301 ], [ 14.5981950759888, 40.632083892822301 ], [ 14.5981950759888, 40.631805419921903 ], [ 14.597639083862401, 40.631805419921903 ], [ 14.597639083862401, 40.631526947021499 ], [ 14.597360610961999, 40.631526947021499 ], [ 14.597360610961999, 40.630695343017699 ], [ 14.5968036651612, 40.630695343017699 ], [ 14.5968036651612, 40.630973815918097 ], [ 14.5959730148315, 40.630973815918097 ], [ 14.5959730148315, 40.630695343017699 ], [ 14.595416069030801, 40.630695343017699 ], [ 14.595416069030801, 40.630416870117102 ], [ 14.5951375961304, 40.630416870117102 ], [ 14.5951375961304, 40.629859924316399 ], [ 14.5945854187013, 40.629859924316399 ], [ 14.5945854187013, 40.629306793212898 ], [ 14.59375, 40.629306793212898 ], [ 14.59375, 40.629028320312599 ], [ 14.594028472900501, 40.629028320312599 ], [ 14.594028472900501, 40.628749847412202 ], [ 14.5934715270997, 40.628749847412202 ], [ 14.5934715270997, 40.629028320312599 ], [ 14.593194007873601, 40.629028320312599 ], [ 14.593194007873601, 40.628749847412202 ], [ 14.592915534973301, 40.628749847412202 ], [ 14.592915534973301, 40.628192901611399 ], [ 14.5926380157472, 40.628192901611399 ], [ 14.5926380157472, 40.6273612976075 ], [ 14.5920820236207, 40.6273612976075 ], [ 14.5920820236207, 40.627082824707102 ], [ 14.5918064117432, 40.627082824707102 ], [ 14.5918064117432, 40.626804351806697 ], [ 14.591250419616699, 40.626804351806697 ], [ 14.591250419616699, 40.626529693603501 ], [ 14.590971946716399, 40.6265258789063 ], [ 14.590971946716399, 40.626251220703097 ], [ 14.590415954589799, 40.626251220703097 ], [ 14.590415954589799, 40.625972747802699 ], [ 14.5895843505859, 40.625972747802699 ], [ 14.5895843505859, 40.625694274902301 ], [ 14.5884723663331, 40.625694274902301 ], [ 14.5884723663331, 40.625415802002003 ], [ 14.5876379013063, 40.625415802002003 ], [ 14.5876379013063, 40.625137329101598 ], [ 14.5870838165284, 40.625137329101598 ], [ 14.5870838165284, 40.624862670898601 ], [ 14.5865278244019, 40.624862670898601 ], [ 14.5865278244019, 40.624584197998203 ], [ 14.586250305175801, 40.624584197998203 ], [ 14.586250305175801, 40.624305725097798 ], [ 14.5856943130494, 40.624305725097798 ], [ 14.5856943130494, 40.624584197998203 ], [ 14.585417747497599, 40.624584197998203 ], [ 14.585417747497599, 40.624305725097798 ], [ 14.584861755371101, 40.624305725097798 ], [ 14.584861755371101, 40.624027252197202 ], [ 14.584584236145, 40.624027252197202 ], [ 14.584584236145, 40.622917175292997 ], [ 14.5843057632446, 40.622917175292997 ], [ 14.5843057632446, 40.622638702392699 ], [ 14.5837497711182, 40.622638702392699 ], [ 14.5837497711182, 40.622360229492301 ], [ 14.583472251892101, 40.622360229492301 ], [ 14.583472251892101, 40.622081756591903 ], [ 14.5829153060913, 40.622081756591903 ], [ 14.5829153060913, 40.6218070983887 ], [ 14.5820837020875, 40.6218070983887 ], [ 14.5820837020875, 40.621250152587898 ], [ 14.581526756286699, 40.621250152587898 ], [ 14.581526756286699, 40.619026184082003 ], [ 14.579583168029799, 40.619026184082003 ], [ 14.579583168029799, 40.619304656982401 ], [ 14.578748703003001, 40.619304656982401 ], [ 14.578748703003001, 40.619026184082003 ], [ 14.5784711837769, 40.619026184082003 ], [ 14.5784711837769, 40.618751525878999 ], [ 14.578194618225099, 40.618751525878999 ], [ 14.578194618225099, 40.618473052978601 ], [ 14.577917098999, 40.618473052978601 ], [ 14.577917098999, 40.618194580078203 ], [ 14.577696800231999, 40.618194580078203 ], [ 14.5773611068725, 40.618194580078203 ], [ 14.5773611068725, 40.617916107177798 ], [ 14.576805114746, 40.617916107177798 ], [ 14.576805114746, 40.617637634277301 ], [ 14.5765266418456, 40.617637634277301 ], [ 14.5765266418456, 40.617362976074297 ], [ 14.5762510299684, 40.617362976074297 ], [ 14.5762510299684, 40.616806030273501 ], [ 14.575972557068001, 40.616806030273501 ], [ 14.575972557068001, 40.616249084472798 ], [ 14.5762510299684, 40.616249084472798 ], [ 14.5762510299684, 40.615695953369098 ], [ 14.5765266418456, 40.615695953369098 ], [ 14.5765266418456, 40.614616394042997 ], [ 14.5765266418456, 40.6137504577637 ], [ 14.5762510299684, 40.6137504577637 ], [ 14.5762510299684, 40.613471984863303 ], [ 14.5754165649415, 40.613471984863303 ], [ 14.5754165649415, 40.613193511962898 ], [ 14.5743045806885, 40.613193511962898 ], [ 14.5743045806885, 40.6129150390625 ], [ 14.574028968811, 40.6129150390625 ], [ 14.574028968811, 40.612640380859503 ], [ 14.5743045806885, 40.612640380859503 ], [ 14.5743045806885, 40.6120834350587 ], [ 14.574028968811, 40.6120834350587 ], [ 14.574028968811, 40.611804962158303 ], [ 14.573748588562101, 40.611804962158303 ], [ 14.573748588562101, 40.611526489257898 ], [ 14.5731954574585, 40.611526489257898 ], [ 14.5731954574585, 40.611251831054702 ], [ 14.5729169845581, 40.611251831054702 ], [ 14.5729169845581, 40.611114501953203 ], [ 14.5729169845581, 40.610973358154403 ], [ 14.572639465331999, 40.610973358154403 ], [ 14.572639465331999, 40.610694885253999 ], [ 14.571806907653899, 40.610694885253999 ], [ 14.571806907653899, 40.610973358154403 ], [ 14.571526527404799, 40.610973358154403 ], [ 14.571526527404799, 40.611270904541001 ], [ 14.571526527404799, 40.611526489257898 ], [ 14.5712509155275, 40.611526489257898 ], [ 14.5712509155275, 40.611301422119098 ], [ 14.5712509155275, 40.610973358154403 ], [ 14.570973396301399, 40.610973358154403 ], [ 14.570973396301399, 40.611335754394602 ], [ 14.570973396301399, 40.611804962158303 ], [ 14.571526527404799, 40.611804962158303 ], [ 14.571526527404799, 40.6120834350587 ], [ 14.571806907653899, 40.6120834350587 ], [ 14.571806907653899, 40.612361907959098 ], [ 14.5720834732056, 40.612361907959098 ], [ 14.5720834732056, 40.612640380859503 ], [ 14.5723609924316, 40.612640380859503 ], [ 14.5723609924316, 40.612720489502102 ], [ 14.5723609924316, 40.6129150390625 ], [ 14.5720834732056, 40.6129150390625 ], [ 14.5720834732056, 40.613193511962898 ], [ 14.571806907653899, 40.613193511962898 ], [ 14.571806907653899, 40.6137504577637 ], [ 14.571526527404799, 40.6137504577637 ], [ 14.571526527404799, 40.614307403564403 ], [ 14.570973396301399, 40.614307403564403 ], [ 14.570973396301399, 40.614582061767599 ], [ 14.570138931274499, 40.614582061767599 ], [ 14.570138931274499, 40.614860534667997 ], [ 14.569304466247701, 40.614860534667997 ], [ 14.569304466247701, 40.615139007568402 ], [ 14.569028854370201, 40.615139007568402 ], [ 14.569028854370201, 40.614860534667997 ], [ 14.5687513351441, 40.614860534667997 ], [ 14.5687513351441, 40.614582061767599 ], [ 14.5679159164429, 40.614582061767599 ], [ 14.5679159164429, 40.614307403564403 ], [ 14.5670824050904, 40.614307403564403 ], [ 14.5670824050904, 40.6137504577637 ], [ 14.565972328186, 40.6137504577637 ], [ 14.565972328186, 40.613471984863303 ], [ 14.5656938552856, 40.613471984863303 ], [ 14.5656938552856, 40.614028930664098 ], [ 14.565416336059499, 40.614028930664098 ], [ 14.565416336059499, 40.614307403564403 ], [ 14.5643062591554, 40.614307403564403 ], [ 14.5643062591554, 40.614860534667997 ], [ 14.562915802001999, 40.614860534667997 ], [ 14.562915802001999, 40.614582061767599 ], [ 14.562640190124499, 40.614582061767599 ], [ 14.562640190124499, 40.614860534667997 ], [ 14.562359809875501, 40.614860534667997 ], [ 14.562359809875501, 40.613471984863303 ], [ 14.5606937408447, 40.613471984863303 ], [ 14.5606937408447, 40.6137504577637 ], [ 14.5598621368409, 40.6137504577637 ], [ 14.5598621368409, 40.614028930664098 ], [ 14.559306144714499, 40.614028930664098 ], [ 14.559306144714499, 40.6137504577637 ], [ 14.558750152588001, 40.6137504577637 ], [ 14.558750152588001, 40.614028930664098 ], [ 14.557915687561101, 40.614028930664098 ], [ 14.557915687561101, 40.6137504577637 ], [ 14.5565280914307, 40.6137504577637 ], [ 14.5565280914307, 40.613471984863303 ], [ 14.555418014526399, 40.613471984863303 ], [ 14.555418014526399, 40.613193511962898 ], [ 14.554528236389199, 40.613193511962898 ], [ 14.552916526794499, 40.613193511962898 ], [ 14.552916526794499, 40.6129150390625 ], [ 14.5526390075685, 40.6129150390625 ], [ 14.5526390075685, 40.613471984863303 ], [ 14.551527023315501, 40.613471984863303 ], [ 14.551527023315501, 40.613193511962898 ], [ 14.550971031189, 40.613193511962898 ], [ 14.550971031189, 40.613471984863303 ], [ 14.5493049621582, 40.613471984863303 ], [ 14.5493049621582, 40.6137504577637 ], [ 14.5473613739015, 40.6137504577637 ], [ 14.5473613739015, 40.614028930664098 ], [ 14.546805381775, 40.614028930664098 ], [ 14.546805381775, 40.6137504577637 ], [ 14.5465288162232, 40.6137504577637 ], [ 14.5465288162232, 40.613471984863303 ], [ 14.5456953048707, 40.613471984863303 ], [ 14.5456953048707, 40.613193511962898 ], [ 14.545139312744199, 40.613193511962898 ], [ 14.545139312744199, 40.613471984863303 ], [ 14.5448608398438, 40.613471984863303 ], [ 14.5448608398438, 40.6137504577637 ], [ 14.544583320617701, 40.6137504577637 ], [ 14.544583320617701, 40.613471984863303 ], [ 14.543750762939499, 40.613471984863303 ], [ 14.543750762939499, 40.613193511962898 ], [ 14.5434732437134, 40.613193511962898 ], [ 14.5434732437134, 40.613471984863303 ], [ 14.5426387786865, 40.613471984863303 ], [ 14.5426387786865, 40.6137504577637 ], [ 14.542360305786101, 40.6137504577637 ], [ 14.542360305786101, 40.613471984863303 ], [ 14.5418043136597, 40.613471984863303 ], [ 14.5418043136597, 40.613193511962898 ], [ 14.540415763855099, 40.613193511962898 ], [ 14.540415763855099, 40.6129150390625 ], [ 14.540138244629, 40.6129150390625 ], [ 14.540138244629, 40.612640380859503 ], [ 14.5395822525026, 40.612640380859503 ], [ 14.5395822525026, 40.612361907959098 ], [ 14.5393056869507, 40.612361907959098 ], [ 14.5393056869507, 40.6120834350587 ], [ 14.5387496948243, 40.6120834350587 ], [ 14.5387496948243, 40.611526489257898 ], [ 14.5384721755982, 40.611526489257898 ], [ 14.5384721755982, 40.611251831054702 ], [ 14.5381937026978, 40.611251831054702 ], [ 14.5381937026978, 40.610973358154403 ], [ 14.5376377105713, 40.610973358154403 ], [ 14.5376377105713, 40.610694885253999 ], [ 14.5356941223144, 40.610694885253999 ], [ 14.5356941223144, 40.610416412353601 ], [ 14.535140037536699, 40.610416412353601 ], [ 14.535140037536699, 40.610137939453203 ], [ 14.5348615646363, 40.610137939453203 ], [ 14.5348596572875, 40.609859466552798 ], [ 14.5337495803834, 40.609859466552798 ], [ 14.5337495803834, 40.609584808349602 ], [ 14.5329179763794, 40.609584808349602 ], [ 14.5329179763794, 40.609306335449197 ], [ 14.5326375961304, 40.609306335449197 ], [ 14.5326375961304, 40.608749389648501 ], [ 14.5320844650269, 40.608749389648501 ], [ 14.5320844650269, 40.608470916748097 ], [ 14.5318059921265, 40.608470916748097 ], [ 14.5318059921265, 40.608196258544901 ], [ 14.53125, 40.608196258544901 ], [ 14.53125, 40.607917785644503 ], [ 14.5306940078735, 40.607917785644503 ], [ 14.5306940078735, 40.6073608398438 ], [ 14.5304155349731, 40.6073608398438 ], [ 14.5304155349731, 40.606803894042997 ], [ 14.5295839309694, 40.606803894042997 ], [ 14.5295839309694, 40.60652923584 ], [ 14.5290279388429, 40.60652923584 ], [ 14.5290279388429, 40.606803894042997 ], [ 14.528193473816, 40.606803894042997 ], [ 14.528193473816, 40.60652923584 ], [ 14.527640342712401, 40.60652923584 ], [ 14.527640342712401, 40.606662750244297 ], [ 14.527640342712401, 40.6073608398438 ], [ 14.5279178619385, 40.6073608398438 ], [ 14.5279178619385, 40.608196258544901 ], [ 14.527640342712401, 40.608196258544901 ], [ 14.527640342712401, 40.607639312744098 ], [ 14.527083396911699, 40.607639312744098 ], [ 14.527083396911699, 40.6073608398438 ], [ 14.526248931884799, 40.6073608398438 ], [ 14.526248931884799, 40.607639312744098 ], [ 14.5240268707275, 40.607643127441499 ], [ 14.5240268707275, 40.607917785644503 ], [ 14.523470878601, 40.607917785644503 ], [ 14.523470878601, 40.608196258544901 ], [ 14.5226392745972, 40.608196258544901 ], [ 14.5226392745972, 40.608470916748097 ], [ 14.5219669342041, 40.608470916748097 ], [ 14.5218048095704, 40.608470916748097 ], [ 14.5218048095704, 40.608749389648501 ], [ 14.5215291976929, 40.608749389648501 ], [ 14.5215291976929, 40.6090278625488 ], [ 14.521248817443899, 40.6090278625488 ], [ 14.521248817443899, 40.609859466552798 ], [ 14.520973205566399, 40.609859466552798 ], [ 14.520973205566399, 40.610137939453203 ], [ 14.520417213439901, 40.610137939453203 ], [ 14.520417213439901, 40.610416412353601 ], [ 14.5198612213135, 40.610416412353601 ], [ 14.5198612213135, 40.611251831054702 ], [ 14.5195827484131, 40.611251831054702 ], [ 14.5195827484131, 40.611526489257898 ], [ 14.5198612213135, 40.611526489257898 ], [ 14.5198612213135, 40.6120834350587 ], [ 14.5195827484131, 40.6120834350587 ], [ 14.5195827484131, 40.612640380859503 ], [ 14.5198612213135, 40.612640380859503 ], [ 14.5198612213135, 40.6129150390625 ], [ 14.5195827484131, 40.6129150390625 ], [ 14.5195827484131, 40.614028930664098 ], [ 14.5190267562866, 40.614028930664098 ], [ 14.5190267562866, 40.614307403564403 ], [ 14.5187511444093, 40.614307403564403 ], [ 14.5187511444093, 40.614582061767599 ], [ 14.518472671508899, 40.614582061767599 ], [ 14.518472671508899, 40.614860534667997 ], [ 14.5181951522828, 40.614860534667997 ], [ 14.5181951522828, 40.615695953369098 ], [ 14.518334388732899, 40.615695953369098 ], [ 14.518472671508899, 40.615695953369098 ], [ 14.518472671508899, 40.615970611572401 ], [ 14.518119812011699, 40.615970611572401 ], [ 14.5168066024781, 40.615970611572401 ], [ 14.5168066024781, 40.616527557373097 ], [ 14.5151376724244, 40.616527557373097 ], [ 14.5151376724244, 40.616806030273501 ], [ 14.514860153198301, 40.616806030273501 ], [ 14.514860153198301, 40.617084503173899 ], [ 14.513750076293899, 40.617084503173899 ], [ 14.513750076293899, 40.617362976074297 ], [ 14.5131940841675, 40.617362976074297 ], [ 14.5131940841675, 40.617637634277301 ], [ 14.512638092041, 40.617637634277301 ], [ 14.512638092041, 40.617916107177798 ], [ 14.5123615264894, 40.617916107177798 ], [ 14.5123615264894, 40.618194580078203 ], [ 14.51069355011, 40.618194580078203 ], [ 14.51069355011, 40.619583129882798 ], [ 14.5104160308838, 40.619583129882798 ], [ 14.5104160308838, 40.619861602783203 ], [ 14.509305953979499, 40.619861602783203 ], [ 14.5092792510987, 40.620140075683601 ], [ 14.5073623657228, 40.620140075683601 ], [ 14.5073623657228, 40.620693206787202 ], [ 14.5070838928222, 40.620693206787202 ], [ 14.5070838928222, 40.620971679687599 ], [ 14.5065279006959, 40.620971679687599 ], [ 14.5065279006959, 40.622005462646499 ], [ 14.5065279006959, 40.622081756591903 ], [ 14.506250381469799, 40.622081756591903 ], [ 14.506250381469799, 40.622360229492301 ], [ 14.5049619674682, 40.622360229492301 ], [ 14.504584312439, 40.622360229492301 ], [ 14.504584312439, 40.622081756591903 ], [ 14.5031957626343, 40.622081756591903 ], [ 14.5031957626343, 40.6218070983887 ], [ 14.5029153823853, 40.6218070983887 ], [ 14.5029153823853, 40.622081756591903 ], [ 14.502362251281699, 40.622081756591903 ], [ 14.502362251281699, 40.622917175292997 ], [ 14.5009708404541, 40.622917175292997 ], [ 14.5009708404541, 40.623195648193402 ], [ 14.499027252197401, 40.623195648193402 ], [ 14.499027252197401, 40.6234741210938 ], [ 14.4984712600709, 40.6234741210938 ], [ 14.4984712600709, 40.623748779296797 ], [ 14.4981946945191, 40.623748779296797 ], [ 14.4981946945191, 40.623886108398601 ], [ 14.4981946945191, 40.624027252197202 ], [ 14.4984712600709, 40.624027252197202 ], [ 14.4984712600709, 40.624305725097798 ], [ 14.4981946945191, 40.624305725097798 ], [ 14.4981946945191, 40.624584197998203 ], [ 14.497638702392599, 40.624584197998203 ], [ 14.497638702392599, 40.624862670898601 ], [ 14.49680519104, 40.624862670898601 ], [ 14.49680519104, 40.625137329101598 ], [ 14.4962511062622, 40.625137329101598 ], [ 14.4962511062622, 40.625415802002003 ], [ 14.4954166412353, 40.625415802002003 ], [ 14.4954166412353, 40.625694274902301 ], [ 14.495139122009199, 40.625694274902301 ], [ 14.495139122009199, 40.626251220703097 ], [ 14.494029045105, 40.626251220703097 ], [ 14.494029045105, 40.6265258789063 ], [ 14.4931945800782, 40.6265258789063 ], [ 14.4931945800782, 40.626251220703097 ], [ 14.4923610687256, 40.626251220703097 ], [ 14.4923610687256, 40.6265258789063 ], [ 14.4920825958253, 40.626529693603501 ], [ 14.4920825958253, 40.626804351806697 ], [ 14.4918069839478, 40.626804351806697 ], [ 14.491805076599199, 40.626529693603501 ], [ 14.4915266036988, 40.6265258789063 ], [ 14.4915266036988, 40.626251220703097 ], [ 14.490694999694799, 40.626251220703097 ], [ 14.490694999694799, 40.6265258789063 ], [ 14.4904165267944, 40.626529693603501 ], [ 14.4904165267944, 40.626804351806697 ], [ 14.4901390075684, 40.626804351806697 ], [ 14.4901390075684, 40.626529693603501 ], [ 14.489860534668001, 40.626529693603501 ], [ 14.489860534668001, 40.626804351806697 ], [ 14.4887514114381, 40.626804351806697 ], [ 14.4887514114381, 40.627082824707102 ], [ 14.487360000610501, 40.627082824707102 ], [ 14.487360000610501, 40.626804351806697 ], [ 14.4868068695069, 40.626804351806697 ], [ 14.4868068695069, 40.627082824707102 ], [ 14.4865283966065, 40.627082824707102 ], [ 14.4865283966065, 40.626804351806697 ], [ 14.485693931579601, 40.626804351806697 ], [ 14.485693931579601, 40.626529693603501 ], [ 14.484581947326699, 40.6265258789063 ], [ 14.484581947326699, 40.626251220703097 ], [ 14.484306335449199, 40.626251220703097 ], [ 14.484306335449199, 40.6265258789063 ], [ 14.4840278625488, 40.6265258789063 ], [ 14.4840278625488, 40.626251220703097 ], [ 14.483750343322701, 40.626251220703097 ], [ 14.483750343322701, 40.625972747802699 ], [ 14.482915878295801, 40.625972747802699 ], [ 14.482915878295801, 40.625694274902301 ], [ 14.4826402664185, 40.625694274902301 ], [ 14.4826402664185, 40.625972747802699 ], [ 14.4823598861694, 40.625972747802699 ], [ 14.4823598861694, 40.625694274902301 ], [ 14.4809722900391, 40.625694274902301 ], [ 14.4809722900391, 40.625415802002003 ], [ 14.4806938171387, 40.625415802002003 ], [ 14.4806938171387, 40.625694274902301 ], [ 14.480416297912701, 40.625694274902301 ], [ 14.480416297912701, 40.625415802002003 ], [ 14.480137825012299, 40.625415802002003 ], [ 14.480137825012299, 40.625137329101598 ], [ 14.480416297912701, 40.625137329101598 ], [ 14.480416297912701, 40.624305725097798 ], [ 14.480137825012299, 40.624305725097798 ], [ 14.480137825012299, 40.624027252197202 ], [ 14.4795837402344, 40.624027252197202 ], [ 14.4795837402344, 40.623748779296797 ], [ 14.477915763855, 40.623748779296797 ], [ 14.477915763855, 40.6234741210938 ], [ 14.477640151977701, 40.6234741210938 ], [ 14.477640151977701, 40.623748779296797 ], [ 14.4770841598512, 40.623748779296797 ], [ 14.4770841598512, 40.6234741210938 ], [ 14.475972175598301, 40.6234741210938 ], [ 14.4759616851806, 40.623748779296797 ], [ 14.474862098693899, 40.623748779296797 ], [ 14.474862098693899, 40.6234741210938 ], [ 14.474026679992701, 40.6234741210938 ], [ 14.474026679992701, 40.623195648193402 ], [ 14.473749160766699, 40.623195648193402 ], [ 14.473749160766699, 40.622360229492301 ], [ 14.472639083862299, 40.622360229492301 ], [ 14.472639083862299, 40.622081756591903 ], [ 14.472083091735801, 40.622081756591903 ], [ 14.472083091735801, 40.6218070983887 ], [ 14.4715270996093, 40.6218070983887 ], [ 14.4715270996093, 40.621528625488303 ], [ 14.470971107482899, 40.621528625488303 ], [ 14.470971107482899, 40.621250152587898 ], [ 14.4706945419313, 40.621250152587898 ], [ 14.4706945419313, 40.620719909667997 ], [ 14.469582557678301, 40.620693206787202 ], [ 14.469582557678301, 40.620418548583999 ], [ 14.4693050384522, 40.620418548583999 ], [ 14.4693050384522, 40.6202621459962 ], [ 14.4693050384522, 40.620140075683601 ], [ 14.4688577651979, 40.620140075683601 ], [ 14.4687490463257, 40.620140075683601 ], [ 14.4687490463257, 40.619861602783203 ], [ 14.4684734344482, 40.619861602783203 ], [ 14.4684734344482, 40.619583129882798 ], [ 14.4681949615479, 40.619583129882798 ], [ 14.4681949615479, 40.619304656982401 ], [ 14.4673614501953, 40.619304656982401 ], [ 14.4673614501953, 40.619026184082003 ], [ 14.4668054580688, 40.619026184082003 ], [ 14.4668054580688, 40.618751525878999 ], [ 14.4659729003907, 40.618751525878999 ], [ 14.4659729003907, 40.618473052978601 ], [ 14.4656953811647, 40.618473052978601 ], [ 14.4656953811647, 40.618194580078203 ], [ 14.464583396911699, 40.618194580078203 ], [ 14.464583396911699, 40.617916107177798 ], [ 14.464306831359901, 40.617916107177798 ], [ 14.464306831359901, 40.618194580078203 ], [ 14.4640274047853, 40.618194580078203 ], [ 14.4640274047853, 40.617916107177798 ], [ 14.463473320007401, 40.617916107177798 ], [ 14.463473320007401, 40.617637634277301 ], [ 14.463194847106999, 40.617637634277301 ], [ 14.463194847106999, 40.617362976074297 ], [ 14.4629173278809, 40.617362976074297 ], [ 14.4629173278809, 40.617084503173899 ], [ 14.4620819091797, 40.617084503173899 ], [ 14.4620819091797, 40.616806030273501 ], [ 14.4615287780762, 40.616806030273501 ], [ 14.4615287780762, 40.617637634277301 ], [ 14.46125125885, 40.617637634277301 ], [ 14.46125125885, 40.617916107177798 ], [ 14.4607744216918, 40.617916107177798 ], [ 14.460415840148899, 40.617916107177798 ], [ 14.460415840148899, 40.618194580078203 ], [ 14.4595823287963, 40.618194580078203 ], [ 14.4595823287963, 40.618473052978601 ], [ 14.458749771118301, 40.618473052978601 ], [ 14.458749771118301, 40.618751525878999 ], [ 14.4584722518922, 40.618751525878999 ], [ 14.4584722518922, 40.619026184082003 ], [ 14.4581937789918, 40.619026184082003 ], [ 14.4581937789918, 40.618751525878999 ], [ 14.457360267639199, 40.618751525878999 ], [ 14.457360267639199, 40.619026184082003 ], [ 14.4570837020875, 40.619026184082003 ], [ 14.4570837020875, 40.619304656982401 ], [ 14.456527709961, 40.619304656982401 ], [ 14.456527709961, 40.619583129882798 ], [ 14.456250190734901, 40.619583129882798 ], [ 14.456250190734901, 40.619304656982401 ], [ 14.4556941986084, 40.619304656982401 ], [ 14.4556941986084, 40.619026184082003 ], [ 14.455415725708001, 40.619026184082003 ], [ 14.455415725708001, 40.618751525878999 ], [ 14.455140113830501, 40.618751525878999 ], [ 14.455140113830501, 40.618473052978601 ], [ 14.4548597335815, 40.618473052978601 ], [ 14.4548597335815, 40.618194580078203 ], [ 14.454584121704, 40.618194580078203 ], [ 14.454584121704, 40.618473052978601 ], [ 14.4537496566772, 40.618473052978601 ], [ 14.4537496566772, 40.618751525878999 ], [ 14.4531936645509, 40.618751525878999 ], [ 14.4531936645509, 40.618473052978601 ], [ 14.4529180526734, 40.618473052978601 ], [ 14.4529180526734, 40.618751525878999 ], [ 14.4520835876465, 40.618751525878999 ], [ 14.4520835876465, 40.618473052978601 ], [ 14.451806068420501, 40.618473052978601 ], [ 14.451806068420501, 40.618194580078203 ], [ 14.451527595520099, 40.618194580078203 ], [ 14.451527595520099, 40.618473052978601 ], [ 14.4506940841675, 40.618473052978601 ], [ 14.4506940841675, 40.618751525878999 ], [ 14.4501399993897, 40.618751525878999 ], [ 14.4501399993897, 40.617916107177798 ], [ 14.449420928955099, 40.617916107177798 ], [ 14.4493055343628, 40.617916107177798 ], [ 14.4493055343628, 40.617637634277301 ], [ 14.4487495422363, 40.617637634277301 ], [ 14.4487495422363, 40.617362976074297 ], [ 14.447361946106099, 40.617362976074297 ], [ 14.447361946106099, 40.617084503173899 ], [ 14.4462490081788, 40.617084503173899 ], [ 14.4462490081788, 40.616806030273501 ], [ 14.445693016052401, 40.616806030273501 ], [ 14.445693016052401, 40.616527557373097 ], [ 14.445417404174901, 40.616527557373097 ], [ 14.445417404174901, 40.616249084472798 ], [ 14.443470954895, 40.616249084472798 ], [ 14.443470954895, 40.615970611572401 ], [ 14.4429168701171, 40.615970611572401 ], [ 14.4429168701171, 40.615695953369098 ], [ 14.442083358764799, 40.615695953369098 ], [ 14.442083358764799, 40.6154174804688 ], [ 14.441527366638301, 40.6154174804688 ], [ 14.441527366638301, 40.615139007568402 ], [ 14.440138816833599, 40.615139007568402 ], [ 14.440138816833599, 40.614860534667997 ], [ 14.439582824707101, 40.614860534667997 ], [ 14.439582824707101, 40.614582061767599 ], [ 14.439305305481, 40.614582061767599 ], [ 14.439305305481, 40.614028930664098 ], [ 14.4390268325806, 40.614028930664098 ], [ 14.4390268325806, 40.6138725280763 ], [ 14.4390268325806, 40.6137504577637 ], [ 14.439582824707101, 40.6137504577637 ], [ 14.439582824707101, 40.613471984863303 ], [ 14.4398612976075, 40.613471984863303 ], [ 14.4398612976075, 40.613193511962898 ], [ 14.438195228576699, 40.613193511962898 ], [ 14.438195228576699, 40.6129150390625 ], [ 14.4379167556763, 40.6129150390625 ], [ 14.4379167556763, 40.612640380859503 ], [ 14.437639236450201, 40.612640380859503 ], [ 14.437639236450201, 40.612361907959098 ], [ 14.435973167419499, 40.612361907959098 ], [ 14.435973167419499, 40.6120834350587 ], [ 14.434028625488301, 40.6120834350587 ], [ 14.434028625488301, 40.611804962158303 ], [ 14.4331941604615, 40.611804962158303 ], [ 14.4331941604615, 40.6120834350587 ], [ 14.432915687561101, 40.6120834350587 ], [ 14.432915687561101, 40.611804962158303 ], [ 14.4323625564575, 40.611804962158303 ], [ 14.432359695434601, 40.6120834350587 ], [ 14.4315280914307, 40.6120834350587 ], [ 14.4315280914307, 40.612361907959098 ], [ 14.4312496185303, 40.612361907959098 ], [ 14.4312496185303, 40.6120834350587 ], [ 14.4306936264038, 40.6120834350587 ], [ 14.4306936264038, 40.611804962158303 ], [ 14.4298601150512, 40.611804962158303 ], [ 14.4298601150512, 40.6120834350587 ], [ 14.4290275573732, 40.6120834350587 ], [ 14.4290275573732, 40.611804962158303 ], [ 14.4262504577637, 40.611804962158303 ], [ 14.4262504577637, 40.611526489257898 ], [ 14.4248619079591, 40.611526489257898 ], [ 14.4248619079591, 40.611251831054702 ], [ 14.4237499237062, 40.611251831054702 ], [ 14.4237499237062, 40.610973358154403 ], [ 14.423472404480099, 40.610973358154403 ], [ 14.423472404480099, 40.610694885253999 ], [ 14.4226398468018, 40.610694885253999 ], [ 14.4226398468018, 40.610416412353601 ], [ 14.421806335449199, 40.610416412353601 ], [ 14.421806335449199, 40.610137939453203 ], [ 14.4212493896485, 40.610137939453203 ], [ 14.4212493896485, 40.609859466552798 ], [ 14.419583320617701, 40.609859466552798 ], [ 14.419583320617701, 40.609584808349602 ], [ 14.418748855590801, 40.609584808349602 ], [ 14.418748855590801, 40.609859466552798 ], [ 14.4184713363647, 40.609859466552798 ], [ 14.4184713363647, 40.610137939453203 ], [ 14.4181947708131, 40.610137939453203 ], [ 14.4181947708131, 40.609848022460902 ], [ 14.4181947708131, 40.6090278625488 ], [ 14.4184713363647, 40.6090278625488 ], [ 14.4184713363647, 40.608749389648501 ], [ 14.418748855590801, 40.608749389648501 ], [ 14.418748855590801, 40.608470916748097 ], [ 14.4184713363647, 40.608470916748097 ], [ 14.4184713363647, 40.607917785644503 ], [ 14.4181947708131, 40.607917785644503 ], [ 14.4181947708131, 40.6073608398438 ], [ 14.417917251586999, 40.6073608398438 ], [ 14.417917251586999, 40.607082366943402 ], [ 14.417361259460501, 40.607082366943402 ], [ 14.417361259460501, 40.60652923584 ], [ 14.4159708023072, 40.60652923584 ], [ 14.4159708023072, 40.606250762939602 ], [ 14.4154167175293, 40.606250762939602 ], [ 14.4154167175293, 40.605972290039198 ], [ 14.4148607254028, 40.605972290039198 ], [ 14.4148607254028, 40.6056938171388 ], [ 14.4145832061768, 40.6056938171388 ], [ 14.4145832061768, 40.605415344238402 ], [ 14.414304733276399, 40.605415344238402 ], [ 14.414304733276399, 40.605140686035199 ], [ 14.414029121398899, 40.605140686035199 ], [ 14.414029121398899, 40.604862213134801 ], [ 14.413748741149901, 40.604862213134801 ], [ 14.413748741149901, 40.604583740234403 ], [ 14.413473129272599, 40.604583740234403 ], [ 14.413473129272599, 40.604305267333999 ], [ 14.413194656371999, 40.604305267333999 ], [ 14.413194656371999, 40.6040267944337 ], [ 14.412917137146099, 40.6040267944337 ], [ 14.412917137146099, 40.603748321533303 ], [ 14.4120826721193, 40.603748321533303 ], [ 14.4120826721193, 40.603473663330099 ], [ 14.4115266799928, 40.603473663330099 ], [ 14.4115266799928, 40.603195190429702 ], [ 14.410937309265099, 40.603195190429702 ], [ 14.4106950759888, 40.603195190429702 ], [ 14.4106950759888, 40.602973937988303 ], [ 14.4106340408325, 40.602916717529297 ], [ 14.4104166030884, 40.602916717529297 ], [ 14.4104166030884, 40.602718353271499 ], [ 14.4104166030884, 40.602638244628899 ], [ 14.4103298187256, 40.602638244628899 ], [ 14.410139083862401, 40.602638244628899 ], [ 14.410139083862401, 40.602462768554702 ], [ 14.410139083862401, 40.601806640624901 ], [ 14.409860610961999, 40.601806640624901 ], [ 14.409860610961999, 40.601528167724503 ], [ 14.4095830917359, 40.601528167724503 ], [ 14.4095830917359, 40.601249694824197 ], [ 14.409304618835501, 40.601249694824197 ], [ 14.409304618835501, 40.6009712219238 ], [ 14.409029006958001, 40.6009712219238 ], [ 14.409029006958001, 40.600692749023402 ], [ 14.408750534057599, 40.600692749023402 ], [ 14.408750534057599, 40.60013961792 ], [ 14.4084730148315, 40.60013961792 ], [ 14.4084730148315, 40.599582672119297 ], [ 14.4081945419312, 40.599582672119297 ], [ 14.408141136169499, 40.599029541015703 ], [ 14.4076375961304, 40.599029541015703 ], [ 14.4076375961304, 40.598751068115298 ], [ 14.4068069458009, 40.598751068115298 ], [ 14.4068069458009, 40.598472595214901 ], [ 14.4048624038697, 40.598472595214901 ], [ 14.4048624038697, 40.598194122314503 ], [ 14.4043064117432, 40.598194122314503 ], [ 14.4043064117432, 40.598472595214901 ], [ 14.403750419616699, 40.598472595214901 ], [ 14.403750419616699, 40.598194122314503 ], [ 14.402640342712299, 40.598194122314503 ], [ 14.4026384353638, 40.598472595214901 ], [ 14.4020843505859, 40.598472595214901 ], [ 14.4020843505859, 40.598194122314503 ], [ 14.401805877685501, 40.598194122314503 ], [ 14.401805877685501, 40.597915649414098 ], [ 14.401528358459601, 40.597915649414098 ], [ 14.401528358459601, 40.597362518310497 ], [ 14.4009723663331, 40.597362518310497 ], [ 14.4009723663331, 40.597084045410099 ], [ 14.400693893432701, 40.597084045410099 ], [ 14.400693893432701, 40.596805572509801 ], [ 14.3998622894288, 40.596805572509801 ], [ 14.3998622894288, 40.596248626708999 ], [ 14.399306297302299, 40.596248626708999 ], [ 14.399306297302299, 40.595973968506001 ], [ 14.3990278244019, 40.595973968506001 ], [ 14.3990278244019, 40.595695495605597 ], [ 14.3981943130494, 40.595695495605597 ], [ 14.3981943130494, 40.595417022705 ], [ 14.397915840149, 40.595417022705 ], [ 14.397915840149, 40.595138549804602 ], [ 14.397361755371101, 40.595138549804602 ], [ 14.397361755371101, 40.594860076904297 ], [ 14.3968057632446, 40.594860076904297 ], [ 14.3968057632446, 40.595138549804602 ], [ 14.3956956863404, 40.595138549804602 ], [ 14.3956956863404, 40.595417022705 ], [ 14.3954153060913, 40.595417022705 ], [ 14.3954153060913, 40.594860076904297 ], [ 14.395139694214, 40.594860076904297 ], [ 14.395139694214, 40.594581604003899 ], [ 14.394306182861399, 40.594581604003899 ], [ 14.394306182861399, 40.594306945800803 ], [ 14.394026756286699, 40.594306945800803 ], [ 14.394026756286699, 40.594581604003899 ], [ 14.3937492370607, 40.594581604003899 ], [ 14.3937492370607, 40.594306945800803 ], [ 14.3932666778565, 40.594306945800803 ], [ 14.3926391601563, 40.594306945800803 ], [ 14.3926391601563, 40.594028472900497 ], [ 14.390694618225099, 40.594028472900497 ], [ 14.390694618225099, 40.59375 ], [ 14.390417098999, 40.59375 ], [ 14.390417098999, 40.593471527099702 ], [ 14.390138626098601, 40.593471527099702 ], [ 14.390138626098601, 40.593193054199297 ], [ 14.3895826339721, 40.593193054199297 ], [ 14.3895826339721, 40.5929183959962 ], [ 14.389305114746, 40.5929183959962 ], [ 14.389305114746, 40.592639923095803 ], [ 14.3881950378419, 40.592639923095803 ], [ 14.3881950378419, 40.592361450195398 ], [ 14.386248588562101, 40.592361450195398 ], [ 14.386248588562101, 40.592082977295 ], [ 14.385972976684601, 40.592082977295 ], [ 14.385972976684601, 40.591804504394602 ], [ 14.3854169845581, 40.591804504394602 ], [ 14.3854169845581, 40.591526031494197 ], [ 14.385139465331999, 40.591526031494197 ], [ 14.385139465331999, 40.591251373291001 ], [ 14.3845834732056, 40.591251373291001 ], [ 14.3845834732056, 40.590972900390597 ], [ 14.383473396301399, 40.590972900390597 ], [ 14.383473396301399, 40.591251373291001 ], [ 14.381804466247701, 40.591251373291001 ], [ 14.381804466247701, 40.590972900390597 ], [ 14.381528854370201, 40.590972900390597 ], [ 14.381528854370201, 40.591251373291001 ], [ 14.3795824050903, 40.591251373291001 ], [ 14.3795824050903, 40.590972900390597 ], [ 14.3790283203125, 40.590972900390597 ], [ 14.379001617431699, 40.591251373291001 ], [ 14.378472328186, 40.591251373291001 ], [ 14.378472328186, 40.5910873413087 ], [ 14.378472328186, 40.590972900390597 ], [ 14.378111839294499, 40.590972900390597 ], [ 14.3773622512819, 40.590972900390597 ], [ 14.3773622512819, 40.590736389160298 ], [ 14.3772287368775, 40.590694427490199 ], [ 14.3770837783815, 40.590694427490199 ], [ 14.3770837783815, 40.590415954589801 ], [ 14.3768062591553, 40.590415954589801 ], [ 14.3768062591553, 40.589862823486399 ], [ 14.3770837783815, 40.589862823486399 ], [ 14.3770837783815, 40.589584350586001 ], [ 14.375694274902401, 40.589584350586001 ], [ 14.375694274902401, 40.589305877685703 ], [ 14.374859809875501, 40.589305877685703 ], [ 14.374859809875501, 40.589027404785099 ], [ 14.374305725097701, 40.589027404785099 ], [ 14.374305725097701, 40.588470458984403 ], [ 14.3740282058716, 40.588470458984403 ], [ 14.3740282058716, 40.5881958007813 ], [ 14.3731937408447, 40.5881958007813 ], [ 14.3731937408447, 40.587917327880902 ], [ 14.3723621368409, 40.587917327880902 ], [ 14.3723621368409, 40.587638854980597 ], [ 14.3715276718141, 40.587638854980597 ], [ 14.3715276718141, 40.587360382080199 ], [ 14.3706941604615, 40.587360382080199 ], [ 14.3706941604615, 40.587081909179801 ], [ 14.370140075683601, 40.587081909179801 ], [ 14.370140075683601, 40.586807250976598 ], [ 14.368472099304199, 40.586807250976598 ], [ 14.368472099304199, 40.587081909179801 ], [ 14.368192672729499, 40.587081909179801 ], [ 14.368192672729499, 40.587360382080199 ], [ 14.366651535034199, 40.587360382080199 ], [ 14.3665266036987, 40.587360382080199 ], [ 14.3665266036987, 40.587081909179801 ], [ 14.366249084472701, 40.587081909179801 ], [ 14.366249084472701, 40.586807250976598 ], [ 14.365693092346101, 40.586807250976598 ], [ 14.365693092346101, 40.5865287780762 ], [ 14.3651390075685, 40.5865287780762 ], [ 14.3651390075685, 40.586250305175803 ], [ 14.3648605346681, 40.586250305175803 ], [ 14.3648605346681, 40.585414886474702 ], [ 14.364583015441999, 40.585414886474702 ], [ 14.364583015441999, 40.583194732666101 ], [ 14.3643045425416, 40.583194732666101 ], [ 14.3643045425416, 40.582916259765703 ], [ 14.363751411438001, 40.582916259765703 ], [ 14.363751411438001, 40.583194732666101 ], [ 14.363471031189, 40.583194732666101 ], [ 14.363471031189, 40.582916259765703 ], [ 14.3631954193115, 40.582916259765703 ], [ 14.3631954193115, 40.582637786865199 ], [ 14.362916946411101, 40.582637786865199 ], [ 14.362916946411101, 40.582359313964801 ], [ 14.3623609542847, 40.582359313964801 ], [ 14.3623609542847, 40.582084655761797 ], [ 14.3615274429321, 40.582084655761797 ], [ 14.3615274429321, 40.581806182861399 ], [ 14.358751296997101, 40.581806182861399 ], [ 14.358751296997101, 40.582084655761797 ], [ 14.358472824096699, 40.582084655761797 ], [ 14.358472824096699, 40.582637786865199 ], [ 14.357639312744199, 40.582637786865199 ], [ 14.357639312744199, 40.582916259765703 ], [ 14.356250762939499, 40.582916259765703 ], [ 14.356250762939499, 40.582084655761797 ], [ 14.3559732437134, 40.582084655761797 ], [ 14.3559732437134, 40.581806182861399 ], [ 14.355694770813001, 40.581806182861399 ], [ 14.355694770813001, 40.582084655761797 ], [ 14.3551387786865, 40.582084655761797 ], [ 14.3551387786865, 40.582359313964801 ], [ 14.3534727096559, 40.582359313964801 ], [ 14.3534727096559, 40.582084655761797 ], [ 14.353194236755501, 40.582084655761797 ], [ 14.353194236755501, 40.581806182861399 ], [ 14.352638244629, 40.581806182861399 ], [ 14.352638244629, 40.581527709961001 ], [ 14.352359771728599, 40.581527709961001 ], [ 14.352359771728599, 40.581249237060703 ], [ 14.3520822525025, 40.581249237060703 ], [ 14.3520822525025, 40.580970764160298 ], [ 14.3518056869507, 40.580970764160298 ], [ 14.3518056869507, 40.580696105957003 ], [ 14.3515281677247, 40.580696105957003 ], [ 14.3515281677247, 40.5801391601563 ], [ 14.3512496948243, 40.5801391601563 ], [ 14.3512496948243, 40.579860687255902 ], [ 14.3490276336669, 40.579860687255902 ], [ 14.3490276336669, 40.579582214355497 ], [ 14.348194122314601, 40.579582214355497 ], [ 14.348194122314601, 40.579303741455099 ], [ 14.347915649414, 40.579303741455099 ], [ 14.347915649414, 40.579029083252003 ], [ 14.347640037536699, 40.579029083252003 ], [ 14.347640037536699, 40.578750610351598 ], [ 14.347084045410201, 40.578750610351598 ], [ 14.347084045410201, 40.5784721374512 ], [ 14.346805572509799, 40.5784721374512 ], [ 14.346805572509799, 40.5768051147462 ], [ 14.3465280532837, 40.5768051147462 ], [ 14.3465280532837, 40.576248168945298 ], [ 14.3462495803834, 40.576248168945298 ], [ 14.3462495803834, 40.575973510742202 ], [ 14.345972061157299, 40.575973510742202 ], [ 14.345972061157299, 40.575695037841797 ], [ 14.3456935882569, 40.575695037841797 ], [ 14.3456935882569, 40.574859619140703 ], [ 14.345972061157299, 40.574859619140703 ], [ 14.345972061157299, 40.5745849609375 ], [ 14.3465280532837, 40.5745849609375 ], [ 14.3465280532837, 40.574306488037102 ], [ 14.346805572509799, 40.574306488037102 ], [ 14.346805572509799, 40.573749542236399 ], [ 14.3465280532837, 40.573749542236399 ], [ 14.3465280532837, 40.572917938232401 ], [ 14.3462495803834, 40.572917938232401 ], [ 14.3462495803834, 40.572639465332003 ], [ 14.345972061157299, 40.572639465332003 ], [ 14.345972061157299, 40.572360992431598 ], [ 14.3456935882569, 40.572360992431598 ], [ 14.3456935882569, 40.571804046630902 ], [ 14.3454179763794, 40.571804046630902 ], [ 14.3454179763794, 40.571529388427798 ], [ 14.3451375961304, 40.571529388427798 ], [ 14.3451375961304, 40.571804046630902 ], [ 14.3445844650269, 40.571804046630902 ], [ 14.3445844650269, 40.572360992431598 ], [ 14.3443059921265, 40.572360992431598 ], [ 14.3443059921265, 40.5720825195312 ], [ 14.3429155349731, 40.5720825195312 ], [ 14.3429155349731, 40.571804046630902 ], [ 14.342639923095801, 40.571804046630902 ], [ 14.342639923095801, 40.571529388427798 ], [ 14.3423624038697, 40.571529388427798 ], [ 14.3423624038697, 40.5712509155275 ], [ 14.3420839309694, 40.5712509155275 ], [ 14.3420839309694, 40.570972442627102 ], [ 14.3418064117432, 40.570972442627102 ], [ 14.3418064117432, 40.570693969726698 ], [ 14.3412504196168, 40.570693969726698 ], [ 14.3412504196168, 40.5704154968263 ], [ 14.340970993042101, 40.5704154968263 ], [ 14.340970993042101, 40.570144653320298 ], [ 14.3404178619385, 40.570137023925902 ], [ 14.3404178619385, 40.569862365722699 ], [ 14.340136528015201, 40.569862365722699 ], [ 14.340136528015201, 40.569583892822301 ], [ 14.339583396911699, 40.569583892822301 ], [ 14.339583396911699, 40.569305419921903 ], [ 14.3373613357543, 40.569305419921903 ], [ 14.3373613357543, 40.569583892822301 ], [ 14.337082862853901, 40.569583892822301 ], [ 14.337082862853901, 40.569862365722699 ], [ 14.336805343627899, 40.569862365722699 ], [ 14.336805343627899, 40.570972442627102 ], [ 14.337082862853901, 40.570972442627102 ], [ 14.337082862853901, 40.571529388427798 ], [ 14.3373613357543, 40.571529388427798 ], [ 14.3373613357543, 40.571804046630902 ], [ 14.337638854980501, 40.571804046630902 ], [ 14.337638854980501, 40.572360992431598 ], [ 14.337917327880801, 40.572360992431598 ], [ 14.337917327880801, 40.572917938232401 ], [ 14.3381948471069, 40.572917938232401 ], [ 14.3381948471069, 40.573043823242202 ], [ 14.3381948471069, 40.573471069336001 ], [ 14.338748931884799, 40.573471069336001 ], [ 14.338748931884799, 40.573749542236399 ], [ 14.3384714126587, 40.573749542236399 ], [ 14.3384714126587, 40.574028015136697 ], [ 14.338748931884799, 40.574028015136697 ], [ 14.338748931884799, 40.5745849609375 ], [ 14.3393049240113, 40.5745849609375 ], [ 14.3393049240113, 40.575138092041101 ], [ 14.3404178619385, 40.575138092041101 ], [ 14.3404178619385, 40.575416564941499 ], [ 14.340693473816, 40.575416564941499 ], [ 14.340693473816, 40.5768051147462 ], [ 14.3404178619385, 40.5768051147462 ], [ 14.3404178619385, 40.576526641845803 ], [ 14.339861869811999, 40.576530456542997 ], [ 14.339861869811999, 40.5768051147462 ], [ 14.3393049240113, 40.5768051147462 ], [ 14.3393049240113, 40.576526641845803 ], [ 14.3373613357543, 40.576526641845803 ], [ 14.3373613357543, 40.576248168945298 ], [ 14.337082862853901, 40.576248168945298 ], [ 14.337082862853901, 40.576526641845803 ], [ 14.336805343627899, 40.576526641845803 ], [ 14.336805343627899, 40.576248168945298 ], [ 14.335970878601, 40.576248168945298 ], [ 14.335970878601, 40.575973510742202 ], [ 14.335416793823301, 40.575973510742202 ], [ 14.335416793823301, 40.575416564941499 ], [ 14.334583282470801, 40.575416564941499 ], [ 14.334583282470801, 40.575138092041101 ], [ 14.3343048095704, 40.575138092041101 ], [ 14.3343048095704, 40.574859619140703 ], [ 14.333748817443899, 40.574859619140703 ], [ 14.333748817443899, 40.5745849609375 ], [ 14.333194732666, 40.5745849609375 ], [ 14.333194732666, 40.574306488037102 ], [ 14.332917213439901, 40.574306488037102 ], [ 14.332917213439901, 40.573749542236399 ], [ 14.332638740539601, 40.573749542236399 ], [ 14.332638740539601, 40.573471069336001 ], [ 14.3323612213135, 40.573471069336001 ], [ 14.3323612213135, 40.573192596435597 ], [ 14.3320827484131, 40.573192596435597 ], [ 14.3320827484131, 40.572986602783303 ], [ 14.3320827484131, 40.572639465332003 ], [ 14.3315267562866, 40.572639465332003 ], [ 14.3315267562866, 40.5727348327637 ], [ 14.3315267562866, 40.572917938232401 ], [ 14.330972671508899, 40.572917938232401 ], [ 14.330970764160201, 40.572639465332003 ], [ 14.3306951522828, 40.572639465332003 ], [ 14.3306951522828, 40.572360992431598 ], [ 14.330139160156399, 40.572360992431598 ], [ 14.330139160156399, 40.572101593017699 ], [ 14.329860687256, 40.5720825195312 ], [ 14.329860687256, 40.571975708007898 ], [ 14.329860687256, 40.571826934814503 ], [ 14.329860687256, 40.570972442627102 ], [ 14.329583168029901, 40.570972442627102 ], [ 14.329583168029901, 40.570693969726698 ], [ 14.329304695129499, 40.570693969726698 ], [ 14.329304695129499, 40.5704154968263 ], [ 14.328473091125501, 40.5704154968263 ], [ 14.328473091125501, 40.570137023925902 ], [ 14.328194618225201, 40.570137023925902 ], [ 14.328194618225201, 40.569862365722699 ], [ 14.327917098999, 40.569862365722699 ], [ 14.327917098999, 40.569583892822301 ], [ 14.327084541320801, 40.569583892822301 ], [ 14.327084541320801, 40.569862365722699 ], [ 14.325971603393601, 40.569862365722699 ], [ 14.325971603393601, 40.569026947021499 ], [ 14.325415611267101, 40.569026947021499 ], [ 14.325415611267101, 40.5687484741212 ], [ 14.3243055343629, 40.5687484741212 ], [ 14.3243055343629, 40.569026947021499 ], [ 14.3240280151368, 40.569026947021499 ], [ 14.3240280151368, 40.569305419921903 ], [ 14.323749542236399, 40.569305419921903 ], [ 14.323749542236399, 40.569862365722699 ], [ 14.3234720230103, 40.569862365722699 ], [ 14.3234720230103, 40.570137023925902 ], [ 14.32319355011, 40.570137023925902 ], [ 14.32319355011, 40.571804046630902 ], [ 14.3229160308838, 40.571804046630902 ], [ 14.3229160308838, 40.573749542236399 ], [ 14.32319355011, 40.573749542236399 ], [ 14.32319355011, 40.574028015136697 ], [ 14.3234720230103, 40.574028015136697 ], [ 14.3234720230103, 40.574306488037102 ], [ 14.32319355011, 40.574306488037102 ], [ 14.32319355011, 40.5745849609375 ], [ 14.3229160308838, 40.5745849609375 ], [ 14.3229160308838, 40.574859619140703 ], [ 14.322360038757401, 40.574859619140703 ], [ 14.322360038757401, 40.575416564941499 ], [ 14.322084426879901, 40.575416564941499 ], [ 14.322084426879901, 40.575695037841797 ], [ 14.321805953979499, 40.575695037841797 ], [ 14.321805953979499, 40.575973510742202 ], [ 14.3215284347534, 40.575973510742202 ], [ 14.3215284347534, 40.580417633056598 ], [ 14.321805953979499, 40.580417633056598 ], [ 14.321805953979499, 40.581249237060703 ], [ 14.322084426879901, 40.581249237060703 ], [ 14.322084426879901, 40.581806182861399 ], [ 14.322360038757401, 40.581806182861399 ], [ 14.322360038757401, 40.582359313964801 ], [ 14.3226375579835, 40.582359313964801 ], [ 14.3226375579835, 40.583194732666101 ], [ 14.3229160308838, 40.583194732666101 ], [ 14.3229160308838, 40.583473205566499 ], [ 14.32319355011, 40.583473205566499 ], [ 14.32319355011, 40.583751678466903 ], [ 14.3234720230103, 40.583751678466903 ], [ 14.3234720230103, 40.584026336669901 ], [ 14.3240280151368, 40.584026336669901 ], [ 14.3240280151368, 40.584304809570298 ], [ 14.3248634338379, 40.584304809570298 ], [ 14.3248634338379, 40.584583282470703 ], [ 14.3256940841675, 40.584583282470703 ], [ 14.3256940841675, 40.584861755371101 ], [ 14.325971603393601, 40.584861755371101 ], [ 14.325971603393601, 40.585140228271499 ], [ 14.3260726928712, 40.585140228271499 ], [ 14.3262510299682, 40.585140228271499 ], [ 14.3262510299682, 40.585693359375099 ], [ 14.3256940841675, 40.585693359375099 ], [ 14.3256940841675, 40.585971832275398 ], [ 14.325415611267101, 40.585971832275398 ], [ 14.325415611267101, 40.586250305175803 ], [ 14.322084426879901, 40.586250305175803 ], [ 14.322084426879901, 40.585971832275398 ], [ 14.321781158447299, 40.585971832275398 ], [ 14.321249961853001, 40.585971832275398 ], [ 14.321249961853001, 40.586250305175803 ], [ 14.3206939697266, 40.586250305175803 ], [ 14.3206939697266, 40.5865287780762 ], [ 14.320416450500501, 40.5865287780762 ], [ 14.320416450500501, 40.586807250976598 ], [ 14.320137977600099, 40.586807250976598 ], [ 14.320137977600099, 40.5881958007813 ], [ 14.320416450500501, 40.5881958007813 ], [ 14.320416450500501, 40.588470458984403 ], [ 14.3206939697266, 40.588470458984403 ], [ 14.3206939697266, 40.588748931884702 ], [ 14.321249961853001, 40.588748931884702 ], [ 14.321249961853001, 40.589584350586001 ], [ 14.3215284347534, 40.589584350586001 ], [ 14.3215284347534, 40.589862823486399 ], [ 14.321805953979499, 40.589862823486399 ], [ 14.321805953979499, 40.590137481689503 ], [ 14.322360038757401, 40.590137481689503 ], [ 14.322360038757401, 40.590415954589801 ], [ 14.322781562805201, 40.590415954589801 ], [ 14.323749542236399, 40.590415954589801 ], [ 14.323749542236399, 40.590694427490199 ], [ 14.3243055343629, 40.590694427490199 ], [ 14.3243055343629, 40.590972900390597 ], [ 14.324582099914499, 40.590972900390597 ], [ 14.324582099914499, 40.591251373291001 ], [ 14.3243780136109, 40.591251373291001 ], [ 14.3243055343629, 40.591251373291001 ], [ 14.3243055343629, 40.591526031494197 ], [ 14.323749542236399, 40.591526031494197 ], [ 14.323749542236399, 40.592082977295 ], [ 14.3240280151368, 40.592082977295 ], [ 14.3240280151368, 40.592361450195398 ], [ 14.3243055343629, 40.592361450195398 ], [ 14.3243055343629, 40.592639923095803 ], [ 14.324582099914499, 40.592639923095803 ], [ 14.324582099914499, 40.5929183959962 ], [ 14.325138092041, 40.5929183959962 ], [ 14.325138092041, 40.593193054199297 ], [ 14.325971603393601, 40.593193054199297 ], [ 14.325971603393601, 40.593471527099702 ], [ 14.3265285491943, 40.593471527099702 ], [ 14.3265285491943, 40.59375 ], [ 14.3268041610718, 40.59375 ], [ 14.3268041610718, 40.594306945800803 ], [ 14.327084541320801, 40.594306945800803 ], [ 14.327084541320801, 40.594581604003899 ], [ 14.327360153198301, 40.594581604003899 ], [ 14.327360153198301, 40.596248626708999 ], [ 14.3265285491943, 40.596248626708999 ], [ 14.3265285491943, 40.596527099609403 ], [ 14.324582099914499, 40.596527099609403 ], [ 14.324582099914499, 40.5976371765137 ], [ 14.325138092041, 40.5976371765137 ], [ 14.325138092041, 40.597915649414098 ], [ 14.3268041610718, 40.597915649414098 ], [ 14.3268041610718, 40.598194122314503 ], [ 14.3276386260987, 40.598194122314503 ], [ 14.3276386260987, 40.598472595214901 ], [ 14.327917098999, 40.598472595214901 ], [ 14.327917098999, 40.599304199218899 ], [ 14.328473091125501, 40.599304199218899 ], [ 14.328473091125501, 40.601528167724503 ], [ 14.328194618225201, 40.601528167724503 ], [ 14.328194618225201, 40.601806640624901 ], [ 14.328473091125501, 40.601806640624901 ], [ 14.328473091125501, 40.602359771728601 ], [ 14.328194618225201, 40.602359771728601 ], [ 14.328194618225201, 40.602638244628899 ], [ 14.327917098999, 40.602638244628899 ], [ 14.327917098999, 40.602916717529297 ], [ 14.3276386260987, 40.602916717529297 ], [ 14.3276386260987, 40.603473663330099 ], [ 14.327360153198301, 40.603473663330099 ], [ 14.327360153198301, 40.603748321533303 ], [ 14.3276386260987, 40.603748321533303 ], [ 14.3276386260987, 40.604305267333999 ], [ 14.328194618225201, 40.604305267333999 ], [ 14.328194618225201, 40.6040267944337 ], [ 14.329583168029901, 40.6040267944337 ], [ 14.329583168029901, 40.605140686035199 ], [ 14.329304695129499, 40.605140686035199 ], [ 14.329304695129499, 40.605415344238402 ], [ 14.329029083251999, 40.605415344238402 ], [ 14.329029083251999, 40.6073608398438 ], [ 14.329304695129499, 40.6073608398438 ], [ 14.329304695129499, 40.607639312744098 ], [ 14.329583168029901, 40.607639312744098 ], [ 14.329583168029901, 40.607917785644503 ], [ 14.330139160156399, 40.607917785644503 ], [ 14.330139160156399, 40.608196258544901 ], [ 14.330416679382401, 40.608196258544901 ], [ 14.330416679382401, 40.608470916748097 ], [ 14.330972671508899, 40.608470916748097 ], [ 14.330972671508899, 40.608749389648501 ], [ 14.331805229186999, 40.608749389648501 ], [ 14.331805229186999, 40.608470916748097 ], [ 14.3320827484131, 40.608470916748097 ], [ 14.3320827484131, 40.608749389648501 ], [ 14.332917213439901, 40.608749389648501 ], [ 14.332917213439901, 40.6090278625488 ], [ 14.333194732666, 40.6090278625488 ], [ 14.333194732666, 40.609306335449197 ], [ 14.333748817443899, 40.609306335449197 ], [ 14.333748817443899, 40.609584808349602 ], [ 14.334583282470801, 40.609584808349602 ], [ 14.334583282470801, 40.609859466552798 ], [ 14.335416793823301, 40.609859466552798 ], [ 14.335416793823301, 40.610137939453203 ], [ 14.3356952667237, 40.610137939453203 ], [ 14.3356952667237, 40.610694885253999 ], [ 14.335970878601, 40.610694885253999 ], [ 14.335970878601, 40.610973358154403 ], [ 14.336251258850201, 40.610973358154403 ], [ 14.336251258850201, 40.611526489257898 ], [ 14.3365268707275, 40.611526489257898 ], [ 14.3365268707275, 40.611804962158303 ], [ 14.336805343627899, 40.611804962158303 ], [ 14.336805343627899, 40.612361907959098 ], [ 14.337638854980501, 40.612361907959098 ], [ 14.337638854980501, 40.612640380859503 ], [ 14.337917327880801, 40.612640380859503 ], [ 14.337917327880801, 40.6129150390625 ], [ 14.3381948471069, 40.6129150390625 ], [ 14.3381948471069, 40.613193511962898 ], [ 14.3384714126587, 40.613193511962898 ], [ 14.3384714126587, 40.6137504577637 ], [ 14.3381948471069, 40.6137504577637 ], [ 14.3381948471069, 40.614028930664098 ], [ 14.3384714126587, 40.614028930664098 ], [ 14.3384714126587, 40.614582061767599 ], [ 14.338748931884799, 40.614582061767599 ], [ 14.338748931884799, 40.615139007568402 ], [ 14.339027404785201, 40.615139007568402 ], [ 14.339027404785201, 40.6154174804688 ], [ 14.3393049240113, 40.6154174804688 ], [ 14.3393049240113, 40.615695953369098 ], [ 14.339583396911699, 40.615695953369098 ], [ 14.339583396911699, 40.616249084472798 ], [ 14.339861869811999, 40.616249084472798 ], [ 14.339861869811999, 40.616527557373097 ], [ 14.340136528015201, 40.616527557373097 ], [ 14.340136528015201, 40.616806030273501 ], [ 14.339861869811999, 40.616806030273501 ], [ 14.339861869811999, 40.617084503173899 ], [ 14.339583396911699, 40.617084503173899 ], [ 14.339583396911699, 40.617916107177798 ], [ 14.340136528015201, 40.617916107177798 ], [ 14.340140342712401, 40.618194580078203 ], [ 14.3412504196168, 40.618194580078203 ], [ 14.3412504196168, 40.618473052978601 ], [ 14.3415279388429, 40.618473052978601 ], [ 14.3415279388429, 40.619304656982401 ], [ 14.3412504196168, 40.619304656982401 ], [ 14.3412504196168, 40.619583129882798 ], [ 14.340970993042101, 40.619583129882798 ], [ 14.340970993042101, 40.619861602783203 ], [ 14.340693473816, 40.619861602783203 ], [ 14.340693473816, 40.620140075683601 ], [ 14.340140342712401, 40.620140075683601 ], [ 14.340136528015201, 40.621250152587898 ], [ 14.339861869811999, 40.621250152587898 ], [ 14.339861869811999, 40.621528625488303 ], [ 14.340136528015201, 40.621528625488303 ], [ 14.340136528015201, 40.6218070983887 ], [ 14.339861869811999, 40.6218070983887 ], [ 14.339861869811999, 40.622360229492301 ], [ 14.339583396911699, 40.622360229492301 ], [ 14.339583396911699, 40.622638702392699 ], [ 14.3393049240113, 40.622638702392699 ], [ 14.3393049240113, 40.624584197998203 ], [ 14.339027404785201, 40.624584197998203 ], [ 14.339027404785201, 40.625137329101598 ], [ 14.338748931884799, 40.625137329101598 ], [ 14.338748931884799, 40.625415802002003 ], [ 14.3384714126587, 40.625415802002003 ], [ 14.3384714126587, 40.625694274902301 ], [ 14.3381948471069, 40.625694274902301 ], [ 14.3381948471069, 40.626403808593899 ], [ 14.3381948471069, 40.6265258789063 ], [ 14.3384714126587, 40.6265258789063 ], [ 14.3384714126587, 40.626804351806697 ], [ 14.338748931884799, 40.626804351806697 ], [ 14.338748931884799, 40.627639770507898 ], [ 14.339027404785201, 40.627639770507898 ], [ 14.339027404785201, 40.627918243408303 ], [ 14.3393049240113, 40.627918243408303 ], [ 14.3393049240113, 40.628192901611399 ], [ 14.3398332595825, 40.628192901611399 ], [ 14.3404178619385, 40.628192901611399 ], [ 14.3404178619385, 40.627918243408303 ], [ 14.340693473816, 40.627918243408303 ], [ 14.340693473816, 40.627639770507898 ], [ 14.340970993042101, 40.627639770507898 ], [ 14.340970993042101, 40.627082824707102 ], [ 14.3423624038697, 40.627082824707102 ], [ 14.3423624038697, 40.6273612976075 ], [ 14.3431940078735, 40.6273612976075 ], [ 14.3431940078735, 40.627639770507898 ], [ 14.3440284729004, 40.627639770507898 ], [ 14.3440284729004, 40.6273612976075 ], [ 14.3443059921265, 40.6273612976075 ], [ 14.3443059921265, 40.627082824707102 ], [ 14.344861984252899, 40.627082824707102 ], [ 14.344861984252899, 40.626804351806697 ], [ 14.3456935882569, 40.626804351806697 ], [ 14.3456935882569, 40.627082824707102 ], [ 14.3462495803834, 40.627082824707102 ], [ 14.3462495803834, 40.6273612976075 ], [ 14.3465280532837, 40.6273612976075 ], [ 14.3465280532837, 40.627639770507898 ], [ 14.346805572509799, 40.627639770507898 ], [ 14.346805572509799, 40.628192901611399 ], [ 14.3470706939697, 40.628131866455099 ], [ 14.347084045410201, 40.629306793212898 ], [ 14.3473615646363, 40.629306793212898 ], [ 14.3473615646363, 40.629859924316399 ], [ 14.347640037536699, 40.629859924316399 ], [ 14.347640037536699, 40.630138397216697 ], [ 14.3482780456543, 40.630138397216697 ], [ 14.3490276336669, 40.630138397216697 ], [ 14.3490276336669, 40.630416870117102 ], [ 14.349306106567299, 40.630416870117102 ], [ 14.349306106567299, 40.630973815918097 ], [ 14.3490276336669, 40.630973815918097 ], [ 14.3490276336669, 40.631526947021499 ], [ 14.3487501144409, 40.631526947021499 ], [ 14.3487501144409, 40.633750915527401 ], [ 14.3490276336669, 40.633750915527401 ], [ 14.3490276336669, 40.634029388427798 ], [ 14.349306106567299, 40.634029388427798 ], [ 14.349306106567299, 40.634304046631001 ], [ 14.349762916565, 40.634304046631001 ], [ 14.3501377105713, 40.634304046631001 ], [ 14.3501377105713, 40.634582519531399 ], [ 14.3506937026978, 40.634582519531399 ], [ 14.3506937026978, 40.634860992431797 ], [ 14.3520822525025, 40.634860992431797 ], [ 14.3520822525025, 40.634582519531399 ], [ 14.352359771728599, 40.634582519531399 ], [ 14.352359771728599, 40.634029388427798 ], [ 14.352915763855099, 40.634029388427798 ], [ 14.352915763855099, 40.633750915527401 ], [ 14.3534727096559, 40.633750915527401 ], [ 14.3534727096559, 40.633472442627003 ], [ 14.3543043136597, 40.633472442627003 ], [ 14.3543043136597, 40.633193969726598 ], [ 14.3545846939088, 40.633193969726598 ], [ 14.3545846939088, 40.6329154968262 ], [ 14.3551387786865, 40.6329154968262 ], [ 14.3551387786865, 40.632637023925803 ], [ 14.3559732437134, 40.632637023925803 ], [ 14.3559732437134, 40.632362365722699 ], [ 14.3565273284912, 40.632362365722699 ], [ 14.3565273284912, 40.632083892822301 ], [ 14.3568067550659, 40.632083892822301 ], [ 14.3568067550659, 40.631805419921903 ], [ 14.357083320617701, 40.631805419921903 ], [ 14.357083320617701, 40.631526947021499 ], [ 14.357639312744199, 40.631526947021499 ], [ 14.357639312744199, 40.631248474121101 ], [ 14.3579168319703, 40.631248474121101 ], [ 14.3579168319703, 40.630973815918097 ], [ 14.358751296997101, 40.630973815918097 ], [ 14.358751296997101, 40.630695343017699 ], [ 14.359582901001099, 40.630695343017699 ], [ 14.359582901001099, 40.630416870117102 ], [ 14.3604173660279, 40.630416870117102 ], [ 14.3604173660279, 40.630138397216697 ], [ 14.3609733581544, 40.630138397216697 ], [ 14.3609733581544, 40.629859924316399 ], [ 14.3618049621582, 40.629859924316399 ], [ 14.3618049621582, 40.629581451416001 ], [ 14.362083435058601, 40.629581451416001 ], [ 14.362083435058601, 40.629306793212898 ], [ 14.362639427185099, 40.629306793212898 ], [ 14.362639427185099, 40.629028320312599 ], [ 14.362916946411101, 40.629028320312599 ], [ 14.362916946411101, 40.628749847412202 ], [ 14.364027023315501, 40.628749847412202 ], [ 14.364027023315501, 40.628471374511797 ], [ 14.3665266036987, 40.628471374511797 ], [ 14.3665266036987, 40.628749847412202 ], [ 14.3670358657837, 40.628749847412202 ], [ 14.367918014526399, 40.628749847412202 ], [ 14.367918014526399, 40.628471374511797 ], [ 14.370971679687599, 40.628471374511797 ], [ 14.370971679687599, 40.628749847412202 ], [ 14.3715276718141, 40.628787994384901 ], [ 14.3715276718141, 40.629028320312599 ], [ 14.372637748718301, 40.629028320312599 ], [ 14.372637748718301, 40.629306793212898 ], [ 14.3729162216187, 40.629306793212898 ], [ 14.3729162216187, 40.629581451416001 ], [ 14.373472213745099, 40.629581451416001 ], [ 14.373472213745099, 40.629859924316399 ], [ 14.3737497329712, 40.629859924316399 ], [ 14.3737497329712, 40.630416870117102 ], [ 14.376527786255, 40.630416870117102 ], [ 14.376527786255, 40.630138397216697 ], [ 14.377916336059499, 40.630138397216697 ], [ 14.377916336059499, 40.629859924316399 ], [ 14.378472328186, 40.629859924316399 ], [ 14.378472328186, 40.629581451416001 ], [ 14.3787498474121, 40.629581451416001 ], [ 14.3787498474121, 40.629859924316399 ], [ 14.3790283203125, 40.629859924316399 ], [ 14.3790283203125, 40.630138397216697 ], [ 14.379118919372599, 40.630138397216697 ], [ 14.3801383972169, 40.630138397216697 ], [ 14.3801383972169, 40.630455017089801 ], [ 14.3801383972169, 40.630695343017699 ], [ 14.380695343017599, 40.630695343017699 ], [ 14.380695343017599, 40.630973815918097 ], [ 14.3809728622437, 40.630973815918097 ], [ 14.3809728622437, 40.631248474121101 ], [ 14.381804466247701, 40.631248474121101 ], [ 14.381804466247701, 40.631526947021499 ], [ 14.382638931274499, 40.631526947021499 ], [ 14.382638931274499, 40.631805419921903 ], [ 14.383329391479601, 40.631805419921903 ], [ 14.383473396301399, 40.631870269775398 ], [ 14.383473396301399, 40.632083892822301 ], [ 14.3839559555053, 40.632083892822301 ], [ 14.384026527404799, 40.632114410400398 ], [ 14.384026527404799, 40.632362365722699 ], [ 14.3845834732056, 40.632362365722699 ], [ 14.3845834732056, 40.632637023925803 ], [ 14.385139465331999, 40.632637023925803 ], [ 14.385139465331999, 40.6329154968262 ], [ 14.3858318328857, 40.6329154968262 ], [ 14.385972976684601, 40.6329765319825 ], [ 14.385972976684601, 40.633193969726598 ], [ 14.3864593505859, 40.633193969726598 ], [ 14.386528968811, 40.633224487304801 ], [ 14.386528968811, 40.633472442627003 ], [ 14.387083053588899, 40.633472442627003 ], [ 14.387083053588899, 40.633750915527401 ], [ 14.387360572815, 40.633750915527401 ], [ 14.387360572815, 40.634029388427798 ], [ 14.3876390457154, 40.634029388427798 ], [ 14.3876390457154, 40.634304046631001 ], [ 14.3881950378419, 40.634304046631001 ], [ 14.3881950378419, 40.634582519531399 ], [ 14.388472557068001, 40.634582519531399 ], [ 14.388472557068001, 40.6354179382325 ], [ 14.3887491226197, 40.6354179382325 ], [ 14.3887491226197, 40.635692596435497 ], [ 14.3895826339721, 40.635692596435497 ], [ 14.3895826339721, 40.6362495422363 ], [ 14.390417098999, 40.6362495422363 ], [ 14.390417098999, 40.637084960937599 ], [ 14.391527175903301, 40.637084960937599 ], [ 14.391527175903301, 40.637359619140703 ], [ 14.394026756286699, 40.637359619140703 ], [ 14.394026756286699, 40.637638092041001 ], [ 14.395972251891999, 40.637638092041001 ], [ 14.395972251891999, 40.637916564941399 ], [ 14.396528244018601, 40.637916564941399 ], [ 14.396528244018601, 40.638195037841797 ], [ 14.3985385894775, 40.638195037841797 ], [ 14.3990278244019, 40.638195037841797 ], [ 14.3990278244019, 40.637916564941399 ], [ 14.3998622894288, 40.637916564941399 ], [ 14.3998622894288, 40.638195037841797 ], [ 14.400416374206699, 40.638195037841797 ], [ 14.400416374206699, 40.638473510742202 ], [ 14.400693893432701, 40.638473510742202 ], [ 14.400693893432701, 40.638748168945398 ], [ 14.4009723663331, 40.638748168945398 ], [ 14.4009723663331, 40.6393051147462 ], [ 14.401249885559, 40.6393051147462 ], [ 14.401249885559, 40.639583587646499 ], [ 14.401528358459601, 40.639583587646499 ], [ 14.401528358459601, 40.639862060546903 ], [ 14.401805877685501, 40.639862060546903 ], [ 14.401805877685501, 40.640140533447301 ], [ 14.4020843505859, 40.640140533447301 ], [ 14.4020843505859, 40.640430450439403 ], [ 14.4020843505859, 40.641529083252102 ], [ 14.4026384353638, 40.641529083252102 ], [ 14.4026384353638, 40.641250610351698 ], [ 14.402915954589799, 40.641250610351698 ], [ 14.402915954589799, 40.641529083252102 ], [ 14.403194427490201, 40.641529083252102 ], [ 14.403194427490201, 40.641803741455099 ], [ 14.4034719467163, 40.641803741455099 ], [ 14.4034719467163, 40.642082214355497 ], [ 14.403750419616699, 40.642082214355497 ], [ 14.403750419616699, 40.642360687255902 ], [ 14.4040279388428, 40.642360687255902 ], [ 14.4040279388428, 40.643470764160199 ], [ 14.403750419616699, 40.643470764160199 ], [ 14.403750419616699, 40.643749237060597 ], [ 14.4043064117432, 40.643749237060597 ], [ 14.4043064117432, 40.644027709960902 ], [ 14.4048624038697, 40.644027709960902 ], [ 14.4048624038697, 40.6443061828613 ], [ 14.4051380157472, 40.6443061828613 ], [ 14.4051380157472, 40.644027709960902 ], [ 14.405415534973301, 40.644027709960902 ], [ 14.405415534973301, 40.6443061828613 ], [ 14.405694007873601, 40.6443061828613 ], [ 14.405694007873601, 40.644584655761697 ], [ 14.4059715270997, 40.644584655761697 ], [ 14.4059715270997, 40.645267486572301 ], [ 14.4059715270997, 40.645416259765703 ], [ 14.40625, 40.645416259765703 ], [ 14.40625, 40.645973205566499 ], [ 14.406529426574799, 40.645973205566499 ], [ 14.406529426574799, 40.646251678466903 ], [ 14.4068069458009, 40.646251678466903 ], [ 14.4068069458009, 40.64652633667 ], [ 14.4070854187012, 40.64652633667 ], [ 14.4070854187012, 40.646728515625099 ], [ 14.4070854187012, 40.647083282470803 ], [ 14.407190322876, 40.647083282470803 ], [ 14.4073600769043, 40.647083282470803 ], [ 14.4073600769043, 40.647640228271598 ], [ 14.4076375961304, 40.647640228271598 ], [ 14.4076375961304, 40.647914886474602 ], [ 14.407917022705, 40.647914886474602 ], [ 14.407917022705, 40.649307250976499 ], [ 14.4081945419312, 40.649307250976499 ], [ 14.4081945419312, 40.650417327880902 ], [ 14.4084730148315, 40.650417327880902 ], [ 14.4084730148315, 40.650970458984503 ], [ 14.4083423614503, 40.650970458984503 ], [ 14.4081945419312, 40.650970458984503 ], [ 14.4081945419312, 40.651248931884901 ], [ 14.4084730148315, 40.651248931884901 ], [ 14.4084730148315, 40.65140914917 ], [ 14.4084730148315, 40.651805877685597 ], [ 14.4076375961304, 40.651805877685597 ], [ 14.4076375961304, 40.652084350586001 ], [ 14.4068069458009, 40.652084350586001 ], [ 14.4068069458009, 40.652637481689403 ], [ 14.40625, 40.652637481689403 ], [ 14.4061841964722, 40.65291595459 ], [ 14.405694007873601, 40.65291595459 ], [ 14.405694007873601, 40.653194427490298 ], [ 14.405415534973301, 40.653194427490298 ], [ 14.405415534973301, 40.653751373291101 ], [ 14.4051380157472, 40.653751373291101 ], [ 14.4051380157472, 40.654026031494098 ], [ 14.4048624038697, 40.654026031494098 ], [ 14.4048624038697, 40.654582977294901 ], [ 14.4045820236207, 40.654582977294901 ], [ 14.4045820236207, 40.655139923095703 ], [ 14.4043064117432, 40.655139923095703 ], [ 14.4043064117432, 40.655418395996101 ], [ 14.4045820236207, 40.655418395996101 ], [ 14.4045820236207, 40.655693054199297 ], [ 14.403750419616699, 40.655693054199297 ], [ 14.403750419616699, 40.656528472900398 ], [ 14.4040279388428, 40.656528472900398 ], [ 14.4040279388428, 40.65625 ], [ 14.4045820236207, 40.65625 ], [ 14.4045820236207, 40.656528472900398 ], [ 14.4051380157472, 40.656528472900398 ], [ 14.4051380157472, 40.656806945800803 ], [ 14.405415534973301, 40.656806945800803 ], [ 14.405415534973301, 40.656528472900398 ], [ 14.405694007873601, 40.656528472900398 ], [ 14.405694007873601, 40.656806945800803 ], [ 14.4059715270997, 40.656806945800803 ], [ 14.4059715270997, 40.657081604003999 ], [ 14.40625, 40.657081604003999 ], [ 14.40625, 40.657360076904403 ], [ 14.406529426574799, 40.657360076904403 ], [ 14.406529426574799, 40.657638549804801 ], [ 14.4068069458009, 40.657638549804801 ], [ 14.4068069458009, 40.657917022705099 ], [ 14.4070854187012, 40.657917022705099 ], [ 14.4070854187012, 40.658473968505902 ], [ 14.4073600769043, 40.658473968505902 ], [ 14.4073600769043, 40.659130096435497 ], [ 14.4073600769043, 40.659584045410298 ], [ 14.407917022705, 40.659584045410298 ], [ 14.407917022705, 40.659862518310703 ], [ 14.4084730148315, 40.659862518310703 ], [ 14.4084730148315, 40.6601371765137 ], [ 14.408750534057599, 40.6601371765137 ], [ 14.408750534057599, 40.660415649414098 ], [ 14.409304618835501, 40.660415649414098 ], [ 14.409304618835501, 40.660694122314503 ], [ 14.4106950759888, 40.660694122314503 ], [ 14.4106950759888, 40.660972595214801 ], [ 14.4120826721193, 40.660972595214801 ], [ 14.4120826721193, 40.660705566406399 ], [ 14.412361145019601, 40.660694122314503 ], [ 14.412361145019601, 40.660415649414098 ], [ 14.413194656371999, 40.660415649414098 ], [ 14.413194656371999, 40.6601371765137 ], [ 14.413473129272599, 40.6601371765137 ], [ 14.413473129272599, 40.659862518310703 ], [ 14.414304733276399, 40.659862518310703 ], [ 14.414304733276399, 40.6601371765137 ], [ 14.4165267944337, 40.6601371765137 ], [ 14.4165267944337, 40.660415649414098 ], [ 14.416805267334, 40.660415649414098 ], [ 14.416805267334, 40.660621643066399 ], [ 14.416805267334, 40.660694122314503 ], [ 14.417361259460501, 40.660694122314503 ], [ 14.417361259460501, 40.661251068115199 ], [ 14.4176387786866, 40.661251068115199 ], [ 14.4176387786866, 40.661529541015597 ], [ 14.417917251586999, 40.661529541015597 ], [ 14.417917251586999, 40.6618041992188 ], [ 14.4181947708131, 40.6618041992188 ], [ 14.4181947708131, 40.661251068115199 ], [ 14.418748855590801, 40.661251068115199 ], [ 14.418748855590801, 40.6618041992188 ], [ 14.4198608398437, 40.6618041992188 ], [ 14.4198608398437, 40.662082672119197 ], [ 14.420693397521999, 40.662082672119197 ], [ 14.420693397521999, 40.662361145019602 ], [ 14.421527862548899, 40.662361145019602 ], [ 14.421527862548899, 40.66263961792 ], [ 14.421806335449199, 40.66263961792 ], [ 14.421806335449199, 40.662918090820398 ], [ 14.4226398468018, 40.662918090820398 ], [ 14.4226398468018, 40.663192749023501 ], [ 14.422916412353599, 40.663192749023501 ], [ 14.422916412353599, 40.663749694824297 ], [ 14.423195838928301, 40.663749694824297 ], [ 14.423195838928301, 40.664585113525398 ], [ 14.423472404480099, 40.664585113525398 ], [ 14.423472404480099, 40.6651382446288 ], [ 14.424584388733001, 40.6651382446288 ], [ 14.424584388733001, 40.665416717529197 ], [ 14.4248619079591, 40.665416717529197 ], [ 14.4248619079591, 40.665973663330199 ], [ 14.4251384735107, 40.665973663330199 ], [ 14.4251384735107, 40.666248321533203 ], [ 14.4256944656372, 40.666248321533203 ], [ 14.4256944656372, 40.667083740234403 ], [ 14.4262504577637, 40.667083740234403 ], [ 14.4262504577637, 40.667362213134801 ], [ 14.4265279769897, 40.667362213134801 ], [ 14.4265279769897, 40.667083740234403 ], [ 14.4270839691162, 40.667083740234403 ], [ 14.4270839691162, 40.666805267333999 ], [ 14.4281940460206, 40.666805267333999 ], [ 14.4281940460206, 40.666248321533203 ], [ 14.429679870605501, 40.666248321533203 ], [ 14.430416107177701, 40.666248321533203 ], [ 14.430416107177701, 40.666526794433601 ], [ 14.4309720993041, 40.666526794433601 ], [ 14.4309720993041, 40.666999816894602 ], [ 14.4309720993041, 40.667640686035199 ], [ 14.4315280914307, 40.667640686035199 ], [ 14.4315280914307, 40.667915344238303 ], [ 14.431805610656699, 40.667915344238303 ], [ 14.431805610656699, 40.668750762939503 ], [ 14.4320821762085, 40.668750762939503 ], [ 14.4320821762085, 40.670139312744297 ], [ 14.432359695434601, 40.670139312744297 ], [ 14.4323625564575, 40.670696258545 ], [ 14.432638168335, 40.670696258545 ], [ 14.432638168335, 40.671806335449197 ], [ 14.432915687561101, 40.671806335449197 ], [ 14.432915687561101, 40.672084808349702 ], [ 14.4331941604615, 40.672084808349702 ], [ 14.4331941604615, 40.672359466552798 ], [ 14.433471679687599, 40.672359466552798 ], [ 14.433471679687599, 40.672916412353501 ], [ 14.4337511062622, 40.672916412353501 ], [ 14.4337511062622, 40.673194885253899 ], [ 14.434028625488301, 40.673194885253899 ], [ 14.434028625488301, 40.674304962158303 ], [ 14.434304237365801, 40.674304962158303 ], [ 14.434304237365801, 40.6745834350587 ], [ 14.434028625488301, 40.6745834350587 ], [ 14.434028625488301, 40.675693511962997 ], [ 14.4337511062622, 40.675693511962997 ], [ 14.4337511062622, 40.676528930664198 ], [ 14.434028625488301, 40.676528930664198 ], [ 14.434028625488301, 40.677082061767599 ], [ 14.434584617614799, 40.677082061767599 ], [ 14.434584617614799, 40.677360534667997 ], [ 14.435973167419499, 40.677360534667997 ], [ 14.435973167419499, 40.678749084472699 ], [ 14.4362506866456, 40.678749084472699 ], [ 14.4362506866456, 40.679027557372997 ], [ 14.436529159546, 40.679027557372997 ], [ 14.436529159546, 40.679306030273402 ], [ 14.436806678772101, 40.679306030273402 ], [ 14.436806678772101, 40.679862976074197 ], [ 14.4370832443237, 40.679862976074197 ], [ 14.4370832443237, 40.680416107177798 ], [ 14.437360763549799, 40.680416107177798 ], [ 14.437360763549799, 40.680694580078203 ], [ 14.437639236450201, 40.680694580078203 ], [ 14.437639236450201, 40.681251525878999 ], [ 14.4379167556763, 40.681251525878999 ], [ 14.4379167556763, 40.681526184082102 ], [ 14.438195228576699, 40.681526184082102 ], [ 14.438195228576699, 40.6818046569825 ], [ 14.438472747802701, 40.6818046569825 ], [ 14.438472747802701, 40.682083129882898 ], [ 14.4387512207031, 40.682083129882898 ], [ 14.4387512207031, 40.682361602783303 ], [ 14.4394693374635, 40.682361602783303 ], [ 14.4398612976075, 40.682361602783303 ], [ 14.4398612976075, 40.6826400756837 ], [ 14.440138816833599, 40.6826400756837 ], [ 14.440138816833599, 40.682914733886697 ], [ 14.44069480896, 40.682918548584098 ], [ 14.44069480896, 40.683193206787102 ], [ 14.4409732818604, 40.683193206787102 ], [ 14.4409732818604, 40.6834716796875 ], [ 14.441527366638301, 40.6834716796875 ], [ 14.441527366638301, 40.683750152587898 ], [ 14.441804885864199, 40.683750152587898 ], [ 14.441804885864199, 40.684028625488303 ], [ 14.442083358764799, 40.684028625488303 ], [ 14.442083358764799, 40.684268951416101 ], [ 14.442083358764799, 40.684581756591797 ], [ 14.4423608779907, 40.684581756591797 ], [ 14.4423608779907, 40.684860229492202 ], [ 14.442639350891101, 40.684860229492202 ], [ 14.442639350891101, 40.685138702392599 ], [ 14.443470954895, 40.685138702392599 ], [ 14.443470954895, 40.685417175292997 ], [ 14.444455146789601, 40.685417175292997 ], [ 14.444582939148001, 40.685417175292997 ], [ 14.444582939148001, 40.685573577880902 ], [ 14.444582939148001, 40.685695648193402 ], [ 14.445138931274499, 40.685695648193402 ], [ 14.445138931274499, 40.685970306396598 ], [ 14.445417404174901, 40.6859741210938 ], [ 14.445417404174901, 40.686248779297003 ], [ 14.4462490081788, 40.686248779297003 ], [ 14.4462490081788, 40.686527252197301 ], [ 14.4468050003053, 40.686527252197301 ], [ 14.4468050003053, 40.686805725097699 ], [ 14.447361946106099, 40.686805725097699 ], [ 14.447361946106099, 40.687362670898501 ], [ 14.447640419006399, 40.687362670898501 ], [ 14.447640419006399, 40.687637329101499 ], [ 14.448192596435501, 40.687637329101499 ], [ 14.448192596435501, 40.687732696533097 ], [ 14.448192596435501, 40.687915802002102 ], [ 14.4484710693359, 40.687915802002102 ], [ 14.4484710693359, 40.6881942749025 ], [ 14.448715209961, 40.6881942749025 ], [ 14.4498615264893, 40.6881942749025 ], [ 14.4498615264893, 40.688472747802798 ], [ 14.451250076294, 40.688472747802798 ], [ 14.451250076294, 40.688751220703203 ], [ 14.4537496566772, 40.688751220703203 ], [ 14.4537496566772, 40.6890258789062 ], [ 14.454584121704, 40.6890258789062 ], [ 14.454584121704, 40.689304351806598 ], [ 14.455140113830501, 40.689304351806598 ], [ 14.455140113830501, 40.689582824707003 ], [ 14.456250190734901, 40.689582824707003 ], [ 14.456250190734901, 40.689861297607401 ], [ 14.457360267639199, 40.689861297607401 ], [ 14.457360267639199, 40.690139770507798 ], [ 14.4576377868653, 40.690139770507798 ], [ 14.4576377868653, 40.690544128417997 ], [ 14.4576377868653, 40.690692901611399 ], [ 14.4580383300781, 40.690692901611399 ], [ 14.4581937789918, 40.690692901611399 ], [ 14.4581937789918, 40.690853118896499 ], [ 14.4581937789918, 40.690971374511797 ], [ 14.4582843780518, 40.690971374511797 ], [ 14.4590282440187, 40.690971374511797 ], [ 14.4590282440187, 40.691249847412202 ], [ 14.4618043899537, 40.691249847412202 ], [ 14.4618043899537, 40.691528320312599 ], [ 14.4623613357544, 40.691528320312599 ], [ 14.4623613357544, 40.691806793212898 ], [ 14.4629173278809, 40.691806793212898 ], [ 14.4629173278809, 40.692230224609403 ], [ 14.4629173278809, 40.692359924316499 ], [ 14.463194847106999, 40.692359924316499 ], [ 14.463194847106999, 40.692638397216903 ], [ 14.463473320007401, 40.692638397216903 ], [ 14.463473320007401, 40.692916870117202 ], [ 14.4637508392335, 40.692916870117202 ], [ 14.4637508392335, 40.693195343017599 ], [ 14.4640274047853, 40.693195343017599 ], [ 14.4640274047853, 40.693473815917997 ], [ 14.4643926620485, 40.693473815917997 ], [ 14.464583396911699, 40.693473815917997 ], [ 14.464583396911699, 40.693748474121001 ], [ 14.4648609161378, 40.693748474121001 ], [ 14.4648609161378, 40.693916320800902 ], [ 14.4648609161378, 40.694026947021399 ], [ 14.4651126861572, 40.694026947021399 ], [ 14.4659729003907, 40.694026947021399 ], [ 14.4659729003907, 40.694305419922003 ], [ 14.466251373291099, 40.694305419922003 ], [ 14.466251373291099, 40.693748474121001 ], [ 14.466528892516999, 40.693748474121001 ], [ 14.466528892516999, 40.693473815917997 ], [ 14.4668054580688, 40.693473815917997 ], [ 14.4668054580688, 40.693195343017599 ], [ 14.4687490463257, 40.693195343017599 ], [ 14.4687490463257, 40.693473815917997 ], [ 14.4693050384522, 40.693473815917997 ], [ 14.4693050384522, 40.693748474121001 ], [ 14.469582557678301, 40.693748474121001 ], [ 14.469582557678301, 40.694026947021399 ], [ 14.4698610305787, 40.694026947021399 ], [ 14.4698610305787, 40.694305419922003 ], [ 14.470138549804799, 40.694305419922003 ], [ 14.470138549804799, 40.694583892822401 ], [ 14.470417022705201, 40.694583892822401 ], [ 14.470417022705201, 40.694862365722798 ], [ 14.4706945419313, 40.694862365722798 ], [ 14.4706945419313, 40.695194244384801 ], [ 14.4706945419313, 40.695972442627003 ], [ 14.470417022705201, 40.695972442627003 ], [ 14.470417022705201, 40.696250915527301 ], [ 14.4706945419313, 40.696250915527301 ], [ 14.4706945419313, 40.696529388427699 ], [ 14.471248626709, 40.696529388427699 ], [ 14.471248626709, 40.697639465332102 ], [ 14.471804618835399, 40.697639465332102 ], [ 14.471804618835399, 40.698192596435703 ], [ 14.472083091735801, 40.698192596435703 ], [ 14.472083091735801, 40.698471069336101 ], [ 14.4723606109619, 40.698471069336101 ], [ 14.4723606109619, 40.699028015136797 ], [ 14.4729166030884, 40.699028015136797 ], [ 14.4729166030884, 40.699306488037202 ], [ 14.473283767700099, 40.699306488037202 ], [ 14.473473548889199, 40.699306488037202 ], [ 14.473473548889199, 40.699104309082003 ], [ 14.473473548889199, 40.699028015136797 ], [ 14.473749160766699, 40.699028015136797 ], [ 14.473749160766699, 40.698749542236399 ], [ 14.473473548889199, 40.698749542236399 ], [ 14.473473548889199, 40.698471069336101 ], [ 14.473193168640201, 40.698471069336101 ], [ 14.473193168640201, 40.698192596435703 ], [ 14.4729166030884, 40.698192596435703 ], [ 14.4729166030884, 40.6979179382325 ], [ 14.472639083862299, 40.6979179382325 ], [ 14.472639083862299, 40.697639465332102 ], [ 14.4723606109619, 40.697639465332102 ], [ 14.4723606109619, 40.697544097900398 ], [ 14.4723606109619, 40.697471618652401 ], [ 14.4723606109619, 40.697360992431697 ], [ 14.472083091735801, 40.697360992431697 ], [ 14.472083091735801, 40.6970825195313 ], [ 14.471804618835399, 40.6970825195313 ], [ 14.471804618835399, 40.695972442627003 ], [ 14.471248626709, 40.695972442627003 ], [ 14.471248626709, 40.695693969726598 ], [ 14.471804618835399, 40.695693969726598 ], [ 14.471804618835399, 40.695137023925803 ], [ 14.4719886779785, 40.695137023925803 ], [ 14.472083091735801, 40.695137023925803 ], [ 14.472083091735801, 40.694660186767599 ], [ 14.472083091735801, 40.694583892822401 ], [ 14.4719190597535, 40.694583892822401 ], [ 14.4715270996093, 40.694583892822401 ], [ 14.4715270996093, 40.694404602050803 ], [ 14.4715270996093, 40.694305419922003 ], [ 14.471248626709, 40.694305419922003 ], [ 14.471248626709, 40.694026947021399 ], [ 14.470971107482899, 40.694026947021399 ], [ 14.470971107482899, 40.692916870117202 ], [ 14.471248626709, 40.692916870117202 ], [ 14.471248626709, 40.692638397216903 ], [ 14.4717893600463, 40.692638397216903 ], [ 14.472639083862299, 40.692638397216903 ], [ 14.472639083862299, 40.692378997802699 ], [ 14.473473548889199, 40.692359924316499 ], [ 14.473473548889199, 40.692638397216903 ], [ 14.473749160766699, 40.692649841308601 ], [ 14.473749160766699, 40.692897796630902 ], [ 14.473749160766699, 40.693195343017599 ], [ 14.4739017486572, 40.693195343017599 ], [ 14.474068641662599, 40.693195343017599 ], [ 14.474157333374, 40.693195343017599 ], [ 14.4743051528931, 40.693195343017599 ], [ 14.4743051528931, 40.693473815917997 ], [ 14.474998474121101, 40.693473815917997 ], [ 14.475154876709, 40.693473815917997 ], [ 14.475370407104499, 40.693473815917997 ], [ 14.475619316101101, 40.693473815917997 ], [ 14.475695610046399, 40.693473815917997 ], [ 14.475695610046399, 40.693748474121001 ], [ 14.475972175598301, 40.693748474121001 ], [ 14.475972175598301, 40.694026947021399 ], [ 14.4762496948243, 40.694026947021399 ], [ 14.4762496948243, 40.694305419922003 ], [ 14.4765281677247, 40.694305419922003 ], [ 14.4765281677247, 40.694862365722798 ], [ 14.476805686950801, 40.694862365722798 ], [ 14.476805686950801, 40.695137023925803 ], [ 14.477361679077299, 40.695137023925803 ], [ 14.477361679077299, 40.6954154968262 ], [ 14.477640151977701, 40.6954154968262 ], [ 14.477640151977701, 40.695693969726598 ], [ 14.477915763855, 40.695693969726598 ], [ 14.477915763855, 40.695827484130902 ], [ 14.477915763855, 40.695972442627003 ], [ 14.478019714355501, 40.695972442627003 ], [ 14.4781942367554, 40.695972442627003 ], [ 14.4781942367554, 40.696250915527301 ], [ 14.4787502288818, 40.696250915527301 ], [ 14.4787502288818, 40.696529388427699 ], [ 14.478949546814, 40.696529388427699 ], [ 14.479027748107899, 40.696529388427699 ], [ 14.479027748107899, 40.6964530944825 ], [ 14.479027748107899, 40.696262359619297 ], [ 14.480416297912701, 40.696250915527301 ], [ 14.480416297912701, 40.696529388427699 ], [ 14.4806938171387, 40.696529388427699 ], [ 14.4806938171387, 40.696804046630902 ], [ 14.4809722900391, 40.696804046630902 ], [ 14.4809722900391, 40.6970825195313 ], [ 14.481249809265201, 40.6970825195313 ], [ 14.481249809265201, 40.697639465332102 ], [ 14.4815282821656, 40.697639465332102 ], [ 14.4815282821656, 40.698471069336101 ], [ 14.481805801391699, 40.698471069336101 ], [ 14.481805801391699, 40.700088500976598 ], [ 14.481805801391699, 40.7034721374512 ], [ 14.4815282821656, 40.7034721374512 ], [ 14.4815282821656, 40.705139160156399 ], [ 14.481249809265201, 40.705139160156399 ], [ 14.481249809265201, 40.706249237060497 ], [ 14.4809722900391, 40.706249237060497 ], [ 14.4809722900391, 40.7068061828613 ], [ 14.4806938171387, 40.7068061828613 ], [ 14.4806938171387, 40.707637786865199 ], [ 14.480416297912701, 40.707637786865199 ], [ 14.480416297912701, 40.70902633667 ], [ 14.480137825012299, 40.70902633667 ], [ 14.480137825012299, 40.709583282470803 ], [ 14.479862213134799, 40.709583282470803 ], [ 14.479862213134799, 40.710140228271499 ], [ 14.4795837402344, 40.710140228271499 ], [ 14.4795837402344, 40.710693359375099 ], [ 14.479306221008301, 40.710693359375099 ], [ 14.479306221008301, 40.711807250976698 ], [ 14.479027748107899, 40.711807250976698 ], [ 14.479027748107899, 40.712081909179702 ], [ 14.4787502288818, 40.712081909179702 ], [ 14.4787502288818, 40.712360382080099 ], [ 14.478471755981399, 40.712360382080099 ], [ 14.478471755981399, 40.713470458984403 ], [ 14.4781942367554, 40.713470458984403 ], [ 14.4781942367554, 40.714027404785199 ], [ 14.477915763855, 40.714027404785199 ], [ 14.477915763855, 40.714305877685497 ], [ 14.477640151977701, 40.714305877685497 ], [ 14.477640151977701, 40.715137481689503 ], [ 14.477361679077299, 40.715137481689503 ], [ 14.477361679077299, 40.716251373291101 ], [ 14.4770841598512, 40.716251373291101 ], [ 14.4770841598512, 40.716526031494297 ], [ 14.476805686950801, 40.716526031494297 ], [ 14.476805686950801, 40.716804504394602 ], [ 14.4765281677247, 40.716804504394602 ], [ 14.4765281677247, 40.717361450195398 ], [ 14.4762496948243, 40.717361450195398 ], [ 14.4762496948243, 40.717639923095803 ], [ 14.475972175598301, 40.717639923095803 ], [ 14.475972175598301, 40.7179183959962 ], [ 14.475695610046399, 40.7179183959962 ], [ 14.475695610046399, 40.718193054199197 ], [ 14.4754180908204, 40.718193054199197 ], [ 14.4754180908204, 40.718471527099602 ], [ 14.475695610046399, 40.718471527099602 ], [ 14.475695610046399, 40.71875 ], [ 14.4754180908204, 40.71875 ], [ 14.4754180908204, 40.719028472900398 ], [ 14.47513961792, 40.719028472900398 ], [ 14.47513961792, 40.719581604003999 ], [ 14.474862098693899, 40.719581604003999 ], [ 14.474862098693899, 40.719860076904403 ], [ 14.4745836257935, 40.719860076904403 ], [ 14.4745836257935, 40.721248626709098 ], [ 14.4743051528931, 40.721248626709098 ], [ 14.4743051528931, 40.721805572509801 ], [ 14.474026679992701, 40.721805572509801 ], [ 14.474026679992701, 40.722084045410199 ], [ 14.473749160766699, 40.722084045410199 ], [ 14.473749160766699, 40.722637176513601 ], [ 14.473473548889199, 40.722637176513601 ], [ 14.473473548889199, 40.722915649414198 ], [ 14.473193168640201, 40.722915649414198 ], [ 14.473193168640201, 40.723194122314602 ], [ 14.4729166030884, 40.723194122314602 ], [ 14.4729166030884, 40.724029541015703 ], [ 14.472639083862299, 40.724029541015703 ], [ 14.472639083862299, 40.724582672119098 ], [ 14.4723606109619, 40.724582672119098 ], [ 14.4723606109619, 40.724861145019503 ], [ 14.472083091735801, 40.724861145019503 ], [ 14.472083091735801, 40.725418090820298 ], [ 14.471804618835399, 40.725418090820298 ], [ 14.471804618835399, 40.725692749023501 ], [ 14.471248626709, 40.725692749023501 ], [ 14.471248626709, 40.725971221923899 ], [ 14.470971107482899, 40.725971221923899 ], [ 14.470971107482899, 40.726806640625 ], [ 14.4706945419313, 40.726806640625 ], [ 14.4706945419313, 40.727359771728601 ], [ 14.470417022705201, 40.727359771728601 ], [ 14.470417022705201, 40.727638244628999 ], [ 14.470138549804799, 40.727638244628999 ], [ 14.470138549804799, 40.727916717529297 ], [ 14.469582557678301, 40.727916717529297 ], [ 14.469582557678301, 40.728748321533097 ], [ 14.4698610305787, 40.728748321533097 ], [ 14.4698610305787, 40.729267120361399 ], [ 14.4698610305787, 40.729366302490199 ], [ 14.4698610305787, 40.729583740234503 ], [ 14.469582557678301, 40.729583740234503 ], [ 14.469582557678301, 40.730972290039098 ], [ 14.4693050384522, 40.730972290039098 ], [ 14.4693050384522, 40.731529235839801 ], [ 14.4690265655518, 40.731529235839801 ], [ 14.4690265655518, 40.732082366943402 ], [ 14.4687490463257, 40.732082366943402 ], [ 14.4687490463257, 40.732917785644602 ], [ 14.4684734344482, 40.732917785644602 ], [ 14.4684734344482, 40.733196258544901 ], [ 14.4681949615479, 40.733196258544901 ], [ 14.4681949615479, 40.733470916748203 ], [ 14.4679174423218, 40.733470916748203 ], [ 14.4679174423218, 40.733749389648601 ], [ 14.467638969421399, 40.733749389648601 ], [ 14.467638969421399, 40.734027862548899 ], [ 14.4673614501953, 40.734027862548899 ], [ 14.4673614501953, 40.734306335449297 ], [ 14.467082977294901, 40.734306335449297 ], [ 14.467082977294901, 40.735137939453097 ], [ 14.4668054580688, 40.735137939453097 ], [ 14.4668054580688, 40.735694885253999 ], [ 14.466528892516999, 40.735694885253999 ], [ 14.466528892516999, 40.735973358154403 ], [ 14.466251373291099, 40.735973358154403 ], [ 14.466251373291099, 40.736526489257798 ], [ 14.4659729003907, 40.736526489257798 ], [ 14.4659729003907, 40.736804962158203 ], [ 14.4654169082643, 40.736804962158203 ], [ 14.4654169082643, 40.737361907958999 ], [ 14.4651393890382, 40.737361907958999 ], [ 14.4651393890382, 40.737915039062599 ], [ 14.4648609161378, 40.737915039062599 ], [ 14.4648609161378, 40.738193511962898 ], [ 14.464583396911699, 40.738193511962898 ], [ 14.464583396911699, 40.738471984863303 ], [ 14.464306831359901, 40.738471984863303 ], [ 14.464306831359901, 40.7387504577637 ], [ 14.4640274047853, 40.7387504577637 ], [ 14.4640274047853, 40.739307403564503 ], [ 14.4637508392335, 40.739307403564503 ], [ 14.4637508392335, 40.740139007568501 ], [ 14.463473320007401, 40.740139007568501 ], [ 14.463473320007401, 40.740695953369197 ], [ 14.463194847106999, 40.740695953369197 ], [ 14.463194847106999, 40.740970611572301 ], [ 14.4629173278809, 40.740970611572301 ], [ 14.4629173278809, 40.741249084472699 ], [ 14.462638854980501, 40.741249084472699 ], [ 14.462638854980501, 40.741527557372997 ], [ 14.4623613357544, 40.741527557372997 ], [ 14.4623613357544, 40.741806030273402 ], [ 14.4618043899537, 40.741806030273402 ], [ 14.4618043899537, 40.742084503173899 ], [ 14.4615287780762, 40.742084503173899 ], [ 14.4615287780762, 40.742362976074297 ], [ 14.46125125885, 40.742362976074297 ], [ 14.46125125885, 40.742637634277301 ], [ 14.4609727859497, 40.742637634277301 ], [ 14.4609727859497, 40.743194580078097 ], [ 14.4606943130493, 40.743194580078097 ], [ 14.4606943130493, 40.743473052978501 ], [ 14.4601383209229, 40.743473052978501 ], [ 14.4601383209229, 40.743751525878899 ], [ 14.4595823287963, 40.743751525878899 ], [ 14.4595823287963, 40.744026184082102 ], [ 14.4593057632447, 40.744026184082102 ], [ 14.4593057632447, 40.7443046569825 ], [ 14.4590282440187, 40.7443046569825 ], [ 14.4590282440187, 40.744583129882898 ], [ 14.458749771118301, 40.744583129882898 ], [ 14.458749771118301, 40.744861602783303 ], [ 14.4584722518922, 40.744861602783303 ], [ 14.4584722518922, 40.745418548583999 ], [ 14.4581937789918, 40.745418548583999 ], [ 14.4581937789918, 40.745971679687599 ], [ 14.4579162597657, 40.745971679687599 ], [ 14.4579162597657, 40.746250152587997 ], [ 14.4576377868653, 40.746250152587997 ], [ 14.4576377868653, 40.746528625488402 ], [ 14.457360267639199, 40.746528625488402 ], [ 14.457360267639199, 40.7468070983888 ], [ 14.4570837020875, 40.7468070983888 ], [ 14.4570837020875, 40.747081756591797 ], [ 14.456527709961, 40.747081756591797 ], [ 14.456527709961, 40.747638702392599 ], [ 14.456250190734901, 40.747638702392599 ], [ 14.456250190734901, 40.747917175292898 ], [ 14.455971717834499, 40.747917175292898 ], [ 14.455971717834499, 40.748195648193303 ], [ 14.4556941986084, 40.748195648193303 ], [ 14.4556941986084, 40.748474121093899 ], [ 14.455140113830501, 40.748474121093899 ], [ 14.455140113830501, 40.748748779296903 ], [ 14.4543056488037, 40.748748779296903 ], [ 14.4543056488037, 40.749862670898402 ], [ 14.4540281295778, 40.749862670898402 ], [ 14.4540281295778, 40.750137329101598 ], [ 14.4529180526734, 40.750137329101598 ], [ 14.4529180526734, 40.749862670898402 ], [ 14.4526376724244, 40.749862670898402 ], [ 14.4526376724244, 40.750137329101598 ], [ 14.451806068420501, 40.750137329101598 ], [ 14.451806068420501, 40.750415802002003 ], [ 14.4498615264893, 40.750415802002003 ], [ 14.4498615264893, 40.750137329101598 ], [ 14.4495840072632, 40.750137329101598 ], [ 14.4495840072632, 40.749584197997997 ], [ 14.449028015136699, 40.749584197997997 ], [ 14.449028015136699, 40.749862670898402 ], [ 14.448192596435501, 40.749862670898402 ], [ 14.448192596435501, 40.751251220703203 ], [ 14.4484710693359, 40.751251220703203 ], [ 14.4484710693359, 40.7523612976075 ], [ 14.448192596435501, 40.7523612976075 ], [ 14.448192596435501, 40.752639770507898 ], [ 14.447640419006399, 40.752639770507898 ], [ 14.447640419006399, 40.7531929016113 ], [ 14.447361946106099, 40.7531929016113 ], [ 14.447361946106099, 40.753471374511697 ], [ 14.4470834732057, 40.753471374511697 ], [ 14.4470834732057, 40.753749847412102 ], [ 14.445693016052401, 40.753749847412102 ], [ 14.445693016052401, 40.753471374511697 ], [ 14.445417404174901, 40.753471374511697 ], [ 14.445417404174901, 40.752639770507898 ], [ 14.445138931274499, 40.752639770507898 ], [ 14.445138931274499, 40.752082824707102 ], [ 14.444861412048301, 40.752082824707102 ], [ 14.444861412048301, 40.751804351806797 ], [ 14.444582939148001, 40.751804351806797 ], [ 14.444582939148001, 40.751251220703203 ], [ 14.4443054199219, 40.751251220703203 ], [ 14.4443054199219, 40.750972747802798 ], [ 14.4440269470215, 40.750972747802798 ], [ 14.4440269470215, 40.749862670898402 ], [ 14.4443054199219, 40.749862670898402 ], [ 14.4443054199219, 40.749305725097599 ], [ 14.444582939148001, 40.749305725097599 ], [ 14.444582939148001, 40.749027252197301 ], [ 14.444861412048301, 40.749027252197301 ], [ 14.444861412048301, 40.748748779296903 ], [ 14.445138931274499, 40.748748779296903 ], [ 14.445138931274499, 40.748474121093899 ], [ 14.445417404174901, 40.748470306396499 ], [ 14.445417404174901, 40.748111724853601 ], [ 14.445417404174901, 40.747917175292898 ], [ 14.4457912445068, 40.747917175292898 ], [ 14.4459743499756, 40.747917175292898 ], [ 14.4459743499756, 40.747638702392599 ], [ 14.4462490081788, 40.747638702392599 ], [ 14.4462490081788, 40.747360229492202 ], [ 14.446526527404901, 40.747360229492202 ], [ 14.446526527404901, 40.747081756591797 ], [ 14.4468050003053, 40.747081756591797 ], [ 14.4468050003053, 40.7468070983888 ], [ 14.4470834732057, 40.7468070983888 ], [ 14.4470834732057, 40.746528625488402 ], [ 14.447361946106099, 40.746528625488402 ], [ 14.447361946106099, 40.746250152587997 ], [ 14.447640419006399, 40.746250152587997 ], [ 14.447640419006399, 40.745971679687599 ], [ 14.448192596435501, 40.745971679687599 ], [ 14.448192596435501, 40.745693206787202 ], [ 14.4484710693359, 40.745693206787202 ], [ 14.4484710693359, 40.745418548583999 ], [ 14.449028015136699, 40.745414733886797 ], [ 14.449028015136699, 40.7451400756837 ], [ 14.4495840072632, 40.7451400756837 ], [ 14.4495840072632, 40.744583129882898 ], [ 14.4498615264893, 40.744583129882898 ], [ 14.4498615264893, 40.7443046569825 ], [ 14.4487495422363, 40.7443046569825 ], [ 14.4487495422363, 40.744583129882898 ], [ 14.4484710693359, 40.744583129882898 ], [ 14.4484710693359, 40.744861602783303 ], [ 14.4479179382325, 40.744861602783303 ], [ 14.4479179382325, 40.7451400756837 ], [ 14.447361946106099, 40.7451400756837 ], [ 14.447361946106099, 40.745418548583999 ], [ 14.4470834732057, 40.745418548583999 ], [ 14.4470834732057, 40.745693206787202 ], [ 14.4459743499756, 40.745693206787202 ], [ 14.4459743499756, 40.745971679687599 ], [ 14.4456949234009, 40.745971679687599 ], [ 14.445693016052401, 40.746250152587997 ], [ 14.445417404174901, 40.746250152587997 ], [ 14.445417404174901, 40.7468070983888 ], [ 14.445138931274499, 40.7468070983888 ], [ 14.445138931274499, 40.747081756591797 ], [ 14.444861412048301, 40.747081756591797 ], [ 14.444861412048301, 40.747360229492202 ], [ 14.4443054199219, 40.747360229492202 ], [ 14.4443054199219, 40.747917175292898 ], [ 14.4440269470215, 40.747917175292898 ], [ 14.4440269470215, 40.748195648193303 ], [ 14.443751335144, 40.748195648193303 ], [ 14.443751335144, 40.748474121093899 ], [ 14.4431953430175, 40.748474121093899 ], [ 14.4431953430175, 40.749279022216903 ], [ 14.4431953430175, 40.749862670898402 ], [ 14.4429168701171, 40.749862670898402 ], [ 14.4429168701171, 40.750137329101598 ], [ 14.442639350891101, 40.750137329101598 ], [ 14.442639350891101, 40.750415802002003 ], [ 14.4423608779907, 40.750415802002003 ], [ 14.4423608779907, 40.753471374511697 ], [ 14.442083358764799, 40.753471374511697 ], [ 14.442083358764799, 40.753749847412102 ], [ 14.441804885864199, 40.753749847412102 ], [ 14.441804885864199, 40.753471374511697 ], [ 14.4409732818604, 40.753471374511697 ], [ 14.4409732818604, 40.753749847412102 ], [ 14.44069480896, 40.753749847412102 ], [ 14.44069480896, 40.7540283203125 ], [ 14.440138816833599, 40.7540283203125 ], [ 14.440138816833599, 40.754306793212798 ], [ 14.439305305481, 40.754306793212798 ], [ 14.439305305481, 40.754581451416101 ], [ 14.4390268325806, 40.754585266113203 ], [ 14.4390268325806, 40.754859924316499 ], [ 14.4370832443237, 40.754859924316499 ], [ 14.4370832443237, 40.754585266113203 ], [ 14.4362506866456, 40.754581451416101 ], [ 14.4362506866456, 40.754306793212798 ], [ 14.435973167419499, 40.754306793212798 ], [ 14.435973167419499, 40.7540283203125 ], [ 14.435694694519199, 40.7540283203125 ], [ 14.435694694519199, 40.753471374511697 ], [ 14.435138702392701, 40.753471374511697 ], [ 14.435138702392701, 40.7531929016113 ], [ 14.431805610656699, 40.7531929016113 ], [ 14.431805610656699, 40.752918243408303 ], [ 14.4315280914307, 40.752918243408303 ], [ 14.4315280914307, 40.752639770507898 ], [ 14.4309720993041, 40.752639770507898 ], [ 14.4309720993041, 40.7523612976075 ], [ 14.430137634277299, 40.7523612976075 ], [ 14.430137634277299, 40.752082824707102 ], [ 14.429583549499601, 40.752082824707102 ], [ 14.429583549499601, 40.751804351806797 ], [ 14.4293060302735, 40.751804351806797 ], [ 14.4293060302735, 40.751529693603601 ], [ 14.428750038146999, 40.751525878906399 ], [ 14.428750038146999, 40.750972747802798 ], [ 14.4255876541138, 40.750972747802798 ], [ 14.4248619079591, 40.750972747802798 ], [ 14.4248619079591, 40.750694274902401 ], [ 14.422916412353599, 40.750694274902401 ], [ 14.422916412353599, 40.750972747802798 ], [ 14.4226398468018, 40.750972747802798 ], [ 14.4226398468018, 40.751251220703203 ], [ 14.4223623275757, 40.751251220703203 ], [ 14.4223623275757, 40.751525878906399 ], [ 14.421806335449199, 40.751529693603601 ], [ 14.421806335449199, 40.751804351806797 ], [ 14.4201402664184, 40.751804351806797 ], [ 14.4201402664184, 40.751529693603601 ], [ 14.419304847717299, 40.751525878906399 ], [ 14.419304847717299, 40.751251220703203 ], [ 14.418748855590801, 40.751251220703203 ], [ 14.418748855590801, 40.751525878906399 ], [ 14.4156951904297, 40.751525878906399 ], [ 14.4156951904297, 40.751251220703203 ], [ 14.4151391983032, 40.751251220703203 ], [ 14.4151391983032, 40.751525878906399 ], [ 14.4145832061768, 40.751525878906399 ], [ 14.4145832061768, 40.751251220703203 ], [ 14.414304733276399, 40.751251220703203 ], [ 14.414304733276399, 40.751525878906399 ], [ 14.414029121398899, 40.751529693603601 ], [ 14.414029121398899, 40.751804351806797 ], [ 14.413473129272599, 40.751804351806797 ], [ 14.413473129272599, 40.752082824707102 ], [ 14.412917137146099, 40.752082824707102 ], [ 14.412917137146099, 40.7523612976075 ], [ 14.4126386642457, 40.7523612976075 ], [ 14.4126386642457, 40.752639770507898 ], [ 14.4112510681153, 40.752639770507898 ], [ 14.4112510681153, 40.752918243408303 ], [ 14.4106950759888, 40.752918243408303 ], [ 14.4106950759888, 40.7531929016113 ], [ 14.4084730148315, 40.7531929016113 ], [ 14.4084730148315, 40.7540283203125 ], [ 14.407917022705, 40.7540283203125 ], [ 14.407917022705, 40.754581451416101 ], [ 14.4073600769043, 40.754585266113203 ], [ 14.4073600769043, 40.755138397216903 ], [ 14.4068069458009, 40.755138397216903 ], [ 14.4068069458009, 40.755416870117202 ], [ 14.40625, 40.755416870117202 ], [ 14.40625, 40.755695343017599 ], [ 14.4059715270997, 40.755695343017599 ], [ 14.4059715270997, 40.7562484741212 ], [ 14.405694007873601, 40.7562484741212 ], [ 14.405694007873601, 40.756526947021499 ], [ 14.4034719467163, 40.756526947021499 ], [ 14.4034719467163, 40.756805419921903 ], [ 14.402640342712299, 40.756805419921903 ], [ 14.4026384353638, 40.757083892822301 ], [ 14.401249885559, 40.757083892822301 ], [ 14.401249885559, 40.757362365722699 ], [ 14.400416374206699, 40.757362365722699 ], [ 14.400416374206699, 40.757083892822301 ], [ 14.398750305175801, 40.757083892822301 ], [ 14.398750305175801, 40.757362365722699 ], [ 14.3981943130494, 40.757362365722699 ], [ 14.3981943130494, 40.757637023925703 ], [ 14.397915840149, 40.757637023925703 ], [ 14.397915840149, 40.7579154968263 ], [ 14.397361755371101, 40.7579154968263 ], [ 14.397361755371101, 40.758193969726698 ], [ 14.397084236145, 40.758193969726698 ], [ 14.397084236145, 40.758472442627102 ], [ 14.396528244018601, 40.758472442627102 ], [ 14.396528244018601, 40.7587509155275 ], [ 14.3962497711182, 40.7587509155275 ], [ 14.3962497711182, 40.759029388427798 ], [ 14.3956956863404, 40.759029388427798 ], [ 14.3956956863404, 40.7587509155275 ], [ 14.395139694214, 40.7587509155275 ], [ 14.395139694214, 40.759029388427798 ], [ 14.3948621749879, 40.759029388427798 ], [ 14.3948621749879, 40.7595825195312 ], [ 14.3945837020875, 40.7595825195312 ], [ 14.3945837020875, 40.759860992431598 ], [ 14.394306182861399, 40.759860992431598 ], [ 14.394306182861399, 40.760139465332003 ], [ 14.394026756286699, 40.760139465332003 ], [ 14.394026756286699, 40.760417938232401 ], [ 14.3937492370607, 40.760417938232401 ], [ 14.3937492370607, 40.760692596435597 ], [ 14.3934736251832, 40.760692596435597 ], [ 14.3934736251832, 40.761249542236399 ], [ 14.393193244934199, 40.761249542236399 ], [ 14.393193244934199, 40.761528015136797 ], [ 14.392917633056699, 40.761528015136797 ], [ 14.392917633056699, 40.762359619140703 ], [ 14.3926391601563, 40.762359619140703 ], [ 14.3926391601563, 40.762638092041101 ], [ 14.392083168029799, 40.762638092041101 ], [ 14.392083168029799, 40.763195037841903 ], [ 14.3918046951294, 40.763195037841903 ], [ 14.3918046951294, 40.763473510742202 ], [ 14.391248703003001, 40.763473510742202 ], [ 14.391248703003001, 40.763748168945298 ], [ 14.3909711837769, 40.763748168945298 ], [ 14.3909711837769, 40.764026641845597 ], [ 14.390694618225099, 40.764026641845597 ], [ 14.390694618225099, 40.764583587646598 ], [ 14.390417098999, 40.764583587646598 ], [ 14.390417098999, 40.764862060547003 ], [ 14.390138626098601, 40.764862060547003 ], [ 14.390138626098601, 40.765140533447401 ], [ 14.3898611068725, 40.765140533447401 ], [ 14.3898611068725, 40.765415191650398 ], [ 14.389305114746, 40.765415191650398 ], [ 14.389305114746, 40.765693664550803 ], [ 14.3890266418456, 40.765693664550803 ], [ 14.3890266418456, 40.766250610351598 ], [ 14.3887491226197, 40.766250610351598 ], [ 14.3887491226197, 40.766529083251903 ], [ 14.388472557068001, 40.766529083251903 ], [ 14.388472557068001, 40.766803741455099 ], [ 14.3879165649415, 40.766803741455099 ], [ 14.3879165649415, 40.767082214355497 ], [ 14.3876390457154, 40.767082214355497 ], [ 14.3876390457154, 40.767360687255902 ], [ 14.387360572815, 40.767360687255902 ], [ 14.387360572815, 40.7676391601563 ], [ 14.387083053588899, 40.7676391601563 ], [ 14.387083053588899, 40.767917633056697 ], [ 14.3868045806885, 40.767917633056697 ], [ 14.3868045806885, 40.768470764160298 ], [ 14.386528968811, 40.768470764160298 ], [ 14.386528968811, 40.768749237060703 ], [ 14.385972976684601, 40.768749237060703 ], [ 14.385972976684601, 40.769027709961101 ], [ 14.3856954574585, 40.769027709961101 ], [ 14.3856954574585, 40.769306182861399 ], [ 14.3854169845581, 40.769306182861399 ], [ 14.3854169845581, 40.769584655761797 ], [ 14.3848609924316, 40.769584655761797 ], [ 14.3848609924316, 40.769859313964801 ], [ 14.384306907653899, 40.769859313964801 ], [ 14.384306907653899, 40.770137786865199 ], [ 14.384026527404799, 40.770137786865199 ], [ 14.384026527404799, 40.770416259765597 ], [ 14.383194923401, 40.770416259765597 ], [ 14.383194923401, 40.770694732666101 ], [ 14.382638931274499, 40.770694732666101 ], [ 14.382638931274499, 40.770973205566499 ], [ 14.3820829391481, 40.770973205566499 ], [ 14.3820829391481, 40.771251678466903 ], [ 14.381804466247701, 40.771251678466903 ], [ 14.381804466247701, 40.771804809570298 ], [ 14.381528854370201, 40.771804809570298 ], [ 14.381528854370201, 40.772083282470703 ], [ 14.381251335144, 40.772083282470703 ], [ 14.381251335144, 40.772361755371101 ], [ 14.3801383972169, 40.772361755371101 ], [ 14.3801383972169, 40.772640228271499 ], [ 14.3795824050903, 40.772640228271499 ], [ 14.3795824050903, 40.772914886474702 ], [ 14.3793067932128, 40.772914886474702 ], [ 14.3793067932128, 40.773471832275398 ], [ 14.3787498474121, 40.773471832275398 ], [ 14.3787498474121, 40.773750305175803 ], [ 14.378472328186, 40.773750305175803 ], [ 14.378472328186, 40.7740287780762 ], [ 14.3781938552856, 40.7740287780762 ], [ 14.3781938552856, 40.774307250976598 ], [ 14.3776378631591, 40.774307250976598 ], [ 14.3776378631591, 40.774581909179801 ], [ 14.3773622512819, 40.774581909179801 ], [ 14.3773622512819, 40.774860382080199 ], [ 14.3770837783815, 40.774860382080199 ], [ 14.3770837783815, 40.775138854980597 ], [ 14.376250267028899, 40.775138854980597 ], [ 14.376250267028899, 40.775417327881001 ], [ 14.3759717941285, 40.775417327881001 ], [ 14.3759717941285, 40.7756958007813 ], [ 14.375694274902401, 40.7756958007813 ], [ 14.375694274902401, 40.775970458984403 ], [ 14.375140190124499, 40.775970458984403 ], [ 14.375140190124499, 40.776527404785099 ], [ 14.374859809875501, 40.776527404785099 ], [ 14.374859809875501, 40.776805877685497 ], [ 14.374305725097701, 40.776805877685497 ], [ 14.374305725097701, 40.777084350586101 ], [ 14.3740282058716, 40.777084350586101 ], [ 14.3740282058716, 40.777362823486399 ], [ 14.3737497329712, 40.777362823486399 ], [ 14.3737497329712, 40.777637481689503 ], [ 14.373472213745099, 40.777637481689503 ], [ 14.373472213745099, 40.777915954589801 ], [ 14.3729162216187, 40.777915954589801 ], [ 14.3729162216187, 40.778194427490199 ], [ 14.372637748718301, 40.778194427490199 ], [ 14.372637748718301, 40.778472900390597 ], [ 14.3723621368409, 40.778472900390597 ], [ 14.3723621368409, 40.778751373291001 ], [ 14.371250152588001, 40.778751373291001 ], [ 14.371250152588001, 40.779026031494197 ], [ 14.370971679687599, 40.779026031494197 ], [ 14.370971679687599, 40.779304504394602 ], [ 14.370415687561101, 40.779304504394602 ], [ 14.370415687561101, 40.779582977295 ], [ 14.3706941604615, 40.779582977295 ], [ 14.3706941604615, 40.779861450195398 ], [ 14.370140075683601, 40.779861450195398 ], [ 14.370140075683601, 40.780139923095803 ], [ 14.369861602783301, 40.780139923095803 ], [ 14.3698596954347, 40.780418395996101 ], [ 14.3693056106568, 40.780418395996101 ], [ 14.3693056106568, 40.780693054199297 ], [ 14.3690280914307, 40.780693054199297 ], [ 14.3690280914307, 40.780971527099702 ], [ 14.3687496185303, 40.780971527099702 ], [ 14.3687496185303, 40.78125 ], [ 14.367918014526399, 40.78125 ], [ 14.367918014526399, 40.781528472900497 ], [ 14.367362022399799, 40.781528472900497 ], [ 14.367362022399799, 40.781806945800902 ], [ 14.3668050765991, 40.781806945800902 ], [ 14.3668050765991, 40.782360076904297 ], [ 14.3665266036987, 40.782360076904297 ], [ 14.3665266036987, 40.782638549804702 ], [ 14.366249084472701, 40.782638549804702 ], [ 14.366249084472701, 40.782917022705 ], [ 14.365693092346101, 40.782917022705 ], [ 14.365693092346101, 40.783195495605398 ], [ 14.365416526794499, 40.783195495605398 ], [ 14.365416526794499, 40.783473968506001 ], [ 14.3651390075685, 40.783473968506001 ], [ 14.3651390075685, 40.783748626708999 ], [ 14.364583015441999, 40.783748626708999 ], [ 14.364583015441999, 40.784027099609403 ], [ 14.3643045425416, 40.784027099609403 ], [ 14.3643045425416, 40.784305572509801 ], [ 14.364027023315501, 40.784305572509801 ], [ 14.364027023315501, 40.784584045410199 ], [ 14.363751411438001, 40.784584045410199 ], [ 14.363751411438001, 40.784862518310497 ], [ 14.362639427185099, 40.784862518310497 ], [ 14.362639427185099, 40.785415649414098 ], [ 14.3623609542847, 40.785415649414098 ], [ 14.3623609542847, 40.785972595214901 ], [ 14.362083435058601, 40.785972595214901 ], [ 14.362083435058601, 40.786529541015703 ], [ 14.3618049621582, 40.786529541015703 ], [ 14.3618049621582, 40.786804199218899 ], [ 14.3615274429321, 40.786804199218899 ], [ 14.3615274429321, 40.787082672119297 ], [ 14.360694885253899, 40.787082672119297 ], [ 14.360694885253899, 40.787361145019602 ], [ 14.3601388931276, 40.787361145019602 ], [ 14.3601388931276, 40.78763961792 ], [ 14.359582901001099, 40.78763961792 ], [ 14.359582901001099, 40.787918090820398 ], [ 14.359026908874601, 40.787918090820398 ], [ 14.359026908874601, 40.788749694824197 ], [ 14.358751296997101, 40.788749694824197 ], [ 14.358751296997101, 40.789028167724602 ], [ 14.358472824096699, 40.789028167724602 ], [ 14.358472824096699, 40.789585113525298 ], [ 14.3581953048707, 40.789585113525298 ], [ 14.3581848144532, 40.790138244628999 ], [ 14.3579168319703, 40.790138244628999 ], [ 14.3579168319703, 40.790416717529297 ], [ 14.357639312744199, 40.790416717529297 ], [ 14.357639312744199, 40.790695190429702 ], [ 14.357083320617701, 40.790695190429702 ], [ 14.357083320617701, 40.790973663330099 ], [ 14.356529235839799, 40.790973663330099 ], [ 14.3565273284912, 40.791248321533303 ], [ 14.356250762939499, 40.791248321533303 ], [ 14.356250762939499, 40.790973663330099 ], [ 14.354028701782299, 40.790973663330099 ], [ 14.354028701782299, 40.791248321533303 ], [ 14.3537511825562, 40.791248321533303 ], [ 14.3537511825562, 40.7915267944337 ], [ 14.3532514572144, 40.7915267944337 ], [ 14.352638244629, 40.7915267944337 ], [ 14.352638244629, 40.791805267333999 ], [ 14.352359771728599, 40.791805267333999 ], [ 14.352359771728599, 40.792083740234403 ], [ 14.3520822525025, 40.792083740234403 ], [ 14.3520822525025, 40.792362213134801 ], [ 14.3518056869507, 40.792362213134801 ], [ 14.3518056869507, 40.792915344238402 ], [ 14.35169506073, 40.792915344238402 ], [ 14.3515281677247, 40.792915344238402 ], [ 14.3515281677247, 40.793064117431598 ], [ 14.3515281677247, 40.7931938171388 ], [ 14.351383209228599, 40.7931938171388 ], [ 14.3512496948243, 40.7931938171388 ], [ 14.3512496948243, 40.7933120727538 ], [ 14.3512496948243, 40.793472290039198 ], [ 14.3510856628418, 40.793472290039198 ], [ 14.3510160446168, 40.793525695800803 ], [ 14.3509721755981, 40.79402923584 ], [ 14.3506937026978, 40.79402923584 ], [ 14.3506937026978, 40.794303894042997 ], [ 14.350416183471699, 40.794303894042997 ], [ 14.350416183471699, 40.794582366943402 ], [ 14.349860191345201, 40.794582366943402 ], [ 14.349860191345201, 40.7948608398438 ], [ 14.3495836257935, 40.7948608398438 ], [ 14.3495836257935, 40.795139312744098 ], [ 14.349306106567299, 40.795139312744098 ], [ 14.349306106567299, 40.795417785644503 ], [ 14.3490276336669, 40.795417785644503 ], [ 14.3490276336669, 40.795696258544901 ], [ 14.3487501144409, 40.795696258544901 ], [ 14.3487501144409, 40.795970916748097 ], [ 14.348471641540501, 40.795970916748097 ], [ 14.348471641540501, 40.796249389648501 ], [ 14.348194122314601, 40.796249389648501 ], [ 14.348194122314601, 40.796806335449197 ], [ 14.347915649414, 40.796806335449197 ], [ 14.347915649414, 40.797084808349602 ], [ 14.347640037536699, 40.797084808349602 ], [ 14.347640037536699, 40.797637939453203 ], [ 14.3473615646363, 40.797637939453203 ], [ 14.3473615646363, 40.797916412353601 ], [ 14.347084045410201, 40.797916412353601 ], [ 14.347084045410201, 40.798194885253999 ], [ 14.346805572509799, 40.798194885253999 ], [ 14.346805572509799, 40.798473358154403 ], [ 14.3462495803834, 40.798473358154403 ], [ 14.3462495803834, 40.799026489257798 ], [ 14.3456935882569, 40.799026489257798 ], [ 14.3456935882569, 40.799304962158303 ], [ 14.3451375961304, 40.799304962158303 ], [ 14.3451375961304, 40.799861907959098 ], [ 14.3445844650269, 40.799861907959098 ], [ 14.3445844650269, 40.8004150390625 ], [ 14.3443059921265, 40.8004150390625 ], [ 14.3443059921265, 40.800693511962898 ], [ 14.34375, 40.800693511962898 ], [ 14.34375, 40.800971984863303 ], [ 14.3434715270996, 40.800971984863303 ], [ 14.3434715270996, 40.8012504577637 ], [ 14.3429155349731, 40.8012504577637 ], [ 14.3429155349731, 40.801528930664098 ], [ 14.342639923095801, 40.801528930664098 ], [ 14.342639923095801, 40.801807403564503 ], [ 14.3423624038697, 40.801807403564503 ], [ 14.3423624038697, 40.802082061767599 ], [ 14.3420839309694, 40.802082061767599 ], [ 14.3420839309694, 40.802360534667997 ], [ 14.3415279388429, 40.802360534667997 ], [ 14.3415279388429, 40.802639007568402 ], [ 14.340970993042101, 40.802639007568402 ], [ 14.340970993042101, 40.8029174804688 ], [ 14.340472221374601, 40.8029174804688 ], [ 14.340140342712401, 40.8029174804688 ], [ 14.340136528015201, 40.803195953369098 ], [ 14.339583396911699, 40.803195953369098 ], [ 14.339583396911699, 40.803470611572401 ], [ 14.339027404785201, 40.803470611572401 ], [ 14.339027404785201, 40.803749084472798 ], [ 14.3387708663941, 40.803749084472798 ], [ 14.338748931884799, 40.804027557373203 ], [ 14.3384714126587, 40.804027557373203 ], [ 14.3384714126587, 40.804306030273501 ], [ 14.337638854980501, 40.804306030273501 ], [ 14.337638854980501, 40.804584503173899 ], [ 14.3373613357543, 40.804584503173899 ], [ 14.3373613357543, 40.804862976074297 ], [ 14.3365268707275, 40.804862976074297 ], [ 14.3365268707275, 40.805137634277301 ], [ 14.335970878601, 40.805137634277301 ], [ 14.335970878601, 40.805416107177699 ], [ 14.3356952667237, 40.805416107177699 ], [ 14.3356952667237, 40.805694580078203 ], [ 14.3351392745972, 40.805694580078203 ], [ 14.3351392745972, 40.805973052978601 ], [ 14.3348608016968, 40.805973052978601 ], [ 14.3348608016968, 40.807083129882798 ], [ 14.334583282470801, 40.807083129882798 ], [ 14.334583282470801, 40.807918548583999 ], [ 14.3343048095704, 40.807918548583999 ], [ 14.3343048095704, 40.808414459228601 ], [ 14.3343048095704, 40.8093070983887 ], [ 14.3340291976929, 40.8093070983887 ], [ 14.3340291976929, 40.810695648193402 ], [ 14.333748817443899, 40.810695648193402 ], [ 14.333748817443899, 40.812084197998203 ], [ 14.333473205566399, 40.812084197998203 ], [ 14.333473205566399, 40.812362670898601 ], [ 14.333194732666, 40.812362670898601 ], [ 14.333194732666, 40.812915802002003 ], [ 14.332638740539601, 40.812915802002003 ], [ 14.332638740539601, 40.813194274902301 ], [ 14.3323612213135, 40.813194274902301 ], [ 14.3323612213135, 40.813472747802699 ], [ 14.331805229186999, 40.813472747802699 ], [ 14.331805229186999, 40.813751220703097 ], [ 14.3315267562866, 40.813751220703097 ], [ 14.3315267562866, 40.8140258789063 ], [ 14.3312511444093, 40.814029693603501 ], [ 14.3312511444093, 40.814304351806697 ], [ 14.330972671508899, 40.814304351806697 ], [ 14.330972671508899, 40.814582824707102 ], [ 14.3306951522828, 40.814582824707102 ], [ 14.3306951522828, 40.8148612976075 ], [ 14.329860687256, 40.8148612976075 ], [ 14.329860687256, 40.815139770507898 ], [ 14.329583168029901, 40.815139770507898 ], [ 14.329583168029901, 40.815692901611399 ], [ 14.329304695129499, 40.815692901611399 ], [ 14.329304695129499, 40.815971374511797 ], [ 14.329029083251999, 40.815971374511797 ], [ 14.329029083251999, 40.816249847412202 ], [ 14.3287506103516, 40.816249847412202 ], [ 14.3287506103516, 40.816528320312599 ], [ 14.328473091125501, 40.816528320312599 ], [ 14.328473091125501, 40.816806793212997 ], [ 14.327917098999, 40.816806793212997 ], [ 14.327917098999, 40.816528320312599 ], [ 14.3276386260987, 40.816528320312599 ], [ 14.3276386260987, 40.816806793212997 ], [ 14.327360153198301, 40.816806793212997 ], [ 14.327360153198301, 40.817081451416001 ], [ 14.327084541320801, 40.817085266113303 ], [ 14.327084541320801, 40.817359924316399 ], [ 14.3268041610718, 40.817359924316399 ], [ 14.3268041610718, 40.817638397216797 ], [ 14.3262510299682, 40.817638397216797 ], [ 14.3262510299682, 40.817916870117102 ], [ 14.325415611267101, 40.817916870117102 ], [ 14.325415611267101, 40.8181953430175 ], [ 14.325138092041, 40.8181953430175 ], [ 14.325138092041, 40.818473815918097 ], [ 14.3248634338379, 40.818473815918097 ], [ 14.3248634338379, 40.8187484741212 ], [ 14.324582099914499, 40.8187484741212 ], [ 14.324582099914499, 40.819026947021499 ], [ 14.3243055343629, 40.819026947021499 ], [ 14.3243055343629, 40.819305419921903 ], [ 14.32319355011, 40.819305419921903 ], [ 14.32319355011, 40.819583892822301 ], [ 14.3226375579835, 40.819583892822301 ], [ 14.3226375579835, 40.819862365722699 ], [ 14.321805953979499, 40.819862365722699 ], [ 14.321805953979499, 40.820137023925803 ], [ 14.3206939697266, 40.820137023925803 ], [ 14.3206939697266, 40.8204154968262 ], [ 14.320137977600099, 40.8204154968262 ], [ 14.320137977600099, 40.820693969726598 ], [ 14.3198623657228, 40.820693969726598 ], [ 14.3198623657228, 40.821250915527401 ], [ 14.319583892822401, 40.821250915527401 ], [ 14.319583892822401, 40.821529388427798 ], [ 14.3193063735963, 40.821529388427798 ], [ 14.3193063735963, 40.821743011474702 ], [ 14.3190279006959, 40.821804046631001 ], [ 14.3190279006959, 40.822082519531399 ], [ 14.318750381469799, 40.822082519531399 ], [ 14.318750381469799, 40.822639465332102 ], [ 14.3184719085694, 40.822639465332102 ], [ 14.3184719085694, 40.8229179382325 ], [ 14.3181943893434, 40.8229179382325 ], [ 14.3181943893434, 40.823192596435497 ], [ 14.317915916443001, 40.823192596435497 ], [ 14.317915916443001, 40.823471069335902 ], [ 14.317640304565501, 40.823471069335902 ], [ 14.317640304565501, 40.8237495422363 ], [ 14.317084312439, 40.8237495422363 ], [ 14.317084312439, 40.824306488037102 ], [ 14.316805839538601, 40.824306488037102 ], [ 14.316805839538601, 40.824584960937401 ], [ 14.315972328186, 40.824584960937401 ], [ 14.315972328186, 40.825138092041101 ], [ 14.3156957626343, 40.825138092041101 ], [ 14.3156957626343, 40.825416564941399 ], [ 14.312640190124601, 40.825416564941399 ], [ 14.312640190124601, 40.825695037841797 ], [ 14.312360763549901, 40.825695037841797 ], [ 14.312360763549901, 40.825973510742202 ], [ 14.3120832443238, 40.825973510742202 ], [ 14.3120832443238, 40.826248168945398 ], [ 14.3118047714235, 40.826248168945398 ], [ 14.3118047714235, 40.826526641845803 ], [ 14.311527252197299, 40.826526641845803 ], [ 14.311527252197299, 40.8268051147462 ], [ 14.311248779296999, 40.8268051147462 ], [ 14.311248779296999, 40.827083587646499 ], [ 14.3109712600709, 40.827083587646499 ], [ 14.3109712600709, 40.827640533447301 ], [ 14.3106946945191, 40.827640533447301 ], [ 14.3106946945191, 40.827915191650497 ], [ 14.3104152679444, 40.827915191650497 ], [ 14.3104152679444, 40.828193664550902 ], [ 14.310138702392599, 40.828193664550902 ], [ 14.310138702392599, 40.8284721374513 ], [ 14.3090267181396, 40.8284721374513 ], [ 14.3090267181396, 40.828750610351698 ], [ 14.308749198913601, 40.828750610351698 ], [ 14.308749198913601, 40.829029083252102 ], [ 14.3081951141357, 40.829029083252102 ], [ 14.3081951141357, 40.829582214355497 ], [ 14.3076391220094, 40.829582214355497 ], [ 14.3076391220094, 40.829860687255902 ], [ 14.3073606491088, 40.829860687255902 ], [ 14.3073606491088, 40.8301391601562 ], [ 14.3070831298829, 40.8301391601562 ], [ 14.3070831298829, 40.830417633056598 ], [ 14.306248664856099, 40.830417633056598 ], [ 14.306248664856099, 40.830696105957003 ], [ 14.3048610687256, 40.830696105957003 ], [ 14.3048610687256, 40.830970764160199 ], [ 14.3040266036988, 40.830970764160199 ], [ 14.3040266036988, 40.830696105957003 ], [ 14.3029165267944, 40.830696105957003 ], [ 14.3029165267944, 40.830970764160199 ], [ 14.302360534668001, 40.830970764160199 ], [ 14.302360534668001, 40.8318061828613 ], [ 14.3020830154418, 40.8318061828613 ], [ 14.3020830154418, 40.832084655761697 ], [ 14.3018045425415, 40.832084655761697 ], [ 14.3018045425415, 40.832359313965 ], [ 14.301528930664199, 40.832359313965 ], [ 14.301528930664199, 40.832637786865298 ], [ 14.300972938537701, 40.832637786865298 ], [ 14.300972938537701, 40.832916259765703 ], [ 14.3001384735109, 40.832916259765703 ], [ 14.3001384735109, 40.833194732666101 ], [ 14.299860000610501, 40.833194732666101 ], [ 14.299860000610501, 40.833473205566499 ], [ 14.2993068695068, 40.833473205566499 ], [ 14.2993068695068, 40.833751678466903 ], [ 14.298749923706101, 40.833751678466903 ], [ 14.298749923706101, 40.834026336669901 ], [ 14.29847240448, 40.834026336669901 ], [ 14.29847240448, 40.834304809570398 ], [ 14.2979164123535, 40.834304809570398 ], [ 14.2979164123535, 40.834583282470803 ], [ 14.2973623275756, 40.834583282470803 ], [ 14.2973623275756, 40.8348617553712 ], [ 14.2965278625488, 40.8348617553712 ], [ 14.2965278625488, 40.835140228271598 ], [ 14.296250343322701, 40.835140228271598 ], [ 14.296250343322701, 40.835414886474602 ], [ 14.295694351196399, 40.835414886474602 ], [ 14.295694351196399, 40.835693359375 ], [ 14.295415878295801, 40.835693359375 ], [ 14.295415878295801, 40.835971832275398 ], [ 14.294584274291999, 40.835971832275398 ], [ 14.294584274291999, 40.836250305175803 ], [ 14.293749809265201, 40.836250305175803 ], [ 14.293749809265201, 40.8365287780762 ], [ 14.2920837402344, 40.8365287780762 ], [ 14.2920837402344, 40.836250305175803 ], [ 14.291806221008301, 40.836250305175803 ], [ 14.291806221008301, 40.835971832275398 ], [ 14.2912502288818, 40.835971832275398 ], [ 14.2912502288818, 40.835693359375 ], [ 14.290971755981399, 40.835693359375 ], [ 14.290971755981399, 40.835414886474602 ], [ 14.2906942367554, 40.835414886474602 ], [ 14.2906942367554, 40.835140228271598 ], [ 14.289861679077299, 40.835140228271598 ], [ 14.289861679077299, 40.835971832275398 ], [ 14.2895841598512, 40.835971832275398 ], [ 14.2895841598512, 40.8365287780762 ], [ 14.289861679077299, 40.8365287780762 ], [ 14.289861679077299, 40.836807250976598 ], [ 14.290140151977701, 40.836807250976598 ], [ 14.290140151977701, 40.8381958007812 ], [ 14.289861679077299, 40.8381958007812 ], [ 14.289861679077299, 40.838470458984503 ], [ 14.2895841598512, 40.838470458984503 ], [ 14.2895841598512, 40.838748931884901 ], [ 14.289305686950801, 40.838748931884901 ], [ 14.289305686950801, 40.839027404785298 ], [ 14.2887496948243, 40.839027404785298 ], [ 14.2887496948243, 40.839305877685597 ], [ 14.28763961792, 40.839305877685597 ], [ 14.28763961792, 40.839027404785298 ], [ 14.2873620986938, 40.839027404785298 ], [ 14.2873620986938, 40.838470458984503 ], [ 14.2870836257935, 40.838470458984503 ], [ 14.2870836257935, 40.837917327880902 ], [ 14.286526679992701, 40.837917327880902 ], [ 14.286526679992701, 40.837638854980497 ], [ 14.285973548889199, 40.837638854980497 ], [ 14.285973548889199, 40.837360382080099 ], [ 14.284304618835399, 40.837360382080099 ], [ 14.284304618835399, 40.837917327880902 ], [ 14.2840270996093, 40.837917327880902 ], [ 14.2840270996093, 40.838470458984503 ], [ 14.284304618835399, 40.838470458984503 ], [ 14.284304618835399, 40.839305877685597 ], [ 14.284583091735801, 40.839305877685597 ], [ 14.284583091735801, 40.839862823486399 ], [ 14.2848606109619, 40.839862823486399 ], [ 14.2848606109619, 40.840415954589801 ], [ 14.284583091735801, 40.840415954589801 ], [ 14.284583091735801, 40.840694427490298 ], [ 14.284304618835399, 40.840694427490298 ], [ 14.284304618835399, 40.840972900390703 ], [ 14.283471107482899, 40.840972900390703 ], [ 14.283471107482899, 40.840694427490298 ], [ 14.282917022705099, 40.840694427490298 ], [ 14.282917022705099, 40.840415954589801 ], [ 14.282638549804799, 40.840415954589801 ], [ 14.282638549804799, 40.840137481689403 ], [ 14.2823610305787, 40.840137481689403 ], [ 14.2823610305787, 40.839862823486399 ], [ 14.282082557678301, 40.839862823486399 ], [ 14.282082557678301, 40.839584350586001 ], [ 14.2818050384522, 40.839584350586001 ], [ 14.2818050384522, 40.839305877685597 ], [ 14.2812490463257, 40.839305877685597 ], [ 14.2812490463257, 40.841526031494098 ], [ 14.2809734344482, 40.841526031494098 ], [ 14.2809734344482, 40.841804504394503 ], [ 14.2804174423218, 40.841804504394503 ], [ 14.2804174423218, 40.841526031494098 ], [ 14.280138969421399, 40.841526031494098 ], [ 14.280138969421399, 40.841251373291101 ], [ 14.2798614501953, 40.841251373291101 ], [ 14.2798614501953, 40.840694427490298 ], [ 14.279582977294901, 40.840694427490298 ], [ 14.279582977294901, 40.840137481689403 ], [ 14.2793054580688, 40.840137481689403 ], [ 14.2793054580688, 40.839862823486399 ], [ 14.2790269851685, 40.839862823486399 ], [ 14.2790269851685, 40.839584350586001 ], [ 14.2784729003907, 40.839584350586001 ], [ 14.2784729003907, 40.839305877685597 ], [ 14.2776393890382, 40.839305877685597 ], [ 14.2776393890382, 40.839027404785298 ], [ 14.2773609161378, 40.839027404785298 ], [ 14.2773609161378, 40.838748931884901 ], [ 14.276527404785201, 40.838748931884901 ], [ 14.276527404785201, 40.839584350586001 ], [ 14.2762508392335, 40.839584350586001 ], [ 14.2762508392335, 40.839862823486399 ], [ 14.275138854980501, 40.839862823486399 ], [ 14.275138854980501, 40.840415954589801 ], [ 14.275694847106999, 40.840415954589801 ], [ 14.275694847106999, 40.840972900390703 ], [ 14.2762508392335, 40.840972900390703 ], [ 14.2762508392335, 40.842639923095703 ], [ 14.275973320007401, 40.842639923095703 ], [ 14.275973320007401, 40.842918395996101 ], [ 14.274582862854, 40.842918395996101 ], [ 14.274582862854, 40.842082977294901 ], [ 14.2741050720215, 40.842082977294901 ], [ 14.2740287780762, 40.842082977294901 ], [ 14.2740287780762, 40.841804504394503 ], [ 14.2734727859496, 40.841804504394503 ], [ 14.2734727859496, 40.840972900390703 ], [ 14.2737121582032, 40.840972900390703 ], [ 14.27375125885, 40.840415954589801 ], [ 14.2740287780762, 40.840415954589801 ], [ 14.2740287780762, 40.840137481689403 ], [ 14.2743043899537, 40.840137481689403 ], [ 14.2743043899537, 40.839027404785298 ], [ 14.27375125885, 40.839027404785298 ], [ 14.27375125885, 40.838748931884901 ], [ 14.2726383209228, 40.838748931884901 ], [ 14.2726383209228, 40.838470458984503 ], [ 14.270972251892101, 40.838470458984503 ], [ 14.270972251892101, 40.8381958007812 ], [ 14.2706937789918, 40.8381958007812 ], [ 14.2706937789918, 40.837917327880902 ], [ 14.269860267639199, 40.837917327880902 ], [ 14.269860267639199, 40.8381958007812 ], [ 14.2693061828613, 40.8381958007812 ], [ 14.2693061828613, 40.838748931884901 ], [ 14.269860267639199, 40.838748931884901 ], [ 14.269860267639199, 40.839027404785298 ], [ 14.2701377868653, 40.839027404785298 ], [ 14.2701377868653, 40.839305877685597 ], [ 14.2704162597657, 40.839305877685597 ], [ 14.2704162597657, 40.839599609375099 ], [ 14.2704162597657, 40.839862823486399 ], [ 14.2706937789918, 40.839862823486399 ], [ 14.2706937789918, 40.840415954589801 ], [ 14.270972251892101, 40.840438842773402 ], [ 14.270972251892101, 40.840972900390703 ], [ 14.271249771118301, 40.840972900390703 ], [ 14.271249771118301, 40.841526031494098 ], [ 14.2715282440187, 40.841526031494098 ], [ 14.2715282440187, 40.843193054199297 ], [ 14.271249771118301, 40.843193054199297 ], [ 14.271249771118301, 40.843471527099702 ], [ 14.270972251892101, 40.843471527099702 ], [ 14.270972251892101, 40.843193054199297 ], [ 14.2706937789918, 40.843193054199297 ], [ 14.2706937789918, 40.841526031494098 ], [ 14.2704162597657, 40.841526031494098 ], [ 14.2704162597657, 40.840972900390703 ], [ 14.2701377868653, 40.840972900390703 ], [ 14.2701377868653, 40.840415954589801 ], [ 14.269860267639199, 40.840415954589801 ], [ 14.269860267639199, 40.839862823486399 ], [ 14.2695837020875, 40.839862823486399 ], [ 14.2695837020875, 40.839759826660199 ], [ 14.2695837020875, 40.839584350586001 ], [ 14.2669496536256, 40.839584350586001 ], [ 14.2665281295778, 40.839584350586001 ], [ 14.2665281295778, 40.841526031494098 ], [ 14.2673597335815, 40.841526031494098 ], [ 14.2673597335815, 40.841804504394503 ], [ 14.267640113830501, 40.841804504394503 ], [ 14.267640113830501, 40.842082977294901 ], [ 14.267915725708001, 40.842082977294901 ], [ 14.267915725708001, 40.842361450195298 ], [ 14.2681941986084, 40.842361450195298 ], [ 14.2681941986084, 40.842639923095703 ], [ 14.268471717834499, 40.842639923095703 ], [ 14.268471717834499, 40.842918395996101 ], [ 14.268750190734901, 40.842918395996101 ], [ 14.268750190734901, 40.843193054199297 ], [ 14.2690277099609, 40.843193054199297 ], [ 14.2690277099609, 40.844028472900398 ], [ 14.268750190734901, 40.844028472900398 ], [ 14.268750190734901, 40.844306945800803 ], [ 14.267915725708001, 40.844306945800803 ], [ 14.267915725708001, 40.844028472900398 ], [ 14.267640113830501, 40.844028472900398 ], [ 14.267640113830501, 40.843471527099702 ], [ 14.267915725708001, 40.843471527099702 ], [ 14.267915725708001, 40.843193054199297 ], [ 14.267640113830501, 40.843193054199297 ], [ 14.267640113830501, 40.842918395996101 ], [ 14.267084121704199, 40.842918395996101 ], [ 14.267084121704199, 40.842639923095703 ], [ 14.2668056488037, 40.842639923095703 ], [ 14.2668056488037, 40.842361450195298 ], [ 14.2656936645509, 40.842361450195298 ], [ 14.2656936645509, 40.842082977294901 ], [ 14.2648620605469, 40.842082977294901 ], [ 14.2648620605469, 40.841804504394503 ], [ 14.2645835876465, 40.841804504394503 ], [ 14.2645835876465, 40.841526031494098 ], [ 14.264027595520099, 40.841526031494098 ], [ 14.264027595520099, 40.841251373291101 ], [ 14.263750076294, 40.841251373291101 ], [ 14.263750076294, 40.841526031494098 ], [ 14.2631940841675, 40.841526031494098 ], [ 14.2631940841675, 40.842082977294901 ], [ 14.262915611267101, 40.842082977294901 ], [ 14.262915611267101, 40.842639923095703 ], [ 14.2626399993896, 40.842639923095703 ], [ 14.2626399993896, 40.843193054199297 ], [ 14.261528015136699, 40.843193054199297 ], [ 14.261528015136699, 40.842918395996101 ], [ 14.2612495422363, 40.842918395996101 ], [ 14.2612495422363, 40.842082977294901 ], [ 14.260972023010201, 40.842082977294901 ], [ 14.260972023010201, 40.841526031494098 ], [ 14.261528015136699, 40.841526031494098 ], [ 14.261528015136699, 40.841251373291101 ], [ 14.2618055343628, 40.841251373291101 ], [ 14.2618055343628, 40.840972900390703 ], [ 14.2620840072632, 40.840972900390703 ], [ 14.2620840072632, 40.840694427490298 ], [ 14.2623615264893, 40.840694427490298 ], [ 14.2623615264893, 40.840137481689403 ], [ 14.261528015136699, 40.840137481689403 ], [ 14.261528015136699, 40.839862823486399 ], [ 14.2612495422363, 40.839862823486399 ], [ 14.2612495422363, 40.840137481689403 ], [ 14.260692596435501, 40.840137481689403 ], [ 14.260692596435501, 40.840415954589801 ], [ 14.2604179382325, 40.840415954589801 ], [ 14.2604179382325, 40.840694427490298 ], [ 14.2587490081788, 40.840694427490298 ], [ 14.2587490081788, 40.840137481689403 ], [ 14.2584705352784, 40.840137481689403 ], [ 14.2584705352784, 40.839584350586001 ], [ 14.258193016052299, 40.839584350586001 ], [ 14.258193016052299, 40.839305877685597 ], [ 14.2593050003053, 40.839305877685597 ], [ 14.2593050003053, 40.839027404785298 ], [ 14.2618055343628, 40.839027404785298 ], [ 14.2618055343628, 40.837638854980497 ], [ 14.261528015136699, 40.837638854980497 ], [ 14.261528015136699, 40.837360382080099 ], [ 14.2612495422363, 40.837360382080099 ], [ 14.2612495422363, 40.836807250976598 ], [ 14.2593050003053, 40.836807250976598 ], [ 14.2593050003053, 40.8365898132325 ], [ 14.2587490081788, 40.8365287780762 ], [ 14.2587490081788, 40.8367309570313 ], [ 14.2587490081788, 40.836807250976598 ], [ 14.258195877075201, 40.836807250976598 ], [ 14.258193016052299, 40.837081909179702 ], [ 14.257917404174799, 40.837081909179702 ], [ 14.257917404174799, 40.837360382080099 ], [ 14.257361412048301, 40.837360382080099 ], [ 14.257361412048301, 40.837081909179702 ], [ 14.257082939147899, 40.837081909179702 ], [ 14.257082939147899, 40.837360382080099 ], [ 14.2558040618896, 40.837360382080099 ], [ 14.2556953430175, 40.837360382080099 ], [ 14.2556953430175, 40.837081909179702 ], [ 14.2554168701171, 40.837081909179702 ], [ 14.2554168701171, 40.835971832275398 ], [ 14.2556953430175, 40.835971832275398 ], [ 14.2556953430175, 40.835784912109503 ], [ 14.2556953430175, 40.835693359375 ], [ 14.256251335144, 40.835758209228501 ], [ 14.256251335144, 40.835971832275398 ], [ 14.257361412048301, 40.835971832275398 ], [ 14.257361412048301, 40.835693359375 ], [ 14.2587490081788, 40.835693359375 ], [ 14.2587490081788, 40.835567474365199 ], [ 14.2587490081788, 40.835414886474602 ], [ 14.259584426879901, 40.835414886474602 ], [ 14.259584426879901, 40.835140228271598 ], [ 14.262915611267101, 40.835197448730497 ], [ 14.262915611267101, 40.835414886474602 ], [ 14.2631940841675, 40.835414886474602 ], [ 14.2631940841675, 40.835159301757898 ], [ 14.263322830200201, 40.835140228271598 ], [ 14.266249656677401, 40.835140228271598 ], [ 14.266249656677401, 40.8348617553712 ], [ 14.2665281295778, 40.8348617553712 ], [ 14.2665281295778, 40.834663391113402 ], [ 14.2665281295778, 40.834583282470803 ], [ 14.2668056488037, 40.834583282470803 ], [ 14.2668056488037, 40.833751678466903 ], [ 14.2665281295778, 40.833751678466903 ], [ 14.2665281295778, 40.833194732666101 ], [ 14.266249656677401, 40.833194732666101 ], [ 14.266249656677401, 40.833473205566499 ], [ 14.2626399993896, 40.833473205566499 ], [ 14.2626399993896, 40.833751678466903 ], [ 14.258195877075201, 40.833751678466903 ], [ 14.258193016052299, 40.834026336669901 ], [ 14.257082939147899, 40.834026336669901 ], [ 14.257082939147899, 40.834304809570398 ], [ 14.255970954895, 40.834304809570398 ], [ 14.255970954895, 40.834583282470803 ], [ 14.2548608779907, 40.834583282470803 ], [ 14.2548608779907, 40.834304809570398 ], [ 14.254027366638301, 40.834304809570398 ], [ 14.254027366638301, 40.834026336669901 ], [ 14.2537488937379, 40.834026336669901 ], [ 14.2537488937379, 40.833751678466903 ], [ 14.2534732818604, 40.833751678466903 ], [ 14.2534732818604, 40.833473205566499 ], [ 14.25319480896, 40.833473205566499 ], [ 14.25319480896, 40.833194732666101 ], [ 14.252917289733899, 40.833194732666101 ], [ 14.252917289733899, 40.832916259765703 ], [ 14.252638816833599, 40.832916259765703 ], [ 14.252638816833599, 40.832637786865298 ], [ 14.2524881362916, 40.832637786865298 ], [ 14.2523612976075, 40.832637786865298 ], [ 14.2523612976075, 40.832359313965 ], [ 14.252082824707101, 40.832359313965 ], [ 14.252082824707101, 40.8318061828613 ], [ 14.251805305481, 40.8318061828613 ], [ 14.251805305481, 40.831249237060597 ], [ 14.2515268325806, 40.831249237060597 ], [ 14.2515268325806, 40.830970764160199 ], [ 14.2512512207031, 40.830970764160199 ], [ 14.2512512207031, 40.830417633056598 ], [ 14.250970840454199, 40.830417633056598 ], [ 14.250970840454199, 40.8301391601562 ], [ 14.250695228576699, 40.8301391601562 ], [ 14.250695228576699, 40.829860687255902 ], [ 14.2504167556763, 40.829860687255902 ], [ 14.2504167556763, 40.8284721374513 ], [ 14.250139236450201, 40.8284721374513 ], [ 14.250139236450201, 40.827491760253899 ], [ 14.250139236450201, 40.8268051147462 ], [ 14.2504167556763, 40.8268051147462 ], [ 14.2504167556763, 40.825973510742202 ], [ 14.250139236450201, 40.825973510742202 ], [ 14.250139236450201, 40.825695037841797 ], [ 14.249304771423301, 40.825695037841797 ], [ 14.249304771423301, 40.825973510742202 ], [ 14.2487506866456, 40.825973510742202 ], [ 14.2487506866456, 40.826248168945398 ], [ 14.248473167419499, 40.826248168945398 ], [ 14.248473167419499, 40.826526641845803 ], [ 14.248194694519199, 40.826526641845803 ], [ 14.248194694519199, 40.8268051147462 ], [ 14.247638702392701, 40.8268051147462 ], [ 14.247638702392701, 40.827915191650497 ], [ 14.2473611831666, 40.827915191650497 ], [ 14.2473611831666, 40.8284721374513 ], [ 14.247084617614799, 40.8284721374513 ], [ 14.247084617614799, 40.828750610351698 ], [ 14.246528625488301, 40.828750610351698 ], [ 14.246528625488301, 40.829029083252102 ], [ 14.2462511062622, 40.829029083252102 ], [ 14.2462511062622, 40.829303741455099 ], [ 14.2456941604615, 40.829303741455099 ], [ 14.2456941604615, 40.829582214355497 ], [ 14.2448625564575, 40.829582214355497 ], [ 14.244859695434601, 40.829860687255902 ], [ 14.244305610656699, 40.829860687255902 ], [ 14.244305610656699, 40.8301391601562 ], [ 14.2440280914306, 40.8301391601562 ], [ 14.2440280914306, 40.830417633056598 ], [ 14.2437496185303, 40.830417633056598 ], [ 14.2437496185303, 40.830696105957003 ], [ 14.242637634277299, 40.830696105957003 ], [ 14.242637634277299, 40.830970764160199 ], [ 14.242083549499601, 40.830970764160199 ], [ 14.242083549499601, 40.831249237060597 ], [ 14.2409715652466, 40.831249237060597 ], [ 14.2409715652466, 40.831527709961001 ], [ 14.2376384735107, 40.831527709961001 ], [ 14.2376384735107, 40.8318061828613 ], [ 14.237084388733001, 40.8318061828613 ], [ 14.237084388733001, 40.831527709961001 ], [ 14.235695838928301, 40.831527709961001 ], [ 14.235695838928301, 40.8318061828613 ], [ 14.2337503433228, 40.8318061828613 ], [ 14.2337503433228, 40.832084655761697 ], [ 14.231804847717299, 40.832084655761697 ], [ 14.231804847717299, 40.8318061828613 ], [ 14.2306947708131, 40.8318061828613 ], [ 14.2306947708131, 40.831527709961001 ], [ 14.229305267334, 40.831527709961001 ], [ 14.229305267334, 40.831249237060597 ], [ 14.2284708023072, 40.831249237060597 ], [ 14.2284708023072, 40.830970764160199 ], [ 14.2276391983032, 40.830970764160199 ], [ 14.2276391983032, 40.830696105957003 ], [ 14.226248741149901, 40.830696105957003 ], [ 14.226248741149901, 40.830417633056598 ], [ 14.225973129272599, 40.830417633056598 ], [ 14.225973129272599, 40.8301391601562 ], [ 14.2256946563722, 40.8301391601562 ], [ 14.2256946563722, 40.829860687255902 ], [ 14.225417137146099, 40.829860687255902 ], [ 14.225417137146099, 40.8301391601562 ], [ 14.224861145019601, 40.8301391601562 ], [ 14.224861145019601, 40.829860687255902 ], [ 14.2243051528932, 40.829860687255902 ], [ 14.2243051528932, 40.829582214355497 ], [ 14.2240266799928, 40.829582214355497 ], [ 14.2240266799928, 40.829303741455099 ], [ 14.2237510681153, 40.829303741455099 ], [ 14.2237510681153, 40.828193664550902 ], [ 14.2240266799928, 40.828193664550902 ], [ 14.2240266799928, 40.827915191650497 ], [ 14.2243051528932, 40.827915191650497 ], [ 14.2243051528932, 40.827640533447301 ], [ 14.2245826721193, 40.827640533447301 ], [ 14.2245826721193, 40.827362060546903 ], [ 14.225417137146099, 40.827362060546903 ], [ 14.225417137146099, 40.827083587646499 ], [ 14.225973129272599, 40.827083587646499 ], [ 14.225973129272599, 40.8268051147462 ], [ 14.226248741149901, 40.8268051147462 ], [ 14.226248741149901, 40.826248168945398 ], [ 14.2256946563722, 40.826248168945398 ], [ 14.2256946563722, 40.825973510742202 ], [ 14.2249822616578, 40.825973510742202 ], [ 14.224861145019601, 40.825973510742202 ], [ 14.224861145019601, 40.825859069824297 ], [ 14.224861145019601, 40.825695037841797 ], [ 14.2246847152709, 40.825695037841797 ], [ 14.2237510681153, 40.825695037841797 ], [ 14.2237510681153, 40.825416564941399 ], [ 14.2231950759888, 40.825416564941399 ], [ 14.2231950759888, 40.825138092041101 ], [ 14.222360610961999, 40.825138092041101 ], [ 14.222360610961999, 40.824859619140703 ], [ 14.222083091735801, 40.824859619140703 ], [ 14.222083091735801, 40.824584960937401 ], [ 14.221804618835501, 40.824584960937401 ], [ 14.221804618835501, 40.824306488037102 ], [ 14.2212476730347, 40.824306488037102 ], [ 14.2212476730347, 40.824028015136697 ], [ 14.2209730148315, 40.824028015136697 ], [ 14.2209730148315, 40.823471069335902 ], [ 14.220417022705, 40.823471069335902 ], [ 14.220417022705, 40.823192596435497 ], [ 14.2201385498046, 40.823192596435497 ], [ 14.2201385498046, 40.8229179382325 ], [ 14.219581604003899, 40.8229179382325 ], [ 14.219581604003899, 40.822639465332102 ], [ 14.219306945800801, 40.822639465332102 ], [ 14.219306945800801, 40.822360992431797 ], [ 14.219029426574799, 40.822360992431797 ], [ 14.219029426574799, 40.822082519531399 ], [ 14.2187509536744, 40.822082519531399 ], [ 14.2187509536744, 40.821529388427798 ], [ 14.215415954589799, 40.821529388427798 ], [ 14.215415954589799, 40.821250915527401 ], [ 14.2151384353638, 40.821235656738303 ], [ 14.2151384353638, 40.820693969726598 ], [ 14.2148599624634, 40.820693969726598 ], [ 14.2148599624634, 40.8204154968262 ], [ 14.214584350586, 40.8204154968262 ], [ 14.214584350586, 40.819305419921903 ], [ 14.214305877685501, 40.819305419921903 ], [ 14.214305877685501, 40.819026947021499 ], [ 14.213749885559199, 40.819026947021499 ], [ 14.213749885559199, 40.8187484741212 ], [ 14.213193893432701, 40.8187484741212 ], [ 14.213193893432701, 40.818473815918097 ], [ 14.212916374206699, 40.818473815918097 ], [ 14.212916374206699, 40.817916870117102 ], [ 14.2126379013063, 40.817916870117102 ], [ 14.2126379013063, 40.817359924316399 ], [ 14.212258338928301, 40.817359924316399 ], [ 14.212081909179799, 40.817359924316399 ], [ 14.212081909179799, 40.817085266113303 ], [ 14.211806297302299, 40.817081451416001 ], [ 14.211806297302299, 40.816490173339901 ], [ 14.211806297302299, 40.816249847412202 ], [ 14.2116813659668, 40.816249847412202 ], [ 14.2115278244019, 40.816249847412202 ], [ 14.2115278244019, 40.8158378601075 ], [ 14.2115278244019, 40.815692901611399 ], [ 14.211250305175801, 40.815692901611399 ], [ 14.211250305175801, 40.815418243408303 ], [ 14.2109718322754, 40.815418243408303 ], [ 14.2109718322754, 40.814304351806697 ], [ 14.210415840149, 40.814304351806697 ], [ 14.210415840149, 40.814029693603501 ], [ 14.2101402282715, 40.8140258789063 ], [ 14.2101402282715, 40.813751220703097 ], [ 14.209861755371101, 40.813751220703097 ], [ 14.209861755371101, 40.813472747802699 ], [ 14.209584236145, 40.813472747802699 ], [ 14.209584236145, 40.813194274902301 ], [ 14.2090282440185, 40.813194274902301 ], [ 14.2090282440185, 40.812637329101598 ], [ 14.208472251891999, 40.812637329101598 ], [ 14.208472251891999, 40.812084197998203 ], [ 14.2081956863404, 40.812084197998203 ], [ 14.2081956863404, 40.811805725097599 ], [ 14.2079162597656, 40.811805725097599 ], [ 14.2079162597656, 40.811248779296903 ], [ 14.207639694214, 40.811248779296903 ], [ 14.207639694214, 40.810417175293097 ], [ 14.2073621749878, 40.810417175293097 ], [ 14.2073621749878, 40.809581756591903 ], [ 14.206806182861399, 40.809581756591903 ], [ 14.206806182861399, 40.809028625488303 ], [ 14.206527709961, 40.809028625488303 ], [ 14.206527709961, 40.808639526367202 ], [ 14.206527709961, 40.808471679687599 ], [ 14.2062492370607, 40.808471679687599 ], [ 14.2062492370607, 40.807918548583999 ], [ 14.2059736251832, 40.807918548583999 ], [ 14.2059736251832, 40.807083129882798 ], [ 14.2062492370607, 40.807083129882798 ], [ 14.2062492370607, 40.806526184082003 ], [ 14.206527709961, 40.806526184082003 ], [ 14.206527709961, 40.805973052978601 ], [ 14.206806182861399, 40.805973052978601 ], [ 14.206806182861399, 40.804584503173899 ], [ 14.2070837020875, 40.804584503173899 ], [ 14.2070837020875, 40.803195953369098 ], [ 14.2073621749878, 40.803195953369098 ], [ 14.2073621749878, 40.802639007568402 ], [ 14.207639694214, 40.802639007568402 ], [ 14.207639694214, 40.802082061767599 ], [ 14.2079162597656, 40.802082061767599 ], [ 14.2079162597656, 40.801807403564503 ], [ 14.207639694214, 40.801807403564503 ], [ 14.207639694214, 40.801528930664098 ], [ 14.2078065872194, 40.801528930664098 ], [ 14.2079162597656, 40.801528930664098 ], [ 14.2079162597656, 40.8012504577637 ], [ 14.208472251891999, 40.8012504577637 ], [ 14.208472251891999, 40.800971984863303 ], [ 14.2079162597656, 40.800971984863303 ], [ 14.2079162597656, 40.800693511962898 ], [ 14.207639694214, 40.800693511962898 ], [ 14.207639694214, 40.8004150390625 ], [ 14.2070837020875, 40.8004150390625 ], [ 14.2070837020875, 40.799861907959098 ], [ 14.206806182861399, 40.799861907959098 ], [ 14.206806182861399, 40.7995834350587 ], [ 14.2062492370607, 40.7995834350587 ], [ 14.2062492370607, 40.799304962158303 ], [ 14.2059736251832, 40.799304962158303 ], [ 14.2059707641603, 40.799026489257798 ], [ 14.2054176330566, 40.799026489257798 ], [ 14.2054176330566, 40.798751831054702 ], [ 14.205194473266699, 40.798751831054702 ], [ 14.204027175903301, 40.798751831054702 ], [ 14.204027175903301, 40.798473358154403 ], [ 14.2023611068725, 40.798473358154403 ], [ 14.2023611068725, 40.798194885253999 ], [ 14.2015266418456, 40.798194885253999 ], [ 14.2015266418456, 40.797637939453203 ], [ 14.200693130493301, 40.797637939453203 ], [ 14.200693130493301, 40.797359466552798 ], [ 14.2004165649415, 40.797359466552798 ], [ 14.2004165649415, 40.797084808349602 ], [ 14.199860572815, 40.797084808349602 ], [ 14.199860572815, 40.796806335449197 ], [ 14.199583053588899, 40.796806335449197 ], [ 14.199583053588899, 40.797084808349602 ], [ 14.1993045806885, 40.797084808349602 ], [ 14.1993045806885, 40.796806335449197 ], [ 14.198472976684601, 40.796806335449197 ], [ 14.198472976684601, 40.796527862548899 ], [ 14.1981954574585, 40.796527862548899 ], [ 14.1981954574585, 40.796249389648501 ], [ 14.197639465331999, 40.796249389648501 ], [ 14.197639465331999, 40.795970916748097 ], [ 14.196806907653899, 40.795970916748097 ], [ 14.196806907653899, 40.795696258544901 ], [ 14.195973396301399, 40.795696258544901 ], [ 14.195973396301399, 40.795417785644503 ], [ 14.195417404174901, 40.795417785644503 ], [ 14.195417404174901, 40.795696258544901 ], [ 14.1943054199219, 40.795696258544901 ], [ 14.1943054199219, 40.795417785644503 ], [ 14.194028854370201, 40.795417785644503 ], [ 14.194028854370201, 40.795139312744098 ], [ 14.193195343017599, 40.795139312744098 ], [ 14.193195343017599, 40.7948608398438 ], [ 14.1929168701172, 40.7948608398438 ], [ 14.1929168701172, 40.794582366943402 ], [ 14.191742897033601, 40.794582366943402 ], [ 14.191526412963899, 40.794582366943402 ], [ 14.191526412963899, 40.794486999511697 ], [ 14.191526412963899, 40.794303894042997 ], [ 14.1912498474121, 40.794303894042997 ], [ 14.1912498474121, 40.794044494628999 ], [ 14.1905059814454, 40.79402923584 ], [ 14.190416336059499, 40.79402923584 ], [ 14.190416336059499, 40.793876647949197 ], [ 14.190416336059499, 40.793750762939602 ], [ 14.1901378631591, 40.793750762939602 ], [ 14.1901378631591, 40.793472290039198 ], [ 14.1895837783815, 40.793472290039198 ], [ 14.1895837783815, 40.7931938171388 ], [ 14.189027786254901, 40.7931938171388 ], [ 14.189027786254901, 40.792915344238402 ], [ 14.188750267028899, 40.792915344238402 ], [ 14.188750267028899, 40.792640686035199 ], [ 14.188194274902401, 40.792640686035199 ], [ 14.188194274902401, 40.792362213134801 ], [ 14.187915802001999, 40.792362213134801 ], [ 14.187915802001999, 40.791805267333999 ], [ 14.187640190124499, 40.791805267333999 ], [ 14.187640190124499, 40.791248321533303 ], [ 14.187359809875501, 40.791248321533303 ], [ 14.187359809875501, 40.790973663330099 ], [ 14.187084197998001, 40.790973663330099 ], [ 14.187084197998001, 40.790695190429702 ], [ 14.186805725097701, 40.790695190429702 ], [ 14.186805725097701, 40.791248321533303 ], [ 14.1865282058716, 40.791248321533303 ], [ 14.1865282058716, 40.7915267944337 ], [ 14.185972213745099, 40.7915267944337 ], [ 14.185972213745099, 40.791805267333999 ], [ 14.1856937408447, 40.791805267333999 ], [ 14.1856937408447, 40.792083740234403 ], [ 14.1854162216187, 40.792083740234403 ], [ 14.1854162216187, 40.792640686035199 ], [ 14.185137748718301, 40.792640686035199 ], [ 14.185137748718301, 40.792915344238402 ], [ 14.1848621368409, 40.792915344238402 ], [ 14.1848621368409, 40.7931938171388 ], [ 14.1840276718141, 40.7931938171388 ], [ 14.1840276718141, 40.793472290039198 ], [ 14.183471679687599, 40.793472290039198 ], [ 14.183471679687599, 40.793621063232401 ], [ 14.183471679687599, 40.793750762939602 ], [ 14.182915687561101, 40.793750762939602 ], [ 14.182915687561101, 40.79402923584 ], [ 14.1826400756837, 40.79402923584 ], [ 14.1826400756837, 40.794582366943402 ], [ 14.1823596954347, 40.794582366943402 ], [ 14.1823596954347, 40.79402923584 ], [ 14.1820840835572, 40.79402923584 ], [ 14.1820840835572, 40.793891906738303 ], [ 14.1820840835572, 40.793750762939602 ], [ 14.180972099304199, 40.793750762939602 ], [ 14.180972099304199, 40.79402923584 ], [ 14.1806936264038, 40.79402923584 ], [ 14.1806936264038, 40.794166564941499 ], [ 14.1806936264038, 40.7948608398438 ], [ 14.180972099304199, 40.7948608398438 ], [ 14.180972099304199, 40.795139312744098 ], [ 14.1812496185303, 40.795139312744098 ], [ 14.1812496185303, 40.795417785644503 ], [ 14.180972099304199, 40.795417785644503 ], [ 14.180972099304199, 40.795696258544901 ], [ 14.179583549499499, 40.795696258544901 ], [ 14.179583549499499, 40.795970916748097 ], [ 14.178474426269601, 40.795970916748097 ], [ 14.178474426269601, 40.796249389648501 ], [ 14.1776390075685, 40.796249389648501 ], [ 14.1776390075685, 40.796527862548899 ], [ 14.176527023315501, 40.796527862548899 ], [ 14.176527023315501, 40.796806335449197 ], [ 14.1756954193115, 40.796806335449197 ], [ 14.1756954193115, 40.797637939453203 ], [ 14.175416946411101, 40.797637939453203 ], [ 14.175416946411101, 40.798473358154403 ], [ 14.175139427185099, 40.798473358154403 ], [ 14.175139427185099, 40.798751831054702 ], [ 14.173194885254, 40.798751831054702 ], [ 14.173194885254, 40.798473358154403 ], [ 14.1726388931276, 40.798473358154403 ], [ 14.1726388931276, 40.798194885253999 ], [ 14.171526908874601, 40.798194885253999 ], [ 14.171526908874601, 40.797916412353601 ], [ 14.171251296997101, 40.797916412353601 ], [ 14.171251296997101, 40.797637939453203 ], [ 14.1709709167482, 40.797637939453203 ], [ 14.1709709167482, 40.797359466552798 ], [ 14.1704168319703, 40.797359466552798 ], [ 14.1704168319703, 40.797084808349602 ], [ 14.1698608398438, 40.797084808349602 ], [ 14.1698608398438, 40.796806335449197 ], [ 14.169583320617701, 40.796806335449197 ], [ 14.169583320617701, 40.796527862548899 ], [ 14.169304847717299, 40.796527862548899 ], [ 14.169304847717299, 40.796413421631001 ], [ 14.169304847717299, 40.795970916748097 ], [ 14.168194770813001, 40.795970916748097 ], [ 14.168194770813001, 40.795696258544901 ], [ 14.1679172515869, 40.795696258544901 ], [ 14.1679172515869, 40.795417785644503 ], [ 14.1676387786865, 40.795417785644503 ], [ 14.1676387786865, 40.795139312744098 ], [ 14.167361259460399, 40.795139312744098 ], [ 14.167361259460399, 40.7948608398438 ], [ 14.1670846939088, 40.7948608398438 ], [ 14.1670846939088, 40.794582366943402 ], [ 14.166528701782299, 40.794582366943402 ], [ 14.166528701782299, 40.794303894042997 ], [ 14.1662511825562, 40.794303894042997 ], [ 14.1662511825562, 40.79402923584 ], [ 14.165415763855099, 40.79402923584 ], [ 14.165415763855099, 40.793750762939602 ], [ 14.1651363372804, 40.793750762939602 ], [ 14.164859771728599, 40.793750762939602 ], [ 14.164859771728599, 40.793472290039198 ], [ 14.1645822525025, 40.793472290039198 ], [ 14.1645822525025, 40.7931938171388 ], [ 14.164306640625, 40.7931938171388 ], [ 14.164306640625, 40.792915344238402 ], [ 14.1640281677246, 40.792915344238402 ], [ 14.1640281677246, 40.792640686035199 ], [ 14.1626377105713, 40.792640686035199 ], [ 14.1626377105713, 40.792362213134801 ], [ 14.1618041992188, 40.792362213134801 ], [ 14.1618041992188, 40.792640686035199 ], [ 14.161250114441, 40.792640686035199 ], [ 14.161250114441, 40.792915344238402 ], [ 14.160971641540501, 40.792915344238402 ], [ 14.160971641540501, 40.7931938171388 ], [ 14.160415649414199, 40.7931938171388 ], [ 14.160415649414199, 40.793750762939602 ], [ 14.1601381301881, 40.793750762939602 ], [ 14.1601381301881, 40.79402923584 ], [ 14.159584045410201, 40.79402923584 ], [ 14.159584045410201, 40.794303894042997 ], [ 14.159305572509799, 40.794303894042997 ], [ 14.159305572509799, 40.794582366943402 ], [ 14.1590280532837, 40.794582366943402 ], [ 14.1590280532837, 40.7948608398438 ], [ 14.159305572509799, 40.7948608398438 ], [ 14.159305572509799, 40.795417785644503 ], [ 14.1590280532837, 40.795417785644503 ], [ 14.1590280532837, 40.795696258544901 ], [ 14.159584045410201, 40.795696258544901 ], [ 14.159584045410201, 40.796249389648501 ], [ 14.1598615646363, 40.796249389648501 ], [ 14.1598615646363, 40.797637939453203 ], [ 14.1603927612306, 40.797637939453203 ], [ 14.161250114441, 40.797637939453203 ], [ 14.161250114441, 40.798194885253999 ], [ 14.1618041992188, 40.798194885253999 ], [ 14.1618041992188, 40.798751831054702 ], [ 14.1620836257934, 40.798751831054702 ], [ 14.1620836257934, 40.799026489257798 ], [ 14.162360191345201, 40.799026489257798 ], [ 14.162360191345201, 40.7991752624512 ], [ 14.162360191345201, 40.799861907959098 ], [ 14.162916183471699, 40.799861907959098 ], [ 14.162916183471699, 40.7995834350587 ], [ 14.1634721755981, 40.7995834350587 ], [ 14.1634721755981, 40.799304962158303 ], [ 14.163700103759799, 40.799304962158303 ], [ 14.1637496948243, 40.799026489257798 ], [ 14.1640281677246, 40.799026489257798 ], [ 14.1640281677246, 40.798751831054702 ], [ 14.164306640625, 40.798751831054702 ], [ 14.164306640625, 40.798473358154403 ], [ 14.165138244629, 40.798473358154403 ], [ 14.165138244629, 40.798194885253999 ], [ 14.1662511825562, 40.798194885253999 ], [ 14.1662511825562, 40.797916412353601 ], [ 14.1684617996216, 40.797916412353601 ], [ 14.1698608398438, 40.797916412353601 ], [ 14.1698608398438, 40.798194885253999 ], [ 14.1704168319703, 40.798194885253999 ], [ 14.1704168319703, 40.798473358154403 ], [ 14.1709709167482, 40.798473358154403 ], [ 14.1709709167482, 40.798751831054702 ], [ 14.171251296997101, 40.798751831054702 ], [ 14.171251296997101, 40.798892974853601 ], [ 14.171251296997101, 40.799026489257798 ], [ 14.171526908874601, 40.799026489257798 ], [ 14.171526908874601, 40.799167633056598 ], [ 14.171526908874601, 40.799304962158303 ], [ 14.171805381775, 40.799327850341797 ], [ 14.171805381775, 40.7995834350587 ], [ 14.172082901001099, 40.7995834350587 ], [ 14.172082901001099, 40.799861907959098 ], [ 14.1726388931276, 40.799861907959098 ], [ 14.1726388931276, 40.800140380859503 ], [ 14.1729173660279, 40.800140380859503 ], [ 14.1729173660279, 40.8004150390625 ], [ 14.173194885254, 40.8004150390625 ], [ 14.173194885254, 40.800971984863303 ], [ 14.1734733581544, 40.800971984863303 ], [ 14.1734733581544, 40.802082061767599 ], [ 14.173194885254, 40.802082061767599 ], [ 14.173194885254, 40.8029174804688 ], [ 14.1729173660279, 40.8029174804688 ], [ 14.1729173660279, 40.804027557373203 ], [ 14.1726388931276, 40.804027557373203 ], [ 14.1726388931276, 40.805137634277301 ], [ 14.1723613739015, 40.805137634277301 ], [ 14.1723613739015, 40.805416107177699 ], [ 14.172082901001099, 40.805416107177699 ], [ 14.172082901001099, 40.805694580078203 ], [ 14.171805381775, 40.805694580078203 ], [ 14.171805381775, 40.805973052978601 ], [ 14.171526908874601, 40.805973052978601 ], [ 14.171526908874601, 40.806251525878999 ], [ 14.169304847717299, 40.806251525878999 ], [ 14.169304847717299, 40.805973052978601 ], [ 14.1690273284912, 40.805973052978601 ], [ 14.1690273284912, 40.805694580078203 ], [ 14.168750762939499, 40.805694580078203 ], [ 14.168750762939499, 40.805416107177699 ], [ 14.168473243713301, 40.805416107177699 ], [ 14.168473243713301, 40.805137634277301 ], [ 14.1679172515869, 40.805137634277301 ], [ 14.1679172515869, 40.804862976074297 ], [ 14.1676387786865, 40.804862976074297 ], [ 14.1676387786865, 40.804584503173899 ], [ 14.1664123535156, 40.804584503173899 ], [ 14.165415763855099, 40.804584503173899 ], [ 14.165415763855099, 40.805137634277301 ], [ 14.1662511825562, 40.805137634277301 ], [ 14.1662511825562, 40.805416107177699 ], [ 14.166587829589799, 40.805416107177699 ], [ 14.1668043136596, 40.805416107177699 ], [ 14.1668043136596, 40.805694580078203 ], [ 14.1676387786865, 40.805694580078203 ], [ 14.1676387786865, 40.805973052978601 ], [ 14.168473243713301, 40.805973052978601 ], [ 14.168473243713301, 40.806251525878999 ], [ 14.168750762939499, 40.806251525878999 ], [ 14.168750762939499, 40.806804656982401 ], [ 14.168473243713301, 40.806804656982401 ], [ 14.168473243713301, 40.807361602783203 ], [ 14.168194770813001, 40.807361602783203 ], [ 14.168194770813001, 40.807640075683601 ], [ 14.1679172515869, 40.807640075683601 ], [ 14.1679172515869, 40.807918548583999 ], [ 14.1676387786865, 40.807918548583999 ], [ 14.1676387786865, 40.808193206787202 ], [ 14.167361259460399, 40.808193206787202 ], [ 14.167361259460399, 40.809028625488303 ], [ 14.1670846939088, 40.809028625488303 ], [ 14.1670846939088, 40.8093070983887 ], [ 14.1668043136596, 40.8093070983887 ], [ 14.1668043136596, 40.809581756591903 ], [ 14.166528701782299, 40.809581756591903 ], [ 14.166528701782299, 40.809860229492301 ], [ 14.165972709655801, 40.809860229492301 ], [ 14.165972709655801, 40.810138702392699 ], [ 14.165415763855099, 40.810138702392699 ], [ 14.165415763855099, 40.810417175293097 ], [ 14.165138244629, 40.810417175293097 ], [ 14.165138244629, 40.810695648193402 ], [ 14.164859771728599, 40.810695648193402 ], [ 14.164859771728599, 40.810970306396499 ], [ 14.165138244629, 40.8109741210938 ], [ 14.165138244629, 40.811248779296903 ], [ 14.165415763855099, 40.811248779296903 ], [ 14.165415763855099, 40.812084197998203 ], [ 14.1656951904297, 40.812084197998203 ], [ 14.1656951904297, 40.812362670898601 ], [ 14.165415763855099, 40.812362670898601 ], [ 14.165415763855099, 40.812637329101598 ], [ 14.164859771728599, 40.812637329101598 ], [ 14.164859771728599, 40.812915802002003 ], [ 14.1645822525025, 40.812915802002003 ], [ 14.1645822525025, 40.813472747802699 ], [ 14.164306640625, 40.813472747802699 ], [ 14.164306640625, 40.813751220703097 ], [ 14.1637496948243, 40.813751220703097 ], [ 14.1637496948243, 40.8140258789063 ], [ 14.1631937026978, 40.814029693603501 ], [ 14.1631937026978, 40.814304351806697 ], [ 14.1626377105713, 40.814304351806697 ], [ 14.1626377105713, 40.8148612976075 ], [ 14.162360191345201, 40.8148612976075 ], [ 14.162360191345201, 40.815418243408303 ], [ 14.1620836257934, 40.815418243408303 ], [ 14.1620836257934, 40.815692901611399 ], [ 14.161250114441, 40.815692901611399 ], [ 14.161250114441, 40.815971374511797 ], [ 14.160415649414199, 40.815971374511797 ], [ 14.160415649414199, 40.816249847412202 ], [ 14.1601381301881, 40.816249847412202 ], [ 14.1601381301881, 40.816528320312599 ], [ 14.159938812256, 40.816528320312599 ], [ 14.1598615646363, 40.816528320312599 ], [ 14.1598615646363, 40.816806793212997 ], [ 14.158472061157299, 40.816806793212997 ], [ 14.158472061157299, 40.817081451416001 ], [ 14.157361984252899, 40.817085266113303 ], [ 14.157361984252899, 40.817359924316399 ], [ 14.1518049240113, 40.817359924316399 ], [ 14.1518049240113, 40.817085266113303 ], [ 14.151248931884799, 40.817085266113303 ], [ 14.151248931884799, 40.817359924316399 ], [ 14.1509714126587, 40.817359924316399 ], [ 14.1509714126587, 40.817638397216797 ], [ 14.150138854980399, 40.817638397216797 ], [ 14.150138854980399, 40.817916870117102 ], [ 14.1498613357543, 40.817916870117102 ], [ 14.1498613357543, 40.8181953430175 ], [ 14.1431951522828, 40.8181953430175 ], [ 14.1431951522828, 40.817916870117102 ], [ 14.140694618225201, 40.817916870117102 ], [ 14.140694618225201, 40.817638397216797 ], [ 14.140417098999, 40.817638397216797 ], [ 14.140417098999, 40.817359924316399 ], [ 14.138194084167401, 40.817359924316399 ], [ 14.138194084167401, 40.817638397216797 ], [ 14.1373634338379, 40.817638397216797 ], [ 14.1373634338379, 40.817916870117102 ], [ 14.137082099914499, 40.817916870117102 ], [ 14.137082099914499, 40.8181953430175 ], [ 14.1368055343629, 40.8181953430175 ], [ 14.1368055343629, 40.818473815918097 ], [ 14.1365280151368, 40.818473815918097 ], [ 14.1365280151368, 40.8187484741212 ], [ 14.135693550109901, 40.8187484741212 ], [ 14.135693550109901, 40.819026947021499 ], [ 14.1354160308838, 40.819026947021499 ], [ 14.1354160308838, 40.819305419921903 ], [ 14.134584426879901, 40.819305419921903 ], [ 14.134584426879901, 40.819583892822301 ], [ 14.1340284347534, 40.819583892822301 ], [ 14.1340284347534, 40.819862365722699 ], [ 14.133472442626999, 40.819862365722699 ], [ 14.133472442626999, 40.820137023925803 ], [ 14.1331939697266, 40.820137023925803 ], [ 14.1331939697266, 40.820209503173899 ], [ 14.1331939697266, 40.8204154968262 ], [ 14.132637977600099, 40.8204154968262 ], [ 14.132637977600099, 40.820693969726598 ], [ 14.1315279006959, 40.820693969726598 ], [ 14.1315279006959, 40.820972442627003 ], [ 14.1306943893434, 40.820972442627003 ], [ 14.1306943893434, 40.821250915527401 ], [ 14.128472328186, 40.821250915527401 ], [ 14.128472328186, 40.821033477783303 ], [ 14.127362251281699, 40.820972442627003 ], [ 14.127362251281699, 40.820693969726598 ], [ 14.1234712600709, 40.820693969726598 ], [ 14.1234712600709, 40.8204154968262 ], [ 14.1229152679444, 40.8204154968262 ], [ 14.1229152679444, 40.820137023925803 ], [ 14.1195831298829, 40.820137023925803 ], [ 14.1195831298829, 40.8204154968262 ], [ 14.1190271377565, 40.8204154968262 ], [ 14.1190271377565, 40.820693969726598 ], [ 14.118473052978599, 40.820693969726598 ], [ 14.118473052978599, 40.820972442627003 ], [ 14.117638587951699, 40.820972442627003 ], [ 14.117638587951699, 40.821250915527401 ], [ 14.1165266036988, 40.821250915527401 ], [ 14.1165266036988, 40.820972442627003 ], [ 14.114860534668001, 40.820972442627003 ], [ 14.114860534668001, 40.820693969726598 ], [ 14.1131954193116, 40.820693969726598 ], [ 14.1131954193116, 40.821529388427798 ], [ 14.113472938537701, 40.821529388427798 ], [ 14.113472938537701, 40.821804046631001 ], [ 14.113751411438001, 40.821804046631001 ], [ 14.113751411438001, 40.822082519531399 ], [ 14.1162509918213, 40.822082519531399 ], [ 14.1162509918213, 40.822360992431797 ], [ 14.1170825958253, 40.822360992431797 ], [ 14.1170825958253, 40.822639465332102 ], [ 14.1173610687256, 40.822639465332102 ], [ 14.1173610687256, 40.8229179382325 ], [ 14.1170825958253, 40.8229179382325 ], [ 14.1170825958253, 40.823471069335902 ], [ 14.1168069839478, 40.823471069335902 ], [ 14.1168069839478, 40.824028015136697 ], [ 14.1173610687256, 40.824028015136697 ], [ 14.1173610687256, 40.824306488037102 ], [ 14.117638587951699, 40.824306488037102 ], [ 14.117638587951699, 40.824028015136697 ], [ 14.118473052978599, 40.824028015136697 ], [ 14.118473052978599, 40.824306488037102 ], [ 14.118748664856099, 40.824306488037102 ], [ 14.118748664856099, 40.824859619140703 ], [ 14.118473052978599, 40.824859619140703 ], [ 14.118473052978599, 40.825138092041101 ], [ 14.1162509918213, 40.825138092041101 ], [ 14.1162509918213, 40.825695037841797 ], [ 14.1165266036988, 40.825695037841797 ], [ 14.1165266036988, 40.826526641845803 ], [ 14.1162509918213, 40.826526641845803 ], [ 14.1162509918213, 40.827640533447301 ], [ 14.115973472595201, 40.827640533447301 ], [ 14.115973472595201, 40.827915191650497 ], [ 14.115694999694799, 40.827915191650497 ], [ 14.115694999694799, 40.828193664550902 ], [ 14.115139007568301, 40.828193664550902 ], [ 14.115139007568301, 40.8284721374513 ], [ 14.114860534668001, 40.8284721374513 ], [ 14.114860534668001, 40.828750610351698 ], [ 14.114304542541401, 40.828750610351698 ], [ 14.114304542541401, 40.829029083252102 ], [ 14.113751411438001, 40.829029083252102 ], [ 14.113751411438001, 40.829303741455099 ], [ 14.112639427185099, 40.829303741455099 ], [ 14.112639427185099, 40.829582214355497 ], [ 14.112081527710099, 40.829582214355497 ], [ 14.112081527710099, 40.829860687255902 ], [ 14.1104164123535, 40.829860687255902 ], [ 14.1104164123535, 40.8301391601562 ], [ 14.109860420226999, 40.8301391601562 ], [ 14.109860420226999, 40.830417633056598 ], [ 14.109306335449199, 40.830417633056598 ], [ 14.109306335449199, 40.830696105957003 ], [ 14.108471870422299, 40.830696105957003 ], [ 14.108471870422299, 40.830970764160199 ], [ 14.1076402664185, 40.830970764160199 ], [ 14.1076402664185, 40.831249237060597 ], [ 14.1045837402344, 40.831249237060597 ], [ 14.1045837402344, 40.830970764160199 ], [ 14.102915763855, 40.830970764160199 ], [ 14.102915763855, 40.831249237060597 ], [ 14.1012496948243, 40.831249237060597 ], [ 14.1012496948243, 40.831527709961001 ], [ 14.1006937026978, 40.831527709961001 ], [ 14.1006937026978, 40.831249237060597 ], [ 14.0943050384522, 40.831249237060597 ], [ 14.0943050384522, 40.830970764160199 ], [ 14.092638969421399, 40.830970764160199 ], [ 14.092638969421399, 40.830696105957003 ], [ 14.0918054580688, 40.830696105957003 ], [ 14.0918054580688, 40.830970764160199 ], [ 14.0909729003907, 40.830970764160199 ], [ 14.0909729003907, 40.830696105957003 ], [ 14.0904169082643, 40.830696105957003 ], [ 14.0904169082643, 40.830417633056598 ], [ 14.0879173278809, 40.830417633056598 ], [ 14.0879173278809, 40.8301391601562 ], [ 14.087082862854, 40.8301391601562 ], [ 14.087082862854, 40.829860687255902 ], [ 14.086528778076101, 40.829860687255902 ], [ 14.086528778076101, 40.829582214355497 ], [ 14.0851383209228, 40.829582214355497 ], [ 14.0851383209228, 40.829303741455099 ], [ 14.084859848022401, 40.829303741455099 ], [ 14.084859848022401, 40.829029083252102 ], [ 14.0840291976929, 40.829029083252102 ], [ 14.08402633667, 40.828750610351698 ], [ 14.0831937789918, 40.828750610351698 ], [ 14.0831937789918, 40.8284721374513 ], [ 14.082360267639199, 40.8284721374513 ], [ 14.082360267639199, 40.828193664550902 ], [ 14.0818042755128, 40.828193664550902 ], [ 14.0818042755128, 40.827915191650497 ], [ 14.0815277099609, 40.827915191650497 ], [ 14.0815277099609, 40.827640533447301 ], [ 14.080971717834499, 40.827640533447301 ], [ 14.080971717834499, 40.827362060546903 ], [ 14.0806941986084, 40.827362060546903 ], [ 14.0806941986084, 40.827083587646499 ], [ 14.0801382064819, 40.827083587646499 ], [ 14.0801382064819, 40.8268051147462 ], [ 14.0798597335815, 40.8268051147462 ], [ 14.0798597335815, 40.826526641845803 ], [ 14.079584121704199, 40.826526641845803 ], [ 14.079584121704199, 40.826248168945398 ], [ 14.0790281295778, 40.826248168945398 ], [ 14.0790281295778, 40.825973510742202 ], [ 14.0788736343384, 40.825973510742202 ], [ 14.078749656677401, 40.825973510742202 ], [ 14.078749656677401, 40.825695037841797 ], [ 14.0784721374513, 40.825695037841797 ], [ 14.0784721374513, 40.825416564941399 ], [ 14.0781936645509, 40.825416564941399 ], [ 14.0781936645509, 40.824584960937401 ], [ 14.0779180526734, 40.824584960937401 ], [ 14.0779180526734, 40.824306488037102 ], [ 14.0776376724244, 40.824306488037102 ], [ 14.0776376724244, 40.823471069335902 ], [ 14.0773620605469, 40.823471069335902 ], [ 14.0773620605469, 40.8229179382325 ], [ 14.0770835876465, 40.8229179382325 ], [ 14.0770835876465, 40.822639465332102 ], [ 14.076806068420501, 40.822639465332102 ], [ 14.076806068420501, 40.822360992431797 ], [ 14.076527595520099, 40.822360992431797 ], [ 14.076527595520099, 40.822082519531399 ], [ 14.076250076294, 40.822082519531399 ], [ 14.076250076294, 40.821804046631001 ], [ 14.075971603393601, 40.821804046631001 ], [ 14.075971603393601, 40.822082519531399 ], [ 14.075415611267101, 40.822082519531399 ], [ 14.075415611267101, 40.821804046631001 ], [ 14.0745840072631, 40.821804046631001 ], [ 14.0745840072631, 40.821529388427798 ], [ 14.0743055343628, 40.821529388427798 ], [ 14.0743055343628, 40.821250915527401 ], [ 14.0737495422363, 40.821250915527401 ], [ 14.0737495422363, 40.820972442627003 ], [ 14.073472023010201, 40.820972442627003 ], [ 14.073472023010201, 40.820693969726598 ], [ 14.073193550109799, 40.820693969726598 ], [ 14.073193550109799, 40.8204154968262 ], [ 14.0729179382325, 40.8204154968262 ], [ 14.0729179382325, 40.819862365722699 ], [ 14.0726366043091, 40.819862365722699 ], [ 14.0726366043091, 40.819583892822301 ], [ 14.0725297927857, 40.819583892822301 ], [ 14.072361946106, 40.819583892822301 ], [ 14.072361946106, 40.819026947021499 ], [ 14.072084426879901, 40.819026947021499 ], [ 14.072084426879901, 40.817359924316399 ], [ 14.072361946106, 40.817359924316399 ], [ 14.072361946106, 40.817081451416001 ], [ 14.073860168456999, 40.817081451416001 ], [ 14.074028015136699, 40.817081451416001 ], [ 14.074028015136699, 40.816974639892599 ], [ 14.074028015136699, 40.816806793212997 ], [ 14.0742959976196, 40.816806793212997 ], [ 14.0748615264893, 40.816806793212997 ], [ 14.0748615264893, 40.816528320312599 ], [ 14.075971603393601, 40.816528320312599 ], [ 14.075971603393601, 40.816249847412202 ], [ 14.076527595520099, 40.816249847412202 ], [ 14.076527595520099, 40.815971374511797 ], [ 14.0770835876465, 40.815971374511797 ], [ 14.0770835876465, 40.815139770507898 ], [ 14.0773620605469, 40.815139770507898 ], [ 14.0773620605469, 40.815017700195398 ], [ 14.0773620605469, 40.8148612976075 ], [ 14.0776376724244, 40.8148612976075 ], [ 14.0776376724244, 40.814582824707102 ], [ 14.0779180526734, 40.814582824707102 ], [ 14.0779180526734, 40.814304351806697 ], [ 14.0790281295778, 40.814304351806697 ], [ 14.0790281295778, 40.8140258789063 ], [ 14.0793056488038, 40.8140258789063 ], [ 14.0793056488038, 40.813751220703097 ], [ 14.079584121704199, 40.813751220703097 ], [ 14.079584121704199, 40.813472747802699 ], [ 14.0806941986084, 40.813472747802699 ], [ 14.0806941986084, 40.813194274902301 ], [ 14.080971717834499, 40.813194274902301 ], [ 14.080971717834499, 40.812915802002003 ], [ 14.0815277099609, 40.812915802002003 ], [ 14.0815277099609, 40.812637329101598 ], [ 14.0818042755128, 40.812637329101598 ], [ 14.0818042755128, 40.812362670898601 ], [ 14.0826377868653, 40.812362670898601 ], [ 14.0826377868653, 40.811805725097599 ], [ 14.082360267639199, 40.811805725097599 ], [ 14.082360267639199, 40.811527252197202 ], [ 14.082083702087401, 40.811527252197202 ], [ 14.082083702087401, 40.810695648193402 ], [ 14.0818042755128, 40.810695648193402 ], [ 14.0818042755128, 40.809028625488303 ], [ 14.082083702087401, 40.809028625488303 ], [ 14.082083702087401, 40.808471679687599 ], [ 14.082360267639199, 40.808471679687599 ], [ 14.082360267639199, 40.808193206787202 ], [ 14.0826377868653, 40.808193206787202 ], [ 14.0826377868653, 40.807918548583999 ], [ 14.0827283859253, 40.807918548583999 ], [ 14.0829162597657, 40.807914733886797 ], [ 14.0829162597657, 40.807640075683601 ], [ 14.08402633667, 40.807640075683601 ], [ 14.0840291976929, 40.807361602783203 ], [ 14.084306716919, 40.807361602783203 ], [ 14.084306716919, 40.807083129882798 ], [ 14.0840291976929, 40.807083129882798 ], [ 14.08402633667, 40.806804656982401 ], [ 14.0827131271362, 40.806804656982401 ], [ 14.0826377868653, 40.806804656982401 ], [ 14.0826377868653, 40.807083129882798 ], [ 14.0822095870972, 40.807083129882798 ], [ 14.082083702087401, 40.807083129882798 ], [ 14.082083702087401, 40.807361602783203 ], [ 14.0818042755128, 40.807361602783203 ], [ 14.0818042755128, 40.807083129882798 ], [ 14.0815277099609, 40.807083129882798 ], [ 14.0815277099609, 40.806526184082003 ], [ 14.0818042755128, 40.806526184082003 ], [ 14.0818042755128, 40.806251525878999 ], [ 14.082083702087401, 40.806251525878999 ], [ 14.082083702087401, 40.805973052978601 ], [ 14.082360267639199, 40.805973052978601 ], [ 14.082360267639199, 40.804862976074297 ], [ 14.0826377868653, 40.804862976074297 ], [ 14.0826377868653, 40.804584503173899 ], [ 14.0827980041504, 40.804584503173899 ], [ 14.0829162597657, 40.804584503173899 ], [ 14.0829162597657, 40.804084777832102 ], [ 14.0829162597657, 40.803195953369098 ], [ 14.082360267639199, 40.803195953369098 ], [ 14.082360267639199, 40.802639007568402 ], [ 14.082216262817401, 40.802639007568402 ], [ 14.082083702087401, 40.802639007568402 ], [ 14.082083702087401, 40.802360534667997 ], [ 14.082218170166099, 40.802360534667997 ], [ 14.082360267639199, 40.802360534667997 ], [ 14.082360267639199, 40.802082061767599 ], [ 14.082221031189, 40.802082061767599 ], [ 14.082083702087401, 40.802082061767599 ], [ 14.082083702087401, 40.801528930664098 ], [ 14.0818042755128, 40.801528930664098 ], [ 14.0818042755128, 40.800693511962898 ], [ 14.082083702087401, 40.800693511962898 ], [ 14.082083702087401, 40.799861907959098 ], [ 14.0826377868653, 40.799861907959098 ], [ 14.0826377868653, 40.799304962158303 ], [ 14.083472251892101, 40.799304962158303 ], [ 14.083472251892101, 40.799026489257798 ], [ 14.0841083526612, 40.799026489257798 ], [ 14.0851383209228, 40.799026489257798 ], [ 14.0851383209228, 40.798751831054702 ], [ 14.0854167938232, 40.798751831054702 ], [ 14.0854167938232, 40.798194885253999 ], [ 14.0856952667237, 40.798194885253999 ], [ 14.0856952667237, 40.797084808349602 ], [ 14.0859727859497, 40.797084808349602 ], [ 14.0859727859497, 40.796836853027401 ], [ 14.0859727859497, 40.796249389648501 ], [ 14.08625125885, 40.796249389648501 ], [ 14.08625125885, 40.795970916748097 ], [ 14.086528778076101, 40.795970916748097 ], [ 14.086528778076101, 40.795696258544901 ], [ 14.086805343627899, 40.795696258544901 ], [ 14.086805343627899, 40.795417785644503 ], [ 14.087082862854, 40.795417785644503 ], [ 14.087082862854, 40.795139312744098 ], [ 14.087638854980501, 40.795139312744098 ], [ 14.087638854980501, 40.79402923584 ], [ 14.0873613357544, 40.79402923584 ], [ 14.0873613357544, 40.793472290039198 ], [ 14.087638854980501, 40.793472290039198 ], [ 14.087638854980501, 40.7931938171388 ], [ 14.0879173278809, 40.7931938171388 ], [ 14.0879173278809, 40.792915344238402 ], [ 14.0887508392335, 40.792915344238402 ], [ 14.0887508392335, 40.792640686035199 ], [ 14.0893049240113, 40.792640686035199 ], [ 14.0893049240113, 40.792362213134801 ], [ 14.089583396911699, 40.792362213134801 ], [ 14.089583396911699, 40.792083740234403 ], [ 14.0898609161378, 40.792083740234403 ], [ 14.0898609161378, 40.791805267333999 ], [ 14.0901393890382, 40.791805267333999 ], [ 14.0901393890382, 40.791248321533303 ], [ 14.0904169082643, 40.791248321533303 ], [ 14.0904169082643, 40.790973663330099 ], [ 14.0906953811647, 40.790973663330099 ], [ 14.0906953811647, 40.790138244628999 ], [ 14.0901393890382, 40.790138244628999 ], [ 14.0901393890382, 40.790416717529297 ], [ 14.089583396911699, 40.790416717529297 ], [ 14.089583396911699, 40.790695190429702 ], [ 14.0893049240113, 40.790695190429702 ], [ 14.0893049240113, 40.790973663330099 ], [ 14.0887508392335, 40.790973663330099 ], [ 14.0887508392335, 40.7915267944337 ], [ 14.0879173278809, 40.7915267944337 ], [ 14.0879173278809, 40.791805267333999 ], [ 14.0873613357544, 40.791805267333999 ], [ 14.0873613357544, 40.792083740234403 ], [ 14.086528778076101, 40.792083740234403 ], [ 14.086528778076101, 40.792640686035199 ], [ 14.08625125885, 40.792640686035199 ], [ 14.08625125885, 40.792915344238402 ], [ 14.0859727859497, 40.792915344238402 ], [ 14.0859727859497, 40.7931938171388 ], [ 14.085757255554199, 40.7931938171388 ], [ 14.085485458374, 40.7931938171388 ], [ 14.084859848022401, 40.7931938171388 ], [ 14.084859848022401, 40.792915344238402 ], [ 14.083749771118301, 40.792915344238402 ], [ 14.083749771118301, 40.792640686035199 ], [ 14.0831937789918, 40.792640686035199 ], [ 14.0831937789918, 40.792362213134801 ], [ 14.082360267639199, 40.792362213134801 ], [ 14.082360267639199, 40.792083740234403 ], [ 14.082083702087401, 40.792083740234403 ], [ 14.082083702087401, 40.791805267333999 ], [ 14.0818042755128, 40.791805267333999 ], [ 14.0818042755128, 40.7915267944337 ], [ 14.0806941986084, 40.7915267944337 ], [ 14.0806941986084, 40.791805267333999 ], [ 14.0790281295778, 40.791805267333999 ], [ 14.0790281295778, 40.7915267944337 ], [ 14.078749656677401, 40.7915267944337 ], [ 14.078749656677401, 40.791248321533303 ], [ 14.0784721374513, 40.791248321533303 ], [ 14.0784721374513, 40.790416717529297 ], [ 14.078749656677401, 40.790416717529297 ], [ 14.078749656677401, 40.790138244628999 ], [ 14.0790281295778, 40.790138244628999 ], [ 14.0790281295778, 40.789859771728601 ], [ 14.0793056488038, 40.789859771728601 ], [ 14.0793056488038, 40.789585113525298 ], [ 14.079584121704199, 40.789585113525298 ], [ 14.079584121704199, 40.789306640624901 ], [ 14.0798597335815, 40.789306640624901 ], [ 14.0798597335815, 40.789028167724602 ], [ 14.080415725708001, 40.789028167724602 ], [ 14.080415725708001, 40.788749694824197 ], [ 14.081250190734901, 40.788749694824197 ], [ 14.081250190734901, 40.7884712219238 ], [ 14.082360267639199, 40.7884712219238 ], [ 14.082360267639199, 40.788749694824197 ], [ 14.0826377868653, 40.788749694824197 ], [ 14.0826377868653, 40.789585113525298 ], [ 14.0831937789918, 40.789585113525298 ], [ 14.0831937789918, 40.789859771728601 ], [ 14.083749771118301, 40.789859771728601 ], [ 14.083749771118301, 40.789585113525298 ], [ 14.08402633667, 40.789585113525298 ], [ 14.0840291976929, 40.789306640624901 ], [ 14.084306716919, 40.789306640624901 ], [ 14.084306716919, 40.788749694824197 ], [ 14.0845823287963, 40.788749694824197 ], [ 14.0845823287963, 40.788192749023402 ], [ 14.084859848022401, 40.788192749023402 ], [ 14.084859848022401, 40.787918090820398 ], [ 14.0851383209228, 40.787918090820398 ], [ 14.0851383209228, 40.78763961792 ], [ 14.0854167938232, 40.78763961792 ], [ 14.0854167938232, 40.787361145019602 ], [ 14.086861610412599, 40.787361145019602 ], [ 14.088926315307599, 40.787361145019602 ], [ 14.089027404785201, 40.787361145019602 ], [ 14.089027404785201, 40.786251068115298 ], [ 14.0893049240113, 40.786251068115298 ], [ 14.0893049240113, 40.785972595214901 ], [ 14.089583396911699, 40.785972595214901 ], [ 14.089583396911699, 40.785694122314503 ], [ 14.0898609161378, 40.785694122314503 ], [ 14.0898609161378, 40.7851371765137 ], [ 14.0901393890382, 40.7851371765137 ], [ 14.0901393890382, 40.784305572509801 ], [ 14.0904169082643, 40.784305572509801 ], [ 14.0904169082643, 40.783473968506001 ], [ 14.0906953811647, 40.783473968506001 ], [ 14.0906953811647, 40.782638549804702 ], [ 14.0904169082643, 40.782638549804702 ], [ 14.0904169082643, 40.781528472900497 ], [ 14.0906953811647, 40.781528472900497 ], [ 14.0906953811647, 40.780971527099702 ], [ 14.0909729003907, 40.780971527099702 ], [ 14.0909729003907, 40.780693054199297 ], [ 14.0906953811647, 40.780693054199297 ], [ 14.0906953811647, 40.780418395996101 ], [ 14.0909729003907, 40.780418395996101 ], [ 14.0909729003907, 40.779739379882898 ], [ 14.0909729003907, 40.777637481689503 ], [ 14.0906953811647, 40.777637481689503 ], [ 14.0906953811647, 40.777362823486399 ], [ 14.0904169082643, 40.777362823486399 ], [ 14.0904169082643, 40.777084350586101 ], [ 14.089027404785201, 40.777084350586101 ], [ 14.089027404785201, 40.777362823486399 ], [ 14.0887508392335, 40.777362823486399 ], [ 14.0887508392335, 40.777915954589801 ], [ 14.088473320007299, 40.777915954589801 ], [ 14.088473320007299, 40.778194427490199 ], [ 14.0873613357544, 40.778194427490199 ], [ 14.0873613357544, 40.778472900390597 ], [ 14.086805343627899, 40.778472900390597 ], [ 14.086805343627899, 40.778751373291001 ], [ 14.08625125885, 40.778751373291001 ], [ 14.08625125885, 40.779026031494197 ], [ 14.0859727859497, 40.779026031494197 ], [ 14.0859727859497, 40.779304504394602 ], [ 14.08625125885, 40.779304504394602 ], [ 14.08625125885, 40.779594421386697 ], [ 14.08625125885, 40.780139923095803 ], [ 14.0859727859497, 40.780139923095803 ], [ 14.0859727859497, 40.780418395996101 ], [ 14.0856952667237, 40.780418395996101 ], [ 14.0856952667237, 40.780693054199297 ], [ 14.0854167938232, 40.780693054199297 ], [ 14.0854167938232, 40.780971527099702 ], [ 14.0851383209228, 40.780971527099702 ], [ 14.0851383209228, 40.78125 ], [ 14.0845823287963, 40.78125 ], [ 14.0845823287963, 40.781528472900497 ], [ 14.0840291976929, 40.781528472900497 ], [ 14.0840291976929, 40.781806945800902 ], [ 14.0829162597657, 40.781806945800902 ], [ 14.0829162597657, 40.782081604003899 ], [ 14.0826377868653, 40.782081604003899 ], [ 14.0826377868653, 40.782638549804702 ], [ 14.0829162597657, 40.782638549804702 ], [ 14.0829162597657, 40.782917022705 ], [ 14.0831937789918, 40.782917022705 ], [ 14.0831937789918, 40.784584045410199 ], [ 14.083472251892101, 40.784584045410199 ], [ 14.083472251892101, 40.784862518310497 ], [ 14.083749771118301, 40.784862518310497 ], [ 14.083749771118301, 40.7851371765137 ], [ 14.083472251892101, 40.7851371765137 ], [ 14.083472251892101, 40.785415649414098 ], [ 14.0831937789918, 40.785415649414098 ], [ 14.0831937789918, 40.785694122314503 ], [ 14.0826377868653, 40.785694122314503 ], [ 14.0826377868653, 40.785972595214901 ], [ 14.0818042755128, 40.785972595214901 ], [ 14.0818042755128, 40.786251068115298 ], [ 14.080415725708001, 40.786251068115298 ], [ 14.080415725708001, 40.786529541015703 ], [ 14.079584121704199, 40.786529541015703 ], [ 14.079584121704199, 40.786804199218899 ], [ 14.0793056488038, 40.786804199218899 ], [ 14.0793056488038, 40.787082672119297 ], [ 14.0776376724244, 40.787082672119297 ], [ 14.0776376724244, 40.787361145019602 ], [ 14.076527595520099, 40.787361145019602 ], [ 14.076527595520099, 40.78763961792 ], [ 14.076250076294, 40.78763961792 ], [ 14.076250076294, 40.787918090820398 ], [ 14.075971603393601, 40.787918090820398 ], [ 14.075971603393601, 40.788192749023402 ], [ 14.071805953979499, 40.788192749023402 ], [ 14.071805953979499, 40.7884712219238 ], [ 14.064998626709, 40.7884712219238 ], [ 14.0637512207031, 40.7884712219238 ], [ 14.0637512207031, 40.788192749023402 ], [ 14.062639236450099, 40.788192749023402 ], [ 14.062639236450099, 40.787918090820398 ], [ 14.061804771423301, 40.787918090820398 ], [ 14.061804771423301, 40.78763961792 ], [ 14.0612506866456, 40.78763961792 ], [ 14.0612506866456, 40.787361145019602 ], [ 14.0598611831666, 40.787361145019602 ], [ 14.0598611831666, 40.78763961792 ], [ 14.0595827102662, 40.78763961792 ], [ 14.0595827102662, 40.787918090820398 ], [ 14.059028625488301, 40.787918090820398 ], [ 14.059028625488301, 40.78763961792 ], [ 14.0584726333618, 40.78763961792 ], [ 14.0584726333618, 40.787918090820398 ], [ 14.0581951141357, 40.787918090820398 ], [ 14.0581951141357, 40.78763961792 ], [ 14.057638168335, 40.78763961792 ], [ 14.057638168335, 40.787918090820398 ], [ 14.0570821762085, 40.787918090820398 ], [ 14.0570821762085, 40.788192749023402 ], [ 14.056529045105099, 40.788192749023402 ], [ 14.056529045105099, 40.7884712219238 ], [ 14.054860115051399, 40.7884712219238 ], [ 14.054860115051399, 40.788749694824197 ], [ 14.052915573120201, 40.788749694824197 ], [ 14.052915573120201, 40.789028167724602 ], [ 14.049584388733001, 40.789028167724602 ], [ 14.049584388733001, 40.789306640624901 ], [ 14.0476398468018, 40.789306640624901 ], [ 14.0476398468018, 40.789585113525298 ], [ 14.046806335449199, 40.789585113525298 ], [ 14.046806335449199, 40.789859771728601 ], [ 14.0465278625488, 40.789859771728601 ], [ 14.0465278625488, 40.790138244628999 ], [ 14.0462503433228, 40.790138244628999 ], [ 14.0462503433228, 40.790416717529297 ], [ 14.045971870422401, 40.790416717529297 ], [ 14.045971870422401, 40.790695190429702 ], [ 14.045693397521999, 40.790695190429702 ], [ 14.045693397521999, 40.790973663330099 ], [ 14.045140266418599, 40.790973663330099 ], [ 14.045140266418599, 40.791248321533303 ], [ 14.044861793518001, 40.791248321533303 ], [ 14.044861793518001, 40.7915267944337 ], [ 14.044584274292101, 40.7915267944337 ], [ 14.044584274292101, 40.791610717773402 ], [ 14.044584274292101, 40.791805267333999 ], [ 14.0443048477172, 40.791805267333999 ], [ 14.0443048477172, 40.792083740234403 ], [ 14.043748855590801, 40.792083740234403 ], [ 14.043748855590801, 40.792362213134801 ], [ 14.043471336364901, 40.792362213134801 ], [ 14.043471336364901, 40.7931938171388 ], [ 14.043195724487401, 40.7931938171388 ], [ 14.043195724487401, 40.795139312744098 ], [ 14.0429153442384, 40.795139312744098 ], [ 14.0429153442384, 40.795303344726598 ], [ 14.0429153442384, 40.795970916748097 ], [ 14.0426387786866, 40.795970916748097 ], [ 14.0426387786866, 40.796249389648501 ], [ 14.0429153442384, 40.796249389648501 ], [ 14.0429153442384, 40.796527862548899 ], [ 14.0426387786866, 40.796527862548899 ], [ 14.0426387786866, 40.796806335449197 ], [ 14.042082786560099, 40.796806335449197 ], [ 14.042082786560099, 40.797084808349602 ], [ 14.041805267334, 40.797084808349602 ], [ 14.041805267334, 40.797359466552798 ], [ 14.0404167175293, 40.797359466552798 ], [ 14.0404167175293, 40.797637939453203 ], [ 14.0395832061768, 40.797637939453203 ], [ 14.0395832061768, 40.798473358154403 ], [ 14.039304733276399, 40.798473358154403 ], [ 14.039304733276399, 40.798751831054702 ], [ 14.0395832061768, 40.798751831054702 ], [ 14.0395832061768, 40.799304962158303 ], [ 14.0401391983032, 40.799304962158303 ], [ 14.0401391983032, 40.799861907959098 ], [ 14.0404167175293, 40.799861907959098 ], [ 14.0404167175293, 40.800140380859503 ], [ 14.0406951904297, 40.800140380859503 ], [ 14.0406951904297, 40.8004150390625 ], [ 14.0409708023072, 40.8004150390625 ], [ 14.040972709655801, 40.800693511962898 ], [ 14.0415267944337, 40.800693511962898 ], [ 14.0415267944337, 40.800971984863303 ], [ 14.041805267334, 40.800971984863303 ], [ 14.041805267334, 40.8012504577637 ], [ 14.042082786560099, 40.8012504577637 ], [ 14.042082786560099, 40.8029174804688 ], [ 14.042361259460501, 40.8029174804688 ], [ 14.042361259460501, 40.803470611572401 ], [ 14.042082786560099, 40.803470611572401 ], [ 14.042082786560099, 40.804027557373203 ], [ 14.041805267334, 40.804027557373203 ], [ 14.041805267334, 40.804584503173899 ], [ 14.041249275207599, 40.804584503173899 ], [ 14.041249275207599, 40.804862976074297 ], [ 14.0406951904297, 40.804862976074297 ], [ 14.0406951904297, 40.805137634277301 ], [ 14.0404167175293, 40.805137634277301 ], [ 14.0404167175293, 40.805416107177699 ], [ 14.0401391983032, 40.805416107177699 ], [ 14.0401391983032, 40.806804656982401 ], [ 14.0404167175293, 40.806804656982401 ], [ 14.0404167175293, 40.807083129882798 ], [ 14.041344642639199, 40.807083129882798 ], [ 14.042082786560099, 40.807083129882798 ], [ 14.042082786560099, 40.807361602783203 ], [ 14.0426387786866, 40.807361602783203 ], [ 14.0426387786866, 40.807640075683601 ], [ 14.0429153442384, 40.807640075683601 ], [ 14.0429153442384, 40.807914733886797 ], [ 14.043195724487401, 40.807918548583999 ], [ 14.043195724487401, 40.808471679687599 ], [ 14.0429153442384, 40.808471679687599 ], [ 14.0429153442384, 40.808750152587898 ], [ 14.043748855590801, 40.808750152587898 ], [ 14.043748855590801, 40.809028625488303 ], [ 14.0440273284912, 40.809028625488303 ], [ 14.0440273284912, 40.8093070983887 ], [ 14.0443048477172, 40.8093070983887 ], [ 14.0443048477172, 40.809581756591903 ], [ 14.044584274292101, 40.809581756591903 ], [ 14.044584274292101, 40.810695648193402 ], [ 14.0443048477172, 40.810695648193402 ], [ 14.0443048477172, 40.8109741210938 ], [ 14.043471336364901, 40.8109741210938 ], [ 14.043471336364901, 40.811374664306598 ], [ 14.043471336364901, 40.811805725097599 ], [ 14.043195724487401, 40.811805725097599 ], [ 14.043195724487401, 40.812648773193501 ], [ 14.043195724487401, 40.813194274902301 ], [ 14.043748855590801, 40.813194274902301 ], [ 14.043748855590801, 40.813472747802699 ], [ 14.0445127487184, 40.813472747802699 ], [ 14.045140266418599, 40.813472747802699 ], [ 14.045140266418599, 40.813751220703097 ], [ 14.045417785644499, 40.813751220703097 ], [ 14.045417785644499, 40.8140258789063 ], [ 14.045693397521999, 40.8140258789063 ], [ 14.045693397521999, 40.814304351806697 ], [ 14.045971870422401, 40.814304351806697 ], [ 14.045971870422401, 40.814582824707102 ], [ 14.0462503433228, 40.814582824707102 ], [ 14.0462503433228, 40.8148612976075 ], [ 14.0465278625488, 40.8148612976075 ], [ 14.0465278625488, 40.815139770507898 ], [ 14.046806335449199, 40.815139770507898 ], [ 14.046806335449199, 40.817638397216797 ], [ 14.0465278625488, 40.817638397216797 ], [ 14.0465278625488, 40.817916870117102 ], [ 14.0462503433228, 40.817916870117102 ], [ 14.0462503433228, 40.819583892822301 ], [ 14.046806335449199, 40.819583892822301 ], [ 14.046806335449199, 40.819862365722699 ], [ 14.0470838546753, 40.819862365722699 ], [ 14.0470838546753, 40.8204154968262 ], [ 14.0473623275757, 40.8204154968262 ], [ 14.0473623275757, 40.8237495422363 ], [ 14.0476398468018, 40.8237495422363 ], [ 14.0476398468018, 40.825973510742202 ], [ 14.047916412353599, 40.825973510742202 ], [ 14.047916412353599, 40.827362060546903 ], [ 14.048195838928301, 40.827362060546903 ], [ 14.048195838928301, 40.827915191650497 ], [ 14.047916412353599, 40.827915191650497 ], [ 14.047916412353599, 40.8284721374513 ], [ 14.0476398468018, 40.8284721374513 ], [ 14.0476398468018, 40.829582214355497 ], [ 14.048195838928301, 40.829582214355497 ], [ 14.048195838928301, 40.829696655273601 ], [ 14.048195838928301, 40.831249237060597 ], [ 14.04847240448, 40.831249237060597 ], [ 14.04847240448, 40.832637786865298 ], [ 14.048195838928301, 40.832637786865298 ], [ 14.048195838928301, 40.8381958007812 ], [ 14.04847240448, 40.8381958007812 ], [ 14.04847240448, 40.840137481689403 ], [ 14.048195838928301, 40.840137481689403 ], [ 14.048195838928301, 40.843193054199297 ], [ 14.047916412353599, 40.843193054199297 ], [ 14.047916412353599, 40.846153259277301 ], [ 14.047916412353599, 40.848194122314503 ], [ 14.0476398468018, 40.848194122314503 ], [ 14.0476398468018, 40.851528167724702 ], [ 14.0473623275757, 40.851528167724702 ], [ 14.0473623275757, 40.853473663330199 ], [ 14.0470838546753, 40.853473663330199 ], [ 14.0470838546753, 40.853748321533303 ], [ 14.0473623275757, 40.853748321533303 ], [ 14.0473623275757, 40.8556938171387 ], [ 14.0470838546753, 40.8556938171387 ], [ 14.0470838546753, 40.855972290039098 ], [ 14.046806335449199, 40.855972290039098 ], [ 14.046806335449199, 40.856529235839901 ], [ 14.0470838546753, 40.856529235839901 ], [ 14.0470838546753, 40.857757568359503 ], [ 14.047060966491699, 40.857917785644602 ], [ 14.046806335449199, 40.857917785644602 ], [ 14.046806335449199, 40.858196258545 ], [ 14.0465278625488, 40.858196258545 ], [ 14.0465278625488, 40.858749389648402 ], [ 14.0462503433228, 40.858749389648402 ], [ 14.0462503433228, 40.859584808349602 ], [ 14.045971870422401, 40.859584808349602 ], [ 14.045971870422401, 40.860137939453203 ], [ 14.045693397521999, 40.860137939453203 ], [ 14.045693397521999, 40.861526489257898 ], [ 14.045417785644499, 40.861526489257898 ], [ 14.045417785644499, 40.8620834350587 ], [ 14.045140266418599, 40.8620834350587 ], [ 14.045140266418599, 40.8637504577638 ], [ 14.044861793518001, 40.8637504577638 ], [ 14.044861793518001, 40.864028930664198 ], [ 14.045140266418599, 40.864028930664198 ], [ 14.045140266418599, 40.865695953369098 ], [ 14.044861793518001, 40.865695953369098 ], [ 14.044861793518001, 40.867362976074197 ], [ 14.044584274292101, 40.867362976074197 ], [ 14.044584274292101, 40.868473052978601 ], [ 14.0443048477172, 40.868473052978601 ], [ 14.0443048477172, 40.869026184082003 ], [ 14.044584274292101, 40.869026184082003 ], [ 14.044584274292101, 40.8693046569825 ], [ 14.0443048477172, 40.8693046569825 ], [ 14.0443048477172, 40.869583129882898 ], [ 14.0440273284912, 40.869583129882898 ], [ 14.0440273284912, 40.869861602783303 ], [ 14.043748855590801, 40.869861602783303 ], [ 14.043748855590801, 40.8701400756837 ], [ 14.043471336364901, 40.8701400756837 ], [ 14.043471336364901, 40.870418548584098 ], [ 14.043195724487401, 40.870418548584098 ], [ 14.043195724487401, 40.870693206787102 ], [ 14.0429153442384, 40.870693206787102 ], [ 14.0429153442384, 40.872638702392599 ], [ 14.0426387786866, 40.872638702392599 ], [ 14.0426387786866, 40.873195648193402 ], [ 14.042361259460501, 40.873195648193402 ], [ 14.042361259460501, 40.874305725097699 ], [ 14.042082786560099, 40.874305725097699 ], [ 14.042082786560099, 40.874862670898501 ], [ 14.041805267334, 40.874862670898501 ], [ 14.041805267334, 40.876251220703203 ], [ 14.0415267944337, 40.876251220703203 ], [ 14.0415267944337, 40.877082824707003 ], [ 14.041249275207599, 40.877082824707003 ], [ 14.041249275207599, 40.878749847412202 ], [ 14.040972709655801, 40.878749847412202 ], [ 14.0409708023072, 40.879028320312599 ], [ 14.0406951904297, 40.879028320312599 ], [ 14.0406951904297, 40.879306793212898 ], [ 14.0404167175293, 40.879306793212898 ], [ 14.0404167175293, 40.879581451416101 ], [ 14.0401391983032, 40.879585266113303 ], [ 14.0401391983032, 40.880695343017599 ], [ 14.0398607254028, 40.880695343017599 ], [ 14.0398607254028, 40.881526947021399 ], [ 14.0395832061768, 40.881526947021399 ], [ 14.0395832061768, 40.882083892822401 ], [ 14.039304733276399, 40.882083892822401 ], [ 14.039304733276399, 40.883193969726598 ], [ 14.039029121399, 40.883193969726598 ], [ 14.039029121399, 40.884029388427699 ], [ 14.038748741149901, 40.884029388427699 ], [ 14.038748741149901, 40.884860992431697 ], [ 14.038473129272599, 40.884860992431697 ], [ 14.038473129272599, 40.886249542236399 ], [ 14.0381946563722, 40.886249542236399 ], [ 14.0381946563722, 40.886528015136797 ], [ 14.0376386642457, 40.886528015136797 ], [ 14.0376386642457, 40.886806488037202 ], [ 14.037361145019601, 40.886806488037202 ], [ 14.037361145019601, 40.8879165649413 ], [ 14.0370826721193, 40.8879165649413 ], [ 14.0370826721193, 40.889026641845703 ], [ 14.037361145019601, 40.889026641845703 ], [ 14.037361145019601, 40.889583587646499 ], [ 14.0370826721193, 40.889583587646499 ], [ 14.0370826721193, 40.890140533447301 ], [ 14.0368051528932, 40.890140533447301 ], [ 14.0368051528932, 40.891250610351598 ], [ 14.0365266799928, 40.891250610351598 ], [ 14.0365266799928, 40.891529083252003 ], [ 14.0362510681153, 40.891529083252003 ], [ 14.0362510681153, 40.891803741455199 ], [ 14.035972595214901, 40.891803741455199 ], [ 14.035972595214901, 40.892082214355597 ], [ 14.0356950759888, 40.892082214355597 ], [ 14.0356950759888, 40.892639160156399 ], [ 14.0354166030884, 40.892639160156399 ], [ 14.0354166030884, 40.893196105957102 ], [ 14.035139083862299, 40.893196105957102 ], [ 14.035139083862299, 40.894027709960902 ], [ 14.034860610961999, 40.894027709960902 ], [ 14.034860610961999, 40.8943061828613 ], [ 14.034583091735801, 40.8943061828613 ], [ 14.034583091735801, 40.894584655761697 ], [ 14.034304618835399, 40.894584655761697 ], [ 14.034304618835399, 40.896251678466797 ], [ 14.034029006958001, 40.896251678466797 ], [ 14.034029006958001, 40.89652633667 ], [ 14.033748626709, 40.89652633667 ], [ 14.033748626709, 40.897361755371101 ], [ 14.0334730148315, 40.897361755371101 ], [ 14.0334730148315, 40.898193359375099 ], [ 14.033194541931101, 40.898193359375099 ], [ 14.033194541931101, 40.898471832275497 ], [ 14.032917022705, 40.898471832275497 ], [ 14.032917022705, 40.898750305175902 ], [ 14.0326385498046, 40.898750305175902 ], [ 14.0326385498046, 40.899307250976698 ], [ 14.0323610305787, 40.899307250976698 ], [ 14.0323610305787, 40.8996772766113 ], [ 14.0323610305787, 40.900970458984403 ], [ 14.032081604003899, 40.900970458984403 ], [ 14.032081604003899, 40.901248931884801 ], [ 14.031806945800801, 40.901248931884801 ], [ 14.031806945800801, 40.901527404785199 ], [ 14.0312509536744, 40.901527404785199 ], [ 14.0312509536744, 40.902084350585902 ], [ 14.031525611877401, 40.902084350585902 ], [ 14.031525611877401, 40.9023628234863 ], [ 14.0312509536744, 40.9023628234863 ], [ 14.0312509536744, 40.902637481689602 ], [ 14.030973434448301, 40.902637481689602 ], [ 14.030973434448301, 40.902915954589901 ], [ 14.030694007873601, 40.902915954589901 ], [ 14.030694007873601, 40.903194427490298 ], [ 14.030415534973301, 40.903194427490298 ], [ 14.030415534973301, 40.903751373291101 ], [ 14.030138015747101, 40.903751373291101 ], [ 14.030138015747101, 40.904026031494098 ], [ 14.029859542846699, 40.904026031494098 ], [ 14.029859542846699, 40.904861450195398 ], [ 14.0295820236207, 40.904861450195398 ], [ 14.0295820236207, 40.905139923095803 ], [ 14.0293073654175, 40.905139923095803 ], [ 14.0293073654175, 40.9054183959962 ], [ 14.0290279388428, 40.9054183959962 ], [ 14.0290279388428, 40.905971527099602 ], [ 14.028750419616699, 40.905971527099602 ], [ 14.028750419616699, 40.908195495605497 ], [ 14.0284719467163, 40.908195495605497 ], [ 14.0284719467163, 40.908473968505902 ], [ 14.028194427490201, 40.908473968505902 ], [ 14.028194427490201, 40.909027099609503 ], [ 14.027915954589799, 40.909027099609503 ], [ 14.027915954589799, 40.909305572509801 ], [ 14.0276403427125, 40.909305572509801 ], [ 14.0276384353638, 40.909862518310597 ], [ 14.0273599624634, 40.909862518310597 ], [ 14.0273599624634, 40.910972595215 ], [ 14.027084350586099, 40.910972595215 ], [ 14.027084350586099, 40.911529541015703 ], [ 14.0268058776857, 40.911529541015703 ], [ 14.0268058776857, 40.9118041992188 ], [ 14.026528358459601, 40.9118041992188 ], [ 14.026528358459601, 40.912361145019503 ], [ 14.026249885559199, 40.912361145019503 ], [ 14.026249885559199, 40.912639617919901 ], [ 14.0259723663331, 40.912639617919901 ], [ 14.0259723663331, 40.913192749023501 ], [ 14.025693893432701, 40.913192749023501 ], [ 14.025693893432701, 40.913471221923899 ], [ 14.025416374206699, 40.913471221923899 ], [ 14.025416374206699, 40.913749694824297 ], [ 14.0251379013063, 40.913749694824297 ], [ 14.0251379013063, 40.914306640625 ], [ 14.025416374206699, 40.914306640625 ], [ 14.025409698486399, 40.9154052734375 ], [ 14.0245838165284, 40.915416717529403 ], [ 14.024581909179799, 40.915695190429702 ], [ 14.0240278244019, 40.915695190429702 ], [ 14.0240278244019, 40.916248321533203 ], [ 14.023750305175801, 40.916248321533203 ], [ 14.023750305175801, 40.917083740234503 ], [ 14.0234718322754, 40.917083740234503 ], [ 14.0234718322754, 40.917362213134901 ], [ 14.0231943130493, 40.917362213134901 ], [ 14.0231943130493, 40.917640686035298 ], [ 14.022915840149, 40.917640686035298 ], [ 14.022915840149, 40.917915344238303 ], [ 14.0226402282715, 40.917915344238303 ], [ 14.0226402282715, 40.918472290039098 ], [ 14.0223598480225, 40.918472290039098 ], [ 14.0223598480225, 40.919029235839801 ], [ 14.022084236145, 40.919029235839801 ], [ 14.022084236145, 40.9198608398438 ], [ 14.0218057632446, 40.9198608398438 ], [ 14.0218057632446, 40.920417785644602 ], [ 14.0212497711181, 40.920417785644602 ], [ 14.0212497711181, 40.920970916748203 ], [ 14.020972251891999, 40.920970916748203 ], [ 14.020972251891999, 40.922084808349702 ], [ 14.0206937789916, 40.922084808349702 ], [ 14.0206937789916, 40.922637939453097 ], [ 14.0204162597657, 40.922637939453097 ], [ 14.0204162597657, 40.922916412353501 ], [ 14.020139694214, 40.922916412353501 ], [ 14.020139694214, 40.923473358154403 ], [ 14.0195837020875, 40.923473358154403 ], [ 14.0195837020875, 40.923751831054801 ], [ 14.019027709961, 40.923751831054801 ], [ 14.019027709961, 40.924026489257798 ], [ 14.018750190734901, 40.924026489257798 ], [ 14.018750190734901, 40.924861907958999 ], [ 14.0184736251831, 40.924861907958999 ], [ 14.0184736251831, 40.925971984863303 ], [ 14.0181932449341, 40.925971984863303 ], [ 14.0181932449341, 40.926807403564503 ], [ 14.0179176330566, 40.926807403564503 ], [ 14.0179176330566, 40.927082061767699 ], [ 14.0176401138306, 40.927082061767699 ], [ 14.0176401138306, 40.927360534668097 ], [ 14.0170841217041, 40.927360534668097 ], [ 14.0170841217041, 40.927639007568501 ], [ 14.0168046951294, 40.927639007568501 ], [ 14.0168046951294, 40.928195953369197 ], [ 14.016527175903301, 40.928195953369197 ], [ 14.016527175903301, 40.928470611572301 ], [ 14.016248703002899, 40.928470611572301 ], [ 14.016248703002899, 40.928749084472699 ], [ 14.0159711837769, 40.928749084472699 ], [ 14.0159711837769, 40.929306030273402 ], [ 14.015695571899499, 40.929306030273402 ], [ 14.015695571899499, 40.929862976074297 ], [ 14.015417098999, 40.929862976074297 ], [ 14.015417098999, 40.930973052978501 ], [ 14.015138626098601, 40.930973052978501 ], [ 14.015138626098601, 40.931526184082102 ], [ 14.014861106872701, 40.931526184082102 ], [ 14.014861106872701, 40.9318046569825 ], [ 14.0145826339721, 40.9318046569825 ], [ 14.0145826339721, 40.932361602783303 ], [ 14.0143051147462, 40.932361602783303 ], [ 14.0143051147462, 40.932640075683601 ], [ 14.014026641845801, 40.932640075683601 ], [ 14.014026641845801, 40.932918548583999 ], [ 14.0134725570679, 40.932918548583999 ], [ 14.0134725570679, 40.933193206787202 ], [ 14.013193130493301, 40.933193206787202 ], [ 14.013193130493301, 40.933750152587997 ], [ 14.0129165649415, 40.933750152587997 ], [ 14.0129165649415, 40.934028625488402 ], [ 14.0126390457154, 40.934028625488402 ], [ 14.0126390457154, 40.934581756591797 ], [ 14.012360572815, 40.934581756591797 ], [ 14.012360572815, 40.934860229492202 ], [ 14.012083053588899, 40.934860229492202 ], [ 14.012083053588899, 40.935695648193303 ], [ 14.0118045806885, 40.935695648193303 ], [ 14.0118045806885, 40.9359741210937 ], [ 14.0115270614625, 40.9359741210937 ], [ 14.0115270614625, 40.936527252197301 ], [ 14.011251449585, 40.936527252197301 ], [ 14.011248588562101, 40.936805725097699 ], [ 14.0106954574585, 40.936805725097699 ], [ 14.0106954574585, 40.937084197997997 ], [ 14.010139465331999, 40.937084197997997 ], [ 14.010139465331999, 40.937637329101698 ], [ 14.0098609924316, 40.937637329101698 ], [ 14.0098609924316, 40.938751220703203 ], [ 14.009583473205501, 40.938751220703203 ], [ 14.009583473205501, 40.9390258789062 ], [ 14.009306907653899, 40.939029693603601 ], [ 14.009306907653899, 40.939304351806797 ], [ 14.009026527404799, 40.939304351806797 ], [ 14.009026527404799, 40.939582824707102 ], [ 14.0087509155275, 40.939582824707102 ], [ 14.0087509155275, 40.9398612976075 ], [ 14.0084733963013, 40.9398612976075 ], [ 14.0084733963013, 40.940418243408303 ], [ 14.008194923401, 40.940418243408303 ], [ 14.008194923401, 40.9406929016113 ], [ 14.007917404174901, 40.9406929016113 ], [ 14.007917404174901, 40.941249847412102 ], [ 14.007638931274499, 40.941249847412102 ], [ 14.007638931274499, 40.9415283203125 ], [ 14.0073614120484, 40.9415283203125 ], [ 14.0073614120484, 40.942359924316499 ], [ 14.007082939148001, 40.942359924316499 ], [ 14.007082939148001, 40.942638397216903 ], [ 14.0068054199219, 40.942638397216903 ], [ 14.0068054199219, 40.942916870117202 ], [ 14.006528854370099, 40.942916870117202 ], [ 14.006528854370099, 40.943473815917997 ], [ 14.006251335144, 40.943473815917997 ], [ 14.006251335144, 40.944026947021598 ], [ 14.0059728622437, 40.944026947021598 ], [ 14.0059728622437, 40.944305419921903 ], [ 14.005695343017599, 40.944305419921903 ], [ 14.005695343017599, 40.944583892822301 ], [ 14.0054168701172, 40.944583892822301 ], [ 14.0054168701172, 40.944862365722699 ], [ 14.005139350891101, 40.944862365722699 ], [ 14.005139350891101, 40.945415496826101 ], [ 14.004859924316399, 40.945415496826101 ], [ 14.004859924316399, 40.945693969726698 ], [ 14.0045824050903, 40.945693969726698 ], [ 14.0045824050903, 40.945972442627102 ], [ 14.0043067932128, 40.945972442627102 ], [ 14.0043067932128, 40.9462509155275 ], [ 14.0037508010865, 40.9462509155275 ], [ 14.0037508010865, 40.9470825195312 ], [ 14.003473281860501, 40.9470825195312 ], [ 14.003473281860501, 40.947360992431598 ], [ 14.0031938552856, 40.947360992431598 ], [ 14.0031938552856, 40.947639465332003 ], [ 14.0029163360597, 40.947639465332003 ], [ 14.0029163360597, 40.947917938232401 ], [ 14.0026378631591, 40.947917938232401 ], [ 14.0026378631591, 40.948192596435597 ], [ 14.0023603439332, 40.948192596435597 ], [ 14.0023603439332, 40.949306488037202 ], [ 14.0020847320557, 40.949306488037202 ], [ 14.0020847320557, 40.949859619140703 ], [ 14.0018043518068, 40.949859619140703 ], [ 14.0018043518068, 40.950695037841903 ], [ 14.001527786254901, 40.950695037841903 ], [ 14.001527786254901, 40.950973510742202 ], [ 14.001250267028899, 40.950973510742202 ], [ 14.001250267028899, 40.951248168945298 ], [ 14.0009717941285, 40.951248168945298 ], [ 14.0009717941285, 40.951526641845597 ], [ 14.0001382827759, 40.951526641845597 ], [ 13.999584197998001, 40.951526641845597 ], [ 13.999584197998001, 40.951805114746001 ], [ 13.999305725097701, 40.951805114746001 ], [ 13.999305725097701, 40.952083587646598 ], [ 13.9990282058716, 40.952083587646598 ], [ 13.9990282058716, 40.952640533447401 ], [ 13.9987497329712, 40.952640533447401 ], [ 13.9987497329712, 40.953193664550803 ], [ 13.998472213745099, 40.953193664550803 ], [ 13.998472213745099, 40.9534721374512 ], [ 13.9981937408447, 40.9534721374512 ], [ 13.9981937408447, 40.953750610351598 ], [ 13.9979162216187, 40.953750610351598 ], [ 13.9979162216187, 40.954303741455099 ], [ 13.997637748718301, 40.954303741455099 ], [ 13.997637748718301, 40.954582214355497 ], [ 13.9973621368409, 40.954582214355497 ], [ 13.9973621368409, 40.954860687255902 ], [ 13.997083663940501, 40.954860687255902 ], [ 13.997083663940501, 40.9551391601563 ], [ 13.996806144714499, 40.9551391601563 ], [ 13.996806144714499, 40.955417633056697 ], [ 13.9965276718141, 40.955417633056697 ], [ 13.9965276718141, 40.956249237060703 ], [ 13.996250152588001, 40.956249237060703 ], [ 13.996250152588001, 40.956527709961101 ], [ 13.995971679687599, 40.956527709961101 ], [ 13.995971679687599, 40.956806182861399 ], [ 13.9956941604615, 40.956806182861399 ], [ 13.9956941604615, 40.957084655761797 ], [ 13.995415687561101, 40.957084655761797 ], [ 13.995415687561101, 40.957359313964801 ], [ 13.9951400756837, 40.957359313964801 ], [ 13.9951400756837, 40.957637786865199 ], [ 13.994861602783301, 40.957637786865199 ], [ 13.994859695434601, 40.957916259765597 ], [ 13.9945840835571, 40.957916259765597 ], [ 13.9945840835571, 40.958194732666001 ], [ 13.9943056106568, 40.958194732666001 ], [ 13.9943056106568, 40.958278656005902 ], [ 13.9943056106568, 40.958473205566499 ], [ 13.9940280914307, 40.958473205566499 ], [ 13.9940280914307, 40.958751678466903 ], [ 13.9937496185303, 40.958751678466903 ], [ 13.9937496185303, 40.959026336669901 ], [ 13.993472099304199, 40.959026336669901 ], [ 13.993472099304199, 40.959304809570298 ], [ 13.9931936264038, 40.959304809570298 ], [ 13.9931936264038, 40.959583282470703 ], [ 13.9929180145263, 40.959583282470703 ], [ 13.9929180145263, 40.959861755371101 ], [ 13.9926366806031, 40.959861755371101 ], [ 13.9926366806031, 40.960414886474702 ], [ 13.992362022399799, 40.960414886474702 ], [ 13.992362022399799, 40.960693359375099 ], [ 13.992083549499499, 40.960693359375099 ], [ 13.992083549499499, 40.960971832275398 ], [ 13.991806030273599, 40.960971832275398 ], [ 13.991806030273599, 40.961250305175803 ], [ 13.991527557373001, 40.961250305175803 ], [ 13.991527557373001, 40.9615287780762 ], [ 13.991249084472599, 40.9615287780762 ], [ 13.991249084472599, 40.962081909179801 ], [ 13.9909706115722, 40.962081909179801 ], [ 13.9909706115722, 40.962360382080199 ], [ 13.990693092346101, 40.962360382080199 ], [ 13.990693092346101, 40.962638854980597 ], [ 13.9904184341431, 40.962638854980597 ], [ 13.9904184341431, 40.962917327881001 ], [ 13.990139961242701, 40.962917327881001 ], [ 13.990139961242701, 40.963470458984403 ], [ 13.989862442016699, 40.963470458984403 ], [ 13.989862442016699, 40.963748931884801 ], [ 13.9895830154419, 40.963748931884801 ], [ 13.9895830154419, 40.964027404785199 ], [ 13.9893045425416, 40.964027404785199 ], [ 13.9893045425416, 40.964305877685497 ], [ 13.989027023315501, 40.964305877685497 ], [ 13.989027023315501, 40.964584350585902 ], [ 13.988752365112299, 40.964584350585902 ], [ 13.988752365112299, 40.964862823486399 ], [ 13.988471031189, 40.964862823486399 ], [ 13.988471031189, 40.965137481689503 ], [ 13.9881954193115, 40.965137481689503 ], [ 13.9881954193115, 40.965415954589801 ], [ 13.987916946411101, 40.965415954589801 ], [ 13.987916946411101, 40.965972900390597 ], [ 13.987639427185099, 40.965972900390597 ], [ 13.987639427185099, 40.966251373291001 ], [ 13.9873609542847, 40.966251373291001 ], [ 13.9873609542847, 40.966526031494197 ], [ 13.987083435058601, 40.966526031494197 ], [ 13.987083435058601, 40.966804504394602 ], [ 13.9868049621582, 40.966804504394602 ], [ 13.9868049621582, 40.967082977295 ], [ 13.9865274429321, 40.967082977295 ], [ 13.9865274429321, 40.967361450195398 ], [ 13.986248970031699, 40.967361450195398 ], [ 13.986248970031699, 40.967639923095803 ], [ 13.9859733581544, 40.967639923095803 ], [ 13.9859733581544, 40.9679183959962 ], [ 13.985694885254, 40.9679183959962 ], [ 13.985694885254, 40.968193054199297 ], [ 13.9854173660279, 40.968193054199297 ], [ 13.9854173660279, 40.968471527099702 ], [ 13.9851388931276, 40.968471527099702 ], [ 13.9851388931276, 40.96875 ], [ 13.9848613739015, 40.96875 ], [ 13.9848613739015, 40.969306945800902 ], [ 13.984582901001099, 40.969306945800902 ], [ 13.984582901001099, 40.969581604003899 ], [ 13.984305381775, 40.969581604003899 ], [ 13.984305381775, 40.969860076904297 ], [ 13.984026908874601, 40.969860076904297 ], [ 13.984026908874601, 40.970138549804702 ], [ 13.983751296997101, 40.970138549804702 ], [ 13.983751296997101, 40.970417022705099 ], [ 13.9834709167482, 40.970417022705099 ], [ 13.9834709167482, 40.970695495605398 ], [ 13.9831953048707, 40.970695495605398 ], [ 13.9831953048707, 40.971248626708999 ], [ 13.9829168319703, 40.971248626708999 ], [ 13.9829168319703, 40.971527099609403 ], [ 13.9826393127441, 40.971527099609403 ], [ 13.9826393127441, 40.971805572509801 ], [ 13.981143951416099, 40.971805572509801 ], [ 13.9798612594606, 40.971805572509801 ], [ 13.9798612594606, 40.971527099609403 ], [ 13.978472709655801, 40.971527099609403 ], [ 13.978472709655801, 40.971248626708999 ], [ 13.9781951904297, 40.971248626708999 ], [ 13.9781951904297, 40.970973968505803 ], [ 13.975416183471699, 40.970973968505803 ], [ 13.975416183471699, 40.971527099609403 ], [ 13.9756937026978, 40.971527099609403 ], [ 13.9756937026978, 40.971805572509801 ], [ 13.976806640625, 40.971805572509801 ], [ 13.976806640625, 40.972084045410199 ], [ 13.9770822525025, 40.972084045410199 ], [ 13.9770822525025, 40.972362518310497 ], [ 13.979028701782299, 40.972362518310497 ], [ 13.979028701782299, 40.9726371765138 ], [ 13.980491638183601, 40.9726371765138 ], [ 13.980694770812899, 40.9726371765138 ], [ 13.980694770812899, 40.973751068115298 ], [ 13.9804172515869, 40.973751068115298 ], [ 13.9804172515869, 40.974029541015703 ], [ 13.9801387786865, 40.974029541015703 ], [ 13.9801387786865, 40.974304199218899 ], [ 13.9798612594606, 40.974304199218899 ], [ 13.9798612594606, 40.974582672119297 ], [ 13.9793052673341, 40.974582672119297 ], [ 13.9793052673341, 40.974861145019602 ], [ 13.979028701782299, 40.974861145019602 ], [ 13.979028701782299, 40.975692749023402 ], [ 13.9787511825562, 40.975692749023402 ], [ 13.9787511825562, 40.9759712219238 ], [ 13.978472709655801, 40.9759712219238 ], [ 13.978472709655801, 40.976249694824197 ], [ 13.9781951904297, 40.976249694824197 ], [ 13.9781951904297, 40.976528167724602 ], [ 13.9779167175294, 40.976528167724602 ], [ 13.9779167175294, 40.976806640625 ], [ 13.977638244629, 40.976806640625 ], [ 13.977638244629, 40.977085113525298 ], [ 13.977359771728599, 40.977085113525298 ], [ 13.977359771728599, 40.977359771728601 ], [ 13.976529121398899, 40.977359771728601 ], [ 13.976529121398899, 40.977638244628999 ], [ 13.975899696350201, 40.977638244628999 ], [ 13.975416183471699, 40.977638244628999 ], [ 13.975416183471699, 40.977359771728601 ], [ 13.9751377105713, 40.977359771728601 ], [ 13.9751377105713, 40.977085113525298 ], [ 13.9743041992188, 40.977085113525298 ], [ 13.9743041992188, 40.976806640625 ], [ 13.9740276336669, 40.976806640625 ], [ 13.9740276336669, 40.977085113525298 ], [ 13.973750114441, 40.977085113525298 ], [ 13.973750114441, 40.977916717529403 ], [ 13.9734716415406, 40.977916717529403 ], [ 13.9734716415406, 40.978748321533303 ], [ 13.973194122314601, 40.978748321533303 ], [ 13.973194122314601, 40.9790267944337 ], [ 13.972915649414199, 40.9790267944337 ], [ 13.972915649414199, 40.979305267333999 ], [ 13.9726381301881, 40.979305267333999 ], [ 13.9726381301881, 40.979583740234403 ], [ 13.9723615646363, 40.979583740234403 ], [ 13.9723615646363, 40.979862213134801 ], [ 13.9720821380616, 40.979862213134801 ], [ 13.9720821380616, 40.980140686035199 ], [ 13.971805572509799, 40.980140686035199 ], [ 13.971805572509799, 40.9806938171388 ], [ 13.9715280532837, 40.9806938171388 ], [ 13.9715280532837, 40.980972290039198 ], [ 13.9712495803834, 40.980972290039198 ], [ 13.9712495803834, 40.981250762939602 ], [ 13.970972061157299, 40.981250762939602 ], [ 13.970972061157299, 40.98152923584 ], [ 13.9706935882569, 40.98152923584 ], [ 13.9706935882569, 40.981803894042997 ], [ 13.970416069030801, 40.981803894042997 ], [ 13.970416069030801, 40.982082366943402 ], [ 13.9701375961304, 40.982082366943402 ], [ 13.9701375961304, 40.9823608398438 ], [ 13.969861984252899, 40.9823608398438 ], [ 13.969861984252899, 40.982639312744098 ], [ 13.9695844650268, 40.982639312744098 ], [ 13.9695844650268, 40.982917785644503 ], [ 13.9693059921265, 40.982917785644503 ], [ 13.9693059921265, 40.983196258544901 ], [ 13.9690284729003, 40.983196258544901 ], [ 13.9690284729003, 40.983749389648501 ], [ 13.96875, 40.983749389648501 ], [ 13.96875, 40.984027862548899 ], [ 13.9684715270996, 40.984027862548899 ], [ 13.9684715270996, 40.984306335449297 ], [ 13.9681940078735, 40.984306335449297 ], [ 13.9681940078735, 40.984584808349602 ], [ 13.9679155349731, 40.984584808349602 ], [ 13.9679155349731, 40.985137939453203 ], [ 13.967639923095801, 40.985137939453203 ], [ 13.967639923095801, 40.985416412353601 ], [ 13.9673624038697, 40.985416412353601 ], [ 13.9673624038697, 40.985694885253999 ], [ 13.9670839309693, 40.985694885253999 ], [ 13.9670839309693, 40.985973358154403 ], [ 13.9668064117432, 40.985973358154403 ], [ 13.9668064117432, 40.986251831054702 ], [ 13.9665279388428, 40.986251831054702 ], [ 13.9665279388428, 40.986534118652301 ], [ 13.9665279388428, 40.986804962158097 ], [ 13.9662504196168, 40.986804962158097 ], [ 13.9662504196168, 40.9870834350587 ], [ 13.965971946716399, 40.9870834350587 ], [ 13.965971946716399, 40.987361907959098 ], [ 13.9656944274903, 40.987361907959098 ], [ 13.9656944274903, 40.987640380859503 ], [ 13.9654178619385, 40.987640380859503 ], [ 13.9654178619385, 40.9879150390625 ], [ 13.965140342712401, 40.9879150390625 ], [ 13.9651365280153, 40.988193511962898 ], [ 13.964861869811999, 40.988193511962898 ], [ 13.964861869811999, 40.988471984863303 ], [ 13.9645843505859, 40.988471984863303 ], [ 13.9645843505859, 40.9887504577637 ], [ 13.964305877685501, 40.9887504577637 ], [ 13.964305877685501, 40.989028930664098 ], [ 13.964028358459499, 40.989028930664098 ], [ 13.964028358459499, 40.989307403564503 ], [ 13.9636077880859, 40.989307403564503 ], [ 13.9634714126587, 40.989307403564503 ], [ 13.9634714126587, 40.989437103271598 ], [ 13.9634714126587, 40.989582061767599 ], [ 13.9633188247681, 40.989582061767599 ], [ 13.963195800781399, 40.989582061767599 ], [ 13.963195800781399, 40.989700317382898 ], [ 13.963195800781399, 40.989860534667997 ], [ 13.9630270004272, 40.989860534667997 ], [ 13.9629154205322, 40.989860534667997 ], [ 13.9629154205322, 40.989963531494197 ], [ 13.9629154205322, 40.990139007568402 ], [ 13.9627485275269, 40.990139007568402 ], [ 13.9626827239991, 40.990192413330199 ], [ 13.962639808654901, 40.9904174804688 ], [ 13.9624528884888, 40.9904174804688 ], [ 13.962361335754499, 40.9904174804688 ], [ 13.962361335754499, 40.990695953369197 ], [ 13.962144851684601, 40.990695953369197 ], [ 13.962082862853901, 40.990970611572401 ], [ 13.961805343628001, 40.991020202636797 ], [ 13.961805343628001, 40.991249084472798 ], [ 13.961526870727701, 40.991283416748097 ], [ 13.961526870727701, 40.991527557373203 ], [ 13.9612493515016, 40.991546630859403 ], [ 13.9612493515016, 40.991806030273601 ], [ 13.960975646972701, 40.991806030273601 ], [ 13.9609708786012, 40.992084503173899 ], [ 13.9606952667237, 40.992084503173899 ], [ 13.9606952667237, 40.992362976074297 ], [ 13.960416793823301, 40.992362976074297 ], [ 13.960416793823301, 40.992637634277301 ], [ 13.9601392745972, 40.992637634277301 ], [ 13.9601392745972, 40.992916107177699 ], [ 13.9598608016968, 40.992916107177699 ], [ 13.9598608016968, 40.993194580078097 ], [ 13.959583282470801, 40.993194580078097 ], [ 13.959583282470801, 40.993473052978601 ], [ 13.9593048095704, 40.993473052978601 ], [ 13.9593048095704, 40.993751525878999 ], [ 13.958927154541, 40.993751525878999 ], [ 13.958748817443899, 40.993751525878999 ], [ 13.958748817443899, 40.9939193725587 ], [ 13.958748817443899, 40.994026184082003 ], [ 13.958637237548899, 40.994026184082003 ], [ 13.958473205566399, 40.994026184082003 ], [ 13.958473205566399, 40.99418258667 ], [ 13.958473205566399, 40.994304656982401 ], [ 13.958342552185099, 40.994304656982401 ], [ 13.958194732666, 40.994304656982401 ], [ 13.958194732666, 40.9944458007813 ], [ 13.958194732666, 40.994583129882798 ], [ 13.958051681518601, 40.994583129882798 ], [ 13.957917213439901, 40.994583129882798 ], [ 13.957917213439901, 40.99471282959 ], [ 13.957917213439901, 40.994861602783203 ], [ 13.9577579498291, 40.994861602783203 ], [ 13.957638740539499, 40.994861602783203 ], [ 13.957638740539499, 40.9949760437013 ], [ 13.957638740539499, 40.995140075683601 ], [ 13.9574661254884, 40.995140075683601 ], [ 13.9573612213135, 40.995140075683601 ], [ 13.9573612213135, 40.995418548583999 ], [ 13.957187652588001, 40.995418548583999 ], [ 13.957123756408601, 40.995468139648501 ], [ 13.9570827484131, 40.995693206787202 ], [ 13.956893920898599, 40.995693206787202 ], [ 13.956805229186999, 40.995693206787202 ], [ 13.956805229186999, 40.995971679687599 ], [ 13.9565877914429, 40.995971679687599 ], [ 13.9565267562866, 40.996250152587898 ], [ 13.9562511444093, 40.996292114257798 ], [ 13.9562511444093, 40.996528625488303 ], [ 13.9560031890869, 40.996528625488303 ], [ 13.9556951522828, 40.996528625488303 ], [ 13.9556951522828, 40.9968070983887 ], [ 13.955416679382401, 40.9968070983887 ], [ 13.955416679382401, 40.997081756591903 ], [ 13.9551391601563, 40.997081756591903 ], [ 13.955126762390099, 40.997360229492301 ], [ 13.954860687256, 40.997360229492301 ], [ 13.9548330307007, 40.997638702392699 ], [ 13.954583168029799, 40.997638702392699 ], [ 13.9545392990112, 40.997917175293097 ], [ 13.954029083251999, 40.997917175293097 ], [ 13.954029083251999, 40.998195648193501 ], [ 13.953748703003001, 40.998195648193501 ], [ 13.953748703003001, 40.9984741210938 ], [ 13.953473091125501, 40.9984741210938 ], [ 13.953473091125501, 40.998748779296903 ], [ 13.953194618225099, 40.998748779296903 ], [ 13.953194618225099, 40.999027252197301 ], [ 13.952917098999, 40.999027252197301 ], [ 13.952917098999, 40.999305725097599 ], [ 13.952361106872599, 40.999305725097599 ], [ 13.952361106872599, 40.999584197997997 ], [ 13.9520826339722, 40.999584197997997 ], [ 13.9520826339722, 40.999931335449197 ], [ 13.9520826339722, 41.000137329101598 ], [ 13.9520826339722, 41.000694274902301 ], [ 13.9512510299684, 41.000694274902301 ], [ 13.9512510299684, 41.000972747802699 ], [ 13.9506950378419, 41.000972747802699 ], [ 13.9506950378419, 41.001251220703097 ], [ 13.9504165649415, 41.001251220703097 ], [ 13.9504165649415, 41.0015258789063 ], [ 13.9498596191406, 41.001529693603501 ], [ 13.9498596191406, 41.001804351806697 ], [ 13.9495820999147, 41.001804351806697 ], [ 13.9495820999147, 41.002082824707102 ], [ 13.9493074417115, 41.002082824707102 ], [ 13.9493074417115, 41.0023612976075 ], [ 13.949028968811101, 41.0023612976075 ], [ 13.949028968811101, 41.002639770507898 ], [ 13.948749542236399, 41.002639770507898 ], [ 13.948749542236399, 41.002918243408303 ], [ 13.9484720230103, 41.002918243408303 ], [ 13.9484720230103, 41.003192901611399 ], [ 13.948193550109901, 41.003192901611399 ], [ 13.948193550109901, 41.003471374511797 ], [ 13.9479160308838, 41.003471374511797 ], [ 13.9479160308838, 41.003749847412202 ], [ 13.9476375579835, 41.003749847412202 ], [ 13.9476375579835, 41.004306793212997 ], [ 13.947360038757401, 41.004306793212997 ], [ 13.947360038757401, 41.004859924316399 ], [ 13.947084426879901, 41.004859924316399 ], [ 13.947084426879901, 41.005138397216797 ], [ 13.946805953979499, 41.005138397216797 ], [ 13.946805953979499, 41.005416870117202 ], [ 13.946249961853001, 41.005416870117202 ], [ 13.946249961853001, 41.0056953430175 ], [ 13.9456939697266, 41.0056953430175 ], [ 13.9456939697266, 41.005973815917898 ], [ 13.945137977600099, 41.005973815917898 ], [ 13.945137977600099, 41.006248474121101 ], [ 13.9448623657228, 41.006248474121101 ], [ 13.9448623657228, 41.006526947021499 ], [ 13.944581985473601, 41.006526947021499 ], [ 13.944581985473601, 41.006805419921903 ], [ 13.9440279006959, 41.006805419921903 ], [ 13.9440279006959, 41.007083892822301 ], [ 13.943750381469799, 41.007083892822301 ], [ 13.943750381469799, 41.007362365722699 ], [ 13.943194389343301, 41.007362365722699 ], [ 13.943194389343301, 41.0079154968262 ], [ 13.942915916443001, 41.0079154968262 ], [ 13.942915916443001, 41.008472442627003 ], [ 13.942640304565501, 41.008472442627003 ], [ 13.942640304565501, 41.008750915527401 ], [ 13.9423599243165, 41.008750915527401 ], [ 13.9423599243165, 41.009029388427798 ], [ 13.941805839538601, 41.009029388427798 ], [ 13.941805839538601, 41.009304046631001 ], [ 13.9415283203125, 41.009304046631001 ], [ 13.9415283203125, 41.009860992431797 ], [ 13.9412498474121, 41.009860992431797 ], [ 13.9412498474121, 41.010139465332102 ], [ 13.940972328186, 41.010139465332102 ], [ 13.940972328186, 41.0104179382325 ], [ 13.9406938552856, 41.0104179382325 ], [ 13.9406938552856, 41.010692596435497 ], [ 13.9401397705078, 41.010692596435497 ], [ 13.9401397705078, 41.010971069335902 ], [ 13.9384717941285, 41.010971069335902 ], [ 13.9384717941285, 41.0112495422363 ], [ 13.937640190124601, 41.0112495422363 ], [ 13.937640190124601, 41.011528015136697 ], [ 13.937361717224199, 41.011528015136697 ], [ 13.937361717224199, 41.011806488037102 ], [ 13.9370841979981, 41.011806488037102 ], [ 13.9370841979981, 41.012084960937401 ], [ 13.936805725097701, 41.012084960937401 ], [ 13.936805725097701, 41.012359619140703 ], [ 13.9362487792969, 41.012359619140703 ], [ 13.9362487792969, 41.013195037841797 ], [ 13.936527252197299, 41.013195037841797 ], [ 13.936527252197299, 41.013473510742202 ], [ 13.936805725097701, 41.013473510742202 ], [ 13.936805725097701, 41.013748168945398 ], [ 13.9370841979981, 41.013748168945398 ], [ 13.9370841979981, 41.0143051147462 ], [ 13.936527252197299, 41.0143051147462 ], [ 13.936527252197299, 41.014583587646499 ], [ 13.9356956481934, 41.014583587646499 ], [ 13.9356956481934, 41.015140533447301 ], [ 13.9354152679444, 41.015140533447301 ], [ 13.9354152679444, 41.015415191650298 ], [ 13.935138702392599, 41.015415191650298 ], [ 13.935138702392599, 41.0159721374513 ], [ 13.9348611831665, 41.0159721374513 ], [ 13.9348611831665, 41.016529083252102 ], [ 13.934582710266101, 41.016529083252102 ], [ 13.934582710266101, 41.017082214355497 ], [ 13.93430519104, 41.017082214355497 ], [ 13.93430519104, 41.017917633056598 ], [ 13.934582710266101, 41.017917633056598 ], [ 13.934582710266101, 41.018196105957003 ], [ 13.934694290161101, 41.018196105957003 ], [ 13.9348611831665, 41.018196105957003 ], [ 13.9348611831665, 41.019027709961001 ], [ 13.934582710266101, 41.019027709961001 ], [ 13.934582710266101, 41.019584655761697 ], [ 13.93430519104, 41.019584655761697 ], [ 13.93430519104, 41.021526336669901 ], [ 13.933749198913601, 41.021526336669901 ], [ 13.933749198913601, 41.021804809570298 ], [ 13.9331932067871, 41.021804809570298 ], [ 13.9331932067871, 41.021526336669901 ], [ 13.932916641235501, 41.021526336669901 ], [ 13.932916641235501, 41.020973205566499 ], [ 13.9331932067871, 41.020973205566499 ], [ 13.9331932067871, 41.019859313965 ], [ 13.932917594909799, 41.019859313965 ], [ 13.9326391220094, 41.019859313965 ], [ 13.9326391220094, 41.019584655761697 ], [ 13.9320831298829, 41.019584655761697 ], [ 13.9320831298829, 41.019859313965 ], [ 13.9315271377565, 41.019859313965 ], [ 13.9315271377565, 41.020416259765703 ], [ 13.931248664856099, 41.020416259765703 ], [ 13.931248664856099, 41.020694732666101 ], [ 13.930973052978599, 41.020694732666101 ], [ 13.930973052978599, 41.020973205566499 ], [ 13.9306945800782, 41.020973205566499 ], [ 13.9306945800782, 41.021251678466903 ], [ 13.930417060852101, 41.021251678466903 ], [ 13.930417060852101, 41.021804809570298 ], [ 13.930138587951699, 41.021804809570298 ], [ 13.930138587951699, 41.0223617553712 ], [ 13.9298610687256, 41.0223617553712 ], [ 13.9298610687256, 41.022640228271598 ], [ 13.9293069839478, 41.022640228271598 ], [ 13.9293069839478, 41.023193359375 ], [ 13.9290266036988, 41.023193359375 ], [ 13.9290266036988, 41.023506164550902 ], [ 13.9290266036988, 41.024307250976598 ], [ 13.9293069839478, 41.024307250976598 ], [ 13.9293069839478, 41.024581909179702 ], [ 13.930138587951699, 41.024581909179702 ], [ 13.930138587951699, 41.024860382080099 ], [ 13.9306945800782, 41.024860382080099 ], [ 13.9306945800782, 41.025417327880902 ], [ 13.930973052978599, 41.025417327880902 ], [ 13.930973052978599, 41.0256958007813 ], [ 13.931248664856099, 41.0256958007813 ], [ 13.931248664856099, 41.025970458984503 ], [ 13.9315271377565, 41.025970458984503 ], [ 13.9315271377565, 41.026248931884901 ], [ 13.9318046569825, 41.026248931884901 ], [ 13.9318046569825, 41.026527404785298 ], [ 13.9320831298829, 41.026527404785298 ], [ 13.9320831298829, 41.026805877685703 ], [ 13.932360649109, 41.026805877685703 ], [ 13.932360649109, 41.027084350586001 ], [ 13.9326391220094, 41.027084350586001 ], [ 13.9326391220094, 41.027362823486399 ], [ 13.932916641235501, 41.027362823486399 ], [ 13.932916641235501, 41.027637481689403 ], [ 13.9331932067871, 41.027637481689403 ], [ 13.9331932067871, 41.027915954589801 ], [ 13.9334726333618, 41.027915954589801 ], [ 13.9334726333618, 41.028472900390703 ], [ 13.9331932067871, 41.028472900390703 ], [ 13.9331932067871, 41.028194427490199 ], [ 13.9326391220094, 41.028194427490199 ], [ 13.9326391220094, 41.027915954589801 ], [ 13.9320831298829, 41.027915954589801 ], [ 13.9320831298829, 41.027637481689403 ], [ 13.9318046569825, 41.027637481689403 ], [ 13.9318046569825, 41.027362823486399 ], [ 13.931248664856099, 41.027362823486399 ], [ 13.931248664856099, 41.027084350586001 ], [ 13.930973052978599, 41.027084350586001 ], [ 13.930973052978599, 41.026805877685703 ], [ 13.9306945800782, 41.026805877685703 ], [ 13.9306945800782, 41.026527404785298 ], [ 13.930138587951699, 41.026527404785298 ], [ 13.930138587951699, 41.026248931884901 ], [ 13.9295825958253, 41.026248931884901 ], [ 13.9295825958253, 41.025970458984503 ], [ 13.9290266036988, 41.025970458984503 ], [ 13.9290266036988, 41.0256958007813 ], [ 13.928473472595201, 41.0256958007813 ], [ 13.928473472595201, 41.025417327880902 ], [ 13.928194999694799, 41.025417327880902 ], [ 13.928194999694799, 41.025138854980497 ], [ 13.9279165267944, 41.025138854980497 ], [ 13.9279165267944, 41.024860382080099 ], [ 13.927639007568301, 41.024860382080099 ], [ 13.927639007568301, 41.024581909179702 ], [ 13.927360534667899, 41.024581909179702 ], [ 13.927360534667899, 41.024307250976598 ], [ 13.926804542541401, 41.024307250976598 ], [ 13.926804542541401, 41.0240287780762 ], [ 13.926251411438001, 41.0240287780762 ], [ 13.926248550415, 41.023750305175803 ], [ 13.9229164123535, 41.023750305175803 ], [ 13.9229164123535, 41.0240287780762 ], [ 13.922360420227101, 41.0240287780762 ], [ 13.922360420227101, 41.024307250976598 ], [ 13.922081947326699, 41.024307250976598 ], [ 13.922081947326699, 41.024581909179702 ], [ 13.921807289123601, 41.024581909179702 ], [ 13.921807289123601, 41.024860382080099 ], [ 13.9215278625488, 41.024860382080099 ], [ 13.9215278625488, 41.026248931884901 ], [ 13.921807289123601, 41.026248931884901 ], [ 13.921807289123601, 41.026527404785298 ], [ 13.922081947326699, 41.026527404785298 ], [ 13.922081947326699, 41.027637481689403 ], [ 13.921807289123601, 41.027637481689403 ], [ 13.921807289123601, 41.028194427490199 ], [ 13.9215278625488, 41.028194427490199 ], [ 13.9215278625488, 41.028472900390703 ], [ 13.9212503433229, 41.028472900390703 ], [ 13.9212503433229, 41.029582977294901 ], [ 13.9215278625488, 41.029582977294901 ], [ 13.9215278625488, 41.030418395996101 ], [ 13.9212503433229, 41.030418395996101 ], [ 13.9212503433229, 41.031528472900398 ], [ 13.9209718704225, 41.031528472900398 ], [ 13.9209718704225, 41.031806945800803 ], [ 13.920694351196399, 41.031806945800803 ], [ 13.920694351196399, 41.032081604003999 ], [ 13.920138359069901, 41.032081604003999 ], [ 13.920138359069901, 41.032360076904403 ], [ 13.919859886169499, 41.032360076904403 ], [ 13.919859886169499, 41.033748626708999 ], [ 13.919584274291999, 41.033748626708999 ], [ 13.919584274291999, 41.034584045410099 ], [ 13.919305801391699, 41.034584045410099 ], [ 13.919305801391699, 41.0351371765137 ], [ 13.918749809265201, 41.0351371765137 ], [ 13.918749809265201, 41.035415649414098 ], [ 13.9181938171387, 41.035415649414098 ], [ 13.9181938171387, 41.035694122314503 ], [ 13.917916297912701, 41.035694122314503 ], [ 13.917916297912701, 41.036251068115199 ], [ 13.9181938171387, 41.036251068115199 ], [ 13.9181938171387, 41.0368041992188 ], [ 13.9184722900391, 41.0368041992188 ], [ 13.9184722900391, 41.038192749023601 ], [ 13.9181938171387, 41.038192749023601 ], [ 13.9181938171387, 41.039028167724702 ], [ 13.9184722900391, 41.039028167724702 ], [ 13.9184722900391, 41.039306640625099 ], [ 13.918749809265201, 41.039306640625099 ], [ 13.918749809265201, 41.039585113525497 ], [ 13.9190282821656, 41.039585113525497 ], [ 13.9190282821656, 41.040138244628899 ], [ 13.919305801391699, 41.040138244628899 ], [ 13.919305801391699, 41.040695190429602 ], [ 13.918749809265201, 41.040695190429602 ], [ 13.918749809265201, 41.04097366333 ], [ 13.917362213134799, 41.04097366333 ], [ 13.917362213134799, 41.042640686035199 ], [ 13.9170837402344, 41.042640686035199 ], [ 13.9170837402344, 41.042915344238303 ], [ 13.916527748107899, 41.042915344238303 ], [ 13.916527748107899, 41.0431938171387 ], [ 13.9162502288818, 41.0431938171387 ], [ 13.9162502288818, 41.043472290039098 ], [ 13.915971755981399, 41.043472290039098 ], [ 13.915971755981399, 41.045696258545 ], [ 13.9162502288818, 41.045696258545 ], [ 13.9162502288818, 41.0465278625488 ], [ 13.915971755981399, 41.0465278625488 ], [ 13.915971755981399, 41.046806335449197 ], [ 13.9156942367553, 41.046806335449197 ], [ 13.9156942367553, 41.047084808349602 ], [ 13.915415763854901, 41.047084808349602 ], [ 13.915415763854901, 41.047359466552798 ], [ 13.915140151977701, 41.047359466552798 ], [ 13.915140151977701, 41.047637939453203 ], [ 13.9148597717285, 41.047637939453203 ], [ 13.9148597717285, 41.048194885253899 ], [ 13.915140151977701, 41.048194885253899 ], [ 13.915140151977701, 41.049304962158303 ], [ 13.9148597717285, 41.049304962158303 ], [ 13.9148597717285, 41.049861907958999 ], [ 13.914584159851101, 41.049861907958999 ], [ 13.914584159851101, 41.050693511962997 ], [ 13.9148597717285, 41.050693511962997 ], [ 13.9148597717285, 41.051105499267599 ], [ 13.9147968292237, 41.0512504577638 ], [ 13.914584159851101, 41.0512504577638 ], [ 13.914584159851101, 41.051528930664198 ], [ 13.914305686950801, 41.051528930664198 ], [ 13.914305686950801, 41.051807403564602 ], [ 13.9134721755982, 41.051807403564602 ], [ 13.9134721755982, 41.052082061767599 ], [ 13.9131937026978, 41.052082061767599 ], [ 13.9131937026978, 41.0529174804688 ], [ 13.9129180908203, 41.0529174804688 ], [ 13.9129180908203, 41.053195953369098 ], [ 13.9126377105713, 41.053195953369098 ], [ 13.9126377105713, 41.053470611572301 ], [ 13.9123620986938, 41.053470611572301 ], [ 13.9123620986938, 41.0545845031738 ], [ 13.9120836257935, 41.0545845031738 ], [ 13.9120836257935, 41.055973052978601 ], [ 13.9123620986938, 41.055973052978601 ], [ 13.9123620986938, 41.056251525878999 ], [ 13.9120836257935, 41.056251525878999 ], [ 13.9120836257935, 41.057361602783303 ], [ 13.911806106567401, 41.057361602783303 ], [ 13.911806106567401, 41.0576400756837 ], [ 13.9112501144409, 41.0576400756837 ], [ 13.9112501144409, 41.058750152587898 ], [ 13.910971641540501, 41.058750152587898 ], [ 13.910971641540501, 41.060073852539098 ], [ 13.910971641540501, 41.060417175292997 ], [ 13.9108219146729, 41.060417175292997 ], [ 13.910417556762599, 41.060417175292997 ], [ 13.910417556762599, 41.060695648193402 ], [ 13.910140037536699, 41.060695648193402 ], [ 13.910140037536699, 41.0609741210938 ], [ 13.9098615646363, 41.0609741210938 ], [ 13.9098615646363, 41.061805725097798 ], [ 13.9095840454103, 41.061805725097798 ], [ 13.9095840454103, 41.062362670898501 ], [ 13.909423828124901, 41.062362670898501 ], [ 13.909304618835399, 41.062362670898501 ], [ 13.909304618835399, 41.062782287597798 ], [ 13.909304618835399, 41.063472747802798 ], [ 13.9091119766235, 41.063472747802798 ], [ 13.909027099609499, 41.063472747802798 ], [ 13.909027099609499, 41.063751220703203 ], [ 13.908748626708901, 41.063751220703203 ], [ 13.908748626708901, 41.0640258789062 ], [ 13.908471107483001, 41.064029693603601 ], [ 13.908471107483001, 41.065139770507798 ], [ 13.9086418151856, 41.065139770507798 ], [ 13.908748626708901, 41.065139770507798 ], [ 13.908748626708901, 41.065418243408203 ], [ 13.909027099609499, 41.065418243408203 ], [ 13.909027099609499, 41.066249847412202 ], [ 13.908471107483001, 41.066249847412202 ], [ 13.908471107483001, 41.0665283203125 ], [ 13.908251762390201, 41.0665283203125 ], [ 13.908104896545399, 41.0665283203125 ], [ 13.907917022705099, 41.0665283203125 ], [ 13.907917022705099, 41.066806793212898 ], [ 13.9076385498047, 41.066806793212898 ], [ 13.9076385498047, 41.067081451416101 ], [ 13.9073610305787, 41.067085266113303 ], [ 13.9073610305787, 41.067359924316499 ], [ 13.907082557678301, 41.067359924316499 ], [ 13.907082557678301, 41.067916870117301 ], [ 13.9068050384522, 41.067916870117301 ], [ 13.9068050384522, 41.069404602050803 ], [ 13.9068050384522, 41.070137023925803 ], [ 13.9065265655518, 41.070137023925803 ], [ 13.9065265655518, 41.0704154968262 ], [ 13.9062490463257, 41.0704154968262 ], [ 13.9062490463257, 41.070541381836001 ], [ 13.9062490463257, 41.070693969726598 ], [ 13.9061737060546, 41.070693969726598 ], [ 13.9059734344482, 41.070693969726598 ], [ 13.9059734344482, 41.070972442626903 ], [ 13.9056930541993, 41.070972442626903 ], [ 13.9056930541993, 41.071529388427699 ], [ 13.9054174423218, 41.071529388427699 ], [ 13.9054174423218, 41.071804046630902 ], [ 13.905138969421399, 41.071804046630902 ], [ 13.905138969421399, 41.0720825195313 ], [ 13.9048614501953, 41.0720825195313 ], [ 13.9048614501953, 41.072639465332102 ], [ 13.904582977294901, 41.072639465332102 ], [ 13.904582977294901, 41.073192596435703 ], [ 13.9043054580688, 41.073192596435703 ], [ 13.9043054580688, 41.073749542236399 ], [ 13.9040269851685, 41.073749542236399 ], [ 13.9040269851685, 41.074306488037202 ], [ 13.903751373291099, 41.074306488037202 ], [ 13.903751373291099, 41.075138092041001 ], [ 13.9031953811647, 41.075138092041001 ], [ 13.9031953811647, 41.075416564941399 ], [ 13.9029169082643, 41.075416564941399 ], [ 13.9029169082643, 41.077362060546903 ], [ 13.9026393890381, 41.077362060546903 ], [ 13.9026393890381, 41.077640533447301 ], [ 13.9023609161378, 41.077640533447301 ], [ 13.9023609161378, 41.078193664550803 ], [ 13.902083396911699, 41.078193664550803 ], [ 13.9020977020265, 41.079311370849503 ], [ 13.9018049240113, 41.079303741455199 ], [ 13.9018049240113, 41.079860687256001 ], [ 13.9012508392335, 41.079860687256001 ], [ 13.9012508392335, 41.080139160156399 ], [ 13.900973320007299, 41.080139160156399 ], [ 13.900973320007299, 41.080970764160199 ], [ 13.9006948471069, 41.080970764160199 ], [ 13.9006948471069, 41.0818061828613 ], [ 13.9004173278809, 41.0818061828613 ], [ 13.9004173278809, 41.082084655761697 ], [ 13.900138854980501, 41.082084655761697 ], [ 13.900138854980501, 41.082931518554702 ], [ 13.900138854980501, 41.083194732666001 ], [ 13.9004173278809, 41.083194732666001 ], [ 13.9004173278809, 41.083393096923899 ], [ 13.9004173278809, 41.08402633667 ], [ 13.900138854980501, 41.08402633667 ], [ 13.900138854980501, 41.084304809570398 ], [ 13.899584770202599, 41.084304809570398 ], [ 13.899582862854, 41.084583282470803 ], [ 13.899229049682701, 41.084583282470803 ], [ 13.899028778076101, 41.084583282470803 ], [ 13.8990268707275, 41.0848617553712 ], [ 13.898751258850201, 41.0848617553712 ], [ 13.898751258850201, 41.085151672363303 ], [ 13.898751258850201, 41.085414886474602 ], [ 13.8984727859497, 41.085445404052699 ], [ 13.8984727859497, 41.085693359375099 ], [ 13.8981952667237, 41.085739135742202 ], [ 13.8981952667237, 41.086250305175902 ], [ 13.8979167938234, 41.086250305175902 ], [ 13.8979167938234, 41.086807250976698 ], [ 13.897639274597299, 41.086807250976698 ], [ 13.897639274597299, 41.087360382080099 ], [ 13.8973608016969, 41.087360382080099 ], [ 13.8973608016969, 41.087638854980497 ], [ 13.8970823287965, 41.087638854980497 ], [ 13.8970823287965, 41.087917327880902 ], [ 13.896806716919, 41.087917327880902 ], [ 13.896806716919, 41.088470458984403 ], [ 13.8965291976929, 41.088470458984403 ], [ 13.8965291976929, 41.088748931884801 ], [ 13.8962507247925, 41.088748931884801 ], [ 13.8962507247925, 41.089729309082003 ], [ 13.8962507247925, 41.0898628234863 ], [ 13.8961639404297, 41.0898628234863 ], [ 13.8959732055665, 41.0898628234863 ], [ 13.8959732055665, 41.090160369873203 ], [ 13.8959732055665, 41.09041595459 ], [ 13.8958101272582, 41.09041595459 ], [ 13.8954162597657, 41.09041595459 ], [ 13.8954162597657, 41.090694427490298 ], [ 13.8951377868653, 41.090694427490298 ], [ 13.8951377868653, 41.091251373291101 ], [ 13.894860267639199, 41.091251373291101 ], [ 13.894860267639199, 41.091526031494098 ], [ 13.894584655761699, 41.091526031494098 ], [ 13.894584655761699, 41.091804504394503 ], [ 13.8943042755128, 41.091804504394503 ], [ 13.8943042755128, 41.092082977295 ], [ 13.8940277099609, 41.092082977295 ], [ 13.8940277099609, 41.092361450195398 ], [ 13.893750190734901, 41.092361450195398 ], [ 13.893750190734901, 41.0929183959962 ], [ 13.893471717834499, 41.0929183959962 ], [ 13.893471717834499, 41.09375 ], [ 13.8931941986084, 41.09375 ], [ 13.8931941986084, 41.094028472900398 ], [ 13.892915725708001, 41.094028472900398 ], [ 13.892915725708001, 41.094306945800803 ], [ 13.8926382064819, 41.094306945800803 ], [ 13.8926382064819, 41.094581604003999 ], [ 13.8923597335815, 41.094581604003999 ], [ 13.8923597335815, 41.094860076904403 ], [ 13.8918056488038, 41.094860076904403 ], [ 13.8918056488038, 41.095138549804702 ], [ 13.8915281295778, 41.095138549804702 ], [ 13.8915281295778, 41.095417022705099 ], [ 13.891249656677401, 41.095417022705099 ], [ 13.891249656677401, 41.095973968505902 ], [ 13.8909721374513, 41.095973968505902 ], [ 13.8909721374513, 41.096527099609503 ], [ 13.8906936645509, 41.096527099609503 ], [ 13.8906936645509, 41.097084045410199 ], [ 13.890416145324799, 41.097084045410199 ], [ 13.890416145324799, 41.097362518310597 ], [ 13.8901376724244, 41.097362518310597 ], [ 13.8901376724244, 41.0976371765137 ], [ 13.8895835876465, 41.0976371765137 ], [ 13.8895835876465, 41.098472595215 ], [ 13.889306068420501, 41.098472595215 ], [ 13.889306068420501, 41.099582672119098 ], [ 13.889027595520099, 41.099582672119098 ], [ 13.889027595520099, 41.099861145019503 ], [ 13.888750076293899, 41.099861145019503 ], [ 13.888750076293899, 41.100139617919901 ], [ 13.888471603393601, 41.100139617919901 ], [ 13.888471603393601, 41.100692749023501 ], [ 13.8881940841675, 41.100692749023501 ], [ 13.8881940841675, 41.100971221923899 ], [ 13.887915611267101, 41.100971221923899 ], [ 13.887915611267101, 41.101249694824297 ], [ 13.8876399993896, 41.101249694824297 ], [ 13.8876399993896, 41.101806640625099 ], [ 13.8873615264893, 41.101806640625099 ], [ 13.8873615264893, 41.102085113525398 ], [ 13.8870840072631, 41.102085113525398 ], [ 13.8870840072631, 41.102359771728601 ], [ 13.886528015136699, 41.102359771728601 ], [ 13.886528015136699, 41.102638244628999 ], [ 13.8859720230104, 41.102638244628999 ], [ 13.8859720230104, 41.102916717529403 ], [ 13.885693550109799, 41.102916717529403 ], [ 13.885693550109799, 41.103195190429801 ], [ 13.8854179382325, 41.103195190429801 ], [ 13.8854179382325, 41.103748321533203 ], [ 13.885136604309, 41.103748321533203 ], [ 13.885136604309, 41.104026794433601 ], [ 13.884861946106, 41.104026794433601 ], [ 13.884861946106, 41.104305267333899 ], [ 13.8840284347535, 41.104305267333899 ], [ 13.8840284347535, 41.104583740234297 ], [ 13.8837499618531, 41.104583740234297 ], [ 13.8837499618531, 41.105140686035298 ], [ 13.8834705352784, 41.105140686035298 ], [ 13.8834705352784, 41.105415344238303 ], [ 13.883195877075201, 41.105415344238303 ], [ 13.883193016052299, 41.1056938171387 ], [ 13.8829145431519, 41.1056938171387 ], [ 13.8829145431519, 41.106250762939503 ], [ 13.882362365722701, 41.106250762939503 ], [ 13.882362365722701, 41.106529235839801 ], [ 13.882082939147899, 41.106529235839801 ], [ 13.882082939147899, 41.106803894042997 ], [ 13.8818054199219, 41.106803894042997 ], [ 13.8818054199219, 41.107082366943402 ], [ 13.881249427795399, 41.107082366943402 ], [ 13.881249427795399, 41.1073608398438 ], [ 13.880695343017701, 41.1073608398438 ], [ 13.880695343017701, 41.107639312744197 ], [ 13.8801393508912, 41.107639312744197 ], [ 13.8801393508912, 41.107917785644602 ], [ 13.879860877990801, 41.107917785644602 ], [ 13.879860877990801, 41.108196258545 ], [ 13.8801393508912, 41.108196258545 ], [ 13.8801393508912, 41.109306335449297 ], [ 13.879860877990801, 41.109306335449297 ], [ 13.879860877990801, 41.109584808349702 ], [ 13.879583358764799, 41.109584808349702 ], [ 13.879583358764799, 41.110137939453097 ], [ 13.8793048858644, 41.110137939453097 ], [ 13.8793048858644, 41.110416412353501 ], [ 13.879027366638301, 41.110416412353501 ], [ 13.879027366638301, 41.1106948852538 ], [ 13.8787488937379, 41.1106948852538 ], [ 13.8787488937379, 41.110973358154197 ], [ 13.8784732818604, 41.110973358154197 ], [ 13.8784732818604, 41.111251831054801 ], [ 13.877917289733899, 41.111251831054801 ], [ 13.877917289733899, 41.110973358154197 ], [ 13.8773612976075, 41.110973358154197 ], [ 13.8773612976075, 41.111251831054801 ], [ 13.877082824707101, 41.111251831054801 ], [ 13.877082824707101, 41.111526489257898 ], [ 13.876805305481, 41.111526489257898 ], [ 13.876805305481, 41.111804962158203 ], [ 13.8762512207031, 41.111804962158203 ], [ 13.8762512207031, 41.112083435058601 ], [ 13.8765268325806, 41.112083435058601 ], [ 13.8765268325806, 41.112361907958999 ], [ 13.8762512207031, 41.112361907958999 ], [ 13.8762512207031, 41.112915039062599 ], [ 13.8759708404541, 41.112915039062599 ], [ 13.8759708404541, 41.113193511962898 ], [ 13.8756952285766, 41.113193511962898 ], [ 13.8756952285766, 41.1137504577637 ], [ 13.8754167556763, 41.1137504577637 ], [ 13.8754167556763, 41.114307403564503 ], [ 13.875139236450099, 41.114307403564503 ], [ 13.875139236450099, 41.114860534668097 ], [ 13.8748607635497, 41.114860534668097 ], [ 13.8748607635497, 41.115139007568501 ], [ 13.8745832443237, 41.115139007568501 ], [ 13.8745832443237, 41.115417480468899 ], [ 13.874029159546, 41.115417480468899 ], [ 13.874029159546, 41.115695953369297 ], [ 13.8737487792968, 41.115695953369297 ], [ 13.8737487792968, 41.116249084472699 ], [ 13.873473167419499, 41.116249084472699 ], [ 13.873473167419499, 41.116527557372997 ], [ 13.8731946945191, 41.116527557372997 ], [ 13.8731946945191, 41.116806030273402 ], [ 13.872917175293001, 41.116806030273402 ], [ 13.872917175293001, 41.117362976074197 ], [ 13.872638702392599, 41.117362976074197 ], [ 13.872638702392599, 41.117637634277401 ], [ 13.8723611831666, 41.117637634277401 ], [ 13.8723611831666, 41.118194580078097 ], [ 13.8720827102662, 41.118194580078097 ], [ 13.8720827102662, 41.118473052978501 ], [ 13.871805191040099, 41.118473052978501 ], [ 13.871805191040099, 41.118751525878899 ], [ 13.8712511062622, 41.118751525878899 ], [ 13.8712511062622, 41.119026184082102 ], [ 13.8709726333618, 41.119026184082102 ], [ 13.8709726333618, 41.119583129882898 ], [ 13.8706951141357, 41.119583129882898 ], [ 13.8706951141357, 41.119861602783303 ], [ 13.8701391220093, 41.119861602783303 ], [ 13.8701391220093, 41.1201400756837 ], [ 13.8698625564575, 41.1201400756837 ], [ 13.869859695434601, 41.120418548583999 ], [ 13.8695821762085, 41.120418548583999 ], [ 13.8695821762085, 41.120971679687599 ], [ 13.8693065643312, 41.120971679687599 ], [ 13.8693065643312, 41.121250152587997 ], [ 13.869029045105099, 41.121250152587997 ], [ 13.869029045105099, 41.122081756591797 ], [ 13.8687505722047, 41.122081756591797 ], [ 13.8687505722047, 41.122638702392599 ], [ 13.8684720993043, 41.122638702392599 ], [ 13.8684720993043, 41.122917175292997 ], [ 13.8679161071778, 41.122917175292997 ], [ 13.8679161071778, 41.123195648193402 ], [ 13.867083549499601, 41.123195648193402 ], [ 13.867083549499601, 41.1234741210937 ], [ 13.8668060302735, 41.1234741210937 ], [ 13.8668060302735, 41.123748779296903 ], [ 13.8665275573731, 41.123748779296903 ], [ 13.8665275573731, 41.124027252197301 ], [ 13.866250038146999, 41.124027252197301 ], [ 13.866250038146999, 41.124862670898402 ], [ 13.8659715652466, 41.124862670898402 ], [ 13.8659715652466, 41.125137329101698 ], [ 13.865415573120201, 41.125137329101698 ], [ 13.865415573120201, 41.125415802002102 ], [ 13.8651380538941, 41.125415802002102 ], [ 13.8651380538941, 41.125694274902401 ], [ 13.8648624420166, 41.125694274902401 ], [ 13.8648624420166, 41.126251220703203 ], [ 13.864582061767599, 41.126251220703203 ], [ 13.864582061767599, 41.1265258789062 ], [ 13.864306449890099, 41.126529693603601 ], [ 13.864306449890099, 41.127082824707102 ], [ 13.8640279769897, 41.127082824707102 ], [ 13.8640279769897, 41.1273612976075 ], [ 13.863750457763601, 41.1273612976075 ], [ 13.863750457763601, 41.1281929016113 ], [ 13.863471984863301, 41.1281929016113 ], [ 13.863471984863301, 41.128749847412102 ], [ 13.8631944656372, 41.128749847412102 ], [ 13.8631944656372, 41.1290283203125 ], [ 13.8629159927368, 41.1290283203125 ], [ 13.8629159927368, 41.129306793212898 ], [ 13.8626384735107, 41.129306793212898 ], [ 13.8626384735107, 41.129581451416101 ], [ 13.8623600006103, 41.129585266113303 ], [ 13.8623600006103, 41.129859924316499 ], [ 13.862084388733001, 41.129859924316499 ], [ 13.862084388733001, 41.130138397216903 ], [ 13.861805915832599, 41.130138397216903 ], [ 13.861805915832599, 41.130416870117202 ], [ 13.8615283966065, 41.130416870117202 ], [ 13.8615283966065, 41.130973815917997 ], [ 13.861249923706101, 41.130973815917997 ], [ 13.861249923706101, 41.1312484741212 ], [ 13.86097240448, 41.1312484741212 ], [ 13.86097240448, 41.131526947021598 ], [ 13.860693931579601, 41.131526947021598 ], [ 13.860693931579601, 41.132083892822301 ], [ 13.8601398468018, 41.132083892822301 ], [ 13.8601398468018, 41.132637023925803 ], [ 13.8598623275757, 41.132637023925803 ], [ 13.8598623275757, 41.132915496826101 ], [ 13.8595838546753, 41.132915496826101 ], [ 13.8595838546753, 41.133472442627102 ], [ 13.859306335449199, 41.133472442627102 ], [ 13.859306335449199, 41.1337509155275 ], [ 13.8587503433228, 41.1337509155275 ], [ 13.8587503433228, 41.134029388427798 ], [ 13.858471870422401, 41.134029388427798 ], [ 13.858471870422401, 41.134304046630902 ], [ 13.857917785644499, 41.134304046630902 ], [ 13.857917785644499, 41.1345825195312 ], [ 13.857640266418599, 41.1345825195312 ], [ 13.857640266418599, 41.134860992431598 ], [ 13.8573617935182, 41.134860992431598 ], [ 13.8573617935182, 41.135692596435597 ], [ 13.857084274292101, 41.135692596435597 ], [ 13.857084274292101, 41.136249542236399 ], [ 13.856805801391699, 41.136249542236399 ], [ 13.856805801391699, 41.136528015136797 ], [ 13.8565282821656, 41.136528015136797 ], [ 13.8565282821656, 41.136806488037202 ], [ 13.856248855590801, 41.136806488037202 ], [ 13.856248855590801, 41.137084960937599 ], [ 13.855971336364901, 41.137084960937599 ], [ 13.855971336364901, 41.137638092041101 ], [ 13.855695724487401, 41.137638092041101 ], [ 13.855695724487401, 41.137916564941499 ], [ 13.8554153442384, 41.137916564941499 ], [ 13.8554153442384, 41.138195037841903 ], [ 13.8551397323609, 41.138195037841903 ], [ 13.8551397323609, 41.138473510742202 ], [ 13.854861259460501, 41.138473510742202 ], [ 13.854861259460501, 41.138748168945298 ], [ 13.854582786560099, 41.138748168945298 ], [ 13.854582786560099, 41.139026641845703 ], [ 13.8540267944337, 41.139026641845703 ], [ 13.8540267944337, 41.139305114746001 ], [ 13.853749275207599, 41.139305114746001 ], [ 13.853759765625, 41.139579772949297 ], [ 13.853472709655801, 41.139583587646399 ], [ 13.8534708023072, 41.139862060547003 ], [ 13.853193283081101, 41.139862060547003 ], [ 13.853193283081101, 41.140140533447401 ], [ 13.8526391983032, 41.140140533447401 ], [ 13.8526391983032, 41.140693664550803 ], [ 13.8523607254028, 41.140693664550803 ], [ 13.8523607254028, 41.1409721374512 ], [ 13.8520832061768, 41.1409721374512 ], [ 13.8520832061768, 41.141529083252003 ], [ 13.851804733276399, 41.141529083252003 ], [ 13.851804733276399, 41.141803741455099 ], [ 13.8515272140503, 41.141803741455099 ], [ 13.8515272140503, 41.142082214355497 ], [ 13.851248741149901, 41.142082214355497 ], [ 13.851248741149901, 41.142360687255902 ], [ 13.850973129272599, 41.142360687255902 ], [ 13.850973129272599, 41.1426391601563 ], [ 13.8506946563722, 41.1426391601563 ], [ 13.8506946563722, 41.143196105957102 ], [ 13.850417137146099, 41.143196105957102 ], [ 13.850417137146099, 41.143470764160298 ], [ 13.8501386642457, 41.143470764160298 ], [ 13.8501386642457, 41.143749237060703 ], [ 13.849861145019601, 41.143749237060703 ], [ 13.849861145019601, 41.144027709961101 ], [ 13.8495826721193, 41.144027709961101 ], [ 13.8495826721193, 41.144306182861399 ], [ 13.8493051528931, 41.144306182861399 ], [ 13.8493051528931, 41.145137786865199 ], [ 13.8490266799928, 41.145137786865199 ], [ 13.8490266799928, 41.145416259765597 ], [ 13.8487510681153, 41.145416259765597 ], [ 13.8487510681153, 41.145694732666001 ], [ 13.848472595214901, 41.145694732666001 ], [ 13.848472595214901, 41.146251678466903 ], [ 13.8481950759888, 41.146251678466903 ], [ 13.8481950759888, 41.146804809570298 ], [ 13.8479166030884, 41.146804809570298 ], [ 13.8479166030884, 41.147083282470703 ], [ 13.847639083862299, 41.147083282470703 ], [ 13.847639083862299, 41.147361755371101 ], [ 13.8473606109619, 41.147361755371101 ], [ 13.8473606109619, 41.147914886474702 ], [ 13.847083091735801, 41.147914886474702 ], [ 13.847083091735801, 41.148193359375099 ], [ 13.846529006957899, 41.148193359375099 ], [ 13.846529006957899, 41.148471832275398 ], [ 13.846248626709, 41.148471832275398 ], [ 13.846248626709, 41.148750305175803 ], [ 13.8459730148315, 41.148750305175803 ], [ 13.8459730148315, 41.149307250976598 ], [ 13.845694541931101, 41.149307250976598 ], [ 13.845694541931101, 41.149581909179801 ], [ 13.845417022705201, 41.149581909179801 ], [ 13.845417022705201, 41.149860382080199 ], [ 13.8451385498046, 41.149860382080199 ], [ 13.8451385498046, 41.150138854980597 ], [ 13.8448610305787, 41.150138854980597 ], [ 13.8448610305787, 41.150417327881001 ], [ 13.844582557678301, 41.150417327881001 ], [ 13.844582557678301, 41.150970458984403 ], [ 13.844306945800801, 41.150970458984403 ], [ 13.844306945800801, 41.151248931884801 ], [ 13.844025611877401, 41.151248931884801 ], [ 13.844025611877401, 41.151527404785199 ], [ 13.8437509536744, 41.151527404785199 ], [ 13.8437509536744, 41.151805877685497 ], [ 13.843473434448301, 41.151805877685497 ], [ 13.843473434448301, 41.152084350585902 ], [ 13.8431949615479, 41.152084350585902 ], [ 13.8431949615479, 41.152637481689503 ], [ 13.8429174423218, 41.152637481689503 ], [ 13.8429174423218, 41.152915954589901 ], [ 13.842638015747101, 41.152915954589901 ], [ 13.842638015747101, 41.153472900390597 ], [ 13.842359542846699, 41.153472900390597 ], [ 13.842359542846699, 41.154304504394602 ], [ 13.8420820236207, 41.154304504394602 ], [ 13.8420820236207, 41.154582977295 ], [ 13.841528892517101, 41.154582977295 ], [ 13.841528892517101, 41.154861450195398 ], [ 13.841250419616699, 41.154861450195398 ], [ 13.841250419616699, 41.155693054199297 ], [ 13.8409719467163, 41.155693054199297 ], [ 13.8409719467163, 41.155971527099702 ], [ 13.840694427490201, 41.155971527099702 ], [ 13.840694427490201, 41.156528472900497 ], [ 13.8401412963868, 41.156528472900497 ], [ 13.8401403427125, 41.156890869140597 ], [ 13.8401384353638, 41.157917022705099 ], [ 13.8398599624634, 41.157917022705099 ], [ 13.8398599624634, 41.159305572509801 ], [ 13.839584350586099, 41.159305572509801 ], [ 13.839584350586099, 41.159584045410199 ], [ 13.8393058776857, 41.159584045410199 ], [ 13.8393058776857, 41.159862518310497 ], [ 13.839028358459601, 41.159862518310497 ], [ 13.839028358459601, 41.1601371765138 ], [ 13.838749885559199, 41.1601371765138 ], [ 13.838749885559199, 41.160415649414198 ], [ 13.8384723663331, 41.160415649414198 ], [ 13.8384723663331, 41.160694122314503 ], [ 13.838193893432701, 41.160694122314503 ], [ 13.838193893432701, 41.160972595214901 ], [ 13.8376379013063, 41.160972595214901 ], [ 13.8376379013063, 41.161251068115298 ], [ 13.8373622894288, 41.161251068115298 ], [ 13.8373622894288, 41.161529541015703 ], [ 13.8370838165284, 41.161529541015703 ], [ 13.837081909179799, 41.162361145019602 ], [ 13.8365278244019, 41.162361145019602 ], [ 13.8365278244019, 41.16263961792 ], [ 13.836250305175801, 41.16263961792 ], [ 13.836250305175801, 41.163192749023402 ], [ 13.8359718322754, 41.163192749023402 ], [ 13.8359718322754, 41.1634712219238 ], [ 13.8356943130493, 41.1634712219238 ], [ 13.8356943130493, 41.163749694824197 ], [ 13.835415840148899, 41.163749694824197 ], [ 13.835415840148899, 41.164028167724602 ], [ 13.835140228271401, 41.164028167724602 ], [ 13.835140228271401, 41.164306640625 ], [ 13.8348598480225, 41.164306640625 ], [ 13.8348598480225, 41.164859771728601 ], [ 13.834584236145, 41.164859771728601 ], [ 13.834584236145, 41.165138244628999 ], [ 13.8343057632446, 41.165138244628999 ], [ 13.8343057632446, 41.165695190429702 ], [ 13.8340282440185, 41.165695190429702 ], [ 13.8340282440185, 41.165973663330099 ], [ 13.8337497711181, 41.165973663330099 ], [ 13.8337497711181, 41.166248321533303 ], [ 13.8331937789916, 41.166248321533303 ], [ 13.8331937789916, 41.1665267944337 ], [ 13.8329162597657, 41.1665267944337 ], [ 13.8329162597657, 41.166805267334098 ], [ 13.8326377868653, 41.166805267334098 ], [ 13.8326377868653, 41.167083740234403 ], [ 13.8323621749878, 41.167083740234403 ], [ 13.8323621749878, 41.167640686035199 ], [ 13.8320837020875, 41.167640686035199 ], [ 13.8320837020875, 41.167915344238203 ], [ 13.831527709961, 41.167915344238203 ], [ 13.831527709961, 41.168193817138601 ], [ 13.831250190734901, 41.168193817138601 ], [ 13.831250190734901, 41.168472290039198 ], [ 13.830971717834499, 41.168472290039198 ], [ 13.830971717834499, 41.16902923584 ], [ 13.8306941986085, 41.16902923584 ], [ 13.8306941986085, 41.169303894042997 ], [ 13.8304176330566, 41.169303894042997 ], [ 13.8304176330566, 41.169582366943402 ], [ 13.8301401138306, 41.169582366943402 ], [ 13.8301401138306, 41.1698608398438 ], [ 13.8295841217041, 41.1698608398438 ], [ 13.8295841217041, 41.170139312744098 ], [ 13.8293056488037, 41.170139312744098 ], [ 13.8293056488037, 41.170417785644503 ], [ 13.829027175903301, 41.170417785644503 ], [ 13.829027175903301, 41.170696258544901 ], [ 13.828748703002899, 41.170696258544901 ], [ 13.828748703002899, 41.171249389648501 ], [ 13.8284711837769, 41.171249389648501 ], [ 13.8284711837769, 41.171527862548899 ], [ 13.828195571899499, 41.171527862548899 ], [ 13.828195571899499, 41.171806335449297 ], [ 13.8279180526735, 41.171806335449297 ], [ 13.8279180526735, 41.172084808349702 ], [ 13.827361106872701, 41.172084808349702 ], [ 13.827361106872701, 41.172359466552798 ], [ 13.827082633972299, 41.172359466552798 ], [ 13.827082633972299, 41.172637939453203 ], [ 13.8268051147462, 41.172637939453203 ], [ 13.8268051147462, 41.172916412353601 ], [ 13.826526641845801, 41.172916412353601 ], [ 13.826526641845801, 41.173194885253999 ], [ 13.8262491226197, 41.173194885253999 ], [ 13.8262491226197, 41.173751831054702 ], [ 13.8259725570679, 41.173751831054702 ], [ 13.8259725570679, 41.174026489257798 ], [ 13.8254165649415, 41.174026489257798 ], [ 13.8254165649415, 41.174304962158097 ], [ 13.8251390457154, 41.174304962158097 ], [ 13.8251390457154, 41.174583435058501 ], [ 13.824583053588899, 41.174583435058501 ], [ 13.824583053588899, 41.174861907959098 ], [ 13.8240270614625, 41.174861907959098 ], [ 13.8240270614625, 41.175140380859503 ], [ 13.823751449585, 41.175140380859503 ], [ 13.823748588562101, 41.1754150390625 ], [ 13.8234710693359, 41.1754150390625 ], [ 13.8234710693359, 41.175971984863303 ], [ 13.8231954574584, 41.175971984863303 ], [ 13.8231954574584, 41.1762504577637 ], [ 13.8223609924316, 41.1762504577637 ], [ 13.8223609924316, 41.176528930664098 ], [ 13.822083473205501, 41.176528930664098 ], [ 13.822083473205501, 41.176807403564503 ], [ 13.821805000305099, 41.176807403564503 ], [ 13.821805000305099, 41.177082061767599 ], [ 13.8215265274047, 41.177082061767599 ], [ 13.8215265274047, 41.177639007568402 ], [ 13.8212509155275, 41.177639007568402 ], [ 13.8212509155275, 41.1779174804688 ], [ 13.8206949234009, 41.1779174804688 ], [ 13.8206949234009, 41.178195953369197 ], [ 13.820417404174901, 41.178195953369197 ], [ 13.820417404174901, 41.178470611572401 ], [ 13.820138931274499, 41.178470611572401 ], [ 13.820138931274499, 41.178749084472798 ], [ 13.819582939148001, 41.178749084472798 ], [ 13.819582939148001, 41.179027557373203 ], [ 13.8193054199219, 41.179027557373203 ], [ 13.8193054199219, 41.179306030273601 ], [ 13.818751335144, 41.179306030273601 ], [ 13.818751335144, 41.179584503173899 ], [ 13.8184728622437, 41.179584503173899 ], [ 13.8184728622437, 41.180416107177699 ], [ 13.818195343017599, 41.180416107177699 ], [ 13.818195343017599, 41.180973052978501 ], [ 13.8173608779907, 41.180973052978501 ], [ 13.8173608779907, 41.181804656982401 ], [ 13.816526412963899, 41.181804656982401 ], [ 13.816526412963899, 41.182083129882798 ], [ 13.8162508010865, 41.182083129882798 ], [ 13.8162508010865, 41.182361602783203 ], [ 13.815973281860501, 41.182361602783203 ], [ 13.815973281860501, 41.182918548583999 ], [ 13.815694808960099, 41.182918548583999 ], [ 13.815694808960099, 41.183193206787202 ], [ 13.8154163360597, 41.183193206787202 ], [ 13.8154163360597, 41.183471679687599 ], [ 13.8148603439332, 41.183471679687599 ], [ 13.8148603439332, 41.183750152587898 ], [ 13.8145847320557, 41.183750152587898 ], [ 13.8145847320557, 41.184028625488303 ], [ 13.814027786254901, 41.184028625488303 ], [ 13.814027786254901, 41.1843070983887 ], [ 13.8134717941285, 41.1843070983887 ], [ 13.8134717941285, 41.184581756591903 ], [ 13.813194274902401, 41.184581756591903 ], [ 13.813194274902401, 41.184860229492301 ], [ 13.812915802001999, 41.184886932373097 ], [ 13.812915802001999, 41.185417175293097 ], [ 13.8126382827759, 41.185417175293097 ], [ 13.8126382827759, 41.185974121093899 ], [ 13.812359809875501, 41.185974121093899 ], [ 13.812359809875501, 41.186527252197301 ], [ 13.812084197998001, 41.186527252197301 ], [ 13.812084197998001, 41.186805725097699 ], [ 13.811805725097701, 41.186805725097699 ], [ 13.811805725097701, 41.187084197997997 ], [ 13.8112497329712, 41.187084197997997 ], [ 13.8112497329712, 41.187362670898402 ], [ 13.810972213745099, 41.187362670898402 ], [ 13.810972213745099, 41.187637329101598 ], [ 13.8106937408447, 41.187637329101598 ], [ 13.8106937408447, 41.187915802002003 ], [ 13.810416221618601, 41.187915802002003 ], [ 13.810416221618601, 41.188194274902301 ], [ 13.810137748718301, 41.188194274902301 ], [ 13.810137748718301, 41.188472747802699 ], [ 13.8098621368409, 41.188472747802699 ], [ 13.8098621368409, 41.188751220703097 ], [ 13.809306144714499, 41.188751220703097 ], [ 13.809306144714499, 41.189025878906399 ], [ 13.8090276718141, 41.189029693603501 ], [ 13.8090276718141, 41.189304351806697 ], [ 13.808471679687599, 41.189304351806697 ], [ 13.808471679687599, 41.189582824707102 ], [ 13.8081941604615, 41.189582824707102 ], [ 13.8081941604615, 41.1898612976075 ], [ 13.807640075683601, 41.1898612976075 ], [ 13.807640075683601, 41.190139770507898 ], [ 13.807361602783301, 41.190139770507898 ], [ 13.807359695434601, 41.190418243408303 ], [ 13.8070840835571, 41.190418243408303 ], [ 13.8070840835571, 41.190692901611399 ], [ 13.8065280914307, 41.190692901611399 ], [ 13.8065280914307, 41.190971374511797 ], [ 13.805972099304199, 41.190971374511797 ], [ 13.805972099304199, 41.191249847412202 ], [ 13.8056936264038, 41.191249847412202 ], [ 13.8056936264038, 41.191528320312599 ], [ 13.8054180145263, 41.191528320312599 ], [ 13.8054180145263, 41.191806793212997 ], [ 13.805137634277299, 41.191806793212997 ], [ 13.805137634277299, 41.192081451416001 ], [ 13.804583549499499, 41.192085266113402 ], [ 13.804583549499499, 41.192359924316399 ], [ 13.8040275573732, 41.192359924316399 ], [ 13.8040275573732, 41.192916870117202 ], [ 13.803750038147101, 41.192916870117202 ], [ 13.803750038147101, 41.193195343017599 ], [ 13.8031930923463, 41.193195343017599 ], [ 13.8031930923463, 41.193473815917898 ], [ 13.8029146194457, 41.193473815917898 ], [ 13.8029146194457, 41.1937484741212 ], [ 13.802639961242701, 41.1937484741212 ], [ 13.802639961242701, 41.194026947021499 ], [ 13.802362442016699, 41.194026947021499 ], [ 13.802362442016699, 41.194305419921903 ], [ 13.8018045425416, 41.194305419921903 ], [ 13.8018045425416, 41.194583892822301 ], [ 13.801527023315501, 41.194583892822301 ], [ 13.801527023315501, 41.194862365722699 ], [ 13.801248550415099, 41.194862365722699 ], [ 13.801248550415099, 41.195137023925902 ], [ 13.800971031189, 41.195137023925902 ], [ 13.800971031189, 41.1954154968263 ], [ 13.800696372985801, 41.1954154968263 ], [ 13.800696372985801, 41.195693969726598 ], [ 13.800416946411101, 41.195693969726598 ], [ 13.800416946411101, 41.195972442627003 ], [ 13.800139427185099, 41.195972442627003 ], [ 13.800139427185099, 41.196250915527401 ], [ 13.799583435058601, 41.196250915527401 ], [ 13.799583435058601, 41.196529388427798 ], [ 13.7990274429321, 41.196529388427798 ], [ 13.7990274429321, 41.196804046630803 ], [ 13.798748970031699, 41.196804046630803 ], [ 13.798748970031699, 41.197082519531399 ], [ 13.7984733581544, 41.197082519531399 ], [ 13.7984733581544, 41.197360992431697 ], [ 13.798194885254, 41.197360992431697 ], [ 13.798194885254, 41.197639465332102 ], [ 13.7979173660279, 41.197639465332102 ], [ 13.7979173660279, 41.1979179382325 ], [ 13.7976388931276, 41.1979179382325 ], [ 13.7976388931276, 41.198192596435497 ], [ 13.797082901001099, 41.198192596435497 ], [ 13.797082901001099, 41.198471069335902 ], [ 13.7956953048706, 41.198471069335902 ], [ 13.7956953048706, 41.1987495422363 ], [ 13.7954168319703, 41.1987495422363 ], [ 13.7954168319703, 41.199306488037102 ], [ 13.7951393127441, 41.199306488037102 ], [ 13.7951393127441, 41.1995849609375 ], [ 13.794304847717299, 41.1995849609375 ], [ 13.794304847717299, 41.199859619140703 ], [ 13.794029235839799, 41.199859619140703 ], [ 13.7940273284912, 41.200138092041101 ], [ 13.793748855590801, 41.200138092041101 ], [ 13.793748855590801, 41.200416564941499 ], [ 13.793473243713301, 41.200416564941499 ], [ 13.793473243713301, 41.200973510742202 ], [ 13.792917251586999, 41.200973510742202 ], [ 13.792917251586999, 41.201248168945398 ], [ 13.7926387786865, 41.201248168945398 ], [ 13.7926387786865, 41.200973510742202 ], [ 13.7923612594606, 41.200973510742202 ], [ 13.7923612594606, 41.201248168945398 ], [ 13.792082786560201, 41.201248168945398 ], [ 13.792082786560201, 41.2018051147462 ], [ 13.7918052673341, 41.2018051147462 ], [ 13.7918052673341, 41.202083587646499 ], [ 13.7912511825562, 41.202083587646499 ], [ 13.7912511825562, 41.202640533447301 ], [ 13.7904167175294, 41.202640533447301 ], [ 13.7904167175294, 41.202915191650298 ], [ 13.7898607254029, 41.202915191650298 ], [ 13.7898607254029, 41.203193664550703 ], [ 13.789029121398899, 41.203193664550703 ], [ 13.789029121398899, 41.2034721374513 ], [ 13.7887506484985, 41.2034721374513 ], [ 13.7887506484985, 41.203750610351698 ], [ 13.7884731292725, 41.203750610351698 ], [ 13.7884731292725, 41.204029083252102 ], [ 13.787916183471699, 41.204029083252102 ], [ 13.787916183471699, 41.204582214355497 ], [ 13.7876377105713, 41.204582214355497 ], [ 13.7876377105713, 41.204860687255902 ], [ 13.787360191345201, 41.204860687255902 ], [ 13.787360191345201, 41.205417633056598 ], [ 13.7870845794679, 41.205417633056598 ], [ 13.7870845794679, 41.205696105957003 ], [ 13.7868041992188, 41.205696105957003 ], [ 13.7868041992188, 41.205970764160199 ], [ 13.786527633667101, 41.205970764160199 ], [ 13.786527633667101, 41.206249237060597 ], [ 13.786250114441, 41.206249237060597 ], [ 13.786250114441, 41.206527709961001 ], [ 13.785694122314601, 41.206527709961001 ], [ 13.785694122314601, 41.206806182861399 ], [ 13.7851381301881, 41.206806182861399 ], [ 13.7851381301881, 41.206527709961001 ], [ 13.7845821380616, 41.206527709961001 ], [ 13.7845821380616, 41.206806182861399 ], [ 13.784305572509799, 41.206806182861399 ], [ 13.784305572509799, 41.207359313965 ], [ 13.7845821380616, 41.207359313965 ], [ 13.7845821380616, 41.207637786865298 ], [ 13.784305572509799, 41.207637786865298 ], [ 13.784305572509799, 41.207916259765703 ], [ 13.7837495803834, 41.207916259765703 ], [ 13.7837495803834, 41.208194732666101 ], [ 13.7831935882569, 41.208194732666101 ], [ 13.7831935882569, 41.208473205566499 ], [ 13.7826375961304, 41.208473205566499 ], [ 13.7826375961304, 41.208751678466903 ], [ 13.7820844650268, 41.208751678466903 ], [ 13.7820844650268, 41.209026336669901 ], [ 13.781805992126399, 41.209026336669901 ], [ 13.781805992126399, 41.209304809570199 ], [ 13.7815284729003, 41.209304809570199 ], [ 13.7815284729003, 41.2098617553712 ], [ 13.7809715270996, 41.2098617553712 ], [ 13.7809715270996, 41.210140228271598 ], [ 13.7804155349731, 41.210140228271598 ], [ 13.7804155349731, 41.210414886474602 ], [ 13.780139923095801, 41.210414886474602 ], [ 13.780139923095801, 41.210693359375 ], [ 13.7798624038697, 41.210693359375 ], [ 13.7798624038697, 41.210971832275398 ], [ 13.7795839309693, 41.210971832275398 ], [ 13.7795839309693, 41.211250305175803 ], [ 13.7790279388428, 41.211250305175803 ], [ 13.7790279388428, 41.2115287780762 ], [ 13.778471946716399, 41.2115287780762 ], [ 13.778471946716399, 41.211807250976598 ], [ 13.7781944274903, 41.211807250976598 ], [ 13.7781944274903, 41.212081909179702 ], [ 13.7779178619385, 41.212081909179702 ], [ 13.7779178619385, 41.212360382080099 ], [ 13.777640342712401, 41.212360382080099 ], [ 13.7776384353638, 41.212638854980497 ], [ 13.7770843505859, 41.212638854980497 ], [ 13.7770843505859, 41.212917327880902 ], [ 13.776805877685501, 41.212917327880902 ], [ 13.776805877685501, 41.2131958007813 ], [ 13.7762498855591, 41.2131958007813 ], [ 13.7762498855591, 41.213470458984503 ], [ 13.775695800781399, 41.213470458984503 ], [ 13.775695800781399, 41.213748931884901 ], [ 13.7754154205322, 41.213748931884901 ], [ 13.7754154205322, 41.214027404785298 ], [ 13.775139808654901, 41.214027404785298 ], [ 13.775139808654901, 41.214305877685703 ], [ 13.7745828628541, 41.214305877685703 ], [ 13.7745828628541, 41.214584350586101 ], [ 13.774026870727701, 41.214584350586101 ], [ 13.774026870727701, 41.214862823486399 ], [ 13.7737493515016, 41.214862823486399 ], [ 13.7737493515016, 41.215137481689503 ], [ 13.7734708786012, 41.215137481689503 ], [ 13.7734708786012, 41.215415954589801 ], [ 13.773193359375099, 41.215415954589801 ], [ 13.773193359375099, 41.215694427490199 ], [ 13.772916793823301, 41.215694427490199 ], [ 13.772916793823301, 41.215972900390597 ], [ 13.7726392745972, 41.215972900390597 ], [ 13.7726392745972, 41.216251373291101 ], [ 13.7723608016968, 41.216251373291101 ], [ 13.7723608016968, 41.216526031494197 ], [ 13.7718048095704, 41.216526031494197 ], [ 13.7718048095704, 41.216804504394503 ], [ 13.770973205566399, 41.216804504394503 ], [ 13.770973205566399, 41.217082977294901 ], [ 13.770694732666, 41.217082977294901 ], [ 13.770694732666, 41.217361450195298 ], [ 13.770138740539601, 41.217361450195298 ], [ 13.770138740539601, 41.217639923095703 ], [ 13.7698612213134, 41.217639923095703 ], [ 13.7698612213134, 41.217918395996101 ], [ 13.769305229186999, 41.217918395996101 ], [ 13.769305229186999, 41.218193054199297 ], [ 13.7690267562866, 41.218193054199297 ], [ 13.7690267562866, 41.218471527099702 ], [ 13.7687511444093, 41.218471527099702 ], [ 13.7687511444093, 41.21875 ], [ 13.768472671508899, 41.21875 ], [ 13.768472671508899, 41.219028472900398 ], [ 13.7681951522828, 41.219028472900398 ], [ 13.7681951522828, 41.219306945800803 ], [ 13.767083168029799, 41.219306945800803 ], [ 13.767083168029799, 41.219581604003999 ], [ 13.7668046951294, 41.219581604003999 ], [ 13.7668046951294, 41.219860076904403 ], [ 13.766529083251999, 41.219860076904403 ], [ 13.766529083251999, 41.220417022705199 ], [ 13.7668046951294, 41.220417022705199 ], [ 13.7668046951294, 41.220695495605597 ], [ 13.766529083251999, 41.220695495605597 ], [ 13.766529083251999, 41.220973968506001 ], [ 13.766248703003001, 41.220973968506001 ], [ 13.766248703003001, 41.221248626708999 ], [ 13.764861106872599, 41.221248626708999 ], [ 13.764861106872599, 41.221805572509801 ], [ 13.764305114746101, 41.221805572509801 ], [ 13.764305114746101, 41.222084045410099 ], [ 13.7637510299684, 41.222084045410099 ], [ 13.7637510299684, 41.222362518310497 ], [ 13.7631950378419, 41.222362518310497 ], [ 13.7631950378419, 41.2226371765137 ], [ 13.7629165649415, 41.2226371765137 ], [ 13.7629165649415, 41.223194122314403 ], [ 13.7631950378419, 41.223194122314403 ], [ 13.763176918029799, 41.223472595214801 ], [ 13.7629165649415, 41.223472595214801 ], [ 13.7629165649415, 41.223648071289098 ], [ 13.7630014419556, 41.223590850830099 ], [ 13.7645273208618, 41.225555419921903 ], [ 13.765119552612401, 41.226398468017599 ], [ 13.765650749206699, 41.227241516113303 ], [ 13.7666950225831, 41.228931427002003 ], [ 13.770313262939499, 41.235073089599702 ], [ 13.7714853286744, 41.239418029785298 ], [ 13.7746362686157, 41.243656158447301 ], [ 13.7814102172853, 41.243488311767699 ], [ 13.8086471557618, 41.245792388916101 ], [ 13.819704055786101, 41.246795654296903 ], [ 13.831714630126999, 41.251190185546903 ], [ 13.832127571106, 41.25146484375 ], [ 13.834411621093899, 41.253196716308601 ], [ 13.8391799926759, 41.26029586792 ], [ 13.8410091400147, 41.263534545898402 ], [ 13.840695381164499, 41.264373779297003 ], [ 13.8358182907106, 41.267444610595703 ], [ 13.8349027633668, 41.267875671386697 ], [ 13.8284587860109, 41.278450012207102 ], [ 13.828127861023001, 41.279571533203203 ], [ 13.828362464904901, 41.280601501465 ], [ 13.8289852142335, 41.281738281250099 ], [ 13.829170227050801, 41.281906127929702 ], [ 13.829312324523899, 41.282035827636697 ], [ 13.834309577941999, 41.282463073730497 ], [ 13.846205711364799, 41.288345336914098 ], [ 13.851946830749499, 41.290565490722699 ], [ 13.8570623397828, 41.291824340820398 ], [ 13.865254402160801, 41.291084289550902 ], [ 13.879942893981999, 41.291778564453203 ], [ 13.883223533630501, 41.291934967041101 ], [ 13.884919166565, 41.292709350585902 ], [ 13.8875741958618, 41.294609069824197 ], [ 13.8906259536743, 41.298477172851598 ], [ 13.895624160766699, 41.311527252197301 ], [ 13.8957014083863, 41.312629699707102 ], [ 13.893616676330501, 41.3157768249513 ], [ 13.8928489685059, 41.316726684570298 ], [ 13.888682365417599, 41.320587158203203 ], [ 13.880410194397101, 41.328681945800902 ], [ 13.879412651061999, 41.329765319824297 ], [ 13.874561309814601, 41.336616516113303 ], [ 13.874288558959901, 41.337272644043097 ], [ 13.874112129211399, 41.337818145752003 ], [ 13.8740749359132, 41.338485717773402 ], [ 13.874280929565399, 41.338973999023501 ], [ 13.8745880126953, 41.339321136474602 ], [ 13.8774719238282, 41.339778900146499 ], [ 13.8782672882081, 41.340057373046903 ], [ 13.878396987915, 41.340286254882898 ], [ 13.878522872924799, 41.340507507324297 ], [ 13.8787508010865, 41.341098785400398 ], [ 13.8788976669312, 41.341640472412102 ], [ 13.8788375854493, 41.342296600341903 ], [ 13.8785457611084, 41.344043731689602 ], [ 13.878339767456101, 41.344940185546903 ], [ 13.8781385421753, 41.345527648925803 ], [ 13.877699851989901, 41.345951080322401 ], [ 13.8765048980713, 41.346664428710902 ], [ 13.875843048095801, 41.346908569336001 ], [ 13.8750715255738, 41.347167968750099 ], [ 13.874539375305201, 41.347652435302798 ], [ 13.874037742614799, 41.348312377929801 ], [ 13.8717050552368, 41.358081817627003 ], [ 13.8716459274293, 41.365673065185497 ], [ 13.874509811401399, 41.375705718994297 ], [ 13.8747510910035, 41.376293182372997 ], [ 13.875405311584499, 41.377204895019503 ], [ 13.877144813537701, 41.379631042480398 ], [ 13.877510070800801, 41.380123138427699 ], [ 13.877764701843301, 41.380470275878999 ], [ 13.878211975097701, 41.380786895752003 ], [ 13.878615379333599, 41.381069183349602 ], [ 13.8830547332763, 41.383716583252102 ], [ 13.883921623230099, 41.384029388427798 ], [ 13.8843431472779, 41.384109497070398 ], [ 13.8850297927857, 41.384239196777301 ], [ 13.8861742019654, 41.384559631347798 ], [ 13.8868732452393, 41.384899139404297 ], [ 13.887211799621699, 41.385433197021598 ], [ 13.8867044448854, 41.386447906494098 ], [ 13.877319335937599, 41.397789001464801 ], [ 13.870136260986399, 41.405956268310597 ], [ 13.8639001846313, 41.410930633545 ], [ 13.862097740173301, 41.417556762695398 ], [ 13.862115859985501, 41.418346405029403 ], [ 13.8621273040771, 41.418624877929702 ], [ 13.8626928329468, 41.419078826904297 ], [ 13.876033782959, 41.427406311035199 ], [ 13.8862161636353, 41.428268432617102 ], [ 13.887137413024901, 41.428344726562599 ], [ 13.8882246017457, 41.427738189697401 ], [ 13.8900852203369, 41.426685333252003 ], [ 13.892592430114901, 41.425621032714801 ], [ 13.901547431945801, 41.426822662353601 ], [ 13.905724525451699, 41.427433013916001 ], [ 13.9091501235962, 41.4295463562012 ], [ 13.9117431640625, 41.429679870605497 ], [ 13.9121122360231, 41.431262969970703 ], [ 13.914467811584499, 41.434207916259801 ], [ 13.9255342483522, 41.4381294250488 ], [ 13.9321155548097, 41.441143035888601 ], [ 13.932132720947299, 41.441570281982401 ], [ 13.932691574096699, 41.442508697509801 ], [ 13.944611549377401, 41.450813293457003 ], [ 13.957443237304799, 41.458362579345703 ], [ 13.958332061767701, 41.458988189697301 ], [ 13.9596529006959, 41.4601860046388 ], [ 13.960215568542599, 41.460994720458999 ], [ 13.9611778259278, 41.462902069091797 ], [ 13.961379051208599, 41.463855743408203 ], [ 13.961667060852101, 41.464591979980497 ], [ 13.962116241455201, 41.464935302734403 ], [ 13.9631547927856, 41.465106964111399 ], [ 13.963968276977701, 41.465133666992202 ], [ 13.9651184082031, 41.465106964111399 ], [ 13.96653175354, 41.465065002441499 ], [ 13.9768743515016, 41.464492797851698 ], [ 13.977573394775501, 41.464271545410298 ], [ 13.978284835815399, 41.463912963867301 ], [ 13.9787950515747, 41.463470458984403 ], [ 13.9798860549928, 41.462574005127003 ], [ 13.980649948120201, 41.461948394775398 ], [ 13.9861907958985, 41.4590644836425 ], [ 13.987263679504499, 41.458683013916001 ], [ 13.9885854721069, 41.458408355712898 ], [ 13.990059852600201, 41.458286285400497 ], [ 14.00230884552, 41.455104827880902 ], [ 14.0035705566407, 41.454746246337898 ], [ 14.006661415100201, 41.453826904296797 ], [ 14.007921218872101, 41.452869415283303 ], [ 14.008547782897899, 41.451808929443501 ], [ 14.0089712142944, 41.450794219970803 ], [ 14.0095720291138, 41.449085235595803 ], [ 14.0098791122438, 41.447723388671797 ], [ 14.0101127624512, 41.446559906005902 ], [ 14.0094738006593, 41.442863464355497 ], [ 14.0093126296997, 41.4421615600587 ], [ 14.009295463561999, 41.442085266113303 ], [ 14.008898735046399, 41.440563201904197 ], [ 14.008460044860801, 41.439540863037202 ], [ 14.005730628967401, 41.435577392578097 ], [ 14.004423141479499, 41.434200286865298 ], [ 14.002937316894499, 41.432819366455099 ], [ 14.002226829528899, 41.432258605957102 ], [ 14.0015859603882, 41.431922912597699 ], [ 14.005901336669901, 41.425994873046903 ], [ 14.006553649902299, 41.425563812255902 ], [ 14.0074787139894, 41.425346374511797 ], [ 14.0084629058837, 41.425117492675803 ], [ 14.010396003723301, 41.424758911132898 ], [ 14.0130167007446, 41.424709320068501 ], [ 14.013841629028301, 41.424781799316499 ], [ 14.0150699615479, 41.425041198730497 ], [ 14.01628780365, 41.425224304199197 ], [ 14.017474174499499, 41.425117492675803 ], [ 14.018573760986399, 41.424411773681598 ], [ 14.0194110870362, 41.423618316650398 ], [ 14.0240125656128, 41.419227600097699 ], [ 14.0266580581666, 41.418357849121101 ], [ 14.0274581909181, 41.417678833007898 ], [ 14.030262947082599, 41.414127349853601 ], [ 14.030678749084499, 41.4135551452637 ], [ 14.030856132507299, 41.412891387939602 ], [ 14.030616760254, 41.412033081054801 ], [ 14.030378341674901, 41.4111938476563 ], [ 14.029569625854499, 41.409366607666101 ], [ 14.039854049682599, 41.396610260009801 ], [ 14.040702819824199, 41.395786285400398 ], [ 14.042157173156699, 41.394546508789098 ], [ 14.0425701141357, 41.394260406494098 ], [ 14.0432691574097, 41.393772125244197 ], [ 14.0542459487915, 41.397369384765597 ], [ 14.0556983947754, 41.397758483886697 ], [ 14.0615053176881, 41.3990287780762 ], [ 14.0622215270997, 41.399143218994297 ], [ 14.0843467712403, 41.401138305664198 ], [ 14.0850954055787, 41.401073455810703 ], [ 14.0856533050537, 41.401027679443501 ], [ 14.0892963409425, 41.399768829345703 ], [ 14.090332031250099, 41.3991889953613 ], [ 14.0911321640016, 41.398422241211001 ], [ 14.092018127441399, 41.397491455078203 ], [ 14.0925722122193, 41.396377563476698 ], [ 14.0927829742432, 41.395786285400398 ], [ 14.093385696411101, 41.394657135009801 ], [ 14.094009399414199, 41.393749237060597 ], [ 14.094726562500099, 41.392765045166101 ], [ 14.0958166122437, 41.391822814941499 ], [ 14.0969858169556, 41.391189575195398 ], [ 14.112322807312101, 41.387428283691499 ], [ 14.115752220153899, 41.390308380127003 ], [ 14.1143770217897, 41.391143798828203 ], [ 14.104721069336099, 41.402778625488303 ], [ 14.104422569275, 41.403144836425803 ], [ 14.104318618774499, 41.403274536132798 ], [ 14.104076385498001, 41.404422760009801 ], [ 14.1041841506959, 41.405258178711001 ], [ 14.105710983276399, 41.411670684814503 ], [ 14.1079607009888, 41.416915893554702 ], [ 14.1083726882935, 41.417423248291101 ], [ 14.106990814209, 41.422191619873097 ], [ 14.1066207885743, 41.4230575561525 ], [ 14.106114387512299, 41.424247741699297 ], [ 14.105908393859901, 41.424396514892599 ], [ 14.104836463928301, 41.424919128417997 ], [ 14.1024074554443, 41.425819396972699 ], [ 14.100721359252899, 41.426517486572301 ], [ 14.085201263427701, 41.440643310547003 ], [ 14.080210685729901, 41.445880889892699 ], [ 14.079649925231999, 41.446643829345803 ], [ 14.0792798995972, 41.4474906921387 ], [ 14.0792398452759, 41.447685241699297 ], [ 14.079253196716399, 41.448070526122997 ], [ 14.087691307068001, 41.460651397705099 ], [ 14.0866441726685, 41.463443756103601 ], [ 14.097809791565, 41.478584289550902 ], [ 14.1007165908815, 41.482261657714801 ], [ 14.104290008544901, 41.484661102294901 ], [ 14.1087799072266, 41.4865112304688 ], [ 14.119255065918001, 41.497600555419901 ], [ 14.1194257736207, 41.498222351074297 ], [ 14.1195878982544, 41.502105712890597 ], [ 14.1194190979004, 41.50492477417 ], [ 14.1194982528687, 41.506134033203097 ], [ 14.1203908920288, 41.5075073242188 ], [ 14.121642112731999, 41.507987976074197 ], [ 14.123506546020501, 41.508281707763601 ], [ 14.126154899597299, 41.508354187011797 ], [ 14.1328992843628, 41.501335144042997 ], [ 14.152525901794499, 41.483646392822401 ], [ 14.1536226272584, 41.4831352233887 ], [ 14.158269882202299, 41.481262207031399 ], [ 14.160000801086399, 41.480808258056598 ], [ 14.1609859466553, 41.480575561523402 ], [ 14.165846824646099, 41.479770660400398 ] ] ] ] } }
]
}
