{
"type": "FeatureCollection",
"name": "Calabria",
"crs": { "type": "name", "properties": { "name": "urn:ogc:def:crs:OGC:1.3:CRS84" } },
"features": [
{ "type": "Feature", "properties": { "tessellate": -1, "extrude": 0, "visibility": -1, "cartodb_id": 4, "ccn_1": 0.0, "id_1": 4.0, "id_0": 112.0, "varname_1": "Calabre|Calabrie|Kalabrien", "engtype_1": "Region", "type_1": "Regione", "cca_1": "18", "name_1": "Calabria", "name_0": "Italy", "iso": "ITA" }, "geometry": { "type": "MultiPolygon", "coordinates": [ [ [ [ 15.802082061767599, 39.700138092041001 ], [ 15.802082061767599, 39.699859619140597 ], [ 15.8023624420166, 39.699859619140597 ], [ 15.8023624420166, 39.699584960937599 ], [ 15.802915573120201, 39.699584960937599 ], [ 15.802915573120201, 39.699306488037202 ], [ 15.8031940460206, 39.699306488037202 ], [ 15.8031940460206, 39.699028015136797 ], [ 15.8034715652466, 39.699028015136797 ], [ 15.8034715652466, 39.697639465332102 ], [ 15.8031940460206, 39.697639465332102 ], [ 15.8031940460206, 39.697360992431697 ], [ 15.8026380538941, 39.697360992431697 ], [ 15.8026380538941, 39.6970825195313 ], [ 15.8004159927368, 39.6970825195313 ], [ 15.8004159927368, 39.697360992431697 ], [ 15.8001384735107, 39.697360992431697 ], [ 15.8001384735107, 39.699028015136797 ], [ 15.8004159927368, 39.699028015136797 ], [ 15.8004159927368, 39.699859619140597 ], [ 15.8006944656372, 39.699859619140597 ], [ 15.8006944656372, 39.700138092041001 ], [ 15.802082061767599, 39.700138092041001 ] ] ], [ [ [ 16.422868728637699, 40.143703460693501 ], [ 16.434886932373001, 40.128673553466903 ], [ 16.435441970825199, 40.128738403320398 ], [ 16.436235427856499, 40.128971099853601 ], [ 16.4367561340331, 40.129226684570298 ], [ 16.438381195068398, 40.130062103271499 ], [ 16.4390354156494, 40.130405426025298 ], [ 16.439735412597699, 40.130821228027401 ], [ 16.440366744995199, 40.131221771240199 ], [ 16.442430496215799, 40.132274627685703 ], [ 16.444099426269499, 40.133098602294901 ], [ 16.444730758666999, 40.133346557617301 ], [ 16.451347351074201, 40.135414123535298 ], [ 16.4519367218019, 40.135585784912102 ], [ 16.452384948730501, 40.135707855224702 ], [ 16.4527988433838, 40.135799407958999 ], [ 16.464900970458999, 40.135402679443402 ], [ 16.471586227416999, 40.135078430175703 ], [ 16.472578048706101, 40.134830474853501 ], [ 16.477697372436602, 40.132720947265703 ], [ 16.478349685668899, 40.132442474365298 ], [ 16.481855392456101, 40.130722045898402 ], [ 16.484254837036101, 40.129356384277301 ], [ 16.4848651885987, 40.128818511962898 ], [ 16.485456466674801, 40.128440856933601 ], [ 16.486011505126999, 40.128173828125099 ], [ 16.4865837097168, 40.127922058105497 ], [ 16.487176895141701, 40.127674102783303 ], [ 16.487829208374102, 40.127510070800803 ], [ 16.494138717651399, 40.126205444336001 ], [ 16.495483398437599, 40.126075744628999 ], [ 16.498014450073399, 40.126937866210902 ], [ 16.498407363891701, 40.127140045166101 ], [ 16.503902435302699, 40.130897521972699 ], [ 16.515846252441399, 40.129722595215 ], [ 16.530830383300898, 40.119091033935597 ], [ 16.531358718872099, 40.119152069091697 ], [ 16.531690597534201, 40.119270324707003 ], [ 16.5328178405762, 40.119842529296903 ], [ 16.538093566894599, 40.122817993164198 ], [ 16.538547515869201, 40.123081207275398 ], [ 16.539047241211101, 40.123443603515597 ], [ 16.540706634521399, 40.124683380126903 ], [ 16.544481277465799, 40.1260375976563 ], [ 16.555496215820298, 40.129459381103501 ], [ 16.562664031982401, 40.130878448486399 ], [ 16.5634365081788, 40.130794525146399 ], [ 16.564031600952099, 40.130649566650398 ], [ 16.564798355102599, 40.130332946777301 ], [ 16.5665187835693, 40.129463195800803 ], [ 16.566841125488299, 40.129299163818402 ], [ 16.567176818847699, 40.129081726074297 ], [ 16.567396163940501, 40.128864288330199 ], [ 16.567796707153299, 40.128452301025497 ], [ 16.569229125976499, 40.127994537353501 ], [ 16.572364807128999, 40.127498626709098 ], [ 16.573125839233501, 40.127445220947301 ], [ 16.573585510253999, 40.127536773681797 ], [ 16.580766677856399, 40.131061553955099 ], [ 16.586235046386701, 40.134021759033303 ], [ 16.588020324707099, 40.134117126465 ], [ 16.591968536377099, 40.133766174316399 ], [ 16.595535278320298, 40.133266448974503 ], [ 16.5959091186525, 40.133178710937401 ], [ 16.596408843994102, 40.132972717285298 ], [ 16.596593856811602, 40.132884979247997 ], [ 16.596815109253001, 40.132778167724702 ], [ 16.597349166870199, 40.132537841796903 ], [ 16.597885131835898, 40.132324218750099 ], [ 16.599197387695298, 40.1318168640137 ], [ 16.601062774658299, 40.131202697753999 ], [ 16.6030673980713, 40.130653381347798 ], [ 16.603710174560501, 40.130493164062599 ], [ 16.6041660308837, 40.130405426025298 ], [ 16.611019134521499, 40.129867553711001 ], [ 16.611629486084102, 40.129898071289198 ], [ 16.612195968628001, 40.130058288574297 ], [ 16.614646911621101, 40.130916595458999 ], [ 16.617084503173899, 40.131782531738402 ], [ 16.6175346374513, 40.131942749023501 ], [ 16.621198654174901, 40.132999420166101 ], [ 16.621751785278299, 40.133098602294901 ], [ 16.622428894042901, 40.1328926086425 ], [ 16.627677917480501, 40.131057739257898 ], [ 16.6285724639894, 40.130725860595803 ], [ 16.640907287597798, 40.1229248046875 ], [ 16.644674301147599, 40.1200370788575 ], [ 16.645368576049901, 40.119583129882898 ], [ 16.6445827484131, 40.119583129882898 ], [ 16.6445827484131, 40.1193046569825 ], [ 16.6443061828613, 40.1193046569825 ], [ 16.6443061828613, 40.119026184082102 ], [ 16.644027709960898, 40.119026184082102 ], [ 16.644027709960898, 40.118751525878999 ], [ 16.643680572509901, 40.118751525878999 ], [ 16.6434726715087, 40.118751525878999 ], [ 16.6434726715087, 40.118480682373097 ], [ 16.642639160156399, 40.118473052978601 ], [ 16.642639160156399, 40.118194580078203 ], [ 16.642084121704201, 40.118194580078203 ], [ 16.642084121704201, 40.117916107177798 ], [ 16.641807556152401, 40.117916107177798 ], [ 16.641807556152401, 40.117637634277401 ], [ 16.641525268554702, 40.117637634277401 ], [ 16.641525268554702, 40.116806030273402 ], [ 16.641807556152401, 40.116806030273402 ], [ 16.641807556152401, 40.116527557372997 ], [ 16.641960144043001, 40.116527557372997 ], [ 16.642360687255799, 40.116527557372997 ], [ 16.642360687255799, 40.116806030273402 ], [ 16.643194198608398, 40.116806030273402 ], [ 16.643194198608398, 40.116249084472699 ], [ 16.642639160156399, 40.116249084472699 ], [ 16.642639160156399, 40.115970611572301 ], [ 16.642360687255799, 40.115970611572301 ], [ 16.642360687255799, 40.115695953369197 ], [ 16.641807556152401, 40.115695953369197 ], [ 16.641807556152401, 40.115139007568501 ], [ 16.641525268554702, 40.115139007568501 ], [ 16.641525268554702, 40.114860534667898 ], [ 16.640695571899499, 40.114860534667898 ], [ 16.640695571899499, 40.114307403564503 ], [ 16.6409721374512, 40.114307403564503 ], [ 16.6409721374512, 40.113471984863402 ], [ 16.638750076293899, 40.113471984863402 ], [ 16.638750076293899, 40.113193511962997 ], [ 16.6380729675294, 40.113193511962997 ], [ 16.637916564941399, 40.113193511962997 ], [ 16.637916564941399, 40.113075256347699 ], [ 16.637916564941399, 40.112915039062599 ], [ 16.637699127197301, 40.112915039062599 ], [ 16.636806488037202, 40.112915039062599 ], [ 16.636804580688501, 40.112640380859403 ], [ 16.6365280151368, 40.112640380859403 ], [ 16.6365280151368, 40.112361907958999 ], [ 16.635971069335898, 40.112361907958999 ], [ 16.635971069335898, 40.1120834350587 ], [ 16.6356945037843, 40.1120834350587 ], [ 16.6356945037843, 40.111804962158303 ], [ 16.635139465332099, 40.111804962158303 ], [ 16.635139465332099, 40.111526489257898 ], [ 16.6345825195313, 40.111526489257898 ], [ 16.6345825195313, 40.111251831054702 ], [ 16.634305953979499, 40.111251831054702 ], [ 16.634305953979499, 40.110694885253899 ], [ 16.634027481079201, 40.110694885253899 ], [ 16.634027481079201, 40.110416412353501 ], [ 16.633750915527301, 40.110416412353501 ], [ 16.633750915527301, 40.110137939453097 ], [ 16.633193969726602, 40.110137939453097 ], [ 16.633193969726602, 40.109859466552699 ], [ 16.632917404174801, 40.109859466552699 ], [ 16.632917404174801, 40.109584808349702 ], [ 16.6326389312744, 40.109584808349702 ], [ 16.6326389312744, 40.109306335449297 ], [ 16.632083892822301, 40.109306335449297 ], [ 16.632083892822301, 40.109027862548899 ], [ 16.631528854370199, 40.109027862548899 ], [ 16.631528854370199, 40.108749389648601 ], [ 16.631250381469702, 40.108749389648601 ], [ 16.631250381469702, 40.108470916747997 ], [ 16.630695343017699, 40.108470916747997 ], [ 16.630695343017699, 40.107917785644602 ], [ 16.630418777465898, 40.107917785644602 ], [ 16.630418777465898, 40.107639312744197 ], [ 16.6301383972169, 40.107639312744197 ], [ 16.6301383972169, 40.1073608398438 ], [ 16.629861831665099, 40.1073608398438 ], [ 16.629861831665099, 40.107082366943501 ], [ 16.629583358764801, 40.107082366943501 ], [ 16.629583358764801, 40.106803894043097 ], [ 16.629306793212901, 40.106803894043097 ], [ 16.629306793212901, 40.106529235839801 ], [ 16.629028320312599, 40.106529235839801 ], [ 16.629028320312599, 40.106250762939403 ], [ 16.628749847412202, 40.106250762939403 ], [ 16.628749847412202, 40.105518341064503 ], [ 16.628749847412202, 40.105415344238303 ], [ 16.628635406494102, 40.105415344238303 ], [ 16.6284713745118, 40.105415344238303 ], [ 16.6284713745118, 40.105266571044901 ], [ 16.6284713745118, 40.104862213134801 ], [ 16.628023147583001, 40.104862213134801 ], [ 16.627914428711101, 40.104862213134801 ], [ 16.627914428711101, 40.104763031005902 ], [ 16.627914428711101, 40.104583740234403 ], [ 16.6277160644532, 40.104583740234403 ], [ 16.627361297607401, 40.104583740234403 ], [ 16.627361297607401, 40.104305267333999 ], [ 16.6270847320557, 40.104305267333999 ], [ 16.6270847320557, 40.104026794433601 ], [ 16.626806259155298, 40.104026794433601 ], [ 16.626806259155298, 40.1037406921387 ], [ 16.626806259155298, 40.103195190429801 ], [ 16.626527786254901, 40.103195190429801 ], [ 16.626527786254901, 40.102638244628999 ], [ 16.625974655151499, 40.102638244628999 ], [ 16.625974655151499, 40.102359771728601 ], [ 16.6256923675537, 40.102359771728601 ], [ 16.6256923675537, 40.102085113525398 ], [ 16.625415802001999, 40.102085113525398 ], [ 16.625415802001999, 40.101528167724702 ], [ 16.625139236450298, 40.101528167724702 ], [ 16.625139236450298, 40.101249694824297 ], [ 16.624860763549702, 40.101249694824297 ], [ 16.624860763549702, 40.100971221923899 ], [ 16.6245822906494, 40.100971221923899 ], [ 16.6245822906494, 40.100692749023601 ], [ 16.624305725097798, 40.100692749023601 ], [ 16.624305725097798, 40.100418090820298 ], [ 16.624027252197401, 40.100418090820298 ], [ 16.624027252197401, 40.100139617919901 ], [ 16.623470306396602, 40.100139617919901 ], [ 16.623470306396602, 40.099861145019503 ], [ 16.623193740844801, 40.099861145019503 ], [ 16.623193740844801, 40.099029541015597 ], [ 16.622917175293001, 40.099029541015597 ], [ 16.622917175293001, 40.098751068115199 ], [ 16.622638702392599, 40.098751068115199 ], [ 16.622638702392599, 40.098472595214801 ], [ 16.622083663940501, 40.098472595214801 ], [ 16.622083663940501, 40.098194122314503 ], [ 16.621528625488299, 40.098194122314503 ], [ 16.621528625488299, 40.097915649414098 ], [ 16.621250152587901, 40.097915649414098 ], [ 16.621250152587901, 40.0976371765137 ], [ 16.6209716796875, 40.0976371765137 ], [ 16.6209716796875, 40.097362518310703 ], [ 16.6206951141357, 40.097362518310703 ], [ 16.6206951141357, 40.096805572509901 ], [ 16.620138168335, 40.096805572509901 ], [ 16.620138168335, 40.096527099609503 ], [ 16.6198616027831, 40.096527099609503 ], [ 16.6198616027831, 40.096248626709098 ], [ 16.619583129882798, 40.096248626709098 ], [ 16.619583129882798, 40.095973968505902 ], [ 16.619304656982401, 40.095973968505902 ], [ 16.619304656982401, 40.095417022705099 ], [ 16.618749618530401, 40.095417022705099 ], [ 16.618749618530401, 40.095138549804702 ], [ 16.618473052978601, 40.095138549804702 ], [ 16.618473052978601, 40.094306945800803 ], [ 16.6181945800782, 40.094306945800803 ], [ 16.6181945800782, 40.094028472900398 ], [ 16.617916107177798, 40.094028472900398 ], [ 16.617916107177798, 40.09375 ], [ 16.6173610687256, 40.09375 ], [ 16.6173610687256, 40.093193054199297 ], [ 16.617082595825298, 40.093193054199297 ], [ 16.617082595825298, 40.0929183959962 ], [ 16.616807937622099, 40.0929183959962 ], [ 16.616807937622099, 40.092639923095597 ], [ 16.6165275573731, 40.092639923095597 ], [ 16.6165275573731, 40.092361450195298 ], [ 16.616249084472699, 40.092361450195298 ], [ 16.616249084472699, 40.092082977294901 ], [ 16.615972518920898, 40.092082977294901 ], [ 16.615972518920898, 40.091804504394503 ], [ 16.615695953369102, 40.091804504394503 ], [ 16.615695953369102, 40.091526031494098 ], [ 16.6154174804688, 40.091526031494098 ], [ 16.6154174804688, 40.091251373291101 ], [ 16.615139007568398, 40.091251373291101 ], [ 16.615139007568398, 40.090972900390703 ], [ 16.614860534668001, 40.090972900390703 ], [ 16.614860534668001, 40.090694427490298 ], [ 16.614585876465, 40.090694427490298 ], [ 16.614585876465, 40.09041595459 ], [ 16.614303588867202, 40.09041595459 ], [ 16.614303588867202, 40.090137481689602 ], [ 16.6140251159669, 40.090137481689602 ], [ 16.6140251159669, 40.089584350586001 ], [ 16.613750457763601, 40.089584350586001 ], [ 16.613750457763601, 40.089305877685597 ], [ 16.613473892211999, 40.089305877685597 ], [ 16.613473892211999, 40.088748931884801 ], [ 16.613195419311602, 40.088748931884801 ], [ 16.613195419311602, 40.088470458984403 ], [ 16.6129169464112, 40.088470458984403 ], [ 16.6129169464112, 40.0881958007812 ], [ 16.612638473510899, 40.0881958007812 ], [ 16.612638473510899, 40.087638854980497 ], [ 16.612085342407301, 40.087638854980497 ], [ 16.612085342407301, 40.087360382080099 ], [ 16.611803054809499, 40.087360382080099 ], [ 16.611803054809499, 40.087081909179702 ], [ 16.611249923706101, 40.087081909179702 ], [ 16.611249923706101, 40.0865287780763 ], [ 16.6109714508057, 40.0865287780763 ], [ 16.6109714508057, 40.086250305175703 ], [ 16.610694885253999, 40.086250305175703 ], [ 16.610694885253999, 40.085971832275298 ], [ 16.610416412353601, 40.085971832275298 ], [ 16.610416412353601, 40.085414886474602 ], [ 16.6101379394532, 40.085414886474602 ], [ 16.6101379394532, 40.085140228271499 ], [ 16.609861373901399, 40.085140228271499 ], [ 16.609861373901399, 40.0848617553712 ], [ 16.609306335449201, 40.0848617553712 ], [ 16.609306335449201, 40.084583282470803 ], [ 16.6090278625488, 40.084583282470803 ], [ 16.6090278625488, 40.08402633667 ], [ 16.608749389648398, 40.08402633667 ], [ 16.608749389648398, 40.083473205566499 ], [ 16.608472824096602, 40.083473205566499 ], [ 16.608472824096602, 40.082916259765703 ], [ 16.6081943511963, 40.082916259765703 ], [ 16.6081943511963, 40.082359313964901 ], [ 16.607915878295898, 40.082359313964901 ], [ 16.607915878295898, 40.082084655761697 ], [ 16.6076393127443, 40.082084655761697 ], [ 16.6076393127443, 40.0818061828613 ], [ 16.6073608398437, 40.0818061828613 ], [ 16.6073608398437, 40.081527709960902 ], [ 16.607084274292099, 40.081527709960902 ], [ 16.607082366943299, 40.081249237060497 ], [ 16.606805801391701, 40.081249237060497 ], [ 16.606805801391701, 40.080417633056797 ], [ 16.6065273284913, 40.080417633056797 ], [ 16.6065273284913, 40.079860687255803 ], [ 16.606250762939499, 40.079860687255803 ], [ 16.606250762939499, 40.079582214355398 ], [ 16.605972290039102, 40.079582214355398 ], [ 16.605972290039102, 40.079303741455099 ], [ 16.6056938171388, 40.079303741455099 ], [ 16.6056938171388, 40.0784721374513 ], [ 16.605417251586999, 40.0784721374513 ], [ 16.605417251586999, 40.077083587646499 ], [ 16.605138778686602, 40.077083587646499 ], [ 16.605138778686602, 40.076526641845803 ], [ 16.6048603057862, 40.076526641845803 ], [ 16.6048603057862, 40.076446533203203 ], [ 16.6048603057862, 40.075695037841797 ], [ 16.6045837402344, 40.075695037841797 ], [ 16.6045837402344, 40.0754623413087 ], [ 16.6045837402344, 40.075138092041001 ], [ 16.604492187500099, 40.075138092041001 ], [ 16.604305267333999, 40.075138092041001 ], [ 16.604305267333999, 40.074584960937599 ], [ 16.604028701782202, 40.074584960937599 ], [ 16.604028701782202, 40.074028015136797 ], [ 16.6037502288818, 40.074028015136797 ], [ 16.6037502288818, 40.073749542236399 ], [ 16.604028701782202, 40.073749542236399 ], [ 16.604028701782202, 40.072555541992202 ], [ 16.604028701782202, 40.071804046631001 ], [ 16.6039028167725, 40.071804046631001 ], [ 16.6037502288818, 40.071804046631001 ], [ 16.6037502288818, 40.070880889892699 ], [ 16.6037502288818, 40.069026947021499 ], [ 16.603471755981399, 40.069026947021499 ], [ 16.603471755981399, 40.068195343017699 ], [ 16.603305816650401, 40.068195343017699 ], [ 16.603195190429702, 40.068195343017699 ], [ 16.603195190429702, 40.067493438720703 ], [ 16.603195190429702, 40.066806793212898 ], [ 16.6029167175293, 40.066806793212898 ], [ 16.6029167175293, 40.066249847412202 ], [ 16.602638244628899, 40.066249847412202 ], [ 16.602638244628899, 40.065971374511797 ], [ 16.602361679077099, 40.065971374511797 ], [ 16.602361679077099, 40.064304351806697 ], [ 16.602638244628899, 40.064304351806697 ], [ 16.602638244628899, 40.063751220703097 ], [ 16.6029167175293, 40.063751220703097 ], [ 16.6029167175293, 40.063472747802699 ], [ 16.603195190429702, 40.063472747802699 ], [ 16.603195190429702, 40.062915802001903 ], [ 16.603471755981399, 40.062915802001903 ], [ 16.603471755981399, 40.062637329101598 ], [ 16.6036472320557, 40.062637329101598 ], [ 16.6037502288818, 40.062637329101598 ], [ 16.6037502288818, 40.062080383300803 ], [ 16.6037502288818, 40.061805725097798 ], [ 16.603471755981399, 40.061805725097798 ], [ 16.603471755981399, 40.060695648193402 ], [ 16.6037502288818, 40.060695648193402 ], [ 16.6037502288818, 40.060138702392599 ], [ 16.604028701782202, 40.060138702392599 ], [ 16.604028701782202, 40.059581756591903 ], [ 16.604206085205199, 40.059581756591903 ], [ 16.604305267333999, 40.059581756591903 ], [ 16.604305267333999, 40.059043884277301 ], [ 16.604028701782202, 40.059028625488303 ], [ 16.604028701782202, 40.057361602783097 ], [ 16.604305267333999, 40.057361602783097 ], [ 16.604305267333999, 40.056308746337898 ], [ 16.604305267333999, 40.055335998535298 ], [ 16.604305267333999, 40.054584503173899 ], [ 16.604028701782202, 40.054584503173899 ], [ 16.604028701782202, 40.054027557373097 ], [ 16.6037502288818, 40.054027557373097 ], [ 16.6037502288818, 40.053470611572301 ], [ 16.603471755981399, 40.053470611572301 ], [ 16.603471755981399, 40.053195953369098 ], [ 16.603195190429702, 40.053195953369098 ], [ 16.603195190429702, 40.052639007568402 ], [ 16.6029167175293, 40.052639007568402 ], [ 16.6029167175293, 40.052360534667997 ], [ 16.602638244628899, 40.052360534667997 ], [ 16.602638244628899, 40.051807403564602 ], [ 16.602361679077099, 40.051807403564602 ], [ 16.602361679077099, 40.051250457763601 ], [ 16.602083206176701, 40.051250457763601 ], [ 16.602083206176701, 40.0504150390625 ], [ 16.601806640625099, 40.0504150390625 ], [ 16.601806640625099, 40.050140380859403 ], [ 16.601528167724702, 40.050140380859403 ], [ 16.601528167724702, 40.0495834350587 ], [ 16.6012496948243, 40.0495834350587 ], [ 16.6012496948243, 40.048473358154403 ], [ 16.600973129272599, 40.048473358154403 ], [ 16.600973129272599, 40.048194885253999 ], [ 16.600696563720799, 40.048194885253999 ], [ 16.600696563720799, 40.047637939453203 ], [ 16.600509643554599, 40.047637939453203 ], [ 16.600414276123001, 40.047637939453203 ], [ 16.600414276123001, 40.0473442077637 ], [ 16.600414276123001, 40.046806335449197 ], [ 16.600240707397599, 40.046806335449197 ], [ 16.60013961792, 40.046806335449197 ], [ 16.60013961792, 40.046497344970703 ], [ 16.60013961792, 40.046249389648402 ], [ 16.600059509277401, 40.046249389648402 ], [ 16.599861145019599, 40.046249389648402 ], [ 16.599861145019599, 40.045696258545 ], [ 16.599584579467798, 40.045696258545 ], [ 16.599584579467798, 40.045139312744297 ], [ 16.599304199218899, 40.045139312744297 ], [ 16.599304199218899, 40.039306640625099 ], [ 16.599584579467798, 40.039306640625099 ], [ 16.599584579467798, 40.036529541015597 ], [ 16.599861145019599, 40.036529541015597 ], [ 16.599861145019599, 40.035694122314503 ], [ 16.600414276123001, 40.035694122314503 ], [ 16.600414276123001, 40.034862518310497 ], [ 16.600696563720799, 40.034862518310497 ], [ 16.600696563720799, 40.034305572509801 ], [ 16.6012496948243, 40.034305572509801 ], [ 16.6012496948243, 40.034027099609403 ], [ 16.601528167724702, 40.034027099609403 ], [ 16.601528167724702, 40.033473968506001 ], [ 16.601806640625099, 40.033473968506001 ], [ 16.601806640625099, 40.033195495605597 ], [ 16.602083206176701, 40.033195495605597 ], [ 16.602083206176701, 40.032917022705199 ], [ 16.602361679077099, 40.032917022705199 ], [ 16.602361679077099, 40.0320816040038 ], [ 16.602638244628899, 40.0320816040038 ], [ 16.602638244628899, 40.031528472900398 ], [ 16.6029167175293, 40.031528472900398 ], [ 16.6029167175293, 40.03125 ], [ 16.603195190429702, 40.03125 ], [ 16.603195190429702, 40.030971527099702 ], [ 16.6037502288818, 40.030971527099702 ], [ 16.6037502288818, 40.030693054199297 ], [ 16.604028701782202, 40.030693054199297 ], [ 16.604028701782202, 40.030139923095703 ], [ 16.604305267333999, 40.030139923095703 ], [ 16.604305267333999, 40.029861450195298 ], [ 16.6044445037843, 40.029861450195298 ], [ 16.6045837402344, 40.029861450195298 ], [ 16.6045837402344, 40.029422760009801 ], [ 16.6045837402344, 40.029304504394602 ], [ 16.6048603057862, 40.029304504394602 ], [ 16.6048603057862, 40.029026031494197 ], [ 16.605138778686602, 40.029026031494197 ], [ 16.605138778686602, 40.028751373291001 ], [ 16.605417251586999, 40.028751373291001 ], [ 16.605417251586999, 40.028472900390597 ], [ 16.6056938171388, 40.028472900390597 ], [ 16.6056938171388, 40.028194427490199 ], [ 16.605972290039102, 40.028194427490199 ], [ 16.605972290039102, 40.027637481689503 ], [ 16.606250762939499, 40.027637481689503 ], [ 16.606250762939499, 40.027149200439503 ], [ 16.606250762939499, 40.026805877685703 ], [ 16.6065273284913, 40.026805877685703 ], [ 16.6065273284913, 40.026248931884901 ], [ 16.606805801391701, 40.026248931884901 ], [ 16.606805801391701, 40.026176452636697 ], [ 16.606805801391701, 40.025970458984503 ], [ 16.6065273284913, 40.025970458984503 ], [ 16.6065273284913, 40.024356842041001 ], [ 16.606805801391701, 40.024307250976598 ], [ 16.606805801391701, 40.0240287780762 ], [ 16.6065273284913, 40.0240287780762 ], [ 16.6065273284913, 40.023471832275398 ], [ 16.6064128875732, 40.023471832275398 ], [ 16.606250762939499, 40.023471832275398 ], [ 16.606250762939499, 40.022914886474702 ], [ 16.605972290039102, 40.022914886474702 ], [ 16.605972290039102, 40.021804809570298 ], [ 16.606250762939499, 40.021804809570298 ], [ 16.606250762939499, 40.021251678466903 ], [ 16.6065273284913, 40.021251678466903 ], [ 16.6065273284913, 40.020973205566499 ], [ 16.606805801391701, 40.020973205566499 ], [ 16.606805801391701, 40.020416259765703 ], [ 16.607082366943299, 40.020416259765703 ], [ 16.607084274292099, 40.020137786865298 ], [ 16.6073608398437, 40.020137786865298 ], [ 16.6073608398437, 40.019584655761797 ], [ 16.6076393127443, 40.019584655761797 ], [ 16.6076393127443, 40.019027709961001 ], [ 16.607860565185501, 40.019027709961001 ], [ 16.6078987121582, 40.018844604492202 ], [ 16.607915878295898, 40.018749237060597 ], [ 16.6081943511963, 40.018749237060597 ], [ 16.6081943511963, 40.018196105957003 ], [ 16.608472824096602, 40.018196105957003 ], [ 16.608472824096602, 40.017917633056598 ], [ 16.608749389648398, 40.017917633056598 ], [ 16.608749389648398, 40.0176391601562 ], [ 16.609035491943398, 40.0176391601562 ], [ 16.609306335449201, 40.0176391601562 ], [ 16.609306335449201, 40.017082214355497 ], [ 16.609582901001001, 40.017082214355497 ], [ 16.609582901001001, 40.016803741455099 ], [ 16.609861373901399, 40.016803741455099 ], [ 16.609861373901399, 40.016250610351499 ], [ 16.6101379394532, 40.016250610351499 ], [ 16.6101379394532, 40.014583587646598 ], [ 16.609861373901399, 40.014583587646598 ], [ 16.609861373901399, 40.0143051147462 ], [ 16.609582901001001, 40.0143051147462 ], [ 16.609582901001001, 40.013561248779403 ], [ 16.609582901001001, 40.013473510742202 ], [ 16.609861373901399, 40.013473510742202 ], [ 16.609861373901399, 40.0126762390138 ], [ 16.609861373901399, 40.012359619140703 ], [ 16.609582901001001, 40.012359619140703 ], [ 16.609582901001001, 40.0120849609375 ], [ 16.609861373901399, 40.0120849609375 ], [ 16.609861373901399, 40.0112495422363 ], [ 16.6101379394532, 40.0112495422363 ], [ 16.6101379394532, 40.010692596435497 ], [ 16.610416412353601, 40.010692596435497 ], [ 16.610416412353601, 40.009304046630902 ], [ 16.610694885253999, 40.009304046630902 ], [ 16.610694885253999, 40.008750915527401 ], [ 16.6109714508057, 40.008750915527401 ], [ 16.6109714508057, 40.008193969726698 ], [ 16.611249923706101, 40.008193969726698 ], [ 16.611249923706101, 40.0079154968263 ], [ 16.6109714508057, 40.0079154968263 ], [ 16.6109714508057, 40.007083892822301 ], [ 16.610694885253999, 40.007083892822301 ], [ 16.610694885253999, 40.006805419921903 ], [ 16.6109714508057, 40.006805419921903 ], [ 16.6109714508057, 40.005138397216797 ], [ 16.611249923706101, 40.005138397216797 ], [ 16.611249923706101, 40.0037231445312 ], [ 16.611249923706101, 40.003471374511697 ], [ 16.6109714508057, 40.003471374511697 ], [ 16.6109714508057, 40.002639770507898 ], [ 16.610694885253999, 40.002639770507898 ], [ 16.610694885253999, 40.000972747802798 ], [ 16.6109714508057, 40.000972747802798 ], [ 16.6109714508057, 40.000415802002003 ], [ 16.610694885253999, 40.000415802002003 ], [ 16.610694885253999, 40.000137329101598 ], [ 16.610694885253999, 39.999862670898402 ], [ 16.610694885253999, 39.999305725097699 ], [ 16.6109714508057, 39.999305725097699 ], [ 16.6109714508057, 39.997081756591697 ], [ 16.611249923706101, 39.997081756591697 ], [ 16.611249923706101, 39.995693206787202 ], [ 16.611528396606499, 39.995693206787202 ], [ 16.611528396606499, 39.995140075683601 ], [ 16.611803054809499, 39.995140075683601 ], [ 16.611803054809499, 39.994026184082102 ], [ 16.612085342407301, 39.994026184082102 ], [ 16.612085342407301, 39.992916107177699 ], [ 16.612363815307699, 39.992916107177699 ], [ 16.612363815307699, 39.992637634277301 ], [ 16.612638473510899, 39.992637634277301 ], [ 16.612638473510899, 39.991806030273601 ], [ 16.6129169464112, 39.991806030273601 ], [ 16.6129169464112, 39.990970611572401 ], [ 16.613195419311602, 39.990970611572401 ], [ 16.613195419311602, 39.989028930664098 ], [ 16.613473892211999, 39.989028930664098 ], [ 16.613473892211999, 39.988471984863303 ], [ 16.613750457763601, 39.988471984863303 ], [ 16.613750457763601, 39.987640380859297 ], [ 16.6140251159669, 39.987640380859297 ], [ 16.6140251159669, 39.986251831054801 ], [ 16.614303588867202, 39.986251831054801 ], [ 16.614303588867202, 39.985137939453203 ], [ 16.614585876465, 39.985137939453203 ], [ 16.614585876465, 39.984584808349702 ], [ 16.614860534668001, 39.984584808349702 ], [ 16.614860534668001, 39.984027862548899 ], [ 16.615139007568398, 39.984027862548899 ], [ 16.615139007568398, 39.983749389648501 ], [ 16.6154174804688, 39.983749389648501 ], [ 16.6154174804688, 39.983196258544901 ], [ 16.615695953369102, 39.983196258544901 ], [ 16.615695953369102, 39.982917785644503 ], [ 16.615972518920898, 39.982917785644503 ], [ 16.615972518920898, 39.982639312744098 ], [ 16.6165275573731, 39.982639312744098 ], [ 16.6165275573731, 39.9823608398438 ], [ 16.6167907714844, 39.9823608398438 ], [ 16.616807937622099, 39.982082366943402 ], [ 16.616931915283299, 39.982082366943402 ], [ 16.617082595825298, 39.982082366943402 ], [ 16.617082595825298, 39.981803894042997 ], [ 16.6173610687256, 39.981803894042997 ], [ 16.6173610687256, 39.98152923584 ], [ 16.617639541626001, 39.98152923584 ], [ 16.617639541626001, 39.981250762939403 ], [ 16.617916107177798, 39.981250762939403 ], [ 16.617916107177798, 39.980140686035199 ], [ 16.6181945800782, 39.980140686035199 ], [ 16.6181945800782, 39.97957611084 ], [ 16.6181945800782, 39.978473663330099 ], [ 16.618473052978601, 39.978473663330099 ], [ 16.618473052978601, 39.977638244628999 ], [ 16.618749618530401, 39.977638244628999 ], [ 16.618749618530401, 39.976528167724602 ], [ 16.619028091430799, 39.976528167724602 ], [ 16.619028091430799, 39.975692749023402 ], [ 16.619304656982401, 39.975692749023402 ], [ 16.619304656982401, 39.975418090820398 ], [ 16.6198616027831, 39.975418090820398 ], [ 16.6198616027831, 39.97513961792 ], [ 16.620138168335, 39.97513961792 ], [ 16.620138168335, 39.974861145019503 ], [ 16.620416641235401, 39.974861145019503 ], [ 16.620416641235401, 39.974582672119098 ], [ 16.6206951141357, 39.974582672119098 ], [ 16.6206951141357, 39.9743041992188 ], [ 16.6209716796875, 39.9743041992188 ], [ 16.6209716796875, 39.974029541015703 ], [ 16.621250152587901, 39.974029541015703 ], [ 16.621250152587901, 39.973751068115298 ], [ 16.621528625488299, 39.973751068115298 ], [ 16.621528625488299, 39.973472595215 ], [ 16.621805191040099, 39.973472595215 ], [ 16.621805191040099, 39.973194122314602 ], [ 16.622083663940501, 39.973194122314602 ], [ 16.622083663940501, 39.972915649414198 ], [ 16.622638702392599, 39.972915649414198 ], [ 16.622638702392599, 39.9726371765138 ], [ 16.622917175293001, 39.9726371765138 ], [ 16.622917175293001, 39.972362518310597 ], [ 16.623470306396602, 39.972362518310597 ], [ 16.623470306396602, 39.972084045410199 ], [ 16.6237506866456, 39.972084045410199 ], [ 16.6237506866456, 39.971805572509801 ], [ 16.624027252197401, 39.971805572509801 ], [ 16.624027252197401, 39.971527099609403 ], [ 16.6245822906494, 39.971527099609403 ], [ 16.6245822906494, 39.971248626708999 ], [ 16.624944686889702, 39.971248626708999 ], [ 16.625139236450298, 39.971248626708999 ], [ 16.625139236450298, 39.971042633056697 ], [ 16.625202178955, 39.970973968505902 ], [ 16.625415802001999, 39.970973968505902 ], [ 16.625415802001999, 39.970748901367202 ], [ 16.6256923675537, 39.970695495605497 ], [ 16.6256923675537, 39.970451354980597 ], [ 16.626249313354499, 39.970417022705099 ], [ 16.626249313354499, 39.970138549804702 ], [ 16.626806259155298, 39.970138549804702 ], [ 16.626806259155298, 39.969860076904297 ], [ 16.6270847320557, 39.969860076904297 ], [ 16.6270847320557, 39.969581604003899 ], [ 16.627361297607401, 39.969581604003899 ], [ 16.627361297607401, 39.969306945800902 ], [ 16.627639770507798, 39.969306945800902 ], [ 16.627639770507798, 39.969028472900497 ], [ 16.627914428711101, 39.969028472900497 ], [ 16.627914428711101, 39.96875 ], [ 16.628196716308601, 39.96875 ], [ 16.628196716308601, 39.968471527099602 ], [ 16.6284713745118, 39.968471527099602 ], [ 16.6284713745118, 39.968193054199197 ], [ 16.628749847412202, 39.968193054199197 ], [ 16.628749847412202, 39.967918395996101 ], [ 16.629028320312599, 39.967918395996101 ], [ 16.629028320312599, 39.967361450195398 ], [ 16.629306793212901, 39.967361450195398 ], [ 16.629306793212901, 39.966804504394602 ], [ 16.629583358764801, 39.966804504394602 ], [ 16.629583358764801, 39.966526031494297 ], [ 16.629861831665099, 39.966526031494297 ], [ 16.629861831665099, 39.966251373291001 ], [ 16.6301383972169, 39.966251373291001 ], [ 16.6301383972169, 39.9657402038575 ], [ 16.6301383972169, 39.965423583984403 ], [ 16.6301383972169, 39.964828491211001 ], [ 16.6301383972169, 39.964305877685497 ], [ 16.629959106445401, 39.964305877685497 ], [ 16.629861831665099, 39.964305877685497 ], [ 16.629861831665099, 39.964027404785199 ], [ 16.629583358764801, 39.964027404785199 ], [ 16.629583358764801, 39.963199615478501 ], [ 16.629306793212901, 39.963195800781399 ], [ 16.629306793212901, 39.962638854980597 ], [ 16.629028320312599, 39.962638854980597 ], [ 16.629028320312599, 39.962081909179602 ], [ 16.628749847412202, 39.962081909179602 ], [ 16.628749847412202, 39.961250305175803 ], [ 16.6284713745118, 39.961250305175803 ], [ 16.6284713745118, 39.960414886474702 ], [ 16.628196716308601, 39.960414886474702 ], [ 16.628196716308601, 39.959583282470803 ], [ 16.627914428711101, 39.959583282470803 ], [ 16.627914428711101, 39.958293914795 ], [ 16.627914428711101, 39.958194732666001 ], [ 16.627639770507798, 39.958194732666001 ], [ 16.627639770507798, 39.9576644897462 ], [ 16.627639770507798, 39.956806182861399 ], [ 16.627361297607401, 39.956806182861399 ], [ 16.627361297607401, 39.956249237060703 ], [ 16.6270847320557, 39.956249237060703 ], [ 16.6270847320557, 39.955970764160298 ], [ 16.626806259155298, 39.955970764160298 ], [ 16.626806259155298, 39.955696105957102 ], [ 16.626527786254901, 39.955696105957102 ], [ 16.626527786254901, 39.955417633056697 ], [ 16.626249313354499, 39.955417633056697 ], [ 16.626249313354499, 39.9551391601563 ], [ 16.625974655151499, 39.9551391601563 ], [ 16.625974655151499, 39.954860687255902 ], [ 16.6256923675537, 39.954860687255902 ], [ 16.6256923675537, 39.954582214355497 ], [ 16.625415802001999, 39.954582214355497 ], [ 16.625415802001999, 39.954303741455199 ], [ 16.625139236450298, 39.954303741455199 ], [ 16.625139236450298, 39.954029083252003 ], [ 16.6245822906494, 39.954029083252003 ], [ 16.6245822906494, 39.953750610351598 ], [ 16.624200820922798, 39.953750610351598 ], [ 16.624027252197401, 39.953750610351598 ], [ 16.624027252197401, 39.953575134277401 ], [ 16.624027252197401, 39.9534721374512 ], [ 16.623926162719801, 39.9534721374512 ], [ 16.6237506866456, 39.9534721374512 ], [ 16.6237506866456, 39.953292846679801 ], [ 16.6237506866456, 39.953193664550803 ], [ 16.623653411865298, 39.953193664550803 ], [ 16.623193740844801, 39.953193664550803 ], [ 16.623193740844801, 39.952915191650398 ], [ 16.622638702392599, 39.952915191650398 ], [ 16.622638702392599, 39.952640533447202 ], [ 16.621805191040099, 39.952640533447202 ], [ 16.621805191040099, 39.952362060546797 ], [ 16.6209716796875, 39.952362060546797 ], [ 16.6209716796875, 39.952083587646499 ], [ 16.6206951141357, 39.952083587646499 ], [ 16.6206951141357, 39.951805114746101 ], [ 16.620138168335, 39.951805114746101 ], [ 16.620138168335, 39.951526641845703 ], [ 16.6198616027831, 39.951526641845703 ], [ 16.6198616027831, 39.951248168945298 ], [ 16.619583129882798, 39.951248168945298 ], [ 16.619583129882798, 39.950973510742301 ], [ 16.619304656982401, 39.950973510742301 ], [ 16.619304656982401, 39.950416564941499 ], [ 16.619028091430799, 39.950416564941499 ], [ 16.619028091430799, 39.950138092041101 ], [ 16.618749618530401, 39.950138092041101 ], [ 16.618749618530401, 39.949859619140703 ], [ 16.618473052978601, 39.949859619140703 ], [ 16.618473052978601, 39.949584960937599 ], [ 16.6181945800782, 39.949584960937599 ], [ 16.6181945800782, 39.949306488037202 ], [ 16.617916107177798, 39.949306488037202 ], [ 16.617916107177798, 39.948749542236399 ], [ 16.617639541626001, 39.948749542236399 ], [ 16.617639541626001, 39.948471069336001 ], [ 16.6173610687256, 39.948471069336001 ], [ 16.6173610687256, 39.948192596435597 ], [ 16.617082595825298, 39.948192596435597 ], [ 16.617082595825298, 39.947639465332003 ], [ 16.616807937622099, 39.947639465332003 ], [ 16.616807937622099, 39.9470825195312 ], [ 16.6165275573731, 39.9470825195312 ], [ 16.6165275573731, 39.946804046630902 ], [ 16.616249084472699, 39.946804046630902 ], [ 16.616249084472699, 39.946529388427798 ], [ 16.615972518920898, 39.946529388427798 ], [ 16.615972518920898, 39.945972442626903 ], [ 16.615695953369102, 39.945972442626903 ], [ 16.615695953369102, 39.945693969726598 ], [ 16.6154174804688, 39.945693969726598 ], [ 16.6154174804688, 39.945137023925803 ], [ 16.615139007568398, 39.945137023925803 ], [ 16.615139007568398, 39.944862365722798 ], [ 16.614860534668001, 39.944862365722798 ], [ 16.614860534668001, 39.944305419922003 ], [ 16.614585876465, 39.944305419922003 ], [ 16.614585876465, 39.944026947021598 ], [ 16.614303588867202, 39.944026947021598 ], [ 16.614303588867202, 39.943668365478601 ], [ 16.614303588867202, 39.943473815917997 ], [ 16.6141147613525, 39.943473815917997 ], [ 16.6140251159669, 39.943473815917997 ], [ 16.6140251159669, 39.943386077880902 ], [ 16.6140251159669, 39.943195343017599 ], [ 16.613840103149499, 39.943195343017599 ], [ 16.613473892211999, 39.943195343017599 ], [ 16.613473892211999, 39.942916870117202 ], [ 16.613195419311602, 39.942916870117202 ], [ 16.613195419311602, 39.942535400390703 ], [ 16.613195419311602, 39.942085266113303 ], [ 16.6129169464112, 39.942081451416101 ], [ 16.6129169464112, 39.941806793212898 ], [ 16.612638473510899, 39.941806793212898 ], [ 16.612638473510899, 39.9415283203125 ], [ 16.612363815307699, 39.9415283203125 ], [ 16.612363815307699, 39.940971374511697 ], [ 16.612085342407301, 39.940971374511697 ], [ 16.612085342407301, 39.9406929016113 ], [ 16.611803054809499, 39.9406929016113 ], [ 16.611803054809499, 39.940139770507898 ], [ 16.611528396606499, 39.940139770507898 ], [ 16.611528396606499, 39.939861297607401 ], [ 16.611249923706101, 39.939861297607401 ], [ 16.611249923706101, 39.939304351806598 ], [ 16.6109714508057, 39.939304351806598 ], [ 16.6109714508057, 39.939029693603601 ], [ 16.610694885253999, 39.9390258789062 ], [ 16.610694885253999, 39.938751220703203 ], [ 16.610416412353601, 39.938751220703203 ], [ 16.610416412353601, 39.938472747802798 ], [ 16.6101379394532, 39.938472747802798 ], [ 16.6101379394532, 39.9381942749025 ], [ 16.609861373901399, 39.9381942749025 ], [ 16.609861373901399, 39.937915802002102 ], [ 16.609582901001001, 39.937915802002102 ], [ 16.609582901001001, 39.937637329101698 ], [ 16.609306335449201, 39.937637329101698 ], [ 16.609306335449201, 39.937084197998097 ], [ 16.6090278625488, 39.937084197998097 ], [ 16.6090278625488, 39.936527252197301 ], [ 16.608749389648398, 39.936527252197301 ], [ 16.608749389648398, 39.936248779296903 ], [ 16.608472824096602, 39.936248779296903 ], [ 16.608472824096602, 39.9359741210938 ], [ 16.6081943511963, 39.9359741210938 ], [ 16.6081943511963, 39.935417175292997 ], [ 16.607915878295898, 39.935417175292997 ], [ 16.607915878295898, 39.935138702392599 ], [ 16.6076393127443, 39.935138702392599 ], [ 16.6076393127443, 39.934860229492202 ], [ 16.6073608398437, 39.934860229492202 ], [ 16.6073608398437, 39.934581756591797 ], [ 16.607084274292099, 39.934581756591797 ], [ 16.607082366943299, 39.9343070983888 ], [ 16.606805801391701, 39.9343070983888 ], [ 16.606805801391701, 39.934028625488402 ], [ 16.6065273284913, 39.934028625488402 ], [ 16.6065273284913, 39.933750152587997 ], [ 16.606250762939499, 39.933750152587997 ], [ 16.606250762939499, 39.933471679687401 ], [ 16.605972290039102, 39.933471679687401 ], [ 16.605972290039102, 39.932918548583999 ], [ 16.6056938171388, 39.932918548583999 ], [ 16.6056938171388, 39.932361602783303 ], [ 16.605417251586999, 39.932361602783303 ], [ 16.605417251586999, 39.9318046569825 ], [ 16.605138778686602, 39.9318046569825 ], [ 16.605138778686602, 39.931251525878899 ], [ 16.6048603057862, 39.931251525878899 ], [ 16.6048603057862, 39.930973052978601 ], [ 16.6045837402344, 39.930973052978601 ], [ 16.6045837402344, 39.930416107177798 ], [ 16.604305267333999, 39.930416107177798 ], [ 16.604305267333999, 39.929862976074197 ], [ 16.604028701782202, 39.929862976074197 ], [ 16.604028701782202, 39.9295845031738 ], [ 16.6037502288818, 39.9295845031738 ], [ 16.6037502288818, 39.929306030273402 ], [ 16.603471755981399, 39.929306030273402 ], [ 16.603471755981399, 39.929027557372997 ], [ 16.603195190429702, 39.929027557372997 ], [ 16.603195190429702, 39.928749084472699 ], [ 16.6029167175293, 39.928749084472699 ], [ 16.6029167175293, 39.928470611572301 ], [ 16.602638244628899, 39.928470611572301 ], [ 16.602638244628899, 39.927917480468899 ], [ 16.602361679077099, 39.927917480468899 ], [ 16.602361679077099, 39.927639007568501 ], [ 16.601528167724702, 39.927639007568501 ], [ 16.601528167724702, 39.927360534668097 ], [ 16.6012496948243, 39.927360534668097 ], [ 16.6012496948243, 39.9270820617675 ], [ 16.600973129272599, 39.9270820617675 ], [ 16.600973129272599, 39.926528930664098 ], [ 16.60013961792, 39.926528930664098 ], [ 16.60013961792, 39.9262504577637 ], [ 16.599304199218899, 39.9262504577637 ], [ 16.599304199218899, 39.925971984863303 ], [ 16.598749160766701, 39.925971984863303 ], [ 16.598749160766701, 39.925693511962997 ], [ 16.598192214965898, 39.925693511962997 ], [ 16.598192214965898, 39.925415039062599 ], [ 16.597639083862301, 39.925415039062599 ], [ 16.597639083862301, 39.925140380859403 ], [ 16.5973606109619, 39.925140380859403 ], [ 16.5973606109619, 39.924861907958999 ], [ 16.597082138061499, 39.924861907958999 ], [ 16.597082138061499, 39.924583435058601 ], [ 16.596805572509801, 39.924583435058601 ], [ 16.596805572509801, 39.924304962158303 ], [ 16.5965270996094, 39.924304962158303 ], [ 16.5965270996094, 39.924026489257898 ], [ 16.596250534057599, 39.924026489257898 ], [ 16.596250534057599, 39.923751831054602 ], [ 16.595970153808601, 39.923751831054602 ], [ 16.595970153808601, 39.923473358154297 ], [ 16.5956935882568, 39.923473358154297 ], [ 16.5956935882568, 39.923194885253899 ], [ 16.595417022705199, 39.923194885253899 ], [ 16.595417022705199, 39.922916412353501 ], [ 16.595138549804801, 39.922916412353501 ], [ 16.595138549804801, 39.922637939453097 ], [ 16.5948600769044, 39.922637939453097 ], [ 16.5948600769044, 39.922359466552699 ], [ 16.594583511352599, 39.922359466552699 ], [ 16.594583511352599, 39.922084808349702 ], [ 16.594305038452301, 39.922084808349702 ], [ 16.594305038452301, 39.921806335449297 ], [ 16.594028472900401, 39.921806335449297 ], [ 16.594028472900401, 39.921249389648601 ], [ 16.593748092651499, 39.921249389648601 ], [ 16.593748092651499, 39.920970916748203 ], [ 16.593471527099702, 39.920970916748203 ], [ 16.593471527099702, 39.920696258545 ], [ 16.593194961547901, 39.920696258545 ], [ 16.593194961547901, 39.920417785644602 ], [ 16.5929164886475, 39.920417785644602 ], [ 16.5929164886475, 39.920139312744197 ], [ 16.592361450195298, 39.920139312744197 ], [ 16.592361450195298, 39.919582366943402 ], [ 16.5918064117432, 39.919582366943402 ], [ 16.5918064117432, 39.919303894043097 ], [ 16.5915298461913, 39.919303894043097 ], [ 16.5915298461913, 39.918750762939503 ], [ 16.591249465942401, 39.918750762939503 ], [ 16.591249465942401, 39.918472290039098 ], [ 16.5909729003906, 39.918472290039098 ], [ 16.5909729003906, 39.9181938171387 ], [ 16.590694427490199, 39.9181938171387 ], [ 16.590694427490199, 39.917915344238303 ], [ 16.590417861938601, 39.917915344238303 ], [ 16.590417861938601, 39.917362213134702 ], [ 16.5901393890382, 39.917362213134702 ], [ 16.5901393890382, 39.917083740234403 ], [ 16.589582443237202, 39.917083740234403 ], [ 16.589582443237202, 39.916805267333999 ], [ 16.589307785034201, 39.916805267333999 ], [ 16.589307785034201, 39.916526794433601 ], [ 16.589027404785298, 39.916526794433601 ], [ 16.589027404785298, 39.916248321533203 ], [ 16.588750839233501, 39.916248321533203 ], [ 16.588750839233501, 39.915973663330199 ], [ 16.5884723663331, 39.915973663330199 ], [ 16.5884723663331, 39.915695190429801 ], [ 16.5881958007813, 39.915695190429801 ], [ 16.5881958007813, 39.915416717529403 ], [ 16.587917327880898, 39.915416717529403 ], [ 16.587917327880898, 39.915138244628999 ], [ 16.587638854980501, 39.915138244628999 ], [ 16.587638854980501, 39.914859771728601 ], [ 16.587360382080099, 39.914859771728601 ], [ 16.587360382080099, 39.914585113525398 ], [ 16.587085723876999, 39.914585113525398 ], [ 16.587085723876999, 39.914306640625099 ], [ 16.5868034362794, 39.914306640625099 ], [ 16.5868034362794, 39.914028167724702 ], [ 16.586526870727599, 39.914028167724702 ], [ 16.586526870727599, 39.913749694824297 ], [ 16.586250305175799, 39.913749694824297 ], [ 16.586250305175799, 39.913192749023501 ], [ 16.585973739623999, 39.913192749023501 ], [ 16.585973739623999, 39.912639617919901 ], [ 16.5854167938232, 39.912639617919901 ], [ 16.5854167938232, 39.912361145019503 ], [ 16.585138320922901, 39.912361145019503 ], [ 16.585138320922901, 39.912082672119098 ], [ 16.584863662719801, 39.912082672119098 ], [ 16.584863662719801, 39.9118041992188 ], [ 16.584304809570298, 39.9118041992188 ], [ 16.584304809570298, 39.911529541015703 ], [ 16.5840282440187, 39.911529541015703 ], [ 16.5840282440187, 39.911251068115199 ], [ 16.583749771118299, 39.911251068115199 ], [ 16.583749771118299, 39.910972595214801 ], [ 16.583471298217699, 39.910972595214801 ], [ 16.583471298217699, 39.910694122314403 ], [ 16.583194732666101, 39.910694122314403 ], [ 16.583194732666101, 39.910415649414098 ], [ 16.582639694213899, 39.910415649414098 ], [ 16.582639694213899, 39.9101371765137 ], [ 16.582359313965, 39.9101371765137 ], [ 16.582359313965, 39.909862518310703 ], [ 16.5820827484131, 39.909862518310703 ], [ 16.5820827484131, 39.909584045410298 ], [ 16.581806182861399, 39.909584045410298 ], [ 16.581806182861399, 39.909305572509901 ], [ 16.5812492370606, 39.909305572509901 ], [ 16.5812492370606, 39.909027099609503 ], [ 16.580694198608501, 39.909027099609503 ], [ 16.580694198608501, 39.908748626709098 ], [ 16.5804157257081, 39.908748626709098 ], [ 16.5804157257081, 39.908473968505902 ], [ 16.5801391601562, 39.908473968505902 ], [ 16.5801391601562, 39.908195495605497 ], [ 16.579584121704102, 39.908195495605497 ], [ 16.579584121704102, 39.907917022705099 ], [ 16.579027175903299, 39.907917022705099 ], [ 16.579027175903299, 39.907638549804702 ], [ 16.578754425048899, 39.907638549804702 ], [ 16.578750610351499, 39.907360076904403 ], [ 16.578619003296001, 39.907360076904403 ], [ 16.578357696533299, 39.907360076904403 ], [ 16.577083587646602, 39.907360076904403 ], [ 16.577083587646602, 39.907081604003999 ], [ 16.5765285491944, 39.907081604003999 ], [ 16.5765285491944, 39.906806945800803 ], [ 16.575971603393601, 39.906806945800803 ], [ 16.575971603393601, 39.906528472900398 ], [ 16.575416564941499, 39.906528472900398 ], [ 16.575416564941499, 39.90625 ], [ 16.575138092041101, 39.90625 ], [ 16.575138092041101, 39.905971527099602 ], [ 16.574583053588899, 39.905971527099602 ], [ 16.574583053588899, 39.905693054199197 ], [ 16.574306488037099, 39.905693054199197 ], [ 16.574306488037099, 39.9054183959962 ], [ 16.574028015136701, 39.9054183959962 ], [ 16.574028015136701, 39.905139923095803 ], [ 16.5737495422363, 39.905139923095803 ], [ 16.5737495422363, 39.904861450195298 ], [ 16.573192596435501, 39.904861450195298 ], [ 16.573192596435501, 39.904582977294901 ], [ 16.572914123535199, 39.904582977294901 ], [ 16.572914123535199, 39.904304504394503 ], [ 16.572639465332099, 39.904304504394503 ], [ 16.572639465332099, 39.904026031494098 ], [ 16.572362899780401, 39.904026031494098 ], [ 16.572362899780401, 39.903751373291101 ], [ 16.5720825195312, 39.903751373291101 ], [ 16.5720825195312, 39.903472900390703 ], [ 16.571804046630799, 39.903472900390703 ], [ 16.571804046630799, 39.903194427490298 ], [ 16.571527481079201, 39.903194427490298 ], [ 16.571527481079201, 39.90291595459 ], [ 16.571252822876001, 39.90291595459 ], [ 16.571252822876001, 39.902637481689602 ], [ 16.5709743499756, 39.902637481689602 ], [ 16.5709743499756, 39.902362823486399 ], [ 16.570692062377901, 39.902362823486399 ], [ 16.570692062377901, 39.902084350586001 ], [ 16.570138931274499, 39.902084350586001 ], [ 16.570138931274499, 39.901805877685597 ], [ 16.569860458374102, 39.901805877685597 ], [ 16.569860458374102, 39.901527404785199 ], [ 16.5693054199219, 39.901527404785199 ], [ 16.5693054199219, 39.901248931884801 ], [ 16.569026947021499, 39.901248931884801 ], [ 16.569026947021499, 39.900970458984403 ], [ 16.568750381469702, 39.900970458984403 ], [ 16.568750381469702, 39.9006958007812 ], [ 16.568195343017599, 39.9006958007812 ], [ 16.568195343017599, 39.900417327880902 ], [ 16.5676383972168, 39.900417327880902 ], [ 16.5676383972168, 39.900138854980497 ], [ 16.567361831665, 39.900138854980497 ], [ 16.567361831665, 39.899860382080099 ], [ 16.567083358764599, 39.899860382080099 ], [ 16.567083358764599, 39.899581909179702 ], [ 16.566528320312599, 39.899581909179702 ], [ 16.566528320312599, 39.899307250976698 ], [ 16.566249847412202, 39.899307250976698 ], [ 16.566249847412202, 39.8990287780763 ], [ 16.565971374511701, 39.8990287780763 ], [ 16.565971374511701, 39.898750305175902 ], [ 16.565694808960099, 39.898750305175902 ], [ 16.565694808960099, 39.898471832275298 ], [ 16.565416336059702, 39.898471832275298 ], [ 16.565416336059702, 39.898193359374901 ], [ 16.565139770507901, 39.898193359374901 ], [ 16.565139770507901, 39.897640228271499 ], [ 16.5648612976075, 39.897640228271499 ], [ 16.5648612976075, 39.8973617553712 ], [ 16.564582824707099, 39.8973617553712 ], [ 16.564582824707099, 39.897083282470803 ], [ 16.564306259155298, 39.897083282470803 ], [ 16.564306259155298, 39.896804809570398 ], [ 16.564027786254901, 39.896804809570398 ], [ 16.564027786254901, 39.89652633667 ], [ 16.563749313354499, 39.89652633667 ], [ 16.563749313354499, 39.896251678466797 ], [ 16.563194274902401, 39.896251678466797 ], [ 16.563194274902401, 39.895973205566499 ], [ 16.562639236450199, 39.895973205566499 ], [ 16.562639236450199, 39.895694732666101 ], [ 16.562360763549801, 39.895694732666101 ], [ 16.562360763549801, 39.895416259765703 ], [ 16.562084197998001, 39.895416259765703 ], [ 16.562084197998001, 39.895137786865298 ], [ 16.561807632446399, 39.895137786865298 ], [ 16.561807632446399, 39.894859313964901 ], [ 16.561527252197301, 39.894859313964901 ], [ 16.561527252197301, 39.8943061828613 ], [ 16.561250686645401, 39.8943061828613 ], [ 16.561250686645401, 39.894027709960902 ], [ 16.560695648193501, 39.894027709960902 ], [ 16.560695648193501, 39.893749237060497 ], [ 16.5604171752931, 39.893749237060497 ], [ 16.5604171752931, 39.893196105957102 ], [ 16.560138702392699, 39.893196105957102 ], [ 16.560138702392699, 39.892917633056797 ], [ 16.559860229492301, 39.892917633056797 ], [ 16.559860229492301, 39.892639160156399 ], [ 16.559585571289102, 39.892639160156399 ], [ 16.559585571289102, 39.892360687256001 ], [ 16.5593032836913, 39.892360687256001 ], [ 16.5593032836913, 39.892082214355398 ], [ 16.559028625488299, 39.892082214355398 ], [ 16.559028625488299, 39.891803741455 ], [ 16.558750152587901, 39.891803741455 ], [ 16.558750152587901, 39.891529083252003 ], [ 16.558471679687599, 39.891529083252003 ], [ 16.558471679687599, 39.891250610351598 ], [ 16.557916641235401, 39.891250610351598 ], [ 16.557916641235401, 39.8909721374512 ], [ 16.557638168335, 39.8909721374512 ], [ 16.557638168335, 39.890693664550902 ], [ 16.5573635101318, 39.890693664550902 ], [ 16.5573635101318, 39.890415191650497 ], [ 16.557081222534201, 39.890415191650497 ], [ 16.557081222534201, 39.890140533447301 ], [ 16.5565280914307, 39.890140533447301 ], [ 16.5565280914307, 39.889862060546903 ], [ 16.556249618530298, 39.889862060546903 ], [ 16.556249618530298, 39.8893051147462 ], [ 16.555971145629901, 39.8893051147462 ], [ 16.555971145629901, 39.889026641845803 ], [ 16.5556945800781, 39.889026641845803 ], [ 16.5556945800781, 39.888748168945398 ], [ 16.555416107177699, 39.888748168945398 ], [ 16.555416107177699, 39.888473510742202 ], [ 16.555139541626101, 39.888473510742202 ], [ 16.555139541626101, 39.888195037841797 ], [ 16.5548591613769, 39.888195037841797 ], [ 16.5548591613769, 39.887916564941399 ], [ 16.554582595825099, 39.887916564941399 ], [ 16.554582595825099, 39.887638092041001 ], [ 16.554306030273601, 39.887638092041001 ], [ 16.554306030273601, 39.887359619140597 ], [ 16.5540275573732, 39.887359619140597 ], [ 16.5540275573732, 39.887084960937599 ], [ 16.553749084472798, 39.887084960937599 ], [ 16.553749084472798, 39.886806488037202 ], [ 16.553472518921001, 39.886806488037202 ], [ 16.553472518921001, 39.886528015136797 ], [ 16.5531940460206, 39.886528015136797 ], [ 16.5531940460206, 39.886249542236399 ], [ 16.5529174804688, 39.886249542236399 ], [ 16.5529174804688, 39.885971069336001 ], [ 16.552637100219801, 39.885971069336001 ], [ 16.552637100219801, 39.885692596435497 ], [ 16.552360534668001, 39.885692596435497 ], [ 16.552360534668001, 39.8854179382325 ], [ 16.5520839691163, 39.8854179382325 ], [ 16.5520839691163, 39.884860992431697 ], [ 16.551805496215898, 39.884860992431697 ], [ 16.551805496215898, 39.8845825195313 ], [ 16.551528930664102, 39.8845825195313 ], [ 16.551528930664102, 39.884304046631001 ], [ 16.5512504577637, 39.884304046631001 ], [ 16.5512504577637, 39.884029388427699 ], [ 16.550971984863299, 39.884029388427699 ], [ 16.550971984863299, 39.883472442627003 ], [ 16.550693511962901, 39.883472442627003 ], [ 16.550693511962901, 39.883193969726598 ], [ 16.550418853759901, 39.883193969726598 ], [ 16.550418853759901, 39.882637023925803 ], [ 16.5501384735107, 39.882637023925803 ], [ 16.5501384735107, 39.882362365722599 ], [ 16.549861907958899, 39.882362365722599 ], [ 16.549861907958899, 39.882083892822301 ], [ 16.5493068695069, 39.882083892822301 ], [ 16.5493068695069, 39.881805419921903 ], [ 16.549028396606602, 39.881805419921903 ], [ 16.549028396606602, 39.881248474121101 ], [ 16.5487499237062, 39.881248474121101 ], [ 16.5487499237062, 39.880973815918097 ], [ 16.5484714508056, 39.880973815918097 ], [ 16.5484714508056, 39.880695343017699 ], [ 16.548196792602599, 39.880695343017699 ], [ 16.548196792602599, 39.880416870117301 ], [ 16.547916412353601, 39.880416870117301 ], [ 16.547916412353601, 39.880138397216903 ], [ 16.5476379394532, 39.880138397216903 ], [ 16.5476379394532, 39.879859924316499 ], [ 16.547361373901399, 39.879859924316499 ], [ 16.547361373901399, 39.879585266113303 ], [ 16.547084808349702, 39.879581451416101 ], [ 16.547084808349702, 39.879306793212898 ], [ 16.5468063354493, 39.879306793212898 ], [ 16.5468063354493, 39.879028320312599 ], [ 16.546527862548899, 39.879028320312599 ], [ 16.546527862548899, 39.878749847412202 ], [ 16.546249389648501, 39.878749847412202 ], [ 16.546249389648501, 39.878192901611399 ], [ 16.545974731445298, 39.878192901611399 ], [ 16.545974731445298, 39.877918243408203 ], [ 16.545692443847699, 39.877918243408203 ], [ 16.545692443847699, 39.877639770507798 ], [ 16.545415878296001, 39.877639770507798 ], [ 16.545415878296001, 39.877361297607401 ], [ 16.545139312744102, 39.877361297607401 ], [ 16.545139312744102, 39.877082824707003 ], [ 16.544582366943398, 39.877082824707003 ], [ 16.544582366943398, 39.876804351806697 ], [ 16.544305801391602, 39.876804351806697 ], [ 16.544305801391602, 39.876529693603601 ], [ 16.5440273284912, 39.8765258789063 ], [ 16.5440273284912, 39.876251220703097 ], [ 16.5437526702882, 39.876251220703097 ], [ 16.5437526702882, 39.875972747802699 ], [ 16.543470382690401, 39.875972747802699 ], [ 16.543470382690401, 39.875694274902301 ], [ 16.542917251586999, 39.875694274902301 ], [ 16.542917251586999, 39.875137329101598 ], [ 16.542638778686602, 39.875137329101598 ], [ 16.542638778686602, 39.874862670898601 ], [ 16.5423603057862, 39.874862670898601 ], [ 16.5423603057862, 39.874584197998203 ], [ 16.542083740234499, 39.874584197998203 ], [ 16.542083740234499, 39.874305725097798 ], [ 16.541805267334102, 39.874305725097798 ], [ 16.541805267334102, 39.874027252197401 ], [ 16.541528701782301, 39.874027252197401 ], [ 16.541528701782301, 39.873748779297003 ], [ 16.5412502288819, 39.873748779297003 ], [ 16.5412502288819, 39.8734741210938 ], [ 16.540695190429702, 39.8734741210938 ], [ 16.540695190429702, 39.873195648193402 ], [ 16.5404167175294, 39.873195648193402 ], [ 16.5404167175294, 39.872638702392599 ], [ 16.540138244628999, 39.872638702392599 ], [ 16.540138244628999, 39.872360229492202 ], [ 16.539861679077099, 39.872360229492202 ], [ 16.539861679077099, 39.872081756591797 ], [ 16.5395832061768, 39.872081756591797 ], [ 16.5395832061768, 39.8718070983887 ], [ 16.539304733276399, 39.8718070983887 ], [ 16.539304733276399, 39.871528625488303 ], [ 16.539028167724599, 39.871528625488303 ], [ 16.539028167724599, 39.871250152587898 ], [ 16.538749694824201, 39.871250152587898 ], [ 16.538749694824201, 39.8709716796875 ], [ 16.538473129272401, 39.8709716796875 ], [ 16.538473129272401, 39.870693206787102 ], [ 16.538194656372099, 39.870693206787102 ], [ 16.538194656372099, 39.870418548584098 ], [ 16.537916183471701, 39.870418548584098 ], [ 16.537916183471701, 39.8701400756837 ], [ 16.5377120971681, 39.8701400756837 ], [ 16.53763961792, 39.8701400756837 ], [ 16.53763961792, 39.870052337646399 ], [ 16.53763961792, 39.869861602783097 ], [ 16.537479400634801, 39.869861602783097 ], [ 16.537361145019499, 39.869861602783097 ], [ 16.537361145019499, 39.869720458984503 ], [ 16.537361145019499, 39.869304656982401 ], [ 16.537082672119102, 39.869304656982401 ], [ 16.537082672119102, 39.869026184082003 ], [ 16.5368061065675, 39.869026184082003 ], [ 16.5368061065675, 39.868751525878999 ], [ 16.536527633667099, 39.868751525878999 ], [ 16.536527633667099, 39.868473052978601 ], [ 16.536249160766701, 39.868473052978601 ], [ 16.536249160766701, 39.868392944336101 ], [ 16.536249160766701, 39.868194580078203 ], [ 16.5360832214357, 39.868194580078203 ], [ 16.535972595214901, 39.868194580078203 ], [ 16.535972595214901, 39.868061065673899 ], [ 16.535972595214901, 39.8676376342775 ], [ 16.535694122314599, 39.8676376342775 ], [ 16.535694122314599, 39.867362976074297 ], [ 16.535417556762798, 39.867362976074297 ], [ 16.535417556762798, 39.867084503173899 ], [ 16.535139083862401, 39.867084503173899 ], [ 16.535139083862401, 39.866806030273501 ], [ 16.534955978393601, 39.866806030273501 ], [ 16.534860610961999, 39.866806030273501 ], [ 16.534860610961999, 39.866683959961101 ], [ 16.534860610961999, 39.866527557373097 ], [ 16.5347404479982, 39.866527557373097 ], [ 16.5345859527588, 39.866527557373097 ], [ 16.5345859527588, 39.866325378418097 ], [ 16.5345859527588, 39.866249084472699 ], [ 16.534305572509801, 39.866249084472699 ], [ 16.534305572509801, 39.865966796875 ], [ 16.534305572509801, 39.8654174804688 ], [ 16.534025192260899, 39.8654174804688 ], [ 16.534025192260899, 39.865139007568402 ], [ 16.533750534057599, 39.865139007568402 ], [ 16.533750534057599, 39.864860534667997 ], [ 16.533472061157202, 39.864860534667997 ], [ 16.533472061157202, 39.864582061767599 ], [ 16.533195495605501, 39.864582061767599 ], [ 16.533195495605501, 39.864307403564602 ], [ 16.533021926879801, 39.864307403564602 ], [ 16.532917022705099, 39.864307403564602 ], [ 16.532917022705099, 39.864173889160199 ], [ 16.532917022705099, 39.864028930664198 ], [ 16.5328044891357, 39.864028930664198 ], [ 16.532638549804702, 39.864028930664198 ], [ 16.532638549804702, 39.863815307617301 ], [ 16.532638549804702, 39.863471984863203 ], [ 16.532363891601701, 39.863471984863203 ], [ 16.532363891601701, 39.863193511962798 ], [ 16.5321578979493, 39.863193511962798 ], [ 16.5320854187013, 39.863193511962798 ], [ 16.5320854187013, 39.8630981445312 ], [ 16.5320854187013, 39.8629150390625 ], [ 16.5319423675538, 39.8629150390625 ], [ 16.531803131103501, 39.8629150390625 ], [ 16.531803131103501, 39.862735748291101 ], [ 16.531803131103501, 39.862361907958999 ], [ 16.531528472900501, 39.862361907958999 ], [ 16.531528472900501, 39.861804962158303 ], [ 16.53125, 39.861804962158303 ], [ 16.53125, 39.861526489257898 ], [ 16.530971527099599, 39.861526489257898 ], [ 16.530971527099599, 39.861251831054702 ], [ 16.530693054199201, 39.861251831054702 ], [ 16.530693054199201, 39.860973358154403 ], [ 16.530490875244201, 39.860973358154403 ], [ 16.530416488647599, 39.860973358154403 ], [ 16.530416488647599, 39.860870361328097 ], [ 16.530416488647599, 39.860694885253999 ], [ 16.530288696289201, 39.860694885253999 ], [ 16.530138015747202, 39.860694885253999 ], [ 16.530138015747202, 39.860492706298899 ], [ 16.530138015747202, 39.860416412353601 ], [ 16.529861450195401, 39.860416412353601 ], [ 16.529861450195401, 39.860137939453203 ], [ 16.529581069946399, 39.860137939453203 ], [ 16.529581069946399, 39.859725952148402 ], [ 16.529581069946399, 39.859584808349602 ], [ 16.529478073120199, 39.859584808349602 ], [ 16.5293064117432, 39.859584808349602 ], [ 16.5293064117432, 39.859348297119297 ], [ 16.529027938842798, 39.859306335449197 ], [ 16.529027938842798, 39.858959197998203 ], [ 16.529027938842798, 39.858749389648402 ], [ 16.5288791656494, 39.858749389648402 ], [ 16.528749465942401, 39.858749389648402 ], [ 16.528749465942401, 39.858570098877102 ], [ 16.528749465942401, 39.858470916747997 ], [ 16.5284729003906, 39.858470916747997 ], [ 16.5284729003906, 39.858177185058601 ], [ 16.5284729003906, 39.857917785644602 ], [ 16.528285980224702, 39.857917785644602 ], [ 16.528194427490298, 39.857917785644602 ], [ 16.528194427490298, 39.8577880859375 ], [ 16.528194427490298, 39.857360839843899 ], [ 16.527915954589901, 39.857360839843899 ], [ 16.527915954589901, 39.856803894042898 ], [ 16.5276393890381, 39.856803894042898 ], [ 16.5276393890381, 39.856250762939503 ], [ 16.527360916137699, 39.856250762939503 ], [ 16.527360916137699, 39.855972290039098 ], [ 16.527082443237301, 39.855972290039098 ], [ 16.527082443237301, 39.855415344238402 ], [ 16.526805877685501, 39.855415344238402 ], [ 16.526805877685501, 39.855140686035199 ], [ 16.526527404785199, 39.855140686035199 ], [ 16.526527404785199, 39.854583740234403 ], [ 16.526250839233299, 39.854583740234403 ], [ 16.526250839233299, 39.854305267333999 ], [ 16.525972366333001, 39.854305267333999 ], [ 16.525972366333001, 39.8540267944337 ], [ 16.525693893432599, 39.8540267944337 ], [ 16.525693893432599, 39.853748321533303 ], [ 16.525417327881001, 39.853748321533303 ], [ 16.525417327881001, 39.853473663330099 ], [ 16.5252780914307, 39.853473663330099 ], [ 16.5251388549806, 39.853473663330099 ], [ 16.5251388549806, 39.853263854980497 ], [ 16.5251388549806, 39.852916717529297 ], [ 16.524860382080199, 39.852916717529297 ], [ 16.524860382080199, 39.8528442382812 ], [ 16.524860382080199, 39.852638244628899 ], [ 16.524723052978501, 39.852638244628899 ], [ 16.524583816528398, 39.852638244628899 ], [ 16.524583816528398, 39.852432250976598 ], [ 16.524583816528398, 39.852085113525497 ], [ 16.524305343628001, 39.852085113525497 ], [ 16.524305343628001, 39.8520126342775 ], [ 16.524305343628001, 39.851528167724702 ], [ 16.5240287780762, 39.851528167724702 ], [ 16.5240287780762, 39.850971221923899 ], [ 16.523750305175799, 39.850971221923899 ], [ 16.523750305175799, 39.849582672119197 ], [ 16.523471832275401, 39.849582672119197 ], [ 16.523471832275401, 39.848751068115199 ], [ 16.5231952667237, 39.848751068115199 ], [ 16.5231952667237, 39.848472595214801 ], [ 16.522916793823299, 39.848472595214801 ], [ 16.522916793823299, 39.848194122314503 ], [ 16.522638320922901, 39.848194122314503 ], [ 16.522638320922901, 39.847915649414098 ], [ 16.522361755371101, 39.847915649414098 ], [ 16.522361755371101, 39.8476371765137 ], [ 16.521806716918899, 39.8476371765137 ], [ 16.521806716918899, 39.847362518310497 ], [ 16.521528244018601, 39.847362518310497 ], [ 16.521528244018601, 39.846805572509801 ], [ 16.5212497711182, 39.846805572509801 ], [ 16.5212497711182, 39.846248626708999 ], [ 16.520971298217798, 39.846248626708999 ], [ 16.520971298217798, 39.845973968506001 ], [ 16.520414352416999, 39.845973968506001 ], [ 16.520414352416999, 39.845695495605597 ], [ 16.520139694213999, 39.845695495605597 ], [ 16.520139694213999, 39.845138549804801 ], [ 16.519861221313398, 39.845138549804801 ], [ 16.519861221313398, 39.844860076904403 ], [ 16.519681930541999, 39.844860076904403 ], [ 16.5195846557618, 39.844860076904403 ], [ 16.5195846557618, 39.844772338867301 ], [ 16.5195846557618, 39.844673156738303 ], [ 16.5195846557618, 39.844306945800803 ], [ 16.519306182861399, 39.844306945800803 ], [ 16.519306182861399, 39.844028472900398 ], [ 16.519027709961101, 39.844028472900398 ], [ 16.519027709961101, 39.84375 ], [ 16.5187492370607, 39.84375 ], [ 16.5187492370607, 39.843471527099702 ], [ 16.5184745788575, 39.843471527099702 ], [ 16.5184745788575, 39.843193054199297 ], [ 16.518192291259702, 39.843193054199297 ], [ 16.518192291259702, 39.842918395996101 ], [ 16.517360687255898, 39.842918395996101 ], [ 16.517360687255898, 39.842639923095703 ], [ 16.517082214355501, 39.842639923095703 ], [ 16.517082214355501, 39.842082977294901 ], [ 16.5168056488038, 39.842082977294901 ], [ 16.5168056488038, 39.841804504394602 ], [ 16.516527175903398, 39.841804504394602 ], [ 16.516527175903398, 39.841526031494197 ], [ 16.516250610351602, 39.841526031494197 ], [ 16.516250610351602, 39.841251373291001 ], [ 16.515970230102599, 39.841251373291001 ], [ 16.515970230102599, 39.840972900390597 ], [ 16.515693664550799, 39.840972900390597 ], [ 16.515693664550799, 39.840694427490199 ], [ 16.515417098998999, 39.840694427490199 ], [ 16.515417098998999, 39.840415954589801 ], [ 16.515138626098601, 39.840415954589801 ], [ 16.515138626098601, 39.840137481689503 ], [ 16.5148601531982, 39.840137481689503 ], [ 16.5148601531982, 39.839862823486399 ], [ 16.514583587646399, 39.839862823486399 ], [ 16.514583587646399, 39.839584350586101 ], [ 16.514305114746101, 39.839584350586101 ], [ 16.514305114746101, 39.839305877685703 ], [ 16.513748168945298, 39.839305877685703 ], [ 16.513748168945298, 39.839027404785298 ], [ 16.513471603393501, 39.839027404785298 ], [ 16.513471603393501, 39.838748931884901 ], [ 16.5131950378419, 39.838748931884901 ], [ 16.5131950378419, 39.8381958007813 ], [ 16.512916564941499, 39.8381958007813 ], [ 16.512916564941499, 39.837917327880902 ], [ 16.512638092041101, 39.837917327880902 ], [ 16.512638092041101, 39.837638854980497 ], [ 16.512083053588899, 39.837638854980497 ], [ 16.512083053588899, 39.837360382080099 ], [ 16.511806488037202, 39.837360382080099 ], [ 16.511804580688601, 39.837081909179702 ], [ 16.511529922485298, 39.837081909179702 ], [ 16.511529922485298, 39.836807250976598 ], [ 16.511249542236399, 39.836807250976598 ], [ 16.511249542236399, 39.8365287780762 ], [ 16.510694503784201, 39.8365287780762 ], [ 16.510694503784201, 39.836250305175803 ], [ 16.510417938232401, 39.836250305175803 ], [ 16.510417938232401, 39.835971832275398 ], [ 16.510139465331999, 39.835971832275398 ], [ 16.510139465331999, 39.835693359375 ], [ 16.509860992431602, 39.835693359375 ], [ 16.509860992431602, 39.835140228271598 ], [ 16.5095825195312, 39.835140228271598 ], [ 16.5095825195312, 39.834861755371001 ], [ 16.5093078613282, 39.834861755371001 ], [ 16.5093078613282, 39.834583282470597 ], [ 16.509027481079102, 39.834583282470597 ], [ 16.509027481079102, 39.834304809570298 ], [ 16.508750915527301, 39.834304809570298 ], [ 16.508750915527301, 39.834026336669901 ], [ 16.5084724426269, 39.834026336669901 ], [ 16.5084724426269, 39.833751678466903 ], [ 16.508195877075298, 39.833751678466903 ], [ 16.508195877075298, 39.833194732666101 ], [ 16.507917404174901, 39.833194732666101 ], [ 16.507917404174901, 39.832916259765703 ], [ 16.507638931274499, 39.832916259765703 ], [ 16.507638931274499, 39.832359313965 ], [ 16.507360458374102, 39.832359313965 ], [ 16.507360458374102, 39.831806182861399 ], [ 16.507085800171001, 39.831806182861399 ], [ 16.507085800171001, 39.831527709961001 ], [ 16.5068035125732, 39.831527709961001 ], [ 16.5068035125732, 39.831249237060597 ], [ 16.506526947021602, 39.831249237060597 ], [ 16.506526947021602, 39.830696105957003 ], [ 16.505973815918001, 39.830696105957003 ], [ 16.505973815918001, 39.830417633056598 ], [ 16.505695343017599, 39.830417633056598 ], [ 16.505695343017599, 39.8301391601562 ], [ 16.505416870117202, 39.8301391601562 ], [ 16.505416870117202, 39.829860687255902 ], [ 16.5051383972169, 39.829860687255902 ], [ 16.5051383972169, 39.829303741455099 ], [ 16.5048637390137, 39.829303741455099 ], [ 16.5048637390137, 39.829029083252102 ], [ 16.504581451416101, 39.829029083252102 ], [ 16.504581451416101, 39.828750610351698 ], [ 16.5043048858643, 39.828750610351698 ], [ 16.5043048858643, 39.828472137451101 ], [ 16.5040283203125, 39.828472137451101 ], [ 16.5040283203125, 39.828193664550703 ], [ 16.503749847412099, 39.828193664550703 ], [ 16.503749847412099, 39.827915191650398 ], [ 16.503471374511701, 39.827915191650398 ], [ 16.503471374511701, 39.827640533447301 ], [ 16.503292083740298, 39.827640533447301 ], [ 16.50319480896, 39.827640533447301 ], [ 16.50319480896, 39.8274955749513 ], [ 16.50319480896, 39.827083587646598 ], [ 16.502916336059599, 39.827083587646598 ], [ 16.502916336059599, 39.8268051147462 ], [ 16.502719879150501, 39.8268051147462 ], [ 16.502639770507901, 39.8268051147462 ], [ 16.502639770507901, 39.826690673828097 ], [ 16.502639770507901, 39.826526641845803 ], [ 16.502527236938501, 39.826526641845803 ], [ 16.502361297607401, 39.826526641845803 ], [ 16.502361297607401, 39.826286315917898 ], [ 16.502361297607401, 39.825973510742202 ], [ 16.502082824706999, 39.825973510742202 ], [ 16.502082824706999, 39.825881958007898 ], [ 16.502082824706999, 39.825416564941499 ], [ 16.501806259155401, 39.825416564941499 ], [ 16.501806259155401, 39.824859619140703 ], [ 16.501527786255, 39.824859619140703 ], [ 16.501527786255, 39.8245849609375 ], [ 16.501249313354599, 39.8245849609375 ], [ 16.501249313354599, 39.824306488037102 ], [ 16.500972747802798, 39.824306488037102 ], [ 16.500972747802798, 39.824214935302798 ], [ 16.500972747802798, 39.8237495422363 ], [ 16.5006942749025, 39.8237495422363 ], [ 16.5006942749025, 39.823471069335902 ], [ 16.5004901885987, 39.823471069335902 ], [ 16.500415802002099, 39.823471069335902 ], [ 16.500415802002099, 39.823352813720703 ], [ 16.500415802002099, 39.8229179382325 ], [ 16.5001411437988, 39.8229179382325 ], [ 16.500139236450298, 39.822360992431797 ], [ 16.499860763549901, 39.822360992431797 ], [ 16.499860763549901, 39.821804046630803 ], [ 16.4995841979981, 39.821804046630803 ], [ 16.4995841979981, 39.821250915527401 ], [ 16.499305725097699, 39.821250915527401 ], [ 16.499305725097699, 39.820972442627003 ], [ 16.499027252197301, 39.820972442627003 ], [ 16.499027252197301, 39.820693969726698 ], [ 16.498750686645501, 39.820693969726698 ], [ 16.498750686645501, 39.820137023925902 ], [ 16.498472213745099, 39.820137023925902 ], [ 16.498472213745099, 39.819862365722699 ], [ 16.498193740844702, 39.819862365722699 ], [ 16.498193740844702, 39.819583892822301 ], [ 16.498050689697301, 39.819583892822301 ], [ 16.497917175293001, 39.819583892822301 ], [ 16.497917175293001, 39.819370269775398 ], [ 16.497917175293001, 39.819026947021499 ], [ 16.497638702392599, 39.819026947021499 ], [ 16.497638702392599, 39.818916320800803 ], [ 16.497638702392599, 39.8187484741212 ], [ 16.4975395202637, 39.8187484741212 ], [ 16.497360229492202, 39.8187484741212 ], [ 16.497360229492202, 39.818401336669901 ], [ 16.497360229492202, 39.818195343017599 ], [ 16.497251510620199, 39.818195343017599 ], [ 16.497083663940401, 39.818195343017599 ], [ 16.497083663940401, 39.817867279052798 ], [ 16.497083663940401, 39.817638397216797 ], [ 16.496967315673899, 39.817638397216797 ], [ 16.49680519104, 39.817638397216797 ], [ 16.49680519104, 39.817317962646499 ], [ 16.49680519104, 39.817085266113402 ], [ 16.496686935424702, 39.817085266113402 ], [ 16.496528625488398, 39.817081451416001 ], [ 16.496528625488398, 39.816806793212997 ], [ 16.496250152588001, 39.816806793212997 ], [ 16.496250152588001, 39.8162231445312 ], [ 16.496250152588001, 39.815971374511797 ], [ 16.496131896972798, 39.815971374511797 ], [ 16.495971679687401, 39.815971374511797 ], [ 16.495971679687401, 39.8156929016113 ], [ 16.495695114135899, 39.8156929016113 ], [ 16.495695114135899, 39.815418243408303 ], [ 16.495416641235501, 39.815418243408303 ], [ 16.495416641235501, 39.8148612976075 ], [ 16.495138168335099, 39.8148612976075 ], [ 16.495138168335099, 39.814304351806797 ], [ 16.494861602783299, 39.814304351806797 ], [ 16.494861602783299, 39.813751220703097 ], [ 16.494583129882901, 39.813751220703097 ], [ 16.494583129882901, 39.813472747802699 ], [ 16.494306564331101, 39.813472747802699 ], [ 16.494306564331101, 39.813194274902401 ], [ 16.4940280914307, 39.813194274902401 ], [ 16.4940280914307, 39.812915802002003 ], [ 16.493749618530298, 39.812915802002003 ], [ 16.493749618530298, 39.812084197997997 ], [ 16.493473052978501, 39.812084197997997 ], [ 16.493473052978501, 39.810417175293097 ], [ 16.493192672729499, 39.810417175293097 ], [ 16.493192672729499, 39.810138702392699 ], [ 16.492914199829201, 39.810138702392699 ], [ 16.492914199829201, 39.809581756591903 ], [ 16.492639541626001, 39.809581756591903 ], [ 16.492639541626001, 39.8093070983887 ], [ 16.4923610687256, 39.8093070983887 ], [ 16.4923610687256, 39.808750152587898 ], [ 16.4920845031738, 39.808750152587898 ], [ 16.4920845031738, 39.808193206787202 ], [ 16.491804122924801, 39.808193206787202 ], [ 16.491804122924801, 39.807640075683601 ], [ 16.491527557373001, 39.807640075683601 ], [ 16.491527557373001, 39.807083129882798 ], [ 16.491249084472699, 39.807083129882798 ], [ 16.491249084472699, 39.806526184082102 ], [ 16.490974426269599, 39.806526184082102 ], [ 16.490974426269599, 39.805694580078097 ], [ 16.4906921386719, 39.805694580078097 ], [ 16.4906921386719, 39.805137634277301 ], [ 16.490417480468899, 39.805137634277301 ], [ 16.490417480468899, 39.804306030273601 ], [ 16.490139007568501, 39.804306030273601 ], [ 16.490139007568501, 39.803195953369197 ], [ 16.4898605346681, 39.803195953369197 ], [ 16.4898605346681, 39.801807403564503 ], [ 16.4895820617675, 39.801807403564503 ], [ 16.4895820617675, 39.800415039062599 ], [ 16.489305496215898, 39.800415039062599 ], [ 16.489305496215898, 39.799861907958899 ], [ 16.489027023315501, 39.799861907958899 ], [ 16.489027023315501, 39.798473358154403 ], [ 16.4887504577637, 39.798473358154403 ], [ 16.4887504577637, 39.797084808349702 ], [ 16.488470077514801, 39.797084808349702 ], [ 16.488470077514801, 39.795970916748097 ], [ 16.488193511962901, 39.795970916748097 ], [ 16.488193511962901, 39.795417785644503 ], [ 16.4879169464112, 39.795417785644503 ], [ 16.4879169464112, 39.793750762939602 ], [ 16.487638473510799, 39.793750762939602 ], [ 16.487638473510799, 39.792640686035199 ], [ 16.487361907958999, 39.792640686035199 ], [ 16.487361907958999, 39.792083740234503 ], [ 16.487083435058601, 39.792083740234503 ], [ 16.487083435058601, 39.790416717529403 ], [ 16.486804962158299, 39.790416717529403 ], [ 16.486804962158299, 39.78763961792 ], [ 16.486528396606399, 39.78763961792 ], [ 16.486528396606399, 39.7868041992187 ], [ 16.486804962158299, 39.7868041992187 ], [ 16.486804962158299, 39.784862518310497 ], [ 16.486528396606399, 39.784862518310497 ], [ 16.486528396606399, 39.783527374267599 ], [ 16.486528396606399, 39.782917022705099 ], [ 16.486249923706101, 39.782917022705099 ], [ 16.486249923706101, 39.78125 ], [ 16.486528396606399, 39.78125 ], [ 16.486528396606399, 39.777637481689503 ], [ 16.486804962158299, 39.777637481689503 ], [ 16.486804962158299, 39.772914886474702 ], [ 16.487083435058601, 39.772914886474702 ], [ 16.487083435058601, 39.7659721374512 ], [ 16.486804962158299, 39.7659721374512 ], [ 16.486804962158299, 39.765693664550803 ], [ 16.487083435058601, 39.765693664550803 ], [ 16.487083435058601, 39.763748168945298 ], [ 16.487361907958999, 39.763748168945298 ], [ 16.487361907958999, 39.762359619140703 ], [ 16.487638473510799, 39.762359619140703 ], [ 16.487638473510799, 39.760692596435597 ], [ 16.4879169464112, 39.760692596435597 ], [ 16.4879169464112, 39.7595825195312 ], [ 16.488193511962901, 39.7595825195312 ], [ 16.488193511962901, 39.758472442626903 ], [ 16.4887504577637, 39.758472442626903 ], [ 16.4887504577637, 39.7579154968262 ], [ 16.489027023315501, 39.7579154968262 ], [ 16.489027023315501, 39.757362365722699 ], [ 16.489305496215898, 39.757362365722699 ], [ 16.489305496215898, 39.756526947021598 ], [ 16.4895820617675, 39.756526947021598 ], [ 16.4895820617675, 39.755695343017599 ], [ 16.4898605346681, 39.755695343017599 ], [ 16.4898605346681, 39.755416870117202 ], [ 16.490139007568501, 39.755416870117202 ], [ 16.490139007568501, 39.754306793212898 ], [ 16.490417480468899, 39.754306793212898 ], [ 16.490417480468899, 39.7540283203125 ], [ 16.4906921386719, 39.7540283203125 ], [ 16.4906921386719, 39.7523612976075 ], [ 16.490974426269599, 39.7523612976075 ], [ 16.490974426269599, 39.752082824707003 ], [ 16.491249084472699, 39.752082824707003 ], [ 16.491249084472699, 39.751804351806598 ], [ 16.491527557373001, 39.751804351806598 ], [ 16.491527557373001, 39.750972747802798 ], [ 16.491804122924801, 39.750972747802798 ], [ 16.491804122924801, 39.7506942749025 ], [ 16.491527557373001, 39.7506942749025 ], [ 16.491527557373001, 39.750415802002102 ], [ 16.491804122924801, 39.750415802002102 ], [ 16.491804122924801, 39.749862670898402 ], [ 16.4920845031738, 39.749862670898402 ], [ 16.4920845031738, 39.749584197998097 ], [ 16.4923610687256, 39.749584197998097 ], [ 16.4923610687256, 39.749305725097699 ], [ 16.492639541626001, 39.749305725097699 ], [ 16.492639541626001, 39.749027252197301 ], [ 16.492914199829201, 39.749027252197301 ], [ 16.492914199829201, 39.7484741210938 ], [ 16.493192672729499, 39.748470306396499 ], [ 16.493192672729499, 39.748195648193402 ], [ 16.493473052978501, 39.748195648193402 ], [ 16.493473052978501, 39.747917175292997 ], [ 16.493749618530298, 39.747917175292997 ], [ 16.493749618530298, 39.747638702392599 ], [ 16.4940280914307, 39.747638702392599 ], [ 16.4940280914307, 39.747360229492202 ], [ 16.494306564331101, 39.747360229492202 ], [ 16.494306564331101, 39.747081756591797 ], [ 16.494583129882901, 39.747081756591797 ], [ 16.494583129882901, 39.7468070983888 ], [ 16.495138168335099, 39.7468070983888 ], [ 16.495138168335099, 39.746250152587997 ], [ 16.495416641235501, 39.746250152587997 ], [ 16.495416641235501, 39.745971679687599 ], [ 16.495695114135899, 39.745971679687599 ], [ 16.495695114135899, 39.745418548583999 ], [ 16.495971679687401, 39.745414733886697 ], [ 16.495971679687401, 39.7451400756837 ], [ 16.496250152588001, 39.7451400756837 ], [ 16.496250152588001, 39.744861602783303 ], [ 16.496528625488398, 39.744861602783303 ], [ 16.496528625488398, 39.744583129882898 ], [ 16.49680519104, 39.744583129882898 ], [ 16.49680519104, 39.7443046569825 ], [ 16.497083663940401, 39.7443046569825 ], [ 16.497083663940401, 39.744026184082102 ], [ 16.497360229492202, 39.744026184082102 ], [ 16.497360229492202, 39.743751525878899 ], [ 16.497638702392599, 39.743751525878899 ], [ 16.497638702392599, 39.743473052978501 ], [ 16.497917175293001, 39.743473052978501 ], [ 16.497917175293001, 39.743194580078203 ], [ 16.498193740844702, 39.743194580078203 ], [ 16.498193740844702, 39.742362976074197 ], [ 16.498472213745099, 39.742362976074197 ], [ 16.498472213745099, 39.7420845031738 ], [ 16.498750686645501, 39.7420845031738 ], [ 16.498750686645501, 39.741806030273402 ], [ 16.499305725097699, 39.741806030273402 ], [ 16.499305725097699, 39.741527557372997 ], [ 16.4995841979981, 39.741527557372997 ], [ 16.4995841979981, 39.741249084472599 ], [ 16.499860763549901, 39.741249084472599 ], [ 16.499860763549901, 39.740970611572301 ], [ 16.500139236450298, 39.740970611572301 ], [ 16.500139236450298, 39.740695953369297 ], [ 16.500415802002099, 39.740695953369297 ], [ 16.500415802002099, 39.740417480468899 ], [ 16.5006942749025, 39.740417480468899 ], [ 16.5006942749025, 39.740139007568501 ], [ 16.500972747802798, 39.740139007568501 ], [ 16.500972747802798, 39.739860534668097 ], [ 16.501249313354599, 39.739860534668097 ], [ 16.501249313354599, 39.739307403564503 ], [ 16.501527786255, 39.739307403564503 ], [ 16.501527786255, 39.739028930664098 ], [ 16.501806259155401, 39.739028930664098 ], [ 16.501806259155401, 39.7387504577637 ], [ 16.502361297607401, 39.7387504577637 ], [ 16.502361297607401, 39.738193511962898 ], [ 16.502639770507901, 39.738193511962898 ], [ 16.502639770507901, 39.737915039062599 ], [ 16.50319480896, 39.737915039062599 ], [ 16.50319480896, 39.737640380859403 ], [ 16.503471374511701, 39.737640380859403 ], [ 16.503471374511701, 39.737361907958999 ], [ 16.5040283203125, 39.737361907958999 ], [ 16.5040283203125, 39.737083435058601 ], [ 16.5043048858643, 39.737083435058601 ], [ 16.5043048858643, 39.736804962158303 ], [ 16.5048637390137, 39.736804962158303 ], [ 16.5048637390137, 39.736526489257898 ], [ 16.5051383972169, 39.736526489257898 ], [ 16.5051383972169, 39.736251831054602 ], [ 16.505416870117202, 39.736251831054602 ], [ 16.505416870117202, 39.735694885253899 ], [ 16.505695343017599, 39.735694885253899 ], [ 16.505695343017599, 39.735137939453097 ], [ 16.505973815918001, 39.735137939453097 ], [ 16.505973815918001, 39.734859466552699 ], [ 16.506526947021602, 39.734859466552699 ], [ 16.506526947021602, 39.734584808349702 ], [ 16.5068035125732, 39.734584808349702 ], [ 16.5068035125732, 39.734306335449297 ], [ 16.508195877075298, 39.734306335449297 ], [ 16.508195877075298, 39.734584808349702 ], [ 16.508750915527301, 39.734584808349702 ], [ 16.508750915527301, 39.734859466552699 ], [ 16.5093078613282, 39.734859466552699 ], [ 16.5093078613282, 39.735137939453097 ], [ 16.5095825195312, 39.735137939453097 ], [ 16.5095825195312, 39.734859466552699 ], [ 16.510139465331999, 39.734859466552699 ], [ 16.510139465331999, 39.734584808349702 ], [ 16.510417938232401, 39.734584808349702 ], [ 16.510417938232401, 39.734306335449297 ], [ 16.510972976684599, 39.734306335449297 ], [ 16.510972976684599, 39.734027862548899 ], [ 16.511249542236399, 39.734027862548899 ], [ 16.511249542236399, 39.733749389648501 ], [ 16.511804580688601, 39.733749389648501 ], [ 16.511806488037202, 39.733470916748203 ], [ 16.5123615264893, 39.733470916748203 ], [ 16.5123615264893, 39.733196258545 ], [ 16.512638092041101, 39.733196258545 ], [ 16.512638092041101, 39.732917785644602 ], [ 16.5131950378419, 39.732917785644602 ], [ 16.5131950378419, 39.732639312744197 ], [ 16.513748168945298, 39.732639312744197 ], [ 16.513748168945298, 39.7323608398438 ], [ 16.514305114746101, 39.7323608398438 ], [ 16.514305114746101, 39.732082366943402 ], [ 16.5148601531982, 39.732082366943402 ], [ 16.5148601531982, 39.731803894042997 ], [ 16.515417098998999, 39.731803894042997 ], [ 16.515417098998999, 39.731529235839801 ], [ 16.515693664550799, 39.731529235839801 ], [ 16.515693664550799, 39.731250762939503 ], [ 16.515970230102599, 39.731250762939503 ], [ 16.515970230102599, 39.7306938171387 ], [ 16.516250610351602, 39.7306938171387 ], [ 16.516250610351602, 39.730415344238303 ], [ 16.516527175903398, 39.730415344238303 ], [ 16.516527175903398, 39.730140686035298 ], [ 16.517082214355501, 39.730140686035298 ], [ 16.517082214355501, 39.729862213134702 ], [ 16.517360687255898, 39.729862213134702 ], [ 16.517360687255898, 39.729583740234297 ], [ 16.5179157257081, 39.729583740234297 ], [ 16.5179157257081, 39.729305267333999 ], [ 16.518192291259702, 39.729305267333999 ], [ 16.518192291259702, 39.729026794433601 ], [ 16.519027709961101, 39.729026794433601 ], [ 16.519027709961101, 39.728748321533203 ], [ 16.519861221313398, 39.728748321533203 ], [ 16.519861221313398, 39.728473663330199 ], [ 16.520696640014801, 39.728473663330199 ], [ 16.520696640014801, 39.728195190429801 ], [ 16.520971298217798, 39.728195190429801 ], [ 16.520971298217798, 39.727916717529403 ], [ 16.521528244018601, 39.727916717529403 ], [ 16.521528244018601, 39.727638244628999 ], [ 16.522361755371101, 39.727638244628999 ], [ 16.522361755371101, 39.727359771728601 ], [ 16.522916793823299, 39.727359771728601 ], [ 16.522916793823299, 39.727085113525398 ], [ 16.523471832275401, 39.727085113525398 ], [ 16.523471832275401, 39.726806640625099 ], [ 16.523750305175799, 39.726806640625099 ], [ 16.523750305175799, 39.726528167724702 ], [ 16.524305343628001, 39.726528167724702 ], [ 16.524305343628001, 39.726249694824297 ], [ 16.525417327881001, 39.726249694824297 ], [ 16.525417327881001, 39.725971221923899 ], [ 16.525972366333001, 39.725971221923899 ], [ 16.525972366333001, 39.725692749023501 ], [ 16.5266342163087, 39.725692749023501 ], [ 16.526805877685501, 39.725692749023501 ], [ 16.526805877685501, 39.725574493408303 ], [ 16.526805877685501, 39.725418090820298 ], [ 16.527034759521499, 39.725418090820298 ], [ 16.527082443237301, 39.725139617919901 ], [ 16.5274429321288, 39.725139617919901 ], [ 16.5276393890381, 39.725139617919901 ], [ 16.5276393890381, 39.725006103515597 ], [ 16.5276393890381, 39.724861145019503 ], [ 16.527849197387798, 39.724861145019503 ], [ 16.528194427490298, 39.724861145019503 ], [ 16.528194427490298, 39.724624633788999 ], [ 16.528194427490298, 39.7243041992187 ], [ 16.5284729003906, 39.7243041992187 ], [ 16.5284729003906, 39.723751068115298 ], [ 16.528194427490298, 39.723751068115298 ], [ 16.528194427490298, 39.722919464111399 ], [ 16.528194427490298, 39.719306945800803 ], [ 16.5284729003906, 39.719306945800803 ], [ 16.5284729003906, 39.719028472900398 ], [ 16.528194427490298, 39.719028472900398 ], [ 16.528194427490298, 39.718193054199197 ], [ 16.527915954589901, 39.718193054199197 ], [ 16.527915954589901, 39.717082977294901 ], [ 16.5276393890381, 39.717082977294901 ], [ 16.5276393890381, 39.712638854980497 ], [ 16.527360916137699, 39.712638854980497 ], [ 16.527360916137699, 39.710971832275497 ], [ 16.527082443237301, 39.710971832275497 ], [ 16.527082443237301, 39.710414886474602 ], [ 16.527360916137699, 39.710414886474602 ], [ 16.527360916137699, 39.708751678466797 ], [ 16.527082443237301, 39.708751678466797 ], [ 16.527082443237301, 39.705696105957102 ], [ 16.526805877685501, 39.705696105957102 ], [ 16.526805877685501, 39.704582214355597 ], [ 16.526527404785199, 39.704582214355597 ], [ 16.526527404785199, 39.702915191650497 ], [ 16.526250839233299, 39.702915191650497 ], [ 16.526250839233299, 39.702083587646499 ], [ 16.525972366333001, 39.702083587646499 ], [ 16.525972366333001, 39.699584960937599 ], [ 16.525693893432599, 39.699584960937599 ], [ 16.525693893432599, 39.6979179382325 ], [ 16.525417327881001, 39.6979179382325 ], [ 16.525417327881001, 39.696804046630902 ], [ 16.5251388549806, 39.696804046630902 ], [ 16.5251388549806, 39.695972442627003 ], [ 16.524860382080199, 39.695972442627003 ], [ 16.524860382080199, 39.694583892822202 ], [ 16.524583816528398, 39.694583892822202 ], [ 16.524583816528398, 39.690418243408203 ], [ 16.524305343628001, 39.690418243408203 ], [ 16.524305343628001, 39.689582824707003 ], [ 16.5240287780762, 39.689582824707003 ], [ 16.5240287780762, 39.687637329101598 ], [ 16.524305343628001, 39.687637329101598 ], [ 16.524305343628001, 39.686805725097798 ], [ 16.524583816528398, 39.686805725097798 ], [ 16.524583816528398, 39.680973052978601 ], [ 16.524860382080199, 39.680973052978601 ], [ 16.524860382080199, 39.679027557373097 ], [ 16.5251388549806, 39.679027557373097 ], [ 16.5251388549806, 39.677204132080199 ], [ 16.5251388549806, 39.675971984863402 ], [ 16.525417327881001, 39.675971984863402 ], [ 16.525417327881001, 39.675140380859403 ], [ 16.525693893432599, 39.675140380859403 ], [ 16.525693893432599, 39.674861907958999 ], [ 16.526250839233299, 39.674861907958999 ], [ 16.526250839233299, 39.6745834350587 ], [ 16.526805877685501, 39.6745834350587 ], [ 16.526805877685501, 39.674304962158303 ], [ 16.527360916137699, 39.674304962158303 ], [ 16.527360916137699, 39.673751831054702 ], [ 16.527082443237301, 39.673751831054702 ], [ 16.527082443237301, 39.673473358154297 ], [ 16.5231952667237, 39.673473358154297 ], [ 16.5231952667237, 39.673194885253999 ], [ 16.522361755371101, 39.673194885253999 ], [ 16.522361755371101, 39.672916412353601 ], [ 16.521806716918899, 39.672916412353601 ], [ 16.521806716918899, 39.672637939453203 ], [ 16.5212497711182, 39.672637939453203 ], [ 16.5212497711182, 39.672359466552798 ], [ 16.520696640014801, 39.672359466552798 ], [ 16.520696640014801, 39.672084808349602 ], [ 16.520139694213999, 39.672084808349602 ], [ 16.520139694213999, 39.671806335449197 ], [ 16.519861221313398, 39.671806335449197 ], [ 16.519861221313398, 39.6715278625488 ], [ 16.5195846557618, 39.6715278625488 ], [ 16.5195846557618, 39.671249389648402 ], [ 16.5191936492919, 39.671249389648402 ], [ 16.519027709961101, 39.671249389648402 ], [ 16.519027709961101, 39.670986175537102 ], [ 16.5187492370607, 39.670970916747997 ], [ 16.5187492370607, 39.670696258545 ], [ 16.5184745788575, 39.670696258545 ], [ 16.5184745788575, 39.670139312744297 ], [ 16.518192291259702, 39.670139312744297 ], [ 16.518192291259702, 39.669582366943501 ], [ 16.5179157257081, 39.669582366943501 ], [ 16.5179157257081, 39.668472290039098 ], [ 16.518192291259702, 39.668472290039098 ], [ 16.518192291259702, 39.667915344238402 ], [ 16.5184745788575, 39.667915344238402 ], [ 16.5184745788575, 39.667362213134801 ], [ 16.5187492370607, 39.667362213134801 ], [ 16.5187492370607, 39.667083740234403 ], [ 16.519306182861399, 39.667083740234403 ], [ 16.519306182861399, 39.666805267333999 ], [ 16.5195846557618, 39.666805267333999 ], [ 16.5195846557618, 39.6665267944337 ], [ 16.520313262939499, 39.6665267944337 ], [ 16.5212497711182, 39.6665267944337 ], [ 16.5212497711182, 39.666248321533303 ], [ 16.522361755371101, 39.666248321533303 ], [ 16.522361755371101, 39.66597366333 ], [ 16.522638320922901, 39.66597366333 ], [ 16.522638320922901, 39.664585113525497 ], [ 16.522916793823299, 39.664585113525497 ], [ 16.522916793823299, 39.664306640625099 ], [ 16.522638320922901, 39.664306640625099 ], [ 16.522638320922901, 39.663749694824297 ], [ 16.522361755371101, 39.663749694824297 ], [ 16.522361755371101, 39.663471221923899 ], [ 16.5220832824707, 39.663471221923899 ], [ 16.5220832824707, 39.6632690429688 ], [ 16.5220832824707, 39.6618041992188 ], [ 16.522361755371101, 39.6618041992188 ], [ 16.522361755371101, 39.660972595214801 ], [ 16.522638320922901, 39.660972595214801 ], [ 16.522638320922901, 39.660415649414098 ], [ 16.522916793823299, 39.660415649414098 ], [ 16.522916793823299, 39.6601371765137 ], [ 16.5231952667237, 39.6601371765137 ], [ 16.5231952667237, 39.659862518310497 ], [ 16.523471832275401, 39.659862518310497 ], [ 16.523471832275401, 39.659584045410099 ], [ 16.524305343628001, 39.659584045410099 ], [ 16.524305343628001, 39.659862518310497 ], [ 16.524583816528398, 39.659870147705 ], [ 16.524583816528398, 39.662361145019602 ], [ 16.524860382080199, 39.662361145019602 ], [ 16.524860382080199, 39.66263961792 ], [ 16.5251388549806, 39.66263961792 ], [ 16.5251388549806, 39.663192749023601 ], [ 16.525693893432599, 39.663192749023601 ], [ 16.525693893432599, 39.662918090820398 ], [ 16.525972366333001, 39.662918090820398 ], [ 16.525972366333001, 39.662361145019602 ], [ 16.526250839233299, 39.662361145019602 ], [ 16.526250839233299, 39.6618041992188 ], [ 16.526527404785199, 39.6618041992188 ], [ 16.526527404785199, 39.661251068115199 ], [ 16.526805877685501, 39.661251068115199 ], [ 16.526805877685501, 39.660694122314503 ], [ 16.527082443237301, 39.660694122314503 ], [ 16.527082443237301, 39.660415649414098 ], [ 16.5284729003906, 39.660415649414098 ], [ 16.5284729003906, 39.660694122314503 ], [ 16.5293064117432, 39.660694122314503 ], [ 16.5293064117432, 39.660972595214801 ], [ 16.529581069946399, 39.660972595214801 ], [ 16.529581069946399, 39.6618041992188 ], [ 16.5293064117432, 39.6618041992188 ], [ 16.5293064117432, 39.662361145019602 ], [ 16.529027938842798, 39.662361145019602 ], [ 16.529027938842798, 39.66263961792 ], [ 16.528749465942401, 39.66263961792 ], [ 16.528749465942401, 39.663192749023601 ], [ 16.5284729003906, 39.663192749023601 ], [ 16.5284729003906, 39.663749694824297 ], [ 16.528194427490298, 39.663749694824297 ], [ 16.528194427490298, 39.664306640625099 ], [ 16.527915954589901, 39.664306640625099 ], [ 16.527915954589901, 39.664585113525497 ], [ 16.5276393890381, 39.664585113525497 ], [ 16.5276393890381, 39.664859771728501 ], [ 16.527360916137699, 39.664859771728501 ], [ 16.527360916137699, 39.665138244628899 ], [ 16.527082443237301, 39.665138244628899 ], [ 16.527082443237301, 39.66597366333 ], [ 16.526805877685501, 39.66597366333 ], [ 16.526805877685501, 39.666248321533303 ], [ 16.526527404785199, 39.666248321533303 ], [ 16.526527404785199, 39.666805267333999 ], [ 16.526250839233299, 39.666805267333999 ], [ 16.526250839233299, 39.667640686035199 ], [ 16.526527404785199, 39.667640686035199 ], [ 16.526527404785199, 39.667915344238402 ], [ 16.526805877685501, 39.667915344238402 ], [ 16.526805877685501, 39.6681938171387 ], [ 16.527082443237301, 39.6681938171387 ], [ 16.527082443237301, 39.668472290039098 ], [ 16.527360916137699, 39.668472290039098 ], [ 16.527360916137699, 39.668750762939503 ], [ 16.5276393890381, 39.668750762939503 ], [ 16.5276393890381, 39.669029235839901 ], [ 16.527915954589901, 39.669029235839901 ], [ 16.527915954589901, 39.669303894042898 ], [ 16.5284729003906, 39.669303894042898 ], [ 16.5284729003906, 39.667362213134801 ], [ 16.528749465942401, 39.667362213134801 ], [ 16.528749465942401, 39.6665267944337 ], [ 16.529027938842798, 39.6665267944337 ], [ 16.529027938842798, 39.666248321533303 ], [ 16.5293064117432, 39.666248321533303 ], [ 16.5293064117432, 39.665695190429702 ], [ 16.529581069946399, 39.665695190429702 ], [ 16.529581069946399, 39.665416717529297 ], [ 16.529861450195401, 39.665416717529297 ], [ 16.529861450195401, 39.665138244628899 ], [ 16.530138015747202, 39.665138244628899 ], [ 16.530138015747202, 39.664859771728501 ], [ 16.530693054199201, 39.664859771728501 ], [ 16.530693054199201, 39.664306640625099 ], [ 16.530971527099599, 39.664306640625099 ], [ 16.530971527099599, 39.664028167724702 ], [ 16.53125, 39.664028167724702 ], [ 16.53125, 39.663749694824297 ], [ 16.531528472900501, 39.663749694824297 ], [ 16.531528472900501, 39.663471221923899 ], [ 16.531803131103501, 39.663471221923899 ], [ 16.531803131103501, 39.663192749023601 ], [ 16.5320854187013, 39.663192749023601 ], [ 16.5320854187013, 39.66263961792 ], [ 16.532363891601701, 39.66263961792 ], [ 16.532363891601701, 39.662361145019602 ], [ 16.532638549804702, 39.662361145019602 ], [ 16.532638549804702, 39.6618041992188 ], [ 16.532917022705099, 39.6618041992188 ], [ 16.532917022705099, 39.661529541015597 ], [ 16.533195495605501, 39.661529541015597 ], [ 16.533195495605501, 39.661251068115199 ], [ 16.533472061157202, 39.661251068115199 ], [ 16.533472061157202, 39.660972595214801 ], [ 16.533750534057599, 39.660972595214801 ], [ 16.533750534057599, 39.660415649414098 ], [ 16.534025192260899, 39.660415649414098 ], [ 16.534025192260899, 39.659862518310497 ], [ 16.534305572509801, 39.659862518310497 ], [ 16.534305572509801, 39.659584045410099 ], [ 16.5345859527588, 39.659584045410099 ], [ 16.5345859527588, 39.659305572509801 ], [ 16.535139083862401, 39.659305572509801 ], [ 16.535139083862401, 39.659027099609403 ], [ 16.535417556762798, 39.659027099609403 ], [ 16.535417556762798, 39.658748626708999 ], [ 16.535694122314599, 39.658748626708999 ], [ 16.535694122314599, 39.658473968506001 ], [ 16.535972595214901, 39.658473968506001 ], [ 16.535972595214901, 39.658195495605597 ], [ 16.536249160766701, 39.658195495605597 ], [ 16.536249160766701, 39.657917022705199 ], [ 16.5368061065675, 39.657917022705199 ], [ 16.5368061065675, 39.657638549804801 ], [ 16.537082672119102, 39.657638549804801 ], [ 16.537082672119102, 39.657360076904403 ], [ 16.537361145019499, 39.657360076904403 ], [ 16.537361145019499, 39.657081604003999 ], [ 16.53763961792, 39.657081604003999 ], [ 16.53763961792, 39.656806945800803 ], [ 16.537916183471701, 39.656806945800803 ], [ 16.537916183471701, 39.656612396240298 ], [ 16.537916183471701, 39.656528472900398 ], [ 16.5382518768312, 39.656528472900398 ], [ 16.538473129272401, 39.656528472900398 ], [ 16.538473129272401, 39.65625 ], [ 16.538749694824201, 39.65625 ], [ 16.538749694824201, 39.655971527099702 ], [ 16.539304733276399, 39.655971527099702 ], [ 16.539304733276399, 39.655693054199297 ], [ 16.539861679077099, 39.655693054199297 ], [ 16.539861679077099, 39.655418395996101 ], [ 16.5404167175294, 39.655418395996101 ], [ 16.5404167175294, 39.655139923095703 ], [ 16.540695190429702, 39.655139923095703 ], [ 16.540695190429702, 39.654861450195298 ], [ 16.5412502288819, 39.654861450195298 ], [ 16.5412502288819, 39.654582977294901 ], [ 16.542083740234499, 39.654582977294901 ], [ 16.542083740234499, 39.654304504394503 ], [ 16.5423603057862, 39.654304504394503 ], [ 16.5423603057862, 39.654026031494197 ], [ 16.542638778686602, 39.654026031494197 ], [ 16.542638778686602, 39.653751373291101 ], [ 16.542917251586999, 39.653751373291101 ], [ 16.542917251586999, 39.653472900390597 ], [ 16.543470382690401, 39.653472900390597 ], [ 16.543470382690401, 39.653194427490199 ], [ 16.5440273284912, 39.653194427490199 ], [ 16.5440273284912, 39.652915954589801 ], [ 16.544582366943398, 39.652915954589801 ], [ 16.544582366943398, 39.652637481689503 ], [ 16.545139312744102, 39.652637481689503 ], [ 16.545139312744102, 39.652362823486399 ], [ 16.545974731445298, 39.652362823486399 ], [ 16.545974731445298, 39.652084350586101 ], [ 16.5468063354493, 39.652084350586101 ], [ 16.5468063354493, 39.651805877685703 ], [ 16.5476379394532, 39.651805877685703 ], [ 16.5476379394532, 39.651527404785298 ], [ 16.548196792602599, 39.651527404785298 ], [ 16.548196792602599, 39.651248931884901 ], [ 16.549028396606602, 39.651248931884901 ], [ 16.549028396606602, 39.650970458984503 ], [ 16.549583435058501, 39.650970458984503 ], [ 16.549583435058501, 39.6506958007813 ], [ 16.549861907958899, 39.6506958007813 ], [ 16.549861907958899, 39.650417327880902 ], [ 16.550418853759901, 39.650417327880902 ], [ 16.550418853759901, 39.650138854980497 ], [ 16.550693511962901, 39.650138854980497 ], [ 16.550693511962901, 39.649860382080099 ], [ 16.550971984863299, 39.649860382080099 ], [ 16.550971984863299, 39.649581909179702 ], [ 16.551528930664102, 39.649581909179702 ], [ 16.551528930664102, 39.649307250976598 ], [ 16.552360534668001, 39.649307250976598 ], [ 16.552360534668001, 39.6490287780762 ], [ 16.552637100219801, 39.6490287780762 ], [ 16.552637100219801, 39.648750305175803 ], [ 16.5529174804688, 39.648750305175803 ], [ 16.5529174804688, 39.648471832275398 ], [ 16.5540275573732, 39.648471832275398 ], [ 16.5540275573732, 39.648193359375 ], [ 16.5548591613769, 39.648193359375 ], [ 16.5548591613769, 39.647914886474602 ], [ 16.555139541626101, 39.647914886474602 ], [ 16.555139541626101, 39.647640228271598 ], [ 16.555971145629901, 39.647640228271598 ], [ 16.555971145629901, 39.6473617553712 ], [ 16.556249618530298, 39.6473617553712 ], [ 16.556249618530298, 39.647083282470597 ], [ 16.5565280914307, 39.647083282470597 ], [ 16.5565280914307, 39.646804809570298 ], [ 16.557081222534201, 39.646804809570298 ], [ 16.557081222534201, 39.646526336669901 ], [ 16.5573635101318, 39.646526336669901 ], [ 16.5573635101318, 39.646251678466797 ], [ 16.557638168335, 39.646251678466797 ], [ 16.557638168335, 39.645973205566499 ], [ 16.558193206787202, 39.645973205566499 ], [ 16.558193206787202, 39.645416259765703 ], [ 16.558471679687599, 39.645416259765703 ], [ 16.558471679687599, 39.645137786865298 ], [ 16.559028625488299, 39.645137786865298 ], [ 16.559028625488299, 39.644584655761797 ], [ 16.5593032836913, 39.644584655761797 ], [ 16.5593032836913, 39.644306182861399 ], [ 16.560138702392699, 39.644306182861399 ], [ 16.560138702392699, 39.644027709961001 ], [ 16.560695648193501, 39.644027709961001 ], [ 16.560695648193501, 39.643749237060597 ], [ 16.560972213745099, 39.643749237060597 ], [ 16.560972213745099, 39.643470764160199 ], [ 16.561527252197301, 39.643470764160199 ], [ 16.561527252197301, 39.643196105957003 ], [ 16.562084197998001, 39.643196105957003 ], [ 16.562084197998001, 39.642917633056598 ], [ 16.562360763549801, 39.642917633056598 ], [ 16.562360763549801, 39.6426391601562 ], [ 16.563194274902401, 39.6426391601562 ], [ 16.563194274902401, 39.642360687255902 ], [ 16.563472747802699, 39.642360687255902 ], [ 16.563472747802699, 39.642082214355497 ], [ 16.564027786254901, 39.642082214355497 ], [ 16.564027786254901, 39.641803741455099 ], [ 16.5648612976075, 39.641803741455099 ], [ 16.5648612976075, 39.641529083252102 ], [ 16.565139770507901, 39.641529083252102 ], [ 16.565139770507901, 39.641250610351698 ], [ 16.565694808960099, 39.641250610351698 ], [ 16.565694808960099, 39.6409721374513 ], [ 16.565971374511701, 39.6409721374513 ], [ 16.565971374511701, 39.640693664550703 ], [ 16.566528320312599, 39.640693664550703 ], [ 16.566528320312599, 39.640415191650298 ], [ 16.568195343017599, 39.640415191650298 ], [ 16.568195343017599, 39.640140533447301 ], [ 16.568750381469702, 39.640140533447301 ], [ 16.568750381469702, 39.639862060546903 ], [ 16.5693054199219, 39.639862060546903 ], [ 16.5693054199219, 39.639583587646499 ], [ 16.569860458374102, 39.639583587646499 ], [ 16.569860458374102, 39.6393051147462 ], [ 16.570417404174901, 39.6393051147462 ], [ 16.570417404174901, 39.639026641845803 ], [ 16.571527481079201, 39.639026641845803 ], [ 16.571527481079201, 39.638748168945398 ], [ 16.5720825195312, 39.638748168945398 ], [ 16.5720825195312, 39.638473510742202 ], [ 16.5729084014893, 39.638473510742202 ], [ 16.573474884033299, 39.638473510742202 ], [ 16.573474884033299, 39.638195037841903 ], [ 16.574306488037099, 39.638195037841903 ], [ 16.574306488037099, 39.637916564941499 ], [ 16.5748615264893, 39.637916564941499 ], [ 16.5748615264893, 39.637638092041101 ], [ 16.575138092041101, 39.637638092041101 ], [ 16.575138092041101, 39.637359619140703 ], [ 16.575696945190401, 39.637359619140703 ], [ 16.575696945190401, 39.6370849609375 ], [ 16.5765285491944, 39.6370849609375 ], [ 16.5765285491944, 39.636806488037102 ], [ 16.577083587646602, 39.636806488037102 ], [ 16.577083587646602, 39.636528015136697 ], [ 16.5776386260987, 39.636528015136697 ], [ 16.5776386260987, 39.6362495422363 ], [ 16.5781936645507, 39.6362495422363 ], [ 16.5781936645507, 39.635971069335902 ], [ 16.578750610351499, 39.635971069335902 ], [ 16.578750610351499, 39.635692596435497 ], [ 16.5793056488037, 39.635692596435497 ], [ 16.5793056488037, 39.6354179382325 ], [ 16.5801391601562, 39.6354179382325 ], [ 16.5801391601562, 39.635139465332102 ], [ 16.5809726715088, 39.635139465332102 ], [ 16.5809726715088, 39.634860992431797 ], [ 16.581527709961001, 39.634860992431797 ], [ 16.581527709961001, 39.634582519531399 ], [ 16.582359313965, 39.634582519531399 ], [ 16.582359313965, 39.634304046630803 ], [ 16.5829162597657, 39.634304046630803 ], [ 16.5829162597657, 39.634029388427798 ], [ 16.583194732666101, 39.634029388427798 ], [ 16.583194732666101, 39.633750915527401 ], [ 16.583749771118299, 39.633750915527401 ], [ 16.583749771118299, 39.633472442627003 ], [ 16.5840282440187, 39.633472442627003 ], [ 16.5840282440187, 39.633193969726598 ], [ 16.584581375122099, 39.633193969726598 ], [ 16.584581375122099, 39.6329154968263 ], [ 16.584863662719801, 39.6329154968263 ], [ 16.584863662719801, 39.632637023925902 ], [ 16.5854167938232, 39.632637023925902 ], [ 16.5854167938232, 39.632362365722599 ], [ 16.585973739623999, 39.632362365722599 ], [ 16.585973739623999, 39.632083892822301 ], [ 16.5868034362794, 39.632083892822301 ], [ 16.5868034362794, 39.631805419921903 ], [ 16.587360382080099, 39.631805419921903 ], [ 16.587360382080099, 39.631526947021499 ], [ 16.5881958007813, 39.631526947021499 ], [ 16.5881958007813, 39.6312484741212 ], [ 16.5884723663331, 39.6312484741212 ], [ 16.5884723663331, 39.630973815917898 ], [ 16.589027404785298, 39.630973815917898 ], [ 16.589027404785298, 39.630695343017599 ], [ 16.5901393890382, 39.630695343017599 ], [ 16.5901393890382, 39.630416870117202 ], [ 16.590694427490199, 39.630416870117202 ], [ 16.590694427490199, 39.630138397216797 ], [ 16.591249465942401, 39.630138397216797 ], [ 16.591249465942401, 39.629859924316399 ], [ 16.5918064117432, 39.629859924316399 ], [ 16.5918064117432, 39.629581451416001 ], [ 16.5926399230957, 39.629581451416001 ], [ 16.5926399230957, 39.629306793212997 ], [ 16.593471527099702, 39.629306793212997 ], [ 16.593471527099702, 39.629028320312599 ], [ 16.594305038452301, 39.629028320312599 ], [ 16.594305038452301, 39.628749847412202 ], [ 16.5948600769044, 39.628749847412202 ], [ 16.5948600769044, 39.628471374511797 ], [ 16.595417022705199, 39.628471374511797 ], [ 16.595417022705199, 39.628192901611399 ], [ 16.596250534057599, 39.628192901611399 ], [ 16.596250534057599, 39.627918243408303 ], [ 16.596805572509801, 39.627918243408303 ], [ 16.596805572509801, 39.627639770507898 ], [ 16.597639083862301, 39.627639770507898 ], [ 16.597639083862301, 39.6273612976075 ], [ 16.598192214965898, 39.6273612976075 ], [ 16.598192214965898, 39.627082824707102 ], [ 16.599027633666999, 39.627082824707102 ], [ 16.599027633666999, 39.626804351806697 ], [ 16.599861145019599, 39.626804351806697 ], [ 16.599861145019599, 39.626525878906399 ], [ 16.600414276123001, 39.626525878906399 ], [ 16.600414276123001, 39.626251220703097 ], [ 16.6012496948243, 39.626251220703097 ], [ 16.6012496948243, 39.625972747802699 ], [ 16.601806640625099, 39.625972747802699 ], [ 16.601806640625099, 39.625694274902301 ], [ 16.6029167175293, 39.625694274902301 ], [ 16.6029167175293, 39.625415802002003 ], [ 16.603471755981399, 39.625415802002003 ], [ 16.603471755981399, 39.625137329101598 ], [ 16.604028701782202, 39.625137329101598 ], [ 16.604028701782202, 39.624862670898402 ], [ 16.605417251586999, 39.624862670898402 ], [ 16.605417251586999, 39.624584197997997 ], [ 16.605972290039102, 39.624584197997997 ], [ 16.605972290039102, 39.624305725097699 ], [ 16.6073608398437, 39.624305725097699 ], [ 16.6073608398437, 39.624027252197301 ], [ 16.607915878295898, 39.624027252197301 ], [ 16.607915878295898, 39.623748779296903 ], [ 16.6090278625488, 39.623748779296903 ], [ 16.6090278625488, 39.623474121093899 ], [ 16.610694885253999, 39.623470306396499 ], [ 16.610694885253999, 39.623195648193501 ], [ 16.611803054809499, 39.623195648193501 ], [ 16.611803054809499, 39.622917175293097 ], [ 16.612638473510899, 39.622917175293097 ], [ 16.612638473510899, 39.622638702392699 ], [ 16.613750457763601, 39.622638702392699 ], [ 16.613750457763601, 39.622360229492301 ], [ 16.615139007568398, 39.622360229492301 ], [ 16.615139007568398, 39.622081756591903 ], [ 16.6165275573731, 39.622081756591903 ], [ 16.6165275573731, 39.6218070983887 ], [ 16.617916107177798, 39.6218070983887 ], [ 16.617916107177798, 39.621528625488303 ], [ 16.618749618530401, 39.621528625488303 ], [ 16.618749618530401, 39.621250152587898 ], [ 16.621528625488299, 39.621250152587898 ], [ 16.621528625488299, 39.620971679687599 ], [ 16.623193740844801, 39.620971679687599 ], [ 16.623193740844801, 39.620693206787202 ], [ 16.625974655151499, 39.620693206787202 ], [ 16.625974655151499, 39.620418548583999 ], [ 16.627361297607401, 39.620414733886797 ], [ 16.627361297607401, 39.620140075683601 ], [ 16.6301383972169, 39.620140075683601 ], [ 16.6301383972169, 39.619861602783203 ], [ 16.632083892822301, 39.619861602783203 ], [ 16.632083892822301, 39.619583129882798 ], [ 16.636249542236399, 39.619583129882798 ], [ 16.636249542236399, 39.619304656982401 ], [ 16.649305343627901, 39.619304656982401 ], [ 16.649305343627901, 39.619583129882798 ], [ 16.6581935882569, 39.619583129882798 ], [ 16.6581935882569, 39.619861602783203 ], [ 16.6781921386719, 39.619861602783203 ], [ 16.6781921386719, 39.620140075683601 ], [ 16.681249618530298, 39.620140075683601 ], [ 16.681249618530298, 39.620414733886797 ], [ 16.6826362609863, 39.620418548583999 ], [ 16.6826362609863, 39.620693206787202 ], [ 16.686805725097699, 39.620693206787202 ], [ 16.686805725097699, 39.620971679687599 ], [ 16.6870841979981, 39.620971679687599 ], [ 16.6870841979981, 39.621250152587898 ], [ 16.690139770507798, 39.621250152587898 ], [ 16.690139770507798, 39.620971679687599 ], [ 16.6926383972169, 39.620971679687599 ], [ 16.6926383972169, 39.620693206787202 ], [ 16.693750381469801, 39.620693206787202 ], [ 16.693750381469801, 39.620418548583999 ], [ 16.695138931274499, 39.620414733886797 ], [ 16.695138931274499, 39.620140075683601 ], [ 16.698749542236399, 39.620140075683601 ], [ 16.698749542236399, 39.619861602783203 ], [ 16.7023601531982, 39.619861602783203 ], [ 16.7023601531982, 39.619583129882798 ], [ 16.703470230102599, 39.619583129882798 ], [ 16.703470230102599, 39.619304656982401 ], [ 16.7062492370607, 39.619304656982401 ], [ 16.7062492370607, 39.619026184082102 ], [ 16.709583282470799, 39.619026184082102 ], [ 16.709583282470799, 39.618751525878999 ], [ 16.710971832275401, 39.618751525878999 ], [ 16.710971832275401, 39.618473052978501 ], [ 16.7126388549806, 39.618473052978501 ], [ 16.7126388549806, 39.618194580078097 ], [ 16.716527938842798, 39.618194580078097 ], [ 16.716527938842798, 39.617916107177699 ], [ 16.717916488647599, 39.617916107177699 ], [ 16.717916488647599, 39.617637634277301 ], [ 16.719863891601701, 39.617637634277301 ], [ 16.719863891601701, 39.617362976074297 ], [ 16.720972061157202, 39.617362976074297 ], [ 16.720972061157202, 39.617084503173899 ], [ 16.724027633667099, 39.617084503173899 ], [ 16.724027633667099, 39.616806030273601 ], [ 16.724861145019499, 39.616806030273601 ], [ 16.724861145019499, 39.616527557373203 ], [ 16.7279167175294, 39.616527557373203 ], [ 16.7279167175294, 39.616249084472798 ], [ 16.7312507629394, 39.616249084472798 ], [ 16.7312507629394, 39.615970611572401 ], [ 16.732082366943398, 39.615970611572401 ], [ 16.732082366943398, 39.615695953369197 ], [ 16.7387504577637, 39.615695953369197 ], [ 16.7387504577637, 39.615970611572401 ], [ 16.739305496215898, 39.615970611572401 ], [ 16.739305496215898, 39.616249084472798 ], [ 16.739860534668001, 39.616249084472798 ], [ 16.739860534668001, 39.616527557373203 ], [ 16.7406940460206, 39.616527557373203 ], [ 16.7406940460206, 39.616806030273601 ], [ 16.741249084472798, 39.616806030273601 ], [ 16.741249084472798, 39.617084503173899 ], [ 16.741806030273601, 39.617084503173899 ], [ 16.741806030273601, 39.617362976074297 ], [ 16.742082595825099, 39.617362976074297 ], [ 16.742082595825099, 39.617637634277301 ], [ 16.742359161376999, 39.617637634277301 ], [ 16.742359161376999, 39.617916107177699 ], [ 16.742639541625898, 39.617916107177699 ], [ 16.742639541625898, 39.618194580078097 ], [ 16.742916107177699, 39.618194580078097 ], [ 16.742916107177699, 39.618473052978501 ], [ 16.743471145629901, 39.618473052978501 ], [ 16.743471145629901, 39.618751525878999 ], [ 16.743749618530298, 39.618751525878999 ], [ 16.743749618530298, 39.619026184082102 ], [ 16.7440280914307, 39.619026184082102 ], [ 16.7440280914307, 39.619304656982401 ], [ 16.744581222534201, 39.619304656982401 ], [ 16.744581222534201, 39.619583129882798 ], [ 16.745138168335, 39.619583129882798 ], [ 16.745138168335, 39.619861602783203 ], [ 16.745416641235401, 39.619861602783203 ], [ 16.745416641235401, 39.620140075683601 ], [ 16.745693206787202, 39.620140075683601 ], [ 16.745693206787202, 39.620414733886797 ], [ 16.747085571289102, 39.620418548583999 ], [ 16.747085571289102, 39.620693206787202 ], [ 16.747638702392699, 39.620693206787202 ], [ 16.747638702392699, 39.620971679687599 ], [ 16.748195648193501, 39.620971679687599 ], [ 16.748195648193501, 39.621250152587898 ], [ 16.7490253448487, 39.621250152587898 ], [ 16.7490253448487, 39.621528625488303 ], [ 16.749584197998001, 39.621528625488303 ], [ 16.749584197998001, 39.6218070983887 ], [ 16.750139236450199, 39.6218070983887 ], [ 16.750139236450199, 39.622081756591903 ], [ 16.750972747802798, 39.622081756591903 ], [ 16.750972747802798, 39.622360229492301 ], [ 16.751527786254901, 39.622360229492301 ], [ 16.751527786254901, 39.622638702392699 ], [ 16.752082824707099, 39.622638702392699 ], [ 16.752082824707099, 39.622917175293097 ], [ 16.752916336059702, 39.622917175293097 ], [ 16.752916336059702, 39.623195648193501 ], [ 16.753017425537099, 39.623214721679702 ], [ 16.753194808960099, 39.623249053955 ], [ 16.753194808960099, 39.623470306396499 ], [ 16.753471374511701, 39.623474121093899 ], [ 16.753471374511701, 39.623748779296903 ], [ 16.754583358764599, 39.623748779296903 ], [ 16.754583358764599, 39.624027252197301 ], [ 16.7551383972168, 39.624027252197301 ], [ 16.7551383972168, 39.624305725097699 ], [ 16.756608963012699, 39.624305725097699 ], [ 16.757360458374102, 39.624305725097699 ], [ 16.757360458374102, 39.624027252197301 ], [ 16.757638931274499, 39.624027252197301 ], [ 16.757638931274499, 39.623748779296903 ], [ 16.758472442627099, 39.623748779296903 ], [ 16.758472442627099, 39.623474121093899 ], [ 16.7595825195312, 39.623470306396499 ], [ 16.7595825195312, 39.623195648193501 ], [ 16.760974884033299, 39.623195648193501 ], [ 16.760974884033299, 39.622917175293097 ], [ 16.762083053588899, 39.622917175293097 ], [ 16.762083053588899, 39.622638702392699 ], [ 16.763471603393601, 39.622638702392699 ], [ 16.763471603393601, 39.622360229492301 ], [ 16.7643051147462, 39.622360229492301 ], [ 16.7643051147462, 39.622081756591903 ], [ 16.7651386260987, 39.622081756591903 ], [ 16.7651386260987, 39.6218070983887 ], [ 16.766250610351499, 39.6218070983887 ], [ 16.766250610351499, 39.621528625488303 ], [ 16.768194198608501, 39.621528625488303 ], [ 16.768194198608501, 39.621250152587898 ], [ 16.769027709961001, 39.621250152587898 ], [ 16.769027709961001, 39.620971679687599 ], [ 16.7695827484132, 39.620971679687599 ], [ 16.7695827484132, 39.620693206787202 ], [ 16.769861221313501, 39.620693206787202 ], [ 16.769861221313501, 39.620971679687599 ], [ 16.770139694213899, 39.620971679687599 ], [ 16.770139694213899, 39.620693206787202 ], [ 16.7704162597657, 39.620693206787202 ], [ 16.770694732666101, 39.620693206787202 ], [ 16.770694732666101, 39.620418548583999 ], [ 16.7712497711181, 39.620414733886797 ], [ 16.7712497711181, 39.620140075683601 ], [ 16.771804809570298, 39.620140075683601 ], [ 16.771804809570298, 39.619861602783203 ], [ 16.773471832275401, 39.619861602783203 ], [ 16.773471832275401, 39.619583129882798 ], [ 16.774026870727599, 39.619583129882798 ], [ 16.774026870727599, 39.619304656982401 ], [ 16.774585723876999, 39.619304656982401 ], [ 16.774585723876999, 39.619026184082102 ], [ 16.775138854980501, 39.619026184082102 ], [ 16.775138854980501, 39.618751525878999 ], [ 16.7756958007813, 39.618751525878999 ], [ 16.7756958007813, 39.618473052978501 ], [ 16.7759723663331, 39.618473052978501 ], [ 16.7759723663331, 39.618194580078097 ], [ 16.776250839233501, 39.618194580078097 ], [ 16.776250839233501, 39.617916107177699 ], [ 16.776525497436499, 39.617916107177699 ], [ 16.776525497436499, 39.617637634277301 ], [ 16.776807785034201, 39.617637634277301 ], [ 16.776807785034201, 39.617362976074297 ], [ 16.777360916137599, 39.617362976074297 ], [ 16.777360916137599, 39.617084503173899 ], [ 16.778194427490199, 39.617084503173899 ], [ 16.778194427490199, 39.616806030273601 ], [ 16.7784729003906, 39.616806030273601 ], [ 16.7784729003906, 39.616527557373203 ], [ 16.7790298461913, 39.616527557373203 ], [ 16.7790298461913, 39.616249084472798 ], [ 16.779582977295, 39.616249084472798 ], [ 16.779582977295, 39.615970611572401 ], [ 16.779861450195298, 39.615970611572401 ], [ 16.779861450195298, 39.615695953369197 ], [ 16.7804164886475, 39.615695953369197 ], [ 16.7804164886475, 39.615139007568402 ], [ 16.780694961547901, 39.615139007568402 ], [ 16.780694961547901, 39.614860534667997 ], [ 16.780971527099702, 39.614860534667997 ], [ 16.780971527099702, 39.614582061767599 ], [ 16.781528472900401, 39.614582061767599 ], [ 16.781528472900401, 39.614307403564503 ], [ 16.781805038452301, 39.614307403564503 ], [ 16.781805038452301, 39.614028930664098 ], [ 16.782083511352699, 39.614028930664098 ], [ 16.782083511352699, 39.6137504577637 ], [ 16.782360076904201, 39.6137504577637 ], [ 16.782360076904201, 39.613471984863303 ], [ 16.782638549804801, 39.613471984863303 ], [ 16.782638549804801, 39.6129150390625 ], [ 16.782917022705199, 39.6129150390625 ], [ 16.782917022705199, 39.612361907959098 ], [ 16.7831935882568, 39.612361907959098 ], [ 16.7831935882568, 39.612083435058501 ], [ 16.783470153808601, 39.612083435058501 ], [ 16.783470153808601, 39.611804962158097 ], [ 16.783750534057599, 39.611804962158097 ], [ 16.783750534057599, 39.611251831054702 ], [ 16.7840270996094, 39.611251831054702 ], [ 16.7840270996094, 39.610973358154403 ], [ 16.784582138061499, 39.610973358154403 ], [ 16.784582138061499, 39.610694885253999 ], [ 16.7848606109619, 39.610694885253999 ], [ 16.7848606109619, 39.610416412353601 ], [ 16.785139083862301, 39.610416412353601 ], [ 16.785139083862301, 39.609859466552798 ], [ 16.785417556762699, 39.609859466552798 ], [ 16.785417556762699, 39.609584808349702 ], [ 16.785692214965898, 39.609584808349702 ], [ 16.785692214965898, 39.609027862548899 ], [ 16.785974502563501, 39.609027862548899 ], [ 16.785974502563501, 39.608749389648501 ], [ 16.786249160766701, 39.608749389648501 ], [ 16.786249160766701, 39.608470916748097 ], [ 16.786804199218899, 39.608470916748097 ], [ 16.786804199218899, 39.607917785644503 ], [ 16.7870826721193, 39.607917785644503 ], [ 16.7870826721193, 39.6073608398437 ], [ 16.78763961792, 39.6073608398437 ], [ 16.78763961792, 39.607082366943402 ], [ 16.787914276123001, 39.607082366943402 ], [ 16.787914276123001, 39.606803894042997 ], [ 16.788196563720799, 39.606803894042997 ], [ 16.788196563720799, 39.60652923584 ], [ 16.788473129272599, 39.60652923584 ], [ 16.788473129272599, 39.606250762939602 ], [ 16.788749694824201, 39.606250762939602 ], [ 16.788749694824201, 39.605693817138601 ], [ 16.789028167724702, 39.605693817138601 ], [ 16.789028167724702, 39.605415344238203 ], [ 16.7895832061768, 39.605415344238203 ], [ 16.7895832061768, 39.605140686035199 ], [ 16.790136337280298, 39.605140686035199 ], [ 16.790136337280298, 39.604862213134801 ], [ 16.790695190429702, 39.604862213134801 ], [ 16.790695190429702, 39.604583740234403 ], [ 16.790971755981399, 39.604583740234403 ], [ 16.790971755981399, 39.604305267334098 ], [ 16.791528701782202, 39.604305267334098 ], [ 16.791528701782202, 39.6040267944337 ], [ 16.7920837402344, 39.6040267944337 ], [ 16.7920837402344, 39.603748321533303 ], [ 16.792638778686602, 39.603748321533303 ], [ 16.792638778686602, 39.603473663330099 ], [ 16.7931938171388, 39.603473663330099 ], [ 16.7931938171388, 39.603195190429702 ], [ 16.793750762939499, 39.603195190429702 ], [ 16.793750762939499, 39.602916717529297 ], [ 16.7940273284913, 39.602916717529297 ], [ 16.7940273284913, 39.602638244628999 ], [ 16.794305801391701, 39.602638244628999 ], [ 16.794305801391701, 39.602359771728601 ], [ 16.7948608398437, 39.602359771728601 ], [ 16.7948608398437, 39.602085113525398 ], [ 16.795415878295898, 39.602085113525398 ], [ 16.795415878295898, 39.601806640625 ], [ 16.7956943511963, 39.601806640625 ], [ 16.7956943511963, 39.601528167724602 ], [ 16.796249389648398, 39.601528167724602 ], [ 16.796249389648398, 39.601249694824197 ], [ 16.7965278625488, 39.601249694824197 ], [ 16.7965278625488, 39.6009712219238 ], [ 16.797361373901399, 39.6009712219238 ], [ 16.797361373901399, 39.600692749023402 ], [ 16.797916412353601, 39.600692749023402 ], [ 16.797916412353601, 39.600418090820398 ], [ 16.798194885253999, 39.600418090820398 ], [ 16.798194885253999, 39.60013961792 ], [ 16.798749923706101, 39.60013961792 ], [ 16.798749923706101, 39.599861145019602 ], [ 16.799585342407301, 39.599861145019602 ], [ 16.799585342407301, 39.599582672119297 ], [ 16.799863815307699, 39.599582672119297 ], [ 16.799863815307699, 39.5993041992187 ], [ 16.8004169464112, 39.5993041992187 ], [ 16.8004169464112, 39.599029541015703 ], [ 16.8009719848632, 39.599029541015703 ], [ 16.8009719848632, 39.598751068115298 ], [ 16.801250457763601, 39.598751068115298 ], [ 16.801250457763601, 39.598472595214901 ], [ 16.802360534668001, 39.598472595214901 ], [ 16.802360534668001, 39.598194122314503 ], [ 16.802639007568398, 39.598194122314503 ], [ 16.802639007568398, 39.597915649414198 ], [ 16.8029174804688, 39.597915649414198 ], [ 16.8029174804688, 39.5976371765138 ], [ 16.803472518921001, 39.5976371765138 ], [ 16.803472518921001, 39.597362518310497 ], [ 16.8040275573731, 39.597362518310497 ], [ 16.8040275573731, 39.596805572509801 ], [ 16.804307937622099, 39.596805572509801 ], [ 16.804307937622099, 39.596527099609403 ], [ 16.805416107177798, 39.596527099609403 ], [ 16.805416107177798, 39.596248626708999 ], [ 16.805973052978601, 39.596248626708999 ], [ 16.805973052978601, 39.595973968505803 ], [ 16.806528091430799, 39.595973968505803 ], [ 16.806528091430799, 39.595695495605497 ], [ 16.806804656982401, 39.595695495605497 ], [ 16.806804656982401, 39.595417022705099 ], [ 16.807083129882798, 39.595417022705099 ], [ 16.807083129882798, 39.595138549804702 ], [ 16.807638168335, 39.595138549804702 ], [ 16.807638168335, 39.594860076904297 ], [ 16.8081951141357, 39.594860076904297 ], [ 16.8081951141357, 39.594581604003899 ], [ 16.808750152587901, 39.594581604003899 ], [ 16.808750152587901, 39.594306945800902 ], [ 16.809305191040099, 39.594306945800902 ], [ 16.809305191040099, 39.594028472900497 ], [ 16.809860229492202, 39.594028472900497 ], [ 16.809860229492202, 39.59375 ], [ 16.810417175293001, 39.59375 ], [ 16.810417175293001, 39.593471527099702 ], [ 16.810693740844801, 39.593471527099702 ], [ 16.810693740844801, 39.593193054199297 ], [ 16.8112506866456, 39.593193054199297 ], [ 16.8112506866456, 39.5929183959962 ], [ 16.811527252197401, 39.5929183959962 ], [ 16.811527252197401, 39.592639923095803 ], [ 16.811805725097798, 39.592639923095803 ], [ 16.811805725097798, 39.592361450195398 ], [ 16.812360763549702, 39.592361450195398 ], [ 16.812360763549702, 39.592082977295 ], [ 16.812639236450099, 39.592082977295 ], [ 16.812639236450099, 39.591804504394602 ], [ 16.812915802001999, 39.591804504394602 ], [ 16.812915802001999, 39.591526031494297 ], [ 16.813749313354499, 39.591526031494297 ], [ 16.813749313354499, 39.591251373291001 ], [ 16.814027786254901, 39.591251373291001 ], [ 16.814027786254901, 39.590972900390597 ], [ 16.814582824707099, 39.590972900390597 ], [ 16.814582824707099, 39.590694427490199 ], [ 16.814861297607401, 39.590694427490199 ], [ 16.814861297607401, 39.590415954589901 ], [ 16.815414428711101, 39.590415954589901 ], [ 16.815414428711101, 39.590137481689503 ], [ 16.815696716308601, 39.590137481689503 ], [ 16.815696716308601, 39.5898628234863 ], [ 16.8159713745118, 39.5898628234863 ], [ 16.8159713745118, 39.589305877685497 ], [ 16.816249847412202, 39.589305877685497 ], [ 16.816249847412202, 39.589027404785099 ], [ 16.816806793212901, 39.589027404785099 ], [ 16.816806793212901, 39.588748931884801 ], [ 16.817083358764801, 39.588748931884801 ], [ 16.817083358764801, 39.588039398193402 ], [ 16.817083358764801, 39.587638854980597 ], [ 16.817361831665199, 39.587638854980597 ], [ 16.817361831665199, 39.587081909179801 ], [ 16.8176383972169, 39.587081909179801 ], [ 16.8176383972169, 39.586807250976598 ], [ 16.817918777465898, 39.586807250976598 ], [ 16.817918777465898, 39.586250305175803 ], [ 16.818195343017699, 39.586250305175803 ], [ 16.818195343017699, 39.585693359375099 ], [ 16.8184719085693, 39.585693359375099 ], [ 16.8184719085693, 39.585414886474702 ], [ 16.818750381469702, 39.585414886474702 ], [ 16.818750381469702, 39.585140228271499 ], [ 16.819028854370099, 39.585140228271499 ], [ 16.819028854370099, 39.584861755371101 ], [ 16.8193054199219, 39.584861755371101 ], [ 16.8193054199219, 39.584583282470703 ], [ 16.819583892822301, 39.584583282470703 ], [ 16.819583892822301, 39.58402633667 ], [ 16.819860458373999, 39.58402633667 ], [ 16.819860458373999, 39.582084655761797 ], [ 16.820140838623001, 39.582084655761797 ], [ 16.820140838623001, 39.580970764160298 ], [ 16.820417404174801, 39.580970764160298 ], [ 16.820417404174801, 39.580696105957102 ], [ 16.820693969726602, 39.580696105957102 ], [ 16.820693969726602, 39.579860687255902 ], [ 16.820972442626999, 39.579860687255902 ], [ 16.820972442626999, 39.578750610351598 ], [ 16.821250915527301, 39.578750610351598 ], [ 16.821250915527301, 39.578193664550803 ], [ 16.821527481079201, 39.578193664550803 ], [ 16.821527481079201, 39.577640533447401 ], [ 16.821805953979499, 39.577640533447401 ], [ 16.821805953979499, 39.576526641845703 ], [ 16.822082519531399, 39.576526641845703 ], [ 16.822082519531399, 39.575973510742202 ], [ 16.8223590850831, 39.575973510742202 ], [ 16.8223590850831, 39.575416564941499 ], [ 16.822639465332099, 39.575416564941499 ], [ 16.822639465332099, 39.574028015136797 ], [ 16.822916030883899, 39.574028015136797 ], [ 16.822916030883899, 39.573471069336001 ], [ 16.8231945037843, 39.573471069336001 ], [ 16.8231945037843, 39.572917938232401 ], [ 16.823471069335898, 39.572917938232401 ], [ 16.823471069335898, 39.572639465332003 ], [ 16.8237495422363, 39.572639465332003 ], [ 16.8237495422363, 39.572360992431598 ], [ 16.8240280151368, 39.572360992431598 ], [ 16.8240280151368, 39.571804046630902 ], [ 16.824304580688501, 39.571804046630902 ], [ 16.824306488037202, 39.570972442627102 ], [ 16.824581146240199, 39.570972442627102 ], [ 16.824581146240199, 39.570693969726499 ], [ 16.824861526489201, 39.570693969726499 ], [ 16.824861526489201, 39.570137023925803 ], [ 16.825138092041001, 39.570137023925803 ], [ 16.825138092041001, 39.569862365722699 ], [ 16.825416564941399, 39.569862365722699 ], [ 16.825416564941399, 39.569026947021598 ], [ 16.8256931304932, 39.569026947021598 ], [ 16.8256931304932, 39.5687484741212 ], [ 16.825971603393601, 39.5687484741212 ], [ 16.825971603393601, 39.568473815917997 ], [ 16.826250076293899, 39.568473815917997 ], [ 16.826250076293899, 39.567916870117202 ], [ 16.8265285491943, 39.567916870117202 ], [ 16.8265285491943, 39.567638397216903 ], [ 16.826803207397599, 39.567638397216903 ], [ 16.826803207397599, 39.567359924316499 ], [ 16.827085494995099, 39.567359924316499 ], [ 16.827085494995099, 39.567081451416101 ], [ 16.8276386260987, 39.567081451416101 ], [ 16.8276386260987, 39.566806793212898 ], [ 16.827915191650501, 39.566806793212898 ], [ 16.827915191650501, 39.5665283203125 ], [ 16.8284721374513, 39.5665283203125 ], [ 16.8284721374513, 39.566249847412102 ], [ 16.828750610351602, 39.566249847412102 ], [ 16.828750610351602, 39.565971374511697 ], [ 16.829307556152401, 39.565971374511697 ], [ 16.829307556152401, 39.5656929016113 ], [ 16.829584121704201, 39.5656929016113 ], [ 16.829584121704201, 39.565418243408303 ], [ 16.829860687255799, 39.565418243408303 ], [ 16.829860687255799, 39.565139770507898 ], [ 16.8304176330568, 39.565139770507898 ], [ 16.8304176330568, 39.5648612976075 ], [ 16.830694198608398, 39.5648612976075 ], [ 16.830694198608398, 39.564582824707102 ], [ 16.8309726715088, 39.564582824707102 ], [ 16.8309726715088, 39.564304351806598 ], [ 16.831249237060501, 39.564304351806598 ], [ 16.831249237060501, 39.5640258789062 ], [ 16.831527709960898, 39.5640258789062 ], [ 16.831527709960898, 39.563751220703203 ], [ 16.8318061828613, 39.563751220703203 ], [ 16.8318061828613, 39.563472747802798 ], [ 16.8320827484131, 39.563472747802798 ], [ 16.8320827484131, 39.563194274902401 ], [ 16.832361221313501, 39.563194274902401 ], [ 16.832361221313501, 39.562362670898402 ], [ 16.832639694213899, 39.562362670898402 ], [ 16.832639694213899, 39.561805725097699 ], [ 16.8329162597657, 39.561805725097699 ], [ 16.8329162597657, 39.561527252197301 ], [ 16.833194732666101, 39.561527252197301 ], [ 16.833194732666101, 39.561248779296903 ], [ 16.833471298217798, 39.561248779296903 ], [ 16.833471298217798, 39.5609741210937 ], [ 16.8337497711182, 39.560970306396499 ], [ 16.8337497711182, 39.560695648193402 ], [ 16.834028244018601, 39.560695648193402 ], [ 16.834028244018601, 39.560417175292997 ], [ 16.834304809570401, 39.560417175292997 ], [ 16.834304809570401, 39.560138702392599 ], [ 16.834583282470799, 39.560138702392599 ], [ 16.834583282470799, 39.559860229492202 ], [ 16.8348617553712, 39.559860229492202 ], [ 16.8348617553712, 39.5593070983888 ], [ 16.835138320923001, 39.5593070983888 ], [ 16.835138320923001, 39.559028625488402 ], [ 16.835416793823399, 39.559028625488402 ], [ 16.835416793823399, 39.558750152587997 ], [ 16.8356952667237, 39.558750152587997 ], [ 16.8356952667237, 39.558471679687599 ], [ 16.8362503051757, 39.558471679687599 ], [ 16.8362503051757, 39.558193206787202 ], [ 16.8365268707275, 39.558193206787202 ], [ 16.8365268707275, 39.557918548583999 ], [ 16.836805343627901, 39.557914733886697 ], [ 16.836805343627901, 39.5576400756837 ], [ 16.837083816528299, 39.5576400756837 ], [ 16.837083816528299, 39.557361602783303 ], [ 16.837360382080099, 39.557361602783303 ], [ 16.837360382080099, 39.557083129882898 ], [ 16.837638854980501, 39.557083129882898 ], [ 16.837638854980501, 39.5568046569825 ], [ 16.837917327880898, 39.5568046569825 ], [ 16.837917327880898, 39.556526184082102 ], [ 16.838193893432699, 39.556526184082102 ], [ 16.838193893432699, 39.556251525878899 ], [ 16.8384723663331, 39.556251525878899 ], [ 16.8384723663331, 39.555973052978501 ], [ 16.839027404785199, 39.555973052978501 ], [ 16.839027404785199, 39.555694580078097 ], [ 16.8393058776856, 39.555694580078097 ], [ 16.8393058776856, 39.555416107177798 ], [ 16.839582443237401, 39.555416107177798 ], [ 16.839582443237401, 39.555137634277401 ], [ 16.839860916137699, 39.555137634277401 ], [ 16.839860916137699, 39.554862976074197 ], [ 16.8401393890381, 39.554862976074197 ], [ 16.8401393890381, 39.5545845031738 ], [ 16.840696334838899, 39.5545845031738 ], [ 16.840696334838899, 39.554306030273402 ], [ 16.8409748077393, 39.554306030273402 ], [ 16.8409748077393, 39.554027557372997 ], [ 16.841249465942301, 39.554027557372997 ], [ 16.841249465942301, 39.553749084472699 ], [ 16.841527938842901, 39.553749084472699 ], [ 16.841527938842901, 39.553470611572301 ], [ 16.8420848846437, 39.553470611572301 ], [ 16.8420848846437, 39.553195953369297 ], [ 16.842361450195298, 39.553195953369297 ], [ 16.842361450195298, 39.552917480468899 ], [ 16.842914581298899, 39.552917480468899 ], [ 16.842914581298899, 39.552639007568501 ], [ 16.843471527099599, 39.552639007568501 ], [ 16.843471527099599, 39.552360534668097 ], [ 16.844028472900401, 39.552360534668097 ], [ 16.844028472900401, 39.552082061767699 ], [ 16.844583511352599, 39.552082061767699 ], [ 16.844583511352599, 39.551807403564503 ], [ 16.845138549804702, 39.551807403564503 ], [ 16.845138549804702, 39.551528930664098 ], [ 16.8454189300537, 39.551528930664098 ], [ 16.8454189300537, 39.5512504577637 ], [ 16.8456935882569, 39.5512504577637 ], [ 16.8456935882569, 39.550971984863303 ], [ 16.846250534057699, 39.550971984863303 ], [ 16.846250534057699, 39.550693511962898 ], [ 16.846527099609499, 39.550693511962898 ], [ 16.846527099609499, 39.5504150390625 ], [ 16.847084045410298, 39.5504150390625 ], [ 16.847084045410298, 39.550140380859403 ], [ 16.847639083862202, 39.550140380859403 ], [ 16.847639083862202, 39.549861907958999 ], [ 16.848749160766602, 39.549861907958999 ], [ 16.848749160766602, 39.549583435058601 ], [ 16.849306106567401, 39.549583435058601 ], [ 16.849306106567401, 39.549304962158203 ], [ 16.849861145019499, 39.549304962158203 ], [ 16.849861145019499, 39.549026489257898 ], [ 16.850694656372099, 39.549026489257898 ], [ 16.850694656372099, 39.548751831054801 ], [ 16.851804733276499, 39.548751831054801 ], [ 16.851804733276499, 39.548473358154197 ], [ 16.852361679077301, 39.548473358154197 ], [ 16.852361679077301, 39.5481948852538 ], [ 16.8529167175294, 39.5481948852538 ], [ 16.8529167175294, 39.547916412353501 ], [ 16.853471755981399, 39.547916412353501 ], [ 16.853471755981399, 39.547637939453097 ], [ 16.854028701782202, 39.547637939453097 ], [ 16.854028701782202, 39.547359466552699 ], [ 16.854860305786101, 39.547359466552699 ], [ 16.854860305786101, 39.547084808349702 ], [ 16.855415344238299, 39.547084808349702 ], [ 16.855415344238299, 39.546806335449297 ], [ 16.855695724487301, 39.546806335449297 ], [ 16.855695724487301, 39.546527862548899 ], [ 16.856807708740199, 39.546527862548899 ], [ 16.856807708740199, 39.546249389648601 ], [ 16.857082366943501, 39.546249389648601 ], [ 16.857084274291999, 39.545970916748203 ], [ 16.857639312744201, 39.545970916748203 ], [ 16.857639312744201, 39.545696258545 ], [ 16.858194351196399, 39.545696258545 ], [ 16.858194351196399, 39.545417785644602 ], [ 16.858749389648398, 39.545417785644602 ], [ 16.858749389648398, 39.545139312744197 ], [ 16.8593063354493, 39.545139312744197 ], [ 16.8593063354493, 39.5448608398438 ], [ 16.859582901001001, 39.5448608398438 ], [ 16.859582901001001, 39.544582366943402 ], [ 16.860139846801701, 39.544582366943402 ], [ 16.860139846801701, 39.544303894042997 ], [ 16.860694885253899, 39.544303894042997 ], [ 16.860694885253899, 39.544029235839801 ], [ 16.8609714508057, 39.544029235839801 ], [ 16.861032485961999, 39.543712615966697 ], [ 16.861249923706101, 39.543750762939503 ], [ 16.861249923706101, 39.543472290039098 ], [ 16.861804962158299, 39.543472290039098 ], [ 16.861804962158299, 39.5431938171387 ], [ 16.8620834350587, 39.5431938171387 ], [ 16.8620834350587, 39.542915344238303 ], [ 16.862361907958999, 39.542915344238303 ], [ 16.862361907958999, 39.542640686035298 ], [ 16.862638473510799, 39.542640686035298 ], [ 16.862638473510799, 39.542362213134901 ], [ 16.8629169464112, 39.542362213134901 ], [ 16.8629169464112, 39.542083740234297 ], [ 16.863193511963001, 39.542083740234297 ], [ 16.863193511963001, 39.541805267333899 ], [ 16.863470077514599, 39.541805267333899 ], [ 16.863470077514599, 39.541526794433601 ], [ 16.8637504577637, 39.541526794433601 ], [ 16.8637504577637, 39.541248321533203 ], [ 16.864305496215898, 39.541248321533203 ], [ 16.864305496215898, 39.540973663330099 ], [ 16.8645820617675, 39.540973663330099 ], [ 16.8645820617675, 39.540695190429801 ], [ 16.864860534667901, 39.540695190429801 ], [ 16.864860534667901, 39.540416717529403 ], [ 16.865139007568299, 39.540416717529403 ], [ 16.865139007568299, 39.540138244628999 ], [ 16.865417480468899, 39.540138244628999 ], [ 16.865417480468899, 39.539859771728601 ], [ 16.8656921386719, 39.539859771728601 ], [ 16.8656921386719, 39.539585113525398 ], [ 16.865972518920898, 39.539585113525398 ], [ 16.865972518920898, 39.539306640625099 ], [ 16.866249084472699, 39.539306640625099 ], [ 16.866249084472699, 39.539028167724702 ], [ 16.866804122924901, 39.539028167724702 ], [ 16.866804122924901, 39.538749694824297 ], [ 16.8673610687256, 39.538749694824297 ], [ 16.8673610687256, 39.538471221923899 ], [ 16.867639541626001, 39.538471221923899 ], [ 16.867639541626001, 39.538192749023501 ], [ 16.867914199829201, 39.538192749023501 ], [ 16.867914199829201, 39.537918090820298 ], [ 16.868473052978601, 39.537918090820298 ], [ 16.868473052978601, 39.537639617919901 ], [ 16.868749618530298, 39.537639617919901 ], [ 16.868749618530298, 39.537361145019503 ], [ 16.869306564331101, 39.537361145019503 ], [ 16.869306564331101, 39.537082672119098 ], [ 16.869583129882901, 39.537082672119098 ], [ 16.869583129882901, 39.5368041992188 ], [ 16.869861602783299, 39.5368041992188 ], [ 16.869861602783299, 39.536529541015703 ], [ 16.870418548583999, 39.536529541015703 ], [ 16.870418548583999, 39.536251068115298 ], [ 16.870695114135899, 39.536251068115298 ], [ 16.870695114135899, 39.535972595215 ], [ 16.87180519104, 39.535972595215 ], [ 16.87180519104, 39.535694122314403 ], [ 16.872360229492202, 39.535694122314403 ], [ 16.872360229492202, 39.535415649413999 ], [ 16.872917175293001, 39.535415649413999 ], [ 16.872917175293001, 39.5351371765137 ], [ 16.873750686645501, 39.5351371765137 ], [ 16.873750686645501, 39.534862518310597 ], [ 16.874305725097699, 39.534862518310597 ], [ 16.874305725097699, 39.534584045410199 ], [ 16.874860763549901, 39.534584045410199 ], [ 16.874860763549901, 39.534305572509901 ], [ 16.875139236450298, 39.534305572509901 ], [ 16.875139236450298, 39.534027099609503 ], [ 16.875972747802798, 39.534027099609503 ], [ 16.875972747802798, 39.534305572509901 ], [ 16.876527786255, 39.534305572509901 ], [ 16.876527786255, 39.534027099609503 ], [ 16.877361297607401, 39.534027099609503 ], [ 16.877361297607401, 39.533748626709098 ], [ 16.877639770507798, 39.533748626709098 ], [ 16.877639770507798, 39.533473968505902 ], [ 16.877916336059599, 39.533473968505902 ], [ 16.877916336059599, 39.533195495605497 ], [ 16.878471374511701, 39.533195495605497 ], [ 16.878471374511701, 39.532917022705099 ], [ 16.8790283203125, 39.532917022705099 ], [ 16.8790283203125, 39.532638549804702 ], [ 16.879861831665099, 39.532638549804702 ], [ 16.879861831665099, 39.532360076904403 ], [ 16.881250381469801, 39.532360076904403 ], [ 16.881250381469801, 39.532081604003999 ], [ 16.882085800171001, 39.532081604003999 ], [ 16.882085800171001, 39.531806945800803 ], [ 16.8826389312744, 39.531806945800803 ], [ 16.8826389312744, 39.531528472900398 ], [ 16.883195877075298, 39.531528472900398 ], [ 16.883195877075298, 39.53125 ], [ 16.883472442626999, 39.53125 ], [ 16.883472442626999, 39.530971527099602 ], [ 16.8843078613281, 39.530971527099602 ], [ 16.8843078613281, 39.530693054199197 ], [ 16.885139465331999, 39.530693054199197 ], [ 16.885139465331999, 39.5304183959962 ], [ 16.885694503784201, 39.5304183959962 ], [ 16.885694503784201, 39.530139923095803 ], [ 16.886249542236399, 39.530139923095803 ], [ 16.886249542236399, 39.529861450195398 ], [ 16.887083053588999, 39.529861450195398 ], [ 16.887083053588999, 39.529582977295 ], [ 16.887916564941499, 39.529582977295 ], [ 16.887916564941499, 39.529304504394503 ], [ 16.888471603393501, 39.529304504394503 ], [ 16.888471603393501, 39.529026031494098 ], [ 16.889305114746101, 39.529026031494098 ], [ 16.889305114746101, 39.528751373291101 ], [ 16.8898601531982, 39.528751373291101 ], [ 16.8898601531982, 39.528472900390703 ], [ 16.890417098998999, 39.528472900390703 ], [ 16.890417098998999, 39.528194427490298 ], [ 16.891250610351602, 39.528194427490298 ], [ 16.891250610351602, 39.52791595459 ], [ 16.8920822143556, 39.52791595459 ], [ 16.8920822143556, 39.527637481689602 ], [ 16.8929157257081, 39.527637481689602 ], [ 16.8929157257081, 39.5273628234863 ], [ 16.893749237060501, 39.5273628234863 ], [ 16.893749237060501, 39.527084350585902 ], [ 16.894304275512699, 39.527084350585902 ], [ 16.894304275512699, 39.526805877685597 ], [ 16.8951396942138, 39.526805877685597 ], [ 16.8951396942138, 39.526527404785199 ], [ 16.895696640014801, 39.526527404785199 ], [ 16.895696640014801, 39.526248931884801 ], [ 16.896528244018601, 39.526248931884801 ], [ 16.896528244018601, 39.525970458984403 ], [ 16.8973617553712, 39.525970458984403 ], [ 16.8973617553712, 39.5256958007812 ], [ 16.898471832275501, 39.5256958007812 ], [ 16.898471832275501, 39.525417327880902 ], [ 16.89986038208, 39.525417327880902 ], [ 16.89986038208, 39.525138854980497 ], [ 16.900693893432599, 39.525138854980497 ], [ 16.900693893432599, 39.524860382080099 ], [ 16.901250839233299, 39.524860382080099 ], [ 16.901250839233299, 39.524581909179702 ], [ 16.901527404785199, 39.524581909179702 ], [ 16.901527404785199, 39.524307250976698 ], [ 16.902082443237401, 39.524307250976698 ], [ 16.902082443237401, 39.5240287780763 ], [ 16.902360916137699, 39.5240287780763 ], [ 16.902360916137699, 39.523750305175902 ], [ 16.902915954589901, 39.523750305175902 ], [ 16.902915954589901, 39.523471832275497 ], [ 16.903194427490298, 39.523471832275497 ], [ 16.903194427490298, 39.523193359375099 ], [ 16.9034729003907, 39.523193359375099 ], [ 16.9034729003907, 39.522914886474602 ], [ 16.904027938842798, 39.522914886474602 ], [ 16.904027938842798, 39.522640228271499 ], [ 16.9043064117432, 39.522640228271499 ], [ 16.9043064117432, 39.5223617553712 ], [ 16.9045810699462, 39.5223617553712 ], [ 16.9045810699462, 39.522083282470803 ], [ 16.905138015747202, 39.522083282470803 ], [ 16.905138015747202, 39.521804809570398 ], [ 16.905693054199201, 39.521804809570398 ], [ 16.905693054199201, 39.52152633667 ], [ 16.90625, 39.52152633667 ], [ 16.90625, 39.521251678466797 ], [ 16.906528472900298, 39.521251678466797 ], [ 16.906528472900298, 39.520973205566399 ], [ 16.9070835113525, 39.520973205566399 ], [ 16.9070835113525, 39.520694732666001 ], [ 16.907363891601701, 39.520694732666001 ], [ 16.907363891601701, 39.520416259765703 ], [ 16.907638549804702, 39.520416259765703 ], [ 16.907638549804702, 39.520137786865298 ], [ 16.907915115356499, 39.520137786865298 ], [ 16.907915115356499, 39.519859313964901 ], [ 16.9081935882569, 39.519859313964901 ], [ 16.9081935882569, 39.519584655761697 ], [ 16.908750534057599, 39.519584655761697 ], [ 16.908750534057599, 39.5193061828613 ], [ 16.909860610961999, 39.5193061828613 ], [ 16.909860610961999, 39.519027709960902 ], [ 16.910694122314599, 39.519027709960902 ], [ 16.910694122314599, 39.518749237060497 ], [ 16.911247253418001, 39.518749237060497 ], [ 16.911247253418001, 39.518470764160199 ], [ 16.9118061065675, 39.518470764160199 ], [ 16.9118061065675, 39.518196105957102 ], [ 16.912361145019499, 39.518196105957102 ], [ 16.912361145019499, 39.517917633056797 ], [ 16.912656784057699, 39.517917633056797 ], [ 16.913194656372099, 39.517917633056797 ], [ 16.913194656372099, 39.517639160156399 ], [ 16.914304733276399, 39.517639160156399 ], [ 16.914304733276399, 39.517360687256001 ], [ 16.915138244628999, 39.517360687256001 ], [ 16.915138244628999, 39.517082214355597 ], [ 16.915695190429702, 39.517082214355597 ], [ 16.915695190429702, 39.516803741455199 ], [ 16.916528701782301, 39.516803741455199 ], [ 16.916528701782301, 39.516529083252003 ], [ 16.917083740234499, 39.516529083252003 ], [ 16.917083740234499, 39.516250610351598 ], [ 16.917917251586999, 39.516250610351598 ], [ 16.917917251586999, 39.5159721374512 ], [ 16.9187507629394, 39.5159721374512 ], [ 16.9187507629394, 39.515693664550803 ], [ 16.919305801391602, 39.515693664550803 ], [ 16.919305801391602, 39.515415191650398 ], [ 16.9198608398438, 39.515415191650398 ], [ 16.9198608398438, 39.515140533447301 ], [ 16.920692443847798, 39.515140533447301 ], [ 16.920692443847798, 39.514862060546903 ], [ 16.921527862548899, 39.514862060546903 ], [ 16.921527862548899, 39.514583587646499 ], [ 16.922082901001101, 39.514583587646499 ], [ 16.922082901001101, 39.514305114746101 ], [ 16.922914505004901, 39.514305114746101 ], [ 16.922914505004901, 39.514026641845803 ], [ 16.9234714508056, 39.514026641845803 ], [ 16.9234714508056, 39.513748168945398 ], [ 16.924583435058601, 39.513748168945398 ], [ 16.924583435058601, 39.513473510742102 ], [ 16.925971984863299, 39.513473510742102 ], [ 16.925971984863299, 39.513195037841697 ], [ 16.9270839691163, 39.513195037841697 ], [ 16.9270839691163, 39.512916564941399 ], [ 16.927640914916999, 39.512916564941399 ], [ 16.927640914916999, 39.512638092041001 ], [ 16.9281940460206, 39.512638092041001 ], [ 16.9281940460206, 39.512359619140597 ], [ 16.928749084472599, 39.512359619140597 ], [ 16.928749084472599, 39.512084960937599 ], [ 16.929306030273501, 39.512084960937599 ], [ 16.929306030273501, 39.511806488037202 ], [ 16.929582595825199, 39.511806488037202 ], [ 16.929582595825199, 39.511528015136797 ], [ 16.929861068725501, 39.511528015136797 ], [ 16.929861068725501, 39.511249542236399 ], [ 16.930416107177699, 39.511249542236399 ], [ 16.930416107177699, 39.510971069336101 ], [ 16.930971145629901, 39.510971069336101 ], [ 16.930971145629901, 39.510692596435703 ], [ 16.931249618530298, 39.510692596435703 ], [ 16.931249618530298, 39.5104179382325 ], [ 16.9318046569825, 39.5104179382325 ], [ 16.9318046569825, 39.510139465332102 ], [ 16.932638168335, 39.510139465332102 ], [ 16.932638168335, 39.509860992431697 ], [ 16.933471679687599, 39.509860992431697 ], [ 16.933471679687599, 39.5095825195313 ], [ 16.933750152587901, 39.5095825195313 ], [ 16.933750152587901, 39.509304046630902 ], [ 16.934303283691399, 39.509304046630902 ], [ 16.934303283691399, 39.509029388427699 ], [ 16.934860229492099, 39.509029388427699 ], [ 16.934860229492099, 39.508750915527301 ], [ 16.935693740844702, 39.508750915527301 ], [ 16.935693740844702, 39.508472442627003 ], [ 16.9365253448487, 39.508472442627003 ], [ 16.9365253448487, 39.508193969726598 ], [ 16.937360763549801, 39.508193969726598 ], [ 16.937360763549801, 39.5079154968262 ], [ 16.937639236450199, 39.5079154968262 ], [ 16.937639236450199, 39.507637023925803 ], [ 16.938194274902401, 39.507637023925803 ], [ 16.938194274902401, 39.507362365722798 ], [ 16.938749313354499, 39.507362365722798 ], [ 16.938749313354499, 39.507083892822202 ], [ 16.939306259155298, 39.507083892822202 ], [ 16.939306259155298, 39.506805419921797 ], [ 16.939582824707099, 39.506805419921797 ], [ 16.939582824707099, 39.506526947021499 ], [ 16.9398612976075, 39.506526947021499 ], [ 16.9398612976075, 39.506248474121101 ], [ 16.940139770507901, 39.506248474121101 ], [ 16.940139770507901, 39.505973815917997 ], [ 16.940694808960099, 39.505973815917997 ], [ 16.940694808960099, 39.505695343017699 ], [ 16.940971374511701, 39.505695343017699 ], [ 16.940971374511701, 39.505416870117301 ], [ 16.941249847411999, 39.505416870117301 ], [ 16.941249847411999, 39.505138397216903 ], [ 16.941528320312401, 39.505138397216903 ], [ 16.941528320312401, 39.504581451416101 ], [ 16.9418048858643, 39.504581451416101 ], [ 16.9418048858643, 39.503749847412202 ], [ 16.942083358764599, 39.503749847412202 ], [ 16.942083358764599, 39.503471374511797 ], [ 16.942361831665, 39.503471374511797 ], [ 16.942361831665, 39.503192901611399 ], [ 16.9426383972168, 39.503192901611399 ], [ 16.9426383972168, 39.502918243408203 ], [ 16.943195343017599, 39.502918243408203 ], [ 16.943195343017599, 39.502639770507798 ], [ 16.9434719085694, 39.502639770507798 ], [ 16.9434719085694, 39.502361297607401 ], [ 16.943750381469702, 39.502361297607401 ], [ 16.943750381469702, 39.502082824707003 ], [ 16.944026947021499, 39.502082824707003 ], [ 16.944026947021499, 39.501804351806598 ], [ 16.9443054199219, 39.501804351806598 ], [ 16.9443054199219, 39.5015258789062 ], [ 16.944583892822301, 39.5015258789062 ], [ 16.944583892822301, 39.501251220703203 ], [ 16.944860458374102, 39.501251220703203 ], [ 16.944860458374102, 39.500972747802798 ], [ 16.945138931274499, 39.500972747802798 ], [ 16.945138931274499, 39.500694274902301 ], [ 16.945692062377901, 39.500694274902301 ], [ 16.945692062377901, 39.500415802001903 ], [ 16.9462509155275, 39.500415802001903 ], [ 16.9462509155275, 39.500137329101598 ], [ 16.946804046630898, 39.500137329101598 ], [ 16.946804046630898, 39.499862670898501 ], [ 16.947639465331999, 39.499862670898501 ], [ 16.947639465331999, 39.499584197998097 ], [ 16.948474884033299, 39.499584197998097 ], [ 16.948474884033299, 39.499305725097798 ], [ 16.949304580688501, 39.499305725097798 ], [ 16.949304580688501, 39.499027252197401 ], [ 16.9501361846925, 39.499027252197401 ], [ 16.9501361846925, 39.498748779297003 ], [ 16.951250076293999, 39.498748779297003 ], [ 16.951250076293999, 39.4984741210937 ], [ 16.952083587646602, 39.498470306396598 ], [ 16.952083587646602, 39.498195648193402 ], [ 16.953193664550799, 39.498195648193402 ], [ 16.953193664550799, 39.497917175292997 ], [ 16.9543056488037, 39.497917175292997 ], [ 16.9543056488037, 39.497638702392599 ], [ 16.9554157257081, 39.497638702392599 ], [ 16.9554157257081, 39.497360229492202 ], [ 16.9559726715088, 39.497360229492202 ], [ 16.9559726715088, 39.497081756591903 ], [ 16.956806182861399, 39.497081756591903 ], [ 16.956806182861399, 39.4968070983887 ], [ 16.9579162597657, 39.4968070983887 ], [ 16.9579162597657, 39.496528625488303 ], [ 16.9587497711181, 39.496528625488303 ], [ 16.9587497711181, 39.496250152587898 ], [ 16.959304809570298, 39.496250152587898 ], [ 16.959304809570298, 39.4959716796875 ], [ 16.959861755371101, 39.4959716796875 ], [ 16.959861755371101, 39.495693206787102 ], [ 16.9604167938232, 39.495693206787102 ], [ 16.9604167938232, 39.495418548584098 ], [ 16.961526870727599, 39.495414733886697 ], [ 16.961526870727599, 39.4951400756837 ], [ 16.9631958007813, 39.4951400756837 ], [ 16.9631958007813, 39.494861602783303 ], [ 16.964307785034201, 39.494861602783303 ], [ 16.964307785034201, 39.494583129882898 ], [ 16.9659729003906, 39.494583129882898 ], [ 16.9659729003906, 39.494304656982401 ], [ 16.9665298461913, 39.494304656982401 ], [ 16.9665298461913, 39.494026184082003 ], [ 16.967361450195401, 39.494026184082003 ], [ 16.967361450195401, 39.493751525878999 ], [ 16.9679164886475, 39.493751525878999 ], [ 16.9679164886475, 39.493473052978601 ], [ 16.968471527099702, 39.493473052978601 ], [ 16.968471527099702, 39.493194580078203 ], [ 16.969583511352699, 39.493194580078203 ], [ 16.969583511352699, 39.492916107177798 ], [ 16.9706935882568, 39.492916107177798 ], [ 16.9706935882568, 39.4926376342775 ], [ 16.971250534057599, 39.4926376342775 ], [ 16.971250534057599, 39.492362976074197 ], [ 16.971805572509801, 39.492362976074197 ], [ 16.971805572509801, 39.4920845031738 ], [ 16.972917556762699, 39.4920845031738 ], [ 16.972917556762699, 39.491806030273501 ], [ 16.974304199218899, 39.491806030273501 ], [ 16.974304199218899, 39.491527557373097 ], [ 16.975414276123001, 39.491527557373097 ], [ 16.975414276123001, 39.491249084472699 ], [ 16.978471755981499, 39.491249084472699 ], [ 16.978471755981499, 39.490970611572301 ], [ 16.979305267333999, 39.490970611572301 ], [ 16.979305267333999, 39.490695953369098 ], [ 16.980972290039201, 39.490695953369098 ], [ 16.980972290039201, 39.4904174804688 ], [ 16.982639312744102, 39.4904174804688 ], [ 16.982639312744102, 39.490139007568402 ], [ 16.984306335449201, 39.490139007568402 ], [ 16.984306335449201, 39.489860534667997 ], [ 16.988750457763601, 39.489860534667997 ], [ 16.988750457763601, 39.489582061767599 ], [ 16.990137100219801, 39.489582061767599 ], [ 16.990137100219801, 39.489307403564602 ], [ 16.990695953369102, 39.489307403564602 ], [ 16.990695953369102, 39.489028930664198 ], [ 16.992082595825298, 39.489028930664198 ], [ 16.992082595825298, 39.4887504577638 ], [ 16.994304656982401, 39.4887504577638 ], [ 16.994304656982401, 39.488471984863402 ], [ 16.9987506866456, 39.488471984863402 ], [ 16.9987506866456, 39.488193511962997 ], [ 16.999860763549702, 39.488193511962997 ], [ 17.003196716308601, 39.488193511962997 ], [ 17.003196716308601, 39.487915039062401 ], [ 17.0034713745118, 39.487915039062401 ], [ 17.0034713745118, 39.487640380859403 ], [ 17.0051364898682, 39.487640380859403 ], [ 17.0051364898682, 39.487361907958999 ], [ 17.006250381469702, 39.487361907958999 ], [ 17.006250381469702, 39.4870834350587 ], [ 17.011804580688501, 39.4870834350587 ], [ 17.011806488037202, 39.486804962158303 ], [ 17.014583587646499, 39.486804962158303 ], [ 17.014583587646499, 39.486526489257898 ], [ 17.015415191650501, 39.486526489257898 ], [ 17.015415191650501, 39.486251831054702 ], [ 17.016250610351701, 39.486251831054702 ], [ 17.016250610351701, 39.485973358154297 ], [ 17.017917633056602, 39.485973358154297 ], [ 17.017917633056602, 39.485694885253899 ], [ 17.018194198608398, 39.485694885253899 ], [ 17.018194198608398, 39.485572814941499 ], [ 17.018194198608398, 39.485416412353601 ], [ 17.018747329711999, 39.485416412353601 ], [ 17.018747329711999, 39.485137939453203 ], [ 17.0193061828613, 39.485137939453203 ], [ 17.0193061828613, 39.484859466552798 ], [ 17.020139694213899, 39.484859466552798 ], [ 17.020139694213899, 39.484584808349602 ], [ 17.020694732666101, 39.484584808349602 ], [ 17.020694732666101, 39.484306335449197 ], [ 17.020971298217901, 39.484306335449197 ], [ 17.020971298217901, 39.4840278625488 ], [ 17.021804809570401, 39.4840278625488 ], [ 17.021804809570401, 39.483749389648402 ], [ 17.022638320922798, 39.483749389648402 ], [ 17.022638320922798, 39.483470916747997 ], [ 17.022916793823399, 39.483470916747997 ], [ 17.022916793823399, 39.483196258545 ], [ 17.023471832275401, 39.483196258545 ], [ 17.023471832275401, 39.482917785644602 ], [ 17.0240268707275, 39.482917785644602 ], [ 17.0240268707275, 39.482837677002102 ], [ 17.0240268707275, 39.482639312744297 ], [ 17.024583816528299, 39.482639312744297 ], [ 17.024583816528299, 39.482360839843899 ], [ 17.024860382080099, 39.482360839843899 ], [ 17.024860382080099, 39.482082366943501 ], [ 17.025417327880898, 39.482082366943501 ], [ 17.025417327880898, 39.481803894043097 ], [ 17.025693893432699, 39.481803894043097 ], [ 17.025693893432699, 39.481529235839901 ], [ 17.0259723663331, 39.481529235839901 ], [ 17.0259723663331, 39.481250762939503 ], [ 17.026250839233501, 39.481250762939503 ], [ 17.026250839233501, 39.480972290039098 ], [ 17.0268058776856, 39.480972290039098 ], [ 17.0268058776856, 39.4806938171387 ], [ 17.027082443237401, 39.4806938171387 ], [ 17.027082443237401, 39.480415344238303 ], [ 17.0276393890381, 39.480415344238303 ], [ 17.0276393890381, 39.480140686035199 ], [ 17.0279140472412, 39.480140686035199 ], [ 17.0279140472412, 39.479862213134801 ], [ 17.028194427490298, 39.479862213134801 ], [ 17.028194427490298, 39.479583740234403 ], [ 17.0284748077393, 39.479583740234403 ], [ 17.0284748077393, 39.4790267944337 ], [ 17.028749465942301, 39.4790267944337 ], [ 17.028749465942301, 39.47847366333 ], [ 17.029027938842699, 39.47847366333 ], [ 17.029027938842699, 39.477916717529297 ], [ 17.029304504394499, 39.477916717529297 ], [ 17.029304504394499, 39.477638244628899 ], [ 17.029582977294901, 39.477638244628899 ], [ 17.029582977294901, 39.477085113525497 ], [ 17.029861450195298, 39.477085113525497 ], [ 17.029861450195298, 39.476806640625099 ], [ 17.030136108398501, 39.476806640625099 ], [ 17.030136108398501, 39.476249694824297 ], [ 17.030414581298899, 39.476249694824297 ], [ 17.030414581298899, 39.475692749023601 ], [ 17.030696868896399, 39.475692749023601 ], [ 17.030696868896399, 39.474861145019602 ], [ 17.030971527099702, 39.474861145019602 ], [ 17.030971527099702, 39.473751068115199 ], [ 17.03125, 39.473751068115199 ], [ 17.03125, 39.473194122314503 ], [ 17.031528472900401, 39.473194122314503 ], [ 17.031528472900401, 39.472362518310703 ], [ 17.031806945800799, 39.472362518310703 ], [ 17.031806945800799, 39.471527099609403 ], [ 17.032083511352599, 39.471527099609403 ], [ 17.032083511352599, 39.470695495605597 ], [ 17.032361984253001, 39.470695495605597 ], [ 17.032361984253001, 39.469860076904403 ], [ 17.032638549804702, 39.469860076904403 ], [ 17.032638549804702, 39.469028472900398 ], [ 17.0329189300537, 39.469028472900398 ], [ 17.0329189300537, 39.468193054199297 ], [ 17.0331935882569, 39.468193054199297 ], [ 17.0331935882569, 39.467361450195298 ], [ 17.033472061157301, 39.467361450195298 ], [ 17.033472061157301, 39.466526031494098 ], [ 17.033750534057699, 39.466526031494098 ], [ 17.033750534057699, 39.465694427490199 ], [ 17.034027099609499, 39.465694427490199 ], [ 17.034027099609499, 39.464862823486399 ], [ 17.034305572509901, 39.464862823486399 ], [ 17.034305572509901, 39.464027404785298 ], [ 17.034584045410298, 39.464027404785298 ], [ 17.034584045410298, 39.4631958007813 ], [ 17.0348606109619, 39.4631958007813 ], [ 17.0348606109619, 39.462360382080099 ], [ 17.035139083862202, 39.462360382080099 ], [ 17.035139083862202, 39.461807250976598 ], [ 17.035417556762599, 39.461807250976598 ], [ 17.035417556762599, 39.461250305175803 ], [ 17.035694122314499, 39.461250305175803 ], [ 17.035694122314499, 39.460693359375 ], [ 17.035972595214801, 39.460693359375 ], [ 17.035972595214801, 39.460140228271598 ], [ 17.036249160766602, 39.460140228271598 ], [ 17.036249160766602, 39.459583282470803 ], [ 17.036527633666999, 39.459583282470803 ], [ 17.036527633666999, 39.459026336669901 ], [ 17.036806106567401, 39.459026336669901 ], [ 17.036806106567401, 39.458194732666101 ], [ 17.037082672119201, 39.458194732666101 ], [ 17.037082672119201, 39.457637786865298 ], [ 17.037361145019599, 39.457637786865298 ], [ 17.037361145019599, 39.457084655761697 ], [ 17.037639617919901, 39.457084655761697 ], [ 17.037639617919901, 39.456527709961001 ], [ 17.037916183471701, 39.456527709961001 ], [ 17.037916183471701, 39.455970764160199 ], [ 17.038194656372099, 39.455970764160199 ], [ 17.038194656372099, 39.455417633056598 ], [ 17.038471221923899, 39.455417633056598 ], [ 17.038471221923899, 39.454860687255902 ], [ 17.0387496948243, 39.454860687255902 ], [ 17.0387496948243, 39.454303741455099 ], [ 17.039028167724702, 39.454303741455099 ], [ 17.039028167724702, 39.453750610351698 ], [ 17.039304733276499, 39.453750610351698 ], [ 17.039304733276499, 39.4534721374513 ], [ 17.0395832061769, 39.4534721374513 ], [ 17.0395832061769, 39.453193664550902 ], [ 17.039861679077301, 39.453193664550902 ], [ 17.039861679077301, 39.452640533447301 ], [ 17.0401382446288, 39.452640533447301 ], [ 17.0401382446288, 39.452362060546903 ], [ 17.0404167175294, 39.452362060546903 ], [ 17.0404167175294, 39.4518051147462 ], [ 17.040693283081101, 39.4518051147462 ], [ 17.040693283081101, 39.451526641845803 ], [ 17.040971755981399, 39.451526641845803 ], [ 17.040971755981399, 39.451248168945398 ], [ 17.0412502288818, 39.451248168945398 ], [ 17.0412502288818, 39.450695037841797 ], [ 17.041528701782202, 39.450695037841797 ], [ 17.041528701782202, 39.450416564941499 ], [ 17.041803359985401, 39.450416564941499 ], [ 17.041803359985401, 39.450138092041101 ], [ 17.0420856475831, 39.450138092041101 ], [ 17.0420856475831, 39.449584960937401 ], [ 17.042360305786101, 39.449584960937401 ], [ 17.042360305786101, 39.449306488037102 ], [ 17.042638778686499, 39.449306488037102 ], [ 17.042638778686499, 39.449028015136697 ], [ 17.042915344238299, 39.449028015136697 ], [ 17.042915344238299, 39.4487495422363 ], [ 17.0431938171387, 39.4487495422363 ], [ 17.0431938171387, 39.448471069335902 ], [ 17.043472290039102, 39.448471069335902 ], [ 17.043472290039102, 39.4479179382325 ], [ 17.043750762939499, 39.4479179382325 ], [ 17.043750762939499, 39.447639465332102 ], [ 17.044025421142699, 39.447639465332102 ], [ 17.044025421142699, 39.447360992431797 ], [ 17.044307708740199, 39.447360992431797 ], [ 17.044307708740199, 39.447082519531399 ], [ 17.044582366943501, 39.447082519531399 ], [ 17.044584274291999, 39.446804046631001 ], [ 17.044860839843899, 39.446804046631001 ], [ 17.044860839843899, 39.446250915527401 ], [ 17.045139312744201, 39.446250915527401 ], [ 17.045139312744201, 39.445972442627003 ], [ 17.045417785644599, 39.445972442627003 ], [ 17.045417785644599, 39.445693969726598 ], [ 17.045694351196399, 39.445693969726598 ], [ 17.045694351196399, 39.4454154968262 ], [ 17.0459728240968, 39.4454154968262 ], [ 17.0459728240968, 39.445137023925902 ], [ 17.046249389648398, 39.445137023925902 ], [ 17.046249389648398, 39.444583892822301 ], [ 17.046529769897599, 39.444583892822301 ], [ 17.046529769897599, 39.444305419921903 ], [ 17.0468063354493, 39.444305419921903 ], [ 17.0468063354493, 39.444026947021499 ], [ 17.047082901001001, 39.444026947021499 ], [ 17.047082901001001, 39.4437484741212 ], [ 17.047361373901399, 39.4437484741212 ], [ 17.047361373901399, 39.443473815917898 ], [ 17.047639846801701, 39.443473815917898 ], [ 17.047639846801701, 39.442916870117202 ], [ 17.047916412353501, 39.442916870117202 ], [ 17.047916412353501, 39.442638397216797 ], [ 17.048194885253899, 39.442638397216797 ], [ 17.048194885253899, 39.442359924316399 ], [ 17.0484714508057, 39.442359924316399 ], [ 17.0484714508057, 39.442081451416001 ], [ 17.048751831054702, 39.442081451416001 ], [ 17.048751831054702, 39.441806793212997 ], [ 17.049304962158299, 39.441806793212997 ], [ 17.049304962158299, 39.441528320312599 ], [ 17.0495834350587, 39.441528320312599 ], [ 17.0495834350587, 39.441249847412202 ], [ 17.050138473510799, 39.441249847412202 ], [ 17.050138473510799, 39.440971374511797 ], [ 17.0504169464112, 39.440971374511797 ], [ 17.0504169464112, 39.440692901611399 ], [ 17.050693511963001, 39.440692901611399 ], [ 17.050693511963001, 39.440418243408303 ], [ 17.0512504577638, 39.440418243408303 ], [ 17.0512504577638, 39.440139770507898 ], [ 17.051527023315501, 39.440139770507898 ], [ 17.051527023315501, 39.4398612976075 ], [ 17.051805496215898, 39.4398612976075 ], [ 17.051805496215898, 39.439582824707102 ], [ 17.052291870117202, 39.439582824707102 ], [ 17.052360534667901, 39.439304351806697 ], [ 17.052639007568299, 39.439304351806697 ], [ 17.052639007568299, 39.4390258789063 ], [ 17.0531921386719, 39.4390258789063 ], [ 17.0531921386719, 39.438751220703097 ], [ 17.053472518920898, 39.438751220703097 ], [ 17.053472518920898, 39.438472747802699 ], [ 17.054027557373001, 39.438472747802699 ], [ 17.054027557373001, 39.438194274902301 ], [ 17.054304122924901, 39.438194274902301 ], [ 17.054304122924901, 39.437915802002003 ], [ 17.0548610687256, 39.437915802002003 ], [ 17.0548610687256, 39.437637329101598 ], [ 17.055414199829201, 39.437637329101598 ], [ 17.055414199829201, 39.437362670898601 ], [ 17.0556964874268, 39.437362670898601 ], [ 17.0556964874268, 39.437084197997997 ], [ 17.056249618530298, 39.437084197997997 ], [ 17.056249618530298, 39.436805725097599 ], [ 17.0568046569825, 39.436805725097599 ], [ 17.0568046569825, 39.436527252197301 ], [ 17.057361602783299, 39.436527252197301 ], [ 17.057361602783299, 39.436248779296903 ], [ 17.0576362609863, 39.436248779296903 ], [ 17.0576362609863, 39.4359741210938 ], [ 17.058195114135899, 39.435970306396499 ], [ 17.058195114135899, 39.435695648193501 ], [ 17.058750152587798, 39.435695648193501 ], [ 17.058750152587798, 39.435417175293097 ], [ 17.0590286254882, 39.435417175293097 ], [ 17.0590286254882, 39.435138702392699 ], [ 17.059583663940401, 39.435138702392699 ], [ 17.059583663940401, 39.434860229492301 ], [ 17.060138702392599, 39.434860229492301 ], [ 17.060138702392599, 39.434581756591903 ], [ 17.060417175293001, 39.434581756591903 ], [ 17.060417175293001, 39.4343070983887 ], [ 17.060972213745199, 39.4343070983887 ], [ 17.060972213745199, 39.434028625488303 ], [ 17.061527252197301, 39.434028625488303 ], [ 17.061527252197301, 39.433750152587898 ], [ 17.0620841979981, 39.433750152587898 ], [ 17.0620841979981, 39.433471679687599 ], [ 17.062360763549901, 39.433471679687599 ], [ 17.062360763549901, 39.433193206787202 ], [ 17.062915802002099, 39.433193206787202 ], [ 17.062915802002099, 39.432918548583999 ], [ 17.063472747802798, 39.432914733886797 ], [ 17.063472747802798, 39.432640075683601 ], [ 17.0637493133544, 39.432640075683601 ], [ 17.0637493133544, 39.432361602783203 ], [ 17.064306259155401, 39.432361602783203 ], [ 17.064306259155401, 39.432083129882798 ], [ 17.064861297607401, 39.432083129882798 ], [ 17.064861297607401, 39.431804656982401 ], [ 17.065416336059599, 39.431804656982401 ], [ 17.065416336059599, 39.431526184082003 ], [ 17.0659713745118, 39.431526184082003 ], [ 17.0659713745118, 39.431251525878999 ], [ 17.0665283203125, 39.431251525878999 ], [ 17.0665283203125, 39.430973052978601 ], [ 17.0668048858643, 39.430973052978601 ], [ 17.0668048858643, 39.430694580078097 ], [ 17.067083358764702, 39.430694580078097 ], [ 17.067083358764702, 39.430416107177699 ], [ 17.0676383972169, 39.430416107177699 ], [ 17.0676383972169, 39.430137634277301 ], [ 17.068193435669102, 39.430137634277301 ], [ 17.068193435669102, 39.429862976074297 ], [ 17.0684719085694, 39.429862976074297 ], [ 17.0684719085694, 39.429584503173899 ], [ 17.0693073272706, 39.429584503173899 ], [ 17.0693073272706, 39.429306030273501 ], [ 17.069860458373999, 39.429306030273501 ], [ 17.069860458373999, 39.429027557373203 ], [ 17.0704154968262, 39.429027557373203 ], [ 17.0704154968262, 39.428749084472798 ], [ 17.070972442626999, 39.428749084472798 ], [ 17.070972442626999, 39.428470611572401 ], [ 17.071525573730501, 39.428470611572401 ], [ 17.071525573730501, 39.428195953369197 ], [ 17.0720825195313, 39.428195953369197 ], [ 17.0720825195313, 39.4279174804688 ], [ 17.072639465331999, 39.4279174804688 ], [ 17.072639465331999, 39.427639007568402 ], [ 17.072917938232401, 39.427639007568402 ], [ 17.072917938232401, 39.427360534667997 ], [ 17.073472976684599, 39.427360534667997 ], [ 17.073472976684599, 39.427082061767599 ], [ 17.074029922485401, 39.427082061767599 ], [ 17.074029922485401, 39.426807403564503 ], [ 17.074304580688601, 39.426807403564503 ], [ 17.074306488037202, 39.426528930664098 ], [ 17.074583053588999, 39.426528930664098 ], [ 17.074583053588999, 39.4262504577637 ], [ 17.0748615264894, 39.4262504577637 ], [ 17.0748615264894, 39.425971984863303 ], [ 17.075416564941499, 39.425971984863303 ], [ 17.075416564941499, 39.425693511962898 ], [ 17.0756950378419, 39.425693511962898 ], [ 17.0756950378419, 39.4254150390625 ], [ 17.076250076293899, 39.4254150390625 ], [ 17.076250076293899, 39.425140380859503 ], [ 17.0765285491943, 39.425140380859503 ], [ 17.0765285491943, 39.424861907959098 ], [ 17.077083587646499, 39.424861907959098 ], [ 17.077083587646499, 39.4245834350587 ], [ 17.077638626098601, 39.4245834350587 ], [ 17.077638626098601, 39.424304962158097 ], [ 17.078193664550799, 39.424304962158097 ], [ 17.078193664550799, 39.424026489257699 ], [ 17.0784721374512, 39.424026489257699 ], [ 17.0784721374512, 39.423751831054702 ], [ 17.078750610351602, 39.423751831054702 ], [ 17.078750610351602, 39.423473358154403 ], [ 17.079027175903398, 39.423473358154403 ], [ 17.079027175903398, 39.423194885253999 ], [ 17.0795822143556, 39.423194885253999 ], [ 17.0795822143556, 39.422916412353601 ], [ 17.079860687256001, 39.422916412353601 ], [ 17.079860687256001, 39.422637939453203 ], [ 17.0801391601563, 39.422637939453203 ], [ 17.0801391601563, 39.422359466552798 ], [ 17.0804157257081, 39.422359466552798 ], [ 17.0804157257081, 39.422084808349602 ], [ 17.080972671508899, 39.422084808349602 ], [ 17.080972671508899, 39.421806335449297 ], [ 17.081249237060501, 39.421806335449297 ], [ 17.081249237060501, 39.421527862548899 ], [ 17.081804275512699, 39.421527862548899 ], [ 17.081804275512699, 39.421249389648501 ], [ 17.082361221313501, 39.421249389648501 ], [ 17.082361221313501, 39.420970916748097 ], [ 17.082914352416999, 39.420970916748097 ], [ 17.082914352416999, 39.420696258544901 ], [ 17.083196640014599, 39.420696258544901 ], [ 17.083196640014599, 39.420417785644503 ], [ 17.083471298217798, 39.420417785644503 ], [ 17.083471298217798, 39.420139312744098 ], [ 17.0837497711182, 39.420139312744098 ], [ 17.0837497711182, 39.4198608398438 ], [ 17.084306716918899, 39.4198608398438 ], [ 17.084306716918899, 39.419582366943402 ], [ 17.0848617553712, 39.419582366943402 ], [ 17.0848617553712, 39.419303894042997 ], [ 17.0851364135743, 39.419303894042997 ], [ 17.0851364135743, 39.41902923584 ], [ 17.086250305175898, 39.41902923584 ], [ 17.086250305175898, 39.418750762939602 ], [ 17.086805343628001, 39.418750762939602 ], [ 17.086805343628001, 39.418472290039198 ], [ 17.087083816528398, 39.418472290039198 ], [ 17.087083816528398, 39.4181938171388 ], [ 17.087640762329201, 39.4181938171388 ], [ 17.087640762329201, 39.417915344238203 ], [ 17.088750839233398, 39.417915344238203 ], [ 17.088750839233398, 39.417640686035199 ], [ 17.089305877685501, 39.417640686035199 ], [ 17.089305877685501, 39.417362213134801 ], [ 17.089860916137798, 39.417362213134801 ], [ 17.089860916137798, 39.417083740234403 ], [ 17.090415954589901, 39.417083740234403 ], [ 17.090415954589901, 39.416805267333999 ], [ 17.0909729003907, 39.416805267333999 ], [ 17.0909729003907, 39.4165267944337 ], [ 17.0920810699462, 39.4165267944337 ], [ 17.0920810699462, 39.416248321533303 ], [ 17.092916488647599, 39.416248321533303 ], [ 17.092916488647599, 39.415973663330099 ], [ 17.093471527099599, 39.415973663330099 ], [ 17.093471527099599, 39.415695190429702 ], [ 17.0945835113525, 39.415695190429702 ], [ 17.0945835113525, 39.415416717529403 ], [ 17.094835281372099, 39.415416717529403 ], [ 17.095415115356499, 39.415416717529403 ], [ 17.095415115356499, 39.415138244628999 ], [ 17.096525192260899, 39.415138244628999 ], [ 17.096525192260899, 39.414859771728601 ], [ 17.0970859527588, 39.414859771728601 ], [ 17.0970859527588, 39.414585113525298 ], [ 17.098194122314599, 39.414585113525298 ], [ 17.098194122314599, 39.414306640625 ], [ 17.0990295410157, 39.414306640625 ], [ 17.0990295410157, 39.414028167724602 ], [ 17.099861145019499, 39.414028167724602 ], [ 17.099861145019499, 39.413749694824197 ], [ 17.100416183471701, 39.413749694824197 ], [ 17.100416183471701, 39.4134712219238 ], [ 17.101249694824201, 39.4134712219238 ], [ 17.101249694824201, 39.413192749023402 ], [ 17.102638244628999, 39.413192749023402 ], [ 17.102638244628999, 39.412918090820398 ], [ 17.103471755981602, 39.412918090820398 ], [ 17.103471755981602, 39.41263961792 ], [ 17.1037502288819, 39.41263961792 ], [ 17.1037502288819, 39.412361145019602 ], [ 17.104305267334102, 39.412361145019602 ], [ 17.104305267334102, 39.412082672119197 ], [ 17.1056938171387, 39.412082672119197 ], [ 17.1056938171387, 39.411804199218899 ], [ 17.106250762939499, 39.411804199218899 ], [ 17.106250762939499, 39.411529541015703 ], [ 17.106805801391602, 39.411529541015703 ], [ 17.106805801391602, 39.411251068115298 ], [ 17.107082366943398, 39.411251068115298 ], [ 17.107082366943398, 39.410972595214901 ], [ 17.107639312744102, 39.410972595214901 ], [ 17.107639312744102, 39.410694122314503 ], [ 17.108472824096701, 39.410694122314503 ], [ 17.108472824096701, 39.410415649414098 ], [ 17.108749389648501, 39.410415649414098 ], [ 17.108749389648501, 39.4101371765138 ], [ 17.1093044281007, 39.4101371765138 ], [ 17.1093044281007, 39.409862518310497 ], [ 17.110414505004901, 39.409862518310497 ], [ 17.110414505004901, 39.409584045410199 ], [ 17.110696792602599, 39.409584045410199 ], [ 17.110696792602599, 39.409305572509801 ], [ 17.111249923706001, 39.409305572509801 ], [ 17.111249923706001, 39.409027099609403 ], [ 17.1118068695068, 39.409027099609403 ], [ 17.1118068695068, 39.408748626708999 ], [ 17.112636566162202, 39.408748626708999 ], [ 17.112636566162202, 39.408473968505803 ], [ 17.113471984863299, 39.408473968505803 ], [ 17.113471984863299, 39.408195495605398 ], [ 17.114028930664102, 39.408195495605398 ], [ 17.114028930664102, 39.407917022705099 ], [ 17.114305496215898, 39.407917022705099 ], [ 17.114305496215898, 39.407638549804702 ], [ 17.1145839691163, 39.407638549804702 ], [ 17.1145839691163, 39.407360076904297 ], [ 17.1148605346681, 39.407360076904297 ], [ 17.1148605346681, 39.407081604003899 ], [ 17.115140914916999, 39.407081604003899 ], [ 17.115140914916999, 39.406806945800902 ], [ 17.115972518921001, 39.406806945800902 ], [ 17.115972518921001, 39.406528472900497 ], [ 17.116527557373001, 39.406528472900497 ], [ 17.116527557373001, 39.40625 ], [ 17.117082595825199, 39.40625 ], [ 17.117082595825199, 39.405971527099702 ], [ 17.117639541625898, 39.405971527099702 ], [ 17.117639541625898, 39.405693054199297 ], [ 17.118471145629901, 39.405693054199297 ], [ 17.118471145629901, 39.4054183959962 ], [ 17.120416641235401, 39.4054183959962 ], [ 17.120416641235401, 39.405139923095803 ], [ 17.120971679687599, 39.405139923095803 ], [ 17.120971679687599, 39.404861450195398 ], [ 17.1226387023925, 39.404861450195398 ], [ 17.1226387023925, 39.404582977295 ], [ 17.1243076324462, 39.404582977295 ], [ 17.1243076324462, 39.404304504394602 ], [ 17.125139236450199, 39.404304504394602 ], [ 17.125139236450199, 39.404026031494197 ], [ 17.127082824707099, 39.404026031494197 ], [ 17.127082824707099, 39.403751373291001 ], [ 17.127916336059702, 39.403751373291001 ], [ 17.127916336059702, 39.403472900390597 ], [ 17.1293048858643, 39.403472900390597 ], [ 17.1293048858643, 39.403194427490199 ], [ 17.1301383972168, 39.403194427490199 ], [ 17.1301383972168, 39.402915954589801 ], [ 17.132083892822301, 39.402915954589801 ], [ 17.132083892822301, 39.402637481689503 ], [ 17.1365261077881, 39.402637481689503 ], [ 17.1365261077881, 39.402362823486399 ], [ 17.138196945190401, 39.402362823486399 ], [ 17.138196945190401, 39.402084350585902 ], [ 17.139858245849599, 39.402084350585902 ], [ 17.139862060546999, 39.401805877685497 ], [ 17.1409721374512, 39.401805877685497 ], [ 17.1409721374512, 39.401527404785199 ], [ 17.154029846191399, 39.401527404785199 ], [ 17.154029846191399, 39.401248931884801 ], [ 17.154582977295, 39.401248931884801 ], [ 17.154582977295, 39.400970458984403 ], [ 17.154861450195401, 39.400970458984403 ], [ 17.154861450195401, 39.400695800781399 ], [ 17.155139923095799, 39.400695800781399 ], [ 17.155139923095799, 39.398750305175803 ], [ 17.154861450195401, 39.398750305175803 ], [ 17.154861450195401, 39.398193359375 ], [ 17.154582977295, 39.398193359375 ], [ 17.154582977295, 39.397640228271499 ], [ 17.1543064117432, 39.397640228271499 ], [ 17.1543064117432, 39.397083282470703 ], [ 17.154029846191399, 39.397083282470703 ], [ 17.154029846191399, 39.396526336669901 ], [ 17.153749465942401, 39.396526336669901 ], [ 17.153749465942401, 39.395973205566499 ], [ 17.1534729003906, 39.395973205566499 ], [ 17.1534729003906, 39.395416259765597 ], [ 17.153194427490199, 39.395416259765597 ], [ 17.153194427490199, 39.394859313964801 ], [ 17.152917861938398, 39.394859313964801 ], [ 17.152917861938398, 39.394306182861399 ], [ 17.152639389038001, 39.394306182861399 ], [ 17.152639389038001, 39.394027709961101 ], [ 17.152360916137699, 39.394027709961101 ], [ 17.152360916137699, 39.393749237060703 ], [ 17.152082443237301, 39.393749237060703 ], [ 17.152082443237301, 39.393196105957102 ], [ 17.151807785034201, 39.393196105957102 ], [ 17.151807785034201, 39.392917633056697 ], [ 17.151525497436499, 39.392917633056697 ], [ 17.151525497436499, 39.3926391601563 ], [ 17.151250839233501, 39.3926391601563 ], [ 17.151250839233501, 39.392082214355497 ], [ 17.1509723663331, 39.392082214355497 ], [ 17.1509723663331, 39.391803741455099 ], [ 17.150693893432699, 39.391803741455099 ], [ 17.150693893432699, 39.391529083252003 ], [ 17.150415420532301, 39.391529083252003 ], [ 17.150415420532301, 39.391250610351598 ], [ 17.150138854980501, 39.391250610351598 ], [ 17.150138854980501, 39.390693664550803 ], [ 17.149860382080199, 39.390693664550803 ], [ 17.149860382080199, 39.390415191650398 ], [ 17.149585723876999, 39.390415191650398 ], [ 17.149585723876999, 39.390140533447401 ], [ 17.149305343628001, 39.390140533447401 ], [ 17.149305343628001, 39.389583587646598 ], [ 17.149026870727599, 39.389583587646598 ], [ 17.149026870727599, 39.389305114746001 ], [ 17.148750305175799, 39.389305114746001 ], [ 17.148750305175799, 39.389026641845597 ], [ 17.148471832275401, 39.389026641845597 ], [ 17.148471832275401, 39.388748168945298 ], [ 17.148193359375099, 39.388748168945298 ], [ 17.148193359375099, 39.388195037841903 ], [ 17.1479167938232, 39.388195037841903 ], [ 17.1479167938232, 39.387916564941499 ], [ 17.147638320922901, 39.387916564941499 ], [ 17.147638320922901, 39.387638092041101 ], [ 17.147361755371101, 39.387638092041101 ], [ 17.147361755371101, 39.387359619140703 ], [ 17.1470832824707, 39.387359619140703 ], [ 17.1470832824707, 39.386806488037202 ], [ 17.146804809570298, 39.386806488037202 ], [ 17.146804809570298, 39.386528015136797 ], [ 17.146528244018501, 39.386528015136797 ], [ 17.146528244018501, 39.386249542236399 ], [ 17.1462497711181, 39.386249542236399 ], [ 17.1462497711181, 39.385753631591903 ], [ 17.146198272705099, 39.385692596435597 ], [ 17.145971298217798, 39.385692596435597 ], [ 17.145971298217798, 39.385421752929702 ], [ 17.145694732666101, 39.385417938232401 ], [ 17.145694732666101, 39.385139465332003 ], [ 17.1454162597657, 39.385139465332003 ], [ 17.1454162597657, 39.384860992431598 ], [ 17.145139694213999, 39.384860992431598 ], [ 17.145139694213999, 39.3845825195312 ], [ 17.144861221313601, 39.3845825195312 ], [ 17.144861221313601, 39.384304046630902 ], [ 17.1445827484132, 39.384304046630902 ], [ 17.1445827484132, 39.384029388427798 ], [ 17.144306182861399, 39.384029388427798 ], [ 17.144306182861399, 39.3837509155275 ], [ 17.144027709961001, 39.3837509155275 ], [ 17.144027709961001, 39.383472442627102 ], [ 17.1437492370606, 39.383472442627102 ], [ 17.1437492370606, 39.383193969726698 ], [ 17.1434726715088, 39.383193969726698 ], [ 17.1434726715088, 39.382915496826101 ], [ 17.143194198608501, 39.382915496826101 ], [ 17.143194198608501, 39.382637023925703 ], [ 17.1429157257081, 39.382637023925703 ], [ 17.1429157257081, 39.382362365722699 ], [ 17.1426391601562, 39.382362365722699 ], [ 17.1426391601562, 39.382083892822301 ], [ 17.142084121704102, 39.382083892822301 ], [ 17.142084121704102, 39.381805419921903 ], [ 17.1418056488037, 39.381805419921903 ], [ 17.1418056488037, 39.381526947021598 ], [ 17.141527175903299, 39.381526947021598 ], [ 17.141527175903299, 39.3812484741212 ], [ 17.141250610351602, 39.3812484741212 ], [ 17.141250610351602, 39.380973815917997 ], [ 17.1409721374512, 39.380973815917997 ], [ 17.1409721374512, 39.380695343017599 ], [ 17.140693664550799, 39.380695343017599 ], [ 17.140693664550799, 39.380416870117202 ], [ 17.140417098998999, 39.380416870117202 ], [ 17.140417098998999, 39.380138397216903 ], [ 17.139862060546999, 39.380138397216903 ], [ 17.139858245849599, 39.379859924316499 ], [ 17.139583587646602, 39.379859924316499 ], [ 17.139583587646602, 39.379585266113203 ], [ 17.1393051147462, 39.379581451416101 ], [ 17.1393051147462, 39.379306793212898 ], [ 17.1390285491944, 39.379306793212898 ], [ 17.1390285491944, 39.3790283203125 ], [ 17.138750076294102, 39.3790283203125 ], [ 17.138750076294102, 39.378749847412102 ], [ 17.1384716033937, 39.378749847412102 ], [ 17.1384716033937, 39.378471374511697 ], [ 17.138196945190401, 39.378471374511697 ], [ 17.138196945190401, 39.3781929016113 ], [ 17.13791847229, 39.3781929016113 ], [ 17.13791847229, 39.377639770507898 ], [ 17.1376361846925, 39.377639770507898 ], [ 17.1376361846925, 39.3773612976075 ], [ 17.1373615264893, 39.3773612976075 ], [ 17.1373615264893, 39.377082824707102 ], [ 17.137083053588899, 39.377082824707102 ], [ 17.137083053588899, 39.376529693603601 ], [ 17.136804580688501, 39.3765258789062 ], [ 17.136804580688501, 39.376251220703203 ], [ 17.1365261077881, 39.376251220703203 ], [ 17.1365261077881, 39.375972747802798 ], [ 17.1362495422363, 39.375972747802798 ], [ 17.1362495422363, 39.375415802002003 ], [ 17.135974884033299, 39.375415802002003 ], [ 17.135974884033299, 39.374584197997997 ], [ 17.135694503784201, 39.374584197997997 ], [ 17.135694503784201, 39.374027252197301 ], [ 17.135414123535199, 39.374027252197301 ], [ 17.135414123535199, 39.3734741210937 ], [ 17.135139465331999, 39.3734741210937 ], [ 17.135139465331999, 39.372917175292997 ], [ 17.134860992431602, 39.372917175292997 ], [ 17.134860992431602, 39.372081756591797 ], [ 17.1345825195312, 39.372081756591797 ], [ 17.1345825195312, 39.371528625488402 ], [ 17.134304046630898, 39.371528625488402 ], [ 17.134304046630898, 39.370693206787202 ], [ 17.134027481078999, 39.370693206787202 ], [ 17.134027481078999, 39.369861602783303 ], [ 17.1337509155275, 39.369861602783303 ], [ 17.1337509155275, 39.368751525878899 ], [ 17.133472442627099, 39.368751525878899 ], [ 17.133472442627099, 39.3670845031738 ], [ 17.133192062377901, 39.3670845031738 ], [ 17.133192062377901, 39.365417480468899 ], [ 17.132917404174901, 39.365417480468899 ], [ 17.132917404174901, 39.3637504577637 ], [ 17.132638931274499, 39.3637504577637 ], [ 17.132638931274499, 39.362640380859403 ], [ 17.132360458374102, 39.362640380859403 ], [ 17.132360458374102, 39.361804962158203 ], [ 17.132083892822301, 39.361804962158203 ], [ 17.132083892822301, 39.360973358154403 ], [ 17.1318054199219, 39.360973358154403 ], [ 17.1318054199219, 39.360416412353501 ], [ 17.131526947021499, 39.360416412353501 ], [ 17.131526947021499, 39.359584808349702 ], [ 17.131250381469801, 39.359584808349702 ], [ 17.131250381469801, 39.358749389648601 ], [ 17.1309719085694, 39.358749389648601 ], [ 17.1309719085694, 39.357917785644602 ], [ 17.130695343017599, 39.357917785644602 ], [ 17.130695343017599, 39.357082366943402 ], [ 17.130416870117202, 39.357082366943402 ], [ 17.130416870117202, 39.356529235839801 ], [ 17.1301383972168, 39.356529235839801 ], [ 17.1301383972168, 39.3556938171387 ], [ 17.129861831665, 39.3556938171387 ], [ 17.129861831665, 39.354862213134901 ], [ 17.129583358764599, 39.354862213134901 ], [ 17.129583358764599, 39.354026794433501 ], [ 17.1293048858643, 39.354026794433501 ], [ 17.1293048858643, 39.353473663330099 ], [ 17.129028320312401, 39.353473663330099 ], [ 17.129028320312401, 39.352916717529403 ], [ 17.128751754760899, 39.352916717529403 ], [ 17.128751754760899, 39.352085113525398 ], [ 17.128471374511701, 39.352085113525398 ], [ 17.128471374511701, 39.351528167724702 ], [ 17.128194808960099, 39.351528167724702 ], [ 17.128194808960099, 39.350971221923899 ], [ 17.127916336059702, 39.350971221923899 ], [ 17.127916336059702, 39.350139617919901 ], [ 17.127639770507901, 39.350139617919901 ], [ 17.127639770507901, 39.349582672119098 ], [ 17.1273612976075, 39.349582672119098 ], [ 17.1273612976075, 39.349029541015703 ], [ 17.127082824707099, 39.349029541015703 ], [ 17.127082824707099, 39.348194122314602 ], [ 17.126806259155298, 39.348194122314602 ], [ 17.126806259155298, 39.347637176513601 ], [ 17.126529693603601, 39.347637176513601 ], [ 17.126529693603601, 39.347084045410199 ], [ 17.126247406006001, 39.347084045410199 ], [ 17.126247406006001, 39.346248626709098 ], [ 17.125972747802798, 39.346248626709098 ], [ 17.125972747802798, 39.345695495605497 ], [ 17.125694274902401, 39.345695495605497 ], [ 17.125694274902401, 39.345138549804702 ], [ 17.1254177093506, 39.345138549804702 ], [ 17.1254177093506, 39.344306945800803 ], [ 17.125139236450199, 39.344306945800803 ], [ 17.125139236450199, 39.34375 ], [ 17.124860763549901, 39.34375 ], [ 17.124860763549901, 39.343193054199197 ], [ 17.124584197998001, 39.343193054199197 ], [ 17.124584197998001, 39.342361450195398 ], [ 17.1243076324462, 39.342361450195398 ], [ 17.1243076324462, 39.341804504394602 ], [ 17.1240253448487, 39.341804504394602 ], [ 17.1240253448487, 39.341251373291101 ], [ 17.123750686645501, 39.341251373291101 ], [ 17.123750686645501, 39.340415954589901 ], [ 17.123472213745099, 39.340415954589901 ], [ 17.123472213745099, 39.3398628234863 ], [ 17.123193740844702, 39.3398628234863 ], [ 17.123193740844702, 39.339305877685497 ], [ 17.1229152679443, 39.339305877685497 ], [ 17.1229152679443, 39.338748931884801 ], [ 17.1226387023925, 39.338748931884801 ], [ 17.1226387023925, 39.3381958007812 ], [ 17.122360229492099, 39.3381958007812 ], [ 17.122360229492099, 39.337638854980497 ], [ 17.122083663940501, 39.337638854980497 ], [ 17.122083663940501, 39.337081909179702 ], [ 17.121803283691399, 39.337081909179702 ], [ 17.121803283691399, 39.336807250976698 ], [ 17.121528625488299, 39.336807250976698 ], [ 17.121528625488299, 39.336250305175902 ], [ 17.121250152588001, 39.336250305175902 ], [ 17.121250152588001, 39.335693359375099 ], [ 17.120971679687599, 39.335693359375099 ], [ 17.120971679687599, 39.335140228271499 ], [ 17.120693206787202, 39.335140228271499 ], [ 17.120693206787202, 39.334583282470803 ], [ 17.120416641235401, 39.334583282470803 ], [ 17.120416641235401, 39.334304809570398 ], [ 17.120138168335, 39.334304809570398 ], [ 17.120138168335, 39.333751678466797 ], [ 17.119861602783299, 39.333751678466797 ], [ 17.119861602783299, 39.333194732666001 ], [ 17.119583129882901, 39.333194732666001 ], [ 17.119583129882901, 39.332637786865298 ], [ 17.1193046569825, 39.332637786865298 ], [ 17.1193046569825, 39.332359313964901 ], [ 17.1190280914307, 39.332359313964901 ], [ 17.1190280914307, 39.3318061828613 ], [ 17.118749618530298, 39.3318061828613 ], [ 17.118749618530298, 39.331249237060497 ], [ 17.118471145629901, 39.331249237060497 ], [ 17.118471145629901, 39.330696105957102 ], [ 17.1181945800781, 39.330696105957102 ], [ 17.1181945800781, 39.330417633056797 ], [ 17.117916107177699, 39.330417633056797 ], [ 17.117916107177699, 39.329860687256001 ], [ 17.117639541625898, 39.329860687256001 ], [ 17.117639541625898, 39.329303741455199 ], [ 17.1173610687256, 39.329303741455199 ], [ 17.1173610687256, 39.328750610351598 ], [ 17.117082595825199, 39.328750610351598 ], [ 17.117082595825199, 39.328193664550803 ], [ 17.116806030273601, 39.328193664550803 ], [ 17.116806030273601, 39.327915191650398 ], [ 17.116527557373001, 39.327915191650398 ], [ 17.116527557373001, 39.327362060546903 ], [ 17.116249084472599, 39.327362060546903 ], [ 17.116249084472599, 39.326805114746101 ], [ 17.115972518921001, 39.326805114746101 ], [ 17.115972518921001, 39.326248168945398 ], [ 17.1156940460206, 39.326248168945398 ], [ 17.1156940460206, 39.325695037841697 ], [ 17.1154174804688, 39.325695037841697 ], [ 17.1154174804688, 39.325138092041001 ], [ 17.115140914916999, 39.325138092041001 ], [ 17.115140914916999, 39.3245849609375 ], [ 17.1148605346681, 39.3245849609375 ], [ 17.1148605346681, 39.324028015136797 ], [ 17.1145839691163, 39.324028015136797 ], [ 17.1145839691163, 39.323471069336101 ], [ 17.114305496215898, 39.323471069336101 ], [ 17.114305496215898, 39.3229179382325 ], [ 17.114028930664102, 39.3229179382325 ], [ 17.114028930664102, 39.322360992431697 ], [ 17.1137504577637, 39.322360992431697 ], [ 17.1137504577637, 39.322269439697202 ], [ 17.1137504577637, 39.321804046630902 ], [ 17.113471984863299, 39.321804046630902 ], [ 17.113471984863299, 39.321250915527301 ], [ 17.113193511962901, 39.321250915527301 ], [ 17.113193511962901, 39.320693969726598 ], [ 17.112918853759702, 39.320693969726598 ], [ 17.112918853759702, 39.320137023925803 ], [ 17.112636566162202, 39.320137023925803 ], [ 17.112636566162202, 39.319583892822401 ], [ 17.112361907958999, 39.319583892822401 ], [ 17.112361907958999, 39.319026947021399 ], [ 17.112083435058601, 39.319026947021399 ], [ 17.112083435058601, 39.318473815917997 ], [ 17.1118068695068, 39.318473815917997 ], [ 17.1118068695068, 39.317916870117301 ], [ 17.111528396606399, 39.317916870117301 ], [ 17.111528396606399, 39.317359924316499 ], [ 17.111249923706001, 39.317359924316499 ], [ 17.111249923706001, 39.316249847412202 ], [ 17.1109714508057, 39.316249847412202 ], [ 17.1109714508057, 39.314582824707003 ], [ 17.110696792602599, 39.314582824707003 ], [ 17.110696792602599, 39.312915802001903 ], [ 17.110414505004901, 39.312915802001903 ], [ 17.110414505004901, 39.311248779297003 ], [ 17.1101379394531, 39.311248779297003 ], [ 17.1101379394531, 39.309581756591903 ], [ 17.109861373901499, 39.309581756591903 ], [ 17.109861373901499, 39.305416107177798 ], [ 17.1101379394531, 39.305416107177798 ], [ 17.1101379394531, 39.2995834350587 ], [ 17.110414505004901, 39.2995834350587 ], [ 17.110414505004901, 39.294860839843899 ], [ 17.110696792602599, 39.294860839843899 ], [ 17.110696792602599, 39.291805267333999 ], [ 17.1109714508057, 39.291805267333999 ], [ 17.1109714508057, 39.290695190429602 ], [ 17.111249923706001, 39.290695190429602 ], [ 17.111249923706001, 39.289836883544901 ], [ 17.111249923706001, 39.289306640625099 ], [ 17.111528396606399, 39.289306640625099 ], [ 17.111528396606399, 39.288471221923899 ], [ 17.111249923706001, 39.288471221923899 ], [ 17.111249923706001, 39.28763961792 ], [ 17.1109714508057, 39.28763961792 ], [ 17.1109714508057, 39.287082672119197 ], [ 17.110696792602599, 39.287082672119197 ], [ 17.110696792602599, 39.286251068115199 ], [ 17.110414505004901, 39.286251068115199 ], [ 17.110414505004901, 39.285415649414098 ], [ 17.1101379394531, 39.285415649414098 ], [ 17.1101379394531, 39.284584045410298 ], [ 17.109861373901499, 39.284584045410298 ], [ 17.109861373901499, 39.283748626708999 ], [ 17.109582901001101, 39.283748626708999 ], [ 17.109582901001101, 39.282917022705199 ], [ 17.1093044281007, 39.282917022705199 ], [ 17.1093044281007, 39.282665252685597 ], [ 17.1093044281007, 39.282360076904403 ], [ 17.1092224121094, 39.282360076904403 ], [ 17.109027862548899, 39.282360076904403 ], [ 17.109027862548899, 39.2816390991212 ], [ 17.109027862548899, 39.281528472900398 ], [ 17.108749389648501, 39.281528472900398 ], [ 17.108749389648501, 39.280612945556697 ], [ 17.108749389648501, 39.279861450195298 ], [ 17.108545303344702, 39.279861450195298 ], [ 17.108472824096701, 39.279861450195298 ], [ 17.108472824096701, 39.279598236083999 ], [ 17.108472824096701, 39.278751373291101 ], [ 17.1081943511963, 39.278751373291101 ], [ 17.1081943511963, 39.278572082519602 ], [ 17.1081943511963, 39.278194427490298 ], [ 17.1081027984619, 39.278194427490298 ], [ 17.107915878296001, 39.278194427490298 ], [ 17.107915878296001, 39.2774047851562 ], [ 17.107639312744102, 39.277362823486399 ], [ 17.107639312744102, 39.276527404785298 ], [ 17.1073608398438, 39.276527404785298 ], [ 17.1073608398438, 39.2756958007812 ], [ 17.107082366943398, 39.2756958007812 ], [ 17.107082366943398, 39.274860382080099 ], [ 17.106805801391602, 39.274860382080099 ], [ 17.106805801391602, 39.2740287780762 ], [ 17.1065273284912, 39.2740287780762 ], [ 17.1065273284912, 39.273193359375 ], [ 17.106250762939499, 39.273193359375 ], [ 17.106250762939499, 39.272640228271598 ], [ 17.105972290039102, 39.272640228271598 ], [ 17.105972290039102, 39.270416259765703 ], [ 17.1056938171387, 39.270416259765703 ], [ 17.1056938171387, 39.269859313965 ], [ 17.1054172515869, 39.269859313965 ], [ 17.1054172515869, 39.269584655761697 ], [ 17.105138778686499, 39.269584655761697 ], [ 17.105138778686499, 39.269027709961001 ], [ 17.104860305786101, 39.269027709961001 ], [ 17.104860305786101, 39.268470764160199 ], [ 17.104583740234499, 39.268470764160199 ], [ 17.104583740234499, 39.267082214355497 ], [ 17.104305267334102, 39.267082214355497 ], [ 17.104305267334102, 39.262916564941399 ], [ 17.104583740234499, 39.262916564941399 ], [ 17.104583740234499, 39.2604179382325 ], [ 17.104860305786101, 39.2604179382325 ], [ 17.104860305786101, 39.2579154968262 ], [ 17.105138778686499, 39.2579154968262 ], [ 17.105138778686499, 39.255138397216797 ], [ 17.1054172515869, 39.255138397216797 ], [ 17.1054172515869, 39.253749847412202 ], [ 17.1056938171387, 39.253749847412202 ], [ 17.1056938171387, 39.253192901611399 ], [ 17.105972290039102, 39.253192901611399 ], [ 17.105972290039102, 39.252639770507898 ], [ 17.106250762939499, 39.252639770507898 ], [ 17.106250762939499, 39.252082824707102 ], [ 17.1065273284912, 39.252082824707102 ], [ 17.1065273284912, 39.2515258789063 ], [ 17.106805801391602, 39.2515258789063 ], [ 17.106805801391602, 39.251251220703097 ], [ 17.107082366943398, 39.251251220703097 ], [ 17.107082366943398, 39.250694274902301 ], [ 17.1073608398438, 39.250694274902301 ], [ 17.1073608398438, 39.250137329101598 ], [ 17.107639312744102, 39.250137329101598 ], [ 17.107639312744102, 39.249584197998203 ], [ 17.107915878296001, 39.249584197998203 ], [ 17.107915878296001, 39.249027252197202 ], [ 17.1081943511963, 39.249027252197202 ], [ 17.1081943511963, 39.248748779296903 ], [ 17.108472824096701, 39.248748779296903 ], [ 17.108472824096701, 39.248195648193402 ], [ 17.108749389648501, 39.248195648193402 ], [ 17.108749389648501, 39.247638702392699 ], [ 17.109027862548899, 39.247638702392699 ], [ 17.109027862548899, 39.247081756591903 ], [ 17.1093044281007, 39.247081756591903 ], [ 17.1093044281007, 39.246528625488303 ], [ 17.109582901001101, 39.246528625488303 ], [ 17.109582901001101, 39.246250152587898 ], [ 17.109861373901499, 39.246250152587898 ], [ 17.109861373901499, 39.245971679687599 ], [ 17.1101379394531, 39.245971679687599 ], [ 17.1101379394531, 39.245693206787202 ], [ 17.110414505004901, 39.245693206787202 ], [ 17.110414505004901, 39.245418548583999 ], [ 17.110696792602599, 39.245414733886797 ], [ 17.110696792602599, 39.245140075683601 ], [ 17.1109714508057, 39.245140075683601 ], [ 17.1109714508057, 39.244583129882798 ], [ 17.111249923706001, 39.244583129882798 ], [ 17.111249923706001, 39.244304656982401 ], [ 17.111528396606399, 39.244304656982401 ], [ 17.111528396606399, 39.244026184082003 ], [ 17.1118068695068, 39.244026184082003 ], [ 17.1118068695068, 39.243751525878999 ], [ 17.112083435058601, 39.243751525878999 ], [ 17.112083435058601, 39.243473052978601 ], [ 17.112361907958999, 39.243473052978601 ], [ 17.112361907958999, 39.243194580078203 ], [ 17.112636566162202, 39.243194580078203 ], [ 17.112636566162202, 39.242916107177699 ], [ 17.112918853759702, 39.242916107177699 ], [ 17.112918853759702, 39.242637634277301 ], [ 17.113193511962901, 39.242637634277301 ], [ 17.113193511962901, 39.242362976074297 ], [ 17.113471984863299, 39.242362976074297 ], [ 17.113471984863299, 39.242084503173899 ], [ 17.1137504577637, 39.242084503173899 ], [ 17.1137504577637, 39.241527557373203 ], [ 17.114028930664102, 39.241527557373203 ], [ 17.114028930664102, 39.241249084472798 ], [ 17.114305496215898, 39.241249084472798 ], [ 17.114305496215898, 39.240970611572401 ], [ 17.1145839691163, 39.240970611572401 ], [ 17.1145839691163, 39.240695953369098 ], [ 17.1148605346681, 39.240695953369098 ], [ 17.1148605346681, 39.2404174804688 ], [ 17.115140914916999, 39.2404174804688 ], [ 17.115140914916999, 39.240139007568402 ], [ 17.1154174804688, 39.240139007568402 ], [ 17.1154174804688, 39.239860534667997 ], [ 17.1156940460206, 39.239860534667997 ], [ 17.1156940460206, 39.239307403564503 ], [ 17.115972518921001, 39.239307403564503 ], [ 17.115972518921001, 39.239028930664098 ], [ 17.116249084472599, 39.239028930664098 ], [ 17.116249084472599, 39.2387504577637 ], [ 17.116527557373001, 39.2387504577637 ], [ 17.116527557373001, 39.2379150390625 ], [ 17.116249084472599, 39.2379150390625 ], [ 17.116249084472599, 39.237640380859503 ], [ 17.115972518921001, 39.237640380859503 ], [ 17.115972518921001, 39.237361907959098 ], [ 17.1156940460206, 39.237361907959098 ], [ 17.1156940460206, 39.236526489257798 ], [ 17.115972518921001, 39.236526489257798 ], [ 17.115972518921001, 39.235973358154403 ], [ 17.116249084472599, 39.235973358154403 ], [ 17.116249084472599, 39.235416412353601 ], [ 17.116527557373001, 39.235416412353601 ], [ 17.116527557373001, 39.234859466552798 ], [ 17.116806030273601, 39.234859466552798 ], [ 17.116806030273601, 39.234584808349602 ], [ 17.117082595825199, 39.234584808349602 ], [ 17.117082595825199, 39.234306335449197 ], [ 17.120138168335, 39.234306335449197 ], [ 17.120138168335, 39.233749389648501 ], [ 17.120416641235401, 39.233749389648501 ], [ 17.120416641235401, 39.233470916748097 ], [ 17.120693206787202, 39.233470916748097 ], [ 17.120693206787202, 39.233196258544901 ], [ 17.120971679687599, 39.233196258544901 ], [ 17.120971679687599, 39.232639312744098 ], [ 17.121250152588001, 39.232639312744098 ], [ 17.121250152588001, 39.2323608398438 ], [ 17.121528625488299, 39.2323608398438 ], [ 17.121528625488299, 39.231803894042997 ], [ 17.121803283691399, 39.231803894042997 ], [ 17.121803283691399, 39.23152923584 ], [ 17.122083663940501, 39.23152923584 ], [ 17.122083663940501, 39.230972290039198 ], [ 17.122360229492099, 39.230972290039198 ], [ 17.122360229492099, 39.2306938171388 ], [ 17.1226387023925, 39.2306938171388 ], [ 17.1226387023925, 39.230415344238402 ], [ 17.1229152679443, 39.230415344238402 ], [ 17.1229152679443, 39.229862213134801 ], [ 17.123193740844702, 39.229862213134801 ], [ 17.123193740844702, 39.229583740234403 ], [ 17.123472213745099, 39.229583740234403 ], [ 17.123472213745099, 39.2290267944337 ], [ 17.123750686645501, 39.2290267944337 ], [ 17.123750686645501, 39.228748321533303 ], [ 17.1240253448487, 39.228748321533303 ], [ 17.1240253448487, 39.228195190429702 ], [ 17.1243076324462, 39.228195190429702 ], [ 17.1243076324462, 39.227916717529297 ], [ 17.124584197998001, 39.227916717529297 ], [ 17.124584197998001, 39.227638244628999 ], [ 17.124860763549901, 39.227638244628999 ], [ 17.124860763549901, 39.227085113525298 ], [ 17.125139236450199, 39.227085113525298 ], [ 17.125139236450199, 39.226806640624901 ], [ 17.1254177093506, 39.226806640624901 ], [ 17.1254177093506, 39.226249694824197 ], [ 17.125694274902401, 39.226249694824197 ], [ 17.125694274902401, 39.2259712219238 ], [ 17.125972747802798, 39.2259712219238 ], [ 17.125972747802798, 39.225692749023402 ], [ 17.126247406006001, 39.225692749023402 ], [ 17.126247406006001, 39.225418090820398 ], [ 17.126529693603601, 39.225418090820398 ], [ 17.126529693603601, 39.22513961792 ], [ 17.127082824707099, 39.22513961792 ], [ 17.127082824707099, 39.224861145019602 ], [ 17.1273612976075, 39.224861145019602 ], [ 17.1273612976075, 39.224582672119297 ], [ 17.127639770507901, 39.224582672119297 ], [ 17.127639770507901, 39.224304199218899 ], [ 17.127916336059702, 39.224304199218899 ], [ 17.127916336059702, 39.224029541015703 ], [ 17.128194808960099, 39.224029541015703 ], [ 17.128194808960099, 39.223751068115298 ], [ 17.128471374511701, 39.223751068115298 ], [ 17.128471374511701, 39.223472595214901 ], [ 17.129028320312401, 39.223472595214901 ], [ 17.129028320312401, 39.223194122314503 ], [ 17.1293048858643, 39.223194122314503 ], [ 17.1293048858643, 39.222915649414098 ], [ 17.129583358764599, 39.222915649414098 ], [ 17.129583358764599, 39.2226371765137 ], [ 17.129861831665, 39.2226371765137 ], [ 17.129861831665, 39.222362518310497 ], [ 17.1301383972168, 39.222362518310497 ], [ 17.1301383972168, 39.222084045410199 ], [ 17.130416870117202, 39.222084045410199 ], [ 17.130416870117202, 39.221805572509801 ], [ 17.1309719085694, 39.221805572509801 ], [ 17.1309719085694, 39.221527099609403 ], [ 17.131250381469801, 39.221527099609403 ], [ 17.131250381469801, 39.221248626708999 ], [ 17.131526947021499, 39.221248626708999 ], [ 17.131526947021499, 39.220973968506001 ], [ 17.1318054199219, 39.220973968506001 ], [ 17.1318054199219, 39.220695495605398 ], [ 17.132083892822301, 39.220695495605398 ], [ 17.132083892822301, 39.220417022705 ], [ 17.132360458374102, 39.220417022705 ], [ 17.132360458374102, 39.220138549804702 ], [ 17.132917404174901, 39.220138549804702 ], [ 17.132917404174901, 39.219860076904297 ], [ 17.133192062377901, 39.219860076904297 ], [ 17.133192062377901, 39.219581604003899 ], [ 17.133472442627099, 39.219581604003899 ], [ 17.133472442627099, 39.219306945800902 ], [ 17.1337509155275, 39.219306945800902 ], [ 17.1337509155275, 39.219028472900497 ], [ 17.134027481078999, 39.219028472900497 ], [ 17.134027481078999, 39.21875 ], [ 17.1345825195312, 39.21875 ], [ 17.1345825195312, 39.218471527099702 ], [ 17.134860992431602, 39.218471527099702 ], [ 17.134860992431602, 39.218193054199297 ], [ 17.135414123535199, 39.218193054199297 ], [ 17.135414123535199, 39.2179183959962 ], [ 17.135694503784201, 39.2179183959962 ], [ 17.135694503784201, 39.217639923095803 ], [ 17.1362495422363, 39.217639923095803 ], [ 17.1362495422363, 39.217361450195398 ], [ 17.1365261077881, 39.217361450195398 ], [ 17.1365261077881, 39.217082977295 ], [ 17.136804580688501, 39.217082977295 ], [ 17.136804580688501, 39.216804504394602 ], [ 17.1373615264893, 39.216804504394602 ], [ 17.1373615264893, 39.216526031494197 ], [ 17.1376361846925, 39.216526031494197 ], [ 17.1376361846925, 39.216251373291001 ], [ 17.138196945190401, 39.216251373291001 ], [ 17.138196945190401, 39.215972900390597 ], [ 17.1384716033937, 39.215972900390597 ], [ 17.1384716033937, 39.215694427490199 ], [ 17.1390285491944, 39.215694427490199 ], [ 17.1390285491944, 39.215415954589801 ], [ 17.1393051147462, 39.215415954589801 ], [ 17.1393051147462, 39.215137481689503 ], [ 17.139583587646602, 39.215137481689503 ], [ 17.139583587646602, 39.214862823486399 ], [ 17.139858245849599, 39.214862823486399 ], [ 17.139862060546999, 39.214584350586101 ], [ 17.140138626098601, 39.214584350586101 ], [ 17.140138626098601, 39.214328765869098 ], [ 17.140417098998999, 39.214305877685497 ], [ 17.140417098998999, 39.214027404785099 ], [ 17.140693664550799, 39.214027404785099 ], [ 17.140693664550799, 39.213748931884801 ], [ 17.1409721374512, 39.213748931884801 ], [ 17.1409721374512, 39.213470458984403 ], [ 17.141250610351602, 39.213470458984403 ], [ 17.141250610351602, 39.212917327881001 ], [ 17.141527175903299, 39.212917327881001 ], [ 17.141527175903299, 39.212638854980597 ], [ 17.1418056488037, 39.212638854980597 ], [ 17.1418056488037, 39.212081909179801 ], [ 17.142084121704102, 39.212081909179801 ], [ 17.142084121704102, 39.211807250976598 ], [ 17.142360687255898, 39.211807250976598 ], [ 17.142360687255898, 39.2115287780762 ], [ 17.1426391601562, 39.2115287780762 ], [ 17.1426391601562, 39.210971832275398 ], [ 17.1429157257081, 39.210971832275398 ], [ 17.1429157257081, 39.210693359375099 ], [ 17.143194198608501, 39.210693359375099 ], [ 17.143194198608501, 39.210140228271499 ], [ 17.1434726715088, 39.210140228271499 ], [ 17.1434726715088, 39.209861755371101 ], [ 17.1437492370606, 39.209861755371101 ], [ 17.1437492370606, 39.209304809570298 ], [ 17.144027709961001, 39.209304809570298 ], [ 17.144027709961001, 39.209026336669901 ], [ 17.144306182861399, 39.209026336669901 ], [ 17.144306182861399, 39.208751678466903 ], [ 17.1445827484132, 39.208751678466903 ], [ 17.1445827484132, 39.208194732666101 ], [ 17.144861221313601, 39.208194732666101 ], [ 17.144861221313601, 39.207916259765597 ], [ 17.145139694213999, 39.207916259765597 ], [ 17.145139694213999, 39.207637786865199 ], [ 17.145694732666101, 39.207637786865199 ], [ 17.145694732666101, 39.207359313964801 ], [ 17.145971298217798, 39.207359313964801 ], [ 17.145971298217798, 39.207084655761797 ], [ 17.1462497711181, 39.207084655761797 ], [ 17.1462497711181, 39.206806182861399 ], [ 17.146528244018501, 39.206806182861399 ], [ 17.146528244018501, 39.206527709961101 ], [ 17.1470832824707, 39.206527709961101 ], [ 17.1470832824707, 39.206249237060703 ], [ 17.147361755371101, 39.206249237060703 ], [ 17.147361755371101, 39.204582214355497 ], [ 17.146804809570298, 39.204582214355497 ], [ 17.146804809570298, 39.204303741455099 ], [ 17.146528244018501, 39.204303741455099 ], [ 17.146528244018501, 39.204582214355497 ], [ 17.145971298217798, 39.204582214355497 ], [ 17.145971298217798, 39.204860687255902 ], [ 17.144861221313601, 39.204860687255902 ], [ 17.144861221313601, 39.2051391601563 ], [ 17.144306182861399, 39.2051391601563 ], [ 17.144306182861399, 39.205417633056697 ], [ 17.144027709961001, 39.205417633056697 ], [ 17.144027709961001, 39.205696105957003 ], [ 17.143194198608501, 39.205696105957003 ], [ 17.143194198608501, 39.2051391601563 ], [ 17.1437492370606, 39.2051391601563 ], [ 17.1437492370606, 39.204860687255902 ], [ 17.144027709961001, 39.204860687255902 ], [ 17.144027709961001, 39.204582214355497 ], [ 17.1445827484132, 39.204582214355497 ], [ 17.1445827484132, 39.204303741455099 ], [ 17.145694732666101, 39.204303741455099 ], [ 17.145694732666101, 39.204029083252003 ], [ 17.1462497711181, 39.204029083252003 ], [ 17.1462497711181, 39.203750610351598 ], [ 17.146804809570298, 39.203750610351598 ], [ 17.146804809570298, 39.2034721374512 ], [ 17.1470832824707, 39.2034721374512 ], [ 17.1470832824707, 39.202362060547003 ], [ 17.146804809570298, 39.202362060547003 ], [ 17.146804809570298, 39.200973510742202 ], [ 17.146528244018501, 39.200973510742202 ], [ 17.146528244018501, 39.200416564941499 ], [ 17.1462497711181, 39.200416564941499 ], [ 17.1462497711181, 39.199859619140703 ], [ 17.145971298217798, 39.199859619140703 ], [ 17.145971298217798, 39.199306488037102 ], [ 17.145694732666101, 39.199306488037102 ], [ 17.145694732666101, 39.198471069336001 ], [ 17.1454162597657, 39.198471069336001 ], [ 17.1454162597657, 39.197917938232401 ], [ 17.145139694213999, 39.197917938232401 ], [ 17.145139694213999, 39.197360992431598 ], [ 17.144861221313601, 39.197360992431598 ], [ 17.144861221313601, 39.196804046630902 ], [ 17.1445827484132, 39.196804046630902 ], [ 17.1445827484132, 39.195972442627102 ], [ 17.144306182861399, 39.195972442627102 ], [ 17.144306182861399, 39.1954154968263 ], [ 17.144027709961001, 39.1954154968263 ], [ 17.144027709961001, 39.194862365722699 ], [ 17.1437492370606, 39.194862365722699 ], [ 17.1437492370606, 39.194305419921903 ], [ 17.1434726715088, 39.194305419921903 ], [ 17.1434726715088, 39.1937484741212 ], [ 17.143194198608501, 39.1937484741212 ], [ 17.143194198608501, 39.193195343017599 ], [ 17.1429157257081, 39.193195343017599 ], [ 17.1429157257081, 39.192638397216903 ], [ 17.1426391601562, 39.192638397216903 ], [ 17.1426391601562, 39.192359924316499 ], [ 17.142360687255898, 39.192359924316499 ], [ 17.142360687255898, 39.191806793212798 ], [ 17.142084121704102, 39.191806793212798 ], [ 17.142084121704102, 39.191249847412102 ], [ 17.1418056488037, 39.191249847412102 ], [ 17.1418056488037, 39.1906929016113 ], [ 17.141527175903299, 39.1906929016113 ], [ 17.141527175903299, 39.190418243408303 ], [ 17.141250610351602, 39.190418243408303 ], [ 17.141250610351602, 39.1898612976075 ], [ 17.1409721374512, 39.1898612976075 ], [ 17.1409721374512, 39.189304351806797 ], [ 17.140693664550799, 39.189304351806797 ], [ 17.140693664550799, 39.189029693603601 ], [ 17.140417098998999, 39.189025878906399 ], [ 17.140417098998999, 39.188472747802798 ], [ 17.140138626098601, 39.188472747802798 ], [ 17.140138626098601, 39.187915802002003 ], [ 17.139862060546999, 39.187915802002003 ], [ 17.139858245849599, 39.187637329101598 ], [ 17.139583587646602, 39.187637329101598 ], [ 17.139583587646602, 39.187084197997997 ], [ 17.1393051147462, 39.187084197997997 ], [ 17.1393051147462, 39.186527252197301 ], [ 17.1390285491944, 39.186527252197301 ], [ 17.1390285491944, 39.185974121093899 ], [ 17.138750076294102, 39.185974121093899 ], [ 17.138750076294102, 39.185695648193303 ], [ 17.1384716033937, 39.185695648193303 ], [ 17.1384716033937, 39.185138702392599 ], [ 17.138196945190401, 39.185138702392599 ], [ 17.138196945190401, 39.184581756591797 ], [ 17.13791847229, 39.184581756591797 ], [ 17.13791847229, 39.1843070983888 ], [ 17.1376361846925, 39.1843070983888 ], [ 17.1376361846925, 39.183750152587997 ], [ 17.1373615264893, 39.183750152587997 ], [ 17.1373615264893, 39.183193206787202 ], [ 17.137083053588899, 39.183193206787202 ], [ 17.137083053588899, 39.1826400756837 ], [ 17.136804580688501, 39.1826400756837 ], [ 17.136804580688501, 39.182361602783303 ], [ 17.1365261077881, 39.182361602783303 ], [ 17.1365261077881, 39.1818046569825 ], [ 17.1362495422363, 39.1818046569825 ], [ 17.1362495422363, 39.181251525878899 ], [ 17.135974884033299, 39.181251525878899 ], [ 17.135974884033299, 39.180973052978501 ], [ 17.135694503784201, 39.180973052978501 ], [ 17.135694503784201, 39.180416107177699 ], [ 17.135414123535199, 39.180416107177699 ], [ 17.135414123535199, 39.179862976074297 ], [ 17.135139465331999, 39.179862976074297 ], [ 17.135139465331999, 39.179584503173899 ], [ 17.134860992431602, 39.179584503173899 ], [ 17.134860992431602, 39.179027557372997 ], [ 17.1345825195312, 39.179027557372997 ], [ 17.1345825195312, 39.178470611572301 ], [ 17.134304046630898, 39.178470611572301 ], [ 17.134304046630898, 39.178020477295 ], [ 17.134304046630898, 39.177917480468899 ], [ 17.134027481078999, 39.177917480468899 ], [ 17.134027481078999, 39.177639007568501 ], [ 17.1337509155275, 39.177639007568501 ], [ 17.1337509155275, 39.177215576171797 ], [ 17.1337509155275, 39.177082061767699 ], [ 17.133659362793001, 39.177082061767699 ], [ 17.133472442627099, 39.177082061767699 ], [ 17.133472442627099, 39.176803588867301 ], [ 17.133472442627099, 39.176528930664098 ], [ 17.1333103179932, 39.176528930664098 ], [ 17.133192062377901, 39.176528930664098 ], [ 17.133192062377901, 39.1763305664063 ], [ 17.133192062377901, 39.1762504577637 ], [ 17.132917404174901, 39.1762504577637 ], [ 17.132917404174901, 39.17586517334 ], [ 17.132917404174901, 39.175693511962898 ], [ 17.1328144073487, 39.175693511962898 ], [ 17.132638931274499, 39.175693511962898 ], [ 17.132638931274499, 39.175415039062599 ], [ 17.132360458374102, 39.175415039062599 ], [ 17.132360458374102, 39.174930572509801 ], [ 17.132320404052798, 39.174861907958999 ], [ 17.132083892822301, 39.174861907958999 ], [ 17.132083892822301, 39.174583435058601 ], [ 17.1318054199219, 39.174583435058601 ], [ 17.1318054199219, 39.174304962158203 ], [ 17.131526947021499, 39.174304962158203 ], [ 17.131526947021499, 39.173751831054801 ], [ 17.131250381469801, 39.173751831054801 ], [ 17.131250381469801, 39.173473358154403 ], [ 17.1309719085694, 39.173473358154403 ], [ 17.1309719085694, 39.172916412353501 ], [ 17.130695343017599, 39.172916412353501 ], [ 17.130695343017599, 39.172637939453097 ], [ 17.130416870117202, 39.172637939453097 ], [ 17.130416870117202, 39.172084808349702 ], [ 17.1301383972168, 39.172084808349702 ], [ 17.1301383972168, 39.171806335449297 ], [ 17.129861831665, 39.171806335449297 ], [ 17.129861831665, 39.171249389648601 ], [ 17.129583358764599, 39.171249389648601 ], [ 17.129583358764599, 39.170970916748203 ], [ 17.1293048858643, 39.170970916748203 ], [ 17.1293048858643, 39.170417785644602 ], [ 17.129028320312401, 39.170417785644602 ], [ 17.129028320312401, 39.170139312744197 ], [ 17.128751754760899, 39.170139312744197 ], [ 17.128751754760899, 39.1698608398438 ], [ 17.128471374511701, 39.1698608398438 ], [ 17.128471374511701, 39.169303894042997 ], [ 17.128194808960099, 39.169303894042997 ], [ 17.128194808960099, 39.169029235839801 ], [ 17.127916336059702, 39.169029235839801 ], [ 17.127916336059702, 39.168472290039098 ], [ 17.127639770507901, 39.168472290039098 ], [ 17.127639770507901, 39.167915344238303 ], [ 17.1273612976075, 39.167915344238303 ], [ 17.1273612976075, 39.167362213134901 ], [ 17.127082824707099, 39.167362213134901 ], [ 17.127082824707099, 39.166805267334098 ], [ 17.126806259155298, 39.166805267334098 ], [ 17.126806259155298, 39.166248321533097 ], [ 17.126529693603601, 39.166248321533097 ], [ 17.126529693603601, 39.165695190429702 ], [ 17.126247406006001, 39.165695190429702 ], [ 17.126247406006001, 39.165138244628999 ], [ 17.125972747802798, 39.165138244628999 ], [ 17.125972747802798, 39.164585113525398 ], [ 17.125694274902401, 39.164585113525398 ], [ 17.125694274902401, 39.164028167724702 ], [ 17.1254177093506, 39.164028167724702 ], [ 17.1254177093506, 39.163471221923899 ], [ 17.125139236450199, 39.163471221923899 ], [ 17.125139236450199, 39.162918090820298 ], [ 17.124860763549901, 39.162918090820298 ], [ 17.124860763549901, 39.162361145019503 ], [ 17.124584197998001, 39.162361145019503 ], [ 17.124584197998001, 39.1618041992188 ], [ 17.1243076324462, 39.1618041992188 ], [ 17.1243076324462, 39.161251068115298 ], [ 17.1240253448487, 39.161251068115298 ], [ 17.1240253448487, 39.160694122314602 ], [ 17.123750686645501, 39.160694122314602 ], [ 17.123750686645501, 39.160137176513601 ], [ 17.123472213745099, 39.160137176513601 ], [ 17.123472213745099, 39.159584045410199 ], [ 17.123193740844702, 39.159584045410199 ], [ 17.123193740844702, 39.159027099609403 ], [ 17.1229152679443, 39.159027099609403 ], [ 17.1229152679443, 39.158473968505902 ], [ 17.1226387023925, 39.158473968505902 ], [ 17.1226387023925, 39.157917022705099 ], [ 17.122360229492099, 39.157917022705099 ], [ 17.122360229492099, 39.157360076904403 ], [ 17.122083663940501, 39.157360076904403 ], [ 17.122083663940501, 39.156806945800703 ], [ 17.121803283691399, 39.156806945800703 ], [ 17.121803283691399, 39.15625 ], [ 17.121528625488299, 39.15625 ], [ 17.121528625488299, 39.155693054199197 ], [ 17.121250152588001, 39.155693054199197 ], [ 17.121250152588001, 39.155139923095803 ], [ 17.120971679687599, 39.155139923095803 ], [ 17.120971679687599, 39.154304504394602 ], [ 17.120693206787202, 39.154304504394602 ], [ 17.120693206787202, 39.153751373291101 ], [ 17.120416641235401, 39.153751373291101 ], [ 17.120416641235401, 39.153194427490298 ], [ 17.120138168335, 39.153194427490298 ], [ 17.120138168335, 39.1523628234863 ], [ 17.119861602783299, 39.1523628234863 ], [ 17.119861602783299, 39.151805877685497 ], [ 17.119583129882901, 39.151805877685497 ], [ 17.119583129882901, 39.150970458984403 ], [ 17.1193046569825, 39.150970458984403 ], [ 17.1193046569825, 39.150417327880803 ], [ 17.1190280914307, 39.150417327880803 ], [ 17.1190280914307, 39.149860382080099 ], [ 17.118749618530298, 39.149860382080099 ], [ 17.118749618530298, 39.1490287780763 ], [ 17.118471145629901, 39.1490287780763 ], [ 17.118471145629901, 39.148471832275497 ], [ 17.1181945800781, 39.148471832275497 ], [ 17.1181945800781, 39.147640228271499 ], [ 17.117916107177699, 39.147640228271499 ], [ 17.117916107177699, 39.147083282470803 ], [ 17.117639541625898, 39.147083282470803 ], [ 17.117639541625898, 39.14652633667 ], [ 17.1173610687256, 39.14652633667 ], [ 17.1173610687256, 39.145694732666001 ], [ 17.117082595825199, 39.145694732666001 ], [ 17.117082595825199, 39.145137786865199 ], [ 17.116806030273601, 39.145137786865199 ], [ 17.116806030273601, 39.1443061828613 ], [ 17.116527557373001, 39.1443061828613 ], [ 17.116527557373001, 39.143749237060497 ], [ 17.116249084472599, 39.143749237060497 ], [ 17.116249084472599, 39.143196105957102 ], [ 17.115972518921001, 39.143196105957102 ], [ 17.115972518921001, 39.142360687256001 ], [ 17.1156940460206, 39.142360687256001 ], [ 17.1156940460206, 39.141529083252003 ], [ 17.1154174804688, 39.141529083252003 ], [ 17.1154174804688, 39.140693664550803 ], [ 17.115140914916999, 39.140693664550803 ], [ 17.115140914916999, 39.139583587646499 ], [ 17.1148605346681, 39.139583587646499 ], [ 17.1148605346681, 39.138748168945298 ], [ 17.1145839691163, 39.138748168945298 ], [ 17.1145839691163, 39.1379165649413 ], [ 17.114305496215898, 39.1379165649413 ], [ 17.114305496215898, 39.137084960937599 ], [ 17.114028930664102, 39.137084960937599 ], [ 17.114028930664102, 39.136249542236399 ], [ 17.1137504577637, 39.136249542236399 ], [ 17.1137504577637, 39.135139465332102 ], [ 17.113471984863299, 39.135139465332102 ], [ 17.113471984863299, 39.134304046630902 ], [ 17.113193511962901, 39.134304046630902 ], [ 17.113193511962901, 39.133472442626903 ], [ 17.112918853759702, 39.133472442626903 ], [ 17.112918853759702, 39.132637023925803 ], [ 17.112636566162202, 39.132637023925803 ], [ 17.112636566162202, 39.131805419922003 ], [ 17.112361907958999, 39.131805419922003 ], [ 17.112361907958999, 39.130973815917997 ], [ 17.112083435058601, 39.130973815917997 ], [ 17.112083435058601, 39.129859924316499 ], [ 17.1118068695068, 39.129859924316499 ], [ 17.1118068695068, 39.1290283203125 ], [ 17.111528396606399, 39.1290283203125 ], [ 17.111528396606399, 39.128192901611399 ], [ 17.111249923706001, 39.128192901611399 ], [ 17.111249923706001, 39.127361297607401 ], [ 17.1109714508057, 39.127361297607401 ], [ 17.1109714508057, 39.126251220703203 ], [ 17.110696792602599, 39.126251220703203 ], [ 17.110696792602599, 39.125137329101499 ], [ 17.110414505004901, 39.125137329101499 ], [ 17.110414505004901, 39.124027252197301 ], [ 17.1101379394531, 39.124027252197301 ], [ 17.1101379394531, 39.122917175292997 ], [ 17.109861373901499, 39.122917175292997 ], [ 17.109861373901499, 39.121807098388601 ], [ 17.109582901001101, 39.121807098388601 ], [ 17.109582901001101, 39.120693206787102 ], [ 17.1093044281007, 39.120693206787102 ], [ 17.1093044281007, 39.119583129882898 ], [ 17.109027862548899, 39.119583129882898 ], [ 17.109027862548899, 39.117637634277401 ], [ 17.108749389648501, 39.117637634277401 ], [ 17.108749389648501, 39.116527557372997 ], [ 17.108472824096701, 39.116527557372997 ], [ 17.108472824096701, 39.116249084472699 ], [ 17.1081943511963, 39.116249084472699 ], [ 17.1081943511963, 39.115970611572301 ], [ 17.107915878296001, 39.115970611572301 ], [ 17.107915878296001, 39.112915039062599 ], [ 17.107639312744102, 39.112915039062599 ], [ 17.107639312744102, 39.112361907958999 ], [ 17.1073608398438, 39.112361907958999 ], [ 17.1073608398438, 39.111526489257898 ], [ 17.107639312744102, 39.111526489257898 ], [ 17.107639312744102, 39.110694885253899 ], [ 17.107915878296001, 39.110694885253899 ], [ 17.107915878296001, 39.110137939453097 ], [ 17.1081943511963, 39.110137939453097 ], [ 17.1081943511963, 39.105972290039098 ], [ 17.108472824096701, 39.105972290039098 ], [ 17.108472824096701, 39.103748321533203 ], [ 17.108749389648501, 39.103748321533203 ], [ 17.108749389648501, 39.102359771728501 ], [ 17.109027862548899, 39.102359771728501 ], [ 17.109027862548899, 39.100971221923899 ], [ 17.1093044281007, 39.100971221923899 ], [ 17.1093044281007, 39.099582672119197 ], [ 17.109582901001101, 39.099582672119197 ], [ 17.109582901001101, 39.098751068115199 ], [ 17.109861373901499, 39.098751068115199 ], [ 17.109861373901499, 39.098194122314503 ], [ 17.1101379394531, 39.098194122314503 ], [ 17.1101379394531, 39.0976371765137 ], [ 17.110414505004901, 39.0976371765137 ], [ 17.110414505004901, 39.096805572509901 ], [ 17.110696792602599, 39.096805572509901 ], [ 17.110696792602599, 39.096527099609297 ], [ 17.1109714508057, 39.096527099609297 ], [ 17.1109714508057, 39.095973968505902 ], [ 17.111249923706001, 39.095973968505902 ], [ 17.111249923706001, 39.095695495605497 ], [ 17.111528396606399, 39.095695495605497 ], [ 17.111528396606399, 39.095417022705099 ], [ 17.1118068695068, 39.095417022705099 ], [ 17.1118068695068, 39.095138549804801 ], [ 17.112083435058601, 39.095138549804801 ], [ 17.112083435058601, 39.094581604003999 ], [ 17.112361907958999, 39.094581604003999 ], [ 17.112361907958999, 39.094306945800803 ], [ 17.112636566162202, 39.094306945800803 ], [ 17.112636566162202, 39.094028472900398 ], [ 17.112918853759702, 39.094028472900398 ], [ 17.112918853759702, 39.093471527099702 ], [ 17.113193511962901, 39.093471527099702 ], [ 17.113193511962901, 39.093193054199297 ], [ 17.113471984863299, 39.093193054199297 ], [ 17.113471984863299, 39.092918395996101 ], [ 17.1137504577637, 39.092918395996101 ], [ 17.1137504577637, 39.092639923095703 ], [ 17.114028930664102, 39.092639923095703 ], [ 17.114028930664102, 39.092361450195298 ], [ 17.114305496215898, 39.092361450195298 ], [ 17.114305496215898, 39.092082977294901 ], [ 17.1145839691163, 39.092082977294901 ], [ 17.1145839691163, 39.091804504394503 ], [ 17.1148605346681, 39.091804504394503 ], [ 17.1148605346681, 39.091251373291101 ], [ 17.115140914916999, 39.091251373291101 ], [ 17.115140914916999, 39.090972900390703 ], [ 17.117092132568501, 39.090972900390703 ], [ 17.117639541625898, 39.090972900390703 ], [ 17.117639541625898, 39.091251373291101 ], [ 17.118749618530298, 39.091251373291101 ], [ 17.118749618530298, 39.091526031494098 ], [ 17.120138168335, 39.091526031494098 ], [ 17.120138168335, 39.091804504394503 ], [ 17.120693206787202, 39.091804504394503 ], [ 17.120693206787202, 39.092082977294901 ], [ 17.121250152588001, 39.092082977294901 ], [ 17.121250152588001, 39.092361450195298 ], [ 17.1226387023925, 39.092361450195298 ], [ 17.1226387023925, 39.092082977294901 ], [ 17.123193740844702, 39.092082977294901 ], [ 17.123193740844702, 39.091804504394503 ], [ 17.123472213745099, 39.091804504394503 ], [ 17.123472213745099, 39.09041595459 ], [ 17.123193740844702, 39.09041595459 ], [ 17.123193740844702, 39.089862823486399 ], [ 17.1226387023925, 39.089862823486399 ], [ 17.1226387023925, 39.089584350586001 ], [ 17.120138168335, 39.089584350586001 ], [ 17.120138168335, 39.089305877685597 ], [ 17.119583129882901, 39.089305877685597 ], [ 17.119583129882901, 39.089027404785199 ], [ 17.1193046569825, 39.089027404785199 ], [ 17.1193046569825, 39.088687896728601 ], [ 17.1193046569825, 39.088470458984503 ], [ 17.1190280914307, 39.088470458984503 ], [ 17.1190280914307, 39.0881958007812 ], [ 17.118749618530298, 39.0881958007812 ], [ 17.118749618530298, 39.087360382080099 ], [ 17.1190280914307, 39.087360382080099 ], [ 17.1190280914307, 39.087081909179702 ], [ 17.1193046569825, 39.087081909179702 ], [ 17.1193046569825, 39.086807250976499 ], [ 17.119861602783299, 39.086807250976499 ], [ 17.119861602783299, 39.0865287780762 ], [ 17.120416641235401, 39.0865287780762 ], [ 17.120416641235401, 39.086250305175803 ], [ 17.120971679687599, 39.086250305175803 ], [ 17.120971679687599, 39.085971832275398 ], [ 17.121528625488299, 39.085971832275398 ], [ 17.121528625488299, 39.085693359375 ], [ 17.122083663940501, 39.085693359375 ], [ 17.122083663940501, 39.085414886474602 ], [ 17.123193740844702, 39.085414886474602 ], [ 17.123193740844702, 39.085140228271598 ], [ 17.123750686645501, 39.085140228271598 ], [ 17.123750686645501, 39.0848617553712 ], [ 17.125139236450199, 39.0848617553712 ], [ 17.125139236450199, 39.084583282470803 ], [ 17.125972747802798, 39.084583282470803 ], [ 17.125972747802798, 39.084304809570398 ], [ 17.127639770507901, 39.084304809570398 ], [ 17.127639770507901, 39.084583282470803 ], [ 17.128751754760899, 39.084583282470803 ], [ 17.128751754760899, 39.0848617553712 ], [ 17.129583358764599, 39.0848617553712 ], [ 17.129583358764599, 39.085140228271598 ], [ 17.129861831665, 39.085140228271598 ], [ 17.129861831665, 39.085693359375 ], [ 17.1301383972168, 39.085731506347699 ], [ 17.1301383972168, 39.085971832275398 ], [ 17.130416870117202, 39.085971832275398 ], [ 17.130416870117202, 39.0865287780762 ], [ 17.130695343017599, 39.0865287780762 ], [ 17.130695343017599, 39.086807250976499 ], [ 17.131250381469801, 39.086807250976499 ], [ 17.131250381469801, 39.0865287780762 ], [ 17.131526947021499, 39.0865287780762 ], [ 17.131526947021499, 39.086250305175803 ], [ 17.1318054199219, 39.086250305175803 ], [ 17.1318054199219, 39.085708618164098 ], [ 17.1318054199219, 39.084304809570398 ], [ 17.132083892822301, 39.084304809570398 ], [ 17.132083892822301, 39.08402633667 ], [ 17.132638931274499, 39.08402633667 ], [ 17.132638931274499, 39.083751678466903 ], [ 17.134027481078999, 39.083751678466903 ], [ 17.134027481078999, 39.083473205566499 ], [ 17.135414123535199, 39.083473205566499 ], [ 17.135414123535199, 39.083751678466903 ], [ 17.135694503784201, 39.083751678466903 ], [ 17.135694503784201, 39.08402633667 ], [ 17.135414123535199, 39.08402633667 ], [ 17.135414123535199, 39.084304809570398 ], [ 17.1362495422363, 39.084304809570398 ], [ 17.1362495422363, 39.084583282470803 ], [ 17.1365261077881, 39.084583282470803 ], [ 17.1365261077881, 39.084304809570398 ], [ 17.136804580688501, 39.084304809570398 ], [ 17.136804580688501, 39.083751678466903 ], [ 17.137083053588899, 39.083751678466903 ], [ 17.137083053588899, 39.083194732666101 ], [ 17.1373615264893, 39.083194732666101 ], [ 17.1373615264893, 39.082637786865298 ], [ 17.1376361846925, 39.082637786865298 ], [ 17.1376361846925, 39.082359313965 ], [ 17.13791847229, 39.082359313965 ], [ 17.13791847229, 39.0818061828613 ], [ 17.138196945190401, 39.0818061828613 ], [ 17.138196945190401, 39.081249237060597 ], [ 17.1384716033937, 39.081249237060597 ], [ 17.1384716033937, 39.080696105957003 ], [ 17.138750076294102, 39.080696105957003 ], [ 17.138750076294102, 39.0801391601562 ], [ 17.1390285491944, 39.0801391601562 ], [ 17.1390285491944, 39.079792022705199 ], [ 17.1390285491944, 39.079029083252102 ], [ 17.138750076294102, 39.079029083252102 ], [ 17.138750076294102, 39.0784721374513 ], [ 17.1384716033937, 39.0784721374513 ], [ 17.1384716033937, 39.078193664550902 ], [ 17.138196945190401, 39.078193664550902 ], [ 17.138196945190401, 39.077915191650497 ], [ 17.1373615264893, 39.077915191650497 ], [ 17.1373615264893, 39.078193664550902 ], [ 17.1376361846925, 39.078193664550902 ], [ 17.1376361846925, 39.078750610351698 ], [ 17.13791847229, 39.078750610351698 ], [ 17.13791847229, 39.0793075561525 ], [ 17.13791847229, 39.0801391601562 ], [ 17.137083053588899, 39.0801391601562 ], [ 17.137083053588899, 39.079860687255902 ], [ 17.136804580688501, 39.079860687255902 ], [ 17.136804580688501, 39.079303741455099 ], [ 17.1365261077881, 39.079303741455099 ], [ 17.1365261077881, 39.079029083252102 ], [ 17.1362495422363, 39.079029083252102 ], [ 17.1362495422363, 39.078750610351698 ], [ 17.135974884033299, 39.078750610351698 ], [ 17.135974884033299, 39.0784721374513 ], [ 17.1337509155275, 39.0784721374513 ], [ 17.1337509155275, 39.078193664550902 ], [ 17.133472442627099, 39.078193664550902 ], [ 17.133472442627099, 39.077915191650497 ], [ 17.132917404174901, 39.077915191650497 ], [ 17.132917404174901, 39.077640533447301 ], [ 17.132638931274499, 39.077640533447301 ], [ 17.132638931274499, 39.077083587646499 ], [ 17.132360458374102, 39.077083587646499 ], [ 17.132360458374102, 39.0768051147462 ], [ 17.132083892822301, 39.0768051147462 ], [ 17.132083892822301, 39.076526641845803 ], [ 17.1318054199219, 39.076526641845803 ], [ 17.1318054199219, 39.076248168945398 ], [ 17.131526947021499, 39.076248168945398 ], [ 17.131526947021499, 39.075973510742202 ], [ 17.131250381469801, 39.075973510742202 ], [ 17.131250381469801, 39.075695037841797 ], [ 17.131046295166001, 39.075695037841797 ], [ 17.1309719085694, 39.075695037841797 ], [ 17.1309719085694, 39.075416564941399 ], [ 17.130695343017599, 39.075416564941399 ], [ 17.130695343017599, 39.075138092041001 ], [ 17.130416870117202, 39.075138092041001 ], [ 17.130416870117202, 39.074584960937599 ], [ 17.1301383972168, 39.074584960937599 ], [ 17.1301383972168, 39.070972442627003 ], [ 17.130416870117202, 39.070972442627003 ], [ 17.130416870117202, 39.069862365722699 ], [ 17.130695343017599, 39.069862365722699 ], [ 17.130695343017599, 39.068748474121101 ], [ 17.1309719085694, 39.068748474121101 ], [ 17.1309719085694, 39.067916870117102 ], [ 17.131250381469801, 39.067916870117102 ], [ 17.131250381469801, 39.066806793212898 ], [ 17.131526947021499, 39.066806793212898 ], [ 17.131526947021499, 39.065692901611399 ], [ 17.1318054199219, 39.065692901611399 ], [ 17.1318054199219, 39.0648612976075 ], [ 17.132083892822301, 39.0648612976075 ], [ 17.132083892822301, 39.064304351806697 ], [ 17.132360458374102, 39.064304351806697 ], [ 17.132360458374102, 39.063751220703097 ], [ 17.132638931274499, 39.063751220703097 ], [ 17.132638931274499, 39.062915802002003 ], [ 17.132917404174901, 39.062915802002003 ], [ 17.132917404174901, 39.062362670898601 ], [ 17.133192062377901, 39.062362670898601 ], [ 17.133192062377901, 39.061527252197202 ], [ 17.133472442627099, 39.061527252197202 ], [ 17.133472442627099, 39.0609741210938 ], [ 17.1337509155275, 39.060970306396499 ], [ 17.1337509155275, 39.060417175292997 ], [ 17.134027481078999, 39.060417175292997 ], [ 17.134027481078999, 39.059581756591903 ], [ 17.134304046630898, 39.059581756591903 ], [ 17.134304046630898, 39.059028625488303 ], [ 17.1345825195312, 39.059028625488303 ], [ 17.1345825195312, 39.058471679687599 ], [ 17.134860992431602, 39.058471679687599 ], [ 17.134860992431602, 39.057918548583999 ], [ 17.135139465331999, 39.057914733886797 ], [ 17.135139465331999, 39.057640075683601 ], [ 17.135694503784201, 39.057640075683601 ], [ 17.135694503784201, 39.057361602783203 ], [ 17.135974884033299, 39.057361602783203 ], [ 17.135974884033299, 39.057083129882798 ], [ 17.1362495422363, 39.057083129882798 ], [ 17.1362495422363, 39.056804656982401 ], [ 17.136804580688501, 39.056804656982401 ], [ 17.136804580688501, 39.056526184082003 ], [ 17.137083053588899, 39.056526184082003 ], [ 17.137083053588899, 39.056251525878999 ], [ 17.1376361846925, 39.056251525878999 ], [ 17.1376361846925, 39.055973052978601 ], [ 17.13791847229, 39.055973052978601 ], [ 17.13791847229, 39.055694580078203 ], [ 17.138196945190401, 39.055694580078203 ], [ 17.138196945190401, 39.055416107177798 ], [ 17.1384716033937, 39.055416107177798 ], [ 17.1384716033937, 39.055137634277301 ], [ 17.138750076294102, 39.055137634277301 ], [ 17.138750076294102, 39.054862976074297 ], [ 17.1390285491944, 39.054862976074297 ], [ 17.1390285491944, 39.054306030273501 ], [ 17.1393051147462, 39.054306030273501 ], [ 17.1393051147462, 39.054027557373097 ], [ 17.139583587646602, 39.054027557373097 ], [ 17.139583587646602, 39.053749084472798 ], [ 17.139858245849599, 39.053749084472798 ], [ 17.139862060546999, 39.053470611572401 ], [ 17.140138626098601, 39.053470611572401 ], [ 17.140138626098601, 39.053195953369098 ], [ 17.140417098998999, 39.053195953369098 ], [ 17.140417098998999, 39.0529174804688 ], [ 17.140693664550799, 39.0529174804688 ], [ 17.140693664550799, 39.052639007568402 ], [ 17.1409721374512, 39.052639007568402 ], [ 17.1409721374512, 39.052360534667997 ], [ 17.141250610351602, 39.052360534667997 ], [ 17.141250610351602, 39.052082061767599 ], [ 17.141527175903299, 39.052082061767599 ], [ 17.141527175903299, 39.051528930664098 ], [ 17.1418056488037, 39.051528930664098 ], [ 17.1418056488037, 39.0512504577637 ], [ 17.142084121704102, 39.0512504577637 ], [ 17.142084121704102, 39.050971984863303 ], [ 17.142360687255898, 39.050971984863303 ], [ 17.142360687255898, 39.050693511962898 ], [ 17.1426391601562, 39.050693511962898 ], [ 17.1426391601562, 39.0504150390625 ], [ 17.143194198608501, 39.0504150390625 ], [ 17.143194198608501, 39.050140380859503 ], [ 17.144027709961001, 39.050140380859503 ], [ 17.144027709961001, 39.049861907959098 ], [ 17.1445827484132, 39.049861907959098 ], [ 17.1445827484132, 39.0495834350587 ], [ 17.145349502563501, 39.0495834350587 ], [ 17.1454162597657, 39.049518585205 ], [ 17.1454162597657, 39.048194885253999 ], [ 17.145694732666101, 39.048194885253999 ], [ 17.145694732666101, 39.047916412353601 ], [ 17.145971298217798, 39.047916412353601 ], [ 17.145971298217798, 39.047637939453203 ], [ 17.1462497711181, 39.047637939453203 ], [ 17.1462497711181, 39.047359466552798 ], [ 17.146528244018501, 39.047359466552798 ], [ 17.146528244018501, 39.047084808349602 ], [ 17.146804809570298, 39.047084808349602 ], [ 17.146804809570298, 39.046806335449197 ], [ 17.147361755371101, 39.046806335449197 ], [ 17.147361755371101, 39.0465278625488 ], [ 17.147638320922901, 39.0465278625488 ], [ 17.147638320922901, 39.046249389648501 ], [ 17.1479167938232, 39.046249389648501 ], [ 17.1479167938232, 39.045970916748097 ], [ 17.148193359375099, 39.045970916748097 ], [ 17.148193359375099, 39.045696258544901 ], [ 17.148471832275401, 39.045696258544901 ], [ 17.148471832275401, 39.045417785644503 ], [ 17.149026870727599, 39.045417785644503 ], [ 17.149026870727599, 39.045139312744098 ], [ 17.149585723876999, 39.045139312744098 ], [ 17.149585723876999, 39.0448608398438 ], [ 17.150138854980501, 39.0448608398438 ], [ 17.150138854980501, 39.044582366943402 ], [ 17.150693893432699, 39.044582366943402 ], [ 17.150693893432699, 39.044303894042997 ], [ 17.151250839233501, 39.044303894042997 ], [ 17.151250839233501, 39.04402923584 ], [ 17.151807785034201, 39.04402923584 ], [ 17.151807785034201, 39.043750762939602 ], [ 17.152082443237301, 39.043750762939602 ], [ 17.152082443237301, 39.043472290039198 ], [ 17.152639389038001, 39.043472290039198 ], [ 17.152639389038001, 39.0431938171388 ], [ 17.153194427490199, 39.0431938171388 ], [ 17.153194427490199, 39.042915344238402 ], [ 17.153749465942401, 39.042915344238402 ], [ 17.153749465942401, 39.042640686035199 ], [ 17.1543064117432, 39.042640686035199 ], [ 17.1543064117432, 39.042362213134801 ], [ 17.154861450195401, 39.042362213134801 ], [ 17.154861450195401, 39.042083740234403 ], [ 17.1554164886475, 39.042083740234403 ], [ 17.1554164886475, 39.041805267333999 ], [ 17.155971527099702, 39.041805267333999 ], [ 17.155971527099702, 39.0415267944337 ], [ 17.156528472900401, 39.0415267944337 ], [ 17.156528472900401, 39.041248321533303 ], [ 17.157083511352599, 39.041248321533303 ], [ 17.157083511352599, 39.040973663330099 ], [ 17.157638549804599, 39.040973663330099 ], [ 17.157638549804599, 39.040695190429702 ], [ 17.158472061157202, 39.040695190429702 ], [ 17.158472061157202, 39.040416717529297 ], [ 17.1590270996094, 39.040416717529297 ], [ 17.1590270996094, 39.040138244628899 ], [ 17.159582138061602, 39.040138244628899 ], [ 17.159582138061602, 39.039859771728601 ], [ 17.160139083862301, 39.039859771728601 ], [ 17.160139083862301, 39.039585113525497 ], [ 17.160692214965898, 39.039585113525497 ], [ 17.160692214965898, 39.039306640624901 ], [ 17.161249160766701, 39.039306640624901 ], [ 17.161249160766701, 39.039028167724602 ], [ 17.161804199218899, 39.039028167724602 ], [ 17.161804199218899, 39.038749694824197 ], [ 17.16263961792, 39.038749694824197 ], [ 17.16263961792, 39.0384712219238 ], [ 17.163196563720799, 39.0384712219238 ], [ 17.163196563720799, 39.038192749023402 ], [ 17.163749694824201, 39.038192749023402 ], [ 17.163749694824201, 39.037918090820398 ], [ 17.164304733276399, 39.037918090820398 ], [ 17.164304733276399, 39.03763961792 ], [ 17.164861679077099, 39.03763961792 ], [ 17.164861679077099, 39.037361145019602 ], [ 17.165418624877901, 39.037361145019602 ], [ 17.165418624877901, 39.037082672119297 ], [ 17.165971755981499, 39.037082672119297 ], [ 17.165971755981499, 39.036804199218899 ], [ 17.166805267333999, 39.036804199218899 ], [ 17.166805267333999, 39.036529541015703 ], [ 17.1673603057862, 39.036529541015703 ], [ 17.1673603057862, 39.036251068115298 ], [ 17.167640686035199, 39.036251068115298 ], [ 17.167640686035199, 39.035972595214901 ], [ 17.167917251586999, 39.035972595214901 ], [ 17.167917251586999, 39.035694122314503 ], [ 17.168472290039201, 39.035694122314503 ], [ 17.168472290039201, 39.035415649414098 ], [ 17.169305801391701, 39.035415649414098 ], [ 17.169305801391701, 39.0351371765137 ], [ 17.1698608398437, 39.0351371765137 ], [ 17.1698608398437, 39.034862518310497 ], [ 17.1706943511963, 39.034862518310497 ], [ 17.1706943511963, 39.034584045410199 ], [ 17.170972824096701, 39.034584045410199 ], [ 17.170972824096701, 39.034305572509801 ], [ 17.172082901001001, 39.034305572509801 ], [ 17.172082901001001, 39.034027099609403 ], [ 17.172361373901399, 39.034027099609403 ], [ 17.172361373901399, 39.033748626708999 ], [ 17.172916412353601, 39.033748626708999 ], [ 17.172916412353601, 39.033473968506001 ], [ 17.174861907959102, 39.033473968506001 ], [ 17.174861907959102, 39.033195495605597 ], [ 17.175693511962901, 39.033195495605597 ], [ 17.175693511962901, 39.032917022705 ], [ 17.175971984863299, 39.032917022705 ], [ 17.175971984863299, 39.032638549804602 ], [ 17.1765251159669, 39.032638549804602 ], [ 17.1765251159669, 39.032360076904297 ], [ 17.177637100219801, 39.032360076904297 ], [ 17.177637100219801, 39.032081604003899 ], [ 17.179582595825298, 39.032081604003899 ], [ 17.179582595825298, 39.031806945800803 ], [ 17.180139541626101, 39.031806945800803 ], [ 17.180139541626101, 39.031528472900497 ], [ 17.1806945800782, 39.031528472900497 ], [ 17.1806945800782, 39.03125 ], [ 17.184425354003999, 39.03125 ], [ 17.184583663940501, 39.03125 ], [ 17.184583663940501, 39.030971527099702 ], [ 17.185462951660298, 39.030971527099702 ], [ 17.190139770507901, 39.030971527099702 ], [ 17.190139770507901, 39.030693054199297 ], [ 17.190696716308601, 39.030693054199297 ], [ 17.190696716308601, 39.0304183959962 ], [ 17.1909713745118, 39.0304183959962 ], [ 17.1909713745118, 39.030139923095803 ], [ 17.191526412963999, 39.030139923095803 ], [ 17.191526412963999, 39.029861450195398 ], [ 17.191806793212901, 39.029861450195398 ], [ 17.191806793212901, 39.029582977295 ], [ 17.192361831665199, 39.029582977295 ], [ 17.192361831665199, 39.029304504394602 ], [ 17.1926364898682, 39.029304504394602 ], [ 17.1926364898682, 39.029048919677798 ], [ 17.192724227905298, 39.029026031494197 ], [ 17.193195343017699, 39.029026031494197 ], [ 17.193195343017699, 39.028900146484403 ], [ 17.193195343017699, 39.028751373291001 ], [ 17.1934719085693, 39.028751373291001 ], [ 17.1934719085693, 39.028472900390597 ], [ 17.1943054199219, 39.028472900390597 ], [ 17.1943054199219, 39.028194427490199 ], [ 17.194860458374102, 39.028194427490199 ], [ 17.194860458374102, 39.027915954589801 ], [ 17.195693969726602, 39.027915954589801 ], [ 17.195693969726602, 39.027637481689503 ], [ 17.196805953979499, 39.027637481689503 ], [ 17.196805953979499, 39.027362823486399 ], [ 17.197916030883899, 39.027362823486399 ], [ 17.197916030883899, 39.027084350586101 ], [ 17.199304580688501, 39.027084350586101 ], [ 17.199306488037099, 39.026805877685703 ], [ 17.200971603393601, 39.026805877685703 ], [ 17.200971603393601, 39.027084350586101 ], [ 17.201250076293999, 39.027084350586101 ], [ 17.201250076293999, 39.027362823486399 ], [ 17.2015285491943, 39.027362823486399 ], [ 17.2015285491943, 39.027637481689503 ], [ 17.201803207397599, 39.027637481689503 ], [ 17.201803207397599, 39.027824401855597 ], [ 17.201803207397599, 39.028194427490199 ], [ 17.202083587646499, 39.028194427490199 ], [ 17.202083587646499, 39.028472900390597 ], [ 17.2023620605469, 39.028472900390597 ], [ 17.2023620605469, 39.028751373291001 ], [ 17.2026386260987, 39.028751373291001 ], [ 17.2026386260987, 39.029026031494197 ], [ 17.202915191650501, 39.029026031494197 ], [ 17.202915191650501, 39.029304504394602 ], [ 17.2034721374513, 39.029304504394602 ], [ 17.2034721374513, 39.029582977295 ], [ 17.2042045593262, 39.029582977295 ], [ 17.204307556152401, 39.029582977295 ], [ 17.204307556152401, 39.029659271240298 ], [ 17.204307556152401, 39.029861450195398 ], [ 17.204582214355501, 39.029861450195398 ], [ 17.205694198608398, 39.029861450195398 ], [ 17.205694198608398, 39.029304504394602 ], [ 17.2059726715088, 39.029304504394602 ], [ 17.2059726715088, 39.029026031494197 ], [ 17.206247329711999, 39.029026031494197 ], [ 17.206247329711999, 39.028751373291001 ], [ 17.206529617309599, 39.028751373291001 ], [ 17.206529617309599, 39.025417327880902 ], [ 17.206247329711999, 39.025417327880902 ], [ 17.206247329711999, 39.024860382080199 ], [ 17.2059726715088, 39.024860382080199 ], [ 17.2059726715088, 39.024581909179801 ], [ 17.205694198608398, 39.024581909179801 ], [ 17.205694198608398, 39.0240287780762 ], [ 17.205417633056602, 39.0240287780762 ], [ 17.205417633056602, 39.023471832275398 ], [ 17.205137252807599, 39.023471832275398 ], [ 17.205137252807599, 39.022914886474702 ], [ 17.204860687255898, 39.022914886474702 ], [ 17.204860687255898, 39.022361755371101 ], [ 17.204584121704201, 39.022361755371101 ], [ 17.204584121704201, 39.021804809570298 ], [ 17.2034721374513, 39.021804809570298 ], [ 17.2034721374513, 39.021526336669901 ], [ 17.2026386260987, 39.021526336669901 ], [ 17.2026386260987, 39.021362304687599 ], [ 17.2026386260987, 39.021251678466903 ], [ 17.202083587646499, 39.021251678466903 ], [ 17.202083587646499, 39.020973205566499 ], [ 17.200971603393601, 39.020973205566499 ], [ 17.200971603393601, 39.021251678466903 ], [ 17.2006931304932, 39.021251678466903 ], [ 17.2006931304932, 39.021526336669901 ], [ 17.200138092041001, 39.021526336669901 ], [ 17.200138092041001, 39.021251678466903 ], [ 17.197916030883899, 39.021251678466903 ], [ 17.197916030883899, 39.020973205566499 ], [ 17.196805953979499, 39.020973205566499 ], [ 17.196805953979499, 39.021251678466903 ], [ 17.195972442626999, 39.021251678466903 ], [ 17.195972442626999, 39.021526336669901 ], [ 17.194860458374102, 39.021526336669901 ], [ 17.194860458374102, 39.021804809570298 ], [ 17.192083358764801, 39.021804809570298 ], [ 17.192083358764801, 39.021526336669901 ], [ 17.191526412963999, 39.021526336669901 ], [ 17.191526412963999, 39.021251678466903 ], [ 17.190696716308601, 39.021251678466903 ], [ 17.190696716308601, 39.020973205566499 ], [ 17.190139770507901, 39.020973205566499 ], [ 17.190139770507901, 39.020694732666101 ], [ 17.189304351806701, 39.020694732666101 ], [ 17.189304351806701, 39.020416259765703 ], [ 17.189027786254901, 39.020416259765703 ], [ 17.189027786254901, 39.020137786865199 ], [ 17.188749313354499, 39.020137786865199 ], [ 17.188749313354499, 39.019027709961001 ], [ 17.188472747802699, 39.019027709961001 ], [ 17.188472747802699, 39.017917633056598 ], [ 17.188749313354499, 39.017917633056598 ], [ 17.188749313354499, 39.017360687255902 ], [ 17.189027786254901, 39.017360687255902 ], [ 17.189027786254901, 39.016529083252003 ], [ 17.188749313354499, 39.016529083252003 ], [ 17.188749313354499, 39.016250610351598 ], [ 17.188194274902301, 39.016250610351598 ], [ 17.188194274902301, 39.016529083252003 ], [ 17.187639236450099, 39.016529083252003 ], [ 17.187639236450099, 39.016803741455099 ], [ 17.187360763549801, 39.016803741455099 ], [ 17.187360763549801, 39.017082214355497 ], [ 17.185972213745199, 39.017082214355497 ], [ 17.185972213745199, 39.016803741455099 ], [ 17.185138702392599, 39.016803741455099 ], [ 17.185138702392599, 39.016529083252003 ], [ 17.184305191040099, 39.016529083252003 ], [ 17.184305191040099, 39.016250610351598 ], [ 17.184028625488299, 39.016250610351598 ], [ 17.184028625488299, 39.0159721374512 ], [ 17.183471679687599, 39.0159721374512 ], [ 17.183471679687599, 39.015693664550803 ], [ 17.1828708648681, 39.015693664550803 ], [ 17.182638168335, 39.015693664550803 ], [ 17.182638168335, 39.015495300292997 ], [ 17.182638168335, 39.015415191650398 ], [ 17.182542800903299, 39.015415191650398 ], [ 17.1823616027832, 39.015415191650398 ], [ 17.1823616027832, 39.015262603759801 ], [ 17.1823616027832, 39.015140533447401 ], [ 17.1822185516357, 39.015140533447401 ], [ 17.182083129882798, 39.015140533447401 ], [ 17.182083129882798, 39.015026092529297 ], [ 17.182083129882798, 39.014862060547003 ], [ 17.181890487671001, 39.014862060547003 ], [ 17.181804656982401, 39.014862060547003 ], [ 17.181804656982401, 39.014789581298899 ], [ 17.181804656982401, 39.014583587646598 ], [ 17.1815280914306, 39.014583587646598 ], [ 17.1815280914306, 39.0143051147462 ], [ 17.181249618530199, 39.0143051147462 ], [ 17.181249618530199, 39.014026641845803 ], [ 17.180973052978601, 39.014026641845803 ], [ 17.180973052978601, 39.013748168945298 ], [ 17.1806945800782, 39.013748168945298 ], [ 17.1806945800782, 39.012359619140703 ], [ 17.180416107177798, 39.012359619140703 ], [ 17.180416107177798, 39.011249542236399 ], [ 17.180139541626101, 39.011249542236399 ], [ 17.180139541626101, 39.010971069336001 ], [ 17.1798610687257, 39.010971069336001 ], [ 17.1798610687257, 39.010692596435597 ], [ 17.179029464721701, 39.010692596435597 ], [ 17.179029464721701, 39.010417938232401 ], [ 17.178472518921001, 39.010417938232401 ], [ 17.178472518921001, 39.010139465332003 ], [ 17.177915573120199, 39.010139465332003 ], [ 17.177915573120199, 39.009860992431598 ], [ 17.177360534668001, 39.009860992431598 ], [ 17.177360534668001, 39.0095825195312 ], [ 17.177085876464801, 39.0095825195312 ], [ 17.177085876464801, 39.009304046630902 ], [ 17.1765251159669, 39.009304046630902 ], [ 17.1765251159669, 39.009029388427798 ], [ 17.175971984863299, 39.009029388427798 ], [ 17.175971984863299, 39.0087509155275 ], [ 17.175544738769599, 39.0087509155275 ], [ 17.175416946411101, 39.0087509155275 ], [ 17.175416946411101, 39.008625030517599 ], [ 17.175416946411101, 39.008472442627102 ], [ 17.175258636474702, 39.008472442627102 ], [ 17.1751384735107, 39.008472442627102 ], [ 17.1751384735107, 39.008354187011797 ], [ 17.1751384735107, 39.008193969726698 ], [ 17.174974441528398, 39.008193969726698 ], [ 17.1745834350587, 39.008193969726698 ], [ 17.1745834350587, 39.0079154968263 ], [ 17.174028396606499, 39.0079154968263 ], [ 17.174028396606499, 39.007637023925902 ], [ 17.1737499237062, 39.007637023925902 ], [ 17.1737499237062, 39.007083892822301 ], [ 17.173471450805799, 39.007083892822301 ], [ 17.173471450805799, 39.006805419921903 ], [ 17.173194885253999, 39.006805419921903 ], [ 17.173194885253999, 39.006359100341903 ], [ 17.173194885253999, 39.0062484741212 ], [ 17.1730861663818, 39.0062484741212 ], [ 17.172916412353601, 39.0062484741212 ], [ 17.172916412353601, 39.0060653686525 ], [ 17.172916412353601, 39.005973815917997 ], [ 17.172828674316499, 39.005973815917997 ], [ 17.1726379394532, 39.005973815917997 ], [ 17.1726379394532, 39.005771636962898 ], [ 17.1726379394532, 39.005695343017599 ], [ 17.172563552856399, 39.005695343017599 ], [ 17.172361373901399, 39.005695343017599 ], [ 17.172361373901399, 39.005481719970703 ], [ 17.172300338745099, 39.005416870117202 ], [ 17.172082901001001, 39.005416870117202 ], [ 17.172082901001001, 39.005184173583999 ], [ 17.172082901001001, 39.004859924316499 ], [ 17.171806335449201, 39.004859924316499 ], [ 17.171806335449201, 39.004585266113402 ], [ 17.171594619751101, 39.004581451416101 ], [ 17.1715278625488, 39.004493713378999 ], [ 17.1715278625488, 39.004306793212798 ], [ 17.171392440795898, 39.004306793212798 ], [ 17.171249389648398, 39.004306793212798 ], [ 17.171249389648398, 39.004108428955199 ], [ 17.171249389648398, 39.003749847412102 ], [ 17.170972824096701, 39.003749847412102 ], [ 17.170972824096701, 39.0031929016113 ], [ 17.1706943511963, 39.0031929016113 ], [ 17.1706943511963, 39.002639770507898 ], [ 17.170415878295898, 39.002639770507898 ], [ 17.170415878295898, 39.000972747802798 ], [ 17.170139312744102, 39.000972747802798 ], [ 17.170139312744102, 39.000137329101598 ], [ 17.170139312744102, 38.999862670898402 ], [ 17.170139312744102, 38.999584197997997 ], [ 17.1698608398437, 38.999584197997997 ], [ 17.1698608398437, 38.999305725097699 ], [ 17.169305801391701, 38.999305725097699 ], [ 17.169305801391701, 38.999027252197301 ], [ 17.1690273284912, 38.999027252197301 ], [ 17.1690273284912, 38.998748779296903 ], [ 17.168750762939599, 38.998748779296903 ], [ 17.168750762939599, 38.998474121093899 ], [ 17.168472290039201, 38.998474121093899 ], [ 17.168472290039201, 38.998195648193501 ], [ 17.1681938171388, 38.998195648193501 ], [ 17.1681938171388, 38.997917175292898 ], [ 17.167917251586999, 38.997917175292898 ], [ 17.167917251586999, 38.9976387023925 ], [ 17.167640686035199, 38.9976387023925 ], [ 17.167640686035199, 38.997360229492202 ], [ 17.1670837402344, 38.997360229492202 ], [ 17.1670837402344, 38.997081756591797 ], [ 17.166805267333999, 38.997081756591797 ], [ 17.166805267333999, 38.9968070983887 ], [ 17.166528701782202, 38.9968070983887 ], [ 17.166528701782202, 38.996528625488402 ], [ 17.1662502288819, 38.996528625488402 ], [ 17.1662502288819, 38.996250152587997 ], [ 17.165971755981499, 38.996250152587997 ], [ 17.165971755981499, 38.995971679687599 ], [ 17.165695190429702, 38.995971679687599 ], [ 17.165695190429702, 38.995418548583999 ], [ 17.165418624877901, 38.995418548583999 ], [ 17.165418624877901, 38.9951400756837 ], [ 17.164564132690501, 38.9951400756837 ], [ 17.164304733276399, 38.9951400756837 ], [ 17.164304733276399, 38.9943656921388 ], [ 17.164304733276399, 38.992916107177699 ], [ 17.164026260376001, 38.992916107177699 ], [ 17.164026260376001, 38.991806030273601 ], [ 17.163749694824201, 38.991806030273601 ], [ 17.163749694824201, 38.990695953369197 ], [ 17.163473129272599, 38.990695953369197 ], [ 17.163473129272599, 38.989582061767699 ], [ 17.163196563720799, 38.989582061767699 ], [ 17.163196563720799, 38.988471984863303 ], [ 17.162914276123001, 38.988471984863303 ], [ 17.162914276123001, 38.986804962158203 ], [ 17.16263961792, 38.986804962158203 ], [ 17.16263961792, 38.986251831054801 ], [ 17.162914276123001, 38.986251831054801 ], [ 17.162914276123001, 38.985137939453097 ], [ 17.16263961792, 38.985137939453097 ], [ 17.16263961792, 38.984859466552699 ], [ 17.1620826721193, 38.984859466552699 ], [ 17.1620826721193, 38.984584808349702 ], [ 17.161804199218899, 38.984584808349702 ], [ 17.161804199218899, 38.984306335449297 ], [ 17.161249160766701, 38.984306335449297 ], [ 17.161249160766701, 38.984027862548899 ], [ 17.160972595214901, 38.984027862548899 ], [ 17.160972595214901, 38.983749389648601 ], [ 17.160802841186602, 38.983749389648601 ], [ 17.160417556762699, 38.983749389648601 ], [ 17.160417556762699, 38.983196258544901 ], [ 17.160619735717901, 38.983196258544901 ], [ 17.160692214965898, 38.983196258544901 ], [ 17.160692214965898, 38.9823608398438 ], [ 17.160417556762699, 38.9823608398438 ], [ 17.160417556762699, 38.981529235839801 ], [ 17.160139083862301, 38.981529235839801 ], [ 17.160139083862301, 38.981250762939403 ], [ 17.159860610961999, 38.981250762939403 ], [ 17.159860610961999, 38.979305267334098 ], [ 17.160139083862301, 38.979305267334098 ], [ 17.160139083862301, 38.978748321533097 ], [ 17.160415649414102, 38.978748321533097 ], [ 17.160417556762699, 38.978473663330099 ], [ 17.160972595214901, 38.978473663330099 ], [ 17.160972595214901, 38.978195190429702 ], [ 17.161804199218899, 38.978195190429702 ], [ 17.161804199218899, 38.976806640625 ], [ 17.161527633666999, 38.976806640625 ], [ 17.161527633666999, 38.976249694824297 ], [ 17.161249160766701, 38.976249694824297 ], [ 17.161249160766701, 38.975692749023501 ], [ 17.160972595214901, 38.975692749023501 ], [ 17.160972595214901, 38.974582672119098 ], [ 17.160842895507901, 38.974582672119098 ], [ 17.160692214965898, 38.974582672119098 ], [ 17.160692214965898, 38.973472595215 ], [ 17.160957336425799, 38.973472595215 ], [ 17.160972595214901, 38.9733085632325 ], [ 17.160972595214901, 38.972915649414198 ], [ 17.161249160766701, 38.972915649414198 ], [ 17.161249160766701, 38.972084045410199 ], [ 17.161527633666999, 38.972084045410199 ], [ 17.161527633666999, 38.971805572509801 ], [ 17.161249160766701, 38.971805572509801 ], [ 17.161249160766701, 38.971527099609403 ], [ 17.1611557006837, 38.971527099609403 ], [ 17.160972595214901, 38.971527099609403 ], [ 17.160972595214901, 38.970973968505902 ], [ 17.160692214965898, 38.970973968505902 ], [ 17.160692214965898, 38.970695495605497 ], [ 17.160417556762699, 38.970695495605497 ], [ 17.160417556762699, 38.969860076904403 ], [ 17.160692214965898, 38.969860076904403 ], [ 17.160692214965898, 38.969581604003999 ], [ 17.160972595214901, 38.969581604003999 ], [ 17.160972595214901, 38.969306945800703 ], [ 17.161249160766701, 38.969306945800703 ], [ 17.161249160766701, 38.967639923095803 ], [ 17.161804199218899, 38.967639923095803 ], [ 17.161804199218899, 38.966526031494297 ], [ 17.1620826721193, 38.966526031494297 ], [ 17.1620826721193, 38.965694427490298 ], [ 17.16263961792, 38.965694427490298 ], [ 17.16263961792, 38.965415954589901 ], [ 17.163473129272599, 38.965415954589901 ], [ 17.163473129272599, 38.965137481689503 ], [ 17.164026260376001, 38.965137481689503 ], [ 17.164026260376001, 38.9648628234863 ], [ 17.164861679077099, 38.9648628234863 ], [ 17.164861679077099, 38.964584350585902 ], [ 17.165971755981499, 38.964584350585902 ], [ 17.165971755981499, 38.964305877685497 ], [ 17.1670837402344, 38.964305877685497 ], [ 17.1670837402344, 38.964027404785199 ], [ 17.1673603057862, 38.964027404785199 ], [ 17.1673603057862, 38.963748931884801 ], [ 17.167917251586999, 38.963748931884801 ], [ 17.167917251586999, 38.963195800781399 ], [ 17.1681938171388, 38.963195800781399 ], [ 17.1681938171388, 38.962638854980398 ], [ 17.168472290039201, 38.962638854980398 ], [ 17.168472290039201, 38.962081909179702 ], [ 17.168750762939599, 38.962081909179702 ], [ 17.168750762939599, 38.9615287780763 ], [ 17.1690273284912, 38.9615287780763 ], [ 17.1690273284912, 38.960414886474702 ], [ 17.169305801391701, 38.960414886474702 ], [ 17.169305801391701, 38.959861755371101 ], [ 17.169582366943398, 38.959861755371101 ], [ 17.169584274292099, 38.958751678466797 ], [ 17.170139312744102, 38.958751678466797 ], [ 17.170139312744102, 38.958473205566399 ], [ 17.170415878295898, 38.958473205566399 ], [ 17.170415878295898, 38.958194732666001 ], [ 17.1707687377931, 38.958194732666001 ], [ 17.170972824096701, 38.958194732666001 ], [ 17.170972824096701, 38.957916259765597 ], [ 17.1715278625488, 38.957916259765597 ], [ 17.1715278625488, 38.957637786865199 ], [ 17.171806335449201, 38.957637786865199 ], [ 17.171806335449201, 38.957359313964801 ], [ 17.172082901001001, 38.957359313964801 ], [ 17.172082901001001, 38.956249237060497 ], [ 17.170038223266701, 38.956249237060497 ], [ 17.1698608398437, 38.956249237060497 ], [ 17.1698608398437, 38.955970764160199 ], [ 17.169584274292099, 38.955970764160199 ], [ 17.169582366943398, 38.955696105957102 ], [ 17.169305801391701, 38.955696105957102 ], [ 17.169305801391701, 38.955417633056697 ], [ 17.1690273284912, 38.955417633056697 ], [ 17.1690273284912, 38.955139160156399 ], [ 17.169305801391701, 38.955139160156399 ], [ 17.169305801391701, 38.954929351806598 ], [ 17.169582366943398, 38.954860687256001 ], [ 17.169584274292099, 38.954582214355597 ], [ 17.1698608398437, 38.954582214355597 ], [ 17.1698608398437, 38.9534721374512 ], [ 17.169584274292099, 38.9534721374512 ], [ 17.169582366943398, 38.952640533447301 ], [ 17.1681938171388, 38.952640533447301 ], [ 17.1681938171388, 38.952915191650398 ], [ 17.167917251586999, 38.952915191650398 ], [ 17.167917251586999, 38.953193664550803 ], [ 17.1673603057862, 38.953193664550803 ], [ 17.1673603057862, 38.9534721374512 ], [ 17.1670837402344, 38.9534721374512 ], [ 17.1670837402344, 38.953750610351598 ], [ 17.1662502288819, 38.953750610351598 ], [ 17.1662502288819, 38.9534721374512 ], [ 17.165695190429702, 38.9534721374512 ], [ 17.165695190429702, 38.952915191650398 ], [ 17.165971755981499, 38.952915191650398 ], [ 17.165971755981499, 38.952560424804702 ], [ 17.165971755981499, 38.952362060546903 ], [ 17.1662502288819, 38.952362060546903 ], [ 17.1662502288819, 38.951805114746101 ], [ 17.165695190429702, 38.951805114746101 ], [ 17.165695190429702, 38.951526641845703 ], [ 17.164861679077099, 38.951526641845703 ], [ 17.164861679077099, 38.951248168945298 ], [ 17.164304733276399, 38.951248168945298 ], [ 17.164304733276399, 38.950973510742301 ], [ 17.163749694824201, 38.950973510742301 ], [ 17.163749694824201, 38.950695037841903 ], [ 17.162914276123001, 38.950695037841903 ], [ 17.162914276123001, 38.950416564941499 ], [ 17.161380767822301, 38.950416564941499 ], [ 17.160972595214901, 38.950416564941499 ], [ 17.160972595214901, 38.950695037841903 ], [ 17.160692214965898, 38.950695037841903 ], [ 17.160692214965898, 38.951248168945298 ], [ 17.160139083862301, 38.951248168945298 ], [ 17.160139083862301, 38.950973510742301 ], [ 17.159860610961999, 38.950973510742301 ], [ 17.159860610961999, 38.950695037841903 ], [ 17.159305572509801, 38.950695037841903 ], [ 17.159305572509801, 38.949573516845597 ], [ 17.159305572509801, 38.949028015136797 ], [ 17.1590270996094, 38.949028015136797 ], [ 17.1590270996094, 38.947360992431697 ], [ 17.155971527099702, 38.947360992431697 ], [ 17.155971527099702, 38.9470825195313 ], [ 17.154582977295, 38.9470825195313 ], [ 17.154582977295, 38.946804046630902 ], [ 17.1543064117432, 38.946804046630902 ], [ 17.1543064117432, 38.946529388427699 ], [ 17.153749465942401, 38.946529388427699 ], [ 17.153749465942401, 38.946250915527301 ], [ 17.1534729003906, 38.946250915527301 ], [ 17.1534729003906, 38.945972442627003 ], [ 17.152360916137699, 38.945972442627003 ], [ 17.152360916137699, 38.945693969726598 ], [ 17.152082443237301, 38.945693969726598 ], [ 17.152082443237301, 38.9454154968262 ], [ 17.151525497436499, 38.9454154968262 ], [ 17.151525497436499, 38.945137023925803 ], [ 17.1509723663331, 38.945137023925803 ], [ 17.1509723663331, 38.944862365722798 ], [ 17.150138854980501, 38.944862365722798 ], [ 17.150138854980501, 38.944583892822401 ], [ 17.149860382080199, 38.944583892822401 ], [ 17.149860382080199, 38.944305419922003 ], [ 17.149585723876999, 38.944305419922003 ], [ 17.149585723876999, 38.944026947021598 ], [ 17.149026870727599, 38.944026947021598 ], [ 17.149026870727599, 38.943748474121001 ], [ 17.148584365844702, 38.943748474121001 ], [ 17.148471832275401, 38.943748474121001 ], [ 17.148471832275401, 38.943565368652301 ], [ 17.148471832275401, 38.943473815917997 ], [ 17.148193359375099, 38.943473815917997 ], [ 17.148193359375099, 38.942146301269602 ], [ 17.148193359375099, 38.941806793212898 ], [ 17.1479167938232, 38.941806793212898 ], [ 17.1479167938232, 38.941696166992202 ], [ 17.1479167938232, 38.941249847412202 ], [ 17.147638320922901, 38.941249847412202 ], [ 17.147638320922901, 38.940971374511797 ], [ 17.147361755371101, 38.940971374511797 ], [ 17.147361755371101, 38.940418243408097 ], [ 17.1470832824707, 38.940418243408097 ], [ 17.1470832824707, 38.940139770507798 ], [ 17.1462497711181, 38.940139770507798 ], [ 17.1462497711181, 38.939861297607401 ], [ 17.1454162597657, 38.939861297607401 ], [ 17.1454162597657, 38.939582824707003 ], [ 17.1445827484132, 38.939582824707003 ], [ 17.1445827484132, 38.939304351806598 ], [ 17.1437492370606, 38.939304351806598 ], [ 17.1437492370606, 38.938751220703203 ], [ 17.1434726715088, 38.938751220703203 ], [ 17.1434726715088, 38.9381942749025 ], [ 17.143194198608501, 38.9381942749025 ], [ 17.143194198608501, 38.937915802002102 ], [ 17.142259597778299, 38.937915802002102 ], [ 17.1418056488037, 38.937915802002102 ], [ 17.1418056488037, 38.937637329101698 ], [ 17.141527175903299, 38.937637329101698 ], [ 17.141527175903299, 38.937362670898501 ], [ 17.1409721374512, 38.937362670898501 ], [ 17.1409721374512, 38.937084197998097 ], [ 17.140693664550799, 38.937084197998097 ], [ 17.140693664550799, 38.936805725097699 ], [ 17.140417098998999, 38.936805725097699 ], [ 17.140417098998999, 38.936248779296903 ], [ 17.140138626098601, 38.936248779296903 ], [ 17.140138626098601, 38.935783386230497 ], [ 17.140138626098601, 38.935695648193402 ], [ 17.1400451660157, 38.935695648193402 ], [ 17.139862060546999, 38.935695648193402 ], [ 17.1398601531982, 38.935516357422003 ], [ 17.139858245849599, 38.934581756591903 ], [ 17.139583587646602, 38.934581756591903 ], [ 17.139583587646602, 38.934307098388601 ], [ 17.1393051147462, 38.934307098388601 ], [ 17.1393051147462, 38.933750152587898 ], [ 17.1384716033937, 38.933750152587898 ], [ 17.1384716033937, 38.9334716796875 ], [ 17.13791847229, 38.9334716796875 ], [ 17.13791847229, 38.933193206787102 ], [ 17.1376361846925, 38.933193206787102 ], [ 17.1376361846925, 38.932918548584098 ], [ 17.1373615264893, 38.932918548584098 ], [ 17.1373615264893, 38.9326400756837 ], [ 17.137083053588899, 38.9326400756837 ], [ 17.137083053588899, 38.932361602783303 ], [ 17.136804580688501, 38.932361602783303 ], [ 17.136804580688501, 38.932083129882898 ], [ 17.1365261077881, 38.932083129882898 ], [ 17.1365261077881, 38.9318046569825 ], [ 17.1362495422363, 38.9318046569825 ], [ 17.1362495422363, 38.931526184082102 ], [ 17.135974884033299, 38.931526184082102 ], [ 17.135974884033299, 38.931251525878999 ], [ 17.135694503784201, 38.931251525878999 ], [ 17.135694503784201, 38.930973052978601 ], [ 17.135414123535199, 38.930973052978601 ], [ 17.135414123535199, 38.930694580078203 ], [ 17.135139465331999, 38.930694580078203 ], [ 17.135139465331999, 38.930416107177798 ], [ 17.134860992431602, 38.930416107177798 ], [ 17.134860992431602, 38.930137634277401 ], [ 17.134304046630898, 38.930137634277401 ], [ 17.134304046630898, 38.929862976074197 ], [ 17.134027481078999, 38.929862976074197 ], [ 17.134027481078999, 38.9295845031738 ], [ 17.1337509155275, 38.9295845031738 ], [ 17.1337509155275, 38.929306030273402 ], [ 17.133472442627099, 38.929306030273402 ], [ 17.133472442627099, 38.929027557372997 ], [ 17.133192062377901, 38.929027557372997 ], [ 17.133192062377901, 38.928749084472599 ], [ 17.132917404174901, 38.928749084472599 ], [ 17.132917404174901, 38.928470611572301 ], [ 17.132638931274499, 38.928470611572301 ], [ 17.132638931274499, 38.928195953369297 ], [ 17.132360458374102, 38.928195953369297 ], [ 17.132360458374102, 38.9279174804687 ], [ 17.132083892822301, 38.9279174804687 ], [ 17.132083892822301, 38.927639007568303 ], [ 17.1318054199219, 38.927639007568303 ], [ 17.1318054199219, 38.927360534667997 ], [ 17.131526947021499, 38.927360534667997 ], [ 17.131526947021499, 38.927082061767599 ], [ 17.131250381469801, 38.927082061767599 ], [ 17.131250381469801, 38.926528930664198 ], [ 17.1309719085694, 38.926528930664198 ], [ 17.1309719085694, 38.9262504577638 ], [ 17.130695343017599, 38.9262504577638 ], [ 17.130695343017599, 38.925971984863402 ], [ 17.130416870117202, 38.925971984863402 ], [ 17.130416870117202, 38.925693511962997 ], [ 17.1301383972168, 38.925693511962997 ], [ 17.1301383972168, 38.925415039062599 ], [ 17.129861831665, 38.925415039062599 ], [ 17.129861831665, 38.925140380859403 ], [ 17.129583358764599, 38.925140380859403 ], [ 17.129583358764599, 38.924861907958999 ], [ 17.1293048858643, 38.924861907958999 ], [ 17.1293048858643, 38.9245834350587 ], [ 17.129028320312401, 38.9245834350587 ], [ 17.129028320312401, 38.924304962158303 ], [ 17.128471374511701, 38.924304962158303 ], [ 17.128471374511701, 38.924026489257898 ], [ 17.128194808960099, 38.924026489257898 ], [ 17.128194808960099, 38.923751831054702 ], [ 17.127639770507901, 38.923751831054702 ], [ 17.127639770507901, 38.923473358154297 ], [ 17.126247406006001, 38.923473358154297 ], [ 17.126247406006001, 38.923194885253899 ], [ 17.125972747802798, 38.923194885253899 ], [ 17.125972747802798, 38.922916412353501 ], [ 17.1254177093506, 38.922916412353501 ], [ 17.1254177093506, 38.922637939453097 ], [ 17.125139236450199, 38.922637939453097 ], [ 17.125139236450199, 38.922359466552699 ], [ 17.124860763549901, 38.922359466552699 ], [ 17.124860763549901, 38.922084808349702 ], [ 17.124584197998001, 38.922084808349702 ], [ 17.124584197998001, 38.921806335449297 ], [ 17.1240253448487, 38.921806335449297 ], [ 17.1240253448487, 38.9215278625488 ], [ 17.123750686645501, 38.9215278625488 ], [ 17.123750686645501, 38.921249389648402 ], [ 17.123472213745099, 38.921249389648402 ], [ 17.123472213745099, 38.920970916747997 ], [ 17.123193740844702, 38.920970916747997 ], [ 17.123193740844702, 38.920696258545 ], [ 17.1226387023925, 38.920696258545 ], [ 17.1226387023925, 38.920417785644602 ], [ 17.122360229492099, 38.920417785644602 ], [ 17.122360229492099, 38.920139312744297 ], [ 17.122083663940501, 38.920139312744297 ], [ 17.122083663940501, 38.919860839843899 ], [ 17.121803283691399, 38.919860839843899 ], [ 17.121803283691399, 38.919582366943501 ], [ 17.121250152588001, 38.919582366943501 ], [ 17.121250152588001, 38.919029235839901 ], [ 17.120971679687599, 38.919029235839901 ], [ 17.120971679687599, 38.918750762939503 ], [ 17.120416641235401, 38.918750762939503 ], [ 17.120416641235401, 38.918472290039098 ], [ 17.120138168335, 38.918472290039098 ], [ 17.120138168335, 38.9181938171387 ], [ 17.119583129882901, 38.9181938171387 ], [ 17.119583129882901, 38.917915344238303 ], [ 17.1193046569825, 38.917915344238303 ], [ 17.1193046569825, 38.917640686035199 ], [ 17.118749618530298, 38.917640686035199 ], [ 17.118749618530298, 38.917362213134801 ], [ 17.118471145629901, 38.917362213134801 ], [ 17.118471145629901, 38.917083740234403 ], [ 17.117916107177699, 38.917083740234403 ], [ 17.117916107177699, 38.916805267333999 ], [ 17.117639541625898, 38.916805267333999 ], [ 17.117639541625898, 38.916248321533203 ], [ 17.1173610687256, 38.916248321533203 ], [ 17.1173610687256, 38.915695190429801 ], [ 17.117082595825199, 38.915695190429801 ], [ 17.117082595825199, 38.914073944091903 ], [ 17.117082595825199, 38.912918090820298 ], [ 17.116806030273601, 38.912918090820298 ], [ 17.116806030273601, 38.912361145019602 ], [ 17.115007400512699, 38.912361145019602 ], [ 17.114305496215898, 38.912361145019602 ], [ 17.114305496215898, 38.9118041992188 ], [ 17.1145839691163, 38.9118041992188 ], [ 17.1145839691163, 38.911251068115199 ], [ 17.114305496215898, 38.911251068115199 ], [ 17.114305496215898, 38.910972595214801 ], [ 17.1137504577637, 38.910972595214801 ], [ 17.1137504577637, 38.910415649414098 ], [ 17.113471984863299, 38.910415649414098 ], [ 17.113471984863299, 38.909862518310703 ], [ 17.112918853759702, 38.909862518310703 ], [ 17.112918853759702, 38.909584045410298 ], [ 17.112361907958999, 38.909584045410298 ], [ 17.112361907958999, 38.909305572509901 ], [ 17.1113090515137, 38.909305572509901 ], [ 17.1101379394531, 38.909305572509901 ], [ 17.1101379394531, 38.909027099609503 ], [ 17.109861373901499, 38.909027099609503 ], [ 17.109861373901499, 38.908748626708899 ], [ 17.109582901001101, 38.908748626708899 ], [ 17.109582901001101, 38.908473968505902 ], [ 17.109027862548899, 38.908473968505902 ], [ 17.109027862548899, 38.908195495605497 ], [ 17.108472824096701, 38.908195495605497 ], [ 17.108472824096701, 38.907917022705099 ], [ 17.107915878296001, 38.907917022705099 ], [ 17.107915878296001, 38.907638549804702 ], [ 17.1073608398438, 38.907638549804702 ], [ 17.1073608398438, 38.907360076904403 ], [ 17.107082366943398, 38.907360076904403 ], [ 17.107082366943398, 38.907081604003999 ], [ 17.105972290039102, 38.907081604003999 ], [ 17.105972290039102, 38.906806945800803 ], [ 17.104583740234499, 38.906806945800803 ], [ 17.104583740234499, 38.906528472900398 ], [ 17.103471755981602, 38.906528472900398 ], [ 17.103471755981602, 38.90625 ], [ 17.1029167175294, 38.90625 ], [ 17.1029167175294, 38.905693054199297 ], [ 17.102638244628999, 38.905693054199297 ], [ 17.102638244628999, 38.905418395996001 ], [ 17.101528167724599, 38.905418395996001 ], [ 17.101528167724599, 38.905139923095703 ], [ 17.101249694824201, 38.905139923095703 ], [ 17.101249694824201, 38.904582977294901 ], [ 17.1009731292725, 38.904582977294901 ], [ 17.1009731292725, 38.904026031494098 ], [ 17.100694656372099, 38.904026031494098 ], [ 17.100694656372099, 38.903751373291101 ], [ 17.100416183471701, 38.903751373291101 ], [ 17.100416183471701, 38.903472900390703 ], [ 17.100139617919901, 38.903472900390703 ], [ 17.100139617919901, 38.902637481689602 ], [ 17.099861145019499, 38.902637481689602 ], [ 17.099861145019499, 38.901805877685597 ], [ 17.099582672119102, 38.901805877685597 ], [ 17.099582672119102, 38.901248931884801 ], [ 17.0993061065675, 38.901248931884801 ], [ 17.0993061065675, 38.900970458984503 ], [ 17.099582672119102, 38.900970458984503 ], [ 17.099582672119102, 38.9006958007812 ], [ 17.1009731292725, 38.9006958007812 ], [ 17.1009731292725, 38.900417327880902 ], [ 17.101528167724599, 38.900417327880902 ], [ 17.101528167724599, 38.899860382080099 ], [ 17.101804733276399, 38.899860382080099 ], [ 17.101804733276399, 38.899307250976499 ], [ 17.101528167724599, 38.899307250976499 ], [ 17.101528167724599, 38.899028778076101 ], [ 17.100416183471701, 38.899028778076101 ], [ 17.100416183471701, 38.899307250976499 ], [ 17.09690284729, 38.899307250976499 ], [ 17.096525192260899, 38.899307250976499 ], [ 17.096525192260899, 38.899028778076101 ], [ 17.0956935882569, 38.899028778076101 ], [ 17.0956935882569, 38.898193359375 ], [ 17.096250534057699, 38.898193359375 ], [ 17.096250534057699, 38.897914886474602 ], [ 17.096525192260899, 38.897914886474602 ], [ 17.096525192260899, 38.8973617553712 ], [ 17.096807479858398, 38.8973617553712 ], [ 17.096807479858398, 38.896804809570398 ], [ 17.0970859527588, 38.896804809570398 ], [ 17.0970859527588, 38.896251678466903 ], [ 17.097360610961999, 38.896251678466903 ], [ 17.097360610961999, 38.895023345947202 ], [ 17.097360610961999, 38.894584655761697 ], [ 17.0970859527588, 38.894584655761697 ], [ 17.0970859527588, 38.894027709960902 ], [ 17.096807479858398, 38.894027709960902 ], [ 17.096807479858398, 38.893470764160199 ], [ 17.096525192260899, 38.893470764160199 ], [ 17.096525192260899, 38.893196105957102 ], [ 17.095207214355501, 38.893196105957102 ], [ 17.094861984252901, 38.893196105957102 ], [ 17.094861984252901, 38.892917633056598 ], [ 17.0918064117432, 38.892917633056598 ], [ 17.0918064117432, 38.893196105957102 ], [ 17.091527938842798, 38.893196105957102 ], [ 17.091527938842798, 38.893470764160199 ], [ 17.091249465942401, 38.893470764160199 ], [ 17.091249465942401, 38.893749237060497 ], [ 17.090694427490298, 38.893749237060497 ], [ 17.090694427490298, 38.894027709960902 ], [ 17.090415954589901, 38.894027709960902 ], [ 17.090415954589901, 38.8943061828613 ], [ 17.0901393890381, 38.8943061828613 ], [ 17.0901393890381, 38.894584655761697 ], [ 17.089860916137798, 38.894584655761697 ], [ 17.089860916137798, 38.895137786865298 ], [ 17.089582443237401, 38.895137786865298 ], [ 17.089582443237401, 38.895694732666101 ], [ 17.089305877685501, 38.895694732666101 ], [ 17.089305877685501, 38.89652633667 ], [ 17.089582443237401, 38.89652633667 ], [ 17.089582443237401, 38.897083282470803 ], [ 17.089860916137798, 38.897083282470803 ], [ 17.089860916137798, 38.897640228271598 ], [ 17.0901393890381, 38.897640228271598 ], [ 17.0901393890381, 38.898193359375 ], [ 17.090694427490298, 38.898193359375 ], [ 17.0909729003907, 38.898193359375 ], [ 17.0909729003907, 38.898471832275398 ], [ 17.0918064117432, 38.898471832275398 ], [ 17.0918064117432, 38.900119781494197 ], [ 17.0918064117432, 38.90092086792 ], [ 17.0918064117432, 38.901527404785199 ], [ 17.0920810699462, 38.901565551757898 ], [ 17.0920810699462, 38.902362823486399 ], [ 17.092361450195401, 38.902362823486399 ], [ 17.092361450195401, 38.903194427490298 ], [ 17.092638015746999, 38.903194427490298 ], [ 17.092638015746999, 38.904026031494098 ], [ 17.092916488647599, 38.904026031494098 ], [ 17.092916488647599, 38.904861450195298 ], [ 17.093193054199201, 38.904861450195298 ], [ 17.093193054199201, 38.905971527099702 ], [ 17.092916488647599, 38.905971527099702 ], [ 17.092916488647599, 38.906528472900398 ], [ 17.092638015746999, 38.906528472900398 ], [ 17.092638015746999, 38.906806945800803 ], [ 17.092361450195401, 38.906806945800803 ], [ 17.092361450195401, 38.907360076904403 ], [ 17.0920810699462, 38.907360076904403 ], [ 17.0920810699462, 38.907638549804702 ], [ 17.0918064117432, 38.907638549804702 ], [ 17.0918064117432, 38.908195495605497 ], [ 17.091527938842798, 38.908195495605497 ], [ 17.091527938842798, 38.908473968505902 ], [ 17.091249465942401, 38.908473968505902 ], [ 17.091249465942401, 38.908748626708899 ], [ 17.090694427490298, 38.908748626708899 ], [ 17.090694427490298, 38.909027099609503 ], [ 17.090415954589901, 38.909027099609503 ], [ 17.090415954589901, 38.909305572509901 ], [ 17.0901393890381, 38.909305572509901 ], [ 17.0901393890381, 38.909584045410298 ], [ 17.0899257659912, 38.909584045410298 ], [ 17.089582443237401, 38.909584045410298 ], [ 17.089582443237401, 38.909862518310703 ], [ 17.089305877685501, 38.909862518310703 ], [ 17.089305877685501, 38.9101371765137 ], [ 17.089027404785199, 38.9101371765137 ], [ 17.089027404785199, 38.910415649414098 ], [ 17.088472366333001, 38.910415649414098 ], [ 17.088472366333001, 38.910694122314503 ], [ 17.088193893432599, 38.910694122314503 ], [ 17.088193893432599, 38.910972595214801 ], [ 17.087640762329201, 38.910972595214801 ], [ 17.087640762329201, 38.911148071289098 ], [ 17.087640762329201, 38.911251068115199 ], [ 17.087318420410199, 38.911251068115199 ], [ 17.087083816528398, 38.911251068115199 ], [ 17.087083816528398, 38.911529541015597 ], [ 17.086805343628001, 38.911529541015597 ], [ 17.086805343628001, 38.9118041992188 ], [ 17.086250305175898, 38.9118041992188 ], [ 17.086250305175898, 38.912082672119197 ], [ 17.0851364135743, 38.912082672119197 ], [ 17.0851364135743, 38.912361145019602 ], [ 17.083868026733501, 38.912395477294901 ], [ 17.0837497711182, 38.912399291992202 ], [ 17.0837497711182, 38.91263961792 ], [ 17.083000183105501, 38.91263961792 ], [ 17.0804157257081, 38.91263961792 ], [ 17.0804157257081, 38.912361145019602 ], [ 17.0795822143556, 38.912361145019602 ], [ 17.0795822143556, 38.91263961792 ], [ 17.079027175903398, 38.91263961792 ], [ 17.079027175903398, 38.912918090820298 ], [ 17.078750610351602, 38.912918090820298 ], [ 17.078750610351602, 38.913192749023601 ], [ 17.076805114746101, 38.913192749023601 ], [ 17.076805114746101, 38.912918090820298 ], [ 17.075416564941499, 38.912918090820298 ], [ 17.075416564941499, 38.91263961792 ], [ 17.0756950378419, 38.91263961792 ], [ 17.0756950378419, 38.912361145019602 ], [ 17.076250076293899, 38.912361145019602 ], [ 17.076250076293899, 38.912082672119197 ], [ 17.0756950378419, 38.912082672119197 ], [ 17.0756950378419, 38.9118041992188 ], [ 17.0748615264894, 38.9118041992188 ], [ 17.0748615264894, 38.912082672119197 ], [ 17.074306488037202, 38.912082672119197 ], [ 17.074306488037202, 38.912361145019602 ], [ 17.074029922485401, 38.912361145019602 ], [ 17.074029922485401, 38.91263961792 ], [ 17.073749542236399, 38.91263961792 ], [ 17.073749542236399, 38.913192749023601 ], [ 17.074029922485401, 38.913192749023601 ], [ 17.074029922485401, 38.914585113525398 ], [ 17.073749542236399, 38.914585113525398 ], [ 17.073749542236399, 38.914859771728501 ], [ 17.073472976684599, 38.914859771728501 ], [ 17.073472976684599, 38.9151382446288 ], [ 17.072917938232401, 38.9151382446288 ], [ 17.072917938232401, 38.915416717529403 ], [ 17.072639465331999, 38.915416717529403 ], [ 17.072639465331999, 38.915695190429801 ], [ 17.072360992431701, 38.915695190429801 ], [ 17.072360992431701, 38.915973663330199 ], [ 17.070972442626999, 38.915973663330199 ], [ 17.070972442626999, 38.916248321533203 ], [ 17.067361831665099, 38.916248321533203 ], [ 17.067361831665099, 38.916526794433601 ], [ 17.0665283203125, 38.916526794433601 ], [ 17.0665283203125, 38.916805267333999 ], [ 17.0659713745118, 38.916824340820398 ], [ 17.0659713745118, 38.917083740234403 ], [ 17.065139770507798, 38.917083740234403 ], [ 17.065139770507798, 38.917362213134801 ], [ 17.0620841979981, 38.917362213134801 ], [ 17.0620841979981, 38.917640686035199 ], [ 17.060138702392599, 38.917640686035199 ], [ 17.060138702392599, 38.917915344238303 ], [ 17.057083129882901, 38.917915344238303 ], [ 17.057083129882901, 38.9181938171387 ], [ 17.056526184082099, 38.9181938171387 ], [ 17.056526184082099, 38.918472290039098 ], [ 17.0556964874268, 38.918472290039098 ], [ 17.0556964874268, 38.918750762939503 ], [ 17.055139541626001, 38.918750762939503 ], [ 17.055139541626001, 38.919029235839901 ], [ 17.049028396606399, 38.919029235839901 ], [ 17.049028396606399, 38.919303894043097 ], [ 17.042915344238299, 38.919303894043097 ], [ 17.042915344238299, 38.919029235839901 ], [ 17.0420856475831, 38.919029235839901 ], [ 17.0420856475831, 38.918750762939503 ], [ 17.040971755981399, 38.918750762939503 ], [ 17.040971755981399, 38.918472290039098 ], [ 17.0401382446288, 38.918472290039098 ], [ 17.0401382446288, 38.9181938171387 ], [ 17.039028167724702, 38.9181938171387 ], [ 17.039028167724702, 38.917915344238303 ], [ 17.038194656372099, 38.917915344238303 ], [ 17.038194656372099, 38.917640686035199 ], [ 17.037082672119201, 38.917640686035199 ], [ 17.037082672119201, 38.917362213134801 ], [ 17.036249160766602, 38.917362213134801 ], [ 17.036249160766602, 38.917083740234403 ], [ 17.035139083862202, 38.917083740234403 ], [ 17.035139083862202, 38.916805267333999 ], [ 17.034027099609499, 38.916805267333999 ], [ 17.034027099609499, 38.916526794433601 ], [ 17.032638549804702, 38.916526794433601 ], [ 17.032638549804702, 38.916248321533203 ], [ 17.031528472900401, 38.916248321533203 ], [ 17.031528472900401, 38.915973663330199 ], [ 17.03125, 38.915973663330199 ], [ 17.03125, 38.915695190429801 ], [ 17.030971527099702, 38.915695190429801 ], [ 17.030971527099702, 38.915416717529403 ], [ 17.030622482299801, 38.915416717529403 ], [ 17.030414581298899, 38.915416717529403 ], [ 17.030414581298899, 38.9151382446288 ], [ 17.030136108398501, 38.9151382446288 ], [ 17.030136108398501, 38.914859771728501 ], [ 17.030414581298899, 38.914859771728501 ], [ 17.030414581298899, 38.914661407470597 ], [ 17.030414581298899, 38.914585113525398 ], [ 17.030696868896399, 38.914585113525398 ], [ 17.030696868896399, 38.914306640625099 ], [ 17.030971527099702, 38.914306640625099 ], [ 17.030971527099702, 38.914028167724702 ], [ 17.03125, 38.914028167724702 ], [ 17.03125, 38.912845611572301 ], [ 17.03125, 38.91263961792 ], [ 17.030971527099702, 38.91263961792 ], [ 17.030971527099702, 38.912361145019602 ], [ 17.030696868896399, 38.912361145019602 ], [ 17.030696868896399, 38.912082672119197 ], [ 17.030414581298899, 38.912082672119197 ], [ 17.030414581298899, 38.9118041992188 ], [ 17.029861450195298, 38.9118041992188 ], [ 17.029861450195298, 38.911529541015597 ], [ 17.029582977294901, 38.911529541015597 ], [ 17.029582977294901, 38.911251068115199 ], [ 17.0294818878175, 38.911251068115199 ], [ 17.029304504394499, 38.911251068115199 ], [ 17.029304504394499, 38.910972595214801 ], [ 17.029405593872099, 38.910972595214801 ], [ 17.029582977294901, 38.910972595214801 ], [ 17.029582977294901, 38.910415649414098 ], [ 17.029453277587901, 38.910415649414098 ], [ 17.029304504394499, 38.910415649414098 ], [ 17.029304504394499, 38.909862518310703 ], [ 17.0284748077393, 38.909862518310703 ], [ 17.0284748077393, 38.909584045410298 ], [ 17.027082443237401, 38.909584045410298 ], [ 17.027082443237401, 38.909027099609503 ], [ 17.0268058776856, 38.909027099609503 ], [ 17.0268058776856, 38.908473968505902 ], [ 17.026527404785199, 38.908473968505902 ], [ 17.026527404785199, 38.908195495605497 ], [ 17.025693893432699, 38.908195495605497 ], [ 17.025693893432699, 38.907638549804702 ], [ 17.025417327880898, 38.907638549804702 ], [ 17.025417327880898, 38.907230377197202 ], [ 17.025417327880898, 38.907081604003999 ], [ 17.025138854980501, 38.907081604003999 ], [ 17.025138854980501, 38.906528472900398 ], [ 17.025417327880898, 38.906528472900398 ], [ 17.025417327880898, 38.905971527099702 ], [ 17.025138854980501, 38.905971527099702 ], [ 17.025138854980501, 38.905418395996001 ], [ 17.0237503051757, 38.905418395996001 ], [ 17.0237503051757, 38.905693054199297 ], [ 17.023471832275401, 38.905693054199297 ], [ 17.023471832275401, 38.905971527099702 ], [ 17.022916793823399, 38.905971527099702 ], [ 17.022916793823399, 38.905693054199297 ], [ 17.022638320922798, 38.905693054199297 ], [ 17.022638320922798, 38.905418395996001 ], [ 17.021528244018601, 38.905418395996001 ], [ 17.021528244018601, 38.905693054199297 ], [ 17.0212497711182, 38.905693054199297 ], [ 17.0212497711182, 38.905971527099702 ], [ 17.020971298217901, 38.905971527099702 ], [ 17.020971298217901, 38.90625 ], [ 17.020694732666101, 38.90625 ], [ 17.020694732666101, 38.906806945800803 ], [ 17.020971298217901, 38.906806945800803 ], [ 17.020971298217901, 38.907489776611399 ], [ 17.020971298217901, 38.907638549804702 ], [ 17.0212497711182, 38.907638549804702 ], [ 17.0212497711182, 38.908195495605497 ], [ 17.020971298217901, 38.908195495605497 ], [ 17.020971298217901, 38.908748626708899 ], [ 17.020694732666101, 38.908748626708899 ], [ 17.020694732666101, 38.909305572509901 ], [ 17.0204162597657, 38.909305572509901 ], [ 17.0204162597657, 38.909862518310703 ], [ 17.020139694213899, 38.909862518310703 ], [ 17.020139694213899, 38.9101371765137 ], [ 17.0193061828613, 38.9101371765137 ], [ 17.0193061828613, 38.910415649414098 ], [ 17.018747329711999, 38.910415649414098 ], [ 17.018747329711999, 38.910694122314503 ], [ 17.017465591430799, 38.910694122314503 ], [ 17.016525268554702, 38.910694122314503 ], [ 17.016525268554702, 38.910415649414098 ], [ 17.015464782714901, 38.910415649414098 ], [ 17.011806488037202, 38.910415649414098 ], [ 17.011806488037202, 38.910694122314503 ], [ 17.0106945037843, 38.910694122314503 ], [ 17.0106945037843, 38.910972595214801 ], [ 17.010416030883899, 38.910972595214801 ], [ 17.010416030883899, 38.911251068115199 ], [ 17.009862899780298, 38.911251068115199 ], [ 17.009862899780298, 38.911529541015597 ], [ 17.009582519531399, 38.911529541015597 ], [ 17.009582519531399, 38.9118041992188 ], [ 17.009305953979499, 38.9118041992188 ], [ 17.009305953979499, 38.912082672119197 ], [ 17.008750915527401, 38.912082672119197 ], [ 17.008750915527401, 38.912361145019602 ], [ 17.008472442626999, 38.912361145019602 ], [ 17.008472442626999, 38.91263961792 ], [ 17.008193969726602, 38.91263961792 ], [ 17.008193969726602, 38.913192749023601 ], [ 17.007917404174801, 38.913192749023601 ], [ 17.007917404174801, 38.913749694824297 ], [ 17.007640838623001, 38.913749694824297 ], [ 17.007640838623001, 38.914306640625099 ], [ 17.007360458373999, 38.914306640625099 ], [ 17.007360458373999, 38.914859771728501 ], [ 17.007083892822301, 38.914859771728501 ], [ 17.007083892822301, 38.9151382446288 ], [ 17.006528854370099, 38.9151382446288 ], [ 17.006528854370099, 38.915416717529403 ], [ 17.006250381469702, 38.915416717529403 ], [ 17.006250381469702, 38.916805267333999 ], [ 17.0059719085693, 38.916805267333999 ], [ 17.0059413909913, 38.917362213134801 ], [ 17.005695343017699, 38.917362213134801 ], [ 17.005695343017699, 38.917690277099702 ], [ 17.005695343017699, 38.917915344238303 ], [ 17.0055255889893, 38.917915344238303 ], [ 17.005418777465898, 38.917915344238303 ], [ 17.005418777465898, 38.918060302734403 ], [ 17.005418777465898, 38.918472290039098 ], [ 17.0051364898682, 38.918472290039098 ], [ 17.0051364898682, 38.919582366943501 ], [ 17.004861831665199, 38.919582366943501 ], [ 17.004861831665199, 38.920139312744297 ], [ 17.004583358764801, 38.920139312744297 ], [ 17.004583358764801, 38.920417785644602 ], [ 17.004306793212901, 38.920417785644602 ], [ 17.004306793212901, 38.920696258545 ], [ 17.004028320312599, 38.920696258545 ], [ 17.004028320312599, 38.920970916747997 ], [ 17.0034713745118, 38.920970916747997 ], [ 17.0034713745118, 38.921249389648402 ], [ 17.0030250549318, 38.921249389648402 ], [ 17.002639770507798, 38.921249389648402 ], [ 17.002639770507798, 38.9215278625488 ], [ 17.002082824707099, 38.9215278625488 ], [ 17.002082824707099, 38.921806335449297 ], [ 17.001249313354499, 38.921806335449297 ], [ 17.001249313354499, 38.922084808349702 ], [ 17.0006923675538, 38.922084808349702 ], [ 17.0006923675538, 38.922359466552699 ], [ 17.000139236450099, 38.922359466552699 ], [ 16.9995822906494, 38.922359466552699 ], [ 16.9995822906494, 38.924026489257898 ], [ 16.999305725097798, 38.924026489257898 ], [ 16.999305725097798, 38.9245834350587 ], [ 16.999027252197401, 38.9245834350587 ], [ 16.999027252197401, 38.924861907958999 ], [ 16.9987506866456, 38.924861907958999 ], [ 16.9987506866456, 38.925415039062599 ], [ 16.998472213745199, 38.925415039062599 ], [ 16.998472213745199, 38.926528930664198 ], [ 16.998193740844801, 38.926528930664198 ], [ 16.998193740844801, 38.927360534667997 ], [ 16.998472213745199, 38.927360534667997 ], [ 16.998472213745199, 38.928195953369297 ], [ 16.9987506866456, 38.928195953369297 ], [ 16.9987506866456, 38.928749084472599 ], [ 16.998472213745199, 38.928749084472599 ], [ 16.998472213745199, 38.929027557372997 ], [ 16.998193740844801, 38.929027557372997 ], [ 16.998193740844801, 38.929306030273402 ], [ 16.997917175293001, 38.929306030273402 ], [ 16.997917175293001, 38.9295845031738 ], [ 16.997360229492202, 38.9295845031738 ], [ 16.997360229492202, 38.929862976074197 ], [ 16.997083663940501, 38.929862976074197 ], [ 16.997083663940501, 38.930137634277401 ], [ 16.996528625488299, 38.930137634277401 ], [ 16.996528625488299, 38.930416107177798 ], [ 16.996250152587901, 38.930416107177798 ], [ 16.996250152587901, 38.930694580078203 ], [ 16.9956951141357, 38.930694580078203 ], [ 16.9956951141357, 38.930973052978601 ], [ 16.995416641235401, 38.930973052978601 ], [ 16.995416641235401, 38.931251525878999 ], [ 16.9948616027832, 38.931251525878999 ], [ 16.9948616027832, 38.931526184082102 ], [ 16.994583129882798, 38.931526184082102 ], [ 16.994583129882798, 38.9318046569825 ], [ 16.9940280914306, 38.9318046569825 ], [ 16.9940280914306, 38.932083129882898 ], [ 16.993749618530199, 38.932083129882898 ], [ 16.993749618530199, 38.932361602783303 ], [ 16.9931945800782, 38.932361602783303 ], [ 16.9931945800782, 38.9326400756837 ], [ 16.992916107177798, 38.9326400756837 ], [ 16.992916107177798, 38.932918548584098 ], [ 16.9923610687257, 38.932918548584098 ], [ 16.9923610687257, 38.933193206787102 ], [ 16.992082595825298, 38.933193206787102 ], [ 16.992082595825298, 38.9334716796875 ], [ 16.991525650024499, 38.9334716796875 ], [ 16.991525650024499, 38.933750152587898 ], [ 16.991247177124102, 38.933750152587898 ], [ 16.991247177124102, 38.934028625488203 ], [ 16.990695953369102, 38.934028625488203 ], [ 16.990695953369102, 38.934307098388601 ], [ 16.9905605316162, 38.934326171875099 ], [ 16.9904174804688, 38.9343452453613 ], [ 16.9904174804688, 38.934581756591903 ], [ 16.989860534668001, 38.934581756591903 ], [ 16.989860534668001, 38.934860229492202 ], [ 16.989585876465, 38.934860229492202 ], [ 16.989585876465, 38.935138702392599 ], [ 16.9890251159669, 38.935138702392599 ], [ 16.9890251159669, 38.935417175292997 ], [ 16.988750457763601, 38.935417175292997 ], [ 16.988750457763601, 38.935695648193402 ], [ 16.988193511962901, 38.935695648193402 ], [ 16.988193511962901, 38.9359741210938 ], [ 16.9876384735107, 38.9359741210938 ], [ 16.9876384735107, 38.936248779296903 ], [ 16.9870834350587, 38.936248779296903 ], [ 16.9870834350587, 38.936527252197301 ], [ 16.986528396606499, 38.936527252197301 ], [ 16.986528396606499, 38.936805725097699 ], [ 16.985971450805799, 38.936805725097699 ], [ 16.985971450805799, 38.937084197998097 ], [ 16.985416412353601, 38.937084197998097 ], [ 16.985416412353601, 38.937362670898501 ], [ 16.984861373901399, 38.937362670898501 ], [ 16.984861373901399, 38.937637329101698 ], [ 16.984306335449201, 38.937637329101698 ], [ 16.984306335449201, 38.937915802002102 ], [ 16.982639312744102, 38.937915802002102 ], [ 16.982639312744102, 38.9381942749025 ], [ 16.981695175171001, 38.9381942749025 ], [ 16.980972290039201, 38.9381942749025 ], [ 16.980972290039201, 38.938472747802798 ], [ 16.979305267333999, 38.938472747802798 ], [ 16.979305267333999, 38.938751220703203 ], [ 16.969860076904201, 38.938751220703203 ], [ 16.969860076904201, 38.9390258789062 ], [ 16.9679164886475, 38.939029693603601 ], [ 16.9679164886475, 38.939304351806598 ], [ 16.965139389038001, 38.939304351806598 ], [ 16.965139389038001, 38.939582824707003 ], [ 16.959028244018501, 38.939582824707003 ], [ 16.959028244018501, 38.939304351806598 ], [ 16.959028244018501, 38.939029693603601 ], [ 16.956527709961001, 38.9390258789062 ], [ 16.956527709961001, 38.938751220703203 ], [ 16.955694198608501, 38.938751220703203 ], [ 16.955694198608501, 38.938472747802798 ], [ 16.954584121704102, 38.938472747802798 ], [ 16.954584121704102, 38.9381942749025 ], [ 16.954265594482401, 38.9381942749025 ], [ 16.953750610351499, 38.9381942749025 ], [ 16.953750610351499, 38.937915802002102 ], [ 16.9490261077881, 38.937915802002102 ], [ 16.9490261077881, 38.937637329101698 ], [ 16.947914123535199, 38.937637329101698 ], [ 16.947914123535199, 38.937362670898501 ], [ 16.946804046630898, 38.937362670898501 ], [ 16.946804046630898, 38.937084197998097 ], [ 16.945417404174901, 38.937084197998097 ], [ 16.945417404174901, 38.936805725097699 ], [ 16.9443054199219, 38.936805725097699 ], [ 16.9443054199219, 38.936527252197301 ], [ 16.942916870117202, 38.936527252197301 ], [ 16.942916870117202, 38.936248779296903 ], [ 16.941249847411999, 38.936248779296903 ], [ 16.941249847411999, 38.9359741210938 ], [ 16.9398612976075, 38.9359741210938 ], [ 16.9398612976075, 38.935695648193402 ], [ 16.938194274902401, 38.935695648193402 ], [ 16.938194274902401, 38.935417175292997 ], [ 16.937360763549801, 38.935417175292997 ], [ 16.937360763549801, 38.935138702392599 ], [ 16.936250686645501, 38.935138702392599 ], [ 16.936250686645501, 38.934860229492202 ], [ 16.9354152679443, 38.934860229492202 ], [ 16.9354152679443, 38.934581756591903 ], [ 16.934303283691399, 38.934581756591903 ], [ 16.934303283691399, 38.934307098388601 ], [ 16.933471679687599, 38.934307098388601 ], [ 16.933471679687599, 38.934028625488203 ], [ 16.929582595825199, 38.934028625488203 ], [ 16.929582595825199, 38.933750152587898 ], [ 16.925418853759702, 38.933750152587898 ], [ 16.925418853759702, 38.9334716796875 ], [ 16.922914505004901, 38.9334716796875 ], [ 16.922914505004901, 38.933193206787102 ], [ 16.920139312744102, 38.933193206787102 ], [ 16.920139312744102, 38.932918548584098 ], [ 16.917638778686499, 38.932918548584098 ], [ 16.917638778686499, 38.9326400756837 ], [ 16.915971755981602, 38.9326400756837 ], [ 16.915971755981602, 38.932361602783303 ], [ 16.914304733276399, 38.932361602783303 ], [ 16.914304733276399, 38.932083129882898 ], [ 16.912361145019499, 38.932083129882898 ], [ 16.912361145019499, 38.9318046569825 ], [ 16.910694122314599, 38.9318046569825 ], [ 16.910694122314599, 38.931526184082102 ], [ 16.909025192260899, 38.931526184082102 ], [ 16.909025192260899, 38.931251525878999 ], [ 16.907363891601701, 38.931251525878999 ], [ 16.907363891601701, 38.930973052978601 ], [ 16.905693054199201, 38.930973052978601 ], [ 16.905693054199201, 38.930694580078203 ], [ 16.904027938842798, 38.930694580078203 ], [ 16.904027938842798, 38.930416107177798 ], [ 16.901250839233299, 38.930416107177798 ], [ 16.901250839233299, 38.930137634277401 ], [ 16.900140762329201, 38.930137634277401 ], [ 16.900140762329201, 38.929862976074197 ], [ 16.8990287780762, 38.929862976074197 ], [ 16.8990287780762, 38.9295845031738 ], [ 16.8976364135743, 38.9295845031738 ], [ 16.8976364135743, 38.929306030273402 ], [ 16.895971298217798, 38.929306030273402 ], [ 16.895971298217798, 38.929027557372997 ], [ 16.8945827484131, 38.929027557372997 ], [ 16.8945827484131, 38.928749084472599 ], [ 16.893472671508899, 38.928749084472599 ], [ 16.893472671508899, 38.928470611572301 ], [ 16.892360687255898, 38.928470611572301 ], [ 16.892360687255898, 38.928195953369297 ], [ 16.891441345214801, 38.928195953369297 ], [ 16.888471603393501, 38.928195953369297 ], [ 16.888471603393501, 38.9279174804687 ], [ 16.8873615264894, 38.9279174804687 ], [ 16.8873615264894, 38.927639007568303 ], [ 16.886529922485401, 38.927639007568303 ], [ 16.886529922485401, 38.927360534667997 ], [ 16.885417938232401, 38.927360534667997 ], [ 16.885417938232401, 38.927082061767599 ], [ 16.8845825195313, 38.927082061767599 ], [ 16.8845825195313, 38.926807403564503 ], [ 16.883472442626999, 38.926807403564503 ], [ 16.883472442626999, 38.926528930664198 ], [ 16.881526947021602, 38.926528930664198 ], [ 16.881526947021602, 38.9262504577638 ], [ 16.879861831665099, 38.9262504577638 ], [ 16.879861831665099, 38.925971984863402 ], [ 16.877916336059599, 38.925971984863402 ], [ 16.877916336059599, 38.925693511962997 ], [ 16.8774223327637, 38.925693511962997 ], [ 16.875972747802798, 38.925693511962997 ], [ 16.875972747802798, 38.925415039062599 ], [ 16.874860763549901, 38.925415039062599 ], [ 16.874860763549901, 38.925140380859403 ], [ 16.873750686645501, 38.925140380859403 ], [ 16.873750686645501, 38.924861907958999 ], [ 16.872917175293001, 38.924861907958999 ], [ 16.872917175293001, 38.9245834350587 ], [ 16.872360229492202, 38.9245834350587 ], [ 16.872360229492202, 38.924304962158303 ], [ 16.8715286254882, 38.924304962158303 ], [ 16.8715286254882, 38.924026489257898 ], [ 16.870695114135899, 38.924026489257898 ], [ 16.870695114135899, 38.923751831054702 ], [ 16.869583129882901, 38.923751831054702 ], [ 16.869583129882901, 38.923473358154297 ], [ 16.8681964874268, 38.923473358154297 ], [ 16.8681964874268, 38.923194885253899 ], [ 16.867082595825298, 38.923194885253899 ], [ 16.867082595825298, 38.922916412353501 ], [ 16.8656921386719, 38.922916412353501 ], [ 16.8656921386719, 38.922637939453097 ], [ 16.8645820617675, 38.922637939453097 ], [ 16.8645820617675, 38.922359466552699 ], [ 16.864027023315501, 38.922359466552699 ], [ 16.864027023315501, 38.922084808349702 ], [ 16.863193511963001, 38.922084808349702 ], [ 16.863193511963001, 38.921806335449297 ], [ 16.862638473510799, 38.921806335449297 ], [ 16.862638473510799, 38.9215278625488 ], [ 16.8609714508057, 38.9215278625488 ], [ 16.8609714508057, 38.921249389648402 ], [ 16.8590297698975, 38.921249389648402 ], [ 16.8590297698975, 38.920970916747997 ], [ 16.8573608398438, 38.920970916747997 ], [ 16.8573608398438, 38.920696258545 ], [ 16.856807708740199, 38.920696258545 ], [ 16.856807708740199, 38.920417785644602 ], [ 16.856250762939499, 38.920417785644602 ], [ 16.856250762939499, 38.920139312744297 ], [ 16.855138778686499, 38.920139312744297 ], [ 16.855138778686499, 38.919860839843899 ], [ 16.854028701782202, 38.919860839843899 ], [ 16.854028701782202, 38.919582366943501 ], [ 16.852638244628999, 38.919582366943501 ], [ 16.852638244628999, 38.919303894043097 ], [ 16.851528167724702, 38.919303894043097 ], [ 16.851528167724702, 38.919029235839901 ], [ 16.850416183471701, 38.919029235839901 ], [ 16.850416183471701, 38.918750762939503 ], [ 16.849027633666999, 38.918750762939503 ], [ 16.849027633666999, 38.918472290039098 ], [ 16.847639083862202, 38.918472290039098 ], [ 16.847639083862202, 38.9181938171387 ], [ 16.846250534057699, 38.9181938171387 ], [ 16.846250534057699, 38.917915344238303 ], [ 16.845138549804702, 38.917915344238303 ], [ 16.845138549804702, 38.917640686035199 ], [ 16.84375, 38.917640686035199 ], [ 16.84375, 38.917362213134801 ], [ 16.842361450195298, 38.917362213134801 ], [ 16.842361450195298, 38.917083740234403 ], [ 16.8409748077393, 38.917083740234403 ], [ 16.8409748077393, 38.916805267333999 ], [ 16.8401393890381, 38.916805267333999 ], [ 16.8401393890381, 38.916526794433601 ], [ 16.8393058776856, 38.916526794433601 ], [ 16.8393058776856, 38.916248321533203 ], [ 16.8384723663331, 38.916248321533203 ], [ 16.8384723663331, 38.915973663330199 ], [ 16.837360382080099, 38.915973663330199 ], [ 16.837360382080099, 38.915695190429801 ], [ 16.8365268707275, 38.915695190429801 ], [ 16.8365268707275, 38.915416717529403 ], [ 16.8356952667237, 38.915416717529403 ], [ 16.8356952667237, 38.9151382446288 ], [ 16.8348617553712, 38.9151382446288 ], [ 16.8348617553712, 38.914859771728501 ], [ 16.8337497711182, 38.914859771728501 ], [ 16.8337497711182, 38.914585113525398 ], [ 16.8329162597657, 38.914585113525398 ], [ 16.8329162597657, 38.914306640625099 ], [ 16.8318061828613, 38.914306640625099 ], [ 16.8318061828613, 38.914028167724702 ], [ 16.8309726715088, 38.914028167724702 ], [ 16.8309726715088, 38.913749694824297 ], [ 16.829860687255799, 38.913749694824297 ], [ 16.829860687255799, 38.913471221923899 ], [ 16.8284721374513, 38.913471221923899 ], [ 16.8284721374513, 38.913192749023601 ], [ 16.827915191650501, 38.913192749023601 ], [ 16.827915191650501, 38.912918090820298 ], [ 16.827085494995099, 38.912918090820298 ], [ 16.827085494995099, 38.91263961792 ], [ 16.8265285491943, 38.91263961792 ], [ 16.8265285491943, 38.912361145019602 ], [ 16.8256931304932, 38.912361145019602 ], [ 16.8256931304932, 38.912082672119197 ], [ 16.825138092041001, 38.912082672119197 ], [ 16.825138092041001, 38.9118041992188 ], [ 16.8231945037843, 38.9118041992188 ], [ 16.8231945037843, 38.911529541015597 ], [ 16.8223590850831, 38.911529541015597 ], [ 16.8223590850831, 38.911251068115199 ], [ 16.821250915527301, 38.911251068115199 ], [ 16.821250915527301, 38.910972595214801 ], [ 16.820417404174801, 38.910972595214801 ], [ 16.820417404174801, 38.910694122314503 ], [ 16.8193054199219, 38.910694122314503 ], [ 16.8193054199219, 38.910415649414098 ], [ 16.818195343017699, 38.910415649414098 ], [ 16.818195343017699, 38.9101371765137 ], [ 16.817361831665199, 38.9101371765137 ], [ 16.817361831665199, 38.909862518310703 ], [ 16.816249847412202, 38.909862518310703 ], [ 16.816249847412202, 38.909584045410298 ], [ 16.815414428711101, 38.909584045410298 ], [ 16.815414428711101, 38.909305572509901 ], [ 16.814582824707099, 38.909305572509901 ], [ 16.814582824707099, 38.909027099609503 ], [ 16.813474655151499, 38.909027099609503 ], [ 16.813474655151499, 38.908748626708899 ], [ 16.812639236450099, 38.908748626708899 ], [ 16.812639236450099, 38.908473968505902 ], [ 16.811805725097798, 38.908473968505902 ], [ 16.811805725097798, 38.908195495605497 ], [ 16.810972213745199, 38.908195495605497 ], [ 16.810972213745199, 38.907917022705099 ], [ 16.809860229492202, 38.907917022705099 ], [ 16.809860229492202, 38.907638549804702 ], [ 16.809028625488299, 38.907638549804702 ], [ 16.809028625488299, 38.907360076904403 ], [ 16.8081951141357, 38.907360076904403 ], [ 16.8081951141357, 38.907081604003999 ], [ 16.807083129882798, 38.907081604003999 ], [ 16.807083129882798, 38.906806945800803 ], [ 16.806249618530199, 38.906806945800803 ], [ 16.806249618530199, 38.906528472900398 ], [ 16.805416107177798, 38.906528472900398 ], [ 16.805416107177798, 38.90625 ], [ 16.804582595825298, 38.90625 ], [ 16.804582595825298, 38.905971527099702 ], [ 16.803472518921001, 38.905971527099702 ], [ 16.803472518921001, 38.905693054199297 ], [ 16.802639007568398, 38.905693054199297 ], [ 16.802639007568398, 38.905418395996001 ], [ 16.801803588867202, 38.905418395996001 ], [ 16.801803588867202, 38.905139923095703 ], [ 16.8009719848632, 38.905139923095703 ], [ 16.8009719848632, 38.904861450195298 ], [ 16.800138473510899, 38.904861450195298 ], [ 16.800138473510899, 38.904582977294901 ], [ 16.799303054809499, 38.904582977294901 ], [ 16.799303054809499, 38.904304504394503 ], [ 16.798854827880898, 38.904304504394503 ], [ 16.7984714508057, 38.904304504394503 ], [ 16.7984714508057, 38.904026031494098 ], [ 16.7976379394532, 38.904026031494098 ], [ 16.7976379394532, 38.903751373291101 ], [ 16.796806335449201, 38.903751373291101 ], [ 16.796806335449201, 38.903472900390703 ], [ 16.795972824096701, 38.903472900390703 ], [ 16.795972824096701, 38.903194427490298 ], [ 16.795139312744102, 38.903194427490298 ], [ 16.795139312744102, 38.90291595459 ], [ 16.794305801391701, 38.90291595459 ], [ 16.794305801391701, 38.902637481689602 ], [ 16.793472290039201, 38.902637481689602 ], [ 16.793472290039201, 38.902362823486399 ], [ 16.792638778686602, 38.902362823486399 ], [ 16.792638778686602, 38.902084350586001 ], [ 16.791805267333999, 38.902084350586001 ], [ 16.791805267333999, 38.901805877685597 ], [ 16.7912502288818, 38.901805877685597 ], [ 16.7912502288818, 38.901527404785199 ], [ 16.790695190429702, 38.901527404785199 ], [ 16.790695190429702, 38.901248931884801 ], [ 16.789861679077099, 38.901248931884801 ], [ 16.789861679077099, 38.900970458984503 ], [ 16.789306640625099, 38.900970458984503 ], [ 16.789306640625099, 38.9006958007812 ], [ 16.788749694824201, 38.9006958007812 ], [ 16.788749694824201, 38.900417327880902 ], [ 16.788196563720799, 38.900417327880902 ], [ 16.788196563720799, 38.900138854980497 ], [ 16.78763961792, 38.900138854980497 ], [ 16.78763961792, 38.899860382080099 ], [ 16.786804199218899, 38.899860382080099 ], [ 16.786804199218899, 38.899581909179702 ], [ 16.786249160766701, 38.899581909179702 ], [ 16.786249160766701, 38.899307250976499 ], [ 16.785692214965898, 38.899307250976499 ], [ 16.785692214965898, 38.899028778076101 ], [ 16.7848606109619, 38.899028778076101 ], [ 16.7848606109619, 38.898750305175803 ], [ 16.7840270996094, 38.898750305175803 ], [ 16.7840270996094, 38.898471832275398 ], [ 16.7831935882568, 38.898471832275398 ], [ 16.7831935882568, 38.898193359375 ], [ 16.782360076904201, 38.898193359375 ], [ 16.782360076904201, 38.897914886474602 ], [ 16.781528472900401, 38.897914886474602 ], [ 16.781528472900401, 38.897640228271598 ], [ 16.7804164886475, 38.897640228271598 ], [ 16.7804164886475, 38.8973617553712 ], [ 16.779582977295, 38.8973617553712 ], [ 16.779582977295, 38.897083282470803 ], [ 16.778749465942401, 38.897083282470803 ], [ 16.778749465942401, 38.896804809570398 ], [ 16.777917861938601, 38.896804809570398 ], [ 16.777917861938601, 38.89652633667 ], [ 16.777082443237202, 38.89652633667 ], [ 16.777082443237202, 38.896251678466903 ], [ 16.776525497436499, 38.896251678466903 ], [ 16.776525497436499, 38.895973205566499 ], [ 16.7759723663331, 38.895973205566499 ], [ 16.7759723663331, 38.895694732666101 ], [ 16.775138854980501, 38.895694732666101 ], [ 16.775138854980501, 38.895416259765703 ], [ 16.774585723876999, 38.895416259765703 ], [ 16.774585723876999, 38.895137786865298 ], [ 16.774026870727599, 38.895137786865298 ], [ 16.774026870727599, 38.894859313964901 ], [ 16.773471832275401, 38.894859313964901 ], [ 16.773471832275401, 38.894584655761697 ], [ 16.772638320922901, 38.894584655761697 ], [ 16.772638320922901, 38.8943061828613 ], [ 16.772081375122099, 38.8943061828613 ], [ 16.772081375122099, 38.894027709960902 ], [ 16.7715282440187, 38.894027709960902 ], [ 16.7715282440187, 38.893749237060497 ], [ 16.770694732666101, 38.893749237060497 ], [ 16.770694732666101, 38.893470764160199 ], [ 16.770139694213899, 38.893470764160199 ], [ 16.770139694213899, 38.893196105957102 ], [ 16.7695827484132, 38.893196105957102 ], [ 16.7695827484132, 38.892917633056598 ], [ 16.769027709961001, 38.892917633056598 ], [ 16.769027709961001, 38.8926391601562 ], [ 16.768194198608501, 38.8926391601562 ], [ 16.768194198608501, 38.892360687255902 ], [ 16.7676391601562, 38.892360687255902 ], [ 16.7676391601562, 38.892082214355497 ], [ 16.767084121704102, 38.892082214355497 ], [ 16.767084121704102, 38.891803741455099 ], [ 16.766250610351499, 38.891803741455099 ], [ 16.766250610351499, 38.891529083252102 ], [ 16.765693664550799, 38.891529083252102 ], [ 16.765693664550799, 38.891250610351698 ], [ 16.7651386260987, 38.891250610351698 ], [ 16.7651386260987, 38.8909721374513 ], [ 16.764583587646602, 38.8909721374513 ], [ 16.764583587646602, 38.890693664550902 ], [ 16.7640285491944, 38.890693664550902 ], [ 16.7640285491944, 38.890415191650497 ], [ 16.763471603393601, 38.890415191650497 ], [ 16.763471603393601, 38.890140533447301 ], [ 16.762914657592901, 38.890140533447301 ], [ 16.762914657592901, 38.889862060546903 ], [ 16.762083053588899, 38.889862060546903 ], [ 16.762083053588899, 38.889583587646499 ], [ 16.7615261077881, 38.889583587646499 ], [ 16.7615261077881, 38.8893051147462 ], [ 16.760974884033299, 38.8893051147462 ], [ 16.760974884033299, 38.889026641845803 ], [ 16.760414123535199, 38.889026641845803 ], [ 16.760414123535199, 38.888748168945398 ], [ 16.759860992431602, 38.888748168945398 ], [ 16.759860992431602, 38.888473510742202 ], [ 16.759304046630898, 38.888473510742202 ], [ 16.759304046630898, 38.888195037841797 ], [ 16.758472442627099, 38.888195037841797 ], [ 16.758472442627099, 38.887916564941399 ], [ 16.757917404174901, 38.887916564941399 ], [ 16.757917404174901, 38.887638092041001 ], [ 16.757083892822301, 38.887638092041001 ], [ 16.757083892822301, 38.887359619140597 ], [ 16.756526947021499, 38.887359619140597 ], [ 16.756526947021499, 38.887084960937599 ], [ 16.7559719085693, 38.887084960937599 ], [ 16.7559719085693, 38.886806488037202 ], [ 16.7551383972168, 38.886806488037202 ], [ 16.7551383972168, 38.886528015136697 ], [ 16.754583358764599, 38.886528015136697 ], [ 16.754583358764599, 38.8862495422363 ], [ 16.753749847412099, 38.8862495422363 ], [ 16.753749847412099, 38.885971069335902 ], [ 16.753194808960099, 38.885971069335902 ], [ 16.753194808960099, 38.885692596435497 ], [ 16.7523612976075, 38.885692596435497 ], [ 16.7523612976075, 38.8854179382325 ], [ 16.751806259155298, 38.8854179382325 ], [ 16.751806259155298, 38.885139465332102 ], [ 16.750972747802798, 38.885139465332102 ], [ 16.750972747802798, 38.884860992431797 ], [ 16.7504177093506, 38.884860992431797 ], [ 16.7504177093506, 38.884582519531399 ], [ 16.749656677246001, 38.884582519531399 ], [ 16.749584197998001, 38.884582519531399 ], [ 16.749584197998001, 38.884304046631001 ], [ 16.7490253448487, 38.884304046631001 ], [ 16.7490253448487, 38.884029388427798 ], [ 16.748418807983501, 38.884029388427798 ], [ 16.748195648193501, 38.884029388427798 ], [ 16.748195648193501, 38.883922576904403 ], [ 16.748195648193501, 38.883750915527401 ], [ 16.747840881347699, 38.883750915527401 ], [ 16.747638702392699, 38.883750915527401 ], [ 16.747638702392699, 38.883651733398601 ], [ 16.747638702392699, 38.883472442627003 ], [ 16.747360229492099, 38.883472442627003 ], [ 16.747360229492099, 38.883193969726598 ], [ 16.7468032836913, 38.883193969726598 ], [ 16.7468032836913, 38.8829154968262 ], [ 16.746528625488299, 38.8829154968262 ], [ 16.746528625488299, 38.882637023925803 ], [ 16.745971679687599, 38.882637023925803 ], [ 16.745971679687599, 38.882362365722699 ], [ 16.745693206787202, 38.882362365722699 ], [ 16.745693206787202, 38.882083892822301 ], [ 16.745138168335, 38.882083892822301 ], [ 16.745138168335, 38.881805419921903 ], [ 16.7443046569825, 38.881805419921903 ], [ 16.7443046569825, 38.881526947021499 ], [ 16.743749618530298, 38.881526947021499 ], [ 16.743749618530298, 38.881248474121101 ], [ 16.7431945800781, 38.881248474121101 ], [ 16.7431945800781, 38.880973815918097 ], [ 16.742639541625898, 38.880973815918097 ], [ 16.742639541625898, 38.880695343017699 ], [ 16.741806030273601, 38.880695343017699 ], [ 16.741806030273601, 38.880416870117301 ], [ 16.741249084472798, 38.880416870117301 ], [ 16.741249084472798, 38.880138397216697 ], [ 16.740972518921001, 38.880138397216697 ], [ 16.740972518921001, 38.8798599243163 ], [ 16.7404174804688, 38.8798599243163 ], [ 16.7404174804688, 38.879585266113303 ], [ 16.740140914916999, 38.879581451416001 ], [ 16.740140914916999, 38.879306793212898 ], [ 16.7395839691163, 38.879306793212898 ], [ 16.7395839691163, 38.879028320312599 ], [ 16.7387504577637, 38.879028320312599 ], [ 16.7387504577637, 38.878749847412202 ], [ 16.738193511962901, 38.878749847412202 ], [ 16.738193511962901, 38.878471374511797 ], [ 16.737361907958899, 38.878471374511797 ], [ 16.737361907958899, 38.878192901611399 ], [ 16.7368068695069, 38.878192901611399 ], [ 16.7368068695069, 38.877918243408203 ], [ 16.7359714508056, 38.877918243408203 ], [ 16.7359714508056, 38.877639770507898 ], [ 16.735414505004901, 38.877639770507898 ], [ 16.735414505004901, 38.8773612976075 ], [ 16.7351379394532, 38.8773612976075 ], [ 16.7351379394532, 38.877082824707102 ], [ 16.734861373901399, 38.877082824707102 ], [ 16.734861373901399, 38.876804351806697 ], [ 16.7343044281007, 38.876804351806697 ], [ 16.7343044281007, 38.876529693603501 ], [ 16.734027862548899, 38.8765258789063 ], [ 16.734027862548899, 38.876251220703097 ], [ 16.733749389648501, 38.876251220703097 ], [ 16.733749389648501, 38.875972747802699 ], [ 16.732915878296001, 38.875972747802699 ], [ 16.732915878296001, 38.875694274902301 ], [ 16.732082366943398, 38.875694274902301 ], [ 16.732082366943398, 38.875415802002003 ], [ 16.7315273284912, 38.875415802002003 ], [ 16.7315273284912, 38.875137329101598 ], [ 16.7306938171387, 38.875137329101598 ], [ 16.7306938171387, 38.874862670898601 ], [ 16.729860305786101, 38.874862670898601 ], [ 16.729860305786101, 38.874584197998203 ], [ 16.729305267334102, 38.874584197998203 ], [ 16.729305267334102, 38.874305725097798 ], [ 16.7287502288819, 38.874305725097798 ], [ 16.7287502288819, 38.874027252197401 ], [ 16.728195190429702, 38.874027252197401 ], [ 16.728195190429702, 38.873748779296797 ], [ 16.727361679077099, 38.873748779296797 ], [ 16.727361679077099, 38.8734741210938 ], [ 16.7268772125244, 38.8734741210938 ], [ 16.726804733276399, 38.8734741210938 ], [ 16.726804733276399, 38.873195648193402 ], [ 16.726249694824201, 38.873195648193402 ], [ 16.726249694824201, 38.872917175292997 ], [ 16.7259731292725, 38.872917175292997 ], [ 16.7259731292725, 38.872638702392599 ], [ 16.725694656372099, 38.872638702392599 ], [ 16.725694656372099, 38.872360229492301 ], [ 16.725416183471701, 38.872360229492301 ], [ 16.725416183471701, 38.872081756591903 ], [ 16.725139617919901, 38.872081756591903 ], [ 16.725139617919901, 38.8718070983887 ], [ 16.724861145019499, 38.8718070983887 ], [ 16.724861145019499, 38.871528625488303 ], [ 16.723194122314599, 38.871528625488303 ], [ 16.723194122314599, 38.871250152587898 ], [ 16.722639083862401, 38.871250152587898 ], [ 16.722639083862401, 38.870971679687599 ], [ 16.7220859527588, 38.870971679687599 ], [ 16.7220859527588, 38.870693206787202 ], [ 16.721525192260899, 38.870693206787202 ], [ 16.721525192260899, 38.870418548583899 ], [ 16.721250534057599, 38.870418548583899 ], [ 16.721250534057599, 38.870140075683601 ], [ 16.720695495605501, 38.870140075683601 ], [ 16.720695495605501, 38.869861602783203 ], [ 16.720138549804702, 38.869861602783203 ], [ 16.720138549804702, 38.869583129882798 ], [ 16.7195854187013, 38.869583129882798 ], [ 16.7195854187013, 38.869304656982401 ], [ 16.719028472900501, 38.869304656982401 ], [ 16.719028472900501, 38.869026184082003 ], [ 16.718471527099599, 38.869026184082003 ], [ 16.718471527099599, 38.868751525878999 ], [ 16.717916488647599, 38.868751525878999 ], [ 16.717916488647599, 38.868473052978601 ], [ 16.717361450195401, 38.868473052978601 ], [ 16.717361450195401, 38.868194580078203 ], [ 16.7168064117432, 38.868194580078203 ], [ 16.7168064117432, 38.867916107177798 ], [ 16.716249465942401, 38.867916107177798 ], [ 16.716249465942401, 38.8676376342775 ], [ 16.715694427490298, 38.8676376342775 ], [ 16.715694427490298, 38.867362976074297 ], [ 16.7151393890381, 38.867362976074297 ], [ 16.7151393890381, 38.867084503173899 ], [ 16.714582443237301, 38.867084503173899 ], [ 16.714582443237301, 38.866806030273501 ], [ 16.714027404785199, 38.866806030273501 ], [ 16.714027404785199, 38.866527557373097 ], [ 16.713472366333001, 38.866527557373097 ], [ 16.713472366333001, 38.866249084472699 ], [ 16.712917327881001, 38.866249084472699 ], [ 16.712917327881001, 38.865970611572401 ], [ 16.71236038208, 38.865970611572401 ], [ 16.71236038208, 38.865695953369098 ], [ 16.711896896362301, 38.865695953369098 ], [ 16.711805343628001, 38.865695953369098 ], [ 16.711805343628001, 38.8654174804688 ], [ 16.7113761901857, 38.8654174804688 ], [ 16.711250305175799, 38.8654174804688 ], [ 16.711250305175799, 38.865139007568402 ], [ 16.710971832275401, 38.865139007568402 ], [ 16.710971832275401, 38.864860534667997 ], [ 16.7104187011719, 38.864860534667997 ], [ 16.7104187011719, 38.864582061767599 ], [ 16.709861755371101, 38.864582061767599 ], [ 16.709861755371101, 38.864307403564403 ], [ 16.709274291992202, 38.864345550537102 ], [ 16.709306716918899, 38.864028930663999 ], [ 16.709028244018601, 38.864028930663999 ], [ 16.709028244018601, 38.8637504577637 ], [ 16.708471298217798, 38.8637504577637 ], [ 16.708471298217798, 38.863471984863303 ], [ 16.707914352416999, 38.863471984863303 ], [ 16.707914352416999, 38.863193511962898 ], [ 16.707361221313398, 38.863193511962898 ], [ 16.707361221313398, 38.8629150390625 ], [ 16.7070846557618, 38.8629150390625 ], [ 16.7070846557618, 38.862640380859503 ], [ 16.706527709961101, 38.862640380859503 ], [ 16.706527709961101, 38.862361907959098 ], [ 16.7059745788575, 38.862361907959098 ], [ 16.7059745788575, 38.8620834350587 ], [ 16.7054157257081, 38.8620834350587 ], [ 16.7054157257081, 38.861804962158303 ], [ 16.704736709594702, 38.861804962158303 ], [ 16.7043056488038, 38.861804962158303 ], [ 16.7043056488038, 38.861568450927798 ], [ 16.704229354858398, 38.861526489257898 ], [ 16.703470230102599, 38.861526489257898 ], [ 16.703470230102599, 38.861251831054702 ], [ 16.702917098998999, 38.861251831054702 ], [ 16.702917098998999, 38.860973358154403 ], [ 16.702083587646499, 38.860973358154403 ], [ 16.702083587646499, 38.860694885253999 ], [ 16.701250076293899, 38.860694885253999 ], [ 16.701250076293899, 38.860416412353601 ], [ 16.700971603393501, 38.860416412353601 ], [ 16.700971603393501, 38.860137939453203 ], [ 16.700416564941499, 38.860137939453203 ], [ 16.700416564941499, 38.859859466552798 ], [ 16.700138092041101, 38.859859466552798 ], [ 16.700138092041101, 38.859584808349602 ], [ 16.699583053588999, 38.859584808349602 ], [ 16.699583053588999, 38.859306335449197 ], [ 16.699029922485401, 38.859306335449197 ], [ 16.699029922485401, 38.8590278625488 ], [ 16.698749542236399, 38.8590278625488 ], [ 16.698749542236399, 38.858749389648402 ], [ 16.698472976684599, 38.858749389648402 ], [ 16.698472976684599, 38.858470916748097 ], [ 16.697917938232401, 38.858470916748097 ], [ 16.697917938232401, 38.858196258545 ], [ 16.697639465331999, 38.858196258545 ], [ 16.697639465331999, 38.857917785644503 ], [ 16.697360992431602, 38.857917785644503 ], [ 16.697360992431602, 38.857757568359403 ], [ 16.697360992431602, 38.857639312744098 ], [ 16.697147369384801, 38.857639312744098 ], [ 16.696527481079102, 38.857639312744098 ], [ 16.696527481079102, 38.8573608398438 ], [ 16.6959724426269, 38.8573608398438 ], [ 16.6959724426269, 38.857082366943402 ], [ 16.695695877075298, 38.857082366943402 ], [ 16.695695877075298, 38.856842041015597 ], [ 16.695625305175898, 38.856803894042997 ], [ 16.695138931274499, 38.856803894042997 ], [ 16.695138931274499, 38.856536865234503 ], [ 16.694860458373999, 38.85652923584 ], [ 16.694860458373999, 38.856384277343899 ], [ 16.694860458373999, 38.856250762939602 ], [ 16.694585800171001, 38.856250762939602 ], [ 16.694585800171001, 38.855972290039198 ], [ 16.6941146850587, 38.855972290039198 ], [ 16.693750381469801, 38.855972290039198 ], [ 16.693750381469801, 38.855773925781399 ], [ 16.693750381469801, 38.8556938171388 ], [ 16.693603515625, 38.8556938171388 ], [ 16.693473815918001, 38.8556938171388 ], [ 16.693473815918001, 38.855621337890703 ], [ 16.693473815918001, 38.855415344238402 ], [ 16.693193435669102, 38.855415344238402 ], [ 16.693193435669102, 38.855140686035199 ], [ 16.692916870117202, 38.855140686035199 ], [ 16.692916870117202, 38.854862213134801 ], [ 16.6923637390137, 38.854862213134801 ], [ 16.6923637390137, 38.854583740234403 ], [ 16.6918048858643, 38.854583740234403 ], [ 16.6918048858643, 38.854305267333999 ], [ 16.691249847412099, 38.854305267333999 ], [ 16.691249847412099, 38.8540267944337 ], [ 16.690971374511701, 38.8540267944337 ], [ 16.690971374511701, 38.853748321533303 ], [ 16.690416336059599, 38.853748321533303 ], [ 16.690416336059599, 38.853473663330099 ], [ 16.690139770507798, 38.853473663330099 ], [ 16.690139770507798, 38.853195190429702 ], [ 16.689582824706999, 38.853195190429702 ], [ 16.689582824706999, 38.852916717529297 ], [ 16.689306259155401, 38.852916717529297 ], [ 16.689306259155401, 38.852638244628899 ], [ 16.688749313354599, 38.852638244628899 ], [ 16.688749313354599, 38.852359771728501 ], [ 16.6881942749025, 38.852359771728501 ], [ 16.6881942749025, 38.852085113525497 ], [ 16.687639236450199, 38.852085113525497 ], [ 16.687639236450199, 38.851806640625099 ], [ 16.6870841979981, 38.851806640625099 ], [ 16.6870841979981, 38.851528167724602 ], [ 16.686805725097699, 38.851528167724602 ], [ 16.686805725097699, 38.851249694824197 ], [ 16.686250686645501, 38.851249694824197 ], [ 16.686250686645501, 38.8509712219238 ], [ 16.685693740844801, 38.8509712219238 ], [ 16.685693740844801, 38.850692749023402 ], [ 16.685138702392599, 38.850692749023402 ], [ 16.685138702392599, 38.850418090820398 ], [ 16.684583663940401, 38.850418090820398 ], [ 16.684583663940401, 38.85013961792 ], [ 16.68430519104, 38.85013961792 ], [ 16.68430519104, 38.849861145019602 ], [ 16.683750152587798, 38.849861145019602 ], [ 16.683750152587798, 38.849582672119297 ], [ 16.683195114135899, 38.849582672119297 ], [ 16.683195114135899, 38.849304199218899 ], [ 16.6826362609863, 38.849304199218899 ], [ 16.6826362609863, 38.849029541015703 ], [ 16.682361602783299, 38.849029541015703 ], [ 16.682361602783299, 38.848751068115298 ], [ 16.681806564331101, 38.848751068115298 ], [ 16.681806564331101, 38.848472595214901 ], [ 16.681249618530298, 38.848472595214901 ], [ 16.681249618530298, 38.848194122314503 ], [ 16.6806964874268, 38.848194122314503 ], [ 16.6806964874268, 38.847915649414098 ], [ 16.680414199829201, 38.847915649414098 ], [ 16.680414199829201, 38.8476371765137 ], [ 16.6798610687256, 38.8476371765137 ], [ 16.6798610687256, 38.847362518310497 ], [ 16.679582595825199, 38.847362518310497 ], [ 16.679582595825199, 38.847084045410199 ], [ 16.679027557373001, 38.847084045410199 ], [ 16.679027557373001, 38.846805572509801 ], [ 16.678749084472699, 38.846805572509801 ], [ 16.678749084472699, 38.846527099609403 ], [ 16.6781921386719, 38.846527099609403 ], [ 16.6781921386719, 38.846248626708999 ], [ 16.677917480468899, 38.846248626708999 ], [ 16.677917480468899, 38.845973968506001 ], [ 16.677360534667901, 38.845973968506001 ], [ 16.677360534667901, 38.845695495605597 ], [ 16.676527023315501, 38.845695495605597 ], [ 16.676527023315501, 38.845417022705199 ], [ 16.675693511963001, 38.845417022705199 ], [ 16.675693511963001, 38.845138549804602 ], [ 16.674861907958999, 38.845138549804602 ], [ 16.674861907958999, 38.844860076904197 ], [ 16.674434661865199, 38.844860076904197 ], [ 16.674304962158299, 38.844860076904197 ], [ 16.674304962158299, 38.8447875976562 ], [ 16.674304962158299, 38.844581604003899 ], [ 16.673900604248001, 38.844581604003899 ], [ 16.673749923706101, 38.844581604003899 ], [ 16.673749923706101, 38.844509124755902 ], [ 16.673749923706101, 38.844306945800803 ], [ 16.673324584961001, 38.844306945800803 ], [ 16.673194885253899, 38.844306945800803 ], [ 16.673194885253899, 38.844028472900398 ], [ 16.672742843627901, 38.844028472900398 ], [ 16.672639846801701, 38.844028472900398 ], [ 16.672639846801701, 38.84375 ], [ 16.672161102294901, 38.84375 ], [ 16.672082901000898, 38.84375 ], [ 16.672082901000898, 38.843471527099702 ], [ 16.6715297698975, 38.843471527099702 ], [ 16.6715297698975, 38.843193054199297 ], [ 16.6709728240968, 38.843193054199297 ], [ 16.6709728240968, 38.842918395996101 ], [ 16.670417785644599, 38.842918395996101 ], [ 16.670417785644599, 38.842639923095803 ], [ 16.6698608398438, 38.842639923095803 ], [ 16.6698608398438, 38.842361450195398 ], [ 16.669261932373001, 38.842361450195398 ], [ 16.669025421142699, 38.842361450195398 ], [ 16.669025421142699, 38.842250823974602 ], [ 16.669025421142699, 38.842082977295 ], [ 16.668676376342798, 38.842082977295 ], [ 16.668472290039102, 38.842082977295 ], [ 16.668472290039102, 38.841983795166101 ], [ 16.668472290039102, 38.841804504394602 ], [ 16.668094635009901, 38.841804504394602 ], [ 16.6679172515869, 38.841804504394602 ], [ 16.6679172515869, 38.8417167663575 ], [ 16.6679172515869, 38.841526031494197 ], [ 16.667514801025501, 38.841526031494197 ], [ 16.667360305786101, 38.841526031494197 ], [ 16.667360305786101, 38.8414535522462 ], [ 16.667360305786101, 38.841251373291001 ], [ 16.6669425964357, 38.841251373291001 ], [ 16.666803359985401, 38.841251373291001 ], [ 16.666803359985401, 38.840972900390597 ], [ 16.666528701782301, 38.840972900390597 ], [ 16.666528701782301, 38.840694427490199 ], [ 16.665971755981399, 38.840694427490199 ], [ 16.665971755981399, 38.840415954589801 ], [ 16.6654167175294, 38.840415954589801 ], [ 16.6654167175294, 38.840137481689503 ], [ 16.664863586425799, 38.840137481689503 ], [ 16.664863586425799, 38.839862823486399 ], [ 16.6645812988281, 38.839862823486399 ], [ 16.6645812988281, 38.839584350586101 ], [ 16.664028167724702, 38.839584350586101 ], [ 16.664028167724702, 38.839305877685703 ], [ 16.663471221923899, 38.839305877685703 ], [ 16.663471221923899, 38.839027404785298 ], [ 16.662916183471701, 38.839027404785298 ], [ 16.662916183471701, 38.838748931884702 ], [ 16.662359237671001, 38.838748931884702 ], [ 16.662359237671001, 38.838470458984297 ], [ 16.661527633666999, 38.838470458984297 ], [ 16.661527633666999, 38.8381958007813 ], [ 16.660972595214801, 38.8381958007813 ], [ 16.660972595214801, 38.837917327880902 ], [ 16.660417556762798, 38.837917327880902 ], [ 16.660417556762798, 38.837638854980497 ], [ 16.660139083862401, 38.837638854980497 ], [ 16.660139083862401, 38.837917327880902 ], [ 16.659975051879901, 38.837917327880902 ], [ 16.6598606109619, 38.837917327880902 ], [ 16.6598606109619, 38.837638854980497 ], [ 16.659393310546999, 38.837638854980497 ], [ 16.658472061157301, 38.837638854980497 ], [ 16.658472061157301, 38.837360382080199 ], [ 16.657638549804702, 38.837360382080199 ], [ 16.657638549804702, 38.837081909179801 ], [ 16.657083511352599, 38.837081909179801 ], [ 16.657083511352599, 38.836807250976598 ], [ 16.656528472900401, 38.836807250976598 ], [ 16.656528472900401, 38.8365287780762 ], [ 16.655971527099599, 38.8365287780762 ], [ 16.655971527099599, 38.836250305175803 ], [ 16.655414581298899, 38.836250305175803 ], [ 16.655414581298899, 38.835971832275398 ], [ 16.655136108398501, 38.835971832275398 ], [ 16.655136108398501, 38.835693359375099 ], [ 16.654861450195298, 38.835693359375099 ], [ 16.654861450195298, 38.835472106933601 ], [ 16.6547451019288, 38.835414886474702 ], [ 16.654306411743299, 38.835414886474702 ], [ 16.654306411743299, 38.835205078125099 ], [ 16.654169082641602, 38.835140228271499 ], [ 16.6537494659425, 38.835140228271499 ], [ 16.6537494659425, 38.834938049316499 ], [ 16.6537494659425, 38.834861755371101 ], [ 16.653587341308601, 38.834861755371101 ], [ 16.6529140472412, 38.834861755371101 ], [ 16.6529140472412, 38.834583282470703 ], [ 16.6518058776856, 38.834583282470703 ], [ 16.6518058776856, 38.834304809570298 ], [ 16.650693893432699, 38.834304809570298 ], [ 16.650693893432699, 38.834026336669901 ], [ 16.650138854980501, 38.834026336669901 ], [ 16.650138854980501, 38.833751678466903 ], [ 16.649583816528299, 38.833751678466903 ], [ 16.649583816528299, 38.833473205566499 ], [ 16.6490268707275, 38.833473205566499 ], [ 16.6490268707275, 38.833194732666101 ], [ 16.648471832275298, 38.833194732666101 ], [ 16.648471832275298, 38.832916259765703 ], [ 16.647916793823399, 38.832916259765703 ], [ 16.647916793823399, 38.832637786865298 ], [ 16.6473617553712, 38.832637786865298 ], [ 16.6473617553712, 38.832359313964801 ], [ 16.646804809570401, 38.832359313964801 ], [ 16.646804809570401, 38.832084655761797 ], [ 16.6462497711182, 38.832084655761797 ], [ 16.6462497711182, 38.831806182861399 ], [ 16.645971298217798, 38.831806182861399 ], [ 16.645971298217798, 38.831527709961001 ], [ 16.6454162597657, 38.831527709961001 ], [ 16.6454162597657, 38.831249237060597 ], [ 16.644861221313501, 38.831249237060597 ], [ 16.644861221313501, 38.830970764160298 ], [ 16.6445827484131, 38.830970764160298 ], [ 16.6445827484131, 38.830696105957003 ], [ 16.644027709960898, 38.830696105957003 ], [ 16.644027709960898, 38.830417633056598 ], [ 16.6434726715087, 38.830417633056598 ], [ 16.6434726715087, 38.8301391601562 ], [ 16.6429176330568, 38.8301391601562 ], [ 16.6429176330568, 38.829860687255902 ], [ 16.642639160156399, 38.829860687255902 ], [ 16.642639160156399, 38.829681396484503 ], [ 16.642639160156399, 38.829582214355497 ], [ 16.642429351806602, 38.829582214355497 ], [ 16.642084121704201, 38.829582214355497 ], [ 16.642084121704201, 38.829421997070398 ], [ 16.642084121704201, 38.829303741455099 ], [ 16.641828536987401, 38.829303741455099 ], [ 16.641525268554702, 38.829303741455099 ], [ 16.641525268554702, 38.8291625976562 ], [ 16.641525268554702, 38.829029083251903 ], [ 16.641241073608501, 38.829029083251903 ], [ 16.640695571899499, 38.829029083251903 ], [ 16.640695571899499, 38.828773498535199 ], [ 16.6401386260987, 38.828750610351598 ], [ 16.6401386260987, 38.8285140991212 ], [ 16.640048980713001, 38.8284721374512 ], [ 16.639585494995099, 38.8284721374512 ], [ 16.639585494995099, 38.828258514404197 ], [ 16.639448165893601, 38.828193664550803 ], [ 16.638750076293899, 38.828193664550803 ], [ 16.638750076293899, 38.827915191650398 ], [ 16.6381931304932, 38.827915191650398 ], [ 16.6381931304932, 38.827651977539098 ], [ 16.637361526489201, 38.827640533447401 ], [ 16.637361526489201, 38.827449798584098 ], [ 16.637361526489201, 38.827362060547003 ], [ 16.636997222900501, 38.827362060547003 ], [ 16.636806488037202, 38.827362060547003 ], [ 16.636804580688501, 38.827083587646598 ], [ 16.635971069335898, 38.827083587646598 ], [ 16.635971069335898, 38.8268051147462 ], [ 16.635416030883899, 38.8268051147462 ], [ 16.635416030883899, 38.826526641845803 ], [ 16.634027481079201, 38.826526641845803 ], [ 16.634027481079201, 38.8268051147462 ], [ 16.633750915527301, 38.8268051147462 ], [ 16.633750915527301, 38.827083587646598 ], [ 16.6309719085693, 38.827083587646598 ], [ 16.6309719085693, 38.8268051147462 ], [ 16.630418777465898, 38.8268051147462 ], [ 16.630418777465898, 38.826526641845803 ], [ 16.6284713745118, 38.826526641845803 ], [ 16.6284713745118, 38.826248168945398 ], [ 16.626527786254901, 38.826248168945398 ], [ 16.626527786254901, 38.825973510742202 ], [ 16.625974655151499, 38.825973510742202 ], [ 16.625974655151499, 38.825695037841903 ], [ 16.625415802001999, 38.825695037841903 ], [ 16.625415802001999, 38.825416564941499 ], [ 16.6245822906494, 38.825416564941499 ], [ 16.6245822906494, 38.825138092041101 ], [ 16.624027252197401, 38.825138092041101 ], [ 16.624027252197401, 38.824859619140703 ], [ 16.623470306396602, 38.824859619140703 ], [ 16.623470306396602, 38.8245849609375 ], [ 16.622917175293001, 38.8245849609375 ], [ 16.622917175293001, 38.824306488037102 ], [ 16.622360229492202, 38.824306488037102 ], [ 16.622360229492202, 38.824028015136697 ], [ 16.621805191040099, 38.824028015136697 ], [ 16.621805191040099, 38.8237495422363 ], [ 16.621250152587901, 38.8237495422363 ], [ 16.621250152587901, 38.823471069336001 ], [ 16.6209716796875, 38.823471069336001 ], [ 16.6209716796875, 38.823192596435597 ], [ 16.620416641235401, 38.823192596435597 ], [ 16.620416641235401, 38.822917938232401 ], [ 16.620138168335, 38.822917938232401 ], [ 16.620138168335, 38.822639465332003 ], [ 16.6198616027831, 38.822639465332003 ], [ 16.6198616027831, 38.822360992431598 ], [ 16.619583129882798, 38.822360992431598 ], [ 16.619583129882798, 38.8220825195312 ], [ 16.619028091430799, 38.8220825195312 ], [ 16.619028091430799, 38.821804046630902 ], [ 16.618749618530401, 38.821804046630902 ], [ 16.618749618530401, 38.821529388427798 ], [ 16.6181945800782, 38.821529388427798 ], [ 16.6181945800782, 38.8212509155275 ], [ 16.617639541626001, 38.8212509155275 ], [ 16.617639541626001, 38.820972442627102 ], [ 16.6173610687256, 38.820972442627102 ], [ 16.6173610687256, 38.820693969726698 ], [ 16.616807937622099, 38.820693969726698 ], [ 16.616807937622099, 38.8204154968263 ], [ 16.616249084472699, 38.8204154968263 ], [ 16.616249084472699, 38.820137023925902 ], [ 16.615695953369102, 38.820137023925902 ], [ 16.615695953369102, 38.819862365722699 ], [ 16.615139007568398, 38.819862365722699 ], [ 16.615139007568398, 38.819583892822301 ], [ 16.614860534668001, 38.819583892822301 ], [ 16.614860534668001, 38.819305419921903 ], [ 16.614303588867202, 38.819305419921903 ], [ 16.614303588867202, 38.819026947021499 ], [ 16.613750457763601, 38.819026947021499 ], [ 16.613750457763601, 38.8187484741212 ], [ 16.613473892211999, 38.8187484741212 ], [ 16.613473892211999, 38.818473815917997 ], [ 16.613195419311602, 38.818473815917997 ], [ 16.613195419311602, 38.818195343017599 ], [ 16.6129169464112, 38.818195343017599 ], [ 16.6129169464112, 38.817916870117202 ], [ 16.612638473510899, 38.817916870117202 ], [ 16.612638473510899, 38.817638397216797 ], [ 16.612363815307699, 38.817638397216797 ], [ 16.612363815307699, 38.817359924316399 ], [ 16.611803054809499, 38.817359924316399 ], [ 16.611803054809499, 38.817085266113402 ], [ 16.611528396606499, 38.817081451416101 ], [ 16.611528396606499, 38.816806793212997 ], [ 16.611249923706101, 38.816806793212997 ], [ 16.611249923706101, 38.816528320312401 ], [ 16.6109714508057, 38.816528320312401 ], [ 16.6109714508057, 38.816249847412102 ], [ 16.610694885253999, 38.816249847412102 ], [ 16.610694885253999, 38.815971374511697 ], [ 16.610416412353601, 38.815971374511697 ], [ 16.610416412353601, 38.8156929016113 ], [ 16.609989166259801, 38.8156929016113 ], [ 16.609861373901399, 38.8156929016113 ], [ 16.609861373901399, 38.815589904785199 ], [ 16.609861373901399, 38.815418243408303 ], [ 16.609647750854499, 38.815418243408303 ], [ 16.609306335449201, 38.815418243408303 ], [ 16.609306335449201, 38.815143585205099 ], [ 16.608749389648398, 38.815139770507898 ], [ 16.608749389648398, 38.8148612976075 ], [ 16.6081943511963, 38.8148612976075 ], [ 16.6081943511963, 38.814582824707102 ], [ 16.6076393127443, 38.814582824707102 ], [ 16.6076393127443, 38.814304351806797 ], [ 16.6073608398437, 38.814304351806797 ], [ 16.6073608398437, 38.814029693603601 ], [ 16.606805801391701, 38.814025878906399 ], [ 16.606805801391701, 38.813751220703203 ], [ 16.606250762939499, 38.813751220703203 ], [ 16.606250762939499, 38.813472747802798 ], [ 16.6056938171388, 38.813472747802798 ], [ 16.6056938171388, 38.813194274902401 ], [ 16.605138778686602, 38.813194274902401 ], [ 16.605138778686602, 38.812915802002003 ], [ 16.6045837402344, 38.812915802002003 ], [ 16.6045837402344, 38.812362670898402 ], [ 16.604305267333999, 38.812362670898402 ], [ 16.604305267333999, 38.811805725097599 ], [ 16.604028701782202, 38.811805725097599 ], [ 16.604028701782202, 38.811248779296903 ], [ 16.6037502288818, 38.811248779296903 ], [ 16.6037502288818, 38.810417175293097 ], [ 16.603471755981399, 38.810417175293097 ], [ 16.603471755981399, 38.809860229492102 ], [ 16.603195190429702, 38.809860229492102 ], [ 16.603195190429702, 38.8093070983887 ], [ 16.6029167175293, 38.8093070983887 ], [ 16.6029167175293, 38.808750152587997 ], [ 16.602638244628899, 38.808750152587997 ], [ 16.602638244628899, 38.808193206787202 ], [ 16.602361679077099, 38.808193206787202 ], [ 16.602361679077099, 38.8076400756837 ], [ 16.602083206176701, 38.8076400756837 ], [ 16.602083206176701, 38.807361602783303 ], [ 16.601806640625099, 38.807361602783303 ], [ 16.601806640625099, 38.8068046569825 ], [ 16.601528167724702, 38.8068046569825 ], [ 16.601528167724702, 38.806251525878899 ], [ 16.6012496948243, 38.806251525878899 ], [ 16.6012496948243, 38.805973052978501 ], [ 16.600973129272599, 38.805973052978501 ], [ 16.600973129272599, 38.805416107177699 ], [ 16.600696563720799, 38.805416107177699 ], [ 16.600696563720799, 38.804862976074297 ], [ 16.600414276123001, 38.804862976074297 ], [ 16.600414276123001, 38.804584503173899 ], [ 16.60013961792, 38.804584503173899 ], [ 16.60013961792, 38.804027557373203 ], [ 16.599861145019599, 38.804027557373203 ], [ 16.599861145019599, 38.803470611572202 ], [ 16.599584579467798, 38.803470611572202 ], [ 16.599584579467798, 38.803195953369197 ], [ 16.599304199218899, 38.803195953369197 ], [ 16.599304199218899, 38.8029174804688 ], [ 16.599027633666999, 38.8029174804688 ], [ 16.599027633666999, 38.802639007568402 ], [ 16.598749160766701, 38.802639007568402 ], [ 16.598749160766701, 38.802082061767699 ], [ 16.598474502563501, 38.802082061767699 ], [ 16.598474502563501, 38.801807403564503 ], [ 16.598192214965898, 38.801807403564503 ], [ 16.598192214965898, 38.801528930664098 ], [ 16.597917556762699, 38.801528930664098 ], [ 16.597917556762699, 38.8012504577637 ], [ 16.597639083862301, 38.8012504577637 ], [ 16.597639083862301, 38.800971984863303 ], [ 16.5973606109619, 38.800971984863303 ], [ 16.5973606109619, 38.800415039062599 ], [ 16.597082138061499, 38.800415039062599 ], [ 16.597082138061499, 38.800140380859403 ], [ 16.596805572509801, 38.800140380859403 ], [ 16.596805572509801, 38.799861907958999 ], [ 16.5965270996094, 38.799861907958999 ], [ 16.5965270996094, 38.799583435058601 ], [ 16.596250534057599, 38.799583435058601 ], [ 16.596250534057599, 38.799304962158203 ], [ 16.595970153808601, 38.799304962158203 ], [ 16.595970153808601, 38.799026489257798 ], [ 16.5956935882568, 38.799026489257798 ], [ 16.5956935882568, 38.798473358154403 ], [ 16.595417022705199, 38.798473358154403 ], [ 16.595417022705199, 38.798194885253999 ], [ 16.595138549804801, 38.798194885253999 ], [ 16.595138549804801, 38.797916412353601 ], [ 16.5948600769044, 38.797916412353601 ], [ 16.5948600769044, 38.797637939453203 ], [ 16.594583511352599, 38.797637939453203 ], [ 16.594583511352599, 38.797359466552699 ], [ 16.594305038452301, 38.797359466552699 ], [ 16.594305038452301, 38.797084808349702 ], [ 16.594028472900401, 38.797084808349702 ], [ 16.594028472900401, 38.796527862548899 ], [ 16.593748092651499, 38.796527862548899 ], [ 16.593748092651499, 38.796249389648501 ], [ 16.593471527099702, 38.796249389648501 ], [ 16.593471527099702, 38.795970916748203 ], [ 16.593194961547901, 38.795970916748203 ], [ 16.593194961547901, 38.795696258544901 ], [ 16.5929164886475, 38.795696258544901 ], [ 16.5929164886475, 38.795139312744098 ], [ 16.5926399230957, 38.795139312744098 ], [ 16.5926399230957, 38.7948608398438 ], [ 16.592361450195298, 38.7948608398438 ], [ 16.592361450195298, 38.794303894042997 ], [ 16.592082977294901, 38.794303894042997 ], [ 16.592082977294901, 38.793750762939503 ], [ 16.5918064117432, 38.793750762939503 ], [ 16.5918064117432, 38.793472290039098 ], [ 16.5915298461913, 38.793472290039098 ], [ 16.5915298461913, 38.793029785156399 ], [ 16.5915298461913, 38.792915344238303 ], [ 16.591419219970799, 38.792915344238303 ], [ 16.591249465942401, 38.792915344238303 ], [ 16.591249465942401, 38.792739868164098 ], [ 16.591249465942401, 38.792640686035298 ], [ 16.591150283813601, 38.792640686035298 ], [ 16.5909729003906, 38.792640686035298 ], [ 16.5909729003906, 38.792457580566499 ], [ 16.5909729003906, 38.792362213134901 ], [ 16.5908813476563, 38.792362213134901 ], [ 16.590694427490199, 38.792362213134901 ], [ 16.590694427490199, 38.792171478271598 ], [ 16.590694427490199, 38.792083740234503 ], [ 16.590610504150401, 38.792083740234503 ], [ 16.590417861938601, 38.792083740234503 ], [ 16.590417861938601, 38.791896820068402 ], [ 16.590417861938601, 38.791805267334098 ], [ 16.5903224945069, 38.791805267334098 ], [ 16.5901393890382, 38.791805267334098 ], [ 16.5901393890382, 38.791633605957102 ], [ 16.5901393890382, 38.7915267944337 ], [ 16.590024948120099, 38.7915267944337 ], [ 16.589582443237202, 38.7915267944337 ], [ 16.589582443237202, 38.791248321533303 ], [ 16.589307785034201, 38.791248321533303 ], [ 16.589307785034201, 38.790973663330099 ], [ 16.589027404785298, 38.790901184082102 ], [ 16.589027404785298, 38.790695190429702 ], [ 16.588750839233501, 38.790695190429702 ], [ 16.588750839233501, 38.790416717529297 ], [ 16.5884723663331, 38.790416717529297 ], [ 16.5884723663331, 38.790138244628999 ], [ 16.5881958007813, 38.790138244628999 ], [ 16.5881958007813, 38.789875030517699 ], [ 16.587917327880898, 38.789859771728601 ], [ 16.587917327880898, 38.789630889892599 ], [ 16.587638854980501, 38.789585113525398 ], [ 16.587638854980501, 38.789386749267599 ], [ 16.587638854980501, 38.789306640625 ], [ 16.5875453948975, 38.789306640625 ], [ 16.587360382080099, 38.789306640625 ], [ 16.587360382080099, 38.789142608642699 ], [ 16.587360382080099, 38.789028167724602 ], [ 16.587236404418899, 38.789028167724602 ], [ 16.587085723876999, 38.789028167724602 ], [ 16.587085723876999, 38.788875579833999 ], [ 16.587085723876999, 38.788749694824197 ], [ 16.586961746215898, 38.788749694824197 ], [ 16.5868034362794, 38.788749694824197 ], [ 16.5868034362794, 38.7885932922363 ], [ 16.5868034362794, 38.788471221923899 ], [ 16.586685180664102, 38.788471221923899 ], [ 16.586526870727599, 38.788471221923899 ], [ 16.586526870727599, 38.7883110046387 ], [ 16.586526870727599, 38.788192749023501 ], [ 16.5864067077637, 38.788192749023501 ], [ 16.586250305175799, 38.788192749023501 ], [ 16.586250305175799, 38.788032531738303 ], [ 16.586250305175799, 38.787918090820298 ], [ 16.586135864257901, 38.787918090820298 ], [ 16.585973739623999, 38.787918090820298 ], [ 16.585973739623999, 38.787754058837898 ], [ 16.585973739623999, 38.787639617919901 ], [ 16.585859298706101, 38.787639617919901 ], [ 16.585693359375, 38.787639617919901 ], [ 16.585693359375, 38.787475585937599 ], [ 16.585693359375, 38.787361145019503 ], [ 16.585584640502901, 38.787361145019503 ], [ 16.5854167938232, 38.787361145019503 ], [ 16.5854167938232, 38.787193298339801 ], [ 16.5854167938232, 38.787082672119098 ], [ 16.585304260253899, 38.787082672119098 ], [ 16.585138320922901, 38.787082672119098 ], [ 16.585138320922901, 38.786914825439503 ], [ 16.585138320922901, 38.7868041992188 ], [ 16.585029602050898, 38.7868041992188 ], [ 16.584863662719801, 38.7868041992188 ], [ 16.584863662719801, 38.786636352539098 ], [ 16.584863662719801, 38.786529541015703 ], [ 16.584758758544901, 38.786529541015703 ], [ 16.584581375122099, 38.786529541015703 ], [ 16.584581375122099, 38.786354064941499 ], [ 16.584581375122099, 38.786251068115298 ], [ 16.584480285644499, 38.786251068115298 ], [ 16.584304809570298, 38.786251068115298 ], [ 16.584304809570298, 38.7860717773438 ], [ 16.584304809570298, 38.785972595215 ], [ 16.5842094421387, 38.785972595215 ], [ 16.5840282440187, 38.785972595215 ], [ 16.5840282440187, 38.7857856750488 ], [ 16.5840282440187, 38.785694122314602 ], [ 16.583940505981602, 38.785694122314602 ], [ 16.583749771118299, 38.785694122314602 ], [ 16.583749771118299, 38.785495758056797 ], [ 16.583749771118299, 38.785415649414198 ], [ 16.583673477172901, 38.785415649414198 ], [ 16.583471298217699, 38.785415649414198 ], [ 16.583471298217699, 38.785205841064503 ], [ 16.5834045410156, 38.7851371765138 ], [ 16.583194732666101, 38.7851371765138 ], [ 16.583194732666101, 38.784919738769503 ], [ 16.583139419555799, 38.784862518310597 ], [ 16.5829162597657, 38.784862518310597 ], [ 16.5829162597657, 38.7846298217775 ], [ 16.582639694213899, 38.784584045410199 ], [ 16.582639694213899, 38.7843437194825 ], [ 16.582359313965, 38.784305572509801 ], [ 16.582359313965, 38.784053802490199 ], [ 16.5820827484131, 38.784027099609403 ], [ 16.5820827484131, 38.783763885498203 ], [ 16.581806182861399, 38.783748626708999 ], [ 16.581806182861399, 38.783477783203203 ], [ 16.581527709961001, 38.783473968505902 ], [ 16.581527709961001, 38.783195495605497 ], [ 16.5812492370606, 38.783195495605497 ], [ 16.5812492370606, 38.782917022705099 ], [ 16.5809726715088, 38.782917022705099 ], [ 16.5809726715088, 38.782638549804702 ], [ 16.580694198608501, 38.782638549804702 ], [ 16.580694198608501, 38.782360076904297 ], [ 16.5804157257081, 38.782360076904297 ], [ 16.5804157257081, 38.782081604003999 ], [ 16.5801391601562, 38.782081604003999 ], [ 16.5801391601562, 38.781749725341797 ], [ 16.5801391601562, 38.781528472900298 ], [ 16.579860687255898, 38.781528472900298 ], [ 16.579860687255898, 38.78125 ], [ 16.579656600952099, 38.78125 ], [ 16.579584121704102, 38.78125 ], [ 16.579584121704102, 38.781173706054702 ], [ 16.579584121704102, 38.780971527099602 ], [ 16.579389572143601, 38.780971527099602 ], [ 16.5793056488037, 38.780971527099602 ], [ 16.5793056488037, 38.7808837890625 ], [ 16.5793056488037, 38.780693054199197 ], [ 16.579120635986399, 38.780693054199197 ], [ 16.579027175903299, 38.780693054199197 ], [ 16.579027175903299, 38.780597686767599 ], [ 16.579027175903299, 38.7804183959962 ], [ 16.578855514526499, 38.7804183959962 ], [ 16.578750610351499, 38.7804183959962 ], [ 16.578750610351499, 38.780307769775398 ], [ 16.578750610351499, 38.780139923095803 ], [ 16.578588485717798, 38.780139923095803 ], [ 16.578472137451101, 38.780139923095803 ], [ 16.578472137451101, 38.780021667480497 ], [ 16.578472137451101, 38.779861450195398 ], [ 16.578319549560501, 38.779861450195398 ], [ 16.5781936645507, 38.779861450195398 ], [ 16.5781936645507, 38.779731750488303 ], [ 16.5781936645507, 38.779304504394602 ], [ 16.577917098999102, 38.779304504394602 ], [ 16.577917098999102, 38.779026031494297 ], [ 16.5776386260987, 38.779026031494297 ], [ 16.5776386260987, 38.778751373291101 ], [ 16.5773620605469, 38.778751373291101 ], [ 16.577360153198399, 38.778194427490298 ], [ 16.577083587646602, 38.778194427490298 ], [ 16.577083587646602, 38.777915954589901 ], [ 16.5768051147462, 38.777915954589901 ], [ 16.5768051147462, 38.777637481689503 ], [ 16.5765285491944, 38.777637481689503 ], [ 16.5765285491944, 38.7773628234863 ], [ 16.575971603393601, 38.7773628234863 ], [ 16.575971603393601, 38.777084350585902 ], [ 16.575696945190401, 38.777084350585902 ], [ 16.575696945190401, 38.776805877685497 ], [ 16.575374603271602, 38.776805877685497 ], [ 16.575138092041101, 38.776805877685497 ], [ 16.575138092041101, 38.776561737060703 ], [ 16.5748615264893, 38.776527404785199 ], [ 16.5748615264893, 38.776275634765703 ], [ 16.574583053588899, 38.776248931884801 ], [ 16.574583053588899, 38.775985717773501 ], [ 16.574306488037099, 38.775970458984403 ], [ 16.574306488037099, 38.775695800781399 ], [ 16.574028015136701, 38.775695800781399 ], [ 16.574028015136701, 38.775417327881001 ], [ 16.5737495422363, 38.775417327881001 ], [ 16.5737495422363, 38.775138854980398 ], [ 16.573474884033299, 38.775138854980398 ], [ 16.573474884033299, 38.77486038208 ], [ 16.573192596435501, 38.77486038208 ], [ 16.573192596435501, 38.774581909179702 ], [ 16.572914123535199, 38.774581909179702 ], [ 16.572914123535199, 38.774307250976598 ], [ 16.572639465332099, 38.774307250976598 ], [ 16.572639465332099, 38.7740287780762 ], [ 16.572362899780401, 38.7740287780762 ], [ 16.572362899780401, 38.773750305175902 ], [ 16.5720825195312, 38.773750305175902 ], [ 16.5720825195312, 38.773471832275497 ], [ 16.571804046630799, 38.773471832275497 ], [ 16.571804046630799, 38.773193359375099 ], [ 16.571527481079201, 38.773193359375099 ], [ 16.571527481079201, 38.772914886474702 ], [ 16.571252822876001, 38.772914886474702 ], [ 16.571252822876001, 38.772640228271499 ], [ 16.5709743499756, 38.772640228271499 ], [ 16.5709743499756, 38.77152633667 ], [ 16.570692062377901, 38.77152633667 ], [ 16.570692062377901, 38.770416259765597 ], [ 16.570392608642599, 38.770462036132898 ], [ 16.570417404174901, 38.770137786865199 ], [ 16.570138931274499, 38.770137786865199 ], [ 16.570138931274499, 38.769859313964801 ], [ 16.569860458374102, 38.769859313964801 ], [ 16.569860458374102, 38.769306182861399 ], [ 16.569583892822301, 38.769306182861399 ], [ 16.569583892822301, 38.768749237060497 ], [ 16.5693054199219, 38.768749237060497 ], [ 16.5693054199219, 38.768329620361399 ], [ 16.5693054199219, 38.768196105957102 ], [ 16.569192886352599, 38.768196105957102 ], [ 16.569026947021499, 38.768196105957102 ], [ 16.569026947021499, 38.768001556396499 ], [ 16.569026947021499, 38.767917633056697 ], [ 16.568952560424901, 38.767917633056697 ], [ 16.568750381469702, 38.767917633056697 ], [ 16.568750381469702, 38.767677307128999 ], [ 16.5684719085693, 38.7676391601563 ], [ 16.5684719085693, 38.767360687256001 ], [ 16.567916870117202, 38.767360687256001 ], [ 16.567916870117202, 38.767082214355597 ], [ 16.5676383972168, 38.767082214355597 ], [ 16.5676383972168, 38.766372680663999 ], [ 16.5676383972168, 38.765693664550803 ], [ 16.567916870117202, 38.765693664550803 ], [ 16.567916870117202, 38.765140533447301 ], [ 16.568195343017599, 38.765140533447301 ], [ 16.568195343017599, 38.764583587646499 ], [ 16.5684719085693, 38.764583587646499 ], [ 16.5684719085693, 38.764026641845703 ], [ 16.568750381469702, 38.764026641845703 ], [ 16.568750381469702, 38.763748168945298 ], [ 16.569026947021499, 38.763748168945298 ], [ 16.569026947021499, 38.763473510742301 ], [ 16.5693054199219, 38.763473510742301 ], [ 16.5693054199219, 38.763195037841903 ], [ 16.569583892822301, 38.763195037841903 ], [ 16.569583892822301, 38.762916564941499 ], [ 16.569860458374102, 38.762916564941499 ], [ 16.569860458374102, 38.762638092041101 ], [ 16.570417404174901, 38.762638092041101 ], [ 16.570417404174901, 38.762359619140597 ], [ 16.570692062377901, 38.762359619140597 ], [ 16.570692062377901, 38.762084960937599 ], [ 16.571252822876001, 38.762084960937599 ], [ 16.571252822876001, 38.761806488037202 ], [ 16.571527481079201, 38.761806488037202 ], [ 16.571527481079201, 38.761528015136797 ], [ 16.571804046630799, 38.761528015136797 ], [ 16.571804046630799, 38.760692596435703 ], [ 16.5720825195312, 38.760692596435703 ], [ 16.5720825195312, 38.759860992431697 ], [ 16.571527481079201, 38.759860992431697 ], [ 16.571527481079201, 38.7595825195313 ], [ 16.571252822876001, 38.7595825195313 ], [ 16.571252822876001, 38.7579154968262 ], [ 16.5709743499756, 38.7579154968262 ], [ 16.5709743499756, 38.757362365722798 ], [ 16.569860458374102, 38.757362365722798 ], [ 16.569860458374102, 38.757083892822401 ], [ 16.569583892822301, 38.757083892822401 ], [ 16.569583892822301, 38.7562484741212 ], [ 16.569860458374102, 38.7562484741212 ], [ 16.569860458374102, 38.755973815917997 ], [ 16.570138931274499, 38.755973815917997 ], [ 16.570138931274499, 38.755416870117202 ], [ 16.570417404174901, 38.755416870117202 ], [ 16.570417404174901, 38.755138397216903 ], [ 16.570692062377901, 38.755138397216903 ], [ 16.570692062377901, 38.754859924316499 ], [ 16.570417404174901, 38.754859924316499 ], [ 16.570417404174901, 38.7540283203125 ], [ 16.570138931274499, 38.7540283203125 ], [ 16.570138931274499, 38.753471374511797 ], [ 16.569860458374102, 38.753471374511797 ], [ 16.569860458374102, 38.753192901611399 ], [ 16.5668048858643, 38.753192901611399 ], [ 16.5668048858643, 38.752918243408097 ], [ 16.565971374511701, 38.752918243408097 ], [ 16.565971374511701, 38.752639770507798 ], [ 16.565416336059702, 38.752639770507798 ], [ 16.565416336059702, 38.752361297607401 ], [ 16.564582824707099, 38.752361297607401 ], [ 16.564582824707099, 38.752082824707003 ], [ 16.564027786254901, 38.752082824707003 ], [ 16.564027786254901, 38.751804351806598 ], [ 16.563194274902401, 38.751804351806598 ], [ 16.563194274902401, 38.751529693603601 ], [ 16.562639236450199, 38.7515258789062 ], [ 16.562639236450199, 38.751251220703203 ], [ 16.562360763549801, 38.751251220703203 ], [ 16.562360763549801, 38.750972747802798 ], [ 16.562084197998001, 38.750972747802798 ], [ 16.562084197998001, 38.7506942749025 ], [ 16.561807632446399, 38.7506942749025 ], [ 16.561807632446399, 38.750415802002102 ], [ 16.561527252197301, 38.750415802002102 ], [ 16.561527252197301, 38.750137329101698 ], [ 16.561250686645401, 38.750137329101698 ], [ 16.561250686645401, 38.749862670898501 ], [ 16.560972213745099, 38.749862670898501 ], [ 16.560972213745099, 38.749584197998097 ], [ 16.560695648193501, 38.749584197998097 ], [ 16.560695648193501, 38.749305725097699 ], [ 16.5604171752931, 38.749305725097699 ], [ 16.5604171752931, 38.749027252197301 ], [ 16.560138702392699, 38.749027252197301 ], [ 16.560138702392699, 38.748748779296903 ], [ 16.559860229492301, 38.748748779296903 ], [ 16.559860229492301, 38.7484741210938 ], [ 16.559757232666101, 38.7484741210938 ], [ 16.559585571289102, 38.7484741210938 ], [ 16.559585571289102, 38.748077392578097 ], [ 16.559585571289102, 38.747917175292997 ], [ 16.559513092041101, 38.747917175292997 ], [ 16.5593032836913, 38.747917175292997 ], [ 16.5593032836913, 38.747436523437599 ], [ 16.5593032836913, 38.747081756591797 ], [ 16.559150695800799, 38.747081756591797 ], [ 16.559028625488299, 38.747081756591797 ], [ 16.559028625488299, 38.746528625488203 ], [ 16.558750152587901, 38.746528625488203 ], [ 16.558750152587901, 38.745693206787102 ], [ 16.558471679687599, 38.745693206787102 ], [ 16.558471679687599, 38.7451400756837 ], [ 16.558750152587901, 38.7451400756837 ], [ 16.558750152587901, 38.744651794433601 ], [ 16.559028625488299, 38.744583129882898 ], [ 16.559028625488299, 38.7443046569825 ], [ 16.5604171752931, 38.7443046569825 ], [ 16.5604171752931, 38.744026184082102 ], [ 16.560695648193501, 38.744026184082102 ], [ 16.560695648193501, 38.743751525878999 ], [ 16.560972213745099, 38.743751525878999 ], [ 16.560972213745099, 38.743473052978601 ], [ 16.561250686645401, 38.743473052978601 ], [ 16.561250686645401, 38.743194580078203 ], [ 16.560695648193501, 38.743194580078203 ], [ 16.560695648193501, 38.742916107177798 ], [ 16.560138702392699, 38.742916107177798 ], [ 16.560138702392699, 38.742637634277401 ], [ 16.559860229492301, 38.742637634277401 ], [ 16.559860229492301, 38.742362976074197 ], [ 16.5593032836913, 38.742362976074197 ], [ 16.5593032836913, 38.741249084472699 ], [ 16.559028625488299, 38.741245269775497 ], [ 16.559028625488299, 38.740417480468899 ], [ 16.557916641235401, 38.740417480468899 ], [ 16.557916641235401, 38.740139007568303 ], [ 16.557081222534201, 38.740139007568303 ], [ 16.557081222534201, 38.739860534667898 ], [ 16.5568046569825, 38.739860534667898 ], [ 16.5568046569825, 38.739582061767599 ], [ 16.5565280914307, 38.739582061767599 ], [ 16.5565280914307, 38.739307403564503 ], [ 16.556249618530298, 38.739307403564503 ], [ 16.556249618530298, 38.7387504577638 ], [ 16.555971145629901, 38.7387504577638 ], [ 16.555971145629901, 38.738471984863402 ], [ 16.5556945800781, 38.738471984863402 ], [ 16.5556945800781, 38.738193511962997 ], [ 16.555416107177699, 38.738193511962997 ], [ 16.555416107177699, 38.737915039062599 ], [ 16.555139541626101, 38.737915039062599 ], [ 16.555139541626101, 38.737640380859403 ], [ 16.554582595825099, 38.737640380859403 ], [ 16.554582595825099, 38.737361907958999 ], [ 16.554306030273601, 38.737361907958999 ], [ 16.554306030273601, 38.7370834350587 ], [ 16.553749084472798, 38.7370834350587 ], [ 16.553749084472798, 38.736804962158303 ], [ 16.5531940460206, 38.736804962158303 ], [ 16.5531940460206, 38.736526489257898 ], [ 16.5529174804688, 38.736526489257898 ], [ 16.5529174804688, 38.736251831054702 ], [ 16.552360534668001, 38.736251831054702 ], [ 16.552360534668001, 38.735973358154297 ], [ 16.5520839691163, 38.735973358154297 ], [ 16.5520839691163, 38.735694885253899 ], [ 16.551805496215898, 38.735694885253899 ], [ 16.551805496215898, 38.735137939453097 ], [ 16.551528930664102, 38.735137939453097 ], [ 16.551528930664102, 38.734859466552699 ], [ 16.5512504577637, 38.734859466552699 ], [ 16.5512504577637, 38.734584808349702 ], [ 16.550971984863299, 38.734584808349702 ], [ 16.550971984863299, 38.734306335449297 ], [ 16.550693511962901, 38.734306335449297 ], [ 16.550693511962901, 38.733749389648402 ], [ 16.550418853759901, 38.733749389648402 ], [ 16.550418853759901, 38.733470916747997 ], [ 16.5501384735107, 38.733470916747997 ], [ 16.5501384735107, 38.733196258545 ], [ 16.549583435058501, 38.733196258545 ], [ 16.549583435058501, 38.732917785644602 ], [ 16.549028396606602, 38.732917785644602 ], [ 16.549028396606602, 38.732639312744197 ], [ 16.5487499237062, 38.732639312744197 ], [ 16.5487499237062, 38.732360839843899 ], [ 16.548196792602599, 38.732360839843899 ], [ 16.548196792602599, 38.732082366943501 ], [ 16.547916412353601, 38.732082366943501 ], [ 16.547916412353601, 38.731803894043097 ], [ 16.547361373901399, 38.731803894043097 ], [ 16.547361373901399, 38.731529235839801 ], [ 16.546993255615199, 38.731529235839801 ], [ 16.5468063354493, 38.731529235839801 ], [ 16.5468044281007, 38.731357574462997 ], [ 16.5468063354493, 38.731250762939503 ], [ 16.546665191650401, 38.731250762939503 ], [ 16.546527862548899, 38.731250762939503 ], [ 16.546527862548899, 38.7311401367188 ], [ 16.546527862548899, 38.730972290039098 ], [ 16.546321868896499, 38.730972290039098 ], [ 16.545974731445298, 38.730972290039098 ], [ 16.545974731445298, 38.7306938171387 ], [ 16.545692443847699, 38.7306938171387 ], [ 16.545692443847699, 38.730415344238303 ], [ 16.545139312744102, 38.730415344238303 ], [ 16.545139312744102, 38.730140686035199 ], [ 16.5448608398438, 38.730140686035199 ], [ 16.5448608398438, 38.729587554931697 ], [ 16.544582366943398, 38.729583740234403 ], [ 16.544582366943398, 38.729320526122997 ], [ 16.544305801391602, 38.729305267333999 ], [ 16.544305801391602, 38.729049682617202 ], [ 16.5440273284912, 38.729026794433601 ], [ 16.5440273284912, 38.728775024414198 ], [ 16.5440273284912, 38.728473663330199 ], [ 16.5437526702882, 38.728473663330199 ], [ 16.5437526702882, 38.728195190429801 ], [ 16.543470382690401, 38.728195190429801 ], [ 16.543470382690401, 38.727916717529403 ], [ 16.5432853698731, 38.727916717529403 ], [ 16.543193817138601, 38.727916717529403 ], [ 16.543193817138601, 38.727790832519602 ], [ 16.543193817138601, 38.727359771728501 ], [ 16.542917251586999, 38.727359771728501 ], [ 16.542917251586999, 38.727085113525398 ], [ 16.542638778686602, 38.727085113525398 ], [ 16.542638778686602, 38.726806640625099 ], [ 16.5424823760987, 38.726806640625099 ], [ 16.5423603057862, 38.726806640625099 ], [ 16.5423603057862, 38.726638793945398 ], [ 16.5423603057862, 38.726528167724702 ], [ 16.542280197143501, 38.726528167724702 ], [ 16.541805267334102, 38.726528167724702 ], [ 16.541805267334102, 38.726249694824297 ], [ 16.541528701782301, 38.726249694824297 ], [ 16.541528701782301, 38.725971221923899 ], [ 16.5412502288819, 38.725971221923899 ], [ 16.5412502288819, 38.725692749023501 ], [ 16.540695190429702, 38.725692749023501 ], [ 16.540695190429702, 38.725418090820298 ], [ 16.5404167175294, 38.725418090820298 ], [ 16.5404167175294, 38.725139617919901 ], [ 16.539861679077099, 38.725139617919901 ], [ 16.539861679077099, 38.724861145019602 ], [ 16.5395832061768, 38.724861145019602 ], [ 16.5395832061768, 38.724582672119197 ], [ 16.539304733276399, 38.724582672119197 ], [ 16.539304733276399, 38.724029541015597 ], [ 16.539028167724599, 38.724029541015597 ], [ 16.539028167724599, 38.723751068115199 ], [ 16.538749694824201, 38.723751068115199 ], [ 16.538749694824201, 38.723472595214801 ], [ 16.538473129272401, 38.723472595214801 ], [ 16.538473129272401, 38.722915649414098 ], [ 16.538194656372099, 38.722915649414098 ], [ 16.538194656372099, 38.7226371765137 ], [ 16.537916183471701, 38.7226371765137 ], [ 16.537916183471701, 38.722362518310703 ], [ 16.53763961792, 38.722362518310703 ], [ 16.53763961792, 38.721805572509901 ], [ 16.537361145019499, 38.721805572509901 ], [ 16.537361145019499, 38.720973968505902 ], [ 16.537082672119102, 38.720973968505902 ], [ 16.537082672119102, 38.719860076904403 ], [ 16.5368061065675, 38.719860076904403 ], [ 16.5368061065675, 38.71875 ], [ 16.536527633667099, 38.71875 ], [ 16.536527633667099, 38.718193054199297 ], [ 16.536249160766701, 38.718193054199297 ], [ 16.536249160766701, 38.717639923095597 ], [ 16.535972595214901, 38.717639923095597 ], [ 16.535972595214901, 38.717082977294901 ], [ 16.535694122314599, 38.717082977294901 ], [ 16.535694122314599, 38.716251373291101 ], [ 16.535417556762798, 38.716251373291101 ], [ 16.535417556762798, 38.714862823486399 ], [ 16.535139083862401, 38.714862823486399 ], [ 16.535139083862401, 38.713748931884801 ], [ 16.534860610961999, 38.713748931884801 ], [ 16.534860610961999, 38.712360382080099 ], [ 16.5345859527588, 38.712360382080099 ], [ 16.5345859527588, 38.708473205566499 ], [ 16.534860610961999, 38.708473205566499 ], [ 16.534860610961999, 38.707054138183501 ], [ 16.534860610961999, 38.7068061828613 ], [ 16.535139083862401, 38.7068061828613 ], [ 16.535139083862401, 38.7051391601562 ], [ 16.535417556762798, 38.7051391601562 ], [ 16.535417556762798, 38.704029083252003 ], [ 16.535694122314599, 38.704029083252003 ], [ 16.535694122314599, 38.703750610351698 ], [ 16.535972595214901, 38.703750610351698 ], [ 16.535972595214901, 38.7034721374513 ], [ 16.536249160766701, 38.7034721374513 ], [ 16.536249160766701, 38.702915191650497 ], [ 16.536527633667099, 38.702915191650497 ], [ 16.536527633667099, 38.702640533447301 ], [ 16.5368061065675, 38.702640533447301 ], [ 16.5368061065675, 38.702362060546903 ], [ 16.537082672119102, 38.702362060546903 ], [ 16.537082672119102, 38.702083587646499 ], [ 16.537361145019499, 38.702083587646499 ], [ 16.537361145019499, 38.7018051147462 ], [ 16.537916183471701, 38.7018051147462 ], [ 16.537916183471701, 38.701526641845803 ], [ 16.538473129272401, 38.701526641845803 ], [ 16.538473129272401, 38.701248168945398 ], [ 16.539028167724599, 38.701248168945398 ], [ 16.539028167724599, 38.700973510742202 ], [ 16.539701461791999, 38.700973510742202 ], [ 16.539861679077099, 38.700973510742202 ], [ 16.539861679077099, 38.700809478759901 ], [ 16.539861679077099, 38.700416564941399 ], [ 16.540138244628999, 38.700416564941399 ], [ 16.540138244628999, 38.699584960937599 ], [ 16.5404167175294, 38.699584960937599 ], [ 16.5404167175294, 38.699028015136797 ], [ 16.540695190429702, 38.699028015136797 ], [ 16.540695190429702, 38.6987495422363 ], [ 16.540971755981499, 38.6987495422363 ], [ 16.540971755981499, 38.698471069335902 ], [ 16.5412502288819, 38.698471069335902 ], [ 16.5412502288819, 38.698192596435497 ], [ 16.541528701782301, 38.698192596435497 ], [ 16.541528701782301, 38.6979179382325 ], [ 16.541805267334102, 38.6979179382325 ], [ 16.541805267334102, 38.697639465332102 ], [ 16.542083740234499, 38.697639465332102 ], [ 16.542083740234499, 38.697360992431797 ], [ 16.5423603057862, 38.697360992431797 ], [ 16.5423603057862, 38.697082519531399 ], [ 16.542638778686602, 38.697082519531399 ], [ 16.542638778686602, 38.696804046631001 ], [ 16.543193817138601, 38.696804046631001 ], [ 16.543193817138601, 38.696529388427699 ], [ 16.543470382690401, 38.696529388427699 ], [ 16.543470382690401, 38.696250915527401 ], [ 16.5437526702882, 38.696250915527401 ], [ 16.5437526702882, 38.695972442627003 ], [ 16.5440273284912, 38.695972442627003 ], [ 16.5440273284912, 38.6954154968262 ], [ 16.544305801391602, 38.6954154968262 ], [ 16.544305801391602, 38.695137023925803 ], [ 16.544582366943398, 38.695137023925803 ], [ 16.544582366943398, 38.694583892822301 ], [ 16.5448608398438, 38.694583892822301 ], [ 16.5448608398438, 38.694026947021499 ], [ 16.545139312744102, 38.694026947021499 ], [ 16.545139312744102, 38.693473815918097 ], [ 16.545415878296001, 38.693473815918097 ], [ 16.545415878296001, 38.693195343017699 ], [ 16.545692443847699, 38.693195343017699 ], [ 16.545692443847699, 38.692916870117301 ], [ 16.545974731445298, 38.692916870117301 ], [ 16.545974731445298, 38.692638397216903 ], [ 16.546527862548899, 38.692638397216903 ], [ 16.546527862548899, 38.6923599243163 ], [ 16.5468063354493, 38.6923599243163 ], [ 16.5468063354493, 38.692081451416001 ], [ 16.547361373901399, 38.692081451416001 ], [ 16.547361373901399, 38.691806793212898 ], [ 16.5476379394532, 38.691806793212898 ], [ 16.5476379394532, 38.691528320312599 ], [ 16.548196792602599, 38.691528320312599 ], [ 16.548196792602599, 38.691249847412202 ], [ 16.551528930664102, 38.691249847412202 ], [ 16.551528930664102, 38.690971374511797 ], [ 16.5529174804688, 38.690971374511797 ], [ 16.5529174804688, 38.690692901611399 ], [ 16.554582595825099, 38.690692901611399 ], [ 16.554582595825099, 38.690418243408203 ], [ 16.5548591613769, 38.690418243408203 ], [ 16.5548591613769, 38.690139770507798 ], [ 16.555139541626101, 38.690139770507798 ], [ 16.555139541626101, 38.6898612976075 ], [ 16.555416107177699, 38.6898612976075 ], [ 16.555416107177699, 38.689582824707102 ], [ 16.555971145629901, 38.689582824707102 ], [ 16.555971145629901, 38.689304351806697 ], [ 16.556249618530298, 38.689304351806697 ], [ 16.556249618530298, 38.6890258789063 ], [ 16.5565280914307, 38.6890258789063 ], [ 16.5565280914307, 38.687915802002003 ], [ 16.5568046569825, 38.687915802002003 ], [ 16.5568046569825, 38.686248779297003 ], [ 16.557081222534201, 38.686248779297003 ], [ 16.557081222534201, 38.685138702392599 ], [ 16.5573635101318, 38.685138702392599 ], [ 16.5573635101318, 38.684581756591903 ], [ 16.557638168335, 38.684581756591903 ], [ 16.557638168335, 38.684028625488303 ], [ 16.557916641235401, 38.684028625488303 ], [ 16.557916641235401, 38.683193206787202 ], [ 16.558193206787202, 38.683193206787202 ], [ 16.558193206787202, 38.682640075683501 ], [ 16.558471679687599, 38.682640075683501 ], [ 16.558471679687599, 38.682083129882798 ], [ 16.558750152587901, 38.682083129882798 ], [ 16.558750152587901, 38.680404663085902 ], [ 16.558750152587901, 38.679027557373097 ], [ 16.558471679687599, 38.679027557373097 ], [ 16.558471679687599, 38.678195953369098 ], [ 16.558193206787202, 38.678195953369098 ], [ 16.558193206787202, 38.676528930663999 ], [ 16.557916641235401, 38.676528930663999 ], [ 16.557916641235401, 38.6745834350587 ], [ 16.557638168335, 38.6745834350587 ], [ 16.557638168335, 38.673194885253999 ], [ 16.5573635101318, 38.673194885253999 ], [ 16.5573635101318, 38.672084808349602 ], [ 16.557081222534201, 38.672084808349602 ], [ 16.557081222534201, 38.669601440429702 ], [ 16.557081222534201, 38.667362213134801 ], [ 16.5568046569825, 38.667362213134801 ], [ 16.5568046569825, 38.663749694824197 ], [ 16.5565280914307, 38.663749694824197 ], [ 16.5565280914307, 38.661251068115298 ], [ 16.556249618530298, 38.661251068115298 ], [ 16.556249618530298, 38.658473968506001 ], [ 16.555971145629901, 38.658473968506001 ], [ 16.555971145629901, 38.655971527099702 ], [ 16.5556945800781, 38.655971527099702 ], [ 16.5556945800781, 38.653751373291001 ], [ 16.555971145629901, 38.653751373291001 ], [ 16.555971145629901, 38.652084350586001 ], [ 16.556249618530298, 38.652084350586001 ], [ 16.556249618530298, 38.650417327880902 ], [ 16.5565280914307, 38.650417327880902 ], [ 16.5565280914307, 38.648471832275398 ], [ 16.5568046569825, 38.648471832275398 ], [ 16.5568046569825, 38.646251678466903 ], [ 16.557081222534201, 38.646251678466903 ], [ 16.557081222534201, 38.644584655761797 ], [ 16.5573635101318, 38.644584655761797 ], [ 16.5573635101318, 38.643749237060597 ], [ 16.557638168335, 38.643749237060597 ], [ 16.557640075683601, 38.6431694030762 ], [ 16.557916641235401, 38.643196105957003 ], [ 16.557916641235401, 38.642360687255902 ], [ 16.558193206787202, 38.642360687255902 ], [ 16.558193206787202, 38.641529083251903 ], [ 16.558471679687599, 38.641529083251903 ], [ 16.558471679687599, 38.6409721374512 ], [ 16.558750152587901, 38.6409721374512 ], [ 16.558750152587901, 38.6393051147462 ], [ 16.559028625488299, 38.6393051147462 ], [ 16.559028625488299, 38.6370849609375 ], [ 16.5593032836913, 38.6370849609375 ], [ 16.5593032836913, 38.6337509155275 ], [ 16.559585571289102, 38.6337509155275 ], [ 16.559585571289102, 38.630138397216797 ], [ 16.559860229492301, 38.630138397216797 ], [ 16.559860229492301, 38.625694274902401 ], [ 16.560138702392699, 38.625694274902401 ], [ 16.560138702392699, 38.622360229492102 ], [ 16.5604171752931, 38.622360229492102 ], [ 16.5604171752931, 38.620971679687599 ], [ 16.560695648193501, 38.620971679687599 ], [ 16.560695648193501, 38.619861602783303 ], [ 16.560972213745099, 38.619861602783303 ], [ 16.560972213745099, 38.618473052978501 ], [ 16.561250686645401, 38.618473052978501 ], [ 16.561250686645401, 38.617362976074297 ], [ 16.561527252197301, 38.617362976074297 ], [ 16.561527252197301, 38.615970611572202 ], [ 16.561807632446399, 38.615970611572202 ], [ 16.561807632446399, 38.614860534667997 ], [ 16.562084197998001, 38.614860534667997 ], [ 16.562084197998001, 38.6137504577637 ], [ 16.562360763549801, 38.6137504577637 ], [ 16.562360763549801, 38.613193511962898 ], [ 16.562639236450199, 38.613193511962898 ], [ 16.562639236450199, 38.612640380859297 ], [ 16.5629177093506, 38.612640380859297 ], [ 16.5629177093506, 38.612083435058601 ], [ 16.563194274902401, 38.612083435058601 ], [ 16.563194274902401, 38.611526489257798 ], [ 16.563472747802699, 38.611526489257798 ], [ 16.563472747802699, 38.610973358154403 ], [ 16.563749313354499, 38.610973358154403 ], [ 16.563749313354499, 38.610694885253999 ], [ 16.564027786254901, 38.610694885253999 ], [ 16.564027786254901, 38.610137939453203 ], [ 16.564306259155298, 38.610137939453203 ], [ 16.564306259155298, 38.610000610351598 ], [ 16.564306259155298, 38.609584808349702 ], [ 16.564582824707099, 38.609584808349702 ], [ 16.564582824707099, 38.609027862548899 ], [ 16.5648612976075, 38.609027862548899 ], [ 16.5648612976075, 38.608470916748097 ], [ 16.565139770507901, 38.608470916748097 ], [ 16.565139770507901, 38.607917785644503 ], [ 16.565416336059702, 38.607917785644503 ], [ 16.565416336059702, 38.6073608398438 ], [ 16.565694808960099, 38.6073608398438 ], [ 16.565694808960099, 38.606803894042997 ], [ 16.565971374511701, 38.606803894042997 ], [ 16.565971374511701, 38.606250762939403 ], [ 16.566249847412202, 38.606250762939403 ], [ 16.566249847412202, 38.6056938171387 ], [ 16.566528320312599, 38.6056938171387 ], [ 16.566528320312599, 38.605140686035298 ], [ 16.5668048858643, 38.605140686035298 ], [ 16.5668048858643, 38.604583740234503 ], [ 16.567083358764599, 38.604583740234503 ], [ 16.567083358764599, 38.6040267944337 ], [ 16.567331314086999, 38.6040267944337 ], [ 16.567361831665, 38.603904724121101 ], [ 16.567361831665, 38.603473663330099 ], [ 16.567462921142599, 38.603473663330099 ], [ 16.5676383972168, 38.603473663330099 ], [ 16.5676383972168, 38.602916717529403 ], [ 16.567916870117202, 38.602916717529403 ], [ 16.567916870117202, 38.602359771728601 ], [ 16.568195343017599, 38.602359771728601 ], [ 16.568195343017599, 38.600692749023501 ], [ 16.567916870117202, 38.600692749023501 ], [ 16.567916870117202, 38.597915649414198 ], [ 16.568195343017599, 38.597915649414198 ], [ 16.568195343017599, 38.594860076904297 ], [ 16.5684719085693, 38.594860076904297 ], [ 16.5684719085693, 38.5942611694337 ], [ 16.5684719085693, 38.592639923095803 ], [ 16.568750381469702, 38.592639923095803 ], [ 16.568750381469702, 38.591251373291101 ], [ 16.569026947021499, 38.591251373291101 ], [ 16.569026947021499, 38.584583282470803 ], [ 16.5693054199219, 38.584583282470803 ], [ 16.5693054199219, 38.5801391601563 ], [ 16.569583892822301, 38.5801391601563 ], [ 16.569583892822301, 38.576805114746101 ], [ 16.569860458374102, 38.576805114746101 ], [ 16.569860458374102, 38.574306488037202 ], [ 16.570138931274499, 38.574306488037202 ], [ 16.570138931274499, 38.572917938232401 ], [ 16.570417404174901, 38.572917938232401 ], [ 16.570417404174901, 38.572360992431598 ], [ 16.570692062377901, 38.572360992431598 ], [ 16.570692062377901, 38.571804046630902 ], [ 16.5709743499756, 38.571804046630902 ], [ 16.5709743499756, 38.571250915527301 ], [ 16.571252822876001, 38.571250915527301 ], [ 16.571252822876001, 38.570693969726598 ], [ 16.571527481079201, 38.570693969726598 ], [ 16.571527481079201, 38.570137023925803 ], [ 16.571804046630799, 38.570137023925803 ], [ 16.571804046630799, 38.569583892822401 ], [ 16.5720825195312, 38.569583892822401 ], [ 16.5720825195312, 38.5687484741212 ], [ 16.572362899780401, 38.5687484741212 ], [ 16.572362899780401, 38.568195343017599 ], [ 16.572639465332099, 38.568195343017599 ], [ 16.572639465332099, 38.5665283203125 ], [ 16.572914123535199, 38.5665283203125 ], [ 16.572914123535199, 38.564304351806598 ], [ 16.573192596435501, 38.564304351806598 ], [ 16.573192596435501, 38.561649322509801 ], [ 16.573192596435501, 38.556526184082102 ], [ 16.572914123535199, 38.556526184082102 ], [ 16.572914123535199, 38.555416107177798 ], [ 16.572639465332099, 38.555416107177798 ], [ 16.572639465332099, 38.554306030273402 ], [ 16.572362899780401, 38.554306030273402 ], [ 16.572362899780401, 38.550693511962997 ], [ 16.5720825195312, 38.550693511962997 ], [ 16.5720825195312, 38.546249389648601 ], [ 16.571804046630799, 38.546249389648601 ], [ 16.571804046630799, 38.538749694824297 ], [ 16.5720825195312, 38.538749694824297 ], [ 16.5720825195312, 38.536529541015597 ], [ 16.572362899780401, 38.536529541015597 ], [ 16.572362899780401, 38.532360076904403 ], [ 16.572639465332099, 38.532360076904403 ], [ 16.572639465332099, 38.53125 ], [ 16.572914123535199, 38.53125 ], [ 16.572914123535199, 38.5304183959962 ], [ 16.573192596435501, 38.5304183959962 ], [ 16.573192596435501, 38.528472900390703 ], [ 16.573474884033299, 38.528472900390703 ], [ 16.573474884033299, 38.527084350586001 ], [ 16.5737495422363, 38.527084350586001 ], [ 16.5737495422363, 38.526527404785199 ], [ 16.573949813842699, 38.526527404785199 ], [ 16.574028015136701, 38.526527404785199 ], [ 16.574028015136701, 38.525970458984403 ], [ 16.574306488037099, 38.525970458984403 ], [ 16.574306488037099, 38.523910522461101 ], [ 16.574306488037099, 38.522640228271499 ], [ 16.574478149414102, 38.522640228271499 ], [ 16.574583053588899, 38.522640228271499 ], [ 16.574583053588899, 38.521873474121101 ], [ 16.574583053588899, 38.517917633056797 ], [ 16.574306488037099, 38.517917633056797 ], [ 16.574306488037099, 38.515140533447301 ], [ 16.574583053588899, 38.515140533447301 ], [ 16.574583053588899, 38.513195037841797 ], [ 16.5748615264893, 38.513195037841797 ], [ 16.5748615264893, 38.511528015136797 ], [ 16.575138092041101, 38.511528015136797 ], [ 16.575138092041101, 38.5104179382325 ], [ 16.575416564941499, 38.5104179382325 ], [ 16.575416564941499, 38.509304046631001 ], [ 16.575696945190401, 38.509304046631001 ], [ 16.575696945190401, 38.508472442627003 ], [ 16.575971603393601, 38.508472442627003 ], [ 16.575971603393601, 38.5079154968262 ], [ 16.576250076293999, 38.5079154968262 ], [ 16.576250076293999, 38.507362365722599 ], [ 16.5765285491944, 38.507362365722599 ], [ 16.5765285491944, 38.506805419921903 ], [ 16.5768051147462, 38.506805419921903 ], [ 16.5768051147462, 38.506248474121101 ], [ 16.577083587646602, 38.506248474121101 ], [ 16.577083587646602, 38.505695343017699 ], [ 16.5776386260987, 38.505695343017699 ], [ 16.5776386260987, 38.505416870117301 ], [ 16.578472137451101, 38.505416870117301 ], [ 16.578472137451101, 38.504581451416001 ], [ 16.578750610351499, 38.504581451416001 ], [ 16.578750610351499, 38.503749847412202 ], [ 16.579027175903299, 38.503749847412202 ], [ 16.579027175903299, 38.503192901611399 ], [ 16.5793056488037, 38.503192901611399 ], [ 16.5793056488037, 38.502361297607401 ], [ 16.579584121704102, 38.502361297607401 ], [ 16.579584121704102, 38.501804351806697 ], [ 16.579860687255898, 38.501804351806697 ], [ 16.579860687255898, 38.500694274902301 ], [ 16.579584121704102, 38.500694274902301 ], [ 16.579584121704102, 38.496528625488303 ], [ 16.579860687255898, 38.496528625488303 ], [ 16.579860687255898, 38.492916107177798 ], [ 16.5801391601562, 38.492916107177798 ], [ 16.5801391601562, 38.486526489257898 ], [ 16.5804157257081, 38.486526489257898 ], [ 16.5804157257081, 38.484306335449197 ], [ 16.580694198608501, 38.484306335449197 ], [ 16.580694198608501, 38.482082366943303 ], [ 16.5809726715088, 38.482082366943303 ], [ 16.5809726715088, 38.479862213134801 ], [ 16.5812492370606, 38.479862213134801 ], [ 16.5812492370606, 38.477638244628899 ], [ 16.581527709961001, 38.477638244628899 ], [ 16.581527709961001, 38.473751068115199 ], [ 16.581806182861399, 38.473751068115199 ], [ 16.581806182861399, 38.472084045410199 ], [ 16.5820827484131, 38.472084045410199 ], [ 16.5820827484131, 38.470695495605597 ], [ 16.582359313965, 38.470695495605597 ], [ 16.582359313965, 38.470619201660199 ], [ 16.582359313965, 38.467082977295 ], [ 16.5820827484131, 38.467082977295 ], [ 16.5820827484131, 38.463470458984503 ], [ 16.582359313965, 38.463470458984503 ], [ 16.582359313965, 38.460693359375099 ], [ 16.582639694213899, 38.460693359375099 ], [ 16.582639694213899, 38.459304809570298 ], [ 16.5829162597657, 38.459304809570298 ], [ 16.5829162597657, 38.458427429199297 ], [ 16.5829162597657, 38.457916259765703 ], [ 16.583194732666101, 38.457916259765703 ], [ 16.583194732666101, 38.456527709961001 ], [ 16.5829162597657, 38.456527709961001 ], [ 16.5829162597657, 38.455417633056598 ], [ 16.582639694213899, 38.455417633056598 ], [ 16.582639694213899, 38.454303741455099 ], [ 16.582359313965, 38.454303741455099 ], [ 16.582359313965, 38.453193664550803 ], [ 16.5820827484131, 38.453193664550803 ], [ 16.5820827484131, 38.452083587646598 ], [ 16.581806182861399, 38.452083587646598 ], [ 16.581806182861399, 38.450973510742202 ], [ 16.581527709961001, 38.450973510742202 ], [ 16.581527709961001, 38.449871063232401 ], [ 16.5812492370606, 38.449859619140703 ], [ 16.5812492370606, 38.449306488037102 ], [ 16.5809726715088, 38.449306488037102 ], [ 16.5809726715088, 38.448471069335902 ], [ 16.580694198608501, 38.448471069335902 ], [ 16.580694198608501, 38.447639465332102 ], [ 16.5804157257081, 38.447639465332102 ], [ 16.5804157257081, 38.4470825195312 ], [ 16.5801391601562, 38.4470825195312 ], [ 16.5801391601562, 38.446250915527401 ], [ 16.579860687255898, 38.446250915527401 ], [ 16.579860687255898, 38.445476531982401 ], [ 16.579584121704102, 38.4454154968263 ], [ 16.579584121704102, 38.444862365722699 ], [ 16.5793056488037, 38.444862365722699 ], [ 16.5793056488037, 38.444038391113303 ], [ 16.579027175903299, 38.444026947021499 ], [ 16.579027175903299, 38.443473815917997 ], [ 16.578750610351499, 38.443473815917997 ], [ 16.578750610351499, 38.442916870117202 ], [ 16.578472137451101, 38.442916870117202 ], [ 16.578472137451101, 38.442359924316399 ], [ 16.5781936645507, 38.442359924316399 ], [ 16.5781936645507, 38.441528320312599 ], [ 16.577917098999102, 38.441528320312599 ], [ 16.577917098999102, 38.4406929016113 ], [ 16.5776386260987, 38.4406929016113 ], [ 16.5776386260987, 38.4398612976075 ], [ 16.5773620605469, 38.4398612976075 ], [ 16.577360153198399, 38.439079284667997 ], [ 16.577083587646602, 38.439025878906399 ], [ 16.577083587646602, 38.438472747802798 ], [ 16.5768051147462, 38.438472747802798 ], [ 16.5768051147462, 38.437915802002003 ], [ 16.5765285491944, 38.437915802002003 ], [ 16.5765285491944, 38.437362670898402 ], [ 16.576250076293999, 38.437362670898402 ], [ 16.576250076293999, 38.436805725097699 ], [ 16.575971603393601, 38.436805725097699 ], [ 16.575971603393601, 38.436248779296903 ], [ 16.575696945190401, 38.436248779296903 ], [ 16.575696945190401, 38.435417175293097 ], [ 16.575416564941499, 38.435417175293097 ], [ 16.575416564941499, 38.434803009033203 ], [ 16.575416564941499, 38.434581756591697 ], [ 16.575311660766701, 38.434581756591697 ], [ 16.575138092041101, 38.434581756591697 ], [ 16.575138092041101, 38.434215545654297 ], [ 16.575138092041101, 38.433750152587898 ], [ 16.5748615264893, 38.433750152587898 ], [ 16.5748615264893, 38.43367767334 ], [ 16.5748615264893, 38.433193206787202 ], [ 16.574583053588899, 38.433177947998097 ], [ 16.574583053588899, 38.432640075683601 ], [ 16.574306488037099, 38.432640075683601 ], [ 16.574306488037099, 38.432083129882898 ], [ 16.574028015136701, 38.432083129882898 ], [ 16.574028015136701, 38.431526184082102 ], [ 16.5737495422363, 38.431526184082102 ], [ 16.5737495422363, 38.430973052978501 ], [ 16.573474884033299, 38.430973052978501 ], [ 16.573474884033299, 38.430416107177699 ], [ 16.573192596435501, 38.430416107177699 ], [ 16.573192596435501, 38.429862976074297 ], [ 16.572914123535199, 38.429862976074297 ], [ 16.572914123535199, 38.429306030273601 ], [ 16.572639465332099, 38.429306030273601 ], [ 16.572639465332099, 38.429027557373203 ], [ 16.572362899780401, 38.429027557373203 ], [ 16.572362899780401, 38.428470611572401 ], [ 16.5720825195312, 38.428470611572401 ], [ 16.5720825195312, 38.4279174804688 ], [ 16.571804046630799, 38.4279174804688 ], [ 16.571804046630799, 38.427360534667997 ], [ 16.571527481079201, 38.427360534667997 ], [ 16.571527481079201, 38.427082061767599 ], [ 16.571252822876001, 38.427082061767599 ], [ 16.571252822876001, 38.426528930664098 ], [ 16.5709743499756, 38.426528930664098 ], [ 16.5709743499756, 38.4262504577637 ], [ 16.570692062377901, 38.4262504577637 ], [ 16.570692062377901, 38.425693511962898 ], [ 16.570417404174901, 38.425693511962898 ], [ 16.570417404174901, 38.4254150390625 ], [ 16.570138931274499, 38.4254150390625 ], [ 16.570138931274499, 38.424861907958899 ], [ 16.569860458374102, 38.424861907958899 ], [ 16.569860458374102, 38.424583435058601 ], [ 16.569583892822301, 38.424583435058601 ], [ 16.569583892822301, 38.424026489257798 ], [ 16.5684719085693, 38.424026489257798 ], [ 16.5684719085693, 38.423820495605497 ], [ 16.568195343017599, 38.423751831054801 ], [ 16.568195343017599, 38.423473358154403 ], [ 16.567916870117202, 38.423473358154403 ], [ 16.567916870117202, 38.423194885253999 ], [ 16.567361831665, 38.423194885253999 ], [ 16.567361831665, 38.422916412353601 ], [ 16.567083358764599, 38.422916412353601 ], [ 16.567083358764599, 38.422637939453203 ], [ 16.5668048858643, 38.422637939453203 ], [ 16.5668048858643, 38.422359466552798 ], [ 16.566528320312599, 38.422359466552798 ], [ 16.566528320312599, 38.422084808349702 ], [ 16.566249847412202, 38.422084808349702 ], [ 16.565971374511701, 38.422084808349702 ], [ 16.565971374511701, 38.4218139648438 ], [ 16.565694808960099, 38.421806335449297 ], [ 16.565694808960099, 38.421543121337898 ], [ 16.565416336059702, 38.421527862548899 ], [ 16.565416336059702, 38.421272277832102 ], [ 16.565139770507901, 38.421249389648501 ], [ 16.565139770507901, 38.420997619628899 ], [ 16.5648612976075, 38.420970916748097 ], [ 16.5648612976075, 38.420726776122997 ], [ 16.564582824707099, 38.420696258544901 ], [ 16.564582824707099, 38.42045211792 ], [ 16.564306259155298, 38.420417785644503 ], [ 16.564306259155298, 38.420185089111399 ], [ 16.564027786254901, 38.420139312744098 ], [ 16.564027786254901, 38.419910430908203 ], [ 16.563749313354499, 38.4198608398438 ], [ 16.563749313354499, 38.419635772705099 ], [ 16.5636920928956, 38.419582366943402 ], [ 16.563472747802699, 38.419582366943402 ], [ 16.563472747802699, 38.419368743896499 ], [ 16.563409805297901, 38.419303894042997 ], [ 16.563194274902401, 38.419303894042997 ], [ 16.563194274902401, 38.419094085693501 ], [ 16.563127517700298, 38.41902923584 ], [ 16.5629177093506, 38.41902923584 ], [ 16.5629177093506, 38.418823242187599 ], [ 16.5629177093506, 38.418750762939403 ], [ 16.562843322753999, 38.418750762939403 ], [ 16.562639236450199, 38.418750762939403 ], [ 16.562639236450199, 38.418552398681797 ], [ 16.562639236450199, 38.418472290038999 ], [ 16.562559127807599, 38.418472290038999 ], [ 16.562360763549801, 38.418472290038999 ], [ 16.562360763549801, 38.418277740478601 ], [ 16.562360763549801, 38.4181938171387 ], [ 16.5622749328613, 38.4181938171387 ], [ 16.562084197998001, 38.4181938171387 ], [ 16.562084197998001, 38.418006896972699 ], [ 16.562084197998001, 38.417915344238303 ], [ 16.561988830566399, 38.417915344238303 ], [ 16.561807632446399, 38.417915344238303 ], [ 16.561807632446399, 38.417736053466903 ], [ 16.561807632446399, 38.417640686035199 ], [ 16.561708450317401, 38.417640686035199 ], [ 16.561527252197301, 38.417640686035199 ], [ 16.561527252197301, 38.4174613952637 ], [ 16.561527252197301, 38.417362213134901 ], [ 16.561424255371101, 38.417362213134901 ], [ 16.561250686645401, 38.417362213134901 ], [ 16.561250686645401, 38.417190551757798 ], [ 16.561250686645401, 38.417083740234503 ], [ 16.561140060424901, 38.417083740234503 ], [ 16.560972213745099, 38.417083740234503 ], [ 16.560972213745099, 38.416919708252003 ], [ 16.560972213745099, 38.4165267944337 ], [ 16.560695648193501, 38.4165267944337 ], [ 16.560695648193501, 38.416248321533303 ], [ 16.5604171752931, 38.416248321533303 ], [ 16.5604171752931, 38.415973663330099 ], [ 16.560138702392699, 38.415973663330099 ], [ 16.560138702392699, 38.415695190429702 ], [ 16.559860229492301, 38.415695190429702 ], [ 16.559860229492301, 38.415416717529403 ], [ 16.559585571289102, 38.415416717529403 ], [ 16.559585571289102, 38.415138244628999 ], [ 16.5593032836913, 38.415138244628999 ], [ 16.5593032836913, 38.414859771728601 ], [ 16.559028625488299, 38.414859771728601 ], [ 16.559028625488299, 38.414585113525398 ], [ 16.558750152587901, 38.414585113525398 ], [ 16.558750152587901, 38.414306640625 ], [ 16.558471679687599, 38.414306640625 ], [ 16.558471679687599, 38.414028167724602 ], [ 16.558019638061602, 38.414028167724602 ], [ 16.557916641235401, 38.414028167724602 ], [ 16.557916641235401, 38.413925170898402 ], [ 16.557916641235401, 38.413749694824197 ], [ 16.557735443115199, 38.413749694824197 ], [ 16.557638168335, 38.413749694824197 ], [ 16.557638168335, 38.413654327392599 ], [ 16.557638168335, 38.4134712219238 ], [ 16.557451248168899, 38.4134712219238 ], [ 16.5573635101318, 38.4134712219238 ], [ 16.5573635101318, 38.413383483886697 ], [ 16.5573635101318, 38.413192749023402 ], [ 16.557165145873999, 38.413192749023402 ], [ 16.557081222534201, 38.413192749023402 ], [ 16.557081222534201, 38.4131088256837 ], [ 16.557081222534201, 38.412918090820398 ], [ 16.556886672973601, 38.412918090820398 ], [ 16.5568046569825, 38.412918090820398 ], [ 16.5568046569825, 38.412837982177699 ], [ 16.5568046569825, 38.41263961792 ], [ 16.5566024780275, 38.41263961792 ], [ 16.5565280914307, 38.41263961792 ], [ 16.5565280914307, 38.412567138671903 ], [ 16.5565280914307, 38.412361145019503 ], [ 16.556249618530298, 38.412361145019503 ], [ 16.556249618530298, 38.412082672119098 ], [ 16.555971145629901, 38.412082672119098 ], [ 16.555971145629901, 38.4118041992188 ], [ 16.5556945800781, 38.4118041992188 ], [ 16.5556945800781, 38.411529541015703 ], [ 16.555416107177699, 38.411529541015703 ], [ 16.555416107177699, 38.411251068115298 ], [ 16.555139541626101, 38.411251068115298 ], [ 16.555139541626101, 38.410972595215 ], [ 16.5548591613769, 38.410972595215 ], [ 16.5548591613769, 38.410694122314602 ], [ 16.554582595825099, 38.410694122314602 ], [ 16.554582595825099, 38.410415649414198 ], [ 16.554306030273601, 38.410415649414198 ], [ 16.554306030273601, 38.4101371765138 ], [ 16.5540275573732, 38.4101371765138 ], [ 16.5540275573732, 38.409862518310597 ], [ 16.553749084472798, 38.409862518310597 ], [ 16.553749084472798, 38.409584045410199 ], [ 16.553472518921001, 38.409584045410199 ], [ 16.553472518921001, 38.409305572509801 ], [ 16.5531940460206, 38.409305572509801 ], [ 16.5531940460206, 38.409027099609403 ], [ 16.5529174804688, 38.409027099609403 ], [ 16.5529174804688, 38.408748626708999 ], [ 16.552637100219801, 38.408748626708999 ], [ 16.552637100219801, 38.408473968505902 ], [ 16.552360534668001, 38.408473968505902 ], [ 16.552360534668001, 38.408195495605497 ], [ 16.5520839691163, 38.408195495605497 ], [ 16.5520839691163, 38.407917022705099 ], [ 16.551805496215898, 38.407917022705099 ], [ 16.551805496215898, 38.407638549804702 ], [ 16.551528930664102, 38.407638549804702 ], [ 16.551528930664102, 38.407360076904297 ], [ 16.5512084960938, 38.407360076904297 ], [ 16.550971984863299, 38.407360076904297 ], [ 16.550971984863299, 38.4071273803712 ], [ 16.550693511962901, 38.407081604003899 ], [ 16.550693511962901, 38.406856536865298 ], [ 16.550418853759901, 38.406806945800902 ], [ 16.550418853759901, 38.406585693359503 ], [ 16.550359725952099, 38.406528472900497 ], [ 16.5501384735107, 38.406528472900497 ], [ 16.5501384735107, 38.4063110351562 ], [ 16.550075531005898, 38.40625 ], [ 16.549861907958899, 38.40625 ], [ 16.549861907958899, 38.406040191650398 ], [ 16.549791336059702, 38.405971527099602 ], [ 16.549583435058501, 38.405971527099602 ], [ 16.549583435058501, 38.405769348144602 ], [ 16.549583435058501, 38.405693054199197 ], [ 16.549507141113299, 38.405693054199197 ], [ 16.5493068695069, 38.405693054199197 ], [ 16.5493068695069, 38.4054985046387 ], [ 16.5493068695069, 38.4054183959962 ], [ 16.5492248535156, 38.4054183959962 ], [ 16.549028396606602, 38.4054183959962 ], [ 16.549028396606602, 38.405223846435497 ], [ 16.549028396606602, 38.405139923095803 ], [ 16.5489406585694, 38.405139923095803 ], [ 16.5487499237062, 38.405139923095803 ], [ 16.5487499237062, 38.404953002929702 ], [ 16.5487499237062, 38.404861450195398 ], [ 16.5486564636231, 38.404861450195398 ], [ 16.5484714508056, 38.404861450195398 ], [ 16.5484714508056, 38.404678344726698 ], [ 16.5484714508056, 38.404582977295 ], [ 16.5483722686768, 38.404582977295 ], [ 16.548196792602599, 38.404582977295 ], [ 16.548196792602599, 38.404411315917997 ], [ 16.548196792602599, 38.404304504394602 ], [ 16.548088073730501, 38.404304504394602 ], [ 16.547916412353601, 38.404304504394602 ], [ 16.547916412353601, 38.404136657715 ], [ 16.547916412353601, 38.404026031494197 ], [ 16.547803878784102, 38.404026031494197 ], [ 16.547672271728601, 38.404064178466697 ], [ 16.5476379394532, 38.403877258300803 ], [ 16.5476379394532, 38.403751373291001 ], [ 16.547489166259801, 38.403751373291001 ], [ 16.547361373901399, 38.403751373291001 ], [ 16.547361373901399, 38.403640747070298 ], [ 16.547361373901399, 38.403472900390703 ], [ 16.547166824340799, 38.403472900390703 ], [ 16.547084808349702, 38.403472900390703 ], [ 16.547084808349702, 38.403194427490298 ], [ 16.5468063354493, 38.403194427490298 ], [ 16.5468063354493, 38.402915954589901 ], [ 16.546527862548899, 38.402915954589901 ], [ 16.546527862548899, 38.402637481689503 ], [ 16.546249389648501, 38.402637481689503 ], [ 16.546249389648501, 38.4023628234863 ], [ 16.545974731445298, 38.4023628234863 ], [ 16.545974731445298, 38.402084350585902 ], [ 16.545692443847699, 38.402084350585902 ], [ 16.545692443847699, 38.401805877685497 ], [ 16.545223236083999, 38.401805877685497 ], [ 16.545139312744102, 38.401805877685497 ], [ 16.545139312744102, 38.4017333984375 ], [ 16.545139312744102, 38.401527404785199 ], [ 16.5448608398438, 38.401527404785199 ], [ 16.5448608398438, 38.401248931884801 ], [ 16.544582366943398, 38.401248931884801 ], [ 16.544582366943398, 38.400970458984403 ], [ 16.54425239563, 38.400970458984403 ], [ 16.5440273284912, 38.400970458984403 ], [ 16.5440273284912, 38.400779724121101 ], [ 16.5440273284912, 38.400695800781399 ], [ 16.543930053711001, 38.400695800781399 ], [ 16.5437526702882, 38.400695800781399 ], [ 16.5437526702882, 38.400539398193402 ], [ 16.5437526702882, 38.400417327881001 ], [ 16.5436077117919, 38.400417327881001 ], [ 16.543193817138601, 38.400417327881001 ], [ 16.543193817138601, 38.400138854980597 ], [ 16.542917251586999, 38.400138854980597 ], [ 16.542917251586999, 38.399860382080199 ], [ 16.542638778686602, 38.399860382080199 ], [ 16.542638778686602, 38.399585723877003 ], [ 16.5423603057862, 38.399581909179602 ], [ 16.5423603057862, 38.399345397949297 ], [ 16.542083740234499, 38.399307250976598 ], [ 16.542083740234499, 38.3991088867188 ], [ 16.542083740234499, 38.3990287780762 ], [ 16.5419921875, 38.3990287780762 ], [ 16.541805267334102, 38.3990287780762 ], [ 16.541805267334102, 38.398868560791101 ], [ 16.541805267334102, 38.398750305175803 ], [ 16.541667938232401, 38.398750305175803 ], [ 16.541528701782301, 38.398750305175803 ], [ 16.541528701782301, 38.398635864257798 ], [ 16.541528701782301, 38.398471832275398 ], [ 16.541334152221602, 38.398471832275398 ], [ 16.5412502288819, 38.398471832275398 ], [ 16.5412502288819, 38.3983993530275 ], [ 16.5412502288819, 38.398193359375099 ], [ 16.540971755981499, 38.398193359375099 ], [ 16.540971755981499, 38.397914886474702 ], [ 16.540695190429702, 38.397914886474702 ], [ 16.540695190429702, 38.397640228271499 ], [ 16.5404167175294, 38.397640228271499 ], [ 16.5404167175294, 38.397361755371101 ], [ 16.540012359619102, 38.397361755371101 ], [ 16.539861679077099, 38.397361755371101 ], [ 16.539861679077099, 38.3972358703613 ], [ 16.539861679077099, 38.397083282470803 ], [ 16.539680480956999, 38.397083282470803 ], [ 16.5395832061768, 38.397083282470803 ], [ 16.5395832061768, 38.396999359131001 ], [ 16.5395832061768, 38.396804809570398 ], [ 16.539350509643601, 38.396804809570398 ], [ 16.539028167724599, 38.396804809570398 ], [ 16.539028167724599, 38.396537780761697 ], [ 16.538749694824201, 38.39652633667 ], [ 16.538749694824201, 38.396301269531399 ], [ 16.538690567016701, 38.396251678466697 ], [ 16.538194656372099, 38.396251678466697 ], [ 16.538194656372099, 38.395973205566399 ], [ 16.537916183471701, 38.395973205566399 ], [ 16.537916183471701, 38.395694732666001 ], [ 16.53763961792, 38.395694732666001 ], [ 16.53763961792, 38.395416259765597 ], [ 16.537361145019499, 38.395416259765597 ], [ 16.537361145019499, 38.395137786865199 ], [ 16.537082672119102, 38.395137786865199 ], [ 16.537082672119102, 38.394901275634901 ], [ 16.536527633667099, 38.394859313964801 ], [ 16.536527633667099, 38.394584655761797 ], [ 16.536249160766701, 38.394584655761797 ], [ 16.536249160766701, 38.394306182861399 ], [ 16.535972595214901, 38.394306182861399 ], [ 16.535972595214901, 38.394027709961101 ], [ 16.535694122314599, 38.394027709961101 ], [ 16.535694122314599, 38.393749237060703 ], [ 16.535417556762798, 38.393749237060703 ], [ 16.535417556762798, 38.393508911132798 ], [ 16.535139083862401, 38.393470764160298 ], [ 16.535139083862401, 38.393276214599702 ], [ 16.535139083862401, 38.393196105957102 ], [ 16.5350456237793, 38.393196105957102 ], [ 16.5345859527588, 38.393196105957102 ], [ 16.5345859527588, 38.392917633056697 ], [ 16.534305572509801, 38.392917633056697 ], [ 16.534305572509801, 38.3926391601563 ], [ 16.534025192260899, 38.3926391601563 ], [ 16.534025192260899, 38.392360687255902 ], [ 16.533750534057599, 38.392360687255902 ], [ 16.533750534057599, 38.392116546630902 ], [ 16.533472061157202, 38.392082214355497 ], [ 16.533472061157202, 38.391883850097699 ], [ 16.533472061157202, 38.391803741455199 ], [ 16.533378601074201, 38.391803741455199 ], [ 16.533195495605501, 38.391803741455199 ], [ 16.533195495605501, 38.391651153564602 ], [ 16.533195495605501, 38.391529083252003 ], [ 16.533048629760799, 38.391529083252003 ], [ 16.532638549804702, 38.391529083252003 ], [ 16.532638549804702, 38.391250610351598 ], [ 16.532363891601701, 38.391250610351598 ], [ 16.532363891601701, 38.3909721374512 ], [ 16.5320854187013, 38.3909721374512 ], [ 16.5320854187013, 38.390724182128999 ], [ 16.531803131103501, 38.390693664550803 ], [ 16.531803131103501, 38.390491485595803 ], [ 16.531803131103501, 38.390415191650398 ], [ 16.531713485717798, 38.390415191650398 ], [ 16.531528472900501, 38.390415191650398 ], [ 16.531528472900501, 38.3902587890625 ], [ 16.531528472900501, 38.390140533447202 ], [ 16.531385421753001, 38.390140533447202 ], [ 16.53125, 38.390140533447202 ], [ 16.53125, 38.390026092529403 ], [ 16.53125, 38.389862060546797 ], [ 16.531053543090898, 38.389862060546797 ], [ 16.530693054199201, 38.389862060546797 ], [ 16.530693054199201, 38.389583587646499 ], [ 16.530416488647599, 38.389583587646499 ], [ 16.530416488647599, 38.389331817627102 ], [ 16.530138015747202, 38.389305114746101 ], [ 16.530138015747202, 38.3890991210937 ], [ 16.530138015747202, 38.389026641845703 ], [ 16.5300521850587, 38.389026641845703 ], [ 16.529861450195401, 38.389026641845703 ], [ 16.529861450195401, 38.388866424560497 ], [ 16.529861450195401, 38.388748168945298 ], [ 16.529718399047901, 38.388748168945298 ], [ 16.529581069946399, 38.388748168945298 ], [ 16.529581069946399, 38.388633728027401 ], [ 16.529581069946399, 38.388473510742301 ], [ 16.529392242431701, 38.388473510742301 ], [ 16.5293064117432, 38.388473510742301 ], [ 16.5293064117432, 38.388195037841903 ], [ 16.529027938842798, 38.388195037841903 ], [ 16.529027938842798, 38.387916564941499 ], [ 16.528745651245099, 38.387916564941499 ], [ 16.5284729003906, 38.387916564941499 ], [ 16.5284729003906, 38.3876762390137 ], [ 16.528194427490298, 38.387638092041101 ], [ 16.528194427490298, 38.387435913085902 ], [ 16.528194427490298, 38.387359619140703 ], [ 16.5281066894532, 38.387359619140703 ], [ 16.527915954589901, 38.387359619140703 ], [ 16.527915954589901, 38.387191772460902 ], [ 16.527915954589901, 38.387084960937599 ], [ 16.527790069580099, 38.387084960937599 ], [ 16.5276393890381, 38.387084960937599 ], [ 16.5276393890381, 38.386951446533203 ], [ 16.5276393890381, 38.386806488037202 ], [ 16.527471542358398, 38.386806488037202 ], [ 16.527082443237301, 38.386806488037202 ], [ 16.527082443237301, 38.386528015136797 ], [ 16.526527404785199, 38.386528015136797 ], [ 16.526527404785199, 38.386249542236399 ], [ 16.526250839233299, 38.386249542236399 ], [ 16.526250839233299, 38.385971069336001 ], [ 16.525693893432599, 38.385971069336001 ], [ 16.525693893432599, 38.385692596435597 ], [ 16.5251388549806, 38.385692596435597 ], [ 16.5251388549806, 38.385417938232401 ], [ 16.524860382080199, 38.385417938232401 ], [ 16.524860382080199, 38.385139465332003 ], [ 16.524583816528398, 38.385139465332003 ], [ 16.524583816528398, 38.384860992431598 ], [ 16.5240287780762, 38.384860992431598 ], [ 16.5240287780762, 38.3845825195312 ], [ 16.523750305175799, 38.3845825195312 ], [ 16.523750305175799, 38.384304046630902 ], [ 16.523471832275401, 38.384304046630902 ], [ 16.523471832275401, 38.384029388427798 ], [ 16.5231952667237, 38.384029388427798 ], [ 16.5231952667237, 38.383750915527301 ], [ 16.522916793823299, 38.383750915527301 ], [ 16.522916793823299, 38.383472442626903 ], [ 16.522361755371101, 38.383472442626903 ], [ 16.522361755371101, 38.383193969726598 ], [ 16.5220832824707, 38.383193969726598 ], [ 16.5220832824707, 38.3829154968262 ], [ 16.521806716918899, 38.3829154968262 ], [ 16.521806716918899, 38.382637023925803 ], [ 16.521528244018601, 38.382637023925803 ], [ 16.521528244018601, 38.382362365722798 ], [ 16.5212497711182, 38.382362365722798 ], [ 16.5212497711182, 38.382083892822401 ], [ 16.520971298217798, 38.382083892822401 ], [ 16.520971298217798, 38.381805419922003 ], [ 16.520696640014801, 38.381805419922003 ], [ 16.520696640014801, 38.381526947021598 ], [ 16.520414352416999, 38.381526947021598 ], [ 16.520414352416999, 38.3812484741212 ], [ 16.520139694213999, 38.3812484741212 ], [ 16.520139694213999, 38.380973815917997 ], [ 16.519861221313398, 38.380973815917997 ], [ 16.519861221313398, 38.380695343017599 ], [ 16.5195846557618, 38.380695343017599 ], [ 16.5195846557618, 38.380416870117202 ], [ 16.519306182861399, 38.380416870117202 ], [ 16.519306182861399, 38.380138397216903 ], [ 16.519027709961101, 38.380138397216903 ], [ 16.519027709961101, 38.379859924316499 ], [ 16.5187492370607, 38.379859924316499 ], [ 16.5187492370607, 38.379585266113303 ], [ 16.5184745788575, 38.379581451416101 ], [ 16.5184745788575, 38.379306793212898 ], [ 16.518192291259702, 38.379306793212898 ], [ 16.518192291259702, 38.3790283203125 ], [ 16.5176391601563, 38.3790283203125 ], [ 16.5176391601563, 38.378749847412102 ], [ 16.517360687255898, 38.378749847412102 ], [ 16.517360687255898, 38.378471374511697 ], [ 16.517082214355501, 38.378471374511697 ], [ 16.517082214355501, 38.3781929016113 ], [ 16.5168056488038, 38.3781929016113 ], [ 16.5168056488038, 38.377918243408303 ], [ 16.516250610351602, 38.377918243408303 ], [ 16.516250610351602, 38.377639770507898 ], [ 16.515970230102599, 38.377639770507898 ], [ 16.515970230102599, 38.377361297607401 ], [ 16.515693664550799, 38.377361297607401 ], [ 16.515693664550799, 38.377082824707003 ], [ 16.515417098998999, 38.377082824707003 ], [ 16.515417098998999, 38.376804351806598 ], [ 16.515138626098601, 38.376804351806598 ], [ 16.515138626098601, 38.376529693603601 ], [ 16.5148601531982, 38.3765258789062 ], [ 16.5148601531982, 38.376251220703203 ], [ 16.514583587646399, 38.376251220703203 ], [ 16.514583587646399, 38.375972747802798 ], [ 16.514305114746101, 38.375972747802798 ], [ 16.514305114746101, 38.3756942749025 ], [ 16.5140285491944, 38.3756942749025 ], [ 16.5140285491944, 38.375137329101698 ], [ 16.513748168945298, 38.375137329101698 ], [ 16.513748168945298, 38.374862670898501 ], [ 16.513471603393501, 38.374862670898501 ], [ 16.513471603393501, 38.374584197998097 ], [ 16.5131950378419, 38.374584197998097 ], [ 16.5131950378419, 38.374305725097699 ], [ 16.512916564941499, 38.374305725097699 ], [ 16.512916564941499, 38.374027252197301 ], [ 16.512638092041101, 38.374027252197301 ], [ 16.512638092041101, 38.373748779296903 ], [ 16.5123615264893, 38.373748779296903 ], [ 16.5123615264893, 38.373485565185597 ], [ 16.512083053588899, 38.3734741210937 ], [ 16.512083053588899, 38.373237609863402 ], [ 16.511529922485298, 38.373195648193402 ], [ 16.511529922485298, 38.372917175292997 ], [ 16.511249542236399, 38.372917175292997 ], [ 16.511249542236399, 38.372638702392599 ], [ 16.510694503784201, 38.372638702392599 ], [ 16.510694503784201, 38.372360229492202 ], [ 16.510417938232401, 38.372360229492202 ], [ 16.510417938232401, 38.372081756591797 ], [ 16.509860992431602, 38.372081756591797 ], [ 16.509860992431602, 38.3718070983888 ], [ 16.5095825195312, 38.3718070983888 ], [ 16.5095825195312, 38.371528625488402 ], [ 16.509027481079102, 38.371528625488402 ], [ 16.509027481079102, 38.371250152587997 ], [ 16.508750915527301, 38.371250152587997 ], [ 16.508750915527301, 38.370971679687401 ], [ 16.508195877075298, 38.370971679687401 ], [ 16.508195877075298, 38.370693206787102 ], [ 16.507917404174901, 38.370693206787102 ], [ 16.507917404174901, 38.370418548583999 ], [ 16.507638931274499, 38.370418548583999 ], [ 16.507638931274499, 38.3701400756837 ], [ 16.507360458374102, 38.3701400756837 ], [ 16.507360458374102, 38.369583129882898 ], [ 16.507085800171001, 38.369583129882898 ], [ 16.507085800171001, 38.3693046569825 ], [ 16.5068035125732, 38.3693046569825 ], [ 16.5068035125732, 38.369026184082102 ], [ 16.506526947021602, 38.369026184082102 ], [ 16.506526947021602, 38.368751525878899 ], [ 16.506250381469801, 38.368751525878899 ], [ 16.506250381469801, 38.368473052978601 ], [ 16.505973815918001, 38.368473052978601 ], [ 16.505973815918001, 38.367916107177798 ], [ 16.505695343017599, 38.367916107177798 ], [ 16.505695343017599, 38.367637634277401 ], [ 16.505416870117202, 38.367637634277401 ], [ 16.505416870117202, 38.367362976074197 ], [ 16.5051383972169, 38.367362976074197 ], [ 16.5051383972169, 38.3670845031738 ], [ 16.5048637390137, 38.3670845031738 ], [ 16.5048637390137, 38.366832733154403 ], [ 16.504581451416101, 38.366806030273402 ], [ 16.504581451416101, 38.366588592529403 ], [ 16.504510879516701, 38.366527557372997 ], [ 16.5040283203125, 38.366527557372997 ], [ 16.5040283203125, 38.366249084472699 ], [ 16.503749847412099, 38.366249084472699 ], [ 16.503749847412099, 38.365970611572301 ], [ 16.503471374511701, 38.365970611572301 ], [ 16.503471374511701, 38.365695953369297 ], [ 16.50319480896, 38.365695953369297 ], [ 16.50319480896, 38.365417480468899 ], [ 16.502916336059599, 38.365417480468899 ], [ 16.502916336059599, 38.365177154541001 ], [ 16.502639770507901, 38.365139007568501 ], [ 16.502639770507901, 38.364952087402401 ], [ 16.502639770507901, 38.364860534668097 ], [ 16.502529144287202, 38.364860534668097 ], [ 16.502082824706999, 38.364860534668097 ], [ 16.502082824706999, 38.3645820617675 ], [ 16.501806259155401, 38.3645820617675 ], [ 16.501806259155401, 38.364307403564503 ], [ 16.501527786255, 38.364307403564503 ], [ 16.501527786255, 38.364040374755902 ], [ 16.501249313354599, 38.364028930664098 ], [ 16.501249313354599, 38.36381149292 ], [ 16.501176834106399, 38.3637504577637 ], [ 16.500972747802798, 38.3637504577637 ], [ 16.500972747802798, 38.363582611084098 ], [ 16.500972747802798, 38.363471984863303 ], [ 16.500837326049901, 38.363471984863303 ], [ 16.5006942749025, 38.363471984863303 ], [ 16.5006942749025, 38.363353729248097 ], [ 16.5006942749025, 38.362915039062599 ], [ 16.500415802002099, 38.362915039062599 ], [ 16.500415802002099, 38.362640380859403 ], [ 16.500139236450298, 38.362640380859403 ], [ 16.500139236450298, 38.362361907958999 ], [ 16.499860763549901, 38.362361907958999 ], [ 16.499860763549901, 38.3620834350587 ], [ 16.4995841979981, 38.3620834350587 ], [ 16.4995841979981, 38.361804962158303 ], [ 16.499305725097699, 38.361804962158303 ], [ 16.499305725097699, 38.361526489257898 ], [ 16.499027252197301, 38.361526489257898 ], [ 16.499027252197301, 38.360973358154297 ], [ 16.498750686645501, 38.360973358154297 ], [ 16.498750686645501, 38.360694885253899 ], [ 16.498472213745099, 38.360694885253899 ], [ 16.498472213745099, 38.360416412353501 ], [ 16.498193740844702, 38.360416412353501 ], [ 16.498193740844702, 38.360137939453097 ], [ 16.497917175293001, 38.360137939453097 ], [ 16.497917175293001, 38.359859466552699 ], [ 16.497360229492202, 38.359859466552699 ], [ 16.497360229492202, 38.359584808349702 ], [ 16.497083663940401, 38.359584808349702 ], [ 16.497083663940401, 38.359306335449297 ], [ 16.496528625488398, 38.359306335449297 ], [ 16.496528625488398, 38.359027862548899 ], [ 16.496250152588001, 38.359027862548899 ], [ 16.496250152588001, 38.358749389648601 ], [ 16.495971679687401, 38.358749389648601 ], [ 16.495971679687401, 38.358470916748203 ], [ 16.495416641235501, 38.358470916748203 ], [ 16.495416641235501, 38.358196258545 ], [ 16.495138168335099, 38.358196258545 ], [ 16.495138168335099, 38.357917785644602 ], [ 16.494583129882901, 38.357917785644602 ], [ 16.494583129882901, 38.357639312744197 ], [ 16.494306564331101, 38.357639312744197 ], [ 16.494306564331101, 38.3573608398438 ], [ 16.493749618530298, 38.3573608398438 ], [ 16.493749618530298, 38.357082366943402 ], [ 16.493473052978501, 38.357082366943402 ], [ 16.493473052978501, 38.356803894043097 ], [ 16.492914199829201, 38.356803894043097 ], [ 16.492914199829201, 38.356529235839801 ], [ 16.4923610687256, 38.356529235839801 ], [ 16.4923610687256, 38.356250762939503 ], [ 16.4920845031738, 38.356250762939503 ], [ 16.4920845031738, 38.355972290039098 ], [ 16.491527557373001, 38.355972290039098 ], [ 16.491527557373001, 38.3556938171387 ], [ 16.490974426269599, 38.3556938171387 ], [ 16.490974426269599, 38.355415344238303 ], [ 16.490417480468899, 38.355415344238303 ], [ 16.490417480468899, 38.355140686035099 ], [ 16.490139007568501, 38.355140686035099 ], [ 16.490139007568501, 38.354862213134702 ], [ 16.4895820617675, 38.354862213134702 ], [ 16.4895820617675, 38.354583740234403 ], [ 16.489027023315501, 38.354583740234403 ], [ 16.489027023315501, 38.354305267333999 ], [ 16.488470077514801, 38.354305267333999 ], [ 16.488470077514801, 38.354030609130902 ], [ 16.488193511962901, 38.354026794433601 ], [ 16.488193511962901, 38.353748321533203 ], [ 16.487638473510799, 38.353748321533203 ], [ 16.487638473510799, 38.353473663330199 ], [ 16.487361907958999, 38.353473663330199 ], [ 16.487361907958999, 38.353195190429801 ], [ 16.486804962158299, 38.353195190429801 ], [ 16.486804962158299, 38.352916717529403 ], [ 16.486249923706101, 38.352916717529403 ], [ 16.486249923706101, 38.352638244628999 ], [ 16.4859714508057, 38.352638244628999 ], [ 16.4859714508057, 38.352359771728601 ], [ 16.485416412353501, 38.352359771728601 ], [ 16.485416412353501, 38.352085113525398 ], [ 16.4851398468019, 38.352085113525398 ], [ 16.4851398468019, 38.351806640625099 ], [ 16.484582901000898, 38.351806640625099 ], [ 16.484582901000898, 38.351528167724702 ], [ 16.484027862548899, 38.351528167724702 ], [ 16.484027862548899, 38.351249694824297 ], [ 16.483749389648601, 38.351249694824297 ], [ 16.483749389648601, 38.350971221923899 ], [ 16.483194351196399, 38.350971221923899 ], [ 16.483194351196399, 38.350692749023501 ], [ 16.482917785644599, 38.350692749023501 ], [ 16.482917785644599, 38.350418090820298 ], [ 16.4823608398438, 38.350418090820298 ], [ 16.4823608398438, 38.350139617919901 ], [ 16.482084274291999, 38.350139617919901 ], [ 16.482082366943398, 38.349861145019503 ], [ 16.4815273284913, 38.349861145019503 ], [ 16.4815273284913, 38.349582672119098 ], [ 16.481250762939499, 38.349582672119098 ], [ 16.481250762939499, 38.3493041992188 ], [ 16.480695724487301, 38.3493041992188 ], [ 16.480695724487301, 38.349029541015703 ], [ 16.4804172515869, 38.349029541015703 ], [ 16.4804172515869, 38.348751068115199 ], [ 16.479860305786101, 38.348751068115199 ], [ 16.479860305786101, 38.348472595214801 ], [ 16.4795856475831, 38.348472595214801 ], [ 16.4795856475831, 38.348194122314503 ], [ 16.479028701782301, 38.348194122314503 ], [ 16.479028701782301, 38.347915649414098 ], [ 16.4787502288819, 38.347915649414098 ], [ 16.4787502288819, 38.3476371765137 ], [ 16.478193283081001, 38.3476371765137 ], [ 16.478193283081001, 38.347362518310703 ], [ 16.4779167175294, 38.347362518310703 ], [ 16.4779167175294, 38.347084045410298 ], [ 16.477363586425799, 38.347084045410298 ], [ 16.477363586425799, 38.346805572509901 ], [ 16.476804733276499, 38.346805572509901 ], [ 16.476804733276499, 38.346527099609503 ], [ 16.476528167724702, 38.346527099609503 ], [ 16.476528167724702, 38.346248626709098 ], [ 16.475971221923899, 38.346248626709098 ], [ 16.475971221923899, 38.345973968505902 ], [ 16.475416183471701, 38.345973968505902 ], [ 16.475416183471701, 38.345695495605497 ], [ 16.475139617919901, 38.345695495605497 ], [ 16.475139617919901, 38.345417022705099 ], [ 16.474582672119102, 38.345417022705099 ], [ 16.474582672119102, 38.345138549804702 ], [ 16.474306106567401, 38.345138549804702 ], [ 16.474306106567401, 38.344860076904403 ], [ 16.473749160766602, 38.344860076904403 ], [ 16.473749160766602, 38.344581604003999 ], [ 16.4731941223144, 38.344581604003999 ], [ 16.4731941223144, 38.344306945800803 ], [ 16.472917556762798, 38.344306945800803 ], [ 16.472917556762798, 38.344028472900398 ], [ 16.472360610961999, 38.344028472900398 ], [ 16.472360610961999, 38.34375 ], [ 16.471805572509901, 38.34375 ], [ 16.471805572509901, 38.343471527099602 ], [ 16.471527099609499, 38.343471527099602 ], [ 16.471527099609499, 38.343193054199197 ], [ 16.470972061157301, 38.343193054199197 ], [ 16.470972061157301, 38.3429183959962 ], [ 16.4704189300537, 38.3429183959962 ], [ 16.4704189300537, 38.342639923095803 ], [ 16.469861984252901, 38.342639923095803 ], [ 16.469861984252901, 38.342361450195199 ], [ 16.4694442749025, 38.342361450195199 ], [ 16.469306945800799, 38.342361450195199 ], [ 16.469306945800799, 38.342273712158097 ], [ 16.469306945800799, 38.342082977294901 ], [ 16.468999862671001, 38.342082977294901 ], [ 16.46875, 38.342082977294901 ], [ 16.46875, 38.341926574707102 ], [ 16.46875, 38.341804504394503 ], [ 16.468555450439599, 38.341804504394503 ], [ 16.468196868896602, 38.341804504394503 ], [ 16.468196868896602, 38.341579437255902 ], [ 16.468109130859499, 38.341526031494098 ], [ 16.467638015747099, 38.341526031494098 ], [ 16.467638015747099, 38.341251373291101 ], [ 16.4670848846437, 38.341251373291101 ], [ 16.4670848846437, 38.340972900390703 ], [ 16.466527938842901, 38.340972900390703 ], [ 16.466527938842901, 38.340694427490298 ], [ 16.4659748077393, 38.340694427490298 ], [ 16.4659748077393, 38.34041595459 ], [ 16.4654140472412, 38.34041595459 ], [ 16.4654140472412, 38.340137481689602 ], [ 16.4648628234863, 38.340137481689602 ], [ 16.4648628234863, 38.339862823486399 ], [ 16.4643058776856, 38.339862823486399 ], [ 16.4643058776856, 38.339584350586001 ], [ 16.463752746581999, 38.339584350586001 ], [ 16.463752746581999, 38.339305877685597 ], [ 16.463193893432599, 38.339305877685597 ], [ 16.463193893432599, 38.339027404785199 ], [ 16.462638854980501, 38.339027404785199 ], [ 16.462638854980501, 38.338748931884801 ], [ 16.462083816528299, 38.338748931884801 ], [ 16.462083816528299, 38.338470458984403 ], [ 16.4615268707275, 38.338470458984403 ], [ 16.4615268707275, 38.3381958007812 ], [ 16.460971832275298, 38.3381958007812 ], [ 16.460971832275298, 38.337917327880902 ], [ 16.460416793823399, 38.337917327880902 ], [ 16.460416793823399, 38.337703704833999 ], [ 16.4602489471437, 38.337638854980497 ], [ 16.459861755371101, 38.337638854980497 ], [ 16.459861755371101, 38.337490081787202 ], [ 16.459861755371101, 38.337360382080099 ], [ 16.459520339965898, 38.337360382080099 ], [ 16.459028244018601, 38.337360382080099 ], [ 16.459028244018601, 38.337173461914198 ], [ 16.459028244018601, 38.337081909179702 ], [ 16.458793640136701, 38.337081909179702 ], [ 16.458471298217798, 38.337081909179702 ], [ 16.458471298217798, 38.336959838867202 ], [ 16.458471298217798, 38.336807250976698 ], [ 16.458074569702202, 38.336807250976698 ], [ 16.4579162597657, 38.336807250976698 ], [ 16.4579162597657, 38.3365287780763 ], [ 16.457347869873001, 38.3365287780763 ], [ 16.4570827484131, 38.3365287780763 ], [ 16.4570827484131, 38.336429595947301 ], [ 16.4570827484131, 38.336250305175902 ], [ 16.456619262695401, 38.336250305175902 ], [ 16.456527709960898, 38.336250305175902 ], [ 16.456527709960898, 38.335971832275298 ], [ 16.4559726715087, 38.335971832275298 ], [ 16.4559726715087, 38.335693359374901 ], [ 16.455139160156399, 38.335693359374901 ], [ 16.455139160156399, 38.335414886474602 ], [ 16.454563140869102, 38.3354682922363 ], [ 16.454584121704201, 38.335140228271499 ], [ 16.4537467956543, 38.335151672363303 ], [ 16.453750610351602, 38.3348617553712 ], [ 16.452917098999102, 38.334865570068402 ], [ 16.452917098999102, 38.334583282470803 ], [ 16.4523620605469, 38.334583282470803 ], [ 16.452360153198299, 38.334304809570398 ], [ 16.4515285491943, 38.334304809570398 ], [ 16.4515285491943, 38.33402633667 ], [ 16.4506931304932, 38.33402633667 ], [ 16.4506931304932, 38.333751678466797 ], [ 16.449863433838001, 38.333751678466797 ], [ 16.449863433838001, 38.333473205566499 ], [ 16.4490280151368, 38.333473205566499 ], [ 16.4490280151368, 38.333194732666101 ], [ 16.448471069336101, 38.333194732666101 ], [ 16.448471069336101, 38.332916259765703 ], [ 16.447639465332099, 38.332916259765703 ], [ 16.447639465332099, 38.332637786865298 ], [ 16.4470825195313, 38.332637786865298 ], [ 16.4470825195313, 38.332359313964901 ], [ 16.446250915527301, 38.332359313964901 ], [ 16.446250915527301, 38.332084655761697 ], [ 16.445693969726602, 38.332084655761697 ], [ 16.445693969726602, 38.3318061828613 ], [ 16.444860458373999, 38.3318061828613 ], [ 16.444860458373999, 38.331527709960902 ], [ 16.444028854370199, 38.331527709960902 ], [ 16.444028854370199, 38.331249237060497 ], [ 16.442918777465898, 38.331249237060497 ], [ 16.442918777465898, 38.330970764160199 ], [ 16.442083358764702, 38.330970764160199 ], [ 16.442083358764702, 38.330696105957102 ], [ 16.441249847412202, 38.330696105957102 ], [ 16.441249847412202, 38.330417633056797 ], [ 16.440139770507798, 38.330417633056797 ], [ 16.440139770507798, 38.330139160156399 ], [ 16.439306259155298, 38.330139160156399 ], [ 16.439306259155298, 38.329860687256001 ], [ 16.437915802001999, 38.329860687256001 ], [ 16.437915802001999, 38.329582214355398 ], [ 16.4370822906494, 38.329582214355398 ], [ 16.4370822906494, 38.329303741455 ], [ 16.436252593994102, 38.329303741455 ], [ 16.436252593994102, 38.329029083252003 ], [ 16.435138702392599, 38.329029083252003 ], [ 16.435138702392599, 38.328750610351598 ], [ 16.434305191040099, 38.328750610351598 ], [ 16.434305191040099, 38.3284721374512 ], [ 16.4334716796875, 38.3284721374512 ], [ 16.4334716796875, 38.328193664550902 ], [ 16.432083129882798, 38.328193664550902 ], [ 16.432083129882798, 38.327915191650497 ], [ 16.430973052978601, 38.327915191650497 ], [ 16.430973052978601, 38.327640533447301 ], [ 16.429582595825298, 38.327640533447301 ], [ 16.429582595825298, 38.327362060546903 ], [ 16.428749084472699, 38.327362060546903 ], [ 16.428749084472699, 38.327083587646499 ], [ 16.427639007568398, 38.327083587646499 ], [ 16.427639007568398, 38.3268051147462 ], [ 16.425138473510899, 38.3268051147462 ], [ 16.425138473510899, 38.326526641845803 ], [ 16.424303054809499, 38.326526641845803 ], [ 16.424303054809499, 38.326248168945398 ], [ 16.4234714508057, 38.326248168945398 ], [ 16.4234714508057, 38.325973510742202 ], [ 16.4226379394532, 38.325973510742202 ], [ 16.4226379394532, 38.325695037841797 ], [ 16.422082901001001, 38.325695037841797 ], [ 16.422082901001001, 38.325416564941399 ], [ 16.421249389648398, 38.325416564941399 ], [ 16.421249389648398, 38.325138092041001 ], [ 16.420415878295898, 38.325138092041001 ], [ 16.420415878295898, 38.324859619140597 ], [ 16.419584274292099, 38.324859619140597 ], [ 16.419582366943299, 38.324584960937599 ], [ 16.415971755981399, 38.324584960937599 ], [ 16.415971755981399, 38.324306488037202 ], [ 16.415138244628899, 38.324306488037202 ], [ 16.415138244628899, 38.324028015136797 ], [ 16.414583206176701, 38.324028015136797 ], [ 16.414583206176701, 38.323749542236399 ], [ 16.4137496948243, 38.323749542236399 ], [ 16.4137496948243, 38.323471069336101 ], [ 16.413194656372202, 38.323471069336101 ], [ 16.413194656372202, 38.323192596435497 ], [ 16.412361145019599, 38.323192596435497 ], [ 16.412361145019599, 38.3229179382325 ], [ 16.411806106567401, 38.3229179382325 ], [ 16.411806106567401, 38.322639465332102 ], [ 16.410974502563501, 38.322639465332102 ], [ 16.410974502563501, 38.322360992431697 ], [ 16.410139083862301, 38.322360992431697 ], [ 16.410139083862301, 38.3220825195313 ], [ 16.409305572509801, 38.3220825195313 ], [ 16.409305572509801, 38.321804046631001 ], [ 16.408750534057699, 38.321804046631001 ], [ 16.408750534057699, 38.321529388427699 ], [ 16.407917022705199, 38.321529388427699 ], [ 16.407917022705199, 38.321250915527301 ], [ 16.407083511352599, 38.321250915527301 ], [ 16.407083511352599, 38.320972442626903 ], [ 16.406248092651499, 38.320972442626903 ], [ 16.406248092651499, 38.320693969726598 ], [ 16.4054164886475, 38.320693969726598 ], [ 16.4054164886475, 38.3204154968262 ], [ 16.404582977294901, 38.3204154968262 ], [ 16.404582977294901, 38.320137023925803 ], [ 16.403749465942401, 38.320137023925803 ], [ 16.403749465942401, 38.319862365722599 ], [ 16.402917861938601, 38.319862365722599 ], [ 16.402917861938601, 38.319583892822301 ], [ 16.402360916137798, 38.319583892822301 ], [ 16.402360916137798, 38.319305419921903 ], [ 16.401527404785298, 38.319305419921903 ], [ 16.401527404785298, 38.319026947021499 ], [ 16.4006958007813, 38.319026947021499 ], [ 16.4006958007813, 38.318748474121101 ], [ 16.399585723876999, 38.318748474121101 ], [ 16.399585723876999, 38.318473815918097 ], [ 16.398195266723601, 38.318473815918097 ], [ 16.398195266723601, 38.318195343017699 ], [ 16.397638320922901, 38.318195343017699 ], [ 16.397638320922901, 38.317916870117301 ], [ 16.396804809570298, 38.317916870117301 ], [ 16.396804809570298, 38.317638397216903 ], [ 16.396249771118299, 38.317638397216903 ], [ 16.396249771118299, 38.317359924316499 ], [ 16.3954162597657, 38.317359924316499 ], [ 16.3954162597657, 38.317085266113303 ], [ 16.3945827484131, 38.317081451416101 ], [ 16.3945827484131, 38.316806793212898 ], [ 16.3934726715088, 38.316806793212898 ], [ 16.3934726715088, 38.3165283203125 ], [ 16.3926391601562, 38.3165283203125 ], [ 16.3926391601562, 38.316249847412202 ], [ 16.3918056488037, 38.316249847412202 ], [ 16.3918056488037, 38.315971374511797 ], [ 16.390972137451101, 38.315971374511797 ], [ 16.390972137451101, 38.315692901611399 ], [ 16.390417098999102, 38.315692901611399 ], [ 16.390417098999102, 38.315418243408203 ], [ 16.389583587646499, 38.315418243408203 ], [ 16.389583587646499, 38.315139770507798 ], [ 16.388750076293999, 38.315139770507798 ], [ 16.388750076293999, 38.314861297607401 ], [ 16.387916564941499, 38.314861297607401 ], [ 16.387916564941499, 38.314582824707003 ], [ 16.3873615264893, 38.314582824707003 ], [ 16.3873615264893, 38.314304351806697 ], [ 16.386528015136701, 38.314304351806697 ], [ 16.386528015136701, 38.314029693603601 ], [ 16.385692596435501, 38.3140258789063 ], [ 16.385692596435501, 38.313751220703097 ], [ 16.384862899780298, 38.313751220703097 ], [ 16.384862899780298, 38.313472747802699 ], [ 16.384304046630799, 38.313472747802699 ], [ 16.384304046630799, 38.313194274902301 ], [ 16.383470535278398, 38.313194274902301 ], [ 16.383470535278398, 38.312915802002003 ], [ 16.382360458374102, 38.312915802002003 ], [ 16.382360458374102, 38.312637329101598 ], [ 16.381250381469702, 38.312637329101598 ], [ 16.381250381469702, 38.312362670898601 ], [ 16.380416870117202, 38.312362670898601 ], [ 16.380416870117202, 38.312084197998203 ], [ 16.379304885864201, 38.312084197998203 ], [ 16.379304885864201, 38.311805725097798 ], [ 16.378194808960099, 38.311805725097798 ], [ 16.378194808960099, 38.311527252197401 ], [ 16.3773612976075, 38.311527252197401 ], [ 16.3773612976075, 38.311248779297003 ], [ 16.376527786254901, 38.311248779297003 ], [ 16.376527786254901, 38.3109741210938 ], [ 16.375694274902301, 38.3109741210938 ], [ 16.375694274902301, 38.310695648193402 ], [ 16.374860763549801, 38.310695648193402 ], [ 16.374860763549801, 38.310417175292997 ], [ 16.374027252197301, 38.310417175292997 ], [ 16.374027252197301, 38.310138702392599 ], [ 16.373195648193501, 38.310138702392599 ], [ 16.373195648193501, 38.309860229492202 ], [ 16.372360229492301, 38.309860229492202 ], [ 16.372360229492301, 38.309581756591903 ], [ 16.3718032836913, 38.309581756591903 ], [ 16.3718032836913, 38.3093070983887 ], [ 16.370973587036101, 38.3093070983887 ], [ 16.370973587036101, 38.309028625488303 ], [ 16.370138168335, 38.309028625488303 ], [ 16.370138168335, 38.308750152587898 ], [ 16.369581222534201, 38.308750152587898 ], [ 16.369581222534201, 38.3084716796875 ], [ 16.368749618530298, 38.3084716796875 ], [ 16.368749618530298, 38.308193206787102 ], [ 16.367916107177699, 38.308193206787102 ], [ 16.367916107177699, 38.307918548584098 ], [ 16.367082595825099, 38.307918548584098 ], [ 16.367082595825099, 38.3076400756837 ], [ 16.3665275573732, 38.3076400756837 ], [ 16.3665275573732, 38.307361602783097 ], [ 16.3656940460206, 38.307361602783097 ], [ 16.3656940460206, 38.307083129882798 ], [ 16.364305496215898, 38.307083129882798 ], [ 16.364305496215898, 38.306804656982401 ], [ 16.362918853759901, 38.306804656982401 ], [ 16.362918853759901, 38.306526184082003 ], [ 16.361528396606602, 38.306526184082003 ], [ 16.361528396606602, 38.306251525878999 ], [ 16.3601379394532, 38.306251525878999 ], [ 16.3601379394532, 38.305973052978601 ], [ 16.357639312744102, 38.305973052978601 ], [ 16.357639312744102, 38.305694580078203 ], [ 16.355138778686602, 38.305694580078203 ], [ 16.355138778686602, 38.305416107177798 ], [ 16.353731155395501, 38.305416107177798 ], [ 16.349027633667099, 38.305416107177798 ], [ 16.349027633667099, 38.3051376342775 ], [ 16.348472595214901, 38.3051376342775 ], [ 16.348472595214901, 38.304862976074297 ], [ 16.347917556762798, 38.304862976074297 ], [ 16.347917556762798, 38.304584503173899 ], [ 16.3470859527588, 38.304584503173899 ], [ 16.3470859527588, 38.304306030273501 ], [ 16.3465270996094, 38.304306030273501 ], [ 16.3465270996094, 38.304027557373097 ], [ 16.345972061157202, 38.304027557373097 ], [ 16.345972061157202, 38.303749084472699 ], [ 16.345138549804702, 38.303749084472699 ], [ 16.345138549804702, 38.303470611572301 ], [ 16.344581604003899, 38.303470611572301 ], [ 16.344581604003899, 38.303195953369098 ], [ 16.344028472900501, 38.303195953369098 ], [ 16.344028472900501, 38.3029174804688 ], [ 16.343193054199201, 38.3029174804688 ], [ 16.343193054199201, 38.302639007568402 ], [ 16.342638015747202, 38.302639007568402 ], [ 16.342638015747202, 38.3029174804688 ], [ 16.340694427490199, 38.3029174804688 ], [ 16.340694427490199, 38.302639007568402 ], [ 16.339582443237301, 38.302639007568402 ], [ 16.339582443237301, 38.302360534667997 ], [ 16.338565826416001, 38.302360534667997 ], [ 16.338472366333001, 38.302360534667997 ], [ 16.338472366333001, 38.302082061767599 ], [ 16.337917327881001, 38.302082061767599 ], [ 16.337917327881001, 38.301807403564602 ], [ 16.337360382080199, 38.301807403564602 ], [ 16.337360382080199, 38.301528930664198 ], [ 16.336805343628001, 38.301528930664198 ], [ 16.336805343628001, 38.3012504577638 ], [ 16.336250305175799, 38.3012504577638 ], [ 16.336250305175799, 38.300971984863203 ], [ 16.3356952667237, 38.300971984863203 ], [ 16.3356952667237, 38.300693511962798 ], [ 16.334861755371101, 38.300693511962798 ], [ 16.334861755371101, 38.3004150390625 ], [ 16.334306716918899, 38.3004150390625 ], [ 16.334306716918899, 38.300140380859403 ], [ 16.3337497711182, 38.300140380859403 ], [ 16.3337497711182, 38.299861907958999 ], [ 16.333196640014801, 38.299861907958999 ], [ 16.333196640014801, 38.2995834350587 ], [ 16.332639694213999, 38.2995834350587 ], [ 16.332639694213999, 38.299304962158303 ], [ 16.3320846557618, 38.299304962158303 ], [ 16.3320846557618, 38.299026489257898 ], [ 16.331806182861399, 38.299026489257898 ], [ 16.331806182861399, 38.298751831054702 ], [ 16.331527709961101, 38.298751831054702 ], [ 16.331527709961101, 38.298473358154403 ], [ 16.3309745788575, 38.298473358154403 ], [ 16.3309745788575, 38.298194885253999 ], [ 16.330692291259901, 38.298194885253999 ], [ 16.330692291259901, 38.297916412353601 ], [ 16.3304157257081, 38.297916412353601 ], [ 16.3304157257081, 38.297637939453203 ], [ 16.3301391601563, 38.297637939453203 ], [ 16.3301391601563, 38.297359466552798 ], [ 16.329582214355501, 38.297359466552798 ], [ 16.329582214355501, 38.297084808349602 ], [ 16.3293056488038, 38.297084808349602 ], [ 16.3293056488038, 38.296806335449197 ], [ 16.328752517700099, 38.296806335449197 ], [ 16.328752517700099, 38.2965278625488 ], [ 16.328193664550799, 38.2965278625488 ], [ 16.328193664550799, 38.296249389648402 ], [ 16.3276691436768, 38.296249389648402 ], [ 16.3273601531982, 38.296249389648402 ], [ 16.3273601531982, 38.296012878417898 ], [ 16.326805114746001, 38.295970916747997 ], [ 16.326805114746001, 38.295696258545 ], [ 16.326248168945298, 38.295696258545 ], [ 16.326248168945298, 38.295417785644602 ], [ 16.3259716033937, 38.295417785644602 ], [ 16.3259716033937, 38.295139312744197 ], [ 16.325416564941499, 38.295139312744197 ], [ 16.325416564941499, 38.294860839843899 ], [ 16.325138092041101, 38.294860839843899 ], [ 16.325138092041101, 38.294582366943303 ], [ 16.324583053588899, 38.294582366943303 ], [ 16.324583053588899, 38.294303894042898 ], [ 16.324306488037202, 38.294303894042898 ], [ 16.324304580688501, 38.294029235839901 ], [ 16.323749542236399, 38.294029235839901 ], [ 16.323749542236399, 38.293750762939503 ], [ 16.323472976684599, 38.293750762939503 ], [ 16.323472976684599, 38.293472290039098 ], [ 16.323194503784201, 38.293472290039098 ], [ 16.323194503784201, 38.2931938171388 ], [ 16.322917938232401, 38.2931938171388 ], [ 16.322917938232401, 38.292915344238402 ], [ 16.322639465331999, 38.292915344238402 ], [ 16.322639465331999, 38.292640686035199 ], [ 16.322360992431602, 38.292640686035199 ], [ 16.322360992431602, 38.292106628417997 ], [ 16.3220825195312, 38.292083740234403 ], [ 16.3220825195312, 38.291885375976598 ], [ 16.3220825195312, 38.291805267333999 ], [ 16.321979522705099, 38.291805267333999 ], [ 16.3218078613282, 38.291805267333999 ], [ 16.3218078613282, 38.291671752929702 ], [ 16.3218078613282, 38.2915267944337 ], [ 16.321624755859499, 38.2915267944337 ], [ 16.321527481079102, 38.2915267944337 ], [ 16.321527481079102, 38.291450500488303 ], [ 16.321527481079102, 38.291248321533303 ], [ 16.3212509155275, 38.291248321533303 ], [ 16.3212509155275, 38.290973663330099 ], [ 16.320951461791999, 38.291000366211101 ], [ 16.3209724426269, 38.290695190429702 ], [ 16.320695877075298, 38.290695190429702 ], [ 16.320695877075298, 38.290416717529297 ], [ 16.320138931274499, 38.290416717529297 ], [ 16.320138931274499, 38.290138244628899 ], [ 16.319860458374102, 38.290138244628899 ], [ 16.319860458374102, 38.289859771728501 ], [ 16.319585800171001, 38.289859771728501 ], [ 16.319585800171001, 38.289585113525497 ], [ 16.319305419921999, 38.289585113525497 ], [ 16.319305419921999, 38.289306640625099 ], [ 16.318948745727599, 38.289306640625099 ], [ 16.318750381469801, 38.289306640625099 ], [ 16.318750381469801, 38.289115905761797 ], [ 16.318750381469801, 38.289028167724702 ], [ 16.318662643432699, 38.289028167724702 ], [ 16.318473815918001, 38.289028167724702 ], [ 16.318473815918001, 38.288837432861399 ], [ 16.318473815918001, 38.288749694824297 ], [ 16.318386077880898, 38.288749694824297 ], [ 16.318195343017599, 38.288749694824297 ], [ 16.318195343017599, 38.288547515869098 ], [ 16.318195343017599, 38.288471221923899 ], [ 16.317916870117202, 38.288471221923899 ], [ 16.317916870117202, 38.288238525390597 ], [ 16.3176383972169, 38.288192749023402 ], [ 16.3176383972169, 38.287918090820398 ], [ 16.317363739013601, 38.287918090820398 ], [ 16.317363739013601, 38.28763961792 ], [ 16.317081451416101, 38.28763961792 ], [ 16.317081451416101, 38.287361145019602 ], [ 16.3168048858643, 38.287361145019602 ], [ 16.3168048858643, 38.287082672119197 ], [ 16.3165283203125, 38.287082672119197 ], [ 16.3165283203125, 38.286804199218899 ], [ 16.316249847412099, 38.286804199218899 ], [ 16.316249847412099, 38.286251068115199 ], [ 16.315971374511701, 38.286251068115199 ], [ 16.315971374511701, 38.285972595214801 ], [ 16.315694808959901, 38.285972595214801 ], [ 16.315694808959901, 38.285694122314503 ], [ 16.315416336059599, 38.285694122314503 ], [ 16.315416336059599, 38.285415649414098 ], [ 16.315141677856499, 38.285415649414098 ], [ 16.315141677856499, 38.2851371765137 ], [ 16.3148593902588, 38.2851371765137 ], [ 16.3148593902588, 38.284862518310497 ], [ 16.314582824706999, 38.284862518310497 ], [ 16.314582824706999, 38.284584045410199 ], [ 16.314306259155401, 38.284584045410199 ], [ 16.314306259155401, 38.284305572509801 ], [ 16.314027786255, 38.284305572509801 ], [ 16.314027786255, 38.284027099609403 ], [ 16.313749313354599, 38.284027099609403 ], [ 16.313749313354599, 38.283473968506001 ], [ 16.313472747802798, 38.283473968506001 ], [ 16.313472747802798, 38.282917022705199 ], [ 16.313194274902401, 38.282917022705199 ], [ 16.313194274902401, 38.282360076904403 ], [ 16.312915802002099, 38.282360076904403 ], [ 16.312915802002099, 38.281806945800803 ], [ 16.312639236450298, 38.281806945800803 ], [ 16.312639236450298, 38.281528472900398 ], [ 16.312360763549901, 38.281528472900398 ], [ 16.312360763549901, 38.280971527099702 ], [ 16.312084197998001, 38.280971527099702 ], [ 16.312084197998001, 38.280693054199297 ], [ 16.311805725097699, 38.280693054199297 ], [ 16.311805725097699, 38.279861450195298 ], [ 16.311527252197301, 38.279861450195298 ], [ 16.311527252197301, 38.279582977294901 ], [ 16.311250686645501, 38.279582977294901 ], [ 16.311250686645501, 38.279304504394602 ], [ 16.310972213745099, 38.279304504394602 ], [ 16.310972213745099, 38.279026031494197 ], [ 16.310693740844702, 38.279026031494197 ], [ 16.310693740844702, 38.278472900390597 ], [ 16.310138702392599, 38.278472900390597 ], [ 16.310138702392599, 38.278194427490199 ], [ 16.309860229492202, 38.278194427490199 ], [ 16.309860229492202, 38.277915954589801 ], [ 16.309583663940401, 38.277915954589801 ], [ 16.309583663940401, 38.277637481689403 ], [ 16.30930519104, 38.277637481689403 ], [ 16.30930519104, 38.277084350586101 ], [ 16.309028625488398, 38.277084350586101 ], [ 16.309028625488398, 38.276248931884901 ], [ 16.308471679687599, 38.276248931884901 ], [ 16.308471679687599, 38.275970458984503 ], [ 16.308195114135899, 38.275970458984503 ], [ 16.308195114135899, 38.2756958007813 ], [ 16.307916641235501, 38.2756958007813 ], [ 16.307916641235501, 38.275417327880902 ], [ 16.307638168335099, 38.275417327880902 ], [ 16.307638168335099, 38.275138854980497 ], [ 16.307361602783299, 38.275138854980497 ], [ 16.307361602783299, 38.274860382080099 ], [ 16.307083129882901, 38.274860382080099 ], [ 16.307083129882901, 38.274581909179702 ], [ 16.306806564331101, 38.274581909179702 ], [ 16.306806564331101, 38.274307250976598 ], [ 16.3065280914307, 38.274307250976598 ], [ 16.3065280914307, 38.2740287780762 ], [ 16.306249618530298, 38.2740287780762 ], [ 16.306249618530298, 38.273750305175803 ], [ 16.305973052978501, 38.273750305175803 ], [ 16.305973052978501, 38.273471832275398 ], [ 16.3056945800781, 38.273471832275398 ], [ 16.3056945800781, 38.273193359375 ], [ 16.305414199829201, 38.273193359375 ], [ 16.305414199829201, 38.272640228271598 ], [ 16.305139541626001, 38.272640228271598 ], [ 16.305139541626001, 38.272361755371001 ], [ 16.3048610687256, 38.272361755371001 ], [ 16.3048610687256, 38.272083282470597 ], [ 16.3045845031738, 38.272083282470597 ], [ 16.3045845031738, 38.271640777587997 ], [ 16.3045845031738, 38.271526336669901 ], [ 16.304460525512798, 38.271526336669901 ], [ 16.304027557373001, 38.271526336669901 ], [ 16.304027557373001, 38.271251678466903 ], [ 16.303749084472699, 38.271251678466903 ], [ 16.303749084472699, 38.270973205566499 ], [ 16.303474426269599, 38.270973205566499 ], [ 16.303474426269599, 38.270694732666101 ], [ 16.3031921386719, 38.270694732666101 ], [ 16.3031921386719, 38.270416259765703 ], [ 16.302917480468899, 38.270416259765703 ], [ 16.302917480468899, 38.270137786865298 ], [ 16.302639007568501, 38.270137786865298 ], [ 16.302639007568501, 38.269859313965 ], [ 16.302082061767699, 38.269859313965 ], [ 16.302082061767699, 38.269584655761797 ], [ 16.301805496215898, 38.269584655761797 ], [ 16.301805496215898, 38.269306182861399 ], [ 16.301527023315501, 38.269306182861399 ], [ 16.301527023315501, 38.269027709961001 ], [ 16.3012504577637, 38.269027709961001 ], [ 16.3012504577637, 38.268749237060597 ], [ 16.300970077514801, 38.268749237060597 ], [ 16.300970077514801, 38.268470764160199 ], [ 16.300693511962901, 38.268470764160199 ], [ 16.300693511962901, 38.268211364746101 ], [ 16.3004169464112, 38.268196105957003 ], [ 16.3004169464112, 38.2680053710938 ], [ 16.3004169464112, 38.267917633056598 ], [ 16.300302505493299, 38.267917633056598 ], [ 16.299861907958999, 38.267917633056598 ], [ 16.299861907958999, 38.2676391601562 ], [ 16.2993049621582, 38.2676391601562 ], [ 16.2993049621582, 38.267360687255902 ], [ 16.299028396606399, 38.267360687255902 ], [ 16.299028396606399, 38.267082214355497 ], [ 16.2981948852538, 38.267082214355497 ], [ 16.2981948852538, 38.266803741455099 ], [ 16.297916412353501, 38.266803741455099 ], [ 16.297916412353501, 38.266529083252102 ], [ 16.2976398468019, 38.266529083252102 ], [ 16.2976398468019, 38.266250610351698 ], [ 16.297361373901499, 38.266250610351698 ], [ 16.297361373901499, 38.265972137451101 ], [ 16.297082901000898, 38.265972137451101 ], [ 16.297082901000898, 38.265693664550703 ], [ 16.2968063354493, 38.265693664550703 ], [ 16.2968063354493, 38.265445709228501 ], [ 16.296527862548899, 38.265415191650398 ], [ 16.296527862548899, 38.265258789062599 ], [ 16.296527862548899, 38.265140533447301 ], [ 16.296348571777301, 38.265140533447301 ], [ 16.296249389648601, 38.265140533447301 ], [ 16.296249389648601, 38.264862060546903 ], [ 16.295972824096701, 38.264862060546903 ], [ 16.295972824096701, 38.264583587646598 ], [ 16.295417785644599, 38.264583587646598 ], [ 16.295417785644599, 38.2643051147462 ], [ 16.2949733734131, 38.2643051147462 ], [ 16.2948608398438, 38.2643051147462 ], [ 16.2948608398438, 38.264026641845803 ], [ 16.294452667236399, 38.264026641845803 ], [ 16.294305801391701, 38.264026641845803 ], [ 16.294305801391701, 38.263946533203203 ], [ 16.294305801391701, 38.263748168945398 ], [ 16.2940273284913, 38.263748168945398 ], [ 16.2940273284913, 38.263473510742202 ], [ 16.293472290039102, 38.263473510742202 ], [ 16.293472290039102, 38.263195037841903 ], [ 16.292821884155298, 38.263195037841903 ], [ 16.292638778686499, 38.263195037841903 ], [ 16.292638778686499, 38.263099670410199 ], [ 16.292638778686499, 38.262916564941499 ], [ 16.29229927063, 38.262916564941499 ], [ 16.291528701782301, 38.262916564941499 ], [ 16.291528701782301, 38.262638092041101 ], [ 16.2912502288819, 38.262638092041101 ], [ 16.2912502288819, 38.262359619140703 ], [ 16.290973663330099, 38.262359619140703 ], [ 16.290973663330099, 38.2620849609375 ], [ 16.290695190429801, 38.2620849609375 ], [ 16.290695190429801, 38.261806488037102 ], [ 16.2904167175294, 38.261806488037102 ], [ 16.2904167175294, 38.261528015136697 ], [ 16.289863586425799, 38.261528015136697 ], [ 16.289863586425799, 38.2612495422363 ], [ 16.2895812988282, 38.2612495422363 ], [ 16.2895812988282, 38.260971069335902 ], [ 16.289304733276399, 38.260971069335902 ], [ 16.289304733276399, 38.260692596435497 ], [ 16.289028167724702, 38.260692596435497 ], [ 16.289028167724702, 38.2604179382325 ], [ 16.288471221923899, 38.2604179382325 ], [ 16.288471221923899, 38.260139465332102 ], [ 16.288194656372099, 38.260139465332102 ], [ 16.288194656372099, 38.259860992431797 ], [ 16.287916183471701, 38.259860992431797 ], [ 16.287916183471701, 38.2595825195312 ], [ 16.287639617919901, 38.2595825195312 ], [ 16.287639617919901, 38.259304046630803 ], [ 16.287359237671001, 38.259304046630803 ], [ 16.287359237671001, 38.259029388427798 ], [ 16.287082672119102, 38.259029388427798 ], [ 16.287082672119102, 38.258472442627003 ], [ 16.286806106567401, 38.258472442627003 ], [ 16.286806106567401, 38.258193969726698 ], [ 16.286527633666999, 38.258193969726698 ], [ 16.286527633666999, 38.257717132568501 ], [ 16.286527633666999, 38.257637023925902 ], [ 16.286249160766602, 38.257637023925902 ], [ 16.286249160766602, 38.257362365722699 ], [ 16.285972595214801, 38.257362365722699 ], [ 16.285972595214801, 38.2569580078125 ], [ 16.285972595214801, 38.256805419921903 ], [ 16.285875320434599, 38.256805419921903 ], [ 16.2856941223144, 38.256805419921903 ], [ 16.2856941223144, 38.256526947021499 ], [ 16.285417556762798, 38.256526947021499 ], [ 16.285417556762798, 38.256248474121101 ], [ 16.2851371765137, 38.256248474121101 ], [ 16.2851371765137, 38.255638122558601 ], [ 16.2851371765137, 38.255416870117202 ], [ 16.284997940063501, 38.255416870117202 ], [ 16.284860610961999, 38.255416870117202 ], [ 16.284860610961999, 38.255199432373097 ], [ 16.2848205566407, 38.255138397216797 ], [ 16.284584045410199, 38.255138397216797 ], [ 16.284584045410199, 38.254764556884801 ], [ 16.284584045410199, 38.254585266113402 ], [ 16.284469604492202, 38.254585266113402 ], [ 16.284305572509901, 38.254581451416001 ], [ 16.284305572509901, 38.254325866699297 ], [ 16.284305572509901, 38.254028320312599 ], [ 16.2841186523438, 38.254028320312599 ], [ 16.284027099609499, 38.254028320312599 ], [ 16.284027099609499, 38.2538871765137 ], [ 16.284027099609499, 38.253749847412202 ], [ 16.283941268921001, 38.253749847412202 ], [ 16.283750534057699, 38.253749847412202 ], [ 16.283750534057699, 38.253471374511797 ], [ 16.283472061157301, 38.253471374511797 ], [ 16.283472061157301, 38.2531929016113 ], [ 16.2831935882569, 38.2531929016113 ], [ 16.2831935882569, 38.252918243408303 ], [ 16.2829189300537, 38.252918243408303 ], [ 16.2829189300537, 38.252639770507898 ], [ 16.282638549804702, 38.252639770507898 ], [ 16.282638549804702, 38.252082824707102 ], [ 16.282361984252901, 38.252082824707102 ], [ 16.282361984252901, 38.251804351806697 ], [ 16.2820835113525, 38.251804351806697 ], [ 16.2820835113525, 38.251251220703097 ], [ 16.281806945800799, 38.251251220703097 ], [ 16.281806945800799, 38.251144409179801 ], [ 16.281806945800799, 38.250694274902401 ], [ 16.281528472900401, 38.250694274902401 ], [ 16.281528472900401, 38.250415802002003 ], [ 16.28125, 38.250415802002003 ], [ 16.28125, 38.250137329101598 ], [ 16.280971527099599, 38.250137329101598 ], [ 16.280971527099599, 38.249862670898402 ], [ 16.2804164886475, 38.249862670898402 ], [ 16.2804164886475, 38.249584197997997 ], [ 16.280138015747099, 38.249584197997997 ], [ 16.280138015747099, 38.249305725097699 ], [ 16.279861450195401, 38.249305725097699 ], [ 16.279861450195401, 38.249027252197301 ], [ 16.2795848846437, 38.249027252197301 ], [ 16.2795848846437, 38.248748779296903 ], [ 16.279306411743299, 38.248748779296903 ], [ 16.279306411743299, 38.248474121093899 ], [ 16.279027938842901, 38.248474121093899 ], [ 16.279027938842901, 38.248195648193501 ], [ 16.2787494659425, 38.248195648193501 ], [ 16.2787494659425, 38.247917175293097 ], [ 16.2784748077393, 38.247917175293097 ], [ 16.2784748077393, 38.247638702392699 ], [ 16.278192520141701, 38.247638702392699 ], [ 16.278192520141701, 38.247360229492301 ], [ 16.2779140472412, 38.247360229492301 ], [ 16.2779140472412, 38.2468070983887 ], [ 16.2776393890381, 38.2468070983887 ], [ 16.2776393890381, 38.246528625488303 ], [ 16.277084350585898, 38.246528625488303 ], [ 16.277084350585898, 38.246250152587898 ], [ 16.2768058776856, 38.246250152587898 ], [ 16.2768058776856, 38.245971679687599 ], [ 16.276527404785199, 38.245971679687599 ], [ 16.276527404785199, 38.245418548583999 ], [ 16.276252746581999, 38.245418548583999 ], [ 16.276252746581999, 38.245140075683601 ], [ 16.2759704589844, 38.245140075683601 ], [ 16.2759704589844, 38.244583129882798 ], [ 16.275693893432599, 38.244583129882798 ], [ 16.275693893432599, 38.2443046569825 ], [ 16.275417327880898, 38.2443046569825 ], [ 16.275417327880898, 38.244026184082102 ], [ 16.275138854980501, 38.244026184082102 ], [ 16.275138854980501, 38.243473052978501 ], [ 16.274860382080099, 38.243473052978501 ], [ 16.274860382080099, 38.243194580078097 ], [ 16.274583816528299, 38.243194580078097 ], [ 16.274583816528299, 38.242637634277301 ], [ 16.274305343627901, 38.242637634277301 ], [ 16.274305343627901, 38.242362976074297 ], [ 16.2740268707275, 38.242362976074297 ], [ 16.2740268707275, 38.242084503173899 ], [ 16.273750305175898, 38.242084503173899 ], [ 16.273750305175898, 38.241527557373203 ], [ 16.273471832275501, 38.241527557373203 ], [ 16.273471832275501, 38.241249084472798 ], [ 16.2731952667237, 38.241249084472798 ], [ 16.2731952667237, 38.240695953369197 ], [ 16.272916793823399, 38.240695953369197 ], [ 16.272916793823399, 38.2404174804688 ], [ 16.272638320923001, 38.2404174804688 ], [ 16.272638320923001, 38.239860534667997 ], [ 16.2723617553712, 38.239860534667997 ], [ 16.2723617553712, 38.239307403564503 ], [ 16.272083282470799, 38.239307403564503 ], [ 16.272083282470799, 38.239028930664098 ], [ 16.271804809570401, 38.239028930664098 ], [ 16.271804809570401, 38.2387504577637 ], [ 16.271528244018601, 38.2387504577637 ], [ 16.271528244018601, 38.238471984863303 ], [ 16.2712497711182, 38.238471984863303 ], [ 16.2712497711182, 38.237915039062599 ], [ 16.270971298217798, 38.237915039062599 ], [ 16.270971298217798, 38.237640380859503 ], [ 16.270694732666001, 38.237640380859503 ], [ 16.270694732666001, 38.237281799316399 ], [ 16.270694732666001, 38.237083435058501 ], [ 16.270502090454201, 38.237083435058501 ], [ 16.2704162597657, 38.237083435058501 ], [ 16.2704162597657, 38.236995697021499 ], [ 16.2704162597657, 38.236804962158203 ], [ 16.270231246948299, 38.236804962158203 ], [ 16.270139694213899, 38.236804962158203 ], [ 16.270139694213899, 38.236709594726598 ], [ 16.270139694213899, 38.236526489257798 ], [ 16.2699604034425, 38.236526489257798 ], [ 16.269861221313501, 38.236526489257798 ], [ 16.269861221313501, 38.236423492431598 ], [ 16.269861221313501, 38.236251831054702 ], [ 16.2696933746338, 38.236251831054702 ], [ 16.2695827484131, 38.236251831054702 ], [ 16.2695827484131, 38.236137390136697 ], [ 16.2695827484131, 38.235694885253999 ], [ 16.2693061828613, 38.235694885253999 ], [ 16.2693061828613, 38.235416412353601 ], [ 16.269027709960898, 38.235416412353601 ], [ 16.269027709960898, 38.235137939453203 ], [ 16.268749237060501, 38.235137939453203 ], [ 16.268749237060501, 38.234859466552798 ], [ 16.2684726715087, 38.234859466552798 ], [ 16.2684726715087, 38.234584808349702 ], [ 16.268194198608299, 38.234584808349702 ], [ 16.268194198608299, 38.234306335449297 ], [ 16.2679176330568, 38.234306335449297 ], [ 16.2679176330568, 38.234027862548899 ], [ 16.267524719238299, 38.234027862548899 ], [ 16.267360687256001, 38.234027862548899 ], [ 16.267360687256001, 38.233856201171903 ], [ 16.267360687256001, 38.233749389648501 ], [ 16.267253875732401, 38.233749389648501 ], [ 16.267084121704201, 38.233749389648501 ], [ 16.267084121704201, 38.233573913574297 ], [ 16.267084121704201, 38.233470916748097 ], [ 16.266983032226602, 38.233470916748097 ], [ 16.2668056488038, 38.233470916748097 ], [ 16.2668056488038, 38.233287811279403 ], [ 16.2668056488038, 38.233196258544901 ], [ 16.266717910766701, 38.233196258544901 ], [ 16.266527175903398, 38.233196258544901 ], [ 16.266527175903398, 38.233001708984403 ], [ 16.266527175903398, 38.232917785644503 ], [ 16.266443252563501, 38.232917785644503 ], [ 16.266250610351602, 38.232917785644503 ], [ 16.266250610351602, 38.232719421386697 ], [ 16.266250610351602, 38.232639312744098 ], [ 16.266172409057699, 38.232639312744098 ], [ 16.2659721374512, 38.232639312744098 ], [ 16.2659721374512, 38.232433319091797 ], [ 16.2659721374512, 38.2323608398438 ], [ 16.265417098999102, 38.2323608398438 ], [ 16.265417098999102, 38.232082366943402 ], [ 16.2651386260987, 38.232082366943402 ], [ 16.2651386260987, 38.231803894042997 ], [ 16.2648620605469, 38.231803894042997 ], [ 16.264860153198299, 38.23152923584 ], [ 16.264581680297901, 38.23152923584 ], [ 16.264581680297901, 38.231006622314503 ], [ 16.2643032073975, 38.230972290038999 ], [ 16.2643032073975, 38.230720520019602 ], [ 16.2643032073975, 38.230415344238303 ], [ 16.2640285491943, 38.230415344238303 ], [ 16.2640285491943, 38.230140686035199 ], [ 16.263750076293899, 38.230140686035199 ], [ 16.263750076293899, 38.229862213134801 ], [ 16.263473510742099, 38.229862213134801 ], [ 16.263473510742099, 38.229583740234503 ], [ 16.263196945190501, 38.229583740234503 ], [ 16.262916564941399, 38.229583740234503 ], [ 16.262916564941399, 38.229305267334098 ], [ 16.262638092041001, 38.229305267334098 ], [ 16.262638092041001, 38.2290267944337 ], [ 16.262081146240199, 38.2290267944337 ], [ 16.262081146240199, 38.228748321533303 ], [ 16.261806488037202, 38.228748321533303 ], [ 16.261804580688398, 38.228473663330099 ], [ 16.2615280151368, 38.228473663330099 ], [ 16.2615280151368, 38.228195190429702 ], [ 16.261249542236399, 38.228195190429702 ], [ 16.261249542236399, 38.227916717529403 ], [ 16.260971069336101, 38.227916717529403 ], [ 16.260971069336101, 38.227638244628999 ], [ 16.260416030883899, 38.227638244628999 ], [ 16.260416030883899, 38.227359771728601 ], [ 16.260139465332099, 38.227359771728601 ], [ 16.260139465332099, 38.227085113525398 ], [ 16.2598590850831, 38.227085113525398 ], [ 16.2598590850831, 38.226806640625 ], [ 16.2595825195313, 38.226806640625 ], [ 16.2595825195313, 38.226249694824197 ], [ 16.259027481079201, 38.226249694824197 ], [ 16.259027481079201, 38.2259712219238 ], [ 16.258750915527301, 38.2259712219238 ], [ 16.258750915527301, 38.225692749023402 ], [ 16.258472442626999, 38.225692749023402 ], [ 16.258472442626999, 38.225418090820398 ], [ 16.257917404174801, 38.225418090820398 ], [ 16.257917404174801, 38.22513961792 ], [ 16.2576389312744, 38.22513961792 ], [ 16.2576389312744, 38.224861145019602 ], [ 16.257360458373999, 38.224861145019602 ], [ 16.257360458373999, 38.224582672119098 ], [ 16.257083892822202, 38.224582672119098 ], [ 16.257083892822202, 38.2243041992187 ], [ 16.2568054199218, 38.2243041992187 ], [ 16.2568054199218, 38.224029541015703 ], [ 16.256528854370199, 38.224029541015703 ], [ 16.256528854370199, 38.223751068115298 ], [ 16.256250381469801, 38.223751068115298 ], [ 16.256250381469801, 38.223472595214901 ], [ 16.2559719085694, 38.223472595214901 ], [ 16.2559719085694, 38.223194122314602 ], [ 16.255695343017699, 38.223194122314602 ], [ 16.255695343017699, 38.222915649414198 ], [ 16.255416870117301, 38.222915649414198 ], [ 16.255416870117301, 38.2226371765138 ], [ 16.2551383972169, 38.2226371765138 ], [ 16.2551383972169, 38.222362518310497 ], [ 16.254861831665099, 38.222362518310497 ], [ 16.254861831665099, 38.222084045410199 ], [ 16.254306793212901, 38.222084045410199 ], [ 16.254306793212901, 38.221805572509801 ], [ 16.254028320312599, 38.221805572509801 ], [ 16.254028320312599, 38.221527099609403 ], [ 16.253749847412202, 38.221527099609403 ], [ 16.253749847412202, 38.221248626708999 ], [ 16.2534713745118, 38.221248626708999 ], [ 16.2534713745118, 38.220973968505902 ], [ 16.253196716308601, 38.220973968505902 ], [ 16.253196716308601, 38.220695495605497 ], [ 16.252916336059599, 38.220695495605497 ], [ 16.252916336059599, 38.220138549804702 ], [ 16.252639770507798, 38.220138549804702 ], [ 16.252639770507798, 38.219860076904297 ], [ 16.252361297607401, 38.219860076904297 ], [ 16.252361297607401, 38.219306945800902 ], [ 16.2520847320556, 38.219306945800902 ], [ 16.2520847320556, 38.219028472900497 ], [ 16.251806259155298, 38.219028472900497 ], [ 16.251806259155298, 38.21875 ], [ 16.250974655151499, 38.21875 ], [ 16.250974655151499, 38.218471527099702 ], [ 16.2504158020019, 38.218471527099702 ], [ 16.2504158020019, 38.218193054199197 ], [ 16.250139236450298, 38.218193054199197 ], [ 16.250139236450298, 38.2179183959962 ], [ 16.249862670898501, 38.2179183959962 ], [ 16.249862670898501, 38.217639923095803 ], [ 16.249582290649499, 38.217639923095803 ], [ 16.249582290649499, 38.217361450195398 ], [ 16.249305725097798, 38.217361450195398 ], [ 16.249305725097798, 38.217082977295 ], [ 16.249027252197401, 38.217082977295 ], [ 16.249027252197401, 38.216804504394602 ], [ 16.248752593994102, 38.216804504394602 ], [ 16.248752593994102, 38.216251373291001 ], [ 16.248470306396602, 38.216251373291001 ], [ 16.248470306396602, 38.215972900390597 ], [ 16.248193740844801, 38.215972900390597 ], [ 16.248193740844801, 38.215694427490298 ], [ 16.247917175293001, 38.215694427490298 ], [ 16.247917175293001, 38.215415954589901 ], [ 16.247638702392599, 38.215415954589901 ], [ 16.247638702392599, 38.215137481689503 ], [ 16.247360229492202, 38.215137481689503 ], [ 16.247360229492202, 38.2148628234863 ], [ 16.247083663940401, 38.2148628234863 ], [ 16.247083663940401, 38.214584350585902 ], [ 16.24680519104, 38.214584350585902 ], [ 16.24680519104, 38.214305877685497 ], [ 16.246528625488299, 38.214305877685497 ], [ 16.246528625488299, 38.214027404785199 ], [ 16.2459716796875, 38.214027404785199 ], [ 16.2459716796875, 38.213748931884801 ], [ 16.2456951141357, 38.213748931884801 ], [ 16.2456951141357, 38.213470458984403 ], [ 16.245416641235401, 38.213470458984403 ], [ 16.245416641235401, 38.213195800781399 ], [ 16.245138168335, 38.213195800781399 ], [ 16.245138168335, 38.212917327881001 ], [ 16.244861602783299, 38.212917327881001 ], [ 16.244861602783299, 38.212638854980597 ], [ 16.244583129882798, 38.212638854980597 ], [ 16.244583129882798, 38.212360382080199 ], [ 16.244304656982401, 38.212360382080199 ], [ 16.244304656982401, 38.212081909179801 ], [ 16.244026184081999, 38.212081909179801 ], [ 16.244026184081999, 38.211807250976598 ], [ 16.243749618530401, 38.211807250976598 ], [ 16.243749618530401, 38.2115287780762 ], [ 16.243473052978601, 38.2115287780762 ], [ 16.243473052978601, 38.211250305175803 ], [ 16.2431945800782, 38.211250305175803 ], [ 16.2431945800782, 38.210971832275398 ], [ 16.242916107177798, 38.210971832275398 ], [ 16.242916107177798, 38.210693359375099 ], [ 16.242639541626001, 38.210693359375099 ], [ 16.242639541626001, 38.210414886474702 ], [ 16.2423610687256, 38.210414886474702 ], [ 16.2423610687256, 38.210140228271499 ], [ 16.242082595825298, 38.210140228271499 ], [ 16.242082595825298, 38.209861755371101 ], [ 16.241807937622099, 38.209861755371101 ], [ 16.241807937622099, 38.209583282470703 ], [ 16.2415275573731, 38.209583282470703 ], [ 16.2415275573731, 38.208751678466697 ], [ 16.241249084472699, 38.208751678466697 ], [ 16.241249084472699, 38.208194732666001 ], [ 16.240972518920898, 38.208194732666001 ], [ 16.240972518920898, 38.207916259765597 ], [ 16.240695953369102, 38.207916259765597 ], [ 16.240695953369102, 38.207359313964801 ], [ 16.2404174804688, 38.207359313964801 ], [ 16.2404174804688, 38.207084655761797 ], [ 16.240139007568398, 38.207084655761797 ], [ 16.240139007568398, 38.206806182861399 ], [ 16.239860534668001, 38.206806182861399 ], [ 16.239860534668001, 38.206527709961101 ], [ 16.239585876465, 38.206527709961101 ], [ 16.239585876465, 38.206279754638601 ], [ 16.239305496215799, 38.206249237060703 ], [ 16.239305496215799, 38.2060356140138 ], [ 16.239227294921999, 38.205970764160298 ], [ 16.239027023315401, 38.205970764160298 ], [ 16.239027023315401, 38.205795288085902 ], [ 16.239027023315401, 38.205696105957102 ], [ 16.238910675048899, 38.205696105957102 ], [ 16.2387504577638, 38.205696105957102 ], [ 16.2387504577638, 38.205558776855597 ], [ 16.2387504577638, 38.205417633056697 ], [ 16.238569259643601, 38.205417633056697 ], [ 16.238473892211999, 38.205413818359297 ], [ 16.238473892211999, 38.205333709716797 ], [ 16.238473892211999, 38.2051391601563 ], [ 16.238195419311602, 38.2051391601563 ], [ 16.238195419311602, 38.204860687255902 ], [ 16.2379169464112, 38.204860687255902 ], [ 16.2379169464112, 38.204582214355497 ], [ 16.237638473510899, 38.204582214355497 ], [ 16.237638473510899, 38.204303741455099 ], [ 16.237363815307599, 38.204303741455099 ], [ 16.237363815307599, 38.204029083252003 ], [ 16.237081527710099, 38.204029083252003 ], [ 16.237081527710099, 38.203750610351598 ], [ 16.236803054809702, 38.203750610351598 ], [ 16.236803054809702, 38.2034721374512 ], [ 16.236528396606499, 38.2034721374512 ], [ 16.236528396606499, 38.203193664550803 ], [ 16.2360935211182, 38.203193664550803 ], [ 16.2359714508057, 38.203193664550803 ], [ 16.2359714508057, 38.2030868530275 ], [ 16.2359714508057, 38.202915191650398 ], [ 16.235782623291001, 38.202915191650398 ], [ 16.235694885253899, 38.202915191650398 ], [ 16.235694885253899, 38.202835083007898 ], [ 16.235694885253899, 38.202640533447401 ], [ 16.235416412353601, 38.202640533447401 ], [ 16.235416412353601, 38.202362060546797 ], [ 16.2351379394532, 38.202362060546797 ], [ 16.2351379394532, 38.202083587646399 ], [ 16.234859466552798, 38.202083587646399 ], [ 16.234859466552798, 38.201805114746101 ], [ 16.234582901001001, 38.201805114746101 ], [ 16.234582901001001, 38.201526641845703 ], [ 16.234306335449201, 38.201526641845703 ], [ 16.234306335449201, 38.201248168945298 ], [ 16.2340278625488, 38.201248168945298 ], [ 16.2340278625488, 38.200973510742301 ], [ 16.233749389648398, 38.200973510742301 ], [ 16.233749389648398, 38.200695037841903 ], [ 16.233472824096602, 38.200695037841903 ], [ 16.233472824096602, 38.200416564941499 ], [ 16.2331943511962, 38.200416564941499 ], [ 16.2331943511962, 38.200275421142599 ], [ 16.2331943511962, 38.200138092041101 ], [ 16.232915878295799, 38.200138092041101 ], [ 16.232915878295799, 38.199859619140703 ], [ 16.2326393127443, 38.199859619140703 ], [ 16.2326393127443, 38.199584960937599 ], [ 16.232221603393601, 38.199584960937599 ], [ 16.232084274291999, 38.199584960937599 ], [ 16.232082366943501, 38.199436187744098 ], [ 16.232082366943501, 38.199306488037202 ], [ 16.231958389282301, 38.199306488037202 ], [ 16.231805801391701, 38.199306488037202 ], [ 16.231805801391701, 38.199146270752003 ], [ 16.231805801391701, 38.199028015136797 ], [ 16.231697082519599, 38.199028015136797 ], [ 16.2315273284913, 38.199028015136797 ], [ 16.2315273284913, 38.198848724365199 ], [ 16.2315273284913, 38.198749542236399 ], [ 16.231433868408299, 38.198749542236399 ], [ 16.231250762939499, 38.198749542236399 ], [ 16.231250762939499, 38.198554992675703 ], [ 16.231250762939499, 38.198471069336001 ], [ 16.2311706542969, 38.198471069336001 ], [ 16.230972290039102, 38.198471069336001 ], [ 16.230972290039102, 38.1982612609863 ], [ 16.2309074401857, 38.198192596435597 ], [ 16.2306938171387, 38.198192596435597 ], [ 16.2306938171387, 38.197963714599702 ], [ 16.230417251586999, 38.197917938232401 ], [ 16.230417251586999, 38.1976737976075 ], [ 16.230138778686602, 38.197639465332003 ], [ 16.230138778686602, 38.197376251220703 ], [ 16.2298603057862, 38.197360992431598 ], [ 16.2298603057862, 38.197639465332003 ], [ 16.2295837402344, 38.197639465332003 ], [ 16.2295837402344, 38.196804046630902 ], [ 16.229305267333999, 38.196804046630902 ], [ 16.229305267333999, 38.196529388427798 ], [ 16.229028701782202, 38.196529388427798 ], [ 16.229028701782202, 38.1962509155275 ], [ 16.2287502288818, 38.1962509155275 ], [ 16.2287502288818, 38.195972442626903 ], [ 16.228471755981399, 38.195972442626903 ], [ 16.228471755981399, 38.195693969726499 ], [ 16.228195190429599, 38.195693969726499 ], [ 16.228195190429599, 38.1954154968262 ], [ 16.2279167175293, 38.1954154968262 ], [ 16.2279167175293, 38.195137023925803 ], [ 16.227638244628899, 38.195137023925803 ], [ 16.227638244628899, 38.194862365722699 ], [ 16.227083206176701, 38.194862365722699 ], [ 16.227083206176701, 38.194583892822401 ], [ 16.226528167724702, 38.194583892822401 ], [ 16.226528167724702, 38.194305419922003 ], [ 16.225694656372099, 38.194305419922003 ], [ 16.225694656372099, 38.194026947021598 ], [ 16.2254161834718, 38.194026947021598 ], [ 16.2254161834718, 38.1937484741212 ], [ 16.22513961792, 38.1937484741212 ], [ 16.22513961792, 38.193473815917997 ], [ 16.224861145019599, 38.193473815917997 ], [ 16.224861145019599, 38.193195343017599 ], [ 16.224584579467798, 38.193195343017599 ], [ 16.224584579467798, 38.192916870117202 ], [ 16.224306106567401, 38.192916870117202 ], [ 16.224306106567401, 38.192638397216903 ], [ 16.224027633666999, 38.192638397216903 ], [ 16.224027633666999, 38.192359924316499 ], [ 16.223749160766701, 38.192359924316499 ], [ 16.223749160766701, 38.191806793212898 ], [ 16.223474502563398, 38.191806793212898 ], [ 16.223474502563398, 38.1915283203125 ], [ 16.223192214965898, 38.1915283203125 ], [ 16.223192214965898, 38.190971374511697 ], [ 16.222917556762699, 38.190971374511697 ], [ 16.222917556762699, 38.1906929016113 ], [ 16.222639083862301, 38.1906929016113 ], [ 16.222639083862301, 38.190418243408303 ], [ 16.2223606109619, 38.190418243408303 ], [ 16.2223606109619, 38.190139770507898 ], [ 16.222082138061499, 38.190139770507898 ], [ 16.222082138061499, 38.1898612976075 ], [ 16.221805572509702, 38.1898612976075 ], [ 16.221805572509702, 38.189613342285199 ], [ 16.2212524414063, 38.189582824707003 ], [ 16.2212524414063, 38.189304351806598 ], [ 16.2206935882568, 38.189304351806598 ], [ 16.2206935882568, 38.189029693603601 ], [ 16.220417022705199, 38.1890258789062 ], [ 16.220417022705199, 38.188751220703203 ], [ 16.2198600769044, 38.188751220703203 ], [ 16.2198600769044, 38.1881942749025 ], [ 16.219583511352599, 38.1881942749025 ], [ 16.219583511352599, 38.187915802002102 ], [ 16.219305038452202, 38.187915802002102 ], [ 16.219305038452202, 38.187637329101698 ], [ 16.219028472900401, 38.187637329101698 ], [ 16.219028472900401, 38.187362670898402 ], [ 16.218748092651499, 38.187362670898402 ], [ 16.218748092651499, 38.187084197998097 ], [ 16.218471527099702, 38.187084197998097 ], [ 16.218471527099702, 38.186805725097699 ], [ 16.218194961547798, 38.186805725097699 ], [ 16.218194961547798, 38.186527252197301 ], [ 16.2179164886475, 38.186527252197301 ], [ 16.2179164886475, 38.185695648193402 ], [ 16.217361450195298, 38.185695648193402 ], [ 16.217361450195298, 38.185417175292997 ], [ 16.217082977294901, 38.185417175292997 ], [ 16.217082977294901, 38.185138702392599 ], [ 16.2168064117432, 38.185138702392599 ], [ 16.2168064117432, 38.184860229492202 ], [ 16.216527938842798, 38.184860229492202 ], [ 16.216527938842798, 38.184581756591797 ], [ 16.216249465942401, 38.184581756591797 ], [ 16.216249465942401, 38.1843070983888 ], [ 16.2159729003906, 38.1843070983888 ], [ 16.2159729003906, 38.183750152587997 ], [ 16.215694427490199, 38.183750152587997 ], [ 16.215694427490199, 38.183471679687599 ], [ 16.215417861938601, 38.183471679687599 ], [ 16.215417861938601, 38.183193206787102 ], [ 16.2151393890382, 38.183193206787102 ], [ 16.2151393890382, 38.182918548583999 ], [ 16.214860916137798, 38.182918548583999 ], [ 16.214860916137798, 38.182640075683601 ], [ 16.2143058776857, 38.182640075683601 ], [ 16.2143058776857, 38.182361602783303 ], [ 16.214027404785298, 38.182361602783303 ], [ 16.214027404785298, 38.181251525878899 ], [ 16.213750839233501, 38.181251525878899 ], [ 16.213750839233501, 38.180973052978501 ], [ 16.2131958007813, 38.180973052978501 ], [ 16.2131958007813, 38.180694580078203 ], [ 16.212917327880898, 38.180694580078203 ], [ 16.212917327880898, 38.180416107177798 ], [ 16.212638854980501, 38.180416107177798 ], [ 16.212638854980501, 38.180137634277401 ], [ 16.212360382080099, 38.180137634277401 ], [ 16.212360382080099, 38.179862976074197 ], [ 16.212085723876999, 38.179862976074197 ], [ 16.212085723876999, 38.1795845031738 ], [ 16.211805343627901, 38.1795845031738 ], [ 16.211805343627901, 38.179306030273402 ], [ 16.211526870727599, 38.179306030273402 ], [ 16.211526870727599, 38.178749084472699 ], [ 16.211250305175799, 38.178749084472699 ], [ 16.211250305175799, 38.178195953369197 ], [ 16.210973739623999, 38.178195953369197 ], [ 16.210973739623999, 38.177917480468899 ], [ 16.210695266723601, 38.177917480468899 ], [ 16.210695266723601, 38.177639007568501 ], [ 16.2104167938232, 38.177639007568501 ], [ 16.2104167938232, 38.177360534668097 ], [ 16.210138320922901, 38.177360534668097 ], [ 16.210138320922901, 38.177082061767699 ], [ 16.209863662719801, 38.177082061767699 ], [ 16.209863662719801, 38.176807403564503 ], [ 16.209581375122099, 38.176807403564503 ], [ 16.209581375122099, 38.1762504577637 ], [ 16.209304809570298, 38.1762504577637 ], [ 16.209304809570298, 38.175971984863303 ], [ 16.2090282440187, 38.175971984863303 ], [ 16.2090282440187, 38.175693511962898 ], [ 16.208749771118299, 38.175693511962898 ], [ 16.208749771118299, 38.175415039062599 ], [ 16.208471298217901, 38.175415039062599 ], [ 16.208471298217901, 38.175140380859403 ], [ 16.208194732666101, 38.175140380859403 ], [ 16.208194732666101, 38.174861907958999 ], [ 16.2079162597657, 38.174861907958999 ], [ 16.2079162597657, 38.174583435058601 ], [ 16.2076416015625, 38.174583435058601 ], [ 16.2076416015625, 38.174026489257898 ], [ 16.207359313965, 38.174026489257898 ], [ 16.207359313965, 38.173751831054602 ], [ 16.2070827484131, 38.173751831054602 ], [ 16.2070827484131, 38.173473358154197 ], [ 16.206806182861399, 38.173473358154197 ], [ 16.206806182861399, 38.173194885253899 ], [ 16.206527709961001, 38.173194885253899 ], [ 16.206527709961001, 38.172916412353501 ], [ 16.2062492370606, 38.172916412353501 ], [ 16.2062492370606, 38.172637939453097 ], [ 16.2059726715088, 38.172637939453097 ], [ 16.2059726715088, 38.172359466552699 ], [ 16.205694198608398, 38.172359466552699 ], [ 16.205694198608398, 38.172084808349702 ], [ 16.205415725708001, 38.172084808349702 ], [ 16.205415725708001, 38.171806335449297 ], [ 16.205137252807699, 38.171806335449297 ], [ 16.205137252807699, 38.171527862548899 ], [ 16.2043056488037, 38.171527862548899 ], [ 16.2043056488037, 38.171249389648601 ], [ 16.204027175903299, 38.171249389648601 ], [ 16.204027175903299, 38.170970916748203 ], [ 16.203750610351701, 38.170970916748203 ], [ 16.203750610351701, 38.170696258545 ], [ 16.2034721374513, 38.170696258545 ], [ 16.2034721374513, 38.170417785644602 ], [ 16.2031936645507, 38.170417785644602 ], [ 16.2031936645507, 38.170139312744197 ], [ 16.202917098999102, 38.170139312744197 ], [ 16.202917098999102, 38.1698608398438 ], [ 16.2026386260987, 38.1698608398438 ], [ 16.2026386260987, 38.169582366943402 ], [ 16.202083587646499, 38.169582366943402 ], [ 16.202083587646499, 38.169303894042997 ], [ 16.2018051147462, 38.169303894042997 ], [ 16.2018051147462, 38.169029235839801 ], [ 16.2015285491944, 38.169029235839801 ], [ 16.2015285491944, 38.168472290039098 ], [ 16.201250076293999, 38.168472290039098 ], [ 16.201250076293999, 38.1681938171387 ], [ 16.200971603393601, 38.1681938171387 ], [ 16.200971603393601, 38.167915344238303 ], [ 16.200696945190401, 38.167915344238303 ], [ 16.200696945190401, 38.167640686035298 ], [ 16.200416564941499, 38.167640686035298 ], [ 16.200416564941499, 38.167083740234297 ], [ 16.200138092041101, 38.167083740234297 ], [ 16.200138092041101, 38.166805267333999 ], [ 16.1998615264893, 38.166805267333999 ], [ 16.1998615264893, 38.166526794433601 ], [ 16.199583053588899, 38.166526794433601 ], [ 16.199583053588899, 38.166248321533203 ], [ 16.199306488037099, 38.166248321533203 ], [ 16.199302673339901, 38.165973663330199 ], [ 16.199028015136701, 38.165973663330199 ], [ 16.199028015136701, 38.165695190429801 ], [ 16.1987495422363, 38.165695190429801 ], [ 16.1987495422363, 38.165416717529403 ], [ 16.198474884033299, 38.165416717529403 ], [ 16.198474884033299, 38.165138244628999 ], [ 16.198194503784102, 38.165138244628999 ], [ 16.198194503784102, 38.164859771728601 ], [ 16.197914123535199, 38.164859771728601 ], [ 16.197914123535199, 38.164585113525398 ], [ 16.197639465332099, 38.164585113525398 ], [ 16.197639465332099, 38.164306640625 ], [ 16.197362899780298, 38.164306640625 ], [ 16.197362899780298, 38.164028167724702 ], [ 16.197084426879901, 38.164028167724702 ], [ 16.197084426879901, 38.163749694824297 ], [ 16.196805953979599, 38.163749694824297 ], [ 16.196805953979599, 38.163471221923899 ], [ 16.196527481079201, 38.163471221923899 ], [ 16.196527481079201, 38.162918090820298 ], [ 16.196252822876001, 38.162918090820298 ], [ 16.196252822876001, 38.162639617919901 ], [ 16.195970535278398, 38.162639617919901 ], [ 16.195970535278398, 38.162361145019503 ], [ 16.195692062378001, 38.162361145019503 ], [ 16.195692062378001, 38.162082672119098 ], [ 16.195417404174901, 38.162082672119098 ], [ 16.195417404174901, 38.161529541015703 ], [ 16.195138931274499, 38.161529541015703 ], [ 16.195138931274499, 38.161251068115298 ], [ 16.194860458374102, 38.161251068115298 ], [ 16.194860458374102, 38.160972595214801 ], [ 16.194583892822301, 38.160972595214801 ], [ 16.194583892822301, 38.160694122314403 ], [ 16.194026947021499, 38.160694122314403 ], [ 16.194026947021499, 38.160415649414098 ], [ 16.193750381469702, 38.160415649414098 ], [ 16.193750381469702, 38.1601371765137 ], [ 16.1934719085693, 38.1601371765137 ], [ 16.1934719085693, 38.159862518310597 ], [ 16.1931953430175, 38.159862518310597 ], [ 16.1931953430175, 38.159584045410298 ], [ 16.192916870117202, 38.159584045410298 ], [ 16.192916870117202, 38.159442901611399 ], [ 16.192916870117202, 38.159305572509901 ], [ 16.1926383972168, 38.159305572509901 ], [ 16.1926383972168, 38.159027099609503 ], [ 16.192361831665199, 38.159027099609503 ], [ 16.192361831665199, 38.158473968505902 ], [ 16.192083358764599, 38.158473968505902 ], [ 16.192083358764599, 38.157917022705099 ], [ 16.191804885864201, 38.157917022705099 ], [ 16.191804885864201, 38.1576766967775 ], [ 16.191528320312599, 38.157638549804702 ], [ 16.191528320312599, 38.157444000244098 ], [ 16.191528320312599, 38.157360076904403 ], [ 16.191432952881001, 38.157360076904403 ], [ 16.1909713745118, 38.157360076904403 ], [ 16.1909713745118, 38.157081604003999 ], [ 16.19069480896, 38.157081604003999 ], [ 16.19069480896, 38.156806945800803 ], [ 16.190416336059702, 38.156806945800803 ], [ 16.190416336059702, 38.156528472900398 ], [ 16.190139770507901, 38.156528472900398 ], [ 16.190139770507901, 38.156265258789098 ], [ 16.1898612976075, 38.15625 ], [ 16.1898612976075, 38.156032562255902 ], [ 16.1897888183594, 38.155971527099602 ], [ 16.189582824707099, 38.155971527099602 ], [ 16.189582824707099, 38.155796051025398 ], [ 16.189582824707099, 38.155693054199197 ], [ 16.189458847045898, 38.155693054199197 ], [ 16.189306259155298, 38.155693054199197 ], [ 16.189306259155298, 38.155563354492202 ], [ 16.189306259155298, 38.1554183959962 ], [ 16.189136505127099, 38.1554183959962 ], [ 16.189027786254901, 38.1554183959962 ], [ 16.189027786254901, 38.155326843261797 ], [ 16.189027786254901, 38.155139923095803 ], [ 16.188749313354499, 38.155139923095803 ], [ 16.188749313354499, 38.154861450195398 ], [ 16.188472747802699, 38.154861450195398 ], [ 16.188472747802699, 38.154582977294901 ], [ 16.188194274902301, 38.154582977294901 ], [ 16.188194274902301, 38.154304504394503 ], [ 16.1879177093506, 38.154304504394503 ], [ 16.1879177093506, 38.154026031494098 ], [ 16.187639236450199, 38.154026031494098 ], [ 16.187639236450199, 38.153751373291101 ], [ 16.187360763549801, 38.153751373291101 ], [ 16.187360763549801, 38.153472900390703 ], [ 16.186805725097599, 38.153472900390703 ], [ 16.186805725097599, 38.153194427490298 ], [ 16.186504364013601, 38.153194427490298 ], [ 16.1862506866456, 38.153194427490298 ], [ 16.1862506866456, 38.152980804443402 ], [ 16.186174392700298, 38.15291595459 ], [ 16.185972213745199, 38.15291595459 ], [ 16.185972213745199, 38.152744293212898 ], [ 16.185972213745199, 38.152637481689602 ], [ 16.1858425140381, 38.152637481689602 ], [ 16.1854171752931, 38.152637481689602 ], [ 16.1854171752931, 38.1523628234863 ], [ 16.184860229492301, 38.1523628234863 ], [ 16.184860229492301, 38.152084350586001 ], [ 16.184583663940501, 38.152084350586001 ], [ 16.184583663940501, 38.151805877685597 ], [ 16.184303283691499, 38.151805877685597 ], [ 16.184303283691499, 38.151527404785199 ], [ 16.184028625488299, 38.151527404785199 ], [ 16.184028625488299, 38.151142120361399 ], [ 16.184028625488299, 38.150970458984403 ], [ 16.183750152587901, 38.150970458984403 ], [ 16.183750152587901, 38.1506958007812 ], [ 16.183473587036101, 38.1506958007812 ], [ 16.183473587036101, 38.150417327880902 ], [ 16.183126449584901, 38.150417327880902 ], [ 16.182638168335, 38.150417327880902 ], [ 16.182638168335, 38.150138854980497 ], [ 16.1823635101318, 38.150138854980497 ], [ 16.1823635101318, 38.149860382080099 ], [ 16.182081222534201, 38.149860382080099 ], [ 16.182081222534201, 38.149581909179702 ], [ 16.1815280914307, 38.149581909179702 ], [ 16.1815280914307, 38.149307250976698 ], [ 16.181249618530298, 38.149307250976698 ], [ 16.181249618530298, 38.1490287780763 ], [ 16.180971145629901, 38.1490287780763 ], [ 16.180971145629901, 38.148750305175902 ], [ 16.1806945800781, 38.148750305175902 ], [ 16.1806945800781, 38.148471832275497 ], [ 16.180416107177699, 38.148471832275497 ], [ 16.180416107177699, 38.148235321045 ], [ 16.179859161376999, 38.148193359374901 ], [ 16.179859161376999, 38.147914886474602 ], [ 16.179582595825298, 38.147914886474602 ], [ 16.179582595825298, 38.147640228271499 ], [ 16.179306030273601, 38.147640228271499 ], [ 16.179306030273601, 38.147418975830099 ], [ 16.179227828979499, 38.1473617553712 ], [ 16.178747177123999, 38.1473617553712 ], [ 16.178747177123999, 38.147083282470803 ], [ 16.1781940460206, 38.147083282470803 ], [ 16.1781940460206, 38.146804809570398 ], [ 16.177637100219801, 38.146804809570398 ], [ 16.177637100219801, 38.14652633667 ], [ 16.1770839691162, 38.14652633667 ], [ 16.1770839691162, 38.146251678466797 ], [ 16.176528930664102, 38.146251678466797 ], [ 16.176528930664102, 38.145973205566399 ], [ 16.1762504577637, 38.145973205566399 ], [ 16.1762504577637, 38.145706176757898 ], [ 16.175971984863299, 38.145694732666101 ], [ 16.175971984863299, 38.145561218261697 ], [ 16.175971984863299, 38.145416259765703 ], [ 16.175693511962901, 38.145416259765703 ], [ 16.175693511962901, 38.145137786865298 ], [ 16.175416946411101, 38.145137786865298 ], [ 16.175416946411101, 38.144859313964901 ], [ 16.1751384735107, 38.144859313964901 ], [ 16.1751384735107, 38.144584655761697 ], [ 16.174028396606602, 38.144584655761697 ], [ 16.174028396606602, 38.1443061828613 ], [ 16.173374176025401, 38.1443061828613 ], [ 16.172916412353601, 38.1443061828613 ], [ 16.172916412353601, 38.144027709960902 ], [ 16.1726379394532, 38.144027709960902 ], [ 16.1726379394532, 38.143814086913999 ], [ 16.1725578308107, 38.143749237060497 ], [ 16.172084808349599, 38.143749237060497 ], [ 16.172084808349599, 38.143470764160199 ], [ 16.1718063354493, 38.143470764160199 ], [ 16.1718063354493, 38.143196105957102 ], [ 16.171527862548899, 38.143196105957102 ], [ 16.171527862548899, 38.142940521240298 ], [ 16.171249389648501, 38.142917633056797 ], [ 16.171249389648501, 38.142719268798899 ], [ 16.171249389648501, 38.142639160156399 ], [ 16.171148300170898, 38.142639160156399 ], [ 16.170692443847699, 38.142639160156399 ], [ 16.170692443847699, 38.142360687256001 ], [ 16.170415878295898, 38.142360687256001 ], [ 16.170415878295898, 38.142082214355597 ], [ 16.169862747192301, 38.142082214355597 ], [ 16.169862747192301, 38.141803741455 ], [ 16.1695842742919, 38.141803741455 ], [ 16.169580459594801, 38.141529083252003 ], [ 16.169305801391499, 38.141529083252003 ], [ 16.169305801391499, 38.1409721374512 ], [ 16.1690273284912, 38.1409721374512 ], [ 16.1690273284912, 38.140693664550803 ], [ 16.1687526702881, 38.140693664550803 ], [ 16.1687526702881, 38.140247344970803 ], [ 16.1687526702881, 38.140140533447301 ], [ 16.168659210205099, 38.140140533447301 ], [ 16.168470382690401, 38.140140533447301 ], [ 16.168470382690401, 38.139926910400398 ], [ 16.168415069580099, 38.139862060546903 ], [ 16.168193817138601, 38.139862060546903 ], [ 16.168193817138601, 38.139610290527301 ], [ 16.167917251586999, 38.139583587646499 ], [ 16.167917251586999, 38.139305114746101 ], [ 16.167638778686602, 38.139305114746101 ], [ 16.167638778686602, 38.139026641845803 ], [ 16.1673603057862, 38.139026641845803 ], [ 16.1673603057862, 38.138629913330099 ], [ 16.1673603057862, 38.138473510742102 ], [ 16.167228698730501, 38.138473510742102 ], [ 16.1670837402344, 38.138473510742102 ], [ 16.1670837402344, 38.138294219970803 ], [ 16.1670837402344, 38.138195037841797 ], [ 16.167011260986399, 38.138195037841797 ], [ 16.166805267333999, 38.138195037841797 ], [ 16.166805267333999, 38.137916564941399 ], [ 16.166530609130898, 38.137916564941399 ], [ 16.166530609130898, 38.137527465820298 ], [ 16.166530609130898, 38.137359619140597 ], [ 16.166406631469801, 38.137359619140597 ], [ 16.166248321533299, 38.137359619140597 ], [ 16.166248321533299, 38.137138366699197 ], [ 16.165971755981499, 38.137084960937599 ], [ 16.165971755981499, 38.136806488037202 ], [ 16.165695190429702, 38.136806488037202 ], [ 16.165695190429702, 38.136528015136797 ], [ 16.1654167175294, 38.136528015136797 ], [ 16.1654167175294, 38.136249542236399 ], [ 16.165138244628999, 38.136249542236399 ], [ 16.165138244628999, 38.135971069336101 ], [ 16.164861679077099, 38.135971069336101 ], [ 16.164861679077099, 38.135189056396499 ], [ 16.1645832061768, 38.135139465332102 ], [ 16.1645832061768, 38.134773254394602 ], [ 16.1645832061768, 38.1345825195313 ], [ 16.164463043212901, 38.1345825195313 ], [ 16.164304733276399, 38.1345825195313 ], [ 16.164304733276399, 38.134334564209098 ], [ 16.164028167724599, 38.134304046630902 ], [ 16.164028167724599, 38.1345825195313 ], [ 16.163749694824201, 38.1345825195313 ], [ 16.163749694824201, 38.134304046630902 ], [ 16.163473129272401, 38.134304046630902 ], [ 16.163473129272401, 38.133750915527301 ], [ 16.163194656371999, 38.133750915527301 ], [ 16.163194656371999, 38.133193969726598 ], [ 16.162916183471602, 38.133193969726598 ], [ 16.162916183471602, 38.132637023925803 ], [ 16.16263961792, 38.132637023925803 ], [ 16.16263961792, 38.132362365722599 ], [ 16.162361145019599, 38.132362365722599 ], [ 16.162361145019599, 38.131805419921903 ], [ 16.1620826721193, 38.131805419921903 ], [ 16.1620826721193, 38.131248474121101 ], [ 16.1618061065675, 38.131248474121101 ], [ 16.1618061065675, 38.130973815918097 ], [ 16.161527633667099, 38.130973815918097 ], [ 16.161527633667099, 38.130695343017699 ], [ 16.161249160766701, 38.130695343017699 ], [ 16.161249160766701, 38.130138397216903 ], [ 16.160972595214901, 38.130138397216903 ], [ 16.160972595214901, 38.129306793212898 ], [ 16.160694122314499, 38.129306793212898 ], [ 16.160694122314499, 38.129146575927798 ], [ 16.160694122314499, 38.128749847412202 ], [ 16.160972595214901, 38.128749847412202 ], [ 16.160972595214901, 38.128471374511797 ], [ 16.160694122314499, 38.128471374511797 ], [ 16.160694122314499, 38.127918243408203 ], [ 16.160417556762798, 38.127918243408203 ], [ 16.160417556762798, 38.127361297607401 ], [ 16.160139083862401, 38.127361297607401 ], [ 16.160139083862401, 38.123748779297003 ], [ 16.159860610961999, 38.123748779297003 ], [ 16.159860610961999, 38.116806030273501 ], [ 16.1595859527588, 38.116806030273501 ], [ 16.1595859527588, 38.116249084472699 ], [ 16.159305572509801, 38.116249084472699 ], [ 16.159305572509801, 38.115695953369098 ], [ 16.1590270996094, 38.115695953369098 ], [ 16.1590270996094, 38.1147689819337 ], [ 16.1590270996094, 38.113193511962798 ], [ 16.158750534057599, 38.113193511962798 ], [ 16.158750534057599, 38.109859466552798 ], [ 16.158472061157202, 38.109859466552798 ], [ 16.158472061157202, 38.107917785644602 ], [ 16.158195495605401, 38.107917785644602 ], [ 16.158195495605401, 38.107082366943501 ], [ 16.157917022705099, 38.107082366943501 ], [ 16.157917022705099, 38.104862213134801 ], [ 16.157638549804702, 38.104862213134801 ], [ 16.157638549804702, 38.102916717529297 ], [ 16.157917022705099, 38.102916717529297 ], [ 16.157917022705099, 38.098915100097699 ], [ 16.157917022705099, 38.097915649414098 ], [ 16.157714843750099, 38.097915649414098 ], [ 16.157638549804702, 38.097915649414098 ], [ 16.157638549804702, 38.097541809082102 ], [ 16.157638549804702, 38.096248626708999 ], [ 16.157363891601602, 38.096248626708999 ], [ 16.157363891601602, 38.096176147460902 ], [ 16.157363891601602, 38.095417022705199 ], [ 16.157209396362301, 38.095417022705199 ], [ 16.157081604003899, 38.095417022705199 ], [ 16.157081604003899, 38.094860076904403 ], [ 16.156803131103501, 38.094860076904403 ], [ 16.156803131103501, 38.09375 ], [ 16.156528472900501, 38.09375 ], [ 16.156528472900501, 38.092639923095703 ], [ 16.1562519073487, 38.092639923095703 ], [ 16.1562519073487, 38.092082977294901 ], [ 16.155973434448299, 38.092082977294901 ], [ 16.155973434448299, 38.091251373291101 ], [ 16.1556930541993, 38.091251373291101 ], [ 16.1556930541993, 38.090972900390597 ], [ 16.155416488647599, 38.090972900390597 ], [ 16.155416488647599, 38.090137481689503 ], [ 16.155138015747202, 38.090137481689503 ], [ 16.155138015747202, 38.0881958007813 ], [ 16.1548595428468, 38.0881958007813 ], [ 16.1548595428468, 38.087081909179702 ], [ 16.154581069946399, 38.087081909179702 ], [ 16.154581069946399, 38.085971832275398 ], [ 16.1543064117432, 38.085971832275398 ], [ 16.1543064117432, 38.085414886474602 ], [ 16.154027938842798, 38.085414886474602 ], [ 16.154027938842798, 38.084583282470597 ], [ 16.153749465942401, 38.084583282470597 ], [ 16.153749465942401, 38.084026336669901 ], [ 16.1534729003906, 38.084026336669901 ], [ 16.1534729003906, 38.083194732666101 ], [ 16.153194427490199, 38.083194732666101 ], [ 16.153194427490199, 38.082637786865298 ], [ 16.152915954589801, 38.082637786865298 ], [ 16.152915954589801, 38.081806182861399 ], [ 16.1526393890381, 38.081806182861399 ], [ 16.1526393890381, 38.080696105957003 ], [ 16.152360916137699, 38.080696105957003 ], [ 16.152360916137699, 38.080417633056598 ], [ 16.152082443237301, 38.080417633056598 ], [ 16.152082443237301, 38.079029083252102 ], [ 16.151805877685501, 38.079029083252102 ], [ 16.151805877685501, 38.077915191650298 ], [ 16.151527404785199, 38.077915191650298 ], [ 16.151527404785199, 38.0768051147462 ], [ 16.151250839233501, 38.0768051147462 ], [ 16.151250839233501, 38.074859619140703 ], [ 16.1509723663331, 38.074859619140703 ], [ 16.1509723663331, 38.0737495422363 ], [ 16.150693893432599, 38.0737495422363 ], [ 16.150693893432599, 38.072639465332102 ], [ 16.150417327881001, 38.072639465332102 ], [ 16.150417327881001, 38.070972442627003 ], [ 16.1501388549806, 38.070972442627003 ], [ 16.1501388549806, 38.069583892822301 ], [ 16.149860382080199, 38.069583892822301 ], [ 16.149860382080199, 38.067359924316399 ], [ 16.149583816528398, 38.067359924316399 ], [ 16.149583816528398, 38.060417175293097 ], [ 16.149305343628001, 38.060417175293097 ], [ 16.149305343628001, 38.058269500732401 ], [ 16.149259567260799, 38.057983398437401 ], [ 16.149026870727699, 38.057918548583999 ], [ 16.149026870727699, 38.057640075683601 ], [ 16.148471832275401, 38.057640075683601 ], [ 16.148471832275401, 38.056804656982401 ], [ 16.148195266723601, 38.056804656982401 ], [ 16.148195266723601, 38.055973052978501 ], [ 16.147916793823299, 38.055973052978501 ], [ 16.147916793823299, 38.054862976074297 ], [ 16.147638320922901, 38.054862976074297 ], [ 16.147638320922901, 38.053951263427798 ], [ 16.147638320922901, 38.053749084472798 ], [ 16.1475563049318, 38.053749084472798 ], [ 16.147361755371101, 38.053749084472798 ], [ 16.147361755371101, 38.05326461792 ], [ 16.1470832824707, 38.053195953369197 ], [ 16.1470832824707, 38.052639007568402 ], [ 16.146528244018601, 38.052639007568402 ], [ 16.146528244018601, 38.052360534667997 ], [ 16.1462497711182, 38.052360534667997 ], [ 16.1462497711182, 38.052082061767599 ], [ 16.145971298217798, 38.052082061767599 ], [ 16.145971298217798, 38.051807403564503 ], [ 16.145694732666001, 38.051807403564503 ], [ 16.145694732666001, 38.051528930664098 ], [ 16.1454162597656, 38.051528930664098 ], [ 16.1454162597656, 38.0512504577637 ], [ 16.145139694213999, 38.0512504577637 ], [ 16.145139694213999, 38.0504150390625 ], [ 16.144861221313601, 38.0504150390625 ], [ 16.144861221313601, 38.049026489257798 ], [ 16.1445846557618, 38.049026489257798 ], [ 16.1445846557618, 38.048473358154403 ], [ 16.144306182861399, 38.048473358154403 ], [ 16.144306182861399, 38.048194885253999 ], [ 16.144027709961101, 38.048194885253999 ], [ 16.144027709961101, 38.047637939453203 ], [ 16.1437492370607, 38.047637939453203 ], [ 16.1437492370607, 38.047359466552798 ], [ 16.143474578857401, 38.047359466552798 ], [ 16.143474578857401, 38.046806335449297 ], [ 16.143192291259901, 38.046806335449297 ], [ 16.143192291259901, 38.045417785644503 ], [ 16.1429157257081, 38.045417785644503 ], [ 16.1429157257081, 38.044273376464801 ], [ 16.1429157257081, 38.042640686035199 ], [ 16.143192291259901, 38.042640686035199 ], [ 16.143192291259901, 38.042083740234403 ], [ 16.143474578857401, 38.042083740234403 ], [ 16.143474578857401, 38.041805267334098 ], [ 16.1437492370607, 38.041805267334098 ], [ 16.1437492370607, 38.0415267944337 ], [ 16.144027709961101, 38.0415267944337 ], [ 16.144027709961101, 38.041248321533303 ], [ 16.144306182861399, 38.041248321533303 ], [ 16.144306182861399, 38.040973663330099 ], [ 16.1445846557618, 38.040973663330099 ], [ 16.1445846557618, 38.040695190429702 ], [ 16.144861221313601, 38.040695190429702 ], [ 16.144861221313601, 38.040416717529403 ], [ 16.145139694213999, 38.040416717529403 ], [ 16.145139694213999, 38.039859771728601 ], [ 16.1454162597656, 38.039859771728601 ], [ 16.1454162597656, 38.038749694824197 ], [ 16.145139694213999, 38.038749694824197 ], [ 16.145139694213999, 38.0384712219238 ], [ 16.1445846557618, 38.0384712219238 ], [ 16.1445846557618, 38.038192749023402 ], [ 16.144027709961101, 38.038192749023402 ], [ 16.144027709961101, 38.037918090820398 ], [ 16.143918991088899, 38.037918090820398 ], [ 16.1437492370607, 38.037918090820398 ], [ 16.1437492370607, 38.03763961792 ], [ 16.143192291259901, 38.03763961792 ], [ 16.143192291259901, 38.034584045410199 ], [ 16.143474578857401, 38.034584045410199 ], [ 16.143474578857401, 38.033748626708999 ], [ 16.1437492370607, 38.033748626708999 ], [ 16.1437492370607, 38.033473968505803 ], [ 16.144027709961101, 38.033473968505803 ], [ 16.144027709961101, 38.033195495605497 ], [ 16.144306182861399, 38.033195495605497 ], [ 16.144306182861399, 38.032917022705099 ], [ 16.1445846557618, 38.032917022705099 ], [ 16.1445846557618, 38.032638549804702 ], [ 16.144861221313601, 38.032638549804702 ], [ 16.144861221313601, 38.0320434570312 ], [ 16.144861221313601, 38.031806945800902 ], [ 16.144737243652401, 38.031806945800902 ], [ 16.1445846557618, 38.031806945800902 ], [ 16.1445846557618, 38.031509399414098 ], [ 16.1445846557618, 38.030971527099702 ], [ 16.144306182861399, 38.030971527099702 ], [ 16.144306182861399, 38.030418395996101 ], [ 16.144027709961101, 38.030418395996101 ], [ 16.144027709961101, 38.030139923095803 ], [ 16.1438274383544, 38.030139923095803 ], [ 16.1437492370607, 38.030139923095803 ], [ 16.1437492370607, 38.030033111572202 ], [ 16.1437492370607, 38.029582977295 ], [ 16.143474578857401, 38.029582977295 ], [ 16.143474578857401, 38.029304504394602 ], [ 16.143192291259901, 38.029304504394602 ], [ 16.143192291259901, 38.029026031494297 ], [ 16.143001556396602, 38.029026031494297 ], [ 16.1429157257081, 38.029026031494297 ], [ 16.1429157257081, 38.0289115905762 ], [ 16.1429157257081, 38.028472900390597 ], [ 16.1426391601563, 38.028472900390597 ], [ 16.1426391601563, 38.028194427490199 ], [ 16.142362594604499, 38.028194427490199 ], [ 16.142362594604499, 38.027915954589901 ], [ 16.142164230346701, 38.027915954589901 ], [ 16.142082214355501, 38.027915954589901 ], [ 16.142082214355501, 38.027809143066499 ], [ 16.142082214355501, 38.027637481689503 ], [ 16.141954421997099, 38.027637481689503 ], [ 16.1418056488037, 38.027637481689503 ], [ 16.1418056488037, 38.027439117431697 ], [ 16.1418056488037, 38.0273628234863 ], [ 16.141527175903398, 38.0273628234863 ], [ 16.141527175903398, 38.027084350585902 ], [ 16.141252517700099, 38.027084350585902 ], [ 16.141252517700099, 38.026805877685497 ], [ 16.140970230102599, 38.026805877685497 ], [ 16.140970230102599, 38.026527404785199 ], [ 16.140693664550799, 38.026527404785199 ], [ 16.140693664550799, 38.026252746582102 ], [ 16.140693664550799, 38.025970458984403 ], [ 16.140417098998999, 38.025970458984403 ], [ 16.140417098998999, 38.025417327881001 ], [ 16.140138626098601, 38.025417327881001 ], [ 16.140138626098601, 38.024902343750099 ], [ 16.1398601531982, 38.024860382080199 ], [ 16.139858245849702, 38.024581909179801 ], [ 16.139583587646399, 38.024581909179801 ], [ 16.139583587646399, 38.0240287780762 ], [ 16.139305114746001, 38.0240287780762 ], [ 16.139305114746001, 38.023471832275398 ], [ 16.1390285491944, 38.023471832275398 ], [ 16.1390285491944, 38.022956848144602 ], [ 16.138748168945298, 38.022914886474702 ], [ 16.138748168945298, 38.022468566894602 ], [ 16.138748168945298, 38.022361755371101 ], [ 16.1384716033937, 38.022361755371101 ], [ 16.1384716033937, 38.021980285644503 ], [ 16.1384716033937, 38.021804809570298 ], [ 16.138370513916101, 38.021804809570298 ], [ 16.1381950378419, 38.021804809570298 ], [ 16.1381950378419, 38.021495819091797 ], [ 16.1381950378419, 38.021251678466903 ], [ 16.138055801391602, 38.021251678466903 ], [ 16.137916564941499, 38.021251678466903 ], [ 16.137916564941499, 38.021011352539098 ], [ 16.137916564941499, 38.020694732666001 ], [ 16.137737274169901, 38.020694732666001 ], [ 16.137638092041101, 38.020694732666001 ], [ 16.137638092041101, 38.020523071289098 ], [ 16.137638092041101, 38.020137786865199 ], [ 16.1373615264893, 38.020137786865199 ], [ 16.1373615264893, 38.020038604736399 ], [ 16.1373615264893, 38.019584655761797 ], [ 16.137083053588899, 38.019584655761797 ], [ 16.137083053588899, 38.019306182861399 ], [ 16.1369438171387, 38.019306182861399 ], [ 16.136806488037202, 38.019306182861399 ], [ 16.136806488037202, 38.019065856933501 ], [ 16.136804580688501, 38.018749237060703 ], [ 16.136625289916999, 38.018749237060703 ], [ 16.1365261077881, 38.018749237060703 ], [ 16.1365261077881, 38.0185775756837 ], [ 16.1365261077881, 38.018196105957102 ], [ 16.136249542236399, 38.018196105957102 ], [ 16.136249542236399, 38.0180892944337 ], [ 16.136249542236399, 38.0176391601563 ], [ 16.135972976684599, 38.0176391601563 ], [ 16.135972976684599, 38.017360687255902 ], [ 16.1358318328857, 38.017360687255902 ], [ 16.135694503784201, 38.017360687255902 ], [ 16.135694503784201, 38.017120361328203 ], [ 16.135694503784201, 38.016803741455099 ], [ 16.135513305664102, 38.016803741455099 ], [ 16.135417938232401, 38.016803741455099 ], [ 16.135417938232401, 38.016635894775497 ], [ 16.135417938232401, 38.016529083251903 ], [ 16.135139465331999, 38.016529083251903 ], [ 16.135139465331999, 38.016250610351598 ], [ 16.134860992431602, 38.016250610351598 ], [ 16.134860992431602, 38.015693664550803 ], [ 16.1345825195312, 38.015693664550803 ], [ 16.1345825195312, 38.015415191650398 ], [ 16.1343078613282, 38.015415191650398 ], [ 16.1343078613282, 38.015140533447401 ], [ 16.134027481079102, 38.015140533447401 ], [ 16.134027481079102, 38.014583587646399 ], [ 16.1337509155275, 38.014583587646399 ], [ 16.1337509155275, 38.014305114746001 ], [ 16.133472442627099, 38.014305114746001 ], [ 16.133472442627099, 38.013748168945298 ], [ 16.133195877075298, 38.013748168945298 ], [ 16.133195877075298, 38.013195037841903 ], [ 16.132917404174901, 38.013195037841903 ], [ 16.132917404174901, 38.012916564941499 ], [ 16.132638931274499, 38.012916564941499 ], [ 16.132638931274499, 38.012359619140703 ], [ 16.132360458374102, 38.012359619140703 ], [ 16.132360458374102, 38.012084960937599 ], [ 16.132085800171001, 38.012084960937599 ], [ 16.132085800171001, 38.011528015136797 ], [ 16.1318054199219, 38.011528015136797 ], [ 16.1318054199219, 38.010971069336001 ], [ 16.131526947021602, 38.010971069336001 ], [ 16.131526947021602, 38.010417938232401 ], [ 16.131250381469801, 38.010417938232401 ], [ 16.131250381469801, 38.009860992431598 ], [ 16.130973815918001, 38.009860992431598 ], [ 16.130973815918001, 38.009304046630902 ], [ 16.130695343017599, 38.009304046630902 ], [ 16.130695343017599, 38.0087509155275 ], [ 16.130416870117202, 38.0087509155275 ], [ 16.130416870117202, 38.008193969726499 ], [ 16.1301383972169, 38.008193969726499 ], [ 16.1301383972169, 38.007637023925803 ], [ 16.129863739013601, 38.007637023925803 ], [ 16.129863739013601, 38.007083892822301 ], [ 16.129581451416101, 38.007083892822301 ], [ 16.129581451416101, 38.006526947021598 ], [ 16.1293048858643, 38.006526947021598 ], [ 16.1293048858643, 38.0062484741212 ], [ 16.1290283203125, 38.0062484741212 ], [ 16.1290283203125, 38.005973815917997 ], [ 16.128751754760899, 38.005973815917997 ], [ 16.128751754760899, 38.005416870117202 ], [ 16.128471374511701, 38.005416870117202 ], [ 16.128471374511701, 38.005138397216903 ], [ 16.128194808959901, 38.005138397216903 ], [ 16.128194808959901, 38.004859924316499 ], [ 16.127916336059499, 38.004859924316499 ], [ 16.127916336059499, 38.004306793212898 ], [ 16.127641677856499, 38.004306793212898 ], [ 16.127641677856499, 38.0040283203125 ], [ 16.1273593902588, 38.0040283203125 ], [ 16.1273593902588, 38.003749847412102 ], [ 16.127082824707099, 38.003749847412102 ], [ 16.127082824707099, 38.0031929016113 ], [ 16.126806259155401, 38.0031929016113 ], [ 16.126806259155401, 38.002918243408303 ], [ 16.126527786255, 38.002918243408303 ], [ 16.126527786255, 38.0023612976075 ], [ 16.126249313354599, 38.0023612976075 ], [ 16.126249313354599, 38.002082824707102 ], [ 16.125972747802798, 38.002082824707102 ], [ 16.125972747802798, 38.001529693603601 ], [ 16.125694274902401, 38.0015258789062 ], [ 16.125694274902401, 38.000694274902401 ], [ 16.125415802001999, 38.000694274902401 ], [ 16.125415802001999, 38.000396728515597 ], [ 16.125415802001999, 38.000137329101698 ], [ 16.125415802001999, 37.999862670898402 ], [ 16.125415802001999, 37.999584197997997 ], [ 16.125137329101701, 37.999584197997997 ], [ 16.125137329101701, 37.9984741210937 ], [ 16.124860763549901, 37.9984741210937 ], [ 16.124860763549901, 37.997928619384801 ], [ 16.124584197998001, 37.997917175292997 ], [ 16.124584197998001, 37.997638702392599 ], [ 16.124305725097699, 37.997638702392599 ], [ 16.124305725097699, 37.997081756591797 ], [ 16.124027252197301, 37.997081756591797 ], [ 16.124027252197301, 37.9963188171387 ], [ 16.123992919921999, 37.996250152587997 ], [ 16.123750686645501, 37.996250152587997 ], [ 16.123750686645501, 37.995971679687599 ], [ 16.123472213745099, 37.995971679687599 ], [ 16.123472213745099, 37.995693206787202 ], [ 16.123193740844702, 37.995693206787202 ], [ 16.123193740844702, 37.994861602783303 ], [ 16.122917175293001, 37.994861602783303 ], [ 16.122917175293001, 37.994167327881001 ], [ 16.122917175293001, 37.992637634277401 ], [ 16.122638702392599, 37.992637634277401 ], [ 16.122638702392599, 37.9920845031738 ], [ 16.122360229492202, 37.9920845031738 ], [ 16.122360229492202, 37.991527557372997 ], [ 16.122083663940401, 37.991527557372997 ], [ 16.122083663940401, 37.991249084472699 ], [ 16.12180519104, 37.991249084472699 ], [ 16.12180519104, 37.990970611572301 ], [ 16.121528625488398, 37.990970611572301 ], [ 16.121528625488398, 37.990417480468899 ], [ 16.121250152588001, 37.990417480468899 ], [ 16.121250152588001, 37.989860534668097 ], [ 16.120971679687599, 37.989860534668097 ], [ 16.120971679687599, 37.989582061767699 ], [ 16.120695114135799, 37.989582061767699 ], [ 16.120695114135799, 37.989307403564503 ], [ 16.120416641235501, 37.989307403564503 ], [ 16.120416641235501, 37.9887504577637 ], [ 16.120138168335099, 37.9887504577637 ], [ 16.120138168335099, 37.988193511962898 ], [ 16.119861602783299, 37.988193511962898 ], [ 16.119861602783299, 37.987915039062599 ], [ 16.119686126708999, 37.987915039062599 ], [ 16.119583129882901, 37.987915039062599 ], [ 16.119583129882901, 37.987716674804702 ], [ 16.119583129882901, 37.987361907958999 ], [ 16.119401931762798, 37.987361907958999 ], [ 16.1193046569825, 37.987361907958999 ], [ 16.1193046569825, 37.987174987793097 ], [ 16.1193046569825, 37.987083435058601 ], [ 16.1190280914307, 37.987083435058601 ], [ 16.1190280914307, 37.986640930175703 ], [ 16.1190280914307, 37.986526489257898 ], [ 16.118749618530298, 37.986526489257898 ], [ 16.118749618530298, 37.986251831054801 ], [ 16.1181945800781, 37.986251831054801 ], [ 16.1181945800781, 37.985416412353501 ], [ 16.117916107177699, 37.985416412353501 ], [ 16.117916107177699, 37.984859466552699 ], [ 16.117639541626001, 37.984859466552699 ], [ 16.117639541626001, 37.984584808349702 ], [ 16.1173610687256, 37.984584808349702 ], [ 16.1173610687256, 37.984306335449297 ], [ 16.1170845031738, 37.984306335449297 ], [ 16.1170845031738, 37.983470916748203 ], [ 16.116806030273398, 37.983470916748203 ], [ 16.116806030273398, 37.982990264892599 ], [ 16.116806030273398, 37.982917785644602 ], [ 16.116527557373001, 37.982917785644602 ], [ 16.116527557373001, 37.9823608398438 ], [ 16.116249084472699, 37.9823608398438 ], [ 16.116249084472699, 37.981624603271499 ], [ 16.116249084472699, 37.981250762939503 ], [ 16.115970611572301, 37.981250762939503 ], [ 16.115970611572301, 37.9806938171387 ], [ 16.1156921386719, 37.9806938171387 ], [ 16.1156921386719, 37.980415344238303 ], [ 16.115417480468899, 37.980415344238303 ], [ 16.115417480468899, 37.980140686035298 ], [ 16.1152439117432, 37.980140686035298 ], [ 16.115140914916999, 37.980140686035298 ], [ 16.115140914916999, 37.979988098144503 ], [ 16.115140914916999, 37.979305267333899 ], [ 16.1146774291993, 37.979305267333899 ], [ 16.114582061767699, 37.979305267333899 ], [ 16.114582061767699, 37.979167938232401 ], [ 16.114582061767699, 37.979026794433601 ], [ 16.114488601684599, 37.979026794433601 ], [ 16.114305496215898, 37.979026794433601 ], [ 16.114305496215898, 37.978759765625099 ], [ 16.114305496215898, 37.978195190429801 ], [ 16.114027023315501, 37.978195190429801 ], [ 16.114027023315501, 37.977359771728601 ], [ 16.113752365112301, 37.977359771728601 ], [ 16.113752365112301, 37.977085113525398 ], [ 16.113470077514801, 37.977085113525398 ], [ 16.113470077514801, 37.976806640625099 ], [ 16.113193511962901, 37.976806640625099 ], [ 16.113193511962901, 37.976528167724702 ], [ 16.1129169464112, 37.976528167724702 ], [ 16.1129169464112, 37.976249694824297 ], [ 16.112638473510799, 37.976249694824297 ], [ 16.112638473510799, 37.975971221923899 ], [ 16.112361907958999, 37.975971221923899 ], [ 16.112361907958999, 37.9758911132813 ], [ 16.112361907958999, 37.975692749023501 ], [ 16.112226486206101, 37.975692749023501 ], [ 16.112083435058601, 37.975692749023501 ], [ 16.112083435058601, 37.9754829406738 ], [ 16.112083435058601, 37.975139617919901 ], [ 16.1118049621582, 37.975139617919901 ], [ 16.1118049621582, 37.9743041992188 ], [ 16.111528396606399, 37.9743041992188 ], [ 16.111528396606399, 37.973751068115298 ], [ 16.1109714508057, 37.973751068115298 ], [ 16.1109714508057, 37.973472595215 ], [ 16.1106948852538, 37.973472595215 ], [ 16.1106948852538, 37.973194122314403 ], [ 16.110530853271499, 37.973194122314403 ], [ 16.110416412353501, 37.973194122314403 ], [ 16.110416412353501, 37.973026275634801 ], [ 16.110416412353501, 37.9726371765137 ], [ 16.110153198242202, 37.9726371765137 ], [ 16.109861373901499, 37.9726371765137 ], [ 16.109861373901499, 37.972206115722699 ], [ 16.109861373901499, 37.972084045410199 ], [ 16.109777450561602, 37.972084045410199 ], [ 16.109582901001101, 37.972084045410199 ], [ 16.109582901001101, 37.971805572509901 ], [ 16.1093063354493, 37.971805572509901 ], [ 16.1093063354493, 37.971389770507798 ], [ 16.1093063354493, 37.971248626709098 ], [ 16.109210968017699, 37.971248626709098 ], [ 16.109027862548899, 37.971248626709098 ], [ 16.109027862548899, 37.970977783203203 ], [ 16.109027862548899, 37.970695495605497 ], [ 16.1088352203369, 37.970695495605497 ], [ 16.108472824096701, 37.970695495605497 ], [ 16.108472824096701, 37.970417022705099 ], [ 16.1081943511963, 37.970417022705099 ], [ 16.1081943511963, 37.9697494506837 ], [ 16.1081943511963, 37.969581604003999 ], [ 16.108079910278299, 37.969581604003999 ], [ 16.107917785644599, 37.969581604003999 ], [ 16.107917785644599, 37.9693412780763 ], [ 16.107639312744201, 37.969306945800803 ], [ 16.107639312744201, 37.968929290771499 ], [ 16.107639312744201, 37.968471527099602 ], [ 16.1073608398438, 37.968471527099602 ], [ 16.1073608398438, 37.9679183959962 ], [ 16.107084274291999, 37.9679183959962 ], [ 16.107082366943398, 37.967361450195398 ], [ 16.106805801391602, 37.967361450195398 ], [ 16.106805801391602, 37.967082977295 ], [ 16.1065273284913, 37.967082977295 ], [ 16.1065273284913, 37.966526031494098 ], [ 16.105972290039102, 37.966526031494098 ], [ 16.105972290039102, 37.965972900390703 ], [ 16.105695724487202, 37.965972900390703 ], [ 16.105695724487202, 37.965694427490298 ], [ 16.105138778686499, 37.965694427490298 ], [ 16.105138778686499, 37.965137481689602 ], [ 16.104860305786101, 37.965137481689602 ], [ 16.104860305786101, 37.9648628234863 ], [ 16.1045856475831, 37.9648628234863 ], [ 16.1045856475831, 37.964305877685597 ], [ 16.104305267333899, 37.964305877685597 ], [ 16.104305267333899, 37.964027404785199 ], [ 16.1037502288819, 37.964027404785199 ], [ 16.1037502288819, 37.963748931884801 ], [ 16.103147506713899, 37.963748931884801 ], [ 16.1029167175294, 37.963748931884801 ], [ 16.1029167175294, 37.963485717773501 ], [ 16.1029167175294, 37.9631958007812 ], [ 16.102638244628999, 37.9631958007812 ], [ 16.102638244628999, 37.962917327880902 ], [ 16.102363586425799, 37.962917327880902 ], [ 16.102363586425799, 37.962081909179702 ], [ 16.1020812988282, 37.962081909179702 ], [ 16.1020812988282, 37.9615287780763 ], [ 16.101804733276399, 37.9615287780763 ], [ 16.101804733276399, 37.961250305175902 ], [ 16.101528167724702, 37.961250305175902 ], [ 16.101528167724702, 37.960971832275497 ], [ 16.1012496948243, 37.960971832275497 ], [ 16.1012496948243, 37.960414886474503 ], [ 16.100971221923899, 37.960414886474503 ], [ 16.100971221923899, 37.9598617553712 ], [ 16.100416183471701, 37.9598617553712 ], [ 16.100416183471701, 37.959583282470803 ], [ 16.1001415252687, 37.959583282470803 ], [ 16.1001415252687, 37.959304809570398 ], [ 16.099859237671001, 37.959304809570398 ], [ 16.099859237671001, 37.958751678466797 ], [ 16.099582672119102, 37.958751678466797 ], [ 16.099582672119102, 37.958473205566399 ], [ 16.099306106567301, 37.958473205566399 ], [ 16.099306106567301, 37.958194732666001 ], [ 16.099027633666999, 37.958194732666001 ], [ 16.099027633666999, 37.957916259765703 ], [ 16.098749160766602, 37.957916259765703 ], [ 16.098749160766602, 37.957637786865298 ], [ 16.098472595215, 37.957637786865298 ], [ 16.098472595215, 37.957359313964901 ], [ 16.0981941223144, 37.957359313964901 ], [ 16.0981941223144, 37.957084655761697 ], [ 16.097917556762798, 37.957084655761697 ], [ 16.097917556762798, 37.9568061828613 ], [ 16.097637176513601, 37.9568061828613 ], [ 16.097637176513601, 37.956527709960902 ], [ 16.097360610961999, 37.956527709960902 ], [ 16.097360610961999, 37.956249237060497 ], [ 16.096805572509801, 37.956249237060497 ], [ 16.096805572509801, 37.955970764160099 ], [ 16.096250534057699, 37.955970764160099 ], [ 16.096250534057699, 37.955696105957102 ], [ 16.095972061157301, 37.955696105957102 ], [ 16.095972061157301, 37.955417633056797 ], [ 16.0955333709718, 37.955417633056797 ], [ 16.095138549804702, 37.955417633056797 ], [ 16.095138549804702, 37.955020904541101 ], [ 16.095138549804702, 37.954582214355597 ], [ 16.094861984252901, 37.954582214355597 ], [ 16.094861984252901, 37.954303741455199 ], [ 16.0945835113525, 37.954303741455199 ], [ 16.0945835113525, 37.954029083252003 ], [ 16.094306945800799, 37.954029083252003 ], [ 16.094306945800799, 37.953750610351598 ], [ 16.094028472900401, 37.953750610351598 ], [ 16.094028472900401, 37.9534721374512 ], [ 16.09375, 37.9534721374512 ], [ 16.09375, 37.953193664550803 ], [ 16.093471527099599, 37.953193664550803 ], [ 16.093471527099599, 37.952915191650398 ], [ 16.093036651611399, 37.952915191650398 ], [ 16.092916488647401, 37.952915191650398 ], [ 16.092916488647401, 37.952793121337798 ], [ 16.092916488647401, 37.952640533447301 ], [ 16.092760086059702, 37.952640533447301 ], [ 16.092638015747099, 37.952640533447301 ], [ 16.092638015747099, 37.9525146484375 ], [ 16.092638015747099, 37.952362060546903 ], [ 16.092483520507901, 37.952362060546903 ], [ 16.092361450195401, 37.952362060546903 ], [ 16.092361450195401, 37.952239990234403 ], [ 16.092361450195401, 37.952083587646499 ], [ 16.092206954956101, 37.952083587646499 ], [ 16.092084884643601, 37.952083587646499 ], [ 16.092084884643601, 37.951961517333999 ], [ 16.092084884643601, 37.951805114746101 ], [ 16.0919284820557, 37.951805114746101 ], [ 16.091527938842901, 37.951805114746101 ], [ 16.091527938842901, 37.951526641845803 ], [ 16.0912494659425, 37.951526641845803 ], [ 16.0912494659425, 37.951248168945398 ], [ 16.0909748077393, 37.951248168945398 ], [ 16.0909748077393, 37.950973510742102 ], [ 16.090694427490298, 37.950973510742102 ], [ 16.090694427490298, 37.950565338134801 ], [ 16.090694427490298, 37.950416564941399 ], [ 16.090541839599702, 37.950416564941399 ], [ 16.0904140472413, 37.950416564941399 ], [ 16.0904140472413, 37.950290679931797 ], [ 16.0904140472413, 37.950138092041001 ], [ 16.090265274047901, 37.950138092041001 ], [ 16.0901393890381, 37.950138092041001 ], [ 16.0901393890381, 37.950012207031399 ], [ 16.0901393890381, 37.949584960937599 ], [ 16.0898628234863, 37.949584960937599 ], [ 16.0898628234863, 37.949306488037202 ], [ 16.0895805358888, 37.949306488037202 ], [ 16.0895805358888, 37.949028015136797 ], [ 16.089305877685501, 37.949028015136797 ], [ 16.089305877685501, 37.948471069336001 ], [ 16.089027404785199, 37.948471069336001 ], [ 16.089027404785199, 37.9479179382325 ], [ 16.088752746581999, 37.9479179382325 ], [ 16.088752746581999, 37.947639465332102 ], [ 16.0884704589844, 37.947639465332102 ], [ 16.0884704589844, 37.947360992431697 ], [ 16.088193893432599, 37.947360992431697 ], [ 16.088193893432599, 37.9470825195313 ], [ 16.087917327880898, 37.9470825195313 ], [ 16.087917327880898, 37.946804046630902 ], [ 16.087640762329201, 37.946804046630902 ], [ 16.087640762329201, 37.946529388427699 ], [ 16.087360382080099, 37.946529388427699 ], [ 16.087360382080099, 37.946250915527301 ], [ 16.087083816528299, 37.946250915527301 ], [ 16.087083816528299, 37.945972442627003 ], [ 16.086805343627901, 37.945972442627003 ], [ 16.086805343627901, 37.945693969726598 ], [ 16.0865268707275, 37.945693969726598 ], [ 16.0865268707275, 37.9454154968262 ], [ 16.085971832275501, 37.9454154968262 ], [ 16.085971832275501, 37.945137023925803 ], [ 16.0856952667237, 37.945137023925803 ], [ 16.0856952667237, 37.944862365722798 ], [ 16.085416793823399, 37.944862365722798 ], [ 16.085416793823399, 37.944583892822202 ], [ 16.085138320923001, 37.944583892822202 ], [ 16.085138320923001, 37.944305419921797 ], [ 16.0848617553712, 37.944305419921797 ], [ 16.0848617553712, 37.944026947021499 ], [ 16.084583282470799, 37.944026947021499 ], [ 16.084583282470799, 37.943748474121101 ], [ 16.084304809570401, 37.943748474121101 ], [ 16.084304809570401, 37.943473815917997 ], [ 16.084028244018601, 37.943473815917997 ], [ 16.084028244018601, 37.943195343017699 ], [ 16.0837497711182, 37.943195343017699 ], [ 16.0837497711182, 37.942916870117301 ], [ 16.083471298217798, 37.942916870117301 ], [ 16.083471298217798, 37.942638397216903 ], [ 16.083194732666001, 37.942638397216903 ], [ 16.083194732666001, 37.942359924316499 ], [ 16.0829162597656, 37.942359924316499 ], [ 16.0829162597656, 37.942085266113303 ], [ 16.082639694213899, 37.942081451416101 ], [ 16.082639694213899, 37.941806793212898 ], [ 16.082361221313501, 37.941806793212898 ], [ 16.082361221313501, 37.941528320312599 ], [ 16.0820827484131, 37.941528320312599 ], [ 16.0820827484131, 37.941249847412202 ], [ 16.0818061828613, 37.941249847412202 ], [ 16.0818061828613, 37.940971374511797 ], [ 16.081249237060501, 37.940971374511797 ], [ 16.081249237060501, 37.940692901611399 ], [ 16.080972671508899, 37.940692901611399 ], [ 16.080972671508899, 37.940418243408203 ], [ 16.080694198608299, 37.940418243408203 ], [ 16.080694198608299, 37.940139770507798 ], [ 16.080415725708001, 37.940139770507798 ], [ 16.080415725708001, 37.939861297607401 ], [ 16.079860687256001, 37.939861297607401 ], [ 16.079860687256001, 37.939582824707003 ], [ 16.079584121704201, 37.939582824707003 ], [ 16.079584121704201, 37.939304351806598 ], [ 16.0793056488038, 37.939304351806598 ], [ 16.0793056488038, 37.939029693603601 ], [ 16.079027175903398, 37.9390258789062 ], [ 16.079027175903398, 37.938751220703203 ], [ 16.078750610351602, 37.938751220703203 ], [ 16.078750610351602, 37.938194274902301 ], [ 16.0781955718994, 37.938194274902301 ], [ 16.0781955718994, 37.937915802001903 ], [ 16.077917098999102, 37.937915802001903 ], [ 16.077917098999102, 37.937637329101598 ], [ 16.0773620605469, 37.937637329101598 ], [ 16.077360153198299, 37.937362670898501 ], [ 16.077083587646499, 37.937362670898501 ], [ 16.077083587646499, 37.937084197998097 ], [ 16.0765285491943, 37.937084197998097 ], [ 16.0765285491943, 37.936805725097798 ], [ 16.076250076293899, 37.936805725097798 ], [ 16.076250076293899, 37.936248779297003 ], [ 16.075973510742099, 37.936248779297003 ], [ 16.075973510742099, 37.9359741210938 ], [ 16.0754165649413, 37.9359741210938 ], [ 16.0754165649413, 37.935695648193402 ], [ 16.0748596191406, 37.935695648193402 ], [ 16.0748596191406, 37.935417175292997 ], [ 16.074306488037202, 37.935417175292997 ], [ 16.074304580688398, 37.935138702392599 ], [ 16.074029922485401, 37.935138702392599 ], [ 16.074029922485401, 37.934860229492202 ], [ 16.073749542236399, 37.934860229492202 ], [ 16.073749542236399, 37.934581756591797 ], [ 16.073471069336001, 37.934581756591797 ], [ 16.073471069336001, 37.9343070983887 ], [ 16.073194503784201, 37.9343070983887 ], [ 16.073194503784201, 37.934028625488303 ], [ 16.0729160308838, 37.934028625488303 ], [ 16.0729160308838, 37.9334716796875 ], [ 16.0726413726807, 37.9334716796875 ], [ 16.0726413726807, 37.933193206787102 ], [ 16.0720825195313, 37.933193206787102 ], [ 16.0720825195313, 37.932918548584098 ], [ 16.071805953979499, 37.932918548584098 ], [ 16.071805953979499, 37.9326400756837 ], [ 16.071250915527301, 37.9326400756837 ], [ 16.071250915527301, 37.932361602783303 ], [ 16.070972442626999, 37.932361602783303 ], [ 16.070972442626999, 37.932083129882898 ], [ 16.070693969726602, 37.932083129882898 ], [ 16.070693969726602, 37.931804656982401 ], [ 16.070417404174801, 37.931804656982401 ], [ 16.070417404174801, 37.931526184082003 ], [ 16.0701389312744, 37.931526184082003 ], [ 16.0701389312744, 37.931251525878999 ], [ 16.069860458373999, 37.931251525878999 ], [ 16.069860458373999, 37.930973052978601 ], [ 16.069583892822202, 37.930973052978601 ], [ 16.069583892822202, 37.930694580078203 ], [ 16.0693054199218, 37.930694580078203 ], [ 16.0693054199218, 37.930416107177798 ], [ 16.069028854370199, 37.930416107177798 ], [ 16.069028854370199, 37.9301376342775 ], [ 16.0684719085694, 37.9301376342775 ], [ 16.0684719085694, 37.929862976074197 ], [ 16.068195343017599, 37.929862976074197 ], [ 16.068195343017599, 37.9295845031738 ], [ 16.067916870117301, 37.9295845031738 ], [ 16.067916870117301, 37.929306030273501 ], [ 16.0676383972169, 37.929306030273501 ], [ 16.0676383972169, 37.929027557373097 ], [ 16.067361831665099, 37.929027557373097 ], [ 16.067361831665099, 37.928749084472699 ], [ 16.067083358764702, 37.928749084472699 ], [ 16.067083358764702, 37.928195953369098 ], [ 16.066806793212901, 37.928195953369098 ], [ 16.066806793212901, 37.9279174804688 ], [ 16.066528320312599, 37.9279174804688 ], [ 16.066528320312599, 37.927639007568402 ], [ 16.0659713745118, 37.927639007568402 ], [ 16.0659713745118, 37.927082061767599 ], [ 16.06569480896, 37.927082061767599 ], [ 16.06569480896, 37.926807403564602 ], [ 16.065416336059599, 37.926807403564602 ], [ 16.065416336059599, 37.926429748535199 ], [ 16.065416336059599, 37.9262504577638 ], [ 16.064861297607401, 37.9262504577638 ], [ 16.064861297607401, 37.925415039062401 ], [ 16.0645847320556, 37.925415039062401 ], [ 16.0645847320556, 37.924861907958999 ], [ 16.064306259155199, 37.924861907958999 ], [ 16.064306259155199, 37.9245834350587 ], [ 16.063749313354499, 37.9245834350587 ], [ 16.063749313354499, 37.924304962158303 ], [ 16.063474655151399, 37.924304962158303 ], [ 16.063474655151399, 37.924026489257898 ], [ 16.05930519104, 37.924026489257898 ], [ 16.05930519104, 37.923751831054702 ], [ 16.057638168335, 37.923751831054702 ], [ 16.057638168335, 37.923473358154297 ], [ 16.056526184081999, 37.923473358154297 ], [ 16.056526184081999, 37.923751831054702 ], [ 16.054307937622099, 37.923751831054702 ], [ 16.054307937622099, 37.923473358154297 ], [ 16.052360534668001, 37.923473358154297 ], [ 16.052360534668001, 37.923194885253899 ], [ 16.048751831054702, 37.923194885253899 ], [ 16.048751831054702, 37.922916412353601 ], [ 16.0484733581543, 37.922916412353601 ], [ 16.0484733581543, 37.922637939453203 ], [ 16.048194885253899, 37.922637939453203 ], [ 16.048194885253899, 37.922359466552798 ], [ 16.0476379394532, 37.922359466552798 ], [ 16.0476379394532, 37.922084808349602 ], [ 16.047359466552798, 37.922084808349602 ], [ 16.047359466552798, 37.921806335449197 ], [ 16.046806335449201, 37.921806335449197 ], [ 16.046806335449201, 37.9215278625488 ], [ 16.0465278625488, 37.9215278625488 ], [ 16.0465278625488, 37.921249389648402 ], [ 16.046249389648398, 37.921249389648402 ], [ 16.046249389648398, 37.920970916747997 ], [ 16.0459728240968, 37.920970916747997 ], [ 16.0459728240968, 37.920528411865298 ], [ 16.0459728240968, 37.920417785644602 ], [ 16.044305801391701, 37.920417785644602 ], [ 16.044305801391701, 37.920139312744297 ], [ 16.0431938171387, 37.920139312744297 ], [ 16.0431938171387, 37.920417785644602 ], [ 16.0420837402344, 37.920417785644602 ], [ 16.0420837402344, 37.920581817627003 ], [ 16.0420837402344, 37.920696258545 ], [ 16.041805267333999, 37.920696258545 ], [ 16.041805267333999, 37.920970916747997 ], [ 16.041528701782202, 37.920970916747997 ], [ 16.041528701782202, 37.921249389648402 ], [ 16.0412502288818, 37.921249389648402 ], [ 16.0412502288818, 37.9215278625488 ], [ 16.040971755981399, 37.9215278625488 ], [ 16.040971755981399, 37.921806335449197 ], [ 16.040695190429599, 37.921806335449197 ], [ 16.040695190429599, 37.922084808349602 ], [ 16.040416717529201, 37.922084808349602 ], [ 16.040416717529201, 37.922359466552798 ], [ 16.039861679077301, 37.922359466552798 ], [ 16.039861679077301, 37.922637939453203 ], [ 16.0395832061769, 37.922637939453203 ], [ 16.0395832061769, 37.922916412353601 ], [ 16.039028167724702, 37.922916412353601 ], [ 16.039028167724702, 37.923194885253899 ], [ 16.03763961792, 37.923194885253899 ], [ 16.03763961792, 37.923473358154297 ], [ 16.036527633666999, 37.923473358154297 ], [ 16.036527633666999, 37.923751831054702 ], [ 16.034305572509702, 37.923751831054702 ], [ 16.034305572509702, 37.923473358154297 ], [ 16.033470153808601, 37.923473358154297 ], [ 16.033470153808601, 37.923194885253899 ], [ 16.032917022705199, 37.923194885253899 ], [ 16.032917022705199, 37.922916412353601 ], [ 16.032083511352599, 37.922916412353601 ], [ 16.032083511352599, 37.922637939453203 ], [ 16.030971527099702, 37.922637939453203 ], [ 16.030971527099702, 37.922359466552798 ], [ 16.029861450195298, 37.922359466552798 ], [ 16.029861450195298, 37.922084808349602 ], [ 16.029027938842798, 37.922084808349602 ], [ 16.029027938842798, 37.922359466552798 ], [ 16.028749465942401, 37.922359466552798 ], [ 16.028749465942401, 37.922637939453203 ], [ 16.0268058776856, 37.922637939453203 ], [ 16.0268058776856, 37.922916412353601 ], [ 16.0259723663331, 37.922916412353601 ], [ 16.0259723663331, 37.922637939453203 ], [ 16.020694732666101, 37.922637939453203 ], [ 16.020694732666101, 37.922359466552798 ], [ 16.0195827484131, 37.922359466552798 ], [ 16.0195827484131, 37.922084808349602 ], [ 16.0184726715088, 37.922084808349602 ], [ 16.0184726715088, 37.921806335449197 ], [ 16.017637252807599, 37.921806335449197 ], [ 16.017637252807599, 37.9215278625488 ], [ 16.015693664550898, 37.9215278625488 ], [ 16.015693664550898, 37.921249389648402 ], [ 16.0151386260987, 37.921249389648402 ], [ 16.0151386260987, 37.920970916747997 ], [ 16.013750076293999, 37.920970916747997 ], [ 16.013750076293999, 37.920417785644602 ], [ 16.013196945190401, 37.920417785644602 ], [ 16.013196945190401, 37.920139312744297 ], [ 16.0123615264893, 37.920139312744297 ], [ 16.0123615264893, 37.919860839843899 ], [ 16.011528015136701, 37.919860839843899 ], [ 16.011528015136701, 37.919582366943501 ], [ 16.010974884033299, 37.919582366943501 ], [ 16.010974884033299, 37.919303894043097 ], [ 16.010694503784102, 37.919303894043097 ], [ 16.010694503784102, 37.919582366943501 ], [ 16.0104160308837, 37.919582366943501 ], [ 16.0104160308837, 37.919303894043097 ], [ 16.009580612182599, 37.919303894043097 ], [ 16.009580612182599, 37.919029235839901 ], [ 16.008752822876001, 37.919029235839901 ], [ 16.008752822876001, 37.918750762939503 ], [ 16.0068054199219, 37.918750762939503 ], [ 16.0068054199219, 37.918472290039098 ], [ 16.006526947021499, 37.918472290039098 ], [ 16.006526947021499, 37.9181938171387 ], [ 16.005416870117099, 37.9181938171387 ], [ 16.005416870117099, 37.917915344238303 ], [ 16.004583358764801, 37.917915344238303 ], [ 16.004583358764801, 37.917640686035199 ], [ 16.0034713745118, 37.917640686035199 ], [ 16.0034713745118, 37.917362213134801 ], [ 16.0023612976075, 37.917362213134801 ], [ 16.0023612976075, 37.917083740234403 ], [ 16.002082824707099, 37.917083740234403 ], [ 16.002082824707099, 37.916805267333999 ], [ 16.001527786254901, 37.916805267333999 ], [ 16.001527786254901, 37.9165267944337 ], [ 16.001249313354499, 37.9165267944337 ], [ 16.001249313354499, 37.916248321533303 ], [ 15.999860763549799, 37.916248321533303 ], [ 15.999304771423301, 37.916248321533303 ], [ 15.999304771423301, 37.91597366333 ], [ 15.999029159546, 37.91597366333 ], [ 15.999029159546, 37.915695190429602 ], [ 15.998473167419499, 37.915695190429602 ], [ 15.998473167419499, 37.915416717529297 ], [ 15.9979171752931, 37.915416717529297 ], [ 15.9979171752931, 37.915695190429602 ], [ 15.9959726333619, 37.915695190429602 ], [ 15.9959726333619, 37.91597366333 ], [ 15.9954166412354, 37.91597366333 ], [ 15.9954166412354, 37.916248321533303 ], [ 15.9951391220093, 37.916248321533303 ], [ 15.9951391220093, 37.9165267944337 ], [ 15.9948625564575, 37.9165267944337 ], [ 15.994859695434601, 37.916805267333999 ], [ 15.9945821762085, 37.916805267333999 ], [ 15.9945821762085, 37.917083740234403 ], [ 15.993750572204499, 37.917083740234403 ], [ 15.993750572204499, 37.917362213134801 ], [ 15.992083549499601, 37.917362213134801 ], [ 15.992083549499601, 37.917640686035199 ], [ 15.9918060302735, 37.917640686035199 ], [ 15.991804122924901, 37.917362213134801 ], [ 15.9915275573732, 37.917362213134801 ], [ 15.9915275573732, 37.917640686035199 ], [ 15.989306449890099, 37.917640686035199 ], [ 15.989306449890099, 37.917915344238303 ], [ 15.986805915832599, 37.917915344238303 ], [ 15.986805915832599, 37.917640686035199 ], [ 15.9862499237062, 37.917640686035199 ], [ 15.9862499237062, 37.917362213134801 ], [ 15.985972404480099, 37.917362213134801 ], [ 15.985972404480099, 37.917083740234403 ], [ 15.9851398468018, 37.917083740234403 ], [ 15.9851398468018, 37.917362213134801 ], [ 15.9848623275757, 37.917362213134801 ], [ 15.9848623275757, 37.917083740234403 ], [ 15.984027862548899, 37.917083740234403 ], [ 15.984027862548899, 37.916805267333999 ], [ 15.9837503433228, 37.916805267333999 ], [ 15.9837503433228, 37.917083740234403 ], [ 15.980695724487401, 37.917083740234403 ], [ 15.980695724487401, 37.917362213134801 ], [ 15.979861259460501, 37.917362213134801 ], [ 15.979861259460501, 37.917640686035199 ], [ 15.979582786560201, 37.917640686035199 ], [ 15.979582786560201, 37.917915344238303 ], [ 15.979305267334, 37.917915344238303 ], [ 15.979305267334, 37.9181938171387 ], [ 15.9790267944337, 37.9181938171387 ], [ 15.9790267944337, 37.918472290039098 ], [ 15.978193283081101, 37.918472290039098 ], [ 15.978193283081101, 37.918750762939503 ], [ 15.9773607254028, 37.918750762939503 ], [ 15.9773511886597, 37.919029235839901 ], [ 15.9731950759888, 37.919029235839901 ], [ 15.9731950759888, 37.918750762939503 ], [ 15.9729166030884, 37.918750762939503 ], [ 15.9729166030884, 37.919029235839901 ], [ 15.971529006958001, 37.919029235839901 ], [ 15.971529006958001, 37.919303894043097 ], [ 15.9709730148315, 37.919303894043097 ], [ 15.9709730148315, 37.919029235839901 ], [ 15.9670820236207, 37.919029235839901 ], [ 15.9670820236207, 37.919303894043097 ], [ 15.9668073654175, 37.919303894043097 ], [ 15.9668073654175, 37.919029235839901 ], [ 15.965415954589799, 37.919029235839901 ], [ 15.965415954589799, 37.919303894043097 ], [ 15.9648599624634, 37.919303894043097 ], [ 15.9648599624634, 37.919582366943501 ], [ 15.9634723663331, 37.919582366943501 ], [ 15.9634723663331, 37.919303894043097 ], [ 15.9593057632446, 37.919303894043097 ], [ 15.9593057632446, 37.919029235839901 ], [ 15.959028244018601, 37.919029235839901 ], [ 15.959028244018601, 37.919303894043097 ], [ 15.958472251891999, 37.919303894043097 ], [ 15.958472251891999, 37.919582366943501 ], [ 15.958193778991699, 37.919582366943501 ], [ 15.958193778991699, 37.919860839843899 ], [ 15.955971717834499, 37.919860839843899 ], [ 15.955971717834499, 37.920139312744297 ], [ 15.954861640930201, 37.920139312744297 ], [ 15.954861640930201, 37.920417785644602 ], [ 15.9534711837769, 37.920417785644602 ], [ 15.9534711837769, 37.920696258545 ], [ 15.9531955718994, 37.920696258545 ], [ 15.9531955718994, 37.920970916747997 ], [ 15.9523611068725, 37.920970916747997 ], [ 15.9523611068725, 37.921249389648402 ], [ 15.951805114746, 37.921249389648402 ], [ 15.951805114746, 37.9215278625488 ], [ 15.9512491226197, 37.9215278625488 ], [ 15.9512491226197, 37.921806335449197 ], [ 15.950693130493301, 37.921806335449197 ], [ 15.950693130493301, 37.922084808349602 ], [ 15.9504165649415, 37.922084808349602 ], [ 15.9504165649415, 37.922359466552798 ], [ 15.9501390457154, 37.922359466552798 ], [ 15.9501390457154, 37.922637939453203 ], [ 15.949860572815, 37.922637939453203 ], [ 15.949860572815, 37.922916412353601 ], [ 15.9493045806885, 37.922916412353601 ], [ 15.9493045806885, 37.923194885253899 ], [ 15.948471069336, 37.923194885253899 ], [ 15.948471069336, 37.923473358154297 ], [ 15.9470834732056, 37.923473358154297 ], [ 15.9470834732056, 37.923751831054702 ], [ 15.945694923401, 37.923751831054702 ], [ 15.945694923401, 37.924026489257898 ], [ 15.9445829391481, 37.924026489257898 ], [ 15.9445829391481, 37.924304962158303 ], [ 15.944028854370201, 37.924304962158303 ], [ 15.944028854370201, 37.924026489257898 ], [ 15.9434728622437, 37.924026489257898 ], [ 15.9434728622437, 37.924304962158303 ], [ 15.9418067932128, 37.924304962158303 ], [ 15.9418067932128, 37.9245834350587 ], [ 15.940973281860501, 37.9245834350587 ], [ 15.940973281860501, 37.924861907958999 ], [ 15.940416336059499, 37.924861907958999 ], [ 15.940416336059499, 37.9245834350587 ], [ 15.939860343933001, 37.9245834350587 ], [ 15.939860343933001, 37.924304962158303 ], [ 15.937359809875501, 37.924304962158303 ], [ 15.937359809875501, 37.9245834350587 ], [ 15.935890197754, 37.9245834350587 ], [ 15.935137748718301, 37.9245834350587 ], [ 15.935137748718301, 37.924861907958999 ], [ 15.9348621368409, 37.924873352050803 ], [ 15.9348621368409, 37.925415039062401 ], [ 15.935137748718301, 37.925415039062401 ], [ 15.935137748718301, 37.925693511962997 ], [ 15.9348621368409, 37.925693511962997 ], [ 15.9348621368409, 37.926807403564602 ], [ 15.934583663940501, 37.926807403564602 ], [ 15.934583663940501, 37.927082061767599 ], [ 15.9340276718141, 37.927082061767599 ], [ 15.9340276718141, 37.927360534667997 ], [ 15.933471679687599, 37.927360534667997 ], [ 15.933471679687599, 37.927639007568402 ], [ 15.932915687561101, 37.927639007568402 ], [ 15.932915687561101, 37.9279174804688 ], [ 15.9320840835572, 37.9279174804688 ], [ 15.9320840835572, 37.928195953369098 ], [ 15.9315280914307, 37.928195953369098 ], [ 15.9315280914307, 37.928470611572301 ], [ 15.929862022399799, 37.928470611572301 ], [ 15.929862022399799, 37.928749084472699 ], [ 15.928193092346101, 37.928749084472699 ], [ 15.928193092346101, 37.928470611572301 ], [ 15.926248550415201, 37.928470611572301 ], [ 15.926248550415201, 37.928749084472699 ], [ 15.925139427185099, 37.928749084472699 ], [ 15.925139427185099, 37.929027557373097 ], [ 15.9243049621582, 37.929027557373097 ], [ 15.9243049621582, 37.929306030273501 ], [ 15.9229173660279, 37.929306030273501 ], [ 15.9229173660279, 37.9295845031738 ], [ 15.921251296997101, 37.9295845031738 ], [ 15.921251296997101, 37.929306030273501 ], [ 15.9209709167482, 37.929306030273501 ], [ 15.9209709167482, 37.9295845031738 ], [ 15.919583320617701, 37.9295845031738 ], [ 15.919583320617701, 37.929306030273501 ], [ 15.916528701782299, 37.929306030273501 ], [ 15.916528701782299, 37.929027557373097 ], [ 15.9154167175294, 37.929027557373097 ], [ 15.9154167175294, 37.928749084472699 ], [ 15.9148607254029, 37.928749084472699 ], [ 15.9148607254029, 37.929027557373097 ], [ 15.914306640625, 37.929027557373097 ], [ 15.914306640625, 37.928749084472699 ], [ 15.912916183471699, 37.928749084472699 ], [ 15.912916183471699, 37.928470611572301 ], [ 15.912360191345201, 37.928470611572301 ], [ 15.912360191345201, 37.928195953369098 ], [ 15.9101381301881, 37.928195953369098 ], [ 15.9101381301881, 37.9279174804688 ], [ 15.9065284729004, 37.9279174804688 ], [ 15.9065284729004, 37.927639007568402 ], [ 15.9048624038697, 37.927639007568402 ], [ 15.9048624038697, 37.927360534667997 ], [ 15.902640342712401, 37.927360534667997 ], [ 15.9026384353638, 37.927639007568402 ], [ 15.902361869811999, 37.927639007568402 ], [ 15.902361869811999, 37.927360534667997 ], [ 15.901528358459499, 37.927360534667997 ], [ 15.901528358459499, 37.927082061767599 ], [ 15.9009714126587, 37.927082061767599 ], [ 15.9009714126587, 37.927360534667997 ], [ 15.899305343627899, 37.927360534667997 ], [ 15.899305343627899, 37.927082061767599 ], [ 15.898908615112401, 37.927082061767599 ], [ 15.898470878601, 37.927082061767599 ], [ 15.898470878601, 37.926807403564602 ], [ 15.8976392745972, 37.926807403564602 ], [ 15.8976392745972, 37.927082061767599 ], [ 15.895694732666, 37.927082061767599 ], [ 15.895694732666, 37.926807403564602 ], [ 15.895138740539499, 37.926807403564602 ], [ 15.895138740539499, 37.927082061767599 ], [ 15.8945827484131, 37.927082061767599 ], [ 15.8945827484131, 37.927360534667997 ], [ 15.894305229186999, 37.927360534667997 ], [ 15.894305229186999, 37.927639007568402 ], [ 15.893472671508899, 37.927639007568402 ], [ 15.893470764160201, 37.927360534667997 ], [ 15.890973091125501, 37.927360534667997 ], [ 15.890973091125501, 37.927082061767599 ], [ 15.890694618225201, 37.927082061767599 ], [ 15.890694618225201, 37.926807403564602 ], [ 15.890417098999, 37.926807403564602 ], [ 15.890417098999, 37.926528930664198 ], [ 15.887082099914499, 37.926528930664198 ], [ 15.887082099914499, 37.9262504577638 ], [ 15.886251449585, 37.9262504577638 ], [ 15.886251449585, 37.926528930664198 ], [ 15.8854160308838, 37.926528930664198 ], [ 15.8854160308838, 37.926807403564602 ], [ 15.884860038757401, 37.926807403564602 ], [ 15.884860038757401, 37.927082061767599 ], [ 15.8840284347534, 37.927082061767599 ], [ 15.8840284347534, 37.927360534667997 ], [ 15.8823623657228, 37.927360534667997 ], [ 15.8823623657228, 37.927639007568402 ], [ 15.882081985473601, 37.927639007568402 ], [ 15.882081985473601, 37.927757263183601 ], [ 15.882081985473601, 37.9279174804688 ], [ 15.8818063735963, 37.9279174804688 ], [ 15.8818063735963, 37.927722930908303 ], [ 15.8818063735963, 37.927639007568402 ], [ 15.881100654602101, 37.927639007568402 ], [ 15.8798599243165, 37.927639007568402 ], [ 15.8798599243165, 37.927490234375099 ], [ 15.8798599243165, 37.927360534667997 ], [ 15.878790855407701, 37.927360534667997 ], [ 15.877362251281699, 37.927360534667997 ], [ 15.877362251281699, 37.927188873291101 ], [ 15.877362251281699, 37.927082061767599 ], [ 15.876806259155201, 37.927082061767599 ], [ 15.876806259155201, 37.926807403564602 ], [ 15.876527786254799, 37.926807403564602 ], [ 15.876527786254799, 37.926528930664198 ], [ 15.8762502670288, 37.926528930664198 ], [ 15.8762502670288, 37.925971984863402 ], [ 15.8754177093507, 37.925971984863402 ], [ 15.8754177093507, 37.9262504577638 ], [ 15.8734712600709, 37.9262504577638 ], [ 15.8734712600709, 37.925971984863402 ], [ 15.8729152679444, 37.925971984863402 ], [ 15.8729152679444, 37.925693511962997 ], [ 15.8726396560669, 37.925693511962997 ], [ 15.8726396560669, 37.925415039062401 ], [ 15.87180519104, 37.925415039062401 ], [ 15.87180519104, 37.925140380859403 ], [ 15.8701391220094, 37.925140380859403 ], [ 15.8701391220094, 37.925415039062401 ], [ 15.868748664856099, 37.925415039062401 ], [ 15.868748664856099, 37.925140380859403 ], [ 15.8681945800782, 37.925140380859403 ], [ 15.8681945800782, 37.924861907958999 ], [ 15.867917060852101, 37.924861907958999 ], [ 15.867917060852101, 37.9245834350587 ], [ 15.8670825958253, 37.9245834350587 ], [ 15.8670825958253, 37.924861907958999 ], [ 15.8662509918213, 37.924861907958999 ], [ 15.8662509918213, 37.9245834350587 ], [ 15.863751411438001, 37.9245834350587 ], [ 15.863748550415, 37.924304962158303 ], [ 15.8631954193116, 37.924304962158303 ], [ 15.8631954193116, 37.924026489257898 ], [ 15.8629169464112, 37.924026489257898 ], [ 15.8629169464112, 37.923751831054702 ], [ 15.8601379394531, 37.923751831054702 ], [ 15.8601379394531, 37.923473358154297 ], [ 15.859860420227101, 37.923473358154297 ], [ 15.859860420227101, 37.923751831054702 ], [ 15.8593044281006, 37.923751831054702 ], [ 15.8593044281006, 37.923473358154297 ], [ 15.8565282821656, 37.923473358154297 ], [ 15.8565282821656, 37.923194885253899 ], [ 15.8556938171387, 37.923194885253899 ], [ 15.8556938171387, 37.922916412353601 ], [ 15.8545837402344, 37.922916412353601 ], [ 15.8545837402344, 37.922637939453203 ], [ 15.852640151977701, 37.922637939453203 ], [ 15.852640151977701, 37.922359466552798 ], [ 15.851805686950801, 37.922359466552798 ], [ 15.851805686950801, 37.922084808349602 ], [ 15.849306106567401, 37.922084808349602 ], [ 15.849306106567401, 37.921806335449197 ], [ 15.8487501144409, 37.921806335449197 ], [ 15.8487501144409, 37.9215278625488 ], [ 15.848471641540501, 37.9215278625488 ], [ 15.848471641540501, 37.921249389648402 ], [ 15.8468055725097, 37.921249389648402 ], [ 15.8468055725097, 37.920696258545 ], [ 15.8465270996093, 37.920696258545 ], [ 15.8465270996093, 37.920417785644602 ], [ 15.845971107482899, 37.920417785644602 ], [ 15.845971107482899, 37.920139312744297 ], [ 15.8454179763794, 37.920139312744297 ], [ 15.8454179763794, 37.920417785644602 ], [ 15.8434734344482, 37.920417785644602 ], [ 15.8434734344482, 37.920139312744297 ], [ 15.842082977294901, 37.920139312744297 ], [ 15.842082977294901, 37.919860839843899 ], [ 15.8418054580688, 37.919860839843899 ], [ 15.8418054580688, 37.920139312744297 ], [ 15.8415269851685, 37.920139312744297 ], [ 15.8415269851685, 37.919860839843899 ], [ 15.8406953811647, 37.919860839843899 ], [ 15.8406953811647, 37.919582366943501 ], [ 15.8404912948609, 37.919582366943501 ], [ 15.839027404785201, 37.919582366943501 ], [ 15.839027404785201, 37.919303894043097 ], [ 15.838748931884901, 37.919303894043097 ], [ 15.838748931884901, 37.919582366943501 ], [ 15.837638854980501, 37.919582366943501 ], [ 15.837638854980501, 37.919303894043097 ], [ 15.8354167938232, 37.919303894043097 ], [ 15.8354167938232, 37.919029235839901 ], [ 15.830971717834499, 37.919029235839901 ], [ 15.830971717834499, 37.918750762939503 ], [ 15.8298597335815, 37.918750762939503 ], [ 15.8298597335815, 37.919029235839901 ], [ 15.827916145324799, 37.919029235839901 ], [ 15.827916145324799, 37.918750762939503 ], [ 15.8276376724244, 37.918750762939503 ], [ 15.8276376724244, 37.918472290039098 ], [ 15.826527595520099, 37.918472290039098 ], [ 15.826527595520099, 37.918750762939503 ], [ 15.8248615264893, 37.918750762939503 ], [ 15.8248615264893, 37.919029235839901 ], [ 15.8237495422363, 37.919029235839901 ], [ 15.8237495422363, 37.919303894043097 ], [ 15.821805953979499, 37.919303894043097 ], [ 15.821805953979499, 37.919582366943501 ], [ 15.820695877075201, 37.919582366943501 ], [ 15.820693016052299, 37.919860839843899 ], [ 15.8176393508912, 37.919860839843899 ], [ 15.8176393508912, 37.920139312744297 ], [ 15.8137512207031, 37.920139312744297 ], [ 15.8137512207031, 37.920417785644602 ], [ 15.810973167419499, 37.920417785644602 ], [ 15.810973167419499, 37.920139312744297 ], [ 15.8090267181397, 37.920139312744297 ], [ 15.8090267181397, 37.920417785644602 ], [ 15.806529045105099, 37.920417785644602 ], [ 15.806529045105099, 37.920139312744297 ], [ 15.806250572204499, 37.920139312744297 ], [ 15.806250572204499, 37.919582366943501 ], [ 15.804860115051399, 37.919582366943501 ], [ 15.804860115051399, 37.919860839843899 ], [ 15.8046016693116, 37.919860839843899 ], [ 15.8040275573731, 37.919860839843899 ], [ 15.8040275573731, 37.919582366943501 ], [ 15.803750038146999, 37.919582366943501 ], [ 15.803750038146999, 37.919303894043097 ], [ 15.801806449890099, 37.919303894043097 ], [ 15.801806449890099, 37.919029235839901 ], [ 15.8004159927368, 37.919029235839901 ], [ 15.8004159927368, 37.918750762939503 ], [ 15.79847240448, 37.918750762939503 ], [ 15.79847240448, 37.918472290039098 ], [ 15.797916412353599, 37.918472290039098 ], [ 15.797916412353599, 37.9181938171387 ], [ 15.796806335449199, 37.9181938171387 ], [ 15.796806335449199, 37.917915344238303 ], [ 15.794584274292101, 37.917915344238303 ], [ 15.794584274292101, 37.917640686035199 ], [ 15.793749809265201, 37.917640686035199 ], [ 15.793749809265201, 37.917362213134801 ], [ 15.7929153442384, 37.917362213134801 ], [ 15.7929153442384, 37.917083740234403 ], [ 15.792362213134799, 37.917083740234403 ], [ 15.792362213134799, 37.916805267333999 ], [ 15.791249275207599, 37.916805267333999 ], [ 15.791249275207599, 37.9165267944337 ], [ 15.7901391983032, 37.9165267944337 ], [ 15.7901391983032, 37.916248321533303 ], [ 15.789304733276399, 37.916248321533303 ], [ 15.789304733276399, 37.9165267944337 ], [ 15.787917137146099, 37.9165267944337 ], [ 15.787917137146099, 37.916248321533303 ], [ 15.7865266799928, 37.916248321533303 ], [ 15.7865266799928, 37.9165267944337 ], [ 15.7854166030884, 37.9165267944337 ], [ 15.7854166030884, 37.916248321533303 ], [ 15.785139083862401, 37.916248321533303 ], [ 15.785139083862401, 37.9165267944337 ], [ 15.7834730148315, 37.9165267944337 ], [ 15.7834730148315, 37.916248321533303 ], [ 15.7820825576782, 37.916248321533303 ], [ 15.7820825576782, 37.91597366333 ], [ 15.777084350586099, 37.91597366333 ], [ 15.777084350586099, 37.915695190429602 ], [ 15.775416374206699, 37.915695190429602 ], [ 15.775416374206699, 37.91597366333 ], [ 15.770972251891999, 37.91597366333 ], [ 15.770972251891999, 37.916248321533303 ], [ 15.7698621749878, 37.916248321533303 ], [ 15.7698621749878, 37.9165267944337 ], [ 15.769027709961, 37.9165267944337 ], [ 15.769027709961, 37.916805267333999 ], [ 15.768750190734901, 37.916805267333999 ], [ 15.768750190734901, 37.9165267944337 ], [ 15.7656545639038, 37.9165267944337 ], [ 15.7643051147462, 37.9165267944337 ], [ 15.7643051147462, 37.916248321533303 ], [ 15.7637491226197, 37.916248321533303 ], [ 15.7637491226197, 37.9165267944337 ], [ 15.763193130493301, 37.9165267944337 ], [ 15.763193130493301, 37.916805267333999 ], [ 15.7626390457154, 37.916805267333999 ], [ 15.7626390457154, 37.917083740234403 ], [ 15.762083053588899, 37.917083740234403 ], [ 15.7620353698731, 37.917362213134801 ], [ 15.761251449585, 37.917362213134801 ], [ 15.761248588562101, 37.917541503906399 ], [ 15.761248588562101, 37.917640686035199 ], [ 15.760971069336, 37.917640686035199 ], [ 15.760971069336, 37.917915344238303 ], [ 15.7606954574585, 37.917915344238303 ], [ 15.7606954574585, 37.9181938171387 ], [ 15.759583473205501, 37.9181938171387 ], [ 15.759583473205501, 37.918472290039098 ], [ 15.7587490081787, 37.918483734130902 ], [ 15.7587490081787, 37.918750762939503 ], [ 15.758194923401, 37.918750762939503 ], [ 15.758194923401, 37.919029235839901 ], [ 15.757499694824199, 37.919029235839901 ], [ 15.757082939148001, 37.919029235839901 ], [ 15.757082939148001, 37.919303894043097 ], [ 15.7568712234497, 37.919303894043097 ], [ 15.756528854370201, 37.919303894043097 ], [ 15.756528854370201, 37.9194526672363 ], [ 15.756528854370201, 37.919582366943501 ], [ 15.756251335144, 37.919582366943501 ], [ 15.756251335144, 37.919860839843899 ], [ 15.755695343017599, 37.919860839843899 ], [ 15.755695343017599, 37.920139312744297 ], [ 15.7554168701172, 37.920139312744297 ], [ 15.7554168701172, 37.920417785644602 ], [ 15.7548608779907, 37.920417785644602 ], [ 15.7548608779907, 37.920696258545 ], [ 15.754026412963899, 37.920696258545 ], [ 15.754026412963899, 37.920970916747997 ], [ 15.753750801086399, 37.920970916747997 ], [ 15.753750801086399, 37.921249389648402 ], [ 15.753194808960099, 37.921249389648402 ], [ 15.753194808960099, 37.9215278625488 ], [ 15.752917289734, 37.9215278625488 ], [ 15.752917289734, 37.921806335449197 ], [ 15.7526378631591, 37.921806335449197 ], [ 15.7526378631591, 37.922084808349602 ], [ 15.7520847320557, 37.922084808349602 ], [ 15.7520847320557, 37.922359466552798 ], [ 15.7518043518068, 37.922359466552798 ], [ 15.7518043518068, 37.922637939453203 ], [ 15.7515287399293, 37.922637939453203 ], [ 15.7515287399293, 37.922916412353601 ], [ 15.7509717941285, 37.922916412353601 ], [ 15.7509717941285, 37.923194885253899 ], [ 15.7501382827759, 37.923194885253899 ], [ 15.7501382827759, 37.923473358154297 ], [ 15.749859809875501, 37.923473358154297 ], [ 15.749859809875501, 37.923751831054702 ], [ 15.749582290649499, 37.923751831054702 ], [ 15.749582290649499, 37.924026489257898 ], [ 15.7490282058716, 37.924026489257898 ], [ 15.7490282058716, 37.924304962158303 ], [ 15.748472213745099, 37.924304962158303 ], [ 15.748472213745099, 37.9245834350587 ], [ 15.7481937408447, 37.9245834350587 ], [ 15.7481937408447, 37.924861907958999 ], [ 15.747637748718301, 37.924861907958999 ], [ 15.747637748718301, 37.925140380859403 ], [ 15.746250152588001, 37.925140380859403 ], [ 15.746250152588001, 37.925415039062401 ], [ 15.7456941604615, 37.925415039062401 ], [ 15.7456941604615, 37.925693511962997 ], [ 15.745140075683601, 37.925693511962997 ], [ 15.745140075683601, 37.925971984863402 ], [ 15.7440280914307, 37.925971984863402 ], [ 15.7440280914307, 37.9262504577638 ], [ 15.742083549499499, 37.9262504577638 ], [ 15.742083549499499, 37.925971984863402 ], [ 15.7418060302734, 37.925971984863402 ], [ 15.7418060302734, 37.9262504577638 ], [ 15.741527557373001, 37.9262504577638 ], [ 15.741527557373001, 37.925987243652301 ], [ 15.741250038147101, 37.925971984863402 ], [ 15.741250038147101, 37.926109313964901 ], [ 15.741247177124, 37.9262504577638 ], [ 15.740925788879499, 37.9262504577638 ], [ 15.738471031189, 37.9262504577638 ], [ 15.738471031189, 37.926528930664198 ], [ 15.738196372985801, 37.926528930664198 ], [ 15.738196372985801, 37.925971984863402 ], [ 15.737917900085399, 37.925971984863402 ], [ 15.737917900085399, 37.925693511962997 ], [ 15.7373609542847, 37.925693511962997 ], [ 15.7373609542847, 37.925971984863402 ], [ 15.736248970031699, 37.925971984863402 ], [ 15.736248970031699, 37.926528930664198 ], [ 15.7365274429321, 37.926528930664198 ], [ 15.7365274429321, 37.9266548156738 ], [ 15.7365274429321, 37.926807403564602 ], [ 15.737083435058601, 37.926807403564602 ], [ 15.737083435058601, 37.927082061767599 ], [ 15.7373609542847, 37.927082061767599 ], [ 15.7373609542847, 37.927803039550803 ], [ 15.7373609542847, 37.9279174804688 ], [ 15.737083435058601, 37.927925109863303 ], [ 15.737083435058601, 37.928195953369098 ], [ 15.7368049621582, 37.928195953369098 ], [ 15.7368049621582, 37.928470611572301 ], [ 15.736248970031699, 37.928470611572301 ], [ 15.736248970031699, 37.928749084472699 ], [ 15.7354173660279, 37.928749084472699 ], [ 15.7354173660279, 37.929027557373097 ], [ 15.734582901001099, 37.929027557373097 ], [ 15.734582901001099, 37.929306030273501 ], [ 15.733915328979601, 37.929306030273501 ], [ 15.7331953048707, 37.929306030273501 ], [ 15.7331953048707, 37.9295845031738 ], [ 15.7315273284912, 37.9295845031738 ], [ 15.7315273284912, 37.929027557373097 ], [ 15.731804847717299, 37.929027557373097 ], [ 15.731804847717299, 37.9286117553712 ], [ 15.731804847717299, 37.928470611572301 ], [ 15.7319993972779, 37.928470611572301 ], [ 15.732083320617701, 37.928470611572301 ], [ 15.732083320617701, 37.928352355957102 ], [ 15.732083320617701, 37.928195953369098 ], [ 15.7321968078613, 37.928195953369098 ], [ 15.7323608398438, 37.928195953369098 ], [ 15.7323608398438, 37.927970886230497 ], [ 15.732639312744199, 37.9279174804688 ], [ 15.732639312744199, 37.927585601806797 ], [ 15.732639312744199, 37.927360534667997 ], [ 15.7323608398438, 37.927360534667997 ], [ 15.7323608398438, 37.927082061767599 ], [ 15.7315273284912, 37.927082061767599 ], [ 15.7315273284912, 37.926807403564602 ], [ 15.731248855590801, 37.926807403564602 ], [ 15.731248855590801, 37.927082061767599 ], [ 15.7301387786865, 37.927082061767599 ], [ 15.7301387786865, 37.927360534667997 ], [ 15.729861259460399, 37.927360534667997 ], [ 15.729861259460399, 37.927639007568402 ], [ 15.72958278656, 37.927639007568402 ], [ 15.72958278656, 37.9279174804688 ], [ 15.7293052673341, 37.9279174804688 ], [ 15.7293052673341, 37.928195953369098 ], [ 15.7281951904297, 37.928195953369098 ], [ 15.7281951904297, 37.9279174804688 ], [ 15.727639198303301, 37.9279174804688 ], [ 15.727639198303301, 37.928195953369098 ], [ 15.7273607254029, 37.928195953369098 ], [ 15.7273607254029, 37.928470611572301 ], [ 15.7270832061768, 37.928470611572301 ], [ 15.7270832061768, 37.928749084472699 ], [ 15.726529121398899, 37.928749084472699 ], [ 15.726529121398899, 37.929027557373097 ], [ 15.7259731292725, 37.929027557373097 ], [ 15.7259731292725, 37.929306030273501 ], [ 15.725694656372101, 37.929306030273501 ], [ 15.725694656372101, 37.9295845031738 ], [ 15.725416183471699, 37.9295845031738 ], [ 15.725416183471699, 37.9301376342775 ], [ 15.7251377105713, 37.9301376342775 ], [ 15.7251377105713, 37.930416107177798 ], [ 15.724860191345201, 37.930416107177798 ], [ 15.724860191345201, 37.930694580078203 ], [ 15.7240276336669, 37.930694580078203 ], [ 15.7240276336669, 37.930973052978601 ], [ 15.723750114441, 37.930973052978601 ], [ 15.723750114441, 37.931251525878999 ], [ 15.7223615646363, 37.931251525878999 ], [ 15.722359657287701, 37.930973052978601 ], [ 15.7220821380616, 37.930973052978601 ], [ 15.7220821380616, 37.931251525878999 ], [ 15.7212495803834, 37.931251525878999 ], [ 15.7212495803834, 37.932083129882898 ], [ 15.7215280532837, 37.932083129882898 ], [ 15.7215280532837, 37.932361602783303 ], [ 15.7212495803834, 37.932361602783303 ], [ 15.7212495803834, 37.932918548584098 ], [ 15.7206935882569, 37.932918548584098 ], [ 15.7206935882569, 37.933193206787102 ], [ 15.7201375961304, 37.933193206787102 ], [ 15.7201375961304, 37.9334716796875 ], [ 15.7193059921265, 37.9334716796875 ], [ 15.7193059921265, 37.933750152587898 ], [ 15.7190284729003, 37.933750152587898 ], [ 15.7190284729003, 37.9334716796875 ], [ 15.717639923095801, 37.9334716796875 ], [ 15.717639923095801, 37.933750152587898 ], [ 15.7173624038697, 37.933750152587898 ], [ 15.7173624038697, 37.934028625488303 ], [ 15.7168064117432, 37.934028625488303 ], [ 15.7168064117432, 37.9343070983887 ], [ 15.7154178619385, 37.9343070983887 ], [ 15.7154178619385, 37.934581756591797 ], [ 15.714861869811999, 37.934581756591797 ], [ 15.714861869811999, 37.934860229492202 ], [ 15.7145843505859, 37.934860229492202 ], [ 15.7145843505859, 37.935138702392599 ], [ 15.714305877685501, 37.935138702392599 ], [ 15.714305877685501, 37.935417175292997 ], [ 15.714028358459499, 37.935417175292997 ], [ 15.714028358459499, 37.935695648193402 ], [ 15.713472366333001, 37.935695648193402 ], [ 15.713472366333001, 37.9359741210938 ], [ 15.7129154205322, 37.9359741210938 ], [ 15.7129154205322, 37.936248779297003 ], [ 15.710416793823301, 37.936248779297003 ], [ 15.710416793823301, 37.936527252197401 ], [ 15.7098608016968, 37.936527252197401 ], [ 15.7098608016968, 37.936805725097798 ], [ 15.7093048095704, 37.936805725097798 ], [ 15.7093048095704, 37.937084197998097 ], [ 15.7090272903443, 37.937084197998097 ], [ 15.7090272903443, 37.937362670898501 ], [ 15.708194732666, 37.937362670898501 ], [ 15.708194732666, 37.937637329101598 ], [ 15.707638740539601, 37.937637329101598 ], [ 15.707638740539601, 37.937915802001903 ], [ 15.7073612213135, 37.937915802001903 ], [ 15.7073612213135, 37.938194274902301 ], [ 15.7070827484131, 37.938194274902301 ], [ 15.7070827484131, 37.939582824707003 ], [ 15.706805229186999, 37.939582824707003 ], [ 15.706805229186999, 37.939861297607401 ], [ 15.7065267562866, 37.939861297607401 ], [ 15.7065267562866, 37.940139770507798 ], [ 15.705972671508899, 37.940139770507798 ], [ 15.705972671508899, 37.940418243408203 ], [ 15.704860687256, 37.940418243408203 ], [ 15.704860687256, 37.940692901611399 ], [ 15.704583168029799, 37.940692901611399 ], [ 15.704583168029799, 37.940971374511797 ], [ 15.704304695129499, 37.940971374511797 ], [ 15.704304695129499, 37.941249847412202 ], [ 15.703748703003001, 37.941249847412202 ], [ 15.703748703003001, 37.941528320312599 ], [ 15.702917098999, 37.941528320312599 ], [ 15.702917098999, 37.941806793212898 ], [ 15.702638626098601, 37.941806793212898 ], [ 15.702638626098601, 37.942081451416101 ], [ 15.702361106872599, 37.942085266113303 ], [ 15.702361106872599, 37.942359924316499 ], [ 15.7020826339722, 37.942359924316499 ], [ 15.7020826339722, 37.942638397216903 ], [ 15.701805114746101, 37.942638397216903 ], [ 15.701805114746101, 37.942916870117301 ], [ 15.7015266418457, 37.942916870117301 ], [ 15.7015266418457, 37.943195343017699 ], [ 15.7012510299682, 37.943195343017699 ], [ 15.7012510299682, 37.944305419921797 ], [ 15.7009725570678, 37.944305419921797 ], [ 15.7009725570678, 37.944583892822202 ], [ 15.7006950378419, 37.944583892822202 ], [ 15.7006950378419, 37.944862365722798 ], [ 15.7004165649413, 37.944862365722798 ], [ 15.7004165649413, 37.945423126220803 ], [ 15.7004165649413, 37.945693969726598 ], [ 15.7001390457154, 37.945693969726598 ], [ 15.7001390457154, 37.945972442627003 ], [ 15.6998605728151, 37.945972442627003 ], [ 15.6998605728151, 37.946250915527301 ], [ 15.699582099914499, 37.946250915527301 ], [ 15.699582099914499, 37.946529388427699 ], [ 15.6993036270141, 37.946529388427699 ], [ 15.6993036270141, 37.946804046630902 ], [ 15.698751449585, 37.946804046630902 ], [ 15.698751449585, 37.9470825195313 ], [ 15.698472976684601, 37.9470825195313 ], [ 15.698472976684601, 37.947639465332102 ], [ 15.6979160308838, 37.947639465332102 ], [ 15.6979160308838, 37.9479179382325 ], [ 15.697360038757401, 37.9479179382325 ], [ 15.697360038757401, 37.948192596435703 ], [ 15.697085380554199, 37.948192596435703 ], [ 15.697085380554199, 37.948471069336001 ], [ 15.6965284347534, 37.948471069336001 ], [ 15.6965284347534, 37.948749542236399 ], [ 15.695416450500501, 37.948749542236399 ], [ 15.695416450500501, 37.949028015136797 ], [ 15.695137977600099, 37.949028015136797 ], [ 15.695137977600099, 37.949306488037202 ], [ 15.6948623657228, 37.949306488037202 ], [ 15.6948623657228, 37.949584960937599 ], [ 15.694581985473601, 37.949584960937599 ], [ 15.694581985473601, 37.949859619140597 ], [ 15.6939191818238, 37.949859619140597 ], [ 15.693750381469799, 37.949859619140597 ], [ 15.693750381469799, 37.950138092041001 ], [ 15.692915916443001, 37.950138092041001 ], [ 15.692915916443001, 37.950416564941399 ], [ 15.692084312439, 37.950416564941399 ], [ 15.692084312439, 37.950695037841697 ], [ 15.6915349960328, 37.950695037841697 ], [ 15.6906938552856, 37.950695037841697 ], [ 15.6906938552856, 37.950973510742102 ], [ 15.689862251281699, 37.950973510742102 ], [ 15.689862251281699, 37.951248168945398 ], [ 15.6840267181397, 37.951248168945398 ], [ 15.6840267181397, 37.950695037841697 ], [ 15.6834735870362, 37.950695037841697 ], [ 15.6834735870362, 37.950973510742102 ], [ 15.6826391220094, 37.950973510742102 ], [ 15.6826391220094, 37.951248168945398 ], [ 15.6831932067871, 37.951248168945398 ], [ 15.6831932067871, 37.951526641845803 ], [ 15.6826391220094, 37.951526641845803 ], [ 15.6826391220094, 37.951805114746101 ], [ 15.6820831298829, 37.951805114746101 ], [ 15.6820831298829, 37.952083587646499 ], [ 15.68097114563, 37.952083587646499 ], [ 15.68097114563, 37.952362060546903 ], [ 15.680417060852101, 37.952362060546903 ], [ 15.680417060852101, 37.952640533447301 ], [ 15.680138587951699, 37.952640533447301 ], [ 15.680138587951699, 37.952915191650398 ], [ 15.6798610687256, 37.952915191650398 ], [ 15.6798610687256, 37.953193664550803 ], [ 15.6790266036988, 37.953193664550803 ], [ 15.6790266036988, 37.9534721374512 ], [ 15.678473472595201, 37.9534721374512 ], [ 15.678473472595201, 37.953750610351598 ], [ 15.677639007568301, 37.953750610351598 ], [ 15.677639007568301, 37.954029083252003 ], [ 15.677360534668001, 37.954029083252003 ], [ 15.677360534668001, 37.954582214355597 ], [ 15.6770830154418, 37.954582214355597 ], [ 15.6770830154418, 37.955139160156399 ], [ 15.676804542541401, 37.955139160156399 ], [ 15.676804542541401, 37.955417633056797 ], [ 15.676528930664199, 37.955417633056797 ], [ 15.676528930664199, 37.955696105957102 ], [ 15.676251411438001, 37.955696105957102 ], [ 15.676251411438001, 37.955970764160099 ], [ 15.675972938537701, 37.955970764160099 ], [ 15.675972938537701, 37.956249237060497 ], [ 15.6756954193116, 37.956249237060497 ], [ 15.6756954193116, 37.956527709960902 ], [ 15.6754169464112, 37.956527709960902 ], [ 15.6754169464112, 37.9568061828613 ], [ 15.675139427185099, 37.9568061828613 ], [ 15.675139427185099, 37.957084655761697 ], [ 15.6748609542847, 37.957084655761697 ], [ 15.6748609542847, 37.957359313964901 ], [ 15.6745834350587, 37.957359313964901 ], [ 15.6745834350587, 37.958194732666001 ], [ 15.6743068695068, 37.958194732666001 ], [ 15.6743068695068, 37.958473205566399 ], [ 15.6737508773804, 37.958473205566399 ], [ 15.6737508773804, 37.958751678466797 ], [ 15.673194885253899, 37.958751678466797 ], [ 15.673194885253899, 37.95902633667 ], [ 15.6729173660278, 37.95902633667 ], [ 15.6729173660278, 37.959304809570398 ], [ 15.672638893127401, 37.959304809570398 ], [ 15.672638893127401, 37.9598617553712 ], [ 15.672360420227101, 37.9598617553712 ], [ 15.672360420227101, 37.960414886474503 ], [ 15.672081947326699, 37.960414886474503 ], [ 15.672081947326699, 37.960971832275497 ], [ 15.6718044281006, 37.960971832275497 ], [ 15.6718044281006, 37.961250305175902 ], [ 15.671528816223301, 37.961250305175902 ], [ 15.671528816223301, 37.9615287780763 ], [ 15.6712512969972, 37.9615287780763 ], [ 15.6712512969972, 37.961807250976698 ], [ 15.670971870422299, 37.961807250976698 ], [ 15.670971870422299, 37.962081909179702 ], [ 15.670694351196399, 37.962081909179702 ], [ 15.670694351196399, 37.962360382080099 ], [ 15.670415878296, 37.962360382080099 ], [ 15.670415878296, 37.962917327880902 ], [ 15.670138359069901, 37.962917327880902 ], [ 15.670138359069901, 37.963470458984403 ], [ 15.669859886169499, 37.963470458984403 ], [ 15.669859886169499, 37.964027404785199 ], [ 15.6695823669435, 37.964027404785199 ], [ 15.6695823669435, 37.964584350585902 ], [ 15.669305801391699, 37.964584350585902 ], [ 15.669305801391699, 37.965137481689602 ], [ 15.668749809265201, 37.965137481689602 ], [ 15.668749809265201, 37.96541595459 ], [ 15.6684722900391, 37.96541595459 ], [ 15.6684722900391, 37.965694427490298 ], [ 15.6681938171387, 37.965694427490298 ], [ 15.6681938171387, 37.965972900390703 ], [ 15.667916297912701, 37.965972900390703 ], [ 15.667916297912701, 37.966251373291101 ], [ 15.667637825012299, 37.966251373291101 ], [ 15.667637825012299, 37.966526031494098 ], [ 15.6670837402344, 37.966526031494098 ], [ 15.6670837402344, 37.966804504394503 ], [ 15.666527748107899, 37.966804504394503 ], [ 15.666527748107899, 37.967082977295 ], [ 15.666806221008301, 37.967082977295 ], [ 15.666806221008301, 37.967639923095803 ], [ 15.666527748107899, 37.967639923095803 ], [ 15.666527748107899, 37.968193054199197 ], [ 15.6662502288818, 37.968193054199197 ], [ 15.6662502288818, 37.96875 ], [ 15.665971755981399, 37.96875 ], [ 15.665971755981399, 37.969028472900398 ], [ 15.665415763855, 37.969028472900398 ], [ 15.665415763855, 37.969306945800803 ], [ 15.6648597717285, 37.969306945800803 ], [ 15.6648597717285, 37.969860076904403 ], [ 15.6645841598512, 37.969860076904403 ], [ 15.6645841598512, 37.970138549804702 ], [ 15.664305686950801, 37.970138549804702 ], [ 15.664305686950801, 37.970417022705099 ], [ 15.6637496948243, 37.970417022705099 ], [ 15.6637496948243, 37.970695495605497 ], [ 15.6631937026978, 37.970695495605497 ], [ 15.6631937026978, 37.970973968505902 ], [ 15.6626377105713, 37.970973968505902 ], [ 15.6626377105713, 37.971248626709098 ], [ 15.661527633666999, 37.971248626709098 ], [ 15.661527633666999, 37.971527099609503 ], [ 15.6612501144409, 37.971527099609503 ], [ 15.6612501144409, 37.971805572509901 ], [ 15.660971641540501, 37.971805572509901 ], [ 15.660971641540501, 37.972362518310597 ], [ 15.6604156494141, 37.972362518310597 ], [ 15.6604156494141, 37.9726371765137 ], [ 15.660140037536699, 37.9726371765137 ], [ 15.660140037536699, 37.973472595215 ], [ 15.6598615646362, 37.973472595215 ], [ 15.6598615646362, 37.974029541015703 ], [ 15.6595840454103, 37.974029541015703 ], [ 15.6595840454103, 37.9743041992188 ], [ 15.659305572509901, 37.9743041992188 ], [ 15.659305572509901, 37.974582672119098 ], [ 15.6590280532838, 37.974582672119098 ], [ 15.6590280532838, 37.975139617919901 ], [ 15.658748626708901, 37.975139617919901 ], [ 15.658748626708901, 37.975692749023501 ], [ 15.658471107483001, 37.975692749023501 ], [ 15.658471107483001, 37.975971221923899 ], [ 15.657917976379499, 37.975971221923899 ], [ 15.657917976379499, 37.976528167724702 ], [ 15.6576404571534, 37.976528167724702 ], [ 15.6576404571534, 37.976806640625099 ], [ 15.6573610305787, 37.976806640625099 ], [ 15.6573610305787, 37.977359771728601 ], [ 15.657082557678301, 37.977359771728601 ], [ 15.657082557678301, 37.977638244628999 ], [ 15.6565265655518, 37.977638244628999 ], [ 15.6565265655518, 37.977916717529403 ], [ 15.6559734344482, 37.977916717529403 ], [ 15.6559734344482, 37.978748321533203 ], [ 15.6562490463257, 37.978748321533203 ], [ 15.6562490463257, 37.979026794433601 ], [ 15.6559734344482, 37.979026794433601 ], [ 15.6559734344482, 37.979583740234297 ], [ 15.6556930541993, 37.979583740234297 ], [ 15.6556930541993, 37.980140686035298 ], [ 15.6554174423218, 37.980140686035298 ], [ 15.6554174423218, 37.980415344238303 ], [ 15.655138969421399, 37.980415344238303 ], [ 15.655138969421399, 37.980972290039098 ], [ 15.6548614501953, 37.980972290039098 ], [ 15.6548614501953, 37.981250762939503 ], [ 15.654582977294901, 37.981250762939503 ], [ 15.654582977294901, 37.982082366943402 ], [ 15.6543054580688, 37.982082366943402 ], [ 15.6543054580688, 37.9823608398438 ], [ 15.6540269851685, 37.9823608398438 ], [ 15.6540269851685, 37.983196258545 ], [ 15.653751373291099, 37.983196258545 ], [ 15.653751373291099, 37.984027862548899 ], [ 15.653470993041999, 37.984027862548899 ], [ 15.653470993041999, 37.984306335449297 ], [ 15.6529169082643, 37.984306335449297 ], [ 15.6529169082643, 37.984584808349702 ], [ 15.6526393890382, 37.984584808349702 ], [ 15.6526393890382, 37.984859466552699 ], [ 15.6523609161378, 37.984859466552699 ], [ 15.6523609161378, 37.985137939453097 ], [ 15.652083396911699, 37.985137939453097 ], [ 15.652083396911699, 37.985416412353501 ], [ 15.6518049240113, 37.985416412353501 ], [ 15.6518049240113, 37.9856948852538 ], [ 15.650694847106999, 37.9856948852538 ], [ 15.650694847106999, 37.985973358154197 ], [ 15.6504173278809, 37.985973358154197 ], [ 15.6504173278809, 37.986251831054801 ], [ 15.650138854980501, 37.986251831054801 ], [ 15.650138854980501, 37.986804962158203 ], [ 15.6498613357544, 37.986804962158203 ], [ 15.6498613357544, 37.987083435058601 ], [ 15.649582862854, 37.987083435058601 ], [ 15.649582862854, 37.987361907958999 ], [ 15.649305343627899, 37.987361907958999 ], [ 15.649305343627899, 37.987640380859403 ], [ 15.649028778076101, 37.987640380859403 ], [ 15.649028778076101, 37.9887504577637 ], [ 15.6481952667237, 37.9887504577637 ], [ 15.6481952667237, 37.989860534668097 ], [ 15.6473608016969, 37.989860534668097 ], [ 15.6473608016969, 37.990139007568501 ], [ 15.647083282470801, 37.990139007568501 ], [ 15.647083282470801, 37.990417480468899 ], [ 15.6465291976929, 37.990417480468899 ], [ 15.6465291976929, 37.990695953369297 ], [ 15.6462507247925, 37.990695953369297 ], [ 15.6462507247925, 37.990970611572301 ], [ 15.6459732055665, 37.990970611572301 ], [ 15.6459732055665, 37.991249084472699 ], [ 15.645694732666099, 37.991249084472699 ], [ 15.645694732666099, 37.991527557372997 ], [ 15.64541721344, 37.991527557372997 ], [ 15.64541721344, 37.991714477539098 ], [ 15.64541721344, 37.992362976074197 ], [ 15.6451377868653, 37.992362976074197 ], [ 15.6451377868653, 37.992916107177798 ], [ 15.644860267639199, 37.992916107177798 ], [ 15.644860267639199, 37.993194580078097 ], [ 15.6443042755128, 37.993194580078097 ], [ 15.6443042755128, 37.993473052978501 ], [ 15.6440286636353, 37.993473052978501 ], [ 15.6440286636353, 37.993751525878899 ], [ 15.643750190734901, 37.993751525878899 ], [ 15.643750190734901, 37.994583129882898 ], [ 15.643471717834499, 37.994583129882898 ], [ 15.643471717834499, 37.9951400756837 ], [ 15.642915725708001, 37.9951400756837 ], [ 15.642915725708001, 37.995971679687599 ], [ 15.6426382064819, 37.995971679687599 ], [ 15.6426382064819, 37.997081756591797 ], [ 15.6423597335815, 37.997081756591797 ], [ 15.6423597335815, 37.997360229492202 ], [ 15.642082214355501, 37.997360229492202 ], [ 15.642082214355501, 37.997638702392599 ], [ 15.6418056488038, 37.997638702392599 ], [ 15.6418056488038, 37.997917175292997 ], [ 15.641528129577701, 37.997917175292997 ], [ 15.641528129577701, 37.998195648193402 ], [ 15.641249656677401, 37.998195648193402 ], [ 15.641249656677401, 37.9984741210937 ], [ 15.6409721374513, 37.9984741210937 ], [ 15.6409721374513, 37.999027252197301 ], [ 15.6406936645509, 37.999027252197301 ], [ 15.6406936645509, 37.999584197997997 ], [ 15.640416145324799, 37.999584197997997 ], [ 15.640416145324799, 38.000137329101698 ], [ 15.6401376724244, 38.000137329101698 ], [ 15.6401376724244, 38.000415802002102 ], [ 15.6398601531984, 38.000415802002102 ], [ 15.6398601531984, 38.000972747802798 ], [ 15.6395835876465, 38.000972747802798 ], [ 15.6395835876465, 38.001251220703203 ], [ 15.639027595520099, 38.001251220703203 ], [ 15.639027595520099, 38.0015258789062 ], [ 15.638750076294, 38.001529693603601 ], [ 15.638750076294, 38.002639770507898 ], [ 15.638471603393601, 38.002639770507898 ], [ 15.638471603393601, 38.002918243408303 ], [ 15.638750076294, 38.002918243408303 ], [ 15.638750076294, 38.0031929016113 ], [ 15.638471603393601, 38.0031929016113 ], [ 15.638471603393601, 38.0040283203125 ], [ 15.6381940841675, 38.0040283203125 ], [ 15.6381940841675, 38.004581451416101 ], [ 15.637915611267101, 38.004585266113303 ], [ 15.637915611267101, 38.005138397216903 ], [ 15.6376399993896, 38.005138397216903 ], [ 15.6376399993896, 38.005416870117202 ], [ 15.6373615264893, 38.005416870117202 ], [ 15.6373615264893, 38.005973815917997 ], [ 15.6370840072631, 38.005973815917997 ], [ 15.6370840072631, 38.006526947021598 ], [ 15.6368055343628, 38.006526947021598 ], [ 15.6368055343628, 38.007362365722699 ], [ 15.636528015136699, 38.007362365722699 ], [ 15.636528015136699, 38.0087509155275 ], [ 15.6362495422363, 38.0087509155275 ], [ 15.6362495422363, 38.010139465332003 ], [ 15.635972023010201, 38.010139465332003 ], [ 15.635972023010201, 38.010879516601598 ], [ 15.635972023010201, 38.011249542236399 ], [ 15.635693550109799, 38.011253356933501 ], [ 15.635693550109799, 38.012084960937599 ], [ 15.6354179382325, 38.012084960937599 ], [ 15.6354179382325, 38.012313842773501 ], [ 15.6354179382325, 38.013195037841903 ], [ 15.635137557983301, 38.013195037841903 ], [ 15.635137557983301, 38.016162872314503 ], [ 15.635137557983301, 38.016529083251903 ], [ 15.635051727295, 38.016529083251903 ], [ 15.634861946106, 38.016529083251903 ], [ 15.634861946106, 38.017360687255902 ], [ 15.635972023010201, 38.017360687255902 ], [ 15.635972023010201, 38.018196105957102 ], [ 15.635137557983301, 38.018196105957102 ], [ 15.635137557983301, 38.019027709961101 ], [ 15.6354179382325, 38.019027709961101 ], [ 15.6354179382325, 38.019584655761797 ], [ 15.635693550109799, 38.019584655761797 ], [ 15.635693550109799, 38.020332336425803 ], [ 15.635693550109799, 38.020416259765597 ], [ 15.635903358459499, 38.020416259765597 ], [ 15.635972023010201, 38.020137786865199 ], [ 15.637915611267101, 38.020137786865199 ], [ 15.637915611267101, 38.020416259765597 ], [ 15.638471603393601, 38.020416259765597 ], [ 15.638471603393601, 38.020694732666001 ], [ 15.639027595520099, 38.020694732666001 ], [ 15.639027595520099, 38.0209732055663 ], [ 15.6395835876465, 38.0209732055663 ], [ 15.6395835876465, 38.021251678466903 ], [ 15.6398601531984, 38.021251678466903 ], [ 15.6398601531984, 38.02152633667 ], [ 15.640416145324799, 38.02152633667 ], [ 15.640416145324799, 38.021804809570298 ], [ 15.6409721374513, 38.021804809570298 ], [ 15.6409721374513, 38.022083282470703 ], [ 15.641249656677401, 38.022083282470703 ], [ 15.641249656677401, 38.022361755371101 ], [ 15.6418056488038, 38.022361755371101 ], [ 15.6418056488038, 38.022640228271499 ], [ 15.642915725708001, 38.022640228271499 ], [ 15.642915725708001, 38.022914886474702 ], [ 15.643471717834499, 38.022914886474702 ], [ 15.643471717834499, 38.023193359375099 ], [ 15.6443042755128, 38.023193359375099 ], [ 15.6443042755128, 38.023471832275398 ], [ 15.644860267639199, 38.023471832275398 ], [ 15.644860267639199, 38.023750305175803 ], [ 15.6451377868653, 38.023750305175803 ], [ 15.6451377868653, 38.0240287780762 ], [ 15.645694732666099, 38.0240287780762 ], [ 15.645694732666099, 38.024307250976598 ], [ 15.6459732055665, 38.024307250976598 ], [ 15.6459732055665, 38.024581909179801 ], [ 15.6462507247925, 38.024581909179801 ], [ 15.6462507247925, 38.024860382080199 ], [ 15.646806716919, 38.024860382080199 ], [ 15.646806716919, 38.025138854980597 ], [ 15.647068977356, 38.025138854980597 ], [ 15.6473608016969, 38.025138854980597 ], [ 15.6473608016969, 38.025417327881001 ], [ 15.6479167938232, 38.025417327881001 ], [ 15.6479167938232, 38.025695800781399 ], [ 15.6484727859497, 38.025695800781399 ], [ 15.6484727859497, 38.025970458984403 ], [ 15.64875125885, 38.025970458984403 ], [ 15.64875125885, 38.026248931884801 ], [ 15.649028778076101, 38.026248931884801 ], [ 15.649028778076101, 38.026527404785199 ], [ 15.649582862854, 38.026527404785199 ], [ 15.649582862854, 38.026805877685497 ], [ 15.6498613357544, 38.026805877685497 ], [ 15.6498613357544, 38.027084350585902 ], [ 15.650138854980501, 38.027084350585902 ], [ 15.650138854980501, 38.0273628234863 ], [ 15.650694847106999, 38.0273628234863 ], [ 15.650694847106999, 38.027637481689503 ], [ 15.651248931884799, 38.027637481689503 ], [ 15.651248931884799, 38.027915954589901 ], [ 15.6518049240113, 38.027915954589901 ], [ 15.6518049240113, 38.028194427490199 ], [ 15.652083396911699, 38.028194427490199 ], [ 15.652083396911699, 38.028472900390597 ], [ 15.6523609161378, 38.028472900390597 ], [ 15.6523609161378, 38.028751373291001 ], [ 15.6526393890382, 38.028751373291001 ], [ 15.6526393890382, 38.029026031494297 ], [ 15.6529169082643, 38.029026031494297 ], [ 15.6529169082643, 38.029304504394602 ], [ 15.6531953811647, 38.029304504394602 ], [ 15.6531953811647, 38.029861450195398 ], [ 15.653470993041999, 38.029861450195398 ], [ 15.653470993041999, 38.030139923095803 ], [ 15.653751373291099, 38.030139923095803 ], [ 15.653751373291099, 38.030418395996101 ], [ 15.6540269851685, 38.030418395996101 ], [ 15.6540269851685, 38.030750274658303 ], [ 15.6540269851685, 38.030971527099702 ], [ 15.654189109802401, 38.030971527099702 ], [ 15.6543054580688, 38.030971527099702 ], [ 15.6543054580688, 38.031131744384901 ], [ 15.6543054580688, 38.032360076904297 ], [ 15.6540269851685, 38.032360076904297 ], [ 15.6540269851685, 38.032794952392599 ], [ 15.6540269851685, 38.033195495605497 ], [ 15.6543054580688, 38.033195495605497 ], [ 15.6543054580688, 38.033473968505803 ], [ 15.654582977294901, 38.033473968505803 ], [ 15.654582977294901, 38.034027099609403 ], [ 15.6550188064575, 38.034027099609403 ], [ 15.655138969421399, 38.034027099609403 ], [ 15.655138969421399, 38.034305572509801 ], [ 15.6554174423218, 38.034305572509801 ], [ 15.6554174423218, 38.037361145019602 ], [ 15.6556930541993, 38.037361145019602 ], [ 15.6556930541993, 38.03763961792 ], [ 15.6559734344482, 38.03763961792 ], [ 15.6559734344482, 38.037918090820398 ], [ 15.6562490463257, 38.037918090820398 ], [ 15.6562490463257, 38.038192749023402 ], [ 15.6565265655518, 38.038192749023402 ], [ 15.6565265655518, 38.038749694824197 ], [ 15.6568050384522, 38.038749694824197 ], [ 15.6568050384522, 38.039306640625 ], [ 15.657082557678301, 38.039306640625 ], [ 15.657082557678301, 38.040138244628999 ], [ 15.6573610305787, 38.040138244628999 ], [ 15.6573610305787, 38.041248321533303 ], [ 15.6565265655518, 38.041248321533303 ], [ 15.6565265655518, 38.0415267944337 ], [ 15.6562490463257, 38.0415267944337 ], [ 15.6562490463257, 38.042083740234403 ], [ 15.6559734344482, 38.042083740234403 ], [ 15.6559734344482, 38.042640686035199 ], [ 15.6556930541993, 38.042640686035199 ], [ 15.6556930541993, 38.042915344238203 ], [ 15.655138969421399, 38.042915344238203 ], [ 15.655138969421399, 38.043193817138601 ], [ 15.6548614501953, 38.043193817138601 ], [ 15.6548614501953, 38.043472290039198 ], [ 15.654582977294901, 38.043472290039198 ], [ 15.654582977294901, 38.043750762939602 ], [ 15.6540269851685, 38.043750762939602 ], [ 15.6540269851685, 38.044303894042997 ], [ 15.653751373291099, 38.044303894042997 ], [ 15.653751373291099, 38.044582366943402 ], [ 15.653470993041999, 38.044582366943402 ], [ 15.653470993041999, 38.0448608398438 ], [ 15.6531953811647, 38.0448608398438 ], [ 15.6531953811647, 38.045139312744098 ], [ 15.653054237365801, 38.045139312744098 ], [ 15.6529169082643, 38.045139312744098 ], [ 15.6529169082643, 38.045417785644503 ], [ 15.6523609161378, 38.045417785644503 ], [ 15.6523609161378, 38.045696258544901 ], [ 15.652083396911699, 38.045696258544901 ], [ 15.652083396911699, 38.045970916748097 ], [ 15.651527404785201, 38.045970916748097 ], [ 15.651527404785201, 38.046527862548899 ], [ 15.651248931884799, 38.046527862548899 ], [ 15.651248931884799, 38.047084808349702 ], [ 15.650973320007299, 38.047084808349702 ], [ 15.650973320007299, 38.047916412353601 ], [ 15.650694847106999, 38.047916412353601 ], [ 15.650694847106999, 38.049026489257798 ], [ 15.6504173278809, 38.049026489257798 ], [ 15.6504173278809, 38.049583435058501 ], [ 15.650138854980501, 38.049583435058501 ], [ 15.650138854980501, 38.050140380859503 ], [ 15.6498613357544, 38.050140380859503 ], [ 15.6498613357544, 38.050693511962898 ], [ 15.649582862854, 38.050693511962898 ], [ 15.649582862854, 38.051807403564503 ], [ 15.649305343627899, 38.051807403564503 ], [ 15.649305343627899, 38.0529174804688 ], [ 15.649028778076101, 38.0529174804688 ], [ 15.649028778076101, 38.053195953369197 ], [ 15.64875125885, 38.053195953369197 ], [ 15.64875125885, 38.053470611572401 ], [ 15.6481952667237, 38.053470611572401 ], [ 15.6481952667237, 38.053749084472798 ], [ 15.6479167938232, 38.053749084472798 ], [ 15.6479167938232, 38.054862976074297 ], [ 15.6481952667237, 38.054862976074297 ], [ 15.6481952667237, 38.055416107177699 ], [ 15.6484727859497, 38.055416107177699 ], [ 15.6484727859497, 38.055694580078097 ], [ 15.6486721038819, 38.055694580078097 ], [ 15.64875125885, 38.055694580078097 ], [ 15.64875125885, 38.055850982666001 ], [ 15.64875125885, 38.056251525878999 ], [ 15.649028778076101, 38.056251525878999 ], [ 15.649028778076101, 38.056362152099602 ], [ 15.649028778076101, 38.056526184082102 ], [ 15.6491193771363, 38.056526184082102 ], [ 15.649305343627899, 38.056526184082102 ], [ 15.649305343627899, 38.0568656921387 ], [ 15.649305343627899, 38.057083129882798 ], [ 15.649422645568899, 38.057083129882798 ], [ 15.649582862854, 38.057083129882798 ], [ 15.649582862854, 38.057376861572301 ], [ 15.649582862854, 38.057640075683601 ], [ 15.6497249603272, 38.057640075683601 ], [ 15.6498613357544, 38.057640075683601 ], [ 15.6498613357544, 38.057888031005803 ], [ 15.6498613357544, 38.059028625488303 ], [ 15.649582862854, 38.059028625488303 ], [ 15.649582862854, 38.059581756591903 ], [ 15.6498613357544, 38.059581756591903 ], [ 15.6498613357544, 38.060138702392699 ], [ 15.650138854980501, 38.060138702392699 ], [ 15.650138854980501, 38.060417175293097 ], [ 15.6503553390503, 38.060417175293097 ], [ 15.650694847106999, 38.060417175293097 ], [ 15.650694847106999, 38.060695648193501 ], [ 15.650973320007299, 38.060695648193501 ], [ 15.650973320007299, 38.060970306396499 ], [ 15.6510820388794, 38.060970306396499 ], [ 15.651248931884799, 38.060974121093899 ], [ 15.651248931884799, 38.06107711792 ], [ 15.651248931884799, 38.061248779296903 ], [ 15.651527404785201, 38.061252593994197 ], [ 15.651527404785201, 38.061527252197301 ], [ 15.6518049240113, 38.061527252197301 ], [ 15.6518049240113, 38.061805725097699 ], [ 15.651984214782701, 38.061805725097699 ], [ 15.652083396911699, 38.061805725097699 ], [ 15.652083396911699, 38.0619888305663 ], [ 15.652083396911699, 38.062915802002003 ], [ 15.6523609161378, 38.062915802002003 ], [ 15.6523609161378, 38.064025878906399 ], [ 15.652083396911699, 38.064029693603501 ], [ 15.652083396911699, 38.064582824707102 ], [ 15.6523609161378, 38.064582824707102 ], [ 15.6523609161378, 38.0648612976075 ], [ 15.652083396911699, 38.0648612976075 ], [ 15.652083396911699, 38.065692901611399 ], [ 15.651882171630801, 38.065692901611399 ], [ 15.6518049240113, 38.065692901611399 ], [ 15.6518049240113, 38.065971374511797 ], [ 15.651527404785201, 38.065971374511797 ], [ 15.651527404785201, 38.066249847412202 ], [ 15.651248931884799, 38.066249847412202 ], [ 15.651248931884799, 38.066528320312599 ], [ 15.650973320007299, 38.066528320312599 ], [ 15.650973320007299, 38.066806793212997 ], [ 15.650694847106999, 38.066806793212997 ], [ 15.650694847106999, 38.067047119140703 ], [ 15.650694847106999, 38.067359924316399 ], [ 15.650216102600201, 38.067359924316399 ], [ 15.650138854980501, 38.067359924316399 ], [ 15.650138854980501, 38.067638397216797 ], [ 15.649794578552299, 38.067638397216797 ], [ 15.649582862854, 38.067638397216797 ], [ 15.649582862854, 38.067775726318501 ], [ 15.649582862854, 38.067916870117202 ], [ 15.6493692398071, 38.067916870117202 ], [ 15.649028778076101, 38.067916870117202 ], [ 15.649028778076101, 38.068195343017599 ], [ 15.64875125885, 38.068195343017599 ], [ 15.64875125885, 38.068325042724702 ], [ 15.64875125885, 38.068473815917898 ], [ 15.6485233306885, 38.068473815917898 ], [ 15.6481952667237, 38.068473815917898 ], [ 15.6481952667237, 38.0687484741212 ], [ 15.6479167938232, 38.0687484741212 ], [ 15.6479167938232, 38.068870544433601 ], [ 15.6479167938232, 38.069026947021499 ], [ 15.6476821899415, 38.069026947021499 ], [ 15.6473608016969, 38.069026947021499 ], [ 15.6473608016969, 38.069305419921903 ], [ 15.647255897521999, 38.069305419921903 ], [ 15.647083282470801, 38.069305419921903 ], [ 15.647083282470801, 38.069419860839801 ], [ 15.647083282470801, 38.069583892822301 ], [ 15.6468343734741, 38.069583892822301 ], [ 15.6465291976929, 38.069583892822301 ], [ 15.6465291976929, 38.069862365722699 ], [ 15.6464099884034, 38.069862365722699 ], [ 15.6459732055665, 38.069862365722699 ], [ 15.6459732055665, 38.070137023925902 ], [ 15.64541721344, 38.070137023925902 ], [ 15.64541721344, 38.0704154968263 ], [ 15.644860267639199, 38.0704154968263 ], [ 15.644860267639199, 38.070693969726598 ], [ 15.6443042755128, 38.070693969726598 ], [ 15.6443042755128, 38.070972442627003 ], [ 15.643471717834499, 38.070972442627003 ], [ 15.643471717834499, 38.071250915527401 ], [ 15.6423597335815, 38.071250915527401 ], [ 15.6423597335815, 38.071529388427798 ], [ 15.6418056488038, 38.071529388427798 ], [ 15.6418056488038, 38.072082519531399 ], [ 15.641528129577701, 38.072082519531399 ], [ 15.641528129577701, 38.072360992431797 ], [ 15.641249656677401, 38.072360992431797 ], [ 15.641249656677401, 38.072639465332102 ], [ 15.640416145324799, 38.072639465332102 ], [ 15.640416145324799, 38.0729179382325 ], [ 15.6398601531984, 38.0729179382325 ], [ 15.6398601531984, 38.073192596435497 ], [ 15.638750076294, 38.073192596435497 ], [ 15.638750076294, 38.073471069335902 ], [ 15.638471603393601, 38.073471069335902 ], [ 15.638471603393601, 38.074028015136697 ], [ 15.6376399993896, 38.074028015136697 ], [ 15.6376399993896, 38.074306488037102 ], [ 15.6368055343628, 38.074306488037102 ], [ 15.6368055343628, 38.0745849609375 ], [ 15.636528015136699, 38.0745849609375 ], [ 15.636528015136699, 38.074859619140703 ], [ 15.6362495422363, 38.074859619140703 ], [ 15.6362495422363, 38.075138092041101 ], [ 15.635693550109799, 38.075138092041101 ], [ 15.635693550109799, 38.075416564941499 ], [ 15.6354179382325, 38.075416564941499 ], [ 15.6354179382325, 38.075695037841903 ], [ 15.635137557983301, 38.075695037841903 ], [ 15.635137557983301, 38.075973510742202 ], [ 15.634861946106, 38.075973510742202 ], [ 15.634861946106, 38.0768051147462 ], [ 15.634584426879901, 38.0768051147462 ], [ 15.634584426879901, 38.077640533447301 ], [ 15.634305953979601, 38.077640533447301 ], [ 15.634305953979601, 38.0801391601562 ], [ 15.6340284347535, 38.0801391601562 ], [ 15.6340284347535, 38.0822143554688 ], [ 15.633991241455099, 38.082359313965 ], [ 15.6331939697266, 38.082359313965 ], [ 15.6331939697266, 38.082084655761797 ], [ 15.6329145431519, 38.082084655761797 ], [ 15.6329145431519, 38.084583282470597 ], [ 15.6326398849487, 38.084583282470597 ], [ 15.6326398849487, 38.086250305175803 ], [ 15.6329145431519, 38.086250305175803 ], [ 15.6329145431519, 38.0865898132325 ], [ 15.6329145431519, 38.087917327880902 ], [ 15.6326398849487, 38.087917327880902 ], [ 15.6326398849487, 38.088470458984503 ], [ 15.6324367523194, 38.088470458984503 ], [ 15.632362365722701, 38.088470458984503 ], [ 15.632362365722701, 38.0887680053712 ], [ 15.6322946548462, 38.089027404785298 ], [ 15.632083892822299, 38.089027404785298 ], [ 15.632083892822299, 38.089305877685703 ], [ 15.6318063735962, 38.089305877685703 ], [ 15.6318063735962, 38.089862823486399 ], [ 15.6315269470215, 38.089862823486399 ], [ 15.6315269470215, 38.090137481689503 ], [ 15.631249427795399, 38.090137481689503 ], [ 15.631249427795399, 38.090694427490199 ], [ 15.630970954895, 38.090694427490199 ], [ 15.630970954895, 38.092849731445398 ], [ 15.630693435668899, 38.092918395996101 ], [ 15.630693435668899, 38.093208312988402 ], [ 15.630693435668899, 38.094028472900398 ], [ 15.6304178237916, 38.094028472900398 ], [ 15.6304178237916, 38.096805572509801 ], [ 15.630693435668899, 38.096805572509801 ], [ 15.630693435668899, 38.097755432128999 ], [ 15.630693435668899, 38.098751068115199 ], [ 15.630970954895, 38.098751068115199 ], [ 15.630970954895, 38.10013961792 ], [ 15.630693435668899, 38.10013961792 ], [ 15.630693435668899, 38.101806640625099 ], [ 15.630970954895, 38.101806640625099 ], [ 15.630970954895, 38.102638244628899 ], [ 15.631249427795399, 38.102638244628899 ], [ 15.631249427795399, 38.103195190429702 ], [ 15.631512641906699, 38.103195190429702 ], [ 15.632083892822299, 38.103195190429702 ], [ 15.632083892822299, 38.10347366333 ], [ 15.633472442626999, 38.10347366333 ], [ 15.633472442626999, 38.103748321533303 ], [ 15.635137557983301, 38.103748321533303 ], [ 15.635137557983301, 38.1040267944337 ], [ 15.6354179382325, 38.1040267944337 ], [ 15.6354179382325, 38.104305267333999 ], [ 15.635693550109799, 38.104305267333999 ], [ 15.635693550109799, 38.104862213134801 ], [ 15.635972023010201, 38.104862213134801 ], [ 15.635972023010201, 38.105415344238402 ], [ 15.6362495422363, 38.105415344238402 ], [ 15.6362495422363, 38.105972290039098 ], [ 15.636528015136699, 38.105972290039098 ], [ 15.636528015136699, 38.106529235839901 ], [ 15.6370840072631, 38.106529235839901 ], [ 15.6370840072631, 38.106803894042898 ], [ 15.6373615264893, 38.106803894042898 ], [ 15.6373615264893, 38.107082366943501 ], [ 15.6376399993896, 38.107082366943501 ], [ 15.6376399993896, 38.107360839843899 ], [ 15.637915611267101, 38.107360839843899 ], [ 15.637915611267101, 38.107639312744297 ], [ 15.6381940841675, 38.107639312744297 ], [ 15.6381940841675, 38.107917785644602 ], [ 15.638471603393601, 38.107917785644602 ], [ 15.638471603393601, 38.108196258545 ], [ 15.638750076294, 38.108196258545 ], [ 15.638750076294, 38.1083374023437 ], [ 15.638750076294, 38.108470916747997 ], [ 15.6389570236206, 38.108470916747997 ], [ 15.639306068420501, 38.108470916747997 ], [ 15.639306068420501, 38.108749389648402 ], [ 15.6393909454347, 38.108749389648402 ], [ 15.6395835876465, 38.108749389648402 ], [ 15.6395835876465, 38.108875274658203 ], [ 15.6395835876465, 38.1090278625488 ], [ 15.639823913574199, 38.1090278625488 ], [ 15.6403837203981, 38.1090278625488 ], [ 15.641249656677401, 38.1090278625488 ], [ 15.641249656677401, 38.109306335449197 ], [ 15.6418056488038, 38.109306335449197 ], [ 15.6418056488038, 38.109584808349602 ], [ 15.642082214355501, 38.109584808349602 ], [ 15.642082214355501, 38.109859466552798 ], [ 15.6426382064819, 38.109859466552798 ], [ 15.6426382064819, 38.110416412353601 ], [ 15.642915725708001, 38.110416412353601 ], [ 15.642915725708001, 38.1108169555663 ], [ 15.642915725708001, 38.111251831054702 ], [ 15.6431941986084, 38.111251831054702 ], [ 15.6431941986084, 38.111526489257898 ], [ 15.643750190734901, 38.111526489257898 ], [ 15.643750190734901, 38.111804962158303 ], [ 15.6440286636353, 38.111804962158303 ], [ 15.6440286636353, 38.1120834350587 ], [ 15.644860267639199, 38.112110137939503 ], [ 15.644860267639199, 38.112361907958999 ], [ 15.645192146301399, 38.112361907958999 ], [ 15.6462507247925, 38.112361907958999 ], [ 15.6462507247925, 38.112640380859403 ], [ 15.6465291976929, 38.112640380859403 ], [ 15.6465291976929, 38.112915039062401 ], [ 15.646806716919, 38.112915039062401 ], [ 15.646806716919, 38.113193511962798 ], [ 15.6473608016969, 38.113193511962798 ], [ 15.6473608016969, 38.113471984863402 ], [ 15.647639274597299, 38.113471984863402 ], [ 15.647639274597299, 38.1137504577638 ], [ 15.6479167938232, 38.1137504577638 ], [ 15.6479167938232, 38.114028930664198 ], [ 15.6481952667237, 38.114028930664198 ], [ 15.6481952667237, 38.114582061767599 ], [ 15.6484727859497, 38.114582061767599 ], [ 15.6484727859497, 38.115009307861399 ], [ 15.6484727859497, 38.1154174804688 ], [ 15.6481952667237, 38.1154174804688 ], [ 15.6481952667237, 38.116249084472699 ], [ 15.6479167938232, 38.116249084472699 ], [ 15.6479167938232, 38.116806030273501 ], [ 15.647639274597299, 38.116806030273501 ], [ 15.647639274597299, 38.117362976074197 ], [ 15.6473608016969, 38.117362976074197 ], [ 15.6473608016969, 38.119583129882798 ], [ 15.647639274597299, 38.119583129882798 ], [ 15.647639274597299, 38.120418548584098 ], [ 15.647083282470801, 38.120418548584098 ], [ 15.647083282470801, 38.120693206787102 ], [ 15.6465291976929, 38.120693206787102 ], [ 15.6465291976929, 38.1218070983887 ], [ 15.646806716919, 38.1218070983887 ], [ 15.646806716919, 38.122638702392599 ], [ 15.647083282470801, 38.122638702392599 ], [ 15.647083282470801, 38.123470306396598 ], [ 15.6473608016969, 38.1234741210938 ], [ 15.6473608016969, 38.124862670898501 ], [ 15.647639274597299, 38.124862670898501 ], [ 15.647639274597299, 38.125415802001903 ], [ 15.6481952667237, 38.125415802001903 ], [ 15.6481952667237, 38.125972747802699 ], [ 15.6484727859497, 38.125972747802699 ], [ 15.6484727859497, 38.126804351806598 ], [ 15.6481952667237, 38.126804351806598 ], [ 15.6481952667237, 38.127639770507798 ], [ 15.64875125885, 38.127639770507798 ], [ 15.64875125885, 38.127918243408203 ], [ 15.649028778076101, 38.127918243408203 ], [ 15.649028778076101, 38.128192901611399 ], [ 15.649305343627899, 38.128192901611399 ], [ 15.649305343627899, 38.127918243408203 ], [ 15.649582862854, 38.127918243408203 ], [ 15.649582862854, 38.127639770507798 ], [ 15.6498613357544, 38.127639770507798 ], [ 15.6498613357544, 38.127082824707003 ], [ 15.649582862854, 38.127082824707003 ], [ 15.649582862854, 38.126251220703203 ], [ 15.649305343627899, 38.126251220703203 ], [ 15.649305343627899, 38.125415802001903 ], [ 15.649028778076101, 38.125415802001903 ], [ 15.649028778076101, 38.124862670898501 ], [ 15.64875125885, 38.124862670898501 ], [ 15.64875125885, 38.122638702392599 ], [ 15.649028778076101, 38.122638702392599 ], [ 15.649028778076101, 38.122081756591903 ], [ 15.649305343627899, 38.122081756591903 ], [ 15.649305343627899, 38.1218070983887 ], [ 15.650694847106999, 38.1218070983887 ], [ 15.650694847106999, 38.122081756591903 ], [ 15.650973320007299, 38.122081756591903 ], [ 15.650973320007299, 38.122360229492202 ], [ 15.651527404785201, 38.122360229492202 ], [ 15.651527404785201, 38.122638702392599 ], [ 15.6518049240113, 38.122638702392599 ], [ 15.6518049240113, 38.123195648193402 ], [ 15.652083396911699, 38.123195648193402 ], [ 15.652083396911699, 38.124584197998203 ], [ 15.6518049240113, 38.124584197998203 ], [ 15.6518049240113, 38.125972747802699 ], [ 15.651527404785201, 38.125972747802699 ], [ 15.651527404785201, 38.126804351806598 ], [ 15.651248931884799, 38.126804351806598 ], [ 15.651248931884799, 38.129028320312599 ], [ 15.651527404785201, 38.129028320312599 ], [ 15.651527404785201, 38.129306793212898 ], [ 15.6518049240113, 38.129306793212898 ], [ 15.6518049240113, 38.129581451416101 ], [ 15.652083396911699, 38.129581451416101 ], [ 15.652083396911699, 38.129791259765703 ], [ 15.652083396911699, 38.130416870117301 ], [ 15.6522588729859, 38.130416870117301 ], [ 15.6523609161378, 38.130416870117301 ], [ 15.6523609161378, 38.130714416503899 ], [ 15.6523609161378, 38.131248474121101 ], [ 15.6527757644654, 38.131248474121101 ], [ 15.653470993041999, 38.131248474121101 ], [ 15.653470993041999, 38.131526947021499 ], [ 15.653751373291099, 38.131526947021499 ], [ 15.653751373291099, 38.131805419921903 ], [ 15.653949737548899, 38.131805419921903 ], [ 15.6540269851685, 38.131805419921903 ], [ 15.6540269851685, 38.132083892822202 ], [ 15.6543054580688, 38.132083892822202 ], [ 15.6543054580688, 38.132362365722599 ], [ 15.654582977294901, 38.132362365722599 ], [ 15.654582977294901, 38.132637023925803 ], [ 15.6548614501953, 38.132637023925803 ], [ 15.6548614501953, 38.133193969726598 ], [ 15.655138969421399, 38.133193969726598 ], [ 15.655138969421399, 38.133472442627003 ], [ 15.6554174423218, 38.133472442627003 ], [ 15.6554174423218, 38.134029388427699 ], [ 15.6556930541993, 38.134029388427699 ], [ 15.6556930541993, 38.1345825195313 ], [ 15.6562490463257, 38.1345825195313 ], [ 15.6562490463257, 38.134860992431697 ], [ 15.6565265655518, 38.134860992431697 ], [ 15.6565265655518, 38.1354179382325 ], [ 15.6568050384522, 38.1354179382325 ], [ 15.6568050384522, 38.136352539062599 ], [ 15.6568050384522, 38.137638092041001 ], [ 15.6565265655518, 38.137638092041001 ], [ 15.6565265655518, 38.138195037841797 ], [ 15.6562490463257, 38.138195037841797 ], [ 15.6562490463257, 38.138748168945398 ], [ 15.6559734344482, 38.138748168945398 ], [ 15.6559734344482, 38.139305114746101 ], [ 15.6556930541993, 38.139305114746101 ], [ 15.6556930541993, 38.139862060546903 ], [ 15.655138969421399, 38.139862060546903 ], [ 15.655138969421399, 38.140140533447301 ], [ 15.6548614501953, 38.140140533447301 ], [ 15.6548614501953, 38.140415191650497 ], [ 15.654582977294901, 38.140415191650497 ], [ 15.654582977294901, 38.140693664550803 ], [ 15.6540269851685, 38.140693664550803 ], [ 15.6540269851685, 38.1409721374512 ], [ 15.653470993041999, 38.1409721374512 ], [ 15.653470993041999, 38.141250610351598 ], [ 15.6531953811647, 38.141250610351598 ], [ 15.6531953811647, 38.141529083252003 ], [ 15.6529169082643, 38.141529083252003 ], [ 15.6529169082643, 38.141803741455 ], [ 15.6526393890382, 38.141803741455 ], [ 15.6526393890382, 38.142082214355597 ], [ 15.6518049240113, 38.142082214355597 ], [ 15.6518049240113, 38.142360687256001 ], [ 15.651248931884799, 38.142360687256001 ], [ 15.651248931884799, 38.143749237060497 ], [ 15.651527404785201, 38.143749237060497 ], [ 15.651527404785201, 38.1443061828613 ], [ 15.6518049240113, 38.1443061828613 ], [ 15.6518049240113, 38.144584655761697 ], [ 15.652083396911699, 38.144584655761697 ], [ 15.652083396911699, 38.144859313964901 ], [ 15.6523609161378, 38.144859313964901 ], [ 15.6523609161378, 38.145137786865298 ], [ 15.6526393890382, 38.145137786865298 ], [ 15.6526393890382, 38.145416259765703 ], [ 15.6529169082643, 38.145416259765703 ], [ 15.6529169082643, 38.146251678466797 ], [ 15.6531953811647, 38.146251678466797 ], [ 15.6531953811647, 38.147083282470803 ], [ 15.6529169082643, 38.147083282470803 ], [ 15.6529169082643, 38.1473617553712 ], [ 15.6531953811647, 38.1473617553712 ], [ 15.6531953811647, 38.147914886474602 ], [ 15.653470993041999, 38.147914886474602 ], [ 15.653470993041999, 38.148471832275497 ], [ 15.6531953811647, 38.148471832275497 ], [ 15.6531953811647, 38.149307250976698 ], [ 15.653470993041999, 38.149307250976698 ], [ 15.653470993041999, 38.149860382080099 ], [ 15.6540269851685, 38.149860382080099 ], [ 15.6540269851685, 38.1506958007812 ], [ 15.6548614501953, 38.1506958007812 ], [ 15.6548614501953, 38.150970458984403 ], [ 15.655138969421399, 38.150970458984403 ], [ 15.655138969421399, 38.151248931884801 ], [ 15.6554174423218, 38.151248931884801 ], [ 15.6554174423218, 38.152637481689602 ], [ 15.654582977294901, 38.152637481689602 ], [ 15.654582977294901, 38.15291595459 ], [ 15.6543054580688, 38.15291595459 ], [ 15.6543054580688, 38.153194427490298 ], [ 15.6541252136232, 38.153194427490298 ], [ 15.6540269851685, 38.153194427490298 ], [ 15.6540269851685, 38.154861450195398 ], [ 15.653751373291099, 38.154861450195398 ], [ 15.653751373291099, 38.1554183959962 ], [ 15.653470993041999, 38.1554183959962 ], [ 15.653470993041999, 38.155582427978501 ], [ 15.653470993041999, 38.155971527099602 ], [ 15.6531953811647, 38.155971527099602 ], [ 15.6531953811647, 38.156806945800803 ], [ 15.6529169082643, 38.156806945800803 ], [ 15.6529169082643, 38.157638549804702 ], [ 15.6526393890382, 38.157638549804702 ], [ 15.6526393890382, 38.157917022705099 ], [ 15.6523609161378, 38.157917022705099 ], [ 15.6523609161378, 38.158195495605497 ], [ 15.652083396911699, 38.158195495605497 ], [ 15.652083396911699, 38.158473968505902 ], [ 15.6518049240113, 38.158473968505902 ], [ 15.6518049240113, 38.158748626709098 ], [ 15.650973320007299, 38.158748626709098 ], [ 15.650973320007299, 38.159027099609503 ], [ 15.6504173278809, 38.159027099609503 ], [ 15.6504173278809, 38.159305572509901 ], [ 15.650138854980501, 38.159305572509901 ], [ 15.650138854980501, 38.159584045410298 ], [ 15.6498613357544, 38.159584045410298 ], [ 15.6498613357544, 38.159862518310597 ], [ 15.649305343627899, 38.159862518310597 ], [ 15.649305343627899, 38.1601371765137 ], [ 15.64875125885, 38.1601371765137 ], [ 15.64875125885, 38.160415649414098 ], [ 15.6484727859497, 38.160415649414098 ], [ 15.6484727859497, 38.160972595214801 ], [ 15.6481952667237, 38.160972595214801 ], [ 15.6481952667237, 38.161251068115298 ], [ 15.6479167938232, 38.161251068115298 ], [ 15.6479167938232, 38.161529541015703 ], [ 15.647639274597299, 38.161529541015703 ], [ 15.647639274597299, 38.1618041992188 ], [ 15.6473608016969, 38.1618041992188 ], [ 15.6473608016969, 38.162361145019503 ], [ 15.647083282470801, 38.162361145019503 ], [ 15.647083282470801, 38.162639617919901 ], [ 15.646806716919, 38.162639617919901 ], [ 15.646806716919, 38.162918090820298 ], [ 15.6465291976929, 38.162918090820298 ], [ 15.6465291976929, 38.163471221923899 ], [ 15.6462507247925, 38.163471221923899 ], [ 15.6462507247925, 38.163749694824297 ], [ 15.6459732055665, 38.163749694824297 ], [ 15.6459732055665, 38.164028167724702 ], [ 15.645694732666099, 38.164028167724702 ], [ 15.645694732666099, 38.164859771728601 ], [ 15.64541721344, 38.164859771728601 ], [ 15.64541721344, 38.165416717529403 ], [ 15.6451377868653, 38.165416717529403 ], [ 15.6451377868653, 38.165973663330199 ], [ 15.644860267639199, 38.165973663330199 ], [ 15.644860267639199, 38.166248321533203 ], [ 15.6443042755128, 38.166248321533203 ], [ 15.6443042755128, 38.166526794433601 ], [ 15.6440286636353, 38.166526794433601 ], [ 15.6440286636353, 38.166805267333999 ], [ 15.643471717834499, 38.166805267333999 ], [ 15.643471717834499, 38.167083740234297 ], [ 15.6423778533937, 38.167083740234297 ], [ 15.642082214355501, 38.167083740234297 ], [ 15.642082214355501, 38.167362213134702 ], [ 15.6409721374513, 38.167362213134702 ], [ 15.6409721374513, 38.167640686035298 ], [ 15.6406936645509, 38.167640686035298 ], [ 15.6406936645509, 38.1681938171387 ], [ 15.640416145324799, 38.1681938171387 ], [ 15.640416145324799, 38.168750762939403 ], [ 15.6401376724244, 38.168750762939403 ], [ 15.6401376724244, 38.169303894042997 ], [ 15.6398601531984, 38.169303894042997 ], [ 15.6398601531984, 38.169582366943402 ], [ 15.6395835876465, 38.169582366943402 ], [ 15.6395835876465, 38.170139312744197 ], [ 15.6398601531984, 38.170139312744197 ], [ 15.6398601531984, 38.171249389648601 ], [ 15.6395835876465, 38.171249389648601 ], [ 15.6395835876465, 38.172359466552699 ], [ 15.6398601531984, 38.172359466552699 ], [ 15.6398601531984, 38.172962188720703 ], [ 15.6398601531984, 38.1731147766113 ], [ 15.6398601531984, 38.174304962158303 ], [ 15.6401376724244, 38.174304962158303 ], [ 15.6401376724244, 38.175693511962898 ], [ 15.640416145324799, 38.175693511962898 ], [ 15.640416145324799, 38.1762504577637 ], [ 15.6406936645509, 38.1762504577637 ], [ 15.6406936645509, 38.177917480468899 ], [ 15.6409721374513, 38.177917480468899 ], [ 15.6409721374513, 38.178470611572301 ], [ 15.641249656677401, 38.178470611572301 ], [ 15.641249656677401, 38.179027557372997 ], [ 15.641528129577701, 38.179027557372997 ], [ 15.641528129577701, 38.180973052978501 ], [ 15.641249656677401, 38.180973052978501 ], [ 15.641249656677401, 38.181526184082102 ], [ 15.6406936645509, 38.181526184082102 ], [ 15.6406936645509, 38.1818046569825 ], [ 15.6401376724244, 38.1818046569825 ], [ 15.6401376724244, 38.182361602783303 ], [ 15.6398601531984, 38.182361602783303 ], [ 15.6398601531984, 38.182640075683601 ], [ 15.639306068420501, 38.182640075683601 ], [ 15.639306068420501, 38.182918548583999 ], [ 15.639027595520099, 38.182918548583999 ], [ 15.639027595520099, 38.183193206787102 ], [ 15.638750076294, 38.183193206787102 ], [ 15.638750076294, 38.183750152587997 ], [ 15.638471603393601, 38.183750152587997 ], [ 15.638471603393601, 38.184028625488402 ], [ 15.6370840072631, 38.184028625488402 ], [ 15.6370840072631, 38.1843070983888 ], [ 15.6368055343628, 38.1843070983888 ], [ 15.6368055343628, 38.184581756591797 ], [ 15.6362495422363, 38.184581756591797 ], [ 15.6362495422363, 38.184860229492202 ], [ 15.635972023010201, 38.184860229492202 ], [ 15.635972023010201, 38.185138702392599 ], [ 15.635449409485, 38.185138702392599 ], [ 15.635137557983301, 38.185138702392599 ], [ 15.635137557983301, 38.185417175292997 ], [ 15.6347265243531, 38.185417175292997 ], [ 15.634584426879901, 38.185417175292997 ], [ 15.634584426879901, 38.185760498047003 ], [ 15.634584426879901, 38.1859741210938 ], [ 15.634305953979601, 38.1859741210938 ], [ 15.634271621704199, 38.1864242553712 ], [ 15.634264945984, 38.186527252197301 ], [ 15.6340284347535, 38.186527252197301 ], [ 15.6340284347535, 38.18709564209 ], [ 15.6340284347535, 38.187637329101698 ], [ 15.6337499618531, 38.187637329101698 ], [ 15.6337499618531, 38.187759399414098 ], [ 15.6337499618531, 38.190139770507898 ], [ 15.633472442626999, 38.190139770507898 ], [ 15.633472442626999, 38.190971374511697 ], [ 15.6329145431519, 38.190971374511697 ], [ 15.6329145431519, 38.191249847412102 ], [ 15.6331939697266, 38.191249847412102 ], [ 15.633195877075201, 38.199306488037202 ], [ 15.633472442626999, 38.199306488037202 ], [ 15.633472442626999, 38.202640533447401 ], [ 15.6337499618531, 38.202640533447401 ], [ 15.6338081359863, 38.203109741211101 ], [ 15.6337499618531, 38.204860687255902 ], [ 15.6340284347535, 38.204860687255902 ], [ 15.6340284347535, 38.2051391601563 ], [ 15.634305953979601, 38.2051391601563 ], [ 15.634305953979601, 38.2054443359375 ], [ 15.634305953979601, 38.210414886474702 ], [ 15.6340284347535, 38.210414886474702 ], [ 15.6340284347535, 38.211250305175803 ], [ 15.6337499618531, 38.211250305175803 ], [ 15.6337499618531, 38.212638854980597 ], [ 15.633472442626999, 38.212638854980597 ], [ 15.633472442626999, 38.214305877685497 ], [ 15.6333532333375, 38.214305877685497 ], [ 15.633195877075201, 38.214305877685497 ], [ 15.6331939697266, 38.215137481689503 ], [ 15.6329145431519, 38.215137481689503 ], [ 15.6329145431519, 38.215694427490298 ], [ 15.6326398849487, 38.215694427490298 ], [ 15.6326398849487, 38.216251373291001 ], [ 15.632083892822299, 38.216251373291001 ], [ 15.632083892822299, 38.217082977295 ], [ 15.6329145431519, 38.217082977295 ], [ 15.6329145431519, 38.2179183959962 ], [ 15.633472442626999, 38.2179183959962 ], [ 15.633472442626999, 38.218193054199197 ], [ 15.6337499618531, 38.218193054199197 ], [ 15.6337499618531, 38.219028472900497 ], [ 15.633195877075201, 38.219028472900497 ], [ 15.6331939697266, 38.219306945800902 ], [ 15.6329145431519, 38.219306945800902 ], [ 15.6329145431519, 38.219860076904297 ], [ 15.6337499618531, 38.219860076904297 ], [ 15.6337499618531, 38.220417022705099 ], [ 15.633472442626999, 38.220417022705099 ], [ 15.633472442626999, 38.220973968505902 ], [ 15.6329145431519, 38.220973968505902 ], [ 15.6329145431519, 38.221248626708999 ], [ 15.6331939697266, 38.221248626708999 ], [ 15.6331939697266, 38.221805572509801 ], [ 15.6329145431519, 38.221805572509801 ], [ 15.6329145431519, 38.222362518310497 ], [ 15.6318063735962, 38.222362518310497 ], [ 15.6318063735962, 38.223472595214901 ], [ 15.632083892822299, 38.223472595214901 ], [ 15.632083892822299, 38.224029541015703 ], [ 15.6329145431519, 38.224029541015703 ], [ 15.6329145431519, 38.2243041992187 ], [ 15.6331939697266, 38.2243041992187 ], [ 15.633195877075201, 38.224861145019602 ], [ 15.6337499618531, 38.224861145019602 ], [ 15.6337499618531, 38.22513961792 ], [ 15.6340284347535, 38.22513961792 ], [ 15.6340284347535, 38.225692749023402 ], [ 15.634305953979601, 38.225692749023402 ], [ 15.634305953979601, 38.226249694824197 ], [ 15.634584426879901, 38.226249694824197 ], [ 15.634584426879901, 38.226806640625 ], [ 15.634861946106, 38.226806640625 ], [ 15.634861946106, 38.227359771728601 ], [ 15.635137557983301, 38.227359771728601 ], [ 15.635137557983301, 38.227588653564602 ], [ 15.635137557983301, 38.228748321533303 ], [ 15.6354179382325, 38.228748321533303 ], [ 15.6354179382325, 38.230140686035199 ], [ 15.635137557983301, 38.230140686035199 ], [ 15.635137557983301, 38.23152923584 ], [ 15.6354179382325, 38.23152923584 ], [ 15.6354179382325, 38.232082366943402 ], [ 15.635693550109799, 38.232082366943402 ], [ 15.635693550109799, 38.2323608398438 ], [ 15.635972023010201, 38.2323608398438 ], [ 15.635972023010201, 38.232639312744098 ], [ 15.6370153427125, 38.232639312744098 ], [ 15.6376399993896, 38.232639312744098 ], [ 15.6376399993896, 38.2323608398438 ], [ 15.638471603393601, 38.2323608398438 ], [ 15.638471603393601, 38.232639312744098 ], [ 15.6395835876465, 38.232639312744098 ], [ 15.6395835876465, 38.232917785644503 ], [ 15.641528129577701, 38.232917785644503 ], [ 15.641528129577701, 38.233196258544901 ], [ 15.642082214355501, 38.233196258544901 ], [ 15.642082214355501, 38.233470916748097 ], [ 15.6423597335815, 38.233470916748097 ], [ 15.6423597335815, 38.233749389648501 ], [ 15.6426382064819, 38.233749389648501 ], [ 15.6426382064819, 38.233917236328203 ], [ 15.6426382064819, 38.234027862548899 ], [ 15.6431560516357, 38.234027862548899 ], [ 15.6432466506959, 38.234027862548899 ], [ 15.643750190734901, 38.234027862548899 ], [ 15.643750190734901, 38.2341499328613 ], [ 15.643750190734901, 38.234306335449297 ], [ 15.6445045471191, 38.234306335449297 ], [ 15.644860267639199, 38.234306335449297 ], [ 15.644860267639199, 38.234382629394602 ], [ 15.644860267639199, 38.234584808349702 ], [ 15.6458415985107, 38.234584808349702 ], [ 15.646806716919, 38.234584808349702 ], [ 15.646806716919, 38.234786987304602 ], [ 15.646806716919, 38.234859466552798 ], [ 15.647157669067401, 38.234859466552798 ], [ 15.650138854980501, 38.234859466552798 ], [ 15.650138854980501, 38.235137939453203 ], [ 15.651248931884799, 38.235137939453203 ], [ 15.651248931884799, 38.235416412353601 ], [ 15.6523609161378, 38.235416412353601 ], [ 15.6523609161378, 38.235694885253999 ], [ 15.6540269851685, 38.235694885253999 ], [ 15.6540269851685, 38.235973358154403 ], [ 15.6548614501953, 38.235973358154403 ], [ 15.6548614501953, 38.236251831054702 ], [ 15.6562490463257, 38.236251831054702 ], [ 15.6562490463257, 38.236526489257798 ], [ 15.6573610305787, 38.236526489257798 ], [ 15.6573610305787, 38.236804962158203 ], [ 15.658196449279799, 38.236804962158203 ], [ 15.658196449279799, 38.237083435058501 ], [ 15.658748626708901, 38.237083435058501 ], [ 15.658748626708901, 38.237361907958899 ], [ 15.6590280532838, 38.237361907958899 ], [ 15.6590280532838, 38.237560272216697 ], [ 15.6590280532838, 38.237640380859503 ], [ 15.659325599670501, 38.237640380859503 ], [ 15.6598615646362, 38.237640380859503 ], [ 15.6598615646362, 38.237789154052699 ], [ 15.6598615646362, 38.237915039062599 ], [ 15.660140037536699, 38.237915039062599 ], [ 15.660140037536699, 38.237640380859503 ], [ 15.6604156494141, 38.237640380859503 ], [ 15.6604156494141, 38.237915039062599 ], [ 15.661527633666999, 38.237915039062599 ], [ 15.661527633666999, 38.238193511962898 ], [ 15.661806106567401, 38.238193511962898 ], [ 15.661806106567401, 38.237915039062599 ], [ 15.6623620986938, 38.237915039062599 ], [ 15.6623620986938, 38.238193511962898 ], [ 15.6629180908203, 38.238193511962898 ], [ 15.6629180908203, 38.238471984863303 ], [ 15.6637496948243, 38.238471984863303 ], [ 15.6637496948243, 38.2387504577637 ], [ 15.665140151977701, 38.2387504577637 ], [ 15.665140151977701, 38.239028930664098 ], [ 15.6662502288818, 38.239028930664098 ], [ 15.6662502288818, 38.239307403564503 ], [ 15.6681938171387, 38.239307403564503 ], [ 15.6681938171387, 38.239582061767599 ], [ 15.6684722900391, 38.239582061767599 ], [ 15.6684722900391, 38.239860534667997 ], [ 15.6690282821656, 38.239860534667997 ], [ 15.6690282821656, 38.240139007568402 ], [ 15.6695823669435, 38.240139007568402 ], [ 15.6695823669435, 38.2404174804688 ], [ 15.669859886169499, 38.2404174804688 ], [ 15.669859886169499, 38.240695953369197 ], [ 15.670037269592299, 38.240695953369197 ], [ 15.670415878296, 38.240695953369197 ], [ 15.670415878296, 38.240840911865199 ], [ 15.670415878296, 38.240970611572401 ], [ 15.670694351196399, 38.240970611572401 ], [ 15.670694351196399, 38.241249084472798 ], [ 15.6712512969972, 38.24125289917 ], [ 15.6712512969972, 38.241806030273601 ], [ 15.6718044281006, 38.241806030273601 ], [ 15.6718044281006, 38.242084503173899 ], [ 15.672360420227101, 38.242122650146598 ], [ 15.672360420227101, 38.242362976074297 ], [ 15.672555923461999, 38.242362976074297 ], [ 15.672638893127401, 38.242362976074297 ], [ 15.672638893127401, 38.242454528808601 ], [ 15.672638893127401, 38.242637634277301 ], [ 15.672809600830201, 38.242637634277301 ], [ 15.673194885253899, 38.242637634277301 ], [ 15.673194885253899, 38.242916107177699 ], [ 15.6737508773804, 38.242916107177699 ], [ 15.6737508773804, 38.243194580078097 ], [ 15.6743068695068, 38.243194580078097 ], [ 15.6743068695068, 38.243473052978501 ], [ 15.6745834350587, 38.243473052978501 ], [ 15.6745834350587, 38.243583679199197 ], [ 15.6745834350587, 38.2437515258788 ], [ 15.6749610900878, 38.2437515258788 ], [ 15.675139427185099, 38.2437515258788 ], [ 15.675139427185099, 38.2443046569825 ], [ 15.6754169464112, 38.2443046569825 ], [ 15.6754169464112, 38.244583129882798 ], [ 15.6756954193116, 38.244583129882798 ], [ 15.6756954193116, 38.244861602783203 ], [ 15.676251411438001, 38.244861602783203 ], [ 15.676251411438001, 38.245140075683601 ], [ 15.677360534668001, 38.245140075683601 ], [ 15.677360534668001, 38.245414733886797 ], [ 15.6779165267944, 38.245418548583999 ], [ 15.6779165267944, 38.245971679687599 ], [ 15.678194999694799, 38.245971679687599 ], [ 15.678194999694799, 38.246528625488303 ], [ 15.678473472595201, 38.246528625488303 ], [ 15.678473472595201, 38.2468070983887 ], [ 15.6787509918213, 38.2468070983887 ], [ 15.6787509918213, 38.247081756591903 ], [ 15.6790266036988, 38.247081756591903 ], [ 15.6790266036988, 38.247360229492301 ], [ 15.6795825958253, 38.247360229492301 ], [ 15.6795825958253, 38.247638702392699 ], [ 15.6798610687256, 38.247638702392699 ], [ 15.6798610687256, 38.247917175293097 ], [ 15.681248664856099, 38.247917175293097 ], [ 15.681248664856099, 38.248195648193501 ], [ 15.6815271377565, 38.248195648193501 ], [ 15.6815271377565, 38.247917175293097 ], [ 15.6818046569825, 38.247917175293097 ], [ 15.6818046569825, 38.248195648193501 ], [ 15.6829166412353, 38.248195648193501 ], [ 15.6829166412353, 38.248470306396499 ], [ 15.685723304748601, 38.248474121093899 ], [ 15.6865282058716, 38.248474121093899 ], [ 15.6865282058716, 38.248748779296903 ], [ 15.6866216659547, 38.248748779296903 ], [ 15.686805725097701, 38.248748779296903 ], [ 15.686805725097701, 38.249027252197301 ], [ 15.686985969543599, 38.249027252197301 ], [ 15.6879177093506, 38.249027252197301 ], [ 15.6879177093506, 38.249305725097699 ], [ 15.6881942749025, 38.249305725097699 ], [ 15.6881942749025, 38.249584197997997 ], [ 15.689306259155201, 38.249584197997997 ], [ 15.689306259155201, 38.249862670898402 ], [ 15.689862251281699, 38.249862670898402 ], [ 15.689862251281699, 38.250137329101598 ], [ 15.690416336059601, 38.250137329101598 ], [ 15.690416336059601, 38.250534057617202 ], [ 15.690416336059601, 38.250694274902401 ], [ 15.6906938552856, 38.250694274902401 ], [ 15.6906938552856, 38.250972747802699 ], [ 15.6912498474122, 38.250972747802699 ], [ 15.6912498474122, 38.251251220703097 ], [ 15.692053794860801, 38.251251220703097 ], [ 15.6923599243165, 38.251251220703097 ], [ 15.6923599243165, 38.2513847351075 ], [ 15.6923599243165, 38.251525878906399 ], [ 15.6926794052125, 38.251525878906399 ], [ 15.692915916443001, 38.251525878906399 ], [ 15.692915916443001, 38.251251220703097 ], [ 15.6931943893434, 38.251251220703097 ], [ 15.6931943893434, 38.251525878906399 ], [ 15.693750381469799, 38.251525878906399 ], [ 15.693750381469799, 38.251804351806697 ], [ 15.6965284347534, 38.251804351806697 ], [ 15.6965284347534, 38.252082824707102 ], [ 15.697360038757401, 38.252082824707102 ], [ 15.697360038757401, 38.2523612976075 ], [ 15.6979160308838, 38.2523612976075 ], [ 15.6979160308838, 38.252639770507898 ], [ 15.699028968811101, 38.252639770507898 ], [ 15.699028968811101, 38.252918243408303 ], [ 15.7001390457154, 38.252918243408303 ], [ 15.7001390457154, 38.2531929016113 ], [ 15.701805114746101, 38.2531929016113 ], [ 15.701805114746101, 38.252918243408303 ], [ 15.703473091125501, 38.252918243408303 ], [ 15.703473091125501, 38.252639770507898 ], [ 15.704304695129499, 38.252639770507898 ], [ 15.704304695129499, 38.2523612976075 ], [ 15.704583168029799, 38.2523612976075 ], [ 15.704583168029799, 38.252082824707102 ], [ 15.704860687256, 38.252082824707102 ], [ 15.704860687256, 38.251804351806697 ], [ 15.705970764160201, 38.251804351806697 ], [ 15.705972671508899, 38.251525878906399 ], [ 15.708194732666, 38.251525878906399 ], [ 15.708194732666, 38.251804351806697 ], [ 15.708748817443899, 38.251804351806697 ], [ 15.708748817443899, 38.252082824707102 ], [ 15.7090272903443, 38.252082824707102 ], [ 15.7090272903443, 38.252639770507898 ], [ 15.7093048095704, 38.252639770507898 ], [ 15.7093048095704, 38.252918243408303 ], [ 15.7098608016968, 38.252918243408303 ], [ 15.7098608016968, 38.2531929016113 ], [ 15.710693359375099, 38.2531929016113 ], [ 15.710693359375099, 38.253471374511797 ], [ 15.711805343628001, 38.253471374511797 ], [ 15.711805343628001, 38.253749847412202 ], [ 15.712639808654901, 38.253749847412202 ], [ 15.712639808654901, 38.254028320312599 ], [ 15.7129154205322, 38.254028320312599 ], [ 15.7129154205322, 38.254306793212997 ], [ 15.713472366333001, 38.254306793212997 ], [ 15.713472366333001, 38.255081176757898 ], [ 15.713472366333001, 38.255405426025398 ], [ 15.713472366333001, 38.256248474121101 ], [ 15.7131958007812, 38.256248474121101 ], [ 15.7131958007812, 38.256805419921903 ], [ 15.713472366333001, 38.256805419921903 ], [ 15.713472366333001, 38.257083892822301 ], [ 15.7137498855591, 38.257083892822301 ], [ 15.7137498855591, 38.257637023925902 ], [ 15.7151384353638, 38.257637023925902 ], [ 15.715140342712401, 38.2579154968263 ], [ 15.7162504196168, 38.2579154968263 ], [ 15.7162504196168, 38.257637023925902 ], [ 15.7165279388428, 38.257637023925902 ], [ 15.7165279388428, 38.257083892822301 ], [ 15.7162504196168, 38.257083892822301 ], [ 15.7162504196168, 38.256805419921903 ], [ 15.715971946716399, 38.256805419921903 ], [ 15.715971946716399, 38.255973815917997 ], [ 15.7162504196168, 38.255973815917997 ], [ 15.7162504196168, 38.255695343017599 ], [ 15.7168064117432, 38.255695343017599 ], [ 15.7168064117432, 38.255531311035298 ], [ 15.7168064117432, 38.255416870117202 ], [ 15.7170839309694, 38.255416870117202 ], [ 15.7170839309694, 38.255275726318501 ], [ 15.7170839309694, 38.255138397216797 ], [ 15.717639923095801, 38.255138397216797 ], [ 15.717639923095801, 38.254859924316399 ], [ 15.7179155349731, 38.254859924316399 ], [ 15.7179155349731, 38.254581451416001 ], [ 15.7190284729003, 38.254581451416001 ], [ 15.7190284729003, 38.254306793212997 ], [ 15.7198600769044, 38.254306793212997 ], [ 15.7198600769044, 38.254581451416001 ], [ 15.7201375961304, 38.254581451416001 ], [ 15.7201375961304, 38.254306793212997 ], [ 15.720972061157299, 38.254306793212997 ], [ 15.720972061157299, 38.254581451416001 ], [ 15.7212495803834, 38.254581451416001 ], [ 15.7212495803834, 38.254028320312599 ], [ 15.7226381301881, 38.254028320312599 ], [ 15.7226381301881, 38.254581451416001 ], [ 15.723194122314601, 38.254581451416001 ], [ 15.723194122314601, 38.254306793212997 ], [ 15.7240276336669, 38.254306793212997 ], [ 15.7240276336669, 38.253749847412202 ], [ 15.724860191345201, 38.253749847412202 ], [ 15.724860191345201, 38.254028320312599 ], [ 15.725416183471699, 38.254028320312599 ], [ 15.725416183471699, 38.254306793212997 ], [ 15.726032257080201, 38.254306793212997 ], [ 15.727639198303301, 38.254306793212997 ], [ 15.727639198303301, 38.254100799560703 ], [ 15.727639198303301, 38.254028320312599 ], [ 15.7281951904297, 38.254028320312599 ], [ 15.7281951904297, 38.253749847412202 ], [ 15.7290267944335, 38.253749847412202 ], [ 15.7290267944335, 38.253471374511797 ], [ 15.7293052673341, 38.253471374511797 ], [ 15.7293052673341, 38.252918243408303 ], [ 15.7304172515869, 38.252918243408303 ], [ 15.7304172515869, 38.2531929016113 ], [ 15.7354173660279, 38.2531929016113 ], [ 15.7354173660279, 38.253471374511797 ], [ 15.736248970031699, 38.253471374511797 ], [ 15.736248970031699, 38.253749847412202 ], [ 15.7373609542847, 38.253749847412202 ], [ 15.7373609542847, 38.254028320312599 ], [ 15.737639427185099, 38.254028320312599 ], [ 15.737639427185099, 38.254306793212997 ], [ 15.738196372985801, 38.254306793212997 ], [ 15.738196372985801, 38.254505157470803 ], [ 15.738196372985801, 38.254581451416001 ], [ 15.738447189331101, 38.254581451416001 ], [ 15.739027023315501, 38.254581451416001 ], [ 15.739027023315501, 38.254760742187599 ], [ 15.739027023315501, 38.254859924316399 ], [ 15.7393455505372, 38.254859924316399 ], [ 15.7395839691163, 38.254859924316399 ], [ 15.7395839691163, 38.254932403564503 ], [ 15.7395839691163, 38.255138397216797 ], [ 15.739862442016699, 38.255138397216797 ], [ 15.739862442016699, 38.255416870117202 ], [ 15.7404146194457, 38.255416870117202 ], [ 15.7404146194457, 38.255695343017599 ], [ 15.742045402526999, 38.255695343017599 ], [ 15.7431936264038, 38.255695343017599 ], [ 15.7431936264038, 38.255973815917997 ], [ 15.745140075683601, 38.255973815917997 ], [ 15.745140075683601, 38.256248474121101 ], [ 15.745971679687599, 38.256248474121101 ], [ 15.745971679687599, 38.256526947021499 ], [ 15.746250152588001, 38.256526947021499 ], [ 15.746250152588001, 38.256805419921903 ], [ 15.7465276718141, 38.256805419921903 ], [ 15.7465276718141, 38.257083892822301 ], [ 15.747083663940501, 38.257083892822301 ], [ 15.747083663940501, 38.257251739502003 ], [ 15.747083663940501, 38.257362365722699 ], [ 15.7473621368409, 38.257362365722699 ], [ 15.7473621368409, 38.257637023925902 ], [ 15.747637748718301, 38.257637023925902 ], [ 15.747637748718301, 38.257423400878999 ], [ 15.7481937408447, 38.257362365722699 ], [ 15.7481937408447, 38.257637023925902 ], [ 15.748326301574799, 38.257637023925902 ], [ 15.7487497329712, 38.257637023925902 ], [ 15.7487497329712, 38.257083892822301 ], [ 15.749305725097701, 38.257083892822301 ], [ 15.749305725097701, 38.256805419921903 ], [ 15.749582290649499, 38.256805419921903 ], [ 15.749582290649499, 38.257362365722699 ], [ 15.749859809875501, 38.257362365722699 ], [ 15.749859809875501, 38.257637023925902 ], [ 15.7501382827759, 38.257637023925902 ], [ 15.7501382827759, 38.2579154968263 ], [ 15.7509717941285, 38.2579154968263 ], [ 15.7509717941285, 38.258193969726698 ], [ 15.751250267028899, 38.258193969726698 ], [ 15.751250267028899, 38.258472442627003 ], [ 15.7515287399293, 38.258472442627003 ], [ 15.7515287399293, 38.258750915527401 ], [ 15.7518043518068, 38.258750915527401 ], [ 15.7518043518068, 38.259029388427798 ], [ 15.7519435882568, 38.259029388427798 ], [ 15.7520847320557, 38.259090423584098 ], [ 15.7520847320557, 38.259304046630803 ], [ 15.752556800842299, 38.259304046630803 ], [ 15.7526378631591, 38.259342193603501 ], [ 15.7526378631591, 38.2595825195312 ], [ 15.753194808960099, 38.259590148925703 ], [ 15.753194808960099, 38.259860992431797 ], [ 15.753750801086399, 38.259860992431797 ], [ 15.753750801086399, 38.260139465332102 ], [ 15.754409790039, 38.260139465332102 ], [ 15.7545833587646, 38.260139465332102 ], [ 15.7545833587646, 38.260215759277301 ], [ 15.7545833587646, 38.2604179382325 ], [ 15.7548608779907, 38.2604179382325 ], [ 15.7548608779907, 38.260692596435497 ], [ 15.755139350891101, 38.260692596435497 ], [ 15.755139350891101, 38.260971069335902 ], [ 15.7554168701172, 38.260971069335902 ], [ 15.7554168701172, 38.2612495422363 ], [ 15.755695343017599, 38.2612495422363 ], [ 15.755695343017599, 38.261528015136697 ], [ 15.756251335144, 38.261528015136697 ], [ 15.756251335144, 38.261806488037102 ], [ 15.7568054199219, 38.261806488037102 ], [ 15.7568054199219, 38.2620849609375 ], [ 15.757917404174901, 38.2620849609375 ], [ 15.757917404174901, 38.262359619140703 ], [ 15.758194923401, 38.262359619140703 ], [ 15.758194923401, 38.262638092041101 ], [ 15.7587490081787, 38.262638092041101 ], [ 15.7587490081787, 38.262916564941499 ], [ 15.759305000305201, 38.262916564941499 ], [ 15.759305000305201, 38.263195037841903 ], [ 15.759583473205501, 38.263195037841903 ], [ 15.759583473205501, 38.262916564941499 ], [ 15.759755134582599, 38.262916564941499 ], [ 15.7604169845581, 38.262916564941499 ], [ 15.7604169845581, 38.263195037841903 ], [ 15.7618045806885, 38.263195037841903 ], [ 15.7618045806885, 38.263473510742202 ], [ 15.7626390457154, 38.263473510742202 ], [ 15.7626390457154, 38.263748168945398 ], [ 15.7629165649415, 38.263748168945398 ], [ 15.7629165649415, 38.264026641845803 ], [ 15.7634725570679, 38.264026641845803 ], [ 15.7634725570679, 38.2643051147462 ], [ 15.7640266418456, 38.2643051147462 ], [ 15.7640266418456, 38.264583587646598 ], [ 15.7645826339721, 38.264583587646598 ], [ 15.7645826339721, 38.264862060546903 ], [ 15.7648611068725, 38.264862060546903 ], [ 15.7648611068725, 38.265140533447301 ], [ 15.7654180526735, 38.265140533447301 ], [ 15.7654180526735, 38.265415191650398 ], [ 15.7656955718994, 38.265415191650398 ], [ 15.7656955718994, 38.265693664550703 ], [ 15.766528129577599, 38.265693664550703 ], [ 15.766528129577599, 38.265972137451101 ], [ 15.7668056488037, 38.265972137451101 ], [ 15.7668056488037, 38.266250610351698 ], [ 15.767361640930201, 38.266250610351698 ], [ 15.767361640930201, 38.266529083252102 ], [ 15.7679176330566, 38.266529083252102 ], [ 15.7679176330566, 38.267082214355497 ], [ 15.7681941986085, 38.267082214355497 ], [ 15.7681941986085, 38.267360687255902 ], [ 15.769027709961, 38.267360687255902 ], [ 15.769027709961, 38.2676391601562 ], [ 15.7695837020875, 38.2676391601562 ], [ 15.7695837020875, 38.267917633056598 ], [ 15.770137786865201, 38.267917633056598 ], [ 15.770137786865201, 38.268196105957003 ], [ 15.7704162597656, 38.268196105957003 ], [ 15.7704162597656, 38.268470764160199 ], [ 15.770972251891999, 38.268470764160199 ], [ 15.770972251891999, 38.268676757812599 ], [ 15.770972251891999, 38.268749237060597 ], [ 15.7718057632446, 38.268749237060597 ], [ 15.7718057632446, 38.269027709961001 ], [ 15.7723598480225, 38.269027709961001 ], [ 15.7723598480225, 38.269306182861399 ], [ 15.7726402282715, 38.269306182861399 ], [ 15.7726402282715, 38.269584655761797 ], [ 15.7731943130494, 38.269584655761797 ], [ 15.7731943130494, 38.269859313965 ], [ 15.7734718322754, 38.269859313965 ], [ 15.7734718322754, 38.270137786865298 ], [ 15.7735605239868, 38.270137786865298 ], [ 15.774306297302299, 38.270137786865298 ], [ 15.774306297302299, 38.270416259765703 ], [ 15.774581909179799, 38.270416259765703 ], [ 15.7745838165284, 38.270694732666101 ], [ 15.774671554565501, 38.270694732666101 ], [ 15.7751379013063, 38.270694732666101 ], [ 15.7751379013063, 38.270973205566499 ], [ 15.7752256393434, 38.270973205566499 ], [ 15.775416374206699, 38.270973205566499 ], [ 15.775416374206699, 38.271068572998203 ], [ 15.775416374206699, 38.271251678466903 ], [ 15.7757787704468, 38.271251678466903 ], [ 15.7759723663331, 38.271251678466903 ], [ 15.7759723663331, 38.271350860595703 ], [ 15.7759723663331, 38.271526336669901 ], [ 15.776249885559199, 38.271526336669901 ], [ 15.776249885559199, 38.271804809570298 ], [ 15.776528358459601, 38.271804809570298 ], [ 15.776528358459601, 38.272083282470597 ], [ 15.777435302734499, 38.272083282470597 ], [ 15.7776384353638, 38.272083282470597 ], [ 15.7776384353638, 38.272186279296903 ], [ 15.7776384353638, 38.272361755371001 ], [ 15.7779893875121, 38.272361755371001 ], [ 15.7784719467163, 38.272361755371001 ], [ 15.7784719467163, 38.272640228271598 ], [ 15.7793035507203, 38.272640228271598 ], [ 15.7793035507203, 38.272914886474702 ], [ 15.7804174423218, 38.272914886474702 ], [ 15.7804174423218, 38.273193359375 ], [ 15.7812509536744, 38.273193359375 ], [ 15.7812509536744, 38.273471832275398 ], [ 15.781806945800801, 38.273471832275398 ], [ 15.781806945800801, 38.273750305175803 ], [ 15.7826385498046, 38.273750305175803 ], [ 15.7826385498046, 38.2740287780762 ], [ 15.7831945419312, 38.2740287780762 ], [ 15.7831945419312, 38.274307250976598 ], [ 15.7834730148315, 38.274307250976598 ], [ 15.7834730148315, 38.274860382080099 ], [ 15.784304618835501, 38.274860382080099 ], [ 15.784304618835501, 38.275138854980497 ], [ 15.784860610961999, 38.275138854980497 ], [ 15.784860610961999, 38.275417327880902 ], [ 15.785139083862401, 38.275417327880902 ], [ 15.785139083862401, 38.2756958007813 ], [ 15.7856950759888, 38.2756958007813 ], [ 15.7856950759888, 38.275970458984503 ], [ 15.785972595214901, 38.275970458984503 ], [ 15.785972595214901, 38.276248931884901 ], [ 15.7862510681153, 38.276248931884901 ], [ 15.7862510681153, 38.276527404785298 ], [ 15.7868051528932, 38.276527404785298 ], [ 15.7868051528932, 38.276805877685703 ], [ 15.7870826721193, 38.276805877685703 ], [ 15.7870826721193, 38.277084350586101 ], [ 15.787361145019601, 38.277084350586101 ], [ 15.787361145019601, 38.277278900146499 ], [ 15.787361145019601, 38.277362823486399 ], [ 15.787517547607401, 38.277362823486399 ], [ 15.7876386642457, 38.277427673339901 ], [ 15.7876386642457, 38.277637481689403 ], [ 15.7880430221557, 38.277637481689403 ], [ 15.7881946563722, 38.277637481689403 ], [ 15.7881946563722, 38.277717590332003 ], [ 15.7881946563722, 38.277915954589801 ], [ 15.7884712219238, 38.277915954589801 ], [ 15.7884712219238, 38.278194427490199 ], [ 15.7890272140503, 38.278194427490199 ], [ 15.7890272140503, 38.278472900390597 ], [ 15.789304733276399, 38.278472900390597 ], [ 15.789304733276399, 38.278751373291001 ], [ 15.7898607254028, 38.278751373291001 ], [ 15.7898607254028, 38.279026031494197 ], [ 15.7901391983032, 38.279026031494197 ], [ 15.7901391983032, 38.279304504394602 ], [ 15.790693283081101, 38.279304504394602 ], [ 15.790693283081101, 38.279582977294901 ], [ 15.7915267944337, 38.279582977294901 ], [ 15.7915267944337, 38.279861450195298 ], [ 15.7922763824463, 38.279861450195298 ], [ 15.792362213134799, 38.2799072265625 ], [ 15.792362213134799, 38.280139923095703 ], [ 15.792804718017701, 38.280139923095703 ], [ 15.7929153442384, 38.280197143554702 ], [ 15.7929153442384, 38.280418395996101 ], [ 15.7933349609375, 38.280418395996101 ], [ 15.7951402664184, 38.280418395996101 ], [ 15.7951402664184, 38.280693054199297 ], [ 15.7956943511963, 38.280693054199297 ], [ 15.7956943511963, 38.280971527099702 ], [ 15.7962503433228, 38.280971527099702 ], [ 15.7962503433228, 38.28125 ], [ 15.7965278625488, 38.28125 ], [ 15.7965278625488, 38.281528472900398 ], [ 15.796806335449199, 38.281528472900398 ], [ 15.796806335449199, 38.282081604003999 ], [ 15.7970838546754, 38.282081604003999 ], [ 15.7970838546754, 38.282360076904403 ], [ 15.7973623275757, 38.282360076904403 ], [ 15.7973623275757, 38.282917022705199 ], [ 15.7976398468018, 38.282917022705199 ], [ 15.7976398468018, 38.283473968506001 ], [ 15.797916412353599, 38.283473968506001 ], [ 15.797916412353599, 38.283748626708999 ], [ 15.7981939315797, 38.283748626708999 ], [ 15.7981939315797, 38.284027099609403 ], [ 15.79847240448, 38.284027099609403 ], [ 15.79847240448, 38.284305572509801 ], [ 15.7985496520996, 38.284305572509801 ], [ 15.7987499237062, 38.284305572509801 ], [ 15.7987499237062, 38.284477233886797 ], [ 15.7987499237062, 38.284584045410199 ], [ 15.798874855041401, 38.284584045410199 ], [ 15.799584388733001, 38.284584045410199 ], [ 15.799584388733001, 38.284862518310497 ], [ 15.8001384735107, 38.284862518310497 ], [ 15.8001384735107, 38.2851371765137 ], [ 15.8004159927368, 38.2851371765137 ], [ 15.8004159927368, 38.285415649414098 ], [ 15.8006944656372, 38.285415649414098 ], [ 15.8006944656372, 38.285972595214801 ], [ 15.800971984863301, 38.285972595214801 ], [ 15.800971984863301, 38.2863960266113 ], [ 15.800971984863301, 38.286529541015597 ], [ 15.8011274337769, 38.286529541015597 ], [ 15.8012504577637, 38.286529541015597 ], [ 15.8012504577637, 38.286636352539198 ], [ 15.8012504577637, 38.287082672119197 ], [ 15.8015279769897, 38.287082672119197 ], [ 15.8015279769897, 38.287361145019602 ], [ 15.802082061767599, 38.287361145019602 ], [ 15.802082061767599, 38.28763961792 ], [ 15.8023624420166, 38.28763961792 ], [ 15.8023624420166, 38.287918090820398 ], [ 15.802738189697401, 38.287918090820398 ], [ 15.8031940460206, 38.287918090820398 ], [ 15.8031940460206, 38.288314819336001 ], [ 15.8031940460206, 38.288749694824297 ], [ 15.803750038146999, 38.288791656494197 ], [ 15.803750038146999, 38.289028167724702 ], [ 15.8040275573731, 38.289031982421903 ], [ 15.8040275573731, 38.289306640625099 ], [ 15.804346084594799, 38.289306640625099 ], [ 15.8045854568482, 38.289306640625099 ], [ 15.8045854568482, 38.2895126342775 ], [ 15.8045854568482, 38.289585113525497 ], [ 15.8046693801881, 38.289585113525497 ], [ 15.804860115051399, 38.289585113525497 ], [ 15.804860115051399, 38.289749145507798 ], [ 15.804860115051399, 38.289859771728501 ], [ 15.804985046386699, 38.289859771728501 ], [ 15.805137634277299, 38.289859771728501 ], [ 15.805137634277299, 38.289989471435703 ], [ 15.805137634277299, 38.290138244628899 ], [ 15.805310249328601, 38.290138244628899 ], [ 15.805416107177701, 38.290138244628899 ], [ 15.805416107177701, 38.290229797363303 ], [ 15.805416107177701, 38.290416717529297 ], [ 15.8056316375734, 38.290416717529297 ], [ 15.805973052978599, 38.290416717529297 ], [ 15.805973052978599, 38.2907104492188 ], [ 15.805973052978599, 38.290973663330099 ], [ 15.806250572204499, 38.290973663330099 ], [ 15.806250572204499, 38.291248321533303 ], [ 15.806529045105099, 38.291248321533303 ], [ 15.806529045105099, 38.291805267333999 ], [ 15.806806564331, 38.291805267333999 ], [ 15.806806564331, 38.292362213134801 ], [ 15.807885169982899, 38.292362213134801 ], [ 15.8081951141357, 38.292362213134801 ], [ 15.8081951141357, 38.292640686035199 ], [ 15.8084726333618, 38.292640686035199 ], [ 15.8084726333618, 38.292915344238402 ], [ 15.809305191040099, 38.292915344238402 ], [ 15.809305191040099, 38.293472290039098 ], [ 15.8098611831666, 38.293472290039098 ], [ 15.8098611831666, 38.293750762939503 ], [ 15.810138702392701, 38.293750762939503 ], [ 15.810138702392701, 38.294029235839901 ], [ 15.810417175293001, 38.294029235839901 ], [ 15.810417175293001, 38.294303894042898 ], [ 15.810694694519199, 38.294303894042898 ], [ 15.810694694519199, 38.294582366943303 ], [ 15.810973167419499, 38.294582366943303 ], [ 15.810973167419499, 38.294860839843899 ], [ 15.8112487792968, 38.294860839843899 ], [ 15.8112487792968, 38.295139312744197 ], [ 15.811529159546, 38.295139312744197 ], [ 15.811529159546, 38.295600891113402 ], [ 15.811529159546, 38.295696258545 ], [ 15.8116292953491, 38.295696258545 ], [ 15.811804771423301, 38.295696258545 ], [ 15.811804771423301, 38.295860290527301 ], [ 15.811804771423301, 38.296012878417898 ], [ 15.811804771423301, 38.2965278625488 ], [ 15.8120832443237, 38.2965278625488 ], [ 15.8120832443237, 38.298194885253999 ], [ 15.812360763549799, 38.298194885253999 ], [ 15.812360763549799, 38.298473358154403 ], [ 15.813195228576699, 38.298473358154403 ], [ 15.813195228576699, 38.299861907958999 ], [ 15.813470840454199, 38.299861907958999 ], [ 15.813470840454199, 38.300140380859403 ], [ 15.8137512207031, 38.300140380859403 ], [ 15.8137512207031, 38.3004150390625 ], [ 15.814305305481, 38.3004150390625 ], [ 15.814305305481, 38.300971984863203 ], [ 15.814582824707101, 38.300971984863203 ], [ 15.814582824707101, 38.3012504577638 ], [ 15.8148612976075, 38.3012504577638 ], [ 15.8148612976075, 38.301528930664198 ], [ 15.815138816833599, 38.301528930664198 ], [ 15.815138816833599, 38.301807403564602 ], [ 15.8159732818604, 38.301807403564602 ], [ 15.8159732818604, 38.301528930664198 ], [ 15.8162488937379, 38.301528930664198 ], [ 15.8162488937379, 38.3029174804688 ], [ 15.8159732818604, 38.3029174804688 ], [ 15.8159732818604, 38.303749084472699 ], [ 15.8162488937379, 38.303749084472699 ], [ 15.8162488937379, 38.304306030273501 ], [ 15.816527366638301, 38.304306030273501 ], [ 15.816527366638301, 38.305416107177798 ], [ 15.8168048858644, 38.305416107177798 ], [ 15.8168048858644, 38.306526184082003 ], [ 15.817083358764799, 38.306526184082003 ], [ 15.817083358764799, 38.306804656982401 ], [ 15.8173608779907, 38.306804656982401 ], [ 15.8173608779907, 38.307361602783097 ], [ 15.8179168701171, 38.307361602783097 ], [ 15.8179168701171, 38.307914733886797 ], [ 15.818196296691999, 38.307918548584098 ], [ 15.818196296691999, 38.308750152587898 ], [ 15.818470954895, 38.308750152587898 ], [ 15.818470954895, 38.309028625488303 ], [ 15.818749427795399, 38.309028625488303 ], [ 15.818749427795399, 38.309581756591903 ], [ 15.8190269470215, 38.309581756591903 ], [ 15.8190269470215, 38.309860229492202 ], [ 15.8193054199219, 38.309860229492202 ], [ 15.8193054199219, 38.310138702392599 ], [ 15.819862365722701, 38.310138702392599 ], [ 15.819862365722701, 38.310417175292997 ], [ 15.8200635910035, 38.310417175292997 ], [ 15.8201398849487, 38.310417175292997 ], [ 15.8201398849487, 38.310520172119197 ], [ 15.8201398849487, 38.310695648193402 ], [ 15.8202676773071, 38.310695648193402 ], [ 15.820414543151999, 38.310695648193402 ], [ 15.820414543151999, 38.310897827148402 ], [ 15.820414543151999, 38.310970306396598 ], [ 15.820693016052299, 38.3109741210938 ], [ 15.8206939697266, 38.311275482177798 ], [ 15.820695877075201, 38.312084197998203 ], [ 15.820972442626999, 38.312084197998203 ], [ 15.820972442626999, 38.312637329101598 ], [ 15.8212499618531, 38.312637329101598 ], [ 15.8212499618531, 38.312915802002003 ], [ 15.8215284347535, 38.312915802002003 ], [ 15.8215284347535, 38.313194274902301 ], [ 15.822084426879901, 38.313194274902301 ], [ 15.822084426879901, 38.313472747802699 ], [ 15.822303771972599, 38.313472747802699 ], [ 15.822637557983301, 38.313472747802699 ], [ 15.822637557983301, 38.313751220703097 ], [ 15.8229179382325, 38.313751220703097 ], [ 15.8229179382325, 38.3140258789063 ], [ 15.823193550109799, 38.3140258789063 ], [ 15.823193550109799, 38.314304351806697 ], [ 15.823472023010201, 38.314304351806697 ], [ 15.823472023010201, 38.314861297607401 ], [ 15.8237495422363, 38.314861297607401 ], [ 15.8237495422363, 38.315139770507798 ], [ 15.8243055343628, 38.315139770507798 ], [ 15.8243055343628, 38.315418243408203 ], [ 15.8245840072632, 38.315418243408203 ], [ 15.8245840072632, 38.315692901611399 ], [ 15.8248615264893, 38.315692901611399 ], [ 15.8248615264893, 38.316097259521598 ], [ 15.8248615264893, 38.316249847412202 ], [ 15.8245840072632, 38.316249847412202 ], [ 15.8245840072632, 38.317916870117301 ], [ 15.8248615264893, 38.317916870117301 ], [ 15.8248615264893, 38.3204154968262 ], [ 15.8251399993897, 38.3204154968262 ], [ 15.8251399993897, 38.321250915527301 ], [ 15.825415611267101, 38.321250915527301 ], [ 15.825415611267101, 38.321529388427699 ], [ 15.8256940841675, 38.321529388427699 ], [ 15.8256940841675, 38.321804046631001 ], [ 15.825971603393601, 38.321804046631001 ], [ 15.825971603393601, 38.3220825195313 ], [ 15.826527595520099, 38.3220825195313 ], [ 15.826527595520099, 38.322360992431697 ], [ 15.8273620605469, 38.322360992431697 ], [ 15.8273620605469, 38.322639465332102 ], [ 15.8281936645509, 38.322639465332102 ], [ 15.8281936645509, 38.3229179382325 ], [ 15.8284721374513, 38.3229179382325 ], [ 15.8284721374513, 38.323471069336101 ], [ 15.8289260864259, 38.323471069336101 ], [ 15.8290281295778, 38.323471069336101 ], [ 15.8290281295778, 38.324028015136797 ], [ 15.8293056488037, 38.324028015136797 ], [ 15.8293056488037, 38.324859619140597 ], [ 15.829155921936101, 38.324859619140597 ], [ 15.8290281295778, 38.324859619140597 ], [ 15.8290281295778, 38.326248168945398 ], [ 15.828749656677401, 38.326248168945398 ], [ 15.828749656677401, 38.327362060546903 ], [ 15.8284721374513, 38.327362060546903 ], [ 15.8284721374513, 38.3284721374512 ], [ 15.8281936645509, 38.3284721374512 ], [ 15.8281936645509, 38.329029083252003 ], [ 15.827916145324799, 38.329029083252003 ], [ 15.827916145324799, 38.329582214355398 ], [ 15.8276376724244, 38.329582214355398 ], [ 15.8276376724244, 38.330417633056797 ], [ 15.827916145324799, 38.330417633056797 ], [ 15.827916145324799, 38.330970764160199 ], [ 15.8281936645509, 38.330970764160199 ], [ 15.8281936645509, 38.334583282470803 ], [ 15.827916145324799, 38.334583282470803 ], [ 15.827916145324799, 38.336807250976698 ], [ 15.8281936645509, 38.336807250976698 ], [ 15.8281936645509, 38.337360382080099 ], [ 15.8284721374513, 38.337360382080099 ], [ 15.8284721374513, 38.337917327880902 ], [ 15.828749656677401, 38.337917327880902 ], [ 15.828749656677401, 38.3381958007812 ], [ 15.8290281295778, 38.3381958007812 ], [ 15.8290281295778, 38.338470458984403 ], [ 15.8293056488037, 38.338470458984403 ], [ 15.8293056488037, 38.339584350586001 ], [ 15.829582214355501, 38.339584350586001 ], [ 15.829582214355501, 38.341251373291101 ], [ 15.8298597335815, 38.341270446777301 ], [ 15.8298597335815, 38.342639923095803 ], [ 15.8301382064819, 38.342639923095803 ], [ 15.8301382064819, 38.344860076904403 ], [ 15.8298597335815, 38.344860076904403 ], [ 15.8298597335815, 38.345138549804702 ], [ 15.8301382064819, 38.345138549804702 ], [ 15.8301382064819, 38.345973968505902 ], [ 15.830415725708001, 38.345973968505902 ], [ 15.830415725708001, 38.346805572509901 ], [ 15.8306941986084, 38.346805572509901 ], [ 15.8306941986084, 38.347084045410298 ], [ 15.830971717834499, 38.347084045410298 ], [ 15.830971717834499, 38.3476371765137 ], [ 15.831250190734901, 38.3476371765137 ], [ 15.831250190734901, 38.348472595214801 ], [ 15.832084655761699, 38.348472595214801 ], [ 15.832084655761699, 38.348751068115199 ], [ 15.8329162597657, 38.348751068115199 ], [ 15.8329162597657, 38.349029541015703 ], [ 15.833132743835501, 38.349029541015703 ], [ 15.8334732055665, 38.349029541015703 ], [ 15.8334732055665, 38.3493041992188 ], [ 15.8340291976929, 38.3493041992188 ], [ 15.8340291976929, 38.349582672119098 ], [ 15.834306716919, 38.349582672119098 ], [ 15.834306716919, 38.349735260009801 ], [ 15.834306716919, 38.350418090820298 ], [ 15.834563255310099, 38.350418090820298 ], [ 15.834860801696699, 38.350418090820298 ], [ 15.834860801696699, 38.350971221923899 ], [ 15.835139274597299, 38.350971221923899 ], [ 15.835139274597299, 38.351249694824297 ], [ 15.8354167938232, 38.351249694824297 ], [ 15.8354167938232, 38.351528167724702 ], [ 15.835695266723601, 38.351528167724702 ], [ 15.835695266723601, 38.351806640625099 ], [ 15.8354167938232, 38.351806640625099 ], [ 15.8354167938232, 38.352085113525398 ], [ 15.835139274597299, 38.352085113525398 ], [ 15.835139274597299, 38.352359771728601 ], [ 15.834860801696699, 38.352359771728601 ], [ 15.834860801696699, 38.352638244628999 ], [ 15.834583282470801, 38.352638244628999 ], [ 15.834583282470801, 38.352916717529403 ], [ 15.8340291976929, 38.352916717529403 ], [ 15.8340291976929, 38.353195190429801 ], [ 15.8337507247925, 38.353195190429801 ], [ 15.8337507247925, 38.354026794433601 ], [ 15.8334732055665, 38.354026794433601 ], [ 15.8334732055665, 38.354583740234403 ], [ 15.833194732666099, 38.354583740234403 ], [ 15.833194732666099, 38.355140686035099 ], [ 15.8329162597657, 38.355140686035099 ], [ 15.8329162597657, 38.3556938171387 ], [ 15.8326377868653, 38.3556938171387 ], [ 15.8326377868653, 38.355972290039098 ], [ 15.832360267639199, 38.355972290039098 ], [ 15.832360267639199, 38.356529235839801 ], [ 15.832084655761699, 38.356529235839801 ], [ 15.832084655761699, 38.357082366943402 ], [ 15.832360267639199, 38.357082366943402 ], [ 15.832360267639199, 38.357639312744197 ], [ 15.8326377868653, 38.357639312744197 ], [ 15.8326377868653, 38.358196258545 ], [ 15.8329162597657, 38.358196258545 ], [ 15.8329162597657, 38.358470916748203 ], [ 15.8334732055665, 38.358470916748203 ], [ 15.8334732055665, 38.358749389648601 ], [ 15.8337507247925, 38.358749389648601 ], [ 15.8337507247925, 38.359027862548899 ], [ 15.8340969085693, 38.359027862548899 ], [ 15.834306716919, 38.359027862548899 ], [ 15.834306716919, 38.359306335449297 ], [ 15.834583282470801, 38.359306335449297 ], [ 15.834583282470801, 38.359996795654403 ], [ 15.834583282470801, 38.360137939453097 ], [ 15.834860801696699, 38.360137939453097 ], [ 15.834860801696699, 38.360553741455199 ], [ 15.834860801696699, 38.360694885253899 ], [ 15.8350543975831, 38.360694885253899 ], [ 15.835139274597299, 38.360694885253899 ], [ 15.835139274597299, 38.360973358154297 ], [ 15.8354167938232, 38.360973358154297 ], [ 15.8354167938232, 38.361251831054602 ], [ 15.835695266723601, 38.361251831054602 ], [ 15.835695266723601, 38.361598968505902 ], [ 15.835695266723601, 38.361804962158303 ], [ 15.8359727859496, 38.361843109130902 ], [ 15.8359727859496, 38.362777709960902 ], [ 15.8359727859496, 38.364028930664098 ], [ 15.83625125885, 38.364028930664098 ], [ 15.83625125885, 38.364307403564503 ], [ 15.836805343627899, 38.364307403564503 ], [ 15.836805343627899, 38.364444732666001 ], [ 15.836805343627899, 38.3645820617675 ], [ 15.8373613357544, 38.3645820617675 ], [ 15.8373613357544, 38.364860534668097 ], [ 15.8379173278809, 38.364860534668097 ], [ 15.8379173278809, 38.365139007568501 ], [ 15.838473320007401, 38.365139007568501 ], [ 15.838473320007401, 38.364860534668097 ], [ 15.8393049240113, 38.364860534668097 ], [ 15.8393049240113, 38.3645820617675 ], [ 15.8398609161378, 38.3645820617675 ], [ 15.8398609161378, 38.364860534668097 ], [ 15.8404169082643, 38.364860534668097 ], [ 15.8404169082643, 38.365139007568501 ], [ 15.840970993041999, 38.365139007568501 ], [ 15.840970993041999, 38.365417480468899 ], [ 15.841251373291099, 38.365417480468899 ], [ 15.841251373291099, 38.365695953369297 ], [ 15.8415269851685, 38.365695953369297 ], [ 15.8415269851685, 38.365970611572301 ], [ 15.8418054580688, 38.365970611572301 ], [ 15.8418054580688, 38.366138458252003 ], [ 15.8418054580688, 38.366249084472699 ], [ 15.842023849487401, 38.366249084472699 ], [ 15.8423614501953, 38.366249084472699 ], [ 15.8423614501953, 38.366420745849702 ], [ 15.8423614501953, 38.366806030273402 ], [ 15.843121528625501, 38.366806030273402 ], [ 15.8434734344482, 38.366806030273402 ], [ 15.8434734344482, 38.367038726806697 ], [ 15.8434734344482, 38.367362976074197 ], [ 15.8437490463257, 38.367362976074197 ], [ 15.8437490463257, 38.367637634277401 ], [ 15.8443050384522, 38.3676567077637 ], [ 15.8443050384522, 38.367916107177798 ], [ 15.844582557678301, 38.367916107177798 ], [ 15.844582557678301, 38.368751525878899 ], [ 15.8454179763794, 38.368751525878899 ], [ 15.8454179763794, 38.369026184082102 ], [ 15.845971107482899, 38.369026184082102 ], [ 15.845971107482899, 38.3693046569825 ], [ 15.846248626708901, 38.3693046569825 ], [ 15.846248626708901, 38.369583129882898 ], [ 15.8468055725097, 38.369583129882898 ], [ 15.8468055725097, 38.369861602783303 ], [ 15.847279548645, 38.369861602783303 ], [ 15.8473615646362, 38.369922637939403 ], [ 15.8473615646362, 38.3701400756837 ], [ 15.8476400375366, 38.3701400756837 ], [ 15.8476400375366, 38.370414733886697 ], [ 15.848030090332101, 38.370418548583999 ], [ 15.848194122314499, 38.370418548583999 ], [ 15.848194122314499, 38.370540618896499 ], [ 15.848194122314499, 38.370693206787102 ], [ 15.848401069641101, 38.370693206787102 ], [ 15.848471641540501, 38.3707466125488 ], [ 15.848471641540501, 38.370971679687401 ], [ 15.8487501144409, 38.370971679687401 ], [ 15.8487501144409, 38.371250152587997 ], [ 15.849027633666999, 38.371250152587997 ], [ 15.849027633666999, 38.3718070983888 ], [ 15.8487501144409, 38.3718070983888 ], [ 15.8487501144409, 38.372917175292997 ], [ 15.848471641540501, 38.372917175292997 ], [ 15.848471641540501, 38.373195648193402 ], [ 15.848194122314499, 38.373195648193402 ], [ 15.848194122314499, 38.373470306396499 ], [ 15.8487501144409, 38.3734741210937 ], [ 15.8487501144409, 38.374305725097699 ], [ 15.849027633666999, 38.374305725097699 ], [ 15.849027633666999, 38.375137329101698 ], [ 15.849306106567401, 38.375137329101698 ], [ 15.849306106567401, 38.375415802002102 ], [ 15.8495836257935, 38.375415802002102 ], [ 15.8495836257935, 38.375972747802798 ], [ 15.8498620986938, 38.375972747802798 ], [ 15.8498620986938, 38.376251220703203 ], [ 15.8501377105713, 38.376251220703203 ], [ 15.8501377105713, 38.3765258789062 ], [ 15.8506937026979, 38.3765258789062 ], [ 15.8506937026979, 38.376804351806598 ], [ 15.8509721755982, 38.376804351806598 ], [ 15.8509721755982, 38.377082824707003 ], [ 15.8512496948243, 38.377082824707003 ], [ 15.8512496948243, 38.377361297607401 ], [ 15.8515281677247, 38.377361297607401 ], [ 15.8515281677247, 38.377639770507898 ], [ 15.8520278930665, 38.377639770507898 ], [ 15.8520841598512, 38.377700805664098 ], [ 15.8520841598512, 38.377918243408303 ], [ 15.8523321151734, 38.377918243408303 ], [ 15.853471755981399, 38.377918243408303 ], [ 15.853471755981399, 38.3781929016113 ], [ 15.854027748107899, 38.3781929016113 ], [ 15.854027748107899, 38.378749847412102 ], [ 15.855137825012299, 38.378784179687599 ], [ 15.855137825012299, 38.3790283203125 ], [ 15.8554143905641, 38.3790283203125 ], [ 15.8559722900391, 38.3790283203125 ], [ 15.8559722900391, 38.379306793212898 ], [ 15.856249809265201, 38.379306793212898 ], [ 15.856249809265201, 38.379581451416101 ], [ 15.8565282821656, 38.379581451416101 ], [ 15.8565282821656, 38.379669189453203 ], [ 15.8565282821656, 38.379859924316499 ], [ 15.857162475586, 38.379859924316499 ], [ 15.857359886169499, 38.379859924316499 ], [ 15.857359886169499, 38.379947662353601 ], [ 15.857359886169499, 38.380695343017599 ], [ 15.857638359069901, 38.380695343017599 ], [ 15.857638359069901, 38.380973815917997 ], [ 15.857915878295801, 38.380973815917997 ], [ 15.857915878295801, 38.3812484741212 ], [ 15.858194351196399, 38.3812484741212 ], [ 15.858194351196399, 38.381526947021598 ], [ 15.858471870422299, 38.381526947021598 ], [ 15.858471870422299, 38.381805419922003 ], [ 15.8593044281006, 38.381847381591903 ], [ 15.8593044281006, 38.382083892822401 ], [ 15.8594493865966, 38.382083892822401 ], [ 15.859581947326699, 38.382083892822401 ], [ 15.859581947326699, 38.382301330566499 ], [ 15.859581947326699, 38.382637023925803 ], [ 15.859860420227101, 38.382637023925803 ], [ 15.859860420227101, 38.382755279541001 ], [ 15.859860420227101, 38.383193969726598 ], [ 15.860130310058601, 38.383193969726598 ], [ 15.8604173660278, 38.383193969726598 ], [ 15.8604173660278, 38.383472442626903 ], [ 15.860694885253899, 38.383472442626903 ], [ 15.860694885253899, 38.384029388427798 ], [ 15.8609733581543, 38.384029388427798 ], [ 15.8609733581543, 38.3845825195312 ], [ 15.8612508773804, 38.3845825195312 ], [ 15.8612508773804, 38.384860992431598 ], [ 15.861525535583599, 38.384860992431598 ], [ 15.861525535583599, 38.385139465332003 ], [ 15.8618068695068, 38.385139465332003 ], [ 15.8618068695068, 38.385692596435597 ], [ 15.8620834350587, 38.385692596435597 ], [ 15.8620834350587, 38.385971069336001 ], [ 15.8623609542847, 38.385971069336001 ], [ 15.8623609542847, 38.386528015136797 ], [ 15.862639427185099, 38.386528015136797 ], [ 15.862639427185099, 38.387512207031399 ], [ 15.862639427185099, 38.387638092041101 ], [ 15.8629169464112, 38.387638092041101 ], [ 15.8629169464112, 38.388099670410298 ], [ 15.8629169464112, 38.388748168945298 ], [ 15.8631954193116, 38.3887748718263 ], [ 15.8631954193116, 38.389583587646499 ], [ 15.8629169464112, 38.389583587646499 ], [ 15.8629169464112, 38.390140533447202 ], [ 15.862639427185099, 38.390140533447202 ], [ 15.862639427185099, 38.390693664550803 ], [ 15.8620834350587, 38.390693664550803 ], [ 15.8620834350587, 38.3909721374512 ], [ 15.861525535583599, 38.3909721374512 ], [ 15.861525535583599, 38.391250610351598 ], [ 15.861287117004499, 38.391250610351598 ], [ 15.8609733581543, 38.391250610351598 ], [ 15.8609733581543, 38.391529083252003 ], [ 15.860694885253899, 38.391529083252003 ], [ 15.860694885253899, 38.392082214355497 ], [ 15.8609733581543, 38.392082214355497 ], [ 15.8609733581543, 38.392360687255902 ], [ 15.8612508773804, 38.392360687255902 ], [ 15.8612508773804, 38.395137786865199 ], [ 15.861525535583599, 38.395137786865199 ], [ 15.861525535583599, 38.395416259765597 ], [ 15.8620834350587, 38.395416259765597 ], [ 15.8620834350587, 38.395694732666001 ], [ 15.8623609542847, 38.395694732666001 ], [ 15.8623609542847, 38.395973205566399 ], [ 15.862639427185099, 38.39599609375 ], [ 15.862639427185099, 38.396251678466697 ], [ 15.862753868103001, 38.396251678466697 ], [ 15.8629169464112, 38.396251678466697 ], [ 15.8629169464112, 38.39652633667 ], [ 15.8631954193116, 38.39652633667 ], [ 15.8631954193116, 38.397083282470803 ], [ 15.863472938537701, 38.397083282470803 ], [ 15.863472938537701, 38.397258758544901 ], [ 15.863472938537701, 38.397804260253999 ], [ 15.863472938537701, 38.398193359375099 ], [ 15.863653182983301, 38.398193359375099 ], [ 15.863812446594199, 38.398193359375099 ], [ 15.864028930664199, 38.398193359375099 ], [ 15.864028930664199, 38.398788452148601 ], [ 15.864028930664199, 38.3990287780762 ], [ 15.8645830154418, 38.3990287780762 ], [ 15.8645830154418, 38.399307250976598 ], [ 15.8643045425415, 38.399307250976598 ], [ 15.8643045425415, 38.399604797363303 ], [ 15.8643045425415, 38.399860382080199 ], [ 15.864418983459499, 38.399860382080199 ], [ 15.8645830154418, 38.399860382080199 ], [ 15.8645830154418, 38.400203704834098 ], [ 15.8645830154418, 38.400314331054801 ], [ 15.8645830154418, 38.400417327881001 ], [ 15.8646821975709, 38.400417327881001 ], [ 15.8651390075684, 38.400417327881001 ], [ 15.8651390075684, 38.401309967041101 ], [ 15.8651390075684, 38.401527404785199 ], [ 15.8652515411378, 38.401527404785199 ], [ 15.8654165267944, 38.401527404785199 ], [ 15.8654165267944, 38.401805877685497 ], [ 15.865694999694799, 38.401805877685497 ], [ 15.865694999694799, 38.402084350585902 ], [ 15.865973472595201, 38.402084350585902 ], [ 15.865973472595201, 38.402637481689503 ], [ 15.8662509918213, 38.402637481689503 ], [ 15.8662509918213, 38.403194427490298 ], [ 15.8665266036988, 38.403194427490298 ], [ 15.8665266036988, 38.403751373291001 ], [ 15.866805076599199, 38.403751373291001 ], [ 15.866805076599199, 38.404304504394602 ], [ 15.8670825958253, 38.404304504394602 ], [ 15.8670825958253, 38.404914855957102 ], [ 15.8670825958253, 38.405693054199197 ], [ 15.867511749267599, 38.405693054199197 ], [ 15.867638587951699, 38.405693054199197 ], [ 15.867638587951699, 38.405971527099602 ], [ 15.867917060852101, 38.405971527099602 ], [ 15.867917060852101, 38.40625 ], [ 15.8681945800782, 38.40625 ], [ 15.8681945800782, 38.406528472900497 ], [ 15.86847114563, 38.406528472900497 ], [ 15.86847114563, 38.407081604003899 ], [ 15.868748664856099, 38.407081604003899 ], [ 15.868748664856099, 38.407917022705099 ], [ 15.8690271377565, 38.407917022705099 ], [ 15.8690271377565, 38.408451080322202 ], [ 15.8690271377565, 38.408748626708999 ], [ 15.869190216064499, 38.408748626708999 ], [ 15.8693046569825, 38.408748626708999 ], [ 15.8693046569825, 38.408958435058601 ], [ 15.8693046569825, 38.409305572509801 ], [ 15.8694972991944, 38.409305572509801 ], [ 15.8695831298829, 38.409305572509801 ], [ 15.8695831298829, 38.409461975097798 ], [ 15.8695831298829, 38.409862518310597 ], [ 15.8698606491088, 38.409862518310597 ], [ 15.8698606491088, 38.409969329834098 ], [ 15.8698606491088, 38.4101371765138 ], [ 15.8699541091919, 38.4101371765138 ], [ 15.8701391220094, 38.4101371765138 ], [ 15.8701391220094, 38.410415649414198 ], [ 15.8704166412353, 38.410415649414198 ], [ 15.8704166412353, 38.410980224609503 ], [ 15.8704166412353, 38.411251068115298 ], [ 15.8705654144287, 38.411251068115298 ], [ 15.8706932067871, 38.411251068115298 ], [ 15.8706932067871, 38.411483764648501 ], [ 15.8706932067871, 38.4118041992188 ], [ 15.8708696365356, 38.4118041992188 ], [ 15.8709726333618, 38.4118041992188 ], [ 15.8709726333618, 38.411991119384801 ], [ 15.8709726333618, 38.412361145019503 ], [ 15.871176719665501, 38.412361145019503 ], [ 15.871249198913601, 38.412361145019503 ], [ 15.871249198913601, 38.4124946594238 ], [ 15.871249198913601, 38.413192749023402 ], [ 15.8715267181396, 38.413192749023402 ], [ 15.8715267181396, 38.4134712219238 ], [ 15.87180519104, 38.413505554199197 ], [ 15.87180519104, 38.413749694824197 ], [ 15.8719387054444, 38.413749694824197 ], [ 15.872082710266101, 38.413749694824197 ], [ 15.872082710266101, 38.414028167724602 ], [ 15.8723611831665, 38.414028167724602 ], [ 15.8723611831665, 38.414306640625 ], [ 15.8726396560669, 38.414306640625 ], [ 15.8726396560669, 38.414585113525398 ], [ 15.8729152679444, 38.414585113525398 ], [ 15.8729152679444, 38.414859771728601 ], [ 15.8731956481934, 38.414859771728601 ], [ 15.8731956481934, 38.415416717529403 ], [ 15.8734712600709, 38.415416717529403 ], [ 15.8734712600709, 38.416450500488303 ], [ 15.8734712600709, 38.417083740234503 ], [ 15.873748779296999, 38.417083740234503 ], [ 15.873748779296999, 38.417362213134901 ], [ 15.8740282058716, 38.417411804199297 ], [ 15.8740282058716, 38.417915344238303 ], [ 15.874305725097701, 38.417915344238303 ], [ 15.874305725097701, 38.418472290038999 ], [ 15.8745841979981, 38.418472290038999 ], [ 15.8745841979981, 38.418750762939403 ], [ 15.874861717224199, 38.418750762939403 ], [ 15.874861717224199, 38.418849945068402 ], [ 15.874861717224199, 38.419303894042997 ], [ 15.875140190124601, 38.4193305969238 ], [ 15.875140190124601, 38.4198608398438 ], [ 15.8754177093507, 38.4198608398438 ], [ 15.8754177093507, 38.420139312744098 ], [ 15.8756093978882, 38.420139312744098 ], [ 15.8756942749025, 38.420139312744098 ], [ 15.8756942749025, 38.420284271240199 ], [ 15.8756942749025, 38.420417785644503 ], [ 15.875770568847701, 38.420417785644503 ], [ 15.8759717941284, 38.420417785644503 ], [ 15.8759717941284, 38.420696258544901 ], [ 15.8762502670288, 38.420696258544901 ], [ 15.8762502670288, 38.421237945556598 ], [ 15.8762502670288, 38.421806335449297 ], [ 15.876527786254799, 38.421806335449297 ], [ 15.876527786254799, 38.422084808349702 ], [ 15.876742362976, 38.422084808349702 ], [ 15.8770837783813, 38.422084808349702 ], [ 15.8770837783813, 38.422637939453203 ], [ 15.877362251281699, 38.422637939453203 ], [ 15.877362251281699, 38.422916412353601 ], [ 15.8776397705078, 38.422985076904297 ], [ 15.8776397705078, 38.423194885253999 ], [ 15.8781938552857, 38.423194885253999 ], [ 15.8781938552857, 38.424026489257798 ], [ 15.878472328186, 38.424026489257798 ], [ 15.878472328186, 38.424583435058601 ], [ 15.879028320312599, 38.424583435058601 ], [ 15.879028320312599, 38.425693511962898 ], [ 15.879305839538601, 38.425693511962898 ], [ 15.879305839538601, 38.4262504577637 ], [ 15.879584312439, 38.4262504577637 ], [ 15.879584312439, 38.426528930664098 ], [ 15.8798599243165, 38.426528930664098 ], [ 15.8798599243165, 38.427082061767599 ], [ 15.880140304565501, 38.427082061767599 ], [ 15.880140304565501, 38.427558898925803 ], [ 15.880140304565501, 38.4279174804688 ], [ 15.880415916443001, 38.427947998047003 ], [ 15.880415916443001, 38.428195953369197 ], [ 15.8805904388429, 38.428195953369197 ], [ 15.8806943893434, 38.428195953369197 ], [ 15.8806943893434, 38.428344726562599 ], [ 15.8806943893434, 38.428749084472798 ], [ 15.8809719085694, 38.428749084472798 ], [ 15.8809719085694, 38.429027557373203 ], [ 15.881176948547299, 38.429027557373203 ], [ 15.881250381469799, 38.429027557373203 ], [ 15.881250381469799, 38.429130554199297 ], [ 15.881250381469799, 38.429306030273601 ], [ 15.8813734054565, 38.429306030273601 ], [ 15.8815279006959, 38.429306030273601 ], [ 15.8815279006959, 38.429584503173899 ], [ 15.8818063735963, 38.429584503173899 ], [ 15.8818063735963, 38.429862976074297 ], [ 15.882081985473601, 38.429862976074297 ], [ 15.882081985473601, 38.430309295654297 ], [ 15.882081985473601, 38.430973052978501 ], [ 15.8823623657228, 38.430973052978501 ], [ 15.8823623657228, 38.4312515258788 ], [ 15.8827438354493, 38.4312515258788 ], [ 15.882916450500501, 38.4312515258788 ], [ 15.882916450500501, 38.431526184082102 ], [ 15.8831939697266, 38.431526184082102 ], [ 15.8831939697266, 38.4318046569825 ], [ 15.8840284347534, 38.4318046569825 ], [ 15.8840284347534, 38.432914733886797 ], [ 15.884860038757401, 38.432918548583999 ], [ 15.884860038757401, 38.433750152587898 ], [ 15.8854160308838, 38.433750152587898 ], [ 15.8854160308838, 38.434028625488303 ], [ 15.8859720230103, 38.434028625488303 ], [ 15.8859720230103, 38.4343070983887 ], [ 15.886251449585, 38.4343070983887 ], [ 15.886251449585, 38.434581756591697 ], [ 15.8868074417115, 38.434581756591697 ], [ 15.8868074417115, 38.435138702392699 ], [ 15.887082099914499, 38.435138702392699 ], [ 15.887082099914499, 38.435459136962898 ], [ 15.887082099914499, 38.435695648193501 ], [ 15.887308120727599, 38.435695648193501 ], [ 15.8873596191406, 38.435752868652401 ], [ 15.8873596191406, 38.435970306396499 ], [ 15.8875741958618, 38.435974121093899 ], [ 15.8876390457154, 38.436042785644503 ], [ 15.8876390457154, 38.436248779296903 ], [ 15.8878393173219, 38.436248779296903 ], [ 15.888195037841699, 38.436248779296903 ], [ 15.888195037841699, 38.436527252197301 ], [ 15.8890266418457, 38.436527252197301 ], [ 15.8890266418457, 38.436805725097699 ], [ 15.889305114746101, 38.436805725097699 ], [ 15.889305114746101, 38.437084197997997 ], [ 15.8895826339722, 38.437084197997997 ], [ 15.8895826339722, 38.437637329101598 ], [ 15.889861106872599, 38.437637329101598 ], [ 15.889861106872599, 38.437915802002003 ], [ 15.8901386260987, 38.437915802002003 ], [ 15.8901386260987, 38.438194274902401 ], [ 15.890417098999, 38.438194274902401 ], [ 15.890417098999, 38.438751220703097 ], [ 15.890694618225201, 38.438751220703097 ], [ 15.890694618225201, 38.439304351806797 ], [ 15.890973091125501, 38.439304351806797 ], [ 15.890973091125501, 38.439826965332003 ], [ 15.890973091125501, 38.4406929016113 ], [ 15.890694618225201, 38.4406929016113 ], [ 15.890694618225201, 38.441249847412202 ], [ 15.8901386260987, 38.441249847412202 ], [ 15.8901386260987, 38.441528320312599 ], [ 15.889861106872599, 38.441528320312599 ], [ 15.889861106872599, 38.441806793212997 ], [ 15.8895826339722, 38.441806793212997 ], [ 15.8895826339722, 38.442359924316399 ], [ 15.889305114746101, 38.442359924316399 ], [ 15.889305114746101, 38.442916870117202 ], [ 15.8895826339722, 38.442916870117202 ], [ 15.8895826339722, 38.443195343017599 ], [ 15.890417098999, 38.443195343017599 ], [ 15.890417098999, 38.442359924316399 ], [ 15.8908338546754, 38.442359924316399 ], [ 15.890973091125501, 38.442359924316399 ], [ 15.890973091125501, 38.441528320312599 ], [ 15.891804695129499, 38.441528320312599 ], [ 15.891804695129499, 38.441104888916001 ], [ 15.891804695129499, 38.440971374511697 ], [ 15.892083168029901, 38.440971374511697 ], [ 15.892083168029901, 38.4406929016113 ], [ 15.892360687256, 38.4406929016113 ], [ 15.892360687256, 38.440139770507898 ], [ 15.892639160156399, 38.440139770507898 ], [ 15.892639160156399, 38.4398612976075 ], [ 15.893470764160201, 38.4398612976075 ], [ 15.893472671508899, 38.439582824707102 ], [ 15.894305229186999, 38.439582824707102 ], [ 15.894305229186999, 38.439304351806797 ], [ 15.895138740539499, 38.439304351806797 ], [ 15.895138740539499, 38.439025878906399 ], [ 15.902361869811999, 38.439025878906399 ], [ 15.902361869811999, 38.439304351806797 ], [ 15.9026384353638, 38.439304351806797 ], [ 15.902640342712401, 38.439582824707102 ], [ 15.9031944274903, 38.439582824707102 ], [ 15.9031944274903, 38.4398612976075 ], [ 15.903471946716399, 38.4398612976075 ], [ 15.903471946716399, 38.440139770507898 ], [ 15.9040279388429, 38.440139770507898 ], [ 15.9040279388429, 38.440418243408303 ], [ 15.9043064117432, 38.440418243408303 ], [ 15.9043064117432, 38.440971374511697 ], [ 15.9048624038697, 38.440971374511697 ], [ 15.9048624038697, 38.441249847412202 ], [ 15.905139923095801, 38.441249847412202 ], [ 15.905139923095801, 38.444583892822301 ], [ 15.9045839309694, 38.444583892822301 ], [ 15.9045839309694, 38.444862365722699 ], [ 15.9043064117432, 38.444862365722699 ], [ 15.9043064117432, 38.445137023925902 ], [ 15.9040279388429, 38.445137023925902 ], [ 15.9040279388429, 38.4454154968263 ], [ 15.9037504196168, 38.4454154968263 ], [ 15.9037504196168, 38.445693969726698 ], [ 15.903471946716399, 38.445693969726698 ], [ 15.903471946716399, 38.445972442627102 ], [ 15.9031944274903, 38.445972442627102 ], [ 15.9031944274903, 38.4470825195312 ], [ 15.903471946716399, 38.4470825195312 ], [ 15.903471946716399, 38.447639465332102 ], [ 15.9037504196168, 38.447639465332102 ], [ 15.9037504196168, 38.448192596435497 ], [ 15.9040279388429, 38.448192596435497 ], [ 15.9040279388429, 38.449028015136697 ], [ 15.9037504196168, 38.449028015136697 ], [ 15.9037504196168, 38.4495849609375 ], [ 15.903471946716399, 38.4495849609375 ], [ 15.903471946716399, 38.450138092041101 ], [ 15.9037504196168, 38.450138092041101 ], [ 15.9037504196168, 38.450416564941499 ], [ 15.9040279388429, 38.450416564941499 ], [ 15.9040279388429, 38.450695037841903 ], [ 15.9043064117432, 38.450695037841903 ], [ 15.9043064117432, 38.451248168945398 ], [ 15.9045839309694, 38.451248168945398 ], [ 15.9045839309694, 38.452083587646598 ], [ 15.9048624038697, 38.452083587646598 ], [ 15.9048624038697, 38.452640533447301 ], [ 15.9056940078735, 38.452640533447301 ], [ 15.9056940078735, 38.453193664550803 ], [ 15.9059715270996, 38.453193664550803 ], [ 15.9059715270996, 38.455417633056598 ], [ 15.90625, 38.455417633056598 ], [ 15.90625, 38.456806182861399 ], [ 15.9059715270996, 38.456806182861399 ], [ 15.9059715270996, 38.457637786865298 ], [ 15.90625, 38.457637786865298 ], [ 15.90625, 38.458194732666101 ], [ 15.9065284729004, 38.458194732666101 ], [ 15.9065284729004, 38.458751678466903 ], [ 15.9068059921265, 38.458751678466903 ], [ 15.9068059921265, 38.459026336669901 ], [ 15.9070844650269, 38.459026336669901 ], [ 15.9070844650269, 38.459304809570298 ], [ 15.907361984252899, 38.459304809570298 ], [ 15.907361984252899, 38.459861755371001 ], [ 15.9076375961304, 38.459861755371001 ], [ 15.9076375961304, 38.460140228271399 ], [ 15.907916069030801, 38.460140228271399 ], [ 15.907916069030801, 38.460414886474702 ], [ 15.908472061157299, 38.460414886474702 ], [ 15.908472061157299, 38.460693359375099 ], [ 15.9087495803834, 38.460693359375099 ], [ 15.9087495803834, 38.461807250976598 ], [ 15.9090280532837, 38.461807250976598 ], [ 15.9090280532837, 38.462081909179702 ], [ 15.909305572509799, 38.462081909179702 ], [ 15.909305572509799, 38.462360382080099 ], [ 15.9095821380616, 38.462360382080099 ], [ 15.9095821380616, 38.462638854980497 ], [ 15.9098615646363, 38.462638854980497 ], [ 15.9098615646363, 38.4631958007813 ], [ 15.9101381301881, 38.4631958007813 ], [ 15.9101381301881, 38.463470458984503 ], [ 15.9098615646363, 38.463470458984503 ], [ 15.9098615646363, 38.464027404785298 ], [ 15.9101381301881, 38.464027404785298 ], [ 15.9101381301881, 38.464584350586101 ], [ 15.910415649414, 38.464584350586101 ], [ 15.910415649414, 38.464862823486399 ], [ 15.9112501144409, 38.464862823486399 ], [ 15.9112501144409, 38.465137481689503 ], [ 15.9118041992188, 38.465137481689503 ], [ 15.9118041992188, 38.465415954589801 ], [ 15.912360191345201, 38.465415954589801 ], [ 15.912360191345201, 38.465694427490199 ], [ 15.912916183471699, 38.465694427490199 ], [ 15.912916183471699, 38.465972900390597 ], [ 15.9131937026978, 38.465972900390597 ], [ 15.9131937026978, 38.466251373291001 ], [ 15.9134731292725, 38.466251373291001 ], [ 15.9134731292725, 38.466526031494197 ], [ 15.9137506484985, 38.466526031494197 ], [ 15.9137506484985, 38.467361450195298 ], [ 15.914029121398899, 38.467361450195298 ], [ 15.914029121398899, 38.468193054199297 ], [ 15.914306640625, 38.468193054199297 ], [ 15.914306640625, 38.46875 ], [ 15.9145822525025, 38.46875 ], [ 15.9145822525025, 38.469306945800803 ], [ 15.9148607254029, 38.469306945800803 ], [ 15.9148607254029, 38.4695816040038 ], [ 15.915139198303301, 38.4695816040038 ], [ 15.915139198303301, 38.469860076904403 ], [ 15.9154167175294, 38.469860076904403 ], [ 15.9154167175294, 38.470138549804801 ], [ 15.9156951904297, 38.470138549804801 ], [ 15.9156951904297, 38.470417022705199 ], [ 15.9159727096559, 38.470417022705199 ], [ 15.9159727096559, 38.470695495605597 ], [ 15.916528701782299, 38.470695495605597 ], [ 15.916528701782299, 38.470973968506001 ], [ 15.916805267333901, 38.470973968506001 ], [ 15.916805267333901, 38.471248626708999 ], [ 15.91708278656, 38.471248626708999 ], [ 15.91708278656, 38.471527099609403 ], [ 15.9176387786865, 38.471527099609403 ], [ 15.9176387786865, 38.471805572509801 ], [ 15.9179172515869, 38.471805572509801 ], [ 15.9179172515869, 38.472084045410199 ], [ 15.918194770813001, 38.472084045410199 ], [ 15.918194770813001, 38.4726371765137 ], [ 15.9184732437134, 38.4726371765137 ], [ 15.9184732437134, 38.473472595214901 ], [ 15.918194770813001, 38.473472595214901 ], [ 15.918194770813001, 38.473751068115199 ], [ 15.9179172515869, 38.473751068115199 ], [ 15.9179172515869, 38.474029541015597 ], [ 15.9176387786865, 38.474029541015597 ], [ 15.9176387786865, 38.474304199218899 ], [ 15.9156951904297, 38.474304199218899 ], [ 15.9156951904297, 38.474029541015597 ], [ 15.915139198303301, 38.474029541015597 ], [ 15.915139198303301, 38.473751068115199 ], [ 15.9148607254029, 38.473751068115199 ], [ 15.9148607254029, 38.473472595214901 ], [ 15.9145822525025, 38.473472595214901 ], [ 15.9145822525025, 38.473194122314503 ], [ 15.913291931152299, 38.473194122314503 ], [ 15.912916183471699, 38.473194122314503 ], [ 15.912916183471699, 38.472915649414098 ], [ 15.9126377105713, 38.472915649414098 ], [ 15.9126377105713, 38.4726371765137 ], [ 15.9112501144409, 38.4726371765137 ], [ 15.9112501144409, 38.472084045410199 ], [ 15.910971641540501, 38.472084045410199 ], [ 15.910971641540501, 38.470417022705199 ], [ 15.910694122314601, 38.470417022705199 ], [ 15.910694122314601, 38.46875 ], [ 15.910971641540501, 38.46875 ], [ 15.910971641540501, 38.467082977295 ], [ 15.910694122314601, 38.467082977295 ], [ 15.910694122314601, 38.466526031494197 ], [ 15.910415649414, 38.466526031494197 ], [ 15.910415649414, 38.466251373291001 ], [ 15.9101381301881, 38.466251373291001 ], [ 15.9101381301881, 38.465972900390597 ], [ 15.9098615646363, 38.465972900390597 ], [ 15.909859657287701, 38.465694427490199 ], [ 15.9095821380616, 38.465694427490199 ], [ 15.9095821380616, 38.465415954589801 ], [ 15.9090280532837, 38.465415954589801 ], [ 15.9090280532837, 38.465137481689503 ], [ 15.9087495803834, 38.465137481689503 ], [ 15.9087495803834, 38.464862823486399 ], [ 15.9081935882569, 38.464862823486399 ], [ 15.9081935882569, 38.464584350586101 ], [ 15.907916069030801, 38.464584350586101 ], [ 15.907916069030801, 38.464305877685703 ], [ 15.9076375961304, 38.464305877685703 ], [ 15.9076375961304, 38.464027404785298 ], [ 15.907361984252899, 38.464027404785298 ], [ 15.907361984252899, 38.463748931884901 ], [ 15.9070844650269, 38.463748931884901 ], [ 15.9070844650269, 38.463470458984503 ], [ 15.9068059921265, 38.463470458984503 ], [ 15.9068059921265, 38.4631958007813 ], [ 15.9065284729004, 38.4631958007813 ], [ 15.9065284729004, 38.461807250976598 ], [ 15.90625, 38.461807250976598 ], [ 15.90625, 38.4615287780762 ], [ 15.9059715270996, 38.4615287780762 ], [ 15.9059715270996, 38.461250305175803 ], [ 15.9056940078735, 38.461250305175803 ], [ 15.9056940078735, 38.460971832275398 ], [ 15.9054155349731, 38.460971832275398 ], [ 15.9054155349731, 38.460693359375099 ], [ 15.905139923095801, 38.460693359375099 ], [ 15.905139923095801, 38.459583282470703 ], [ 15.9045839309694, 38.459583282470703 ], [ 15.9045839309694, 38.457916259765703 ], [ 15.9043064117432, 38.457916259765703 ], [ 15.9043064117432, 38.457359313965 ], [ 15.9040279388429, 38.457359313965 ], [ 15.9040279388429, 38.456806182861399 ], [ 15.9037504196168, 38.456806182861399 ], [ 15.9037504196168, 38.456249237060597 ], [ 15.903471946716399, 38.456249237060597 ], [ 15.903471946716399, 38.455417633056598 ], [ 15.9031944274903, 38.455417633056598 ], [ 15.9031944274903, 38.454860687255902 ], [ 15.9029178619385, 38.454860687255902 ], [ 15.9029178619385, 38.454582214355497 ], [ 15.9026384353638, 38.454582214355497 ], [ 15.9026384353638, 38.454303741455099 ], [ 15.902361869811999, 38.454303741455099 ], [ 15.902361869811999, 38.453750610351499 ], [ 15.9020843505859, 38.453750610351499 ], [ 15.9020843505859, 38.452915191650398 ], [ 15.901805877685501, 38.452915191650398 ], [ 15.901805877685501, 38.4518051147462 ], [ 15.901528358459499, 38.4518051147462 ], [ 15.901528358459499, 38.450695037841903 ], [ 15.9012498855591, 38.450695037841903 ], [ 15.9012498855591, 38.449306488037102 ], [ 15.9009714126587, 38.449306488037102 ], [ 15.9009714126587, 38.449028015136697 ], [ 15.9006958007812, 38.449028015136697 ], [ 15.9006958007812, 38.448192596435497 ], [ 15.9004154205322, 38.448192596435497 ], [ 15.9004154205322, 38.4479179382325 ], [ 15.8998622894288, 38.4479179382325 ], [ 15.8998622894288, 38.447360992431598 ], [ 15.899582862853901, 38.447360992431598 ], [ 15.899582862853901, 38.4470825195312 ], [ 15.8987493515016, 38.4470825195312 ], [ 15.8987493515016, 38.446804046630902 ], [ 15.898193359375099, 38.446804046630902 ], [ 15.898193359375099, 38.446529388427798 ], [ 15.8973608016968, 38.446529388427798 ], [ 15.8973608016968, 38.446250915527401 ], [ 15.895138740539499, 38.446250915527401 ], [ 15.895138740539499, 38.445972442627102 ], [ 15.8949689865113, 38.445972442627102 ], [ 15.893739700317401, 38.445972442627102 ], [ 15.892639160156399, 38.445972442627102 ], [ 15.892639160156399, 38.446529388427798 ], [ 15.892916679382401, 38.446529388427798 ], [ 15.892916679382401, 38.446804046630902 ], [ 15.8937511444093, 38.446804046630902 ], [ 15.8937511444093, 38.4470825195312 ], [ 15.8945827484131, 38.4470825195312 ], [ 15.8945827484131, 38.446804046630902 ], [ 15.895417213439901, 38.446804046630902 ], [ 15.895417213439901, 38.4470825195312 ], [ 15.895694732666, 38.447090148925803 ], [ 15.895694732666, 38.447360992431598 ], [ 15.895871162414601, 38.447360992431598 ], [ 15.896248817443899, 38.447360992431598 ], [ 15.896248817443899, 38.447639465332102 ], [ 15.8968048095704, 38.447639465332102 ], [ 15.8968048095704, 38.448192596435497 ], [ 15.897083282470801, 38.448192596435497 ], [ 15.897083282470801, 38.4487495422363 ], [ 15.8973608016968, 38.4487495422363 ], [ 15.8973608016968, 38.449028015136697 ], [ 15.898193359375099, 38.449028015136697 ], [ 15.898193359375099, 38.449306488037102 ], [ 15.8987493515016, 38.449306488037102 ], [ 15.8987493515016, 38.4495849609375 ], [ 15.8990268707275, 38.4495849609375 ], [ 15.8990268707275, 38.450138092041101 ], [ 15.899305343627899, 38.450138092041101 ], [ 15.899305343627899, 38.451526641845803 ], [ 15.8987493515016, 38.451526641845803 ], [ 15.8987493515016, 38.4518051147462 ], [ 15.8990268707275, 38.4518051147462 ], [ 15.8990268707275, 38.452293395996101 ], [ 15.8990268707275, 38.452808380127003 ], [ 15.8990268707275, 38.452915191650398 ], [ 15.899305343627899, 38.452915191650398 ], [ 15.899305343627899, 38.453472137451101 ], [ 15.899582862853901, 38.453472137451101 ], [ 15.899582862853901, 38.454029083252102 ], [ 15.8998622894288, 38.454029083252102 ], [ 15.8998622894288, 38.454860687255902 ], [ 15.9001398086547, 38.454860687255902 ], [ 15.9001398086547, 38.4551391601562 ], [ 15.9004154205322, 38.4551391601562 ], [ 15.9004154205322, 38.455417633056598 ], [ 15.9005708694459, 38.455417633056598 ], [ 15.9006958007812, 38.455417633056598 ], [ 15.9006958007812, 38.455677032470803 ], [ 15.9006958007812, 38.456249237060597 ], [ 15.9009714126587, 38.456249237060597 ], [ 15.9009714126587, 38.456527709961001 ], [ 15.9011077880859, 38.456527709961001 ], [ 15.9012498855591, 38.456527709961001 ], [ 15.9012498855591, 38.456817626953097 ], [ 15.9012498855591, 38.457084655761797 ], [ 15.9013786315918, 38.457084655761797 ], [ 15.901528358459499, 38.457084655761797 ], [ 15.901528358459499, 38.457393646240298 ], [ 15.901528358459499, 38.458194732666101 ], [ 15.901805877685501, 38.458194732666101 ], [ 15.901805877685501, 38.459026336669901 ], [ 15.902318000793599, 38.459026336669901 ], [ 15.9026384353638, 38.459026336669901 ], [ 15.902640342712401, 38.459583282470703 ], [ 15.9029178619385, 38.459583282470703 ], [ 15.9029178619385, 38.460262298583999 ], [ 15.9029178619385, 38.460414886474702 ], [ 15.902991294860801, 38.460414886474702 ], [ 15.9031944274903, 38.460414886474702 ], [ 15.9031944274903, 38.460693359375099 ], [ 15.903471946716399, 38.460693359375099 ], [ 15.903471946716399, 38.4614067077637 ], [ 15.903471946716399, 38.461807250976598 ], [ 15.9036655426025, 38.461807250976598 ], [ 15.9037504196168, 38.461807250976598 ], [ 15.9037504196168, 38.461982727050803 ], [ 15.9037504196168, 38.462081909179702 ], [ 15.9040279388429, 38.462081909179702 ], [ 15.9040279388429, 38.462554931640597 ], [ 15.9040279388429, 38.462638854980497 ], [ 15.9043064117432, 38.462638854980497 ], [ 15.9043064117432, 38.4631958007813 ], [ 15.9045839309694, 38.4631958007813 ], [ 15.9045839309694, 38.463748931884901 ], [ 15.9048624038697, 38.463748931884901 ], [ 15.9048624038697, 38.464305877685703 ], [ 15.905139923095801, 38.464305877685703 ], [ 15.905139923095801, 38.464862823486399 ], [ 15.9054155349731, 38.464862823486399 ], [ 15.9054155349731, 38.465415954589801 ], [ 15.9056940078735, 38.465415954589801 ], [ 15.9056940078735, 38.465972900390597 ], [ 15.9059715270996, 38.465972900390597 ], [ 15.9059715270996, 38.466526031494197 ], [ 15.90625, 38.466526031494197 ], [ 15.90625, 38.466804504394602 ], [ 15.9065284729004, 38.466804504394602 ], [ 15.9065284729004, 38.467361450195298 ], [ 15.9068059921265, 38.467361450195298 ], [ 15.9068059921265, 38.467639923095703 ], [ 15.9070844650269, 38.467639923095703 ], [ 15.9070844650269, 38.468841552734403 ], [ 15.9070844650269, 38.469028472900398 ], [ 15.907175064086999, 38.469028472900398 ], [ 15.907361984252899, 38.469028472900398 ], [ 15.907361984252899, 38.469306945800803 ], [ 15.9076375961304, 38.469306945800803 ], [ 15.9076375961304, 38.469860076904403 ], [ 15.907916069030801, 38.469860076904403 ], [ 15.907916069030801, 38.470695495605597 ], [ 15.9081935882569, 38.470695495605597 ], [ 15.9081935882569, 38.471317291259801 ], [ 15.9081935882569, 38.472915649414098 ], [ 15.908472061157299, 38.472915649414098 ], [ 15.908472061157299, 38.473472595214901 ], [ 15.9087495803834, 38.473472595214901 ], [ 15.9087495803834, 38.474029541015597 ], [ 15.9090280532837, 38.474029541015597 ], [ 15.9090280532837, 38.474582672119297 ], [ 15.9095821380616, 38.474582672119297 ], [ 15.9095821380616, 38.474861145019602 ], [ 15.9097709655762, 38.474861145019602 ], [ 15.9098615646363, 38.474861145019602 ], [ 15.9098615646363, 38.475051879882898 ], [ 15.9098615646363, 38.475692749023402 ], [ 15.9101381301881, 38.475692749023402 ], [ 15.9101381301881, 38.476249694824297 ], [ 15.910415649414, 38.476261138916101 ], [ 15.910415649414, 38.476528167724702 ], [ 15.910522460937599, 38.476528167724702 ], [ 15.910694122314601, 38.476528167724702 ], [ 15.910694122314601, 38.476963043212898 ], [ 15.910694122314601, 38.477638244628899 ], [ 15.910971641540501, 38.477668762207102 ], [ 15.910971641540501, 38.478473663330099 ], [ 15.9112501144409, 38.478473663330099 ], [ 15.9112501144409, 38.4790267944337 ], [ 15.9115276336669, 38.4790267944337 ], [ 15.9115276336669, 38.479164123535099 ], [ 15.9115276336669, 38.479583740234403 ], [ 15.9116668701172, 38.479583740234403 ], [ 15.9118041992188, 38.479583740234403 ], [ 15.9118041992188, 38.480007171630902 ], [ 15.9118041992188, 38.4823608398437 ], [ 15.912360191345201, 38.4823608398437 ], [ 15.912360191345201, 38.482639312744297 ], [ 15.9126377105713, 38.482639312744297 ], [ 15.9126377105713, 38.4840278625488 ], [ 15.912916183471699, 38.4840278625488 ], [ 15.912916183471699, 38.484306335449197 ], [ 15.9131937026978, 38.484306335449197 ], [ 15.9131937026978, 38.484382629394602 ], [ 15.9131937026978, 38.485137939453203 ], [ 15.9134731292725, 38.485137939453203 ], [ 15.9134731292725, 38.485263824462997 ], [ 15.9134731292725, 38.485416412353601 ], [ 15.9131937026978, 38.485416412353601 ], [ 15.9131937026978, 38.485694885253999 ], [ 15.913607597351101, 38.485694885253999 ], [ 15.9137506484985, 38.485694885253999 ], [ 15.9137506484985, 38.486148834228501 ], [ 15.9137506484985, 38.486251831054702 ], [ 15.914029121398899, 38.486251831054702 ], [ 15.914029121398899, 38.486804962158303 ], [ 15.914306640625, 38.486804962158303 ], [ 15.914306640625, 38.487361907959098 ], [ 15.9145822525025, 38.487361907959098 ], [ 15.9145822525025, 38.487640380859403 ], [ 15.915139198303301, 38.487640380859403 ], [ 15.915139198303301, 38.488750457763601 ], [ 15.9148607254029, 38.488750457763601 ], [ 15.9148607254029, 38.489582061767599 ], [ 15.915139198303301, 38.489582061767599 ], [ 15.915139198303301, 38.490139007568402 ], [ 15.9154167175294, 38.490139007568402 ], [ 15.9154167175294, 38.4914360046387 ], [ 15.9154167175294, 38.492362976074297 ], [ 15.9156951904297, 38.492362976074297 ], [ 15.9156951904297, 38.493194580078203 ], [ 15.9159727096559, 38.493198394775398 ], [ 15.9159727096559, 38.494583129882798 ], [ 15.9162511825562, 38.494583129882798 ], [ 15.9162511825562, 38.495414733886797 ], [ 15.916528701782299, 38.495418548584098 ], [ 15.916528701782299, 38.495693206787202 ], [ 15.916805267333901, 38.495693206787202 ], [ 15.916805267333901, 38.495834350586001 ], [ 15.916805267333901, 38.497093200683601 ], [ 15.916805267333901, 38.497360229492202 ], [ 15.916913986206101, 38.497360229492202 ], [ 15.91708278656, 38.497360229492202 ], [ 15.91708278656, 38.497638702392599 ], [ 15.917361259460399, 38.497638702392599 ], [ 15.917361259460399, 38.498477935791001 ], [ 15.917361259460399, 38.500137329101598 ], [ 15.9176387786865, 38.500137329101598 ], [ 15.9176387786865, 38.500415802002003 ], [ 15.917361259460399, 38.500415802002003 ], [ 15.917361259460399, 38.500972747802699 ], [ 15.9176387786865, 38.500972747802699 ], [ 15.9176387786865, 38.502639770507798 ], [ 15.9179172515869, 38.502639770507798 ], [ 15.9179172515869, 38.503192901611399 ], [ 15.918194770813001, 38.503192901611399 ], [ 15.918194770813001, 38.503471374511797 ], [ 15.9184732437134, 38.503471374511797 ], [ 15.9184732437134, 38.504581451416001 ], [ 15.9187488555909, 38.504581451416001 ], [ 15.9187488555909, 38.505416870117301 ], [ 15.9190273284912, 38.505416870117301 ], [ 15.9190273284912, 38.505626678466903 ], [ 15.919029235839799, 38.506248474121101 ], [ 15.919136047363301, 38.506248474121101 ], [ 15.919304847717299, 38.506248474121101 ], [ 15.919304847717299, 38.506526947021499 ], [ 15.919583320617701, 38.506526947021499 ], [ 15.919583320617701, 38.507083892822301 ], [ 15.9198608398438, 38.507083892822301 ], [ 15.9198608398438, 38.507637023925803 ], [ 15.920139312744199, 38.507637023925803 ], [ 15.920139312744199, 38.507854461669901 ], [ 15.9198608398438, 38.5079154968262 ], [ 15.9198608398438, 38.508434295654297 ], [ 15.9198608398438, 38.509304046631001 ], [ 15.920139312744199, 38.509304046631001 ], [ 15.920139312744199, 38.510139465332102 ], [ 15.9204168319703, 38.510139465332102 ], [ 15.9204168319703, 38.5104179382325 ], [ 15.9206953048707, 38.5104179382325 ], [ 15.9206953048707, 38.511249542236399 ], [ 15.9209709167482, 38.511249542236399 ], [ 15.9209709167482, 38.511806488037202 ], [ 15.921251296997101, 38.511806488037202 ], [ 15.921251296997101, 38.512084960937599 ], [ 15.9214487075806, 38.512084960937599 ], [ 15.921526908874601, 38.512084960937599 ], [ 15.921526908874601, 38.512275695800902 ], [ 15.921526908874601, 38.512638092041001 ], [ 15.9216785430909, 38.512638092041001 ], [ 15.921805381775, 38.512638092041001 ], [ 15.921805381775, 38.512939453125 ], [ 15.921805381775, 38.514026641845803 ], [ 15.922082901001099, 38.514026641845803 ], [ 15.922082901001099, 38.514583587646499 ], [ 15.9223613739015, 38.514583587646499 ], [ 15.9223613739015, 38.515140533447301 ], [ 15.9226388931276, 38.515140533447301 ], [ 15.9226388931276, 38.515693664550902 ], [ 15.9229173660279, 38.515693664550902 ], [ 15.9229173660279, 38.516250610351598 ], [ 15.9231948852538, 38.516265869140703 ], [ 15.9231948852538, 38.516803741455099 ], [ 15.9234733581544, 38.516803741455099 ], [ 15.9234733581544, 38.516929626464801 ], [ 15.9234733581544, 38.517360687255803 ], [ 15.923652648925801, 38.517360687255803 ], [ 15.923748970031699, 38.517360687255803 ], [ 15.923748970031699, 38.517589569091797 ], [ 15.923748970031699, 38.517917633056797 ], [ 15.9238862991332, 38.517917633056797 ], [ 15.9240274429321, 38.517917633056797 ], [ 15.9240274429321, 38.518253326416101 ], [ 15.9240274429321, 38.518470764160199 ], [ 15.9241161346435, 38.518470764160199 ], [ 15.9243049621582, 38.518470764160199 ], [ 15.9243049621582, 38.518928527832102 ], [ 15.9243049621582, 38.519584655761697 ], [ 15.924583435058601, 38.519607543945298 ], [ 15.924583435058601, 38.520137786865298 ], [ 15.9248609542847, 38.520137786865298 ], [ 15.9248609542847, 38.5202827453613 ], [ 15.9248609542847, 38.520694732666101 ], [ 15.925030708312899, 38.520694732666101 ], [ 15.925139427185099, 38.520694732666101 ], [ 15.925139427185099, 38.520957946777301 ], [ 15.925139427185099, 38.521251678466797 ], [ 15.925259590148899, 38.521251678466797 ], [ 15.925416946411101, 38.521251678466797 ], [ 15.925416946411101, 38.521633148193402 ], [ 15.925416946411101, 38.522083282470803 ], [ 15.9256019592285, 38.522083282470803 ], [ 15.925696372985801, 38.522083282470803 ], [ 15.925696372985801, 38.522312164306797 ], [ 15.925696372985801, 38.522640228271499 ], [ 15.925830841064499, 38.522640228271499 ], [ 15.925971031189, 38.522640228271499 ], [ 15.925971031189, 38.522983551025398 ], [ 15.925971031189, 38.523193359375 ], [ 15.9260578155519, 38.523193359375 ], [ 15.926248550415201, 38.523193359375 ], [ 15.926248550415201, 38.523658752441499 ], [ 15.926248550415201, 38.523750305175703 ], [ 15.926527023315501, 38.523750305175703 ], [ 15.926527023315501, 38.5240287780763 ], [ 15.9268045425416, 38.5240287780763 ], [ 15.9268045425416, 38.524860382080099 ], [ 15.9270839691163, 38.524860382080099 ], [ 15.9270839691163, 38.5256958007812 ], [ 15.927362442016699, 38.5256958007812 ], [ 15.927362442016699, 38.526248931884801 ], [ 15.927639961242701, 38.526248931884801 ], [ 15.927639961242701, 38.527084350586001 ], [ 15.927914619445801, 38.527084350586001 ], [ 15.927914619445801, 38.527637481689602 ], [ 15.928193092346101, 38.527637481689602 ], [ 15.928193092346101, 38.528472900390703 ], [ 15.9284715652465, 38.528472900390703 ], [ 15.9284715652465, 38.529026031494098 ], [ 15.9287500381469, 38.529026031494098 ], [ 15.9287500381469, 38.529861450195298 ], [ 15.929027557373001, 38.529861450195298 ], [ 15.929027557373001, 38.530693054199297 ], [ 15.9293060302734, 38.530693054199297 ], [ 15.9293060302734, 38.531440734863303 ], [ 15.9293060302734, 38.531528472900398 ], [ 15.929583549499499, 38.531528472900398 ], [ 15.929583549499499, 38.532222747802798 ], [ 15.929583549499499, 38.532360076904403 ], [ 15.929862022399799, 38.532360076904403 ], [ 15.929862022399799, 38.533004760742202 ], [ 15.929862022399799, 38.534027099609503 ], [ 15.930137634277299, 38.534027099609503 ], [ 15.930137634277299, 38.534305572509901 ], [ 15.9302759170532, 38.534305572509901 ], [ 15.930418014526399, 38.534305572509901 ], [ 15.930418014526399, 38.534584045410298 ], [ 15.930693626403899, 38.534584045410298 ], [ 15.930693626403899, 38.534992218017599 ], [ 15.930693626403899, 38.535415649414098 ], [ 15.930972099304199, 38.535415649414098 ], [ 15.930972099304199, 38.536582946777301 ], [ 15.930972099304199, 38.537361145019503 ], [ 15.9312496185303, 38.537361145019503 ], [ 15.9312496185303, 38.537528991699197 ], [ 15.9312496185303, 38.538749694824297 ], [ 15.9315280914307, 38.538749694824297 ], [ 15.9315280914307, 38.539585113525398 ], [ 15.9316730499268, 38.539585113525398 ], [ 15.9318056106568, 38.539585113525398 ], [ 15.9318056106568, 38.540695190429801 ], [ 15.9320840835572, 38.540695190429801 ], [ 15.9320840835572, 38.543750762939503 ], [ 15.9319620132447, 38.543750762939503 ], [ 15.9318056106568, 38.543750762939503 ], [ 15.9318056106568, 38.545417785644602 ], [ 15.9315280914307, 38.545417785644602 ], [ 15.9315280914307, 38.546249389648601 ], [ 15.9312496185303, 38.546249389648601 ], [ 15.9312496185303, 38.546527862548899 ], [ 15.930972099304199, 38.546527862548899 ], [ 15.930972099304199, 38.546806335449297 ], [ 15.930693626403899, 38.546806335449297 ], [ 15.930693626403899, 38.547084808349702 ], [ 15.930418014526399, 38.547084808349702 ], [ 15.930418014526399, 38.547637939453097 ], [ 15.930137634277299, 38.547637939453097 ], [ 15.930137634277299, 38.547916412353501 ], [ 15.929862022399799, 38.547916412353501 ], [ 15.929862022399799, 38.548194885253899 ], [ 15.929583549499499, 38.548194885253899 ], [ 15.929583549499499, 38.548473358154297 ], [ 15.9293060302734, 38.548473358154297 ], [ 15.9293060302734, 38.549026489257898 ], [ 15.929027557373001, 38.549026489257898 ], [ 15.929027557373001, 38.549861907958999 ], [ 15.9284715652465, 38.549861907958999 ], [ 15.9284715652465, 38.550140380859403 ], [ 15.928193092346101, 38.550140380859403 ], [ 15.928193092346101, 38.550415039062599 ], [ 15.9268045425416, 38.550415039062599 ], [ 15.9268045425416, 38.550693511962997 ], [ 15.9259462356569, 38.550693511962997 ], [ 15.925139427185099, 38.550693511962997 ], [ 15.925139427185099, 38.550971984863402 ], [ 15.923748970031699, 38.550971984863402 ], [ 15.923748970031699, 38.5512504577637 ], [ 15.9234733581544, 38.5512504577637 ], [ 15.9234733581544, 38.551528930664098 ], [ 15.9231948852538, 38.551528930664098 ], [ 15.9231948852538, 38.551807403564503 ], [ 15.9229173660279, 38.551807403564503 ], [ 15.9229173660279, 38.5520820617675 ], [ 15.9223613739015, 38.5520820617675 ], [ 15.9223613739015, 38.552360534667898 ], [ 15.922082901001099, 38.552360534667898 ], [ 15.922082901001099, 38.552639007568501 ], [ 15.921251296997101, 38.552639007568501 ], [ 15.921251296997101, 38.552917480468899 ], [ 15.9206953048707, 38.552917480468899 ], [ 15.9206953048707, 38.553195953369297 ], [ 15.9204168319703, 38.553195953369297 ], [ 15.9204168319703, 38.553470611572301 ], [ 15.919583320617701, 38.553470611572301 ], [ 15.919583320617701, 38.553749084472699 ], [ 15.9184732437134, 38.553749084472699 ], [ 15.9184732437134, 38.554027557372997 ], [ 15.9176387786865, 38.554027557372997 ], [ 15.9176387786865, 38.554306030273402 ], [ 15.916528701782299, 38.554306030273402 ], [ 15.916528701782299, 38.5545845031738 ], [ 15.9156951904297, 38.5545845031738 ], [ 15.9156951904297, 38.554862976074197 ], [ 15.914306640625, 38.554862976074197 ], [ 15.914306640625, 38.555416107177798 ], [ 15.914029121398899, 38.555416107177798 ], [ 15.914029121398899, 38.555694580078203 ], [ 15.9134731292725, 38.555694580078203 ], [ 15.9134731292725, 38.555973052978601 ], [ 15.9131937026978, 38.555973052978601 ], [ 15.9131937026978, 38.556251525878999 ], [ 15.912916183471699, 38.556251525878999 ], [ 15.912916183471699, 38.556526184082102 ], [ 15.9126377105713, 38.556526184082102 ], [ 15.9126377105713, 38.556251525878999 ], [ 15.912360191345201, 38.556251525878999 ], [ 15.912360191345201, 38.556526184082102 ], [ 15.912084579467701, 38.556526184082102 ], [ 15.912084579467701, 38.5568046569825 ], [ 15.9118041992188, 38.5568046569825 ], [ 15.9118041992188, 38.557361602783303 ], [ 15.9115276336669, 38.557361602783303 ], [ 15.9115276336669, 38.5576400756837 ], [ 15.9112501144409, 38.5576400756837 ], [ 15.9112501144409, 38.557918548583999 ], [ 15.910971641540501, 38.557918548583999 ], [ 15.910971641540501, 38.558193206787102 ], [ 15.910694122314601, 38.558193206787102 ], [ 15.910694122314601, 38.558471679687401 ], [ 15.9101381301881, 38.558471679687401 ], [ 15.9101381301881, 38.558750152587798 ], [ 15.9098615646363, 38.558750152587798 ], [ 15.9098615646363, 38.559028625488402 ], [ 15.909305572509799, 38.559028625488402 ], [ 15.909305572509799, 38.5593070983888 ], [ 15.9090280532837, 38.5593070983888 ], [ 15.9090280532837, 38.559581756591797 ], [ 15.908472061157299, 38.559581756591797 ], [ 15.908472061157299, 38.559860229492202 ], [ 15.907916069030801, 38.559860229492202 ], [ 15.907916069030801, 38.560138702392599 ], [ 15.907361984252899, 38.560138702392599 ], [ 15.907361984252899, 38.560417175292997 ], [ 15.9068059921265, 38.560459136962997 ], [ 15.9068059921265, 38.5609741210938 ], [ 15.90625, 38.5609741210938 ], [ 15.90625, 38.561248779296903 ], [ 15.9059715270996, 38.561248779296903 ], [ 15.9059715270996, 38.561527252197301 ], [ 15.9056940078735, 38.561527252197301 ], [ 15.9056940078735, 38.561805725097699 ], [ 15.9048624038697, 38.561805725097699 ], [ 15.9048624038697, 38.562084197998097 ], [ 15.9043064117432, 38.562084197998097 ], [ 15.9043064117432, 38.562362670898501 ], [ 15.9037504196168, 38.562362670898501 ], [ 15.9037504196168, 38.562637329101698 ], [ 15.9031944274903, 38.562637329101698 ], [ 15.9031944274903, 38.562915802002102 ], [ 15.902640342712401, 38.562915802002102 ], [ 15.9026384353638, 38.5631942749025 ], [ 15.901805877685501, 38.5631942749025 ], [ 15.901805877685501, 38.563472747802798 ], [ 15.901528358459499, 38.563472747802798 ], [ 15.901528358459499, 38.563751220703203 ], [ 15.9012498855591, 38.563751220703203 ], [ 15.9012498855591, 38.5640258789062 ], [ 15.9009714126587, 38.564029693603601 ], [ 15.9009714126587, 38.564304351806598 ], [ 15.9006958007812, 38.564304351806598 ], [ 15.9006958007812, 38.564582824707003 ], [ 15.9004154205322, 38.564582824707003 ], [ 15.9004154205322, 38.565139770507798 ], [ 15.9001398086547, 38.565139770507798 ], [ 15.9001398086547, 38.566806793212898 ], [ 15.8998622894288, 38.566806793212898 ], [ 15.8998622894288, 38.567638397216903 ], [ 15.899582862853901, 38.567638397216903 ], [ 15.899582862853901, 38.568195343017599 ], [ 15.899305343627899, 38.568195343017599 ], [ 15.899305343627899, 38.569026947021598 ], [ 15.8990268707275, 38.569026947021598 ], [ 15.8990268707275, 38.569583892822401 ], [ 15.8987493515016, 38.569583892822401 ], [ 15.8987493515016, 38.569862365722798 ], [ 15.898470878601, 38.569862365722798 ], [ 15.898470878601, 38.570137023925803 ], [ 15.898193359375099, 38.570137023925803 ], [ 15.898193359375099, 38.570693969726598 ], [ 15.897916793823301, 38.570693969726598 ], [ 15.897916793823301, 38.570972442627003 ], [ 15.8976392745972, 38.570972442627003 ], [ 15.8976392745972, 38.571529388427699 ], [ 15.8973608016968, 38.571529388427699 ], [ 15.8973608016968, 38.571804046630902 ], [ 15.897083282470801, 38.571804046630902 ], [ 15.897083282470801, 38.5720825195313 ], [ 15.8968048095704, 38.5720825195313 ], [ 15.8968048095704, 38.572360992431598 ], [ 15.896248817443899, 38.572360992431598 ], [ 15.896248817443899, 38.573749542236399 ], [ 15.895973205566399, 38.573749542236399 ], [ 15.895973205566399, 38.574028015136797 ], [ 15.895694732666, 38.574028015136797 ], [ 15.895694732666, 38.574306488037202 ], [ 15.895417213439901, 38.574306488037202 ], [ 15.895417213439901, 38.574584960937599 ], [ 15.895138740539499, 38.574584960937599 ], [ 15.895138740539499, 38.5748100280762 ], [ 15.8948612213135, 38.574859619140703 ], [ 15.8948612213135, 38.575027465820398 ], [ 15.8948612213135, 38.575138092041101 ], [ 15.894718170166, 38.575138092041101 ], [ 15.894305229186999, 38.575138092041101 ], [ 15.894305229186999, 38.575416564941499 ], [ 15.8940267562866, 38.575416564941499 ], [ 15.8940057754518, 38.575695037841903 ], [ 15.8937511444093, 38.575695037841903 ], [ 15.8937511444093, 38.575973510742301 ], [ 15.893651008606, 38.575973510742301 ], [ 15.893472671508899, 38.575973510742301 ], [ 15.893472671508899, 38.5761108398438 ], [ 15.893472671508899, 38.576805114746101 ], [ 15.8931951522828, 38.576805114746101 ], [ 15.8931951522828, 38.577362060546903 ], [ 15.892639160156399, 38.577362060546903 ], [ 15.892639160156399, 38.577640533447202 ], [ 15.891804695129499, 38.577640533447202 ], [ 15.891804695129499, 38.577915191650398 ], [ 15.891248703003001, 38.577915191650398 ], [ 15.891248703003001, 38.577640533447202 ], [ 15.890973091125501, 38.577640533447202 ], [ 15.890973091125501, 38.577915191650398 ], [ 15.889861106872599, 38.577915191650398 ], [ 15.889861106872599, 38.578193664550803 ], [ 15.8884725570678, 38.578193664550803 ], [ 15.8884725570678, 38.5784721374512 ], [ 15.8876390457154, 38.5784721374512 ], [ 15.8876390457154, 38.578750610351598 ], [ 15.887082099914499, 38.578750610351598 ], [ 15.887082099914499, 38.579029083252003 ], [ 15.8868074417115, 38.579029083252003 ], [ 15.8868074417115, 38.579303741455199 ], [ 15.8859720230103, 38.579303741455199 ], [ 15.8859720230103, 38.579582214355597 ], [ 15.88569355011, 38.579582214355597 ], [ 15.88569355011, 38.579860687255902 ], [ 15.884584426879901, 38.579860687255902 ], [ 15.884584426879901, 38.5801391601563 ], [ 15.884305953979499, 38.5801391601563 ], [ 15.884305953979499, 38.580417633056697 ], [ 15.8840284347534, 38.580417633056697 ], [ 15.8840284347534, 38.580696105957102 ], [ 15.883749961853001, 38.580696105957102 ], [ 15.883749961853001, 38.580970764160099 ], [ 15.883472442626999, 38.580970764160099 ], [ 15.883472442626999, 38.581249237060703 ], [ 15.8831939697266, 38.581249237060703 ], [ 15.8831939697266, 38.581806182861399 ], [ 15.882916450500501, 38.581806182861399 ], [ 15.882916450500501, 38.582084655761797 ], [ 15.882637977600099, 38.582084655761797 ], [ 15.882637977600099, 38.582637786865199 ], [ 15.8823623657228, 38.582637786865199 ], [ 15.8823623657228, 38.582916259765597 ], [ 15.882081985473601, 38.582916259765597 ], [ 15.882081985473601, 38.583194732666001 ], [ 15.8818063735963, 38.583194732666001 ], [ 15.8818063735963, 38.58402633667 ], [ 15.8815279006959, 38.58402633667 ], [ 15.8815279006959, 38.5848617553712 ], [ 15.881250381469799, 38.5848617553712 ], [ 15.881250381469799, 38.585414886474702 ], [ 15.8809719085694, 38.585414886474702 ], [ 15.8809719085694, 38.585693359375099 ], [ 15.8806943893434, 38.585693359375099 ], [ 15.8806943893434, 38.585971832275497 ], [ 15.880875587463301, 38.585971832275497 ], [ 15.8809719085694, 38.586017608642699 ], [ 15.8809719085694, 38.586250305175803 ], [ 15.880520820617701, 38.586250305175803 ], [ 15.880415916443001, 38.586250305175803 ], [ 15.880415916443001, 38.586330413818402 ], [ 15.880415916443001, 38.5865287780762 ], [ 15.8806943893434, 38.5865287780762 ], [ 15.8806943893434, 38.586807250976598 ], [ 15.880415916443001, 38.586807250976598 ], [ 15.880415916443001, 38.587081909179602 ], [ 15.880140304565501, 38.587081909179602 ], [ 15.880140304565501, 38.58736038208 ], [ 15.8798599243165, 38.58736038208 ], [ 15.8798599243165, 38.587638854980597 ], [ 15.879584312439, 38.587638854980597 ], [ 15.879584312439, 38.587917327881001 ], [ 15.8783922195435, 38.587917327881001 ], [ 15.8781938552857, 38.587917327881001 ], [ 15.8781938552857, 38.588069915771598 ], [ 15.8781938552857, 38.588195800781399 ], [ 15.8780374526978, 38.588195800781399 ], [ 15.877141952514799, 38.588195800781399 ], [ 15.876527786254799, 38.588195800781399 ], [ 15.876527786254799, 38.588470458984403 ], [ 15.8754177093507, 38.588470458984403 ], [ 15.8754177093507, 38.588748931884801 ], [ 15.8745841979981, 38.588748931884801 ], [ 15.8745841979981, 38.589027404785199 ], [ 15.8740282058716, 38.589027404785199 ], [ 15.8740282058716, 38.589305877685497 ], [ 15.8723611831665, 38.589305877685497 ], [ 15.8723611831665, 38.589584350585902 ], [ 15.872082710266101, 38.589584350585902 ], [ 15.872082710266101, 38.5898628234863 ], [ 15.87180519104, 38.5898628234863 ], [ 15.87180519104, 38.590415954589901 ], [ 15.8715267181396, 38.590415954589901 ], [ 15.8715267181396, 38.590694427490298 ], [ 15.8704166412353, 38.590694427490298 ], [ 15.8704166412353, 38.590972900390703 ], [ 15.8693046569825, 38.590972900390703 ], [ 15.8693046569825, 38.591251373291101 ], [ 15.868748664856099, 38.591251373291101 ], [ 15.868748664856099, 38.591526031494297 ], [ 15.8681945800782, 38.591526031494297 ], [ 15.8681945800782, 38.592082977295 ], [ 15.8665266036988, 38.592082977295 ], [ 15.8665266036988, 38.592361450195398 ], [ 15.8662509918213, 38.592361450195398 ], [ 15.8662509918213, 38.5929183959962 ], [ 15.8665266036988, 38.5929183959962 ], [ 15.8665266036988, 38.593193054199197 ], [ 15.865973472595201, 38.593193054199197 ], [ 15.865973472595201, 38.593471527099602 ], [ 15.865694999694799, 38.593471527099602 ], [ 15.865694999694799, 38.59375 ], [ 15.8654165267944, 38.59375 ], [ 15.8654165267944, 38.594028472900497 ], [ 15.8651390075684, 38.594028472900497 ], [ 15.8651390075684, 38.594306945800902 ], [ 15.864860534668001, 38.594306945800902 ], [ 15.864860534668001, 38.594581604003899 ], [ 15.8645830154418, 38.594581604003899 ], [ 15.8645830154418, 38.594860076904297 ], [ 15.8643045425415, 38.594860076904297 ], [ 15.8643045425415, 38.595417022705099 ], [ 15.863472938537701, 38.595417022705099 ], [ 15.863472938537701, 38.595695495605497 ], [ 15.8631954193116, 38.595695495605497 ], [ 15.8631954193116, 38.595973968505902 ], [ 15.8629169464112, 38.595973968505902 ], [ 15.8629169464112, 38.597915649414198 ], [ 15.8623609542847, 38.597915649414198 ], [ 15.8623609542847, 38.598194122314602 ], [ 15.8620834350587, 38.598194122314602 ], [ 15.8620834350587, 38.598472595215 ], [ 15.861525535583599, 38.598472595215 ], [ 15.861525535583599, 38.598751068115298 ], [ 15.8609733581543, 38.598751068115298 ], [ 15.8609733581543, 38.599029541015703 ], [ 15.860694885253899, 38.599029541015703 ], [ 15.860694885253899, 38.5993041992187 ], [ 15.8601379394531, 38.5993041992187 ], [ 15.8601379394531, 38.600139617919901 ], [ 15.8604173660278, 38.600139617919901 ], [ 15.8604173660278, 38.600418090820398 ], [ 15.860694885253899, 38.600418090820398 ], [ 15.860694885253899, 38.600692749023501 ], [ 15.8609733581543, 38.600692749023501 ], [ 15.8609733581543, 38.601249694824197 ], [ 15.860694885253899, 38.601249694824197 ], [ 15.860694885253899, 38.6009712219238 ], [ 15.8604173660278, 38.6009712219238 ], [ 15.8604173660278, 38.601249694824197 ], [ 15.859581947326699, 38.601249694824197 ], [ 15.859581947326699, 38.6009712219238 ], [ 15.859028816223301, 38.6009712219238 ], [ 15.859028816223301, 38.601249694824197 ], [ 15.858750343322701, 38.601249694824197 ], [ 15.858750343322701, 38.601528167724602 ], [ 15.857915878295801, 38.601528167724602 ], [ 15.857915878295801, 38.601806640625 ], [ 15.857359886169499, 38.601806640625 ], [ 15.857359886169499, 38.602085113525398 ], [ 15.857084274291999, 38.602085113525398 ], [ 15.857063293456999, 38.602359771728601 ], [ 15.856805801391699, 38.602359771728601 ], [ 15.856805801391699, 38.602638244628999 ], [ 15.8565282821656, 38.602638244628999 ], [ 15.8565282821656, 38.602916717529403 ], [ 15.8559722900391, 38.602916717529403 ], [ 15.8559722900391, 38.603195190429702 ], [ 15.855137825012299, 38.603195190429702 ], [ 15.855137825012299, 38.603473663330099 ], [ 15.854862213134799, 38.603473663330099 ], [ 15.854862213134799, 38.603748321533303 ], [ 15.8545837402344, 38.603748321533303 ], [ 15.8545837402344, 38.6040267944337 ], [ 15.854306221008301, 38.6040267944337 ], [ 15.854306221008301, 38.604305267334098 ], [ 15.854027748107899, 38.604305267334098 ], [ 15.854027748107899, 38.604583740234503 ], [ 15.8537502288818, 38.604583740234503 ], [ 15.8537502288818, 38.604862213134901 ], [ 15.852915763855, 38.604862213134901 ], [ 15.852915763855, 38.605140686035298 ], [ 15.851805686950801, 38.605140686035298 ], [ 15.851805686950801, 38.605415344238303 ], [ 15.8501377105713, 38.605415344238303 ], [ 15.8501377105713, 38.6056938171387 ], [ 15.8495836257935, 38.6056938171387 ], [ 15.8495836257935, 38.605972290039098 ], [ 15.849306106567401, 38.605972290039098 ], [ 15.849306106567401, 38.606250762939403 ], [ 15.8495836257935, 38.606250762939403 ], [ 15.8495836257935, 38.606803894042997 ], [ 15.8498620986938, 38.606803894042997 ], [ 15.8498620986938, 38.6073608398438 ], [ 15.8495836257935, 38.6073608398438 ], [ 15.8495836257935, 38.607639312744098 ], [ 15.849306106567401, 38.607639312744098 ], [ 15.849306106567401, 38.608749389648501 ], [ 15.849027633666999, 38.608749389648501 ], [ 15.849027633666999, 38.609027862548899 ], [ 15.8487501144409, 38.609027862548899 ], [ 15.8487501144409, 38.609306335449297 ], [ 15.848471641540501, 38.609306335449297 ], [ 15.848471641540501, 38.609584808349702 ], [ 15.847917556762599, 38.609584808349702 ], [ 15.847917556762599, 38.609859466552798 ], [ 15.848194122314499, 38.609870910644602 ], [ 15.848194122314499, 38.610416412353601 ], [ 15.847917556762599, 38.610416412353601 ], [ 15.847917556762599, 38.6107788085938 ], [ 15.847917556762599, 38.610973358154403 ], [ 15.8476400375366, 38.610973358154403 ], [ 15.8476400375366, 38.611251831054801 ], [ 15.8470840454103, 38.611251831054801 ], [ 15.8470840454103, 38.611526489257798 ], [ 15.8468055725097, 38.611526489257798 ], [ 15.8468055725097, 38.611804962158203 ], [ 15.8465270996093, 38.611804962158203 ], [ 15.8465270996093, 38.612083435058601 ], [ 15.846248626708901, 38.612083435058601 ], [ 15.846248626708901, 38.612361907958999 ], [ 15.845971107482899, 38.612361907958999 ], [ 15.845971107482899, 38.612640380859297 ], [ 15.845138549804799, 38.612640380859297 ], [ 15.845138549804799, 38.612915039062599 ], [ 15.8440265655518, 38.612915039062599 ], [ 15.8440265655518, 38.612640380859297 ], [ 15.843589782714901, 38.612640380859297 ], [ 15.843505859375, 38.612640380859297 ], [ 15.8431930541993, 38.612640380859297 ], [ 15.8431930541993, 38.612361907958999 ], [ 15.8429174423218, 38.612361907958999 ], [ 15.8429174423218, 38.611804962158203 ], [ 15.8423614501953, 38.611804962158203 ], [ 15.8423614501953, 38.611526489257798 ], [ 15.8415269851685, 38.611526489257798 ], [ 15.8415269851685, 38.611251831054801 ], [ 15.841251373291099, 38.611251831054801 ], [ 15.841251373291099, 38.611526489257798 ], [ 15.840970993041999, 38.611526489257798 ], [ 15.840970993041999, 38.611804962158203 ], [ 15.838748931884901, 38.611804962158203 ], [ 15.838748931884901, 38.612361907958999 ], [ 15.838473320007401, 38.612361907958999 ], [ 15.838473320007401, 38.613471984863303 ], [ 15.838748931884901, 38.613471984863303 ], [ 15.838748931884901, 38.614582061767699 ], [ 15.838473320007401, 38.614582061767699 ], [ 15.838426589965801, 38.614860534667997 ], [ 15.838194847106999, 38.614860534667997 ], [ 15.838194847106999, 38.615139007568402 ], [ 15.837784767150801, 38.615184783935703 ], [ 15.837638854980501, 38.615200042724702 ], [ 15.837638854980501, 38.6154174804688 ], [ 15.837133407592701, 38.6154174804688 ], [ 15.8365287780762, 38.6154174804688 ], [ 15.836485862731999, 38.615695953369197 ], [ 15.8359727859496, 38.615695953369197 ], [ 15.8359727859496, 38.615970611572202 ], [ 15.8358469009401, 38.615970611572202 ], [ 15.8340291976929, 38.615970611572202 ], [ 15.8340291976929, 38.616249084472798 ], [ 15.8337507247925, 38.616249084472798 ], [ 15.8337507247925, 38.616870880127102 ], [ 15.8337507247925, 38.617084503173899 ], [ 15.8334732055665, 38.617084503173899 ], [ 15.8334732055665, 38.617362976074297 ], [ 15.833194732666099, 38.617362976074297 ], [ 15.833194732666099, 38.617637634277301 ], [ 15.8319711685181, 38.617637634277301 ], [ 15.831250190734901, 38.617637634277301 ], [ 15.831250190734901, 38.617362976074297 ], [ 15.828749656677401, 38.617362976074297 ], [ 15.828749656677401, 38.617084503173899 ], [ 15.8284721374513, 38.617084503173899 ], [ 15.8284721374513, 38.617637634277301 ], [ 15.8281936645509, 38.617637634277301 ], [ 15.8281936645509, 38.617916107177699 ], [ 15.8273620605469, 38.617916107177699 ], [ 15.8273620605469, 38.618194580078097 ], [ 15.8270835876465, 38.618194580078097 ], [ 15.8270835876465, 38.618473052978501 ], [ 15.826806068420501, 38.618473052978501 ], [ 15.826806068420501, 38.618751525878899 ], [ 15.826527595520099, 38.618751525878899 ], [ 15.826527595520099, 38.6193046569825 ], [ 15.826250076294, 38.6193046569825 ], [ 15.826250076294, 38.620414733886797 ], [ 15.826527595520099, 38.620418548583999 ], [ 15.826527595520099, 38.620693206787202 ], [ 15.826806068420501, 38.620693206787202 ], [ 15.826806068420501, 38.621250152587898 ], [ 15.8270835876465, 38.621250152587898 ], [ 15.8270835876465, 38.622081756591697 ], [ 15.825415611267101, 38.622081756591697 ], [ 15.825415611267101, 38.623195648193501 ], [ 15.8256940841675, 38.623195648193501 ], [ 15.8256940841675, 38.623470306396499 ], [ 15.825971603393601, 38.623474121093899 ], [ 15.825971603393601, 38.623748779296903 ], [ 15.826250076294, 38.623748779296903 ], [ 15.826250076294, 38.624305725097699 ], [ 15.826527595520099, 38.624305725097699 ], [ 15.826527595520099, 38.624584197997997 ], [ 15.8270835876465, 38.624584197997997 ], [ 15.8270835876465, 38.624862670898402 ], [ 15.8273620605469, 38.624862670898402 ], [ 15.8273620605469, 38.625137329101598 ], [ 15.827916145324799, 38.625137329101598 ], [ 15.827916145324799, 38.625694274902401 ], [ 15.8281936645509, 38.625694274902401 ], [ 15.8281936645509, 38.625789642333999 ], [ 15.8281936645509, 38.625972747802798 ], [ 15.8282737731935, 38.625972747802798 ], [ 15.8284721374513, 38.625972747802798 ], [ 15.8284721374513, 38.626426696777301 ], [ 15.8284721374513, 38.626525878906399 ], [ 15.828749656677401, 38.626525878906399 ], [ 15.828749656677401, 38.627082824707102 ], [ 15.8290281295778, 38.627082824707102 ], [ 15.8290281295778, 38.627708435058501 ], [ 15.8290281295778, 38.627918243408303 ], [ 15.829119682311999, 38.627918243408303 ], [ 15.8293056488037, 38.627918243408303 ], [ 15.8293056488037, 38.6281929016113 ], [ 15.829582214355501, 38.6281929016113 ], [ 15.829582214355501, 38.628749847412102 ], [ 15.8298597335815, 38.628749847412102 ], [ 15.8298597335815, 38.629581451416001 ], [ 15.8301382064819, 38.629581451416001 ], [ 15.8301382064819, 38.630260467529403 ], [ 15.8301382064819, 38.630973815917997 ], [ 15.830415725708001, 38.630973815917997 ], [ 15.830415725708001, 38.6312484741212 ], [ 15.830568313598601, 38.6312484741212 ], [ 15.8306941986084, 38.6312484741212 ], [ 15.8306941986084, 38.631538391113303 ], [ 15.8306941986084, 38.631805419921903 ], [ 15.830809593200801, 38.631805419921903 ], [ 15.830971717834499, 38.631805419921903 ], [ 15.830971717834499, 38.632179260253999 ], [ 15.830971717834499, 38.6329154968263 ], [ 15.831250190734901, 38.6329154968263 ], [ 15.831250190734901, 38.6337509155275 ], [ 15.8315277099609, 38.6337509155275 ], [ 15.8315277099609, 38.634304046630902 ], [ 15.8318042755128, 38.634304046630902 ], [ 15.8318042755128, 38.635139465332003 ], [ 15.832084655761699, 38.635139465332003 ], [ 15.832084655761699, 38.635692596435597 ], [ 15.832360267639199, 38.635692596435597 ], [ 15.832360267639199, 38.635971069335902 ], [ 15.8326377868653, 38.636013031005902 ], [ 15.8326377868653, 38.6362495422363 ], [ 15.8327407836915, 38.6362495422363 ], [ 15.8329162597657, 38.6362495422363 ], [ 15.8329162597657, 38.636650085449297 ], [ 15.8329162597657, 38.636806488037102 ], [ 15.833194732666099, 38.636806488037102 ], [ 15.833194732666099, 38.637290954589801 ], [ 15.833194732666099, 38.638473510742202 ], [ 15.8334732055665, 38.638473510742202 ], [ 15.8334732055665, 38.639026641845803 ], [ 15.8337507247925, 38.639026641845803 ], [ 15.8337507247925, 38.6393051147462 ], [ 15.8340291976929, 38.6393051147462 ], [ 15.8340291976929, 38.639583587646598 ], [ 15.834191322326699, 38.639583587646598 ], [ 15.834306716919, 38.639583587646598 ], [ 15.834306716919, 38.639850616455099 ], [ 15.834306716919, 38.640140533447401 ], [ 15.8344335556031, 38.640140533447401 ], [ 15.834583282470801, 38.640140533447401 ], [ 15.834583282470801, 38.6404838562012 ], [ 15.834583282470801, 38.642360687255902 ], [ 15.834860801696699, 38.642360687255902 ], [ 15.834860801696699, 38.6426391601562 ], [ 15.835139274597299, 38.6426391601562 ], [ 15.835139274597299, 38.642917633056598 ], [ 15.8354167938232, 38.642917633056598 ], [ 15.8354167938232, 38.643749237060597 ], [ 15.835139274597299, 38.643749237060597 ], [ 15.835139274597299, 38.644306182861399 ], [ 15.8354167938232, 38.644306182861399 ], [ 15.8354167938232, 38.644859313965 ], [ 15.835695266723601, 38.644859313965 ], [ 15.835695266723601, 38.645416259765703 ], [ 15.8359727859496, 38.645416259765703 ], [ 15.8359727859496, 38.645694732666101 ], [ 15.83625125885, 38.645694732666101 ], [ 15.83625125885, 38.645973205566499 ], [ 15.8365287780762, 38.645973205566499 ], [ 15.8365287780762, 38.646251678466903 ], [ 15.836805343627899, 38.646251678466903 ], [ 15.836805343627899, 38.646804809570298 ], [ 15.837082862854, 38.646804809570298 ], [ 15.837082862854, 38.647083282470703 ], [ 15.8373613357544, 38.647083282470703 ], [ 15.8373613357544, 38.647361755371101 ], [ 15.8378238677979, 38.647361755371101 ], [ 15.8379173278809, 38.647361755371101 ], [ 15.8379173278809, 38.647476196289098 ], [ 15.8379173278809, 38.647640228271399 ], [ 15.8380489349366, 38.647640228271399 ], [ 15.838194847106999, 38.647640228271399 ], [ 15.838194847106999, 38.647819519042997 ], [ 15.838194847106999, 38.647914886474702 ], [ 15.838271141052401, 38.647914886474702 ], [ 15.838473320007401, 38.647914886474702 ], [ 15.838473320007401, 38.648166656494297 ], [ 15.838473320007401, 38.648750305175803 ], [ 15.838748931884901, 38.648750305175803 ], [ 15.838748931884901, 38.649307250976598 ], [ 15.839027404785201, 38.649307250976598 ], [ 15.839027404785201, 38.649581909179801 ], [ 15.8393049240113, 38.649581909179801 ], [ 15.8393049240113, 38.649860382080099 ], [ 15.8398609161378, 38.6498832702638 ], [ 15.8398609161378, 38.650138854980497 ], [ 15.8401393890382, 38.650138854980497 ], [ 15.8401393890382, 38.650226593017599 ], [ 15.8401393890382, 38.650417327880902 ], [ 15.8402919769288, 38.650417327880902 ], [ 15.8404169082643, 38.650417327880902 ], [ 15.8404169082643, 38.650573730468899 ], [ 15.8404169082643, 38.6506958007813 ], [ 15.840517044067401, 38.6506958007813 ], [ 15.840970993041999, 38.6506958007813 ], [ 15.840970993041999, 38.650970458984297 ], [ 15.841251373291099, 38.650970458984297 ], [ 15.841251373291099, 38.651527404785298 ], [ 15.8415269851685, 38.651527404785298 ], [ 15.8415269851685, 38.651805877685703 ], [ 15.842082977294901, 38.651805877685703 ], [ 15.842082977294901, 38.652084350586001 ], [ 15.8423614501953, 38.652084350586001 ], [ 15.8423614501953, 38.652362823486399 ], [ 15.842638969421399, 38.652362823486399 ], [ 15.842638969421399, 38.652637481689503 ], [ 15.8429174423218, 38.652637481689503 ], [ 15.8429174423218, 38.653472900390597 ], [ 15.8431930541993, 38.653472900390597 ], [ 15.8431930541993, 38.653751373291001 ], [ 15.8437490463257, 38.653751373291001 ], [ 15.8437490463257, 38.654026031494197 ], [ 15.8440265655518, 38.654026031494197 ], [ 15.8440265655518, 38.654304504394602 ], [ 15.844582557678301, 38.654304504394602 ], [ 15.844582557678301, 38.654582977295 ], [ 15.8454179763794, 38.654582977295 ], [ 15.8454179763794, 38.654861450195398 ], [ 15.845696449279799, 38.654861450195398 ], [ 15.845696449279799, 38.655139923095703 ], [ 15.845971107482899, 38.655139923095703 ], [ 15.845971107482899, 38.655418395996101 ], [ 15.846248626708901, 38.655418395996101 ], [ 15.846248626708901, 38.655693054199297 ], [ 15.8465270996093, 38.655693054199297 ], [ 15.8465270996093, 38.65625 ], [ 15.8468055725097, 38.65625 ], [ 15.8468055725097, 38.656528472900398 ], [ 15.8470840454103, 38.656528472900398 ], [ 15.8470840454103, 38.656806945800803 ], [ 15.8473615646362, 38.656806945800803 ], [ 15.8473615646362, 38.6570816040038 ], [ 15.8476400375366, 38.6570816040038 ], [ 15.8476400375366, 38.657638549804801 ], [ 15.847917556762599, 38.657638549804801 ], [ 15.847917556762599, 38.657917022705199 ], [ 15.8476400375366, 38.657917022705199 ], [ 15.8476400375366, 38.658195495605597 ], [ 15.847917556762599, 38.658195495605597 ], [ 15.847917556762599, 38.659027099609403 ], [ 15.848194122314499, 38.659027099609403 ], [ 15.848194122314499, 38.659305572509801 ], [ 15.849027633666999, 38.659305572509801 ], [ 15.849027633666999, 38.659584045410099 ], [ 15.8495836257935, 38.659584045410099 ], [ 15.8495836257935, 38.659862518310497 ], [ 15.8498620986938, 38.659862518310497 ], [ 15.8498620986938, 38.6601371765137 ], [ 15.8501377105713, 38.6601371765137 ], [ 15.8501377105713, 38.660415649414098 ], [ 15.8504180908204, 38.660415649414098 ], [ 15.8504180908204, 38.660694122314503 ], [ 15.8506937026979, 38.660694122314503 ], [ 15.8506937026979, 38.660972595214901 ], [ 15.8512496948243, 38.660972595214901 ], [ 15.8512496948243, 38.661251068115298 ], [ 15.8515281677247, 38.661251068115298 ], [ 15.8515281677247, 38.661529541015597 ], [ 15.851805686950801, 38.661529541015597 ], [ 15.851805686950801, 38.661804199218899 ], [ 15.8520841598512, 38.661804199218899 ], [ 15.8520841598512, 38.662082672119297 ], [ 15.8523597717285, 38.662082672119297 ], [ 15.8523597717285, 38.662361145019602 ], [ 15.852640151977701, 38.662361145019602 ], [ 15.852640151977701, 38.66263961792 ], [ 15.8545837402344, 38.66263961792 ], [ 15.8545837402344, 38.662918090820398 ], [ 15.854862213134799, 38.662918090820398 ], [ 15.854862213134799, 38.663192749023402 ], [ 15.855416297912701, 38.663192749023402 ], [ 15.855416297912701, 38.6634712219238 ], [ 15.8556938171387, 38.6634712219238 ], [ 15.8556938171387, 38.663749694824197 ], [ 15.856249809265201, 38.663749694824197 ], [ 15.856249809265201, 38.664028167724702 ], [ 15.856805801391699, 38.664028167724702 ], [ 15.856805801391699, 38.664306640625099 ], [ 15.857359886169499, 38.664306640625099 ], [ 15.857359886169499, 38.664585113525497 ], [ 15.857915878295801, 38.664585113525497 ], [ 15.857915878295801, 38.664859771728501 ], [ 15.858274459839, 38.664859771728501 ], [ 15.858471870422299, 38.664859771728501 ], [ 15.858471870422299, 38.665138244628899 ], [ 15.859581947326699, 38.665138244628899 ], [ 15.859581947326699, 38.665416717529297 ], [ 15.859860420227101, 38.665416717529297 ], [ 15.859860420227101, 38.665695190429702 ], [ 15.8612508773804, 38.665695190429702 ], [ 15.8612508773804, 38.666248321533303 ], [ 15.8620834350587, 38.666248321533303 ], [ 15.8620834350587, 38.6665267944337 ], [ 15.8631954193116, 38.6665267944337 ], [ 15.8631954193116, 38.666805267333999 ], [ 15.864028930664199, 38.666805267333999 ], [ 15.864028930664199, 38.667083740234403 ], [ 15.864860534668001, 38.667083740234403 ], [ 15.864860534668001, 38.667640686035199 ], [ 15.8651390075684, 38.667640686035199 ], [ 15.8651390075684, 38.667915344238402 ], [ 15.8654165267944, 38.667915344238402 ], [ 15.8654165267944, 38.668277740478501 ], [ 15.8654165267944, 38.668472290039198 ], [ 15.865694999694799, 38.668491363525398 ], [ 15.865694999694799, 38.668750762939602 ], [ 15.866031646728599, 38.668750762939602 ], [ 15.8662509918213, 38.668750762939602 ], [ 15.8662509918213, 38.668918609619197 ], [ 15.8662509918213, 38.669029235839901 ], [ 15.8663930892944, 38.669029235839901 ], [ 15.8665266036988, 38.669029235839901 ], [ 15.8665266036988, 38.669132232666101 ], [ 15.8665266036988, 38.669303894042997 ], [ 15.866805076599199, 38.669345855712997 ], [ 15.866805076599199, 38.669582366943402 ], [ 15.8671121597291, 38.669582366943402 ], [ 15.8673610687256, 38.669582366943402 ], [ 15.8673610687256, 38.669773101806598 ], [ 15.8673610687256, 38.6698608398437 ], [ 15.8674726486207, 38.6698608398437 ], [ 15.867638587951699, 38.6698608398437 ], [ 15.867638587951699, 38.669990539550902 ], [ 15.867638587951699, 38.670139312744098 ], [ 15.867795944214, 38.670173645019602 ], [ 15.867917060852101, 38.670204162597798 ], [ 15.867917060852101, 38.670696258545 ], [ 15.8681945800782, 38.670696258545 ], [ 15.8681945800782, 38.6715278625488 ], [ 15.86847114563, 38.6715278625488 ], [ 15.86847114563, 38.671806335449197 ], [ 15.8693046569825, 38.671806335449197 ], [ 15.8693046569825, 38.6715278625488 ], [ 15.8695831298829, 38.6715278625488 ], [ 15.8695831298829, 38.671249389648402 ], [ 15.8698606491088, 38.671249389648402 ], [ 15.8698606491088, 38.6715278625488 ], [ 15.8704166412353, 38.6715278625488 ], [ 15.8704166412353, 38.671806335449197 ], [ 15.8706932067871, 38.671806335449197 ], [ 15.8706932067871, 38.672084808349602 ], [ 15.8709726333618, 38.672084808349602 ], [ 15.8709726333618, 38.672359466552798 ], [ 15.871249198913601, 38.672359466552798 ], [ 15.871249198913601, 38.672817230224503 ], [ 15.871249198913601, 38.672916412353601 ], [ 15.8713674545288, 38.672916412353601 ], [ 15.8715267181396, 38.672916412353601 ], [ 15.8715267181396, 38.673049926757898 ], [ 15.8715267181396, 38.673473358154403 ], [ 15.8718709945678, 38.673473358154403 ], [ 15.872082710266101, 38.673473358154403 ], [ 15.872082710266101, 38.673751831054702 ], [ 15.8726396560669, 38.673751831054702 ], [ 15.8726396560669, 38.673473358154403 ], [ 15.8729152679444, 38.673473358154403 ], [ 15.8729152679444, 38.673194885253999 ], [ 15.8737382888793, 38.673194885253999 ], [ 15.8759717941284, 38.673194885253999 ], [ 15.8759717941284, 38.673473358154403 ], [ 15.8770837783813, 38.673473358154403 ], [ 15.8770837783813, 38.673194885253999 ], [ 15.8776397705078, 38.673194885253999 ], [ 15.8776397705078, 38.672637939453203 ], [ 15.8781938552857, 38.672637939453203 ], [ 15.8781938552857, 38.672359466552798 ], [ 15.879584312439, 38.672359466552798 ], [ 15.879584312439, 38.672637939453203 ], [ 15.8806943893434, 38.672637939453203 ], [ 15.8806943893434, 38.672916412353601 ], [ 15.882081985473601, 38.672916412353601 ], [ 15.882081985473601, 38.673194885253999 ], [ 15.882637977600099, 38.673194885253999 ], [ 15.882637977600099, 38.673473358154403 ], [ 15.8851375579835, 38.673473358154403 ], [ 15.8851375579835, 38.673751831054702 ], [ 15.8859720230103, 38.673751831054702 ], [ 15.8859720230103, 38.674026489257898 ], [ 15.886528968811101, 38.674026489257898 ], [ 15.886528968811101, 38.674304962158303 ], [ 15.8868074417115, 38.674304962158303 ], [ 15.8868074417115, 38.6745834350587 ], [ 15.887082099914499, 38.6745834350587 ], [ 15.887082099914499, 38.674861907959098 ], [ 15.8876390457154, 38.674861907959098 ], [ 15.8876390457154, 38.675140380859503 ], [ 15.888195037841699, 38.675140380859503 ], [ 15.888195037841699, 38.6754150390625 ], [ 15.8884725570678, 38.6754150390625 ], [ 15.8884725570678, 38.675971984863303 ], [ 15.8887510299682, 38.675971984863303 ], [ 15.8887510299682, 38.676250457763601 ], [ 15.889305114746101, 38.676250457763601 ], [ 15.889305114746101, 38.676528930663999 ], [ 15.8895826339722, 38.676528930663999 ], [ 15.8895826339722, 38.676883697509801 ], [ 15.8895826339722, 38.677082061767599 ], [ 15.889841079711999, 38.677082061767599 ], [ 15.8901386260987, 38.677082061767599 ], [ 15.8901386260987, 38.677310943603601 ], [ 15.8901386260987, 38.677639007568402 ], [ 15.890417098999, 38.677639007568402 ], [ 15.890417098999, 38.678195953369098 ], [ 15.891284942626999, 38.678195953369098 ], [ 15.891804695129499, 38.678195953369098 ], [ 15.891804695129499, 38.678470611572301 ], [ 15.892360687256, 38.678470611572301 ], [ 15.892360687256, 38.678749084472699 ], [ 15.892916679382401, 38.678749084472699 ], [ 15.892916679382401, 38.678905487060703 ], [ 15.892916679382401, 38.679027557373097 ], [ 15.8933639526368, 38.679050445556797 ], [ 15.893472671508899, 38.6790580749513 ], [ 15.893472671508899, 38.679306030273501 ], [ 15.8937511444093, 38.679306030273501 ], [ 15.8937511444093, 38.679584503173899 ], [ 15.8940267562866, 38.679584503173899 ], [ 15.8940267562866, 38.679862976074297 ], [ 15.894305229186999, 38.679862976074297 ], [ 15.894305229186999, 38.6801376342775 ], [ 15.8945827484131, 38.6801376342775 ], [ 15.8945827484131, 38.680416107177798 ], [ 15.8948612213135, 38.680416107177798 ], [ 15.8948612213135, 38.680694580078203 ], [ 15.895417213439901, 38.680694580078203 ], [ 15.895417213439901, 38.680973052978601 ], [ 15.895973205566399, 38.680973052978601 ], [ 15.895973205566399, 38.680694580078203 ], [ 15.8965272903443, 38.680694580078203 ], [ 15.8965272903443, 38.680416107177798 ], [ 15.8968048095704, 38.680416107177798 ], [ 15.8968048095704, 38.6801376342775 ], [ 15.897498130798301, 38.6801376342775 ], [ 15.898470878601, 38.6801376342775 ], [ 15.898470878601, 38.680416107177798 ], [ 15.8990268707275, 38.680416107177798 ], [ 15.8990268707275, 38.680549621582003 ], [ 15.8990268707275, 38.680694580078203 ], [ 15.899305343627899, 38.680694580078203 ], [ 15.899305343627899, 38.681251525878999 ], [ 15.9009714126587, 38.681251525878999 ], [ 15.9009714126587, 38.681526184082003 ], [ 15.901528358459499, 38.681526184082003 ], [ 15.901528358459499, 38.681804656982401 ], [ 15.901805877685501, 38.681804656982401 ], [ 15.901805877685501, 38.682083129882798 ], [ 15.902361869811999, 38.682136535644602 ], [ 15.902361869811999, 38.682361602783203 ], [ 15.9026384353638, 38.682361602783203 ], [ 15.902640342712401, 38.682640075683501 ], [ 15.9029178619385, 38.682640075683501 ], [ 15.9029178619385, 38.682914733886797 ], [ 15.903471946716399, 38.682918548583899 ], [ 15.903471946716399, 38.683193206787202 ], [ 15.9045839309694, 38.683193206787202 ], [ 15.9045839309694, 38.682918548583899 ], [ 15.905139923095801, 38.682914733886797 ], [ 15.905139923095801, 38.6821899414063 ], [ 15.905139923095801, 38.682083129882798 ], [ 15.9054155349731, 38.682083129882798 ], [ 15.9054155349731, 38.681804656982401 ], [ 15.9056940078735, 38.681804656982401 ], [ 15.9056940078735, 38.681526184082003 ], [ 15.9059715270996, 38.681526184082003 ], [ 15.9059715270996, 38.681251525878999 ], [ 15.907491683960099, 38.681251525878999 ], [ 15.9081935882569, 38.681251525878999 ], [ 15.9081935882569, 38.680973052978601 ], [ 15.909305572509799, 38.680973052978601 ], [ 15.909305572509799, 38.681251525878999 ], [ 15.910415649414, 38.681251525878999 ], [ 15.910415649414, 38.681526184082003 ], [ 15.912084579467701, 38.681526184082003 ], [ 15.912084579467701, 38.681804656982401 ], [ 15.912360191345201, 38.681804656982401 ], [ 15.912360191345201, 38.682083129882798 ], [ 15.9126377105713, 38.682083129882798 ], [ 15.9126377105713, 38.682361602783203 ], [ 15.912916183471699, 38.682361602783203 ], [ 15.912916183471699, 38.682640075683501 ], [ 15.9131937026978, 38.682640075683501 ], [ 15.9131937026978, 38.682914733886797 ], [ 15.9137506484985, 38.682918548583899 ], [ 15.9137506484985, 38.683193206787202 ], [ 15.9145822525025, 38.683193206787202 ], [ 15.9145822525025, 38.683471679687599 ], [ 15.915139198303301, 38.683471679687599 ], [ 15.915139198303301, 38.683750152587898 ], [ 15.9156951904297, 38.683750152587898 ], [ 15.9156951904297, 38.684028625488303 ], [ 15.9162511825562, 38.684028625488303 ], [ 15.9162511825562, 38.6843070983887 ], [ 15.916528701782299, 38.6843070983887 ], [ 15.916528701782299, 38.684474945068402 ], [ 15.916528701782299, 38.684581756591903 ], [ 15.916805267333901, 38.684585571289098 ], [ 15.916805267333901, 38.684860229492202 ], [ 15.917484283447299, 38.684860229492202 ], [ 15.9176387786865, 38.684860229492202 ], [ 15.9176387786865, 38.684581756591903 ], [ 15.9187488555909, 38.684581756591903 ], [ 15.9187488555909, 38.684860229492202 ], [ 15.9190273284912, 38.684860229492202 ], [ 15.919029235839799, 38.685138702392599 ], [ 15.919304847717299, 38.685138702392599 ], [ 15.919304847717299, 38.685417175292997 ], [ 15.920139312744199, 38.685417175292997 ], [ 15.920139312744199, 38.685695648193402 ], [ 15.9206953048707, 38.685695648193402 ], [ 15.9206953048707, 38.685970306396399 ], [ 15.9209709167482, 38.6859741210938 ], [ 15.9209709167482, 38.686248779297003 ], [ 15.921251296997101, 38.686248779297003 ], [ 15.921251296997101, 38.686527252197401 ], [ 15.921805381775, 38.686527252197401 ], [ 15.921805381775, 38.686664581298899 ], [ 15.9218406677246, 38.686805725097798 ], [ 15.9223613739015, 38.686813354492301 ], [ 15.9223613739015, 38.687000274658303 ], [ 15.9223613739015, 38.687084197998203 ], [ 15.922651290893601, 38.687084197998203 ], [ 15.9229173660279, 38.687084197998203 ], [ 15.9229173660279, 38.687160491943402 ], [ 15.9229173660279, 38.687362670898601 ], [ 15.9231948852538, 38.687362670898601 ], [ 15.9231948852538, 38.687637329101598 ], [ 15.923748970031699, 38.687637329101598 ], [ 15.923748970031699, 38.687915802002003 ], [ 15.9240274429321, 38.687915802002003 ], [ 15.9240274429321, 38.688194274902301 ], [ 15.924583435058601, 38.688194274902301 ], [ 15.924583435058601, 38.687915802002003 ], [ 15.9248609542847, 38.687915802002003 ], [ 15.9248609542847, 38.6877250671387 ], [ 15.9248609542847, 38.687637329101598 ], [ 15.925139427185099, 38.687637329101598 ], [ 15.925139427185099, 38.6878051757812 ], [ 15.925139427185099, 38.687915802002003 ], [ 15.9255275726319, 38.687915802002003 ], [ 15.9264612197875, 38.687915802002003 ], [ 15.927639961242701, 38.687915802002003 ], [ 15.927639961242701, 38.688194274902301 ], [ 15.927914619445801, 38.688194274902301 ], [ 15.927914619445801, 38.688304901122997 ], [ 15.927914619445801, 38.688472747802699 ], [ 15.9285354614257, 38.688472747802699 ], [ 15.930137634277299, 38.688472747802699 ], [ 15.930137634277299, 38.688751220703097 ], [ 15.930693626403899, 38.688751220703097 ], [ 15.930693626403899, 38.6890258789063 ], [ 15.9323596954347, 38.6890258789063 ], [ 15.932361602783301, 38.689304351806697 ], [ 15.933750152588001, 38.689304351806697 ], [ 15.933750152588001, 38.689582824707102 ], [ 15.9348621368409, 38.689582824707102 ], [ 15.9348621368409, 38.6898612976075 ], [ 15.935137748718301, 38.6898612976075 ], [ 15.935137748718301, 38.690139770507798 ], [ 15.9354162216187, 38.690139770507798 ], [ 15.9354162216187, 38.690418243408203 ], [ 15.9356937408447, 38.690418243408203 ], [ 15.9356937408447, 38.690692901611399 ], [ 15.935972213745099, 38.690692901611399 ], [ 15.935972213745099, 38.690872192382798 ], [ 15.935972213745099, 38.690971374511797 ], [ 15.9365282058716, 38.690971374511797 ], [ 15.9365282058716, 38.691249847412202 ], [ 15.936805725097701, 38.691249847412202 ], [ 15.936805725097701, 38.691528320312599 ], [ 15.937084197998001, 38.691528320312599 ], [ 15.937084197998001, 38.691806793212898 ], [ 15.9376382827759, 38.691806793212898 ], [ 15.9376382827759, 38.692081451416001 ], [ 15.938194274902401, 38.692081451416001 ], [ 15.938194274902401, 38.691806793212898 ], [ 15.938750267028899, 38.691806793212898 ], [ 15.938750267028899, 38.691528320312599 ], [ 15.939027786255, 38.691528320312599 ], [ 15.939027786255, 38.691291809082102 ], [ 15.9395847320557, 38.691249847412202 ], [ 15.9395847320557, 38.691116333007898 ], [ 15.9395847320557, 38.690971374511797 ], [ 15.940694808959901, 38.690971374511797 ], [ 15.940694808959901, 38.690692901611399 ], [ 15.9429168701172, 38.690692901611399 ], [ 15.9429168701172, 38.690971374511797 ], [ 15.9445829391481, 38.690971374511797 ], [ 15.9445829391481, 38.691249847412202 ], [ 15.945417404174901, 38.691249847412202 ], [ 15.945417404174901, 38.690971374511797 ], [ 15.946526527404799, 38.690971374511797 ], [ 15.946526527404799, 38.691249847412202 ], [ 15.9470834732056, 38.691249847412202 ], [ 15.9470834732056, 38.691528320312599 ], [ 15.948471069336, 38.691528320312599 ], [ 15.948471069336, 38.691806793212898 ], [ 15.9493045806885, 38.691806793212898 ], [ 15.9493045806885, 38.692081451416001 ], [ 15.949583053588899, 38.692081451416001 ], [ 15.949583053588899, 38.692638397216903 ], [ 15.9496717453003, 38.692638397216903 ], [ 15.949860572815, 38.692638397216903 ], [ 15.949860572815, 38.692756652832003 ], [ 15.949860572815, 38.692916870117301 ], [ 15.9501161575318, 38.692916870117301 ], [ 15.9504165649415, 38.692916870117301 ], [ 15.9504165649415, 38.693103790283303 ], [ 15.9504165649415, 38.693195343017699 ], [ 15.9505605697632, 38.693195343017699 ], [ 15.950972557068001, 38.693195343017699 ], [ 15.950972557068001, 38.693473815918097 ], [ 15.9512491226197, 38.693473815918097 ], [ 15.9512491226197, 38.693630218505902 ], [ 15.9512491226197, 38.693748474121101 ], [ 15.9514322280885, 38.693748474121101 ], [ 15.951805114746, 38.693748474121101 ], [ 15.951805114746, 38.694026947021499 ], [ 15.9520826339721, 38.694026947021499 ], [ 15.9520826339721, 38.6941719055175 ], [ 15.9520826339721, 38.694305419921903 ], [ 15.9522895812988, 38.694305419921903 ], [ 15.9523611068725, 38.694351196289098 ], [ 15.9523611068725, 38.694583892822301 ], [ 15.9527187347412, 38.694583892822301 ], [ 15.9529180526735, 38.694583892822301 ], [ 15.9529180526735, 38.694709777832003 ], [ 15.9529180526735, 38.694862365722699 ], [ 15.9531517028809, 38.694862365722699 ], [ 15.9534711837769, 38.694862365722699 ], [ 15.9534711837769, 38.695137023925803 ], [ 15.953574180603001, 38.695137023925803 ], [ 15.953748703003001, 38.695137023925803 ], [ 15.953748703003001, 38.6952514648438 ], [ 15.953748703003001, 38.6954154968262 ], [ 15.9540042877197, 38.6954154968262 ], [ 15.9543056488037, 38.6954154968262 ], [ 15.9543056488037, 38.695610046386697 ], [ 15.9543056488037, 38.695693969726598 ], [ 15.9544334411621, 38.695693969726598 ], [ 15.9545841217041, 38.695693969726598 ], [ 15.9545841217041, 38.695800781249901 ], [ 15.9545841217041, 38.695972442627003 ], [ 15.9548244476318, 38.695972442627003 ], [ 15.9551401138306, 38.695972442627003 ], [ 15.9551401138306, 38.696250915527401 ], [ 15.955417633056699, 38.696250915527401 ], [ 15.955417633056699, 38.696403503417997 ], [ 15.955417633056699, 38.696529388427699 ], [ 15.955591201782299, 38.696529388427699 ], [ 15.955971717834499, 38.696529388427699 ], [ 15.955971717834499, 38.696804046631001 ], [ 15.956527709961, 38.696804046631001 ], [ 15.956527709961, 38.697082519531399 ], [ 15.9570837020875, 38.697082519531399 ], [ 15.9570837020875, 38.697360992431797 ], [ 15.9573621749879, 38.697360992431797 ], [ 15.9573621749879, 38.697639465332102 ], [ 15.957637786865201, 38.697639465332102 ], [ 15.957637786865201, 38.6979179382325 ], [ 15.958193778991699, 38.6979179382325 ], [ 15.958193778991699, 38.698192596435497 ], [ 15.958472251891999, 38.698192596435497 ], [ 15.958472251891999, 38.698471069335902 ], [ 15.9587497711182, 38.698471069335902 ], [ 15.9587497711182, 38.698886871337997 ], [ 15.9587497711182, 38.699028015136797 ], [ 15.9589281082154, 38.699028015136797 ], [ 15.959028244018601, 38.699028015136797 ], [ 15.959028244018601, 38.699108123779403 ], [ 15.959028244018601, 38.699306488037202 ], [ 15.9593057632446, 38.699329376220597 ], [ 15.9593057632446, 38.699859619140597 ], [ 15.959584236145, 38.699859619140597 ], [ 15.959584236145, 38.700138092041001 ], [ 15.9601402282715, 38.700138092041001 ], [ 15.9601402282715, 38.700416564941399 ], [ 15.9605169296266, 38.700416564941399 ], [ 15.9606943130494, 38.700416564941399 ], [ 15.9606943130494, 38.700580596923899 ], [ 15.9606943130494, 38.700695037841797 ], [ 15.960819244384901, 38.700695037841797 ], [ 15.9609718322754, 38.700695037841797 ], [ 15.9609718322754, 38.700836181640703 ], [ 15.9609718322754, 38.700973510742202 ], [ 15.961120605468899, 38.700973510742202 ], [ 15.961806297302299, 38.700973510742202 ], [ 15.961806297302299, 38.701248168945398 ], [ 15.962081909179799, 38.701248168945398 ], [ 15.9620838165284, 38.701526641845803 ], [ 15.9623622894288, 38.701526641845803 ], [ 15.9623622894288, 38.702285766601499 ], [ 15.9623622894288, 38.702915191650497 ], [ 15.9626379013063, 38.702915191650497 ], [ 15.9626379013063, 38.703193664550902 ], [ 15.963080406189, 38.703193664550902 ], [ 15.963193893432701, 38.703193664550902 ], [ 15.963193893432701, 38.7034912109375 ], [ 15.963193893432701, 38.703750610351698 ], [ 15.9632863998413, 38.703750610351698 ], [ 15.9637832641603, 38.703807830810597 ], [ 15.963749885559, 38.704029083252003 ], [ 15.964028358459601, 38.704029083252003 ], [ 15.964028358459601, 38.7044486999513 ], [ 15.964028358459601, 38.704582214355497 ], [ 15.9641637802125, 38.704582214355497 ], [ 15.964305877685501, 38.704582214355497 ], [ 15.964305877685501, 38.704723358154297 ], [ 15.964305877685501, 38.704860687255803 ], [ 15.964446067810099, 38.704860687255803 ], [ 15.9645843505859, 38.704860687255803 ], [ 15.9645843505859, 38.704994201660199 ], [ 15.9645843505859, 38.705417633056797 ], [ 15.9648599624634, 38.705417633056797 ], [ 15.9648599624634, 38.705696105957102 ], [ 15.9651384353638, 38.705696105957102 ], [ 15.9651412963868, 38.705970764160199 ], [ 15.965415954589799, 38.705989837646598 ], [ 15.965415954589799, 38.706249237060497 ], [ 15.965630531311, 38.706249237060497 ], [ 15.9659719467163, 38.706249237060497 ], [ 15.9659719467163, 38.706527709960902 ], [ 15.966250419616699, 38.706527709960902 ], [ 15.966250419616699, 38.706996917724602 ], [ 15.966250419616699, 38.707084655761697 ], [ 15.966528892517101, 38.707084655761697 ], [ 15.966528892517101, 38.7073364257813 ], [ 15.966528892517101, 38.707637786865298 ], [ 15.9668073654175, 38.707672119140597 ], [ 15.9668073654175, 38.707916259765703 ], [ 15.967002868652401, 38.707916259765703 ], [ 15.9670820236207, 38.707916259765703 ], [ 15.9670820236207, 38.708015441894503 ], [ 15.9670820236207, 38.708194732666101 ], [ 15.9672250747681, 38.708194732666101 ], [ 15.9673595428468, 38.708194732666101 ], [ 15.9673595428468, 38.708362579345803 ], [ 15.9673595428468, 38.708473205566499 ], [ 15.9674482345582, 38.708473205566499 ], [ 15.9676380157472, 38.708473205566499 ], [ 15.9676380157472, 38.708751678466903 ], [ 15.9679174423218, 38.708751678466903 ], [ 15.9679174423218, 38.70902633667 ], [ 15.9681949615479, 38.70902633667 ], [ 15.9681949615479, 38.709304809570398 ], [ 15.968473434448301, 38.709304809570398 ], [ 15.968473434448301, 38.709754943847699 ], [ 15.968473434448301, 38.710414886474602 ], [ 15.9687509536744, 38.710414886474602 ], [ 15.9687509536744, 38.710693359375 ], [ 15.969025611877401, 38.710693359375 ], [ 15.969025611877401, 38.710971832275398 ], [ 15.9693069458009, 38.710971832275398 ], [ 15.9693069458009, 38.711250305175703 ], [ 15.9694938659668, 38.711250305175703 ], [ 15.9695825576782, 38.711250305175703 ], [ 15.9695825576782, 38.711410522461101 ], [ 15.9695825576782, 38.711528778076101 ], [ 15.969861030578601, 38.711528778076101 ], [ 15.969861030578601, 38.711925506591797 ], [ 15.969861030578601, 38.712081909179702 ], [ 15.9699554443359, 38.712081909179702 ], [ 15.9701385498047, 38.712081909179702 ], [ 15.9701385498047, 38.712360382080099 ], [ 15.9706945419312, 38.712360382080099 ], [ 15.9706945419312, 38.712638854980497 ], [ 15.9709730148315, 38.712638854980497 ], [ 15.9709730148315, 38.7131958007812 ], [ 15.971248626709, 38.7131958007812 ], [ 15.971248626709, 38.713802337646598 ], [ 15.971248626709, 38.714862823486399 ], [ 15.971529006958001, 38.714862823486399 ], [ 15.971529006958001, 38.71541595459 ], [ 15.972713470459, 38.71541595459 ], [ 15.9729166030884, 38.71541595459 ], [ 15.9729166030884, 38.715137481689602 ], [ 15.9731950759888, 38.715137481689602 ], [ 15.9731950759888, 38.714862823486399 ], [ 15.9737510681153, 38.714862823486399 ], [ 15.9737510681153, 38.715137481689602 ], [ 15.9743051528932, 38.715137481689602 ], [ 15.9743051528932, 38.71541595459 ], [ 15.974861145019601, 38.71541595459 ], [ 15.974861145019601, 38.715694427490298 ], [ 15.975417137146099, 38.715694427490298 ], [ 15.975417137146099, 38.715972900390703 ], [ 15.975694656371999, 38.715972900390703 ], [ 15.975694656371999, 38.716804504394503 ], [ 15.975973129272599, 38.716804504394503 ], [ 15.975973129272599, 38.717082977294901 ], [ 15.976248741149901, 38.717082977294901 ], [ 15.976248741149901, 38.717361450195298 ], [ 15.9765272140503, 38.717361450195298 ], [ 15.9765272140503, 38.717639923095597 ], [ 15.976804733276399, 38.717639923095597 ], [ 15.976804733276399, 38.717918395996001 ], [ 15.9770832061768, 38.717918395996001 ], [ 15.9770832061768, 38.718193054199297 ], [ 15.9773607254028, 38.718193054199297 ], [ 15.9773607254028, 38.718471527099702 ], [ 15.9776391983032, 38.718471527099702 ], [ 15.9776391983032, 38.71875 ], [ 15.9779167175293, 38.71875 ], [ 15.9779167175293, 38.719028472900398 ], [ 15.9784708023072, 38.719028472900398 ], [ 15.978472709655801, 38.719306945800803 ], [ 15.978749275207599, 38.719306945800803 ], [ 15.978749275207599, 38.719581604003999 ], [ 15.979305267334, 38.719581604003999 ], [ 15.979305267334, 38.719860076904403 ], [ 15.979582786560201, 38.719860076904403 ], [ 15.979582786560201, 38.720138549804702 ], [ 15.979861259460501, 38.720138549804702 ], [ 15.979861259460501, 38.720417022705099 ], [ 15.9801397323609, 38.720417022705099 ], [ 15.9801397323609, 38.720695495605497 ], [ 15.980695724487401, 38.720695495605497 ], [ 15.980695724487401, 38.720973968505902 ], [ 15.981248855590801, 38.720973968505902 ], [ 15.981248855590801, 38.721248626709098 ], [ 15.9818058013915, 38.721248626709098 ], [ 15.9818058013915, 38.721527099609503 ], [ 15.982361793518001, 38.721527099609503 ], [ 15.982361793518001, 38.721805572509901 ], [ 15.982917785644499, 38.721805572509901 ], [ 15.982917785644499, 38.722084045410298 ], [ 15.983471870422401, 38.722084045410298 ], [ 15.983471870422401, 38.722362518310703 ], [ 15.984306335449199, 38.722362518310703 ], [ 15.984306335449199, 38.7226371765137 ], [ 15.9845838546753, 38.7226371765137 ], [ 15.9845838546753, 38.722915649414098 ], [ 15.9851398468018, 38.722915649414098 ], [ 15.9851398468018, 38.723194122314503 ], [ 15.9862499237062, 38.723194122314503 ], [ 15.9862499237062, 38.723472595214801 ], [ 15.9887504577637, 38.723472595214801 ], [ 15.9887504577637, 38.723194122314503 ], [ 15.9890279769897, 38.723194122314503 ], [ 15.9890279769897, 38.723472595214801 ], [ 15.989647865295399, 38.723472595214801 ], [ 15.992083549499601, 38.723472595214801 ], [ 15.992083549499601, 38.723194122314503 ], [ 15.992637634277299, 38.723194122314503 ], [ 15.992637634277299, 38.723751068115199 ], [ 15.992916107177701, 38.723751068115199 ], [ 15.992916107177701, 38.724029541015597 ], [ 15.9947156906128, 38.724029541015597 ], [ 15.9951391220093, 38.724029541015597 ], [ 15.9951391220093, 38.723751068115199 ], [ 15.9970827102662, 38.723751068115199 ], [ 15.9970827102662, 38.724029541015597 ], [ 15.998194694519199, 38.724029541015597 ], [ 15.998194694519199, 38.7243041992188 ], [ 15.999029159546, 38.7243041992188 ], [ 15.999029159546, 38.724582672119197 ], [ 15.9987487792969, 38.724582672119197 ], [ 15.9987487792969, 38.724975585937401 ], [ 15.9987487792969, 38.725502014160298 ], [ 15.9987487792969, 38.725692749023501 ], [ 15.999304771423301, 38.725692749023501 ], [ 15.999304771423301, 38.725418090820298 ], [ 15.9995832443237, 38.725418090820298 ], [ 15.9995832443237, 38.725139617919901 ], [ 15.999860763549799, 38.725139617919901 ], [ 15.999860763549799, 38.724861145019602 ], [ 16.000415802001999, 38.724861145019602 ], [ 16.000415802001999, 38.7243041992188 ], [ 16.000972747802699, 38.7243041992188 ], [ 16.000972747802699, 38.724029541015597 ], [ 16.001249313354499, 38.724029541015597 ], [ 16.001249313354499, 38.723472595214801 ], [ 16.001527786254901, 38.723472595214801 ], [ 16.001527786254901, 38.722915649414098 ], [ 16.001806259155298, 38.722915649414098 ], [ 16.001806259155298, 38.7226371765137 ], [ 16.002082824707099, 38.7226371765137 ], [ 16.002082824707099, 38.722362518310703 ], [ 16.002639770507901, 38.722362518310703 ], [ 16.002639770507901, 38.722084045410298 ], [ 16.004304885864201, 38.722084045410298 ], [ 16.004304885864201, 38.722362518310703 ], [ 16.0062484741212, 38.722362518310703 ], [ 16.0062484741212, 38.7226371765137 ], [ 16.007362365722699, 38.7226371765137 ], [ 16.007362365722699, 38.722915649414098 ], [ 16.007640838623001, 38.722915649414098 ], [ 16.007640838623001, 38.723194122314503 ], [ 16.009580612182599, 38.723194122314503 ], [ 16.009580612182599, 38.723472595214801 ], [ 16.010974884033299, 38.723472595214801 ], [ 16.010974884033299, 38.723751068115199 ], [ 16.0112495422363, 38.723751068115199 ], [ 16.0112495422363, 38.724029541015597 ], [ 16.011528015136701, 38.724029541015597 ], [ 16.011528015136701, 38.7243041992188 ], [ 16.011806488037099, 38.7243041992188 ], [ 16.011806488037099, 38.724861145019602 ], [ 16.012916564941399, 38.724861145019602 ], [ 16.012916564941399, 38.725139617919901 ], [ 16.014583587646499, 38.725139617919901 ], [ 16.014583587646499, 38.725418090820298 ], [ 16.0159721374513, 38.725418090820298 ], [ 16.0159721374513, 38.725692749023501 ], [ 16.016527175903299, 38.725692749023501 ], [ 16.016527175903299, 38.725971221923899 ], [ 16.017084121703999, 38.725971221923899 ], [ 16.017084121703999, 38.726249694824297 ], [ 16.018194198608398, 38.726249694824297 ], [ 16.018194198608398, 38.726528167724702 ], [ 16.0195827484131, 38.726528167724702 ], [ 16.0195827484131, 38.726806640625099 ], [ 16.022363662719801, 38.726806640625099 ], [ 16.022363662719801, 38.726528167724702 ], [ 16.0245857238769, 38.726528167724702 ], [ 16.0245857238769, 38.726806640625099 ], [ 16.0256958007812, 38.726806640625099 ], [ 16.0256958007812, 38.727085113525398 ], [ 16.0284729003907, 38.727085113525398 ], [ 16.0284729003907, 38.727359771728501 ], [ 16.029027938842798, 38.727359771728501 ], [ 16.029027938842798, 38.727638244628999 ], [ 16.029582977294901, 38.727638244628999 ], [ 16.029582977294901, 38.727916717529403 ], [ 16.031528472900401, 38.727916717529403 ], [ 16.031528472900401, 38.727638244628999 ], [ 16.0340270996093, 38.727638244628999 ], [ 16.0340270996093, 38.727916717529403 ], [ 16.0359706878663, 38.727916717529403 ], [ 16.0359706878663, 38.727638244628999 ], [ 16.036527633666999, 38.727638244628999 ], [ 16.036527633666999, 38.727359771728501 ], [ 16.03763961792, 38.727359771728501 ], [ 16.03763961792, 38.727085113525398 ], [ 16.0395832061769, 38.727085113525398 ], [ 16.0395832061769, 38.727359771728501 ], [ 16.039861679077301, 38.727359771728501 ], [ 16.039861679077301, 38.727638244628999 ], [ 16.041805267333999, 38.727638244628999 ], [ 16.041805267333999, 38.727359771728501 ], [ 16.0420837402344, 38.727359771728501 ], [ 16.0420837402344, 38.727085113525398 ], [ 16.0423603057862, 38.727085113525398 ], [ 16.0423603057862, 38.726806640625099 ], [ 16.042917251586999, 38.726806640625099 ], [ 16.042917251586999, 38.726528167724702 ], [ 16.0431938171387, 38.726528167724702 ], [ 16.0431938171387, 38.726249694824297 ], [ 16.043472290039102, 38.726249694824297 ], [ 16.043472290039102, 38.725971221923899 ], [ 16.043750762939499, 38.725971221923899 ], [ 16.043750762939499, 38.725692749023501 ], [ 16.0440273284913, 38.725692749023501 ], [ 16.0440273284913, 38.725418090820298 ], [ 16.044305801391701, 38.725418090820298 ], [ 16.044305801391701, 38.724861145019602 ], [ 16.044582366943501, 38.724861145019602 ], [ 16.044584274291999, 38.724582672119197 ], [ 16.044860839843899, 38.724582672119197 ], [ 16.044860839843899, 38.7243041992188 ], [ 16.045137405395501, 38.7243041992188 ], [ 16.045137405395501, 38.724029541015597 ], [ 16.0459728240968, 38.724029541015597 ], [ 16.0459728240968, 38.723751068115199 ], [ 16.048751831054702, 38.723751068115199 ], [ 16.048751831054702, 38.724029541015597 ], [ 16.0504169464112, 38.724029541015597 ], [ 16.0504169464112, 38.7243041992188 ], [ 16.050973892211999, 38.7243041992188 ], [ 16.050973892211999, 38.724582672119197 ], [ 16.051572799682599, 38.724582672119197 ], [ 16.051805496215799, 38.724582672119197 ], [ 16.051805496215799, 38.724861145019602 ], [ 16.052085876465, 38.724861145019602 ], [ 16.052085876465, 38.725418090820298 ], [ 16.052360534668001, 38.725418090820298 ], [ 16.052360534668001, 38.725692749023501 ], [ 16.0529174804688, 38.725692749023501 ], [ 16.0529174804688, 38.725971221923899 ], [ 16.054307937622099, 38.725971221923899 ], [ 16.054307937622099, 38.726249694824297 ], [ 16.0548610687256, 38.726249694824297 ], [ 16.0548610687256, 38.725971221923899 ], [ 16.055139541626001, 38.725971221923899 ], [ 16.055139541626001, 38.725692749023501 ], [ 16.0556945800782, 38.725692749023501 ], [ 16.0556945800782, 38.725418090820298 ], [ 16.055973052978601, 38.725418090820298 ], [ 16.055973052978601, 38.724582672119197 ], [ 16.056249618530401, 38.724582672119197 ], [ 16.056249618530401, 38.723194122314503 ], [ 16.056526184081999, 38.723194122314503 ], [ 16.056526184081999, 38.723037719726698 ], [ 16.056526184081999, 38.722915649414098 ], [ 16.056804656982401, 38.722915649414098 ], [ 16.056804656982401, 38.7226371765137 ], [ 16.057083129882901, 38.7226371765137 ], [ 16.057083129882901, 38.722362518310703 ], [ 16.057361602783299, 38.722362518310703 ], [ 16.057361602783299, 38.722084045410298 ], [ 16.057638168335, 38.722084045410298 ], [ 16.057638168335, 38.721805572509901 ], [ 16.057916641235298, 38.721805572509901 ], [ 16.057916641235298, 38.721248626709098 ], [ 16.0581951141357, 38.721248626709098 ], [ 16.0581951141357, 38.720973968505902 ], [ 16.0598583221437, 38.720973968505902 ], [ 16.0598583221437, 38.721248626709098 ], [ 16.061252593994102, 38.721248626709098 ], [ 16.061252593994102, 38.720973968505902 ], [ 16.061527252197401, 38.720973968505902 ], [ 16.061527252197401, 38.721248626709098 ], [ 16.0620841979981, 38.721248626709098 ], [ 16.0620841979981, 38.721527099609503 ], [ 16.0629158020019, 38.721527099609503 ], [ 16.0629158020019, 38.721805572509901 ], [ 16.063064575195298, 38.721805572509901 ], [ 16.065139770507798, 38.721805572509901 ], [ 16.065139770507798, 38.722084045410298 ], [ 16.066249847412202, 38.722084045410298 ], [ 16.066249847412202, 38.721805572509901 ], [ 16.066528320312599, 38.721805572509901 ], [ 16.066528320312599, 38.721527099609503 ], [ 16.066806793212901, 38.721527099609503 ], [ 16.066806793212901, 38.721309661865199 ], [ 16.066806793212901, 38.720695495605497 ], [ 16.067083358764702, 38.720695495605497 ], [ 16.067083358764702, 38.720417022705099 ], [ 16.067916870117301, 38.720417022705099 ], [ 16.067916870117301, 38.720138549804702 ], [ 16.0684719085694, 38.720138549804702 ], [ 16.0684719085694, 38.719860076904403 ], [ 16.069583892822202, 38.719860076904403 ], [ 16.069583892822202, 38.719581604003999 ], [ 16.071527481079201, 38.719581604003999 ], [ 16.071527481079201, 38.719306945800803 ], [ 16.0729160308838, 38.719306945800803 ], [ 16.0729160308838, 38.719581604003999 ], [ 16.073471069336001, 38.719581604003999 ], [ 16.073471069336001, 38.719306945800803 ], [ 16.073850631713899, 38.719306945800803 ], [ 16.075138092041001, 38.719306945800803 ], [ 16.075138092041001, 38.719028472900398 ], [ 16.076250076293899, 38.719028472900398 ], [ 16.076250076293899, 38.71875 ], [ 16.0765285491943, 38.71875 ], [ 16.0765285491943, 38.718471527099702 ], [ 16.0768032073975, 38.718471527099702 ], [ 16.0768032073975, 38.718193054199297 ], [ 16.077360153198299, 38.718193054199297 ], [ 16.0773620605469, 38.717918395996001 ], [ 16.0776386260987, 38.717918395996001 ], [ 16.0776386260987, 38.717639923095597 ], [ 16.080139160156399, 38.717639923095597 ], [ 16.080139160156399, 38.717361450195298 ], [ 16.080415725708001, 38.717361450195298 ], [ 16.080415725708001, 38.717082977294901 ], [ 16.080972671508899, 38.717082977294901 ], [ 16.080972671508899, 38.716804504394503 ], [ 16.0818061828613, 38.716804504394503 ], [ 16.0818061828613, 38.716526031494098 ], [ 16.082361221313501, 38.716526031494098 ], [ 16.082361221313501, 38.716251373291101 ], [ 16.083194732666001, 38.716251373291101 ], [ 16.083194732666001, 38.715972900390703 ], [ 16.084028244018601, 38.715972900390703 ], [ 16.084028244018601, 38.715694427490298 ], [ 16.085416793823399, 38.715694427490298 ], [ 16.085416793823399, 38.71541595459 ], [ 16.085971832275501, 38.71541595459 ], [ 16.085971832275501, 38.715137481689602 ], [ 16.087360382080099, 38.715137481689602 ], [ 16.087360382080099, 38.714862823486399 ], [ 16.088193893432599, 38.714862823486399 ], [ 16.088193893432599, 38.714584350586001 ], [ 16.089027404785199, 38.714584350586001 ], [ 16.089027404785199, 38.714305877685597 ], [ 16.0909748077393, 38.714305877685597 ], [ 16.0909748077393, 38.714027404785199 ], [ 16.095972061157301, 38.714027404785199 ], [ 16.095972061157301, 38.713748931884801 ], [ 16.096250534057699, 38.713748931884801 ], [ 16.096250534057699, 38.713470458984403 ], [ 16.096805572509801, 38.713470458984403 ], [ 16.096805572509801, 38.7131958007812 ], [ 16.097084045410199, 38.7131958007812 ], [ 16.097084045410199, 38.712917327880902 ], [ 16.097360610961999, 38.712917327880902 ], [ 16.097360610961999, 38.712638854980497 ], [ 16.097917556762798, 38.712638854980497 ], [ 16.097917556762798, 38.712360382080099 ], [ 16.098749160766602, 38.712360382080099 ], [ 16.098749160766602, 38.712081909179702 ], [ 16.099582672119102, 38.712081909179702 ], [ 16.099582672119102, 38.711807250976698 ], [ 16.100694656372099, 38.711807250976698 ], [ 16.100694656372099, 38.711528778076101 ], [ 16.104860305786101, 38.711528778076101 ], [ 16.104860305786101, 38.711807250976698 ], [ 16.105972290039102, 38.711807250976698 ], [ 16.105972290039102, 38.712081909179702 ], [ 16.1065273284913, 38.712081909179702 ], [ 16.1065273284913, 38.712360382080099 ], [ 16.107639312744201, 38.712360382080099 ], [ 16.107639312744201, 38.712638854980497 ], [ 16.1093063354493, 38.712638854980497 ], [ 16.1093063354493, 38.712917327880902 ], [ 16.1101379394531, 38.712917327880902 ], [ 16.1101398468019, 38.7131958007812 ], [ 16.1109714508057, 38.7131958007812 ], [ 16.1109714508057, 38.713470458984403 ], [ 16.111528396606399, 38.713470458984403 ], [ 16.111528396606399, 38.713748931884801 ], [ 16.112361907958999, 38.713748931884801 ], [ 16.112361907958999, 38.714027404785199 ], [ 16.112638473510799, 38.714027404785199 ], [ 16.112638473510799, 38.714305877685597 ], [ 16.113193511962901, 38.714305877685597 ], [ 16.113195419311499, 38.714584350586001 ], [ 16.114027023315501, 38.714584350586001 ], [ 16.114027023315501, 38.714862823486399 ], [ 16.114305496215898, 38.714862823486399 ], [ 16.114305496215898, 38.71541595459 ], [ 16.114582061767699, 38.71541595459 ], [ 16.114582061767699, 38.715694427490298 ], [ 16.115140914916999, 38.715694427490298 ], [ 16.115140914916999, 38.715972900390703 ], [ 16.116249084472699, 38.715972900390703 ], [ 16.116249084472699, 38.716251373291101 ], [ 16.116527557373001, 38.716251373291101 ], [ 16.116527557373001, 38.716804504394503 ], [ 16.116806030273398, 38.716804504394503 ], [ 16.116806030273398, 38.717361450195298 ], [ 16.1170845031738, 38.717361450195298 ], [ 16.1170845031738, 38.717639923095597 ], [ 16.119583129882901, 38.717639923095597 ], [ 16.119583129882901, 38.717918395996001 ], [ 16.119861602783299, 38.717918395996001 ], [ 16.119861602783299, 38.718193054199297 ], [ 16.120138168335099, 38.718193054199297 ], [ 16.120138168335099, 38.718471527099702 ], [ 16.120416641235501, 38.718471527099702 ], [ 16.120416641235501, 38.71875 ], [ 16.120695114135799, 38.71875 ], [ 16.120695114135799, 38.719028472900398 ], [ 16.120971679687599, 38.719028472900398 ], [ 16.120971679687599, 38.719306945800803 ], [ 16.121528625488398, 38.719306945800803 ], [ 16.121528625488398, 38.719581604003999 ], [ 16.12180519104, 38.719581604003999 ], [ 16.12180519104, 38.719860076904403 ], [ 16.122083663940401, 38.719860076904403 ], [ 16.122083663940401, 38.720138549804702 ], [ 16.122360229492202, 38.720138549804702 ], [ 16.122360229492202, 38.720695495605497 ], [ 16.122638702392599, 38.720695495605497 ], [ 16.122638702392599, 38.720973968505902 ], [ 16.123193740844702, 38.720973968505902 ], [ 16.123193740844702, 38.721248626709098 ], [ 16.123472213745099, 38.721248626709098 ], [ 16.123472213745099, 38.721527099609503 ], [ 16.124027252197301, 38.721527099609503 ], [ 16.124027252197301, 38.721805572509901 ], [ 16.124860763549901, 38.721805572509901 ], [ 16.124860763549901, 38.722084045410298 ], [ 16.125415802001999, 38.722084045410298 ], [ 16.125415802001999, 38.719306945800803 ], [ 16.124305725097699, 38.719306945800803 ], [ 16.124305725097699, 38.719028472900398 ], [ 16.123472213745099, 38.719028472900398 ], [ 16.123472213745099, 38.71875 ], [ 16.123193740844702, 38.71875 ], [ 16.123193740844702, 38.717639923095597 ], [ 16.122917175293001, 38.717639923095597 ], [ 16.122917175293001, 38.717361450195298 ], [ 16.122638702392599, 38.717361450195298 ], [ 16.122638702392599, 38.717082977294901 ], [ 16.122917175293001, 38.717082977294901 ], [ 16.122917175293001, 38.716526031494098 ], [ 16.123193740844702, 38.716526031494098 ], [ 16.123193740844702, 38.716251373291101 ], [ 16.125415802001999, 38.716251373291101 ], [ 16.125415802001999, 38.715972900390703 ], [ 16.126806259155401, 38.715972900390703 ], [ 16.126806259155401, 38.716251373291101 ], [ 16.1273593902588, 38.716251373291101 ], [ 16.1273593902588, 38.716526031494098 ], [ 16.128194808959901, 38.716526031494098 ], [ 16.128194808959901, 38.716728210449297 ], [ 16.128194808959901, 38.716804504394503 ], [ 16.128471374511701, 38.716804504394503 ], [ 16.128471374511701, 38.717082977294901 ], [ 16.1290283203125, 38.717082977294901 ], [ 16.1290283203125, 38.717361450195298 ], [ 16.129581451416101, 38.717361450195298 ], [ 16.129581451416101, 38.717639923095597 ], [ 16.129863739013601, 38.717639923095597 ], [ 16.129863739013601, 38.717361450195298 ], [ 16.130416870117202, 38.717361450195298 ], [ 16.130416870117202, 38.717639923095597 ], [ 16.130695343017599, 38.717639923095597 ], [ 16.130695343017599, 38.718193054199297 ], [ 16.130416870117202, 38.718193054199297 ], [ 16.130416870117202, 38.71875 ], [ 16.131250381469801, 38.71875 ], [ 16.131250381469801, 38.717639923095597 ], [ 16.131526947021602, 38.717639923095597 ], [ 16.131526947021602, 38.717453002929702 ], [ 16.131526947021602, 38.717361450195298 ], [ 16.1345825195312, 38.717361450195298 ], [ 16.1345825195312, 38.717639923095597 ], [ 16.134860992431602, 38.717639923095597 ], [ 16.134860992431602, 38.717918395996001 ], [ 16.135139465331999, 38.717918395996001 ], [ 16.135139465331999, 38.718193054199297 ], [ 16.136249542236399, 38.718193054199297 ], [ 16.136249542236399, 38.718471527099702 ], [ 16.1365261077881, 38.718471527099702 ], [ 16.1365261077881, 38.71875 ], [ 16.137083053588899, 38.71875 ], [ 16.137083053588899, 38.719028472900398 ], [ 16.137916564941499, 38.719028472900398 ], [ 16.137916564941499, 38.719306945800803 ], [ 16.138748168945298, 38.719306945800803 ], [ 16.138748168945298, 38.719581604003999 ], [ 16.1390285491944, 38.719581604003999 ], [ 16.1390285491944, 38.719860076904403 ], [ 16.139305114746001, 38.719860076904403 ], [ 16.139305114746001, 38.720138549804702 ], [ 16.139583587646399, 38.720138549804702 ], [ 16.139583587646399, 38.720417022705099 ], [ 16.1398601531982, 38.720417022705099 ], [ 16.1398601531982, 38.720695495605497 ], [ 16.140417098998999, 38.720695495605497 ], [ 16.140417098998999, 38.720973968505902 ], [ 16.140693664550799, 38.720973968505902 ], [ 16.140693664550799, 38.721248626709098 ], [ 16.140970230102599, 38.721248626709098 ], [ 16.140970230102599, 38.721527099609503 ], [ 16.141252517700099, 38.721527099609503 ], [ 16.141252517700099, 38.7216987609863 ], [ 16.141252517700099, 38.722084045410298 ], [ 16.141527175903398, 38.722084045410298 ], [ 16.141527175903398, 38.722362518310703 ], [ 16.142082214355501, 38.722362518310703 ], [ 16.142082214355501, 38.7226371765137 ], [ 16.1426391601563, 38.7226371765137 ], [ 16.1426391601563, 38.722915649414098 ], [ 16.143474578857401, 38.722938537597699 ], [ 16.143474578857401, 38.723194122314503 ], [ 16.1437492370607, 38.723194122314503 ], [ 16.1437492370607, 38.723472595214801 ], [ 16.144306182861399, 38.723472595214801 ], [ 16.144306182861399, 38.723751068115199 ], [ 16.1449279785157, 38.723751068115199 ], [ 16.1454162597656, 38.723751068115199 ], [ 16.1454162597656, 38.724029541015597 ], [ 16.1462497711182, 38.724029541015597 ], [ 16.1462497711182, 38.7243041992188 ], [ 16.146528244018601, 38.7243041992188 ], [ 16.146528244018601, 38.724582672119197 ], [ 16.146806716918899, 38.724582672119197 ], [ 16.146806716918899, 38.724861145019602 ], [ 16.146917343139599, 38.724861145019602 ], [ 16.147361755371101, 38.724861145019602 ], [ 16.147361755371101, 38.725139617919901 ], [ 16.147638320922901, 38.725139617919901 ], [ 16.147674560546999, 38.725284576416001 ], [ 16.147638320922901, 38.725418090820298 ], [ 16.147844314575298, 38.725418090820298 ], [ 16.148471832275401, 38.725418090820298 ], [ 16.148471832275401, 38.725692749023501 ], [ 16.148750305175799, 38.725692749023501 ], [ 16.148750305175799, 38.726131439208999 ], [ 16.148750305175799, 38.726249694824297 ], [ 16.1488990783693, 38.726249694824297 ], [ 16.149026870727699, 38.726249694824297 ], [ 16.149026870727699, 38.726348876953097 ], [ 16.149026870727699, 38.726528167724702 ], [ 16.149305343628001, 38.726570129394503 ], [ 16.149305343628001, 38.726806640625099 ], [ 16.149583816528398, 38.726806640625099 ], [ 16.149583816528398, 38.727085113525398 ], [ 16.149860382080199, 38.727085113525398 ], [ 16.149860382080199, 38.727359771728501 ], [ 16.1501388549806, 38.727359771728501 ], [ 16.1501388549806, 38.727638244628999 ], [ 16.150417327881001, 38.727638244628999 ], [ 16.150417327881001, 38.728195190429801 ], [ 16.150693893432599, 38.728195190429801 ], [ 16.150693893432599, 38.728748321533203 ], [ 16.1509723663331, 38.728748321533203 ], [ 16.1509723663331, 38.729026794433601 ], [ 16.151527404785199, 38.729026794433601 ], [ 16.151527404785199, 38.729305267333999 ], [ 16.151805877685501, 38.729305267333999 ], [ 16.151805877685501, 38.729583740234403 ], [ 16.152082443237301, 38.729583740234403 ], [ 16.152082443237301, 38.729862213134801 ], [ 16.152915954589801, 38.729862213134801 ], [ 16.152915954589801, 38.730140686035199 ], [ 16.153238296508899, 38.730140686035199 ], [ 16.153749465942401, 38.730140686035199 ], [ 16.153749465942401, 38.730415344238303 ], [ 16.154027938842798, 38.730415344238303 ], [ 16.154027938842798, 38.730972290039098 ], [ 16.1543064117432, 38.730972290039098 ], [ 16.1543064117432, 38.731197357177699 ], [ 16.1543064117432, 38.7313842773438 ], [ 16.1543064117432, 38.731529235839801 ], [ 16.154514312744102, 38.731529235839801 ], [ 16.154581069946399, 38.732082366943501 ], [ 16.1548595428468, 38.732082366943501 ], [ 16.1548595428468, 38.732639312744197 ], [ 16.155138015747202, 38.732639312744197 ], [ 16.155138015747202, 38.732917785644602 ], [ 16.155416488647599, 38.732917785644602 ], [ 16.155416488647599, 38.733196258545 ], [ 16.1556930541993, 38.733196258545 ], [ 16.1556930541993, 38.733470916747997 ], [ 16.155973434448299, 38.733470916747997 ], [ 16.155973434448299, 38.733749389648402 ], [ 16.1562519073487, 38.733749389648402 ], [ 16.1562519073487, 38.734027862548899 ], [ 16.156528472900501, 38.734027862548899 ], [ 16.156528472900501, 38.734306335449297 ], [ 16.157363891601602, 38.734306335449297 ], [ 16.157363891601602, 38.734584808349702 ], [ 16.1577243804932, 38.734584808349702 ], [ 16.157917022705099, 38.734584808349702 ], [ 16.157917022705099, 38.7347221374512 ], [ 16.157917022705099, 38.734859466552699 ], [ 16.158195495605401, 38.734867095947301 ], [ 16.158195495605401, 38.735137939453097 ], [ 16.158472061157202, 38.735137939453097 ], [ 16.158472061157202, 38.735694885253899 ], [ 16.158750534057599, 38.735694885253899 ], [ 16.158750534057599, 38.736804962158303 ], [ 16.1590270996094, 38.736804962158303 ], [ 16.1590270996094, 38.7370834350587 ], [ 16.159305572509801, 38.7370834350587 ], [ 16.159305572509801, 38.737361907958999 ], [ 16.1595859527588, 38.737361907958999 ], [ 16.1595859527588, 38.737640380859403 ], [ 16.160694122314499, 38.737640380859403 ], [ 16.160694122314499, 38.737915039062599 ], [ 16.160972595214901, 38.737915039062599 ], [ 16.160972595214901, 38.738193511962997 ], [ 16.161527633667099, 38.738193511962997 ], [ 16.161527633667099, 38.738471984863402 ], [ 16.162361145019599, 38.738471984863402 ], [ 16.162361145019599, 38.7387504577638 ], [ 16.164976119995199, 38.7387504577638 ], [ 16.1654167175294, 38.7387504577638 ], [ 16.1654167175294, 38.739028930664098 ], [ 16.165695190429702, 38.739028930664098 ], [ 16.165695190429702, 38.739307403564503 ], [ 16.166717529296999, 38.739307403564503 ], [ 16.167917251586999, 38.739307403564503 ], [ 16.167917251586999, 38.739582061767599 ], [ 16.168193817138601, 38.739582061767599 ], [ 16.168193817138601, 38.739860534667898 ], [ 16.168470382690401, 38.739860534667898 ], [ 16.168470382690401, 38.740139007568303 ], [ 16.1690273284912, 38.740139007568303 ], [ 16.1690273284912, 38.740417480468899 ], [ 16.1695842742919, 38.740417480468899 ], [ 16.1695842742919, 38.740695953369297 ], [ 16.170139312744102, 38.740695953369297 ], [ 16.170139312744102, 38.740970611572301 ], [ 16.170692443847699, 38.740970611572301 ], [ 16.170692443847699, 38.741249084472699 ], [ 16.171527862548899, 38.741249084472699 ], [ 16.171527862548899, 38.741527557372997 ], [ 16.1718063354493, 38.741527557372997 ], [ 16.1718063354493, 38.741806030273402 ], [ 16.172916412353601, 38.741806030273402 ], [ 16.172916412353601, 38.7420845031738 ], [ 16.1737499237062, 38.7420845031738 ], [ 16.1737499237062, 38.742362976074197 ], [ 16.1743068695069, 38.742362976074197 ], [ 16.1743068695069, 38.742637634277401 ], [ 16.1751384735107, 38.742637634277401 ], [ 16.1751384735107, 38.742916107177798 ], [ 16.175693511962901, 38.742916107177798 ], [ 16.175695419311499, 38.743194580078203 ], [ 16.175971984863299, 38.743194580078203 ], [ 16.175971984863299, 38.743473052978601 ], [ 16.176528930664102, 38.743473052978601 ], [ 16.176528930664102, 38.743751525878999 ], [ 16.176805496215799, 38.743751525878999 ], [ 16.176805496215799, 38.744026184082102 ], [ 16.1770839691162, 38.744026184082102 ], [ 16.1770839691162, 38.7443046569825 ], [ 16.177360534668001, 38.7443046569825 ], [ 16.177360534668001, 38.744583129882898 ], [ 16.1779174804688, 38.744583129882898 ], [ 16.1779174804688, 38.744861602783303 ], [ 16.1781940460206, 38.744861602783303 ], [ 16.1781940460206, 38.745414733886697 ], [ 16.178472518921001, 38.745418548583999 ], [ 16.178472518921001, 38.745796203613303 ], [ 16.178472518921001, 38.7459716796875 ], [ 16.178747177123999, 38.7459716796875 ], [ 16.178747177123999, 38.746250152587798 ], [ 16.179183959960898, 38.746250152587798 ], [ 16.179306030273601, 38.746250152587798 ], [ 16.179306030273601, 38.746330261230597 ], [ 16.179306030273601, 38.746528625488203 ], [ 16.179582595825298, 38.746528625488203 ], [ 16.179582595825298, 38.747081756591797 ], [ 16.180484771728601, 38.747081756591797 ], [ 16.181249618530298, 38.747081756591797 ], [ 16.181249618530298, 38.747360229492202 ], [ 16.1815280914307, 38.747360229492202 ], [ 16.1815280914307, 38.747638702392599 ], [ 16.1823635101318, 38.747638702392599 ], [ 16.1823635101318, 38.747917175292997 ], [ 16.182638168335, 38.747917175292997 ], [ 16.182638168335, 38.748195648193402 ], [ 16.182916641235401, 38.748195648193402 ], [ 16.182916641235401, 38.748470306396499 ], [ 16.183750152587901, 38.7484741210938 ], [ 16.183750152587901, 38.748748779296903 ], [ 16.184028625488299, 38.748748779296903 ], [ 16.184028625488299, 38.749027252197301 ], [ 16.184303283691499, 38.749027252197301 ], [ 16.184303283691499, 38.749305725097699 ], [ 16.184583663940501, 38.749305725097699 ], [ 16.184583663940501, 38.749584197998097 ], [ 16.184860229492301, 38.749584197998097 ], [ 16.184860229492301, 38.750137329101698 ], [ 16.185138702392699, 38.750137329101698 ], [ 16.185138702392699, 38.7506942749025 ], [ 16.1854171752931, 38.7506942749025 ], [ 16.1854171752931, 38.750972747802798 ], [ 16.185695648193501, 38.750972747802798 ], [ 16.185695648193501, 38.751804351806598 ], [ 16.185972213745199, 38.751804351806598 ], [ 16.185972213745199, 38.752082824707003 ], [ 16.1862506866456, 38.752082824707003 ], [ 16.1862506866456, 38.752361297607401 ], [ 16.186527252197301, 38.752361297607401 ], [ 16.186527252197301, 38.753192901611399 ], [ 16.186805725097599, 38.753192901611399 ], [ 16.186805725097599, 38.753749847412102 ], [ 16.187084197998001, 38.753749847412102 ], [ 16.187084197998001, 38.7540283203125 ], [ 16.187360763549801, 38.7540283203125 ], [ 16.187360763549801, 38.754196166992202 ], [ 16.187360763549801, 38.754306793212898 ], [ 16.1875190734863, 38.754306793212898 ], [ 16.1879177093506, 38.754306793212898 ], [ 16.1879177093506, 38.754581451416101 ], [ 16.188194274902301, 38.754581451416101 ], [ 16.188194274902301, 38.754859924316499 ], [ 16.188472747802699, 38.754859924316499 ], [ 16.188472747802699, 38.755416870117202 ], [ 16.188749313354499, 38.755416870117202 ], [ 16.188749313354499, 38.755973815917997 ], [ 16.189027786254901, 38.755973815917997 ], [ 16.189027786254901, 38.7562484741212 ], [ 16.189306259155298, 38.7562484741212 ], [ 16.189306259155298, 38.756526947021598 ], [ 16.189582824707099, 38.756526947021598 ], [ 16.189582824707099, 38.757083892822401 ], [ 16.1898612976075, 38.757083892822401 ], [ 16.1898612976075, 38.758193969726598 ], [ 16.190139770507901, 38.758193969726598 ], [ 16.190139770507901, 38.758750915527301 ], [ 16.190416336059702, 38.758750915527301 ], [ 16.190416336059702, 38.759304046630902 ], [ 16.19069480896, 38.759304046630902 ], [ 16.19069480896, 38.7595825195313 ], [ 16.1909713745118, 38.7595825195313 ], [ 16.1909713745118, 38.759860992431697 ], [ 16.191249847412202, 38.759860992431697 ], [ 16.191249847412202, 38.760417938232401 ], [ 16.191528320312599, 38.760417938232401 ], [ 16.191528320312599, 38.760692596435703 ], [ 16.191804885864201, 38.760692596435703 ], [ 16.191804885864201, 38.760971069336101 ], [ 16.192083358764599, 38.760971069336101 ], [ 16.192083358764599, 38.761249542236399 ], [ 16.192361831665199, 38.761249542236399 ], [ 16.192361831665199, 38.761528015136797 ], [ 16.1926383972168, 38.761528015136797 ], [ 16.1926383972168, 38.762359619140597 ], [ 16.192916870117202, 38.762359619140597 ], [ 16.192916870117202, 38.762638092041101 ], [ 16.1931953430175, 38.762638092041101 ], [ 16.1931953430175, 38.762916564941499 ], [ 16.1934719085693, 38.762916564941499 ], [ 16.1934719085693, 38.764583587646499 ], [ 16.193750381469702, 38.764583587646499 ], [ 16.193750381469702, 38.764862060546903 ], [ 16.194026947021499, 38.764862060546903 ], [ 16.194026947021499, 38.765415191650398 ], [ 16.1943054199219, 38.765415191650398 ], [ 16.1943054199219, 38.7659721374512 ], [ 16.194583892822301, 38.7659721374512 ], [ 16.194583892822301, 38.766529083252003 ], [ 16.194860458374102, 38.766529083252003 ], [ 16.194860458374102, 38.767082214355597 ], [ 16.195138931274499, 38.767082214355597 ], [ 16.195138931274499, 38.767360687256001 ], [ 16.195417404174901, 38.767360687256001 ], [ 16.195417404174901, 38.7676391601563 ], [ 16.195692062378001, 38.7676391601563 ], [ 16.195692062378001, 38.767917633056697 ], [ 16.195970535278398, 38.767917633056697 ], [ 16.195970535278398, 38.768196105957102 ], [ 16.196252822876001, 38.768196105957102 ], [ 16.196252822876001, 38.769306182861399 ], [ 16.196527481079201, 38.769306182861399 ], [ 16.196527481079201, 38.770416259765597 ], [ 16.196805953979599, 38.770416259765597 ], [ 16.196805953979599, 38.770694732666001 ], [ 16.197084426879901, 38.770694732666001 ], [ 16.197084426879901, 38.771320343017599 ], [ 16.197084426879901, 38.77152633667 ], [ 16.197200775146399, 38.77152633667 ], [ 16.197362899780298, 38.77152633667 ], [ 16.197362899780298, 38.771804809570398 ], [ 16.197639465332099, 38.771804809570398 ], [ 16.197639465332099, 38.772083282470803 ], [ 16.197914123535199, 38.772083282470803 ], [ 16.197914123535199, 38.7728080749512 ], [ 16.197914123535199, 38.772914886474702 ], [ 16.198194503784102, 38.772914886474702 ], [ 16.198194503784102, 38.773193359375099 ], [ 16.198474884033299, 38.773193359375099 ], [ 16.198474884033299, 38.773471832275497 ], [ 16.1987495422363, 38.773471832275497 ], [ 16.1987495422363, 38.7740287780762 ], [ 16.199028015136701, 38.7740287780762 ], [ 16.199028015136701, 38.774581909179702 ], [ 16.199306488037099, 38.774581909179702 ], [ 16.199306488037099, 38.775138854980398 ], [ 16.199583053588899, 38.775138854980398 ], [ 16.199583053588899, 38.775695800781399 ], [ 16.1998615264893, 38.775695800781399 ], [ 16.1998615264893, 38.7762870788575 ], [ 16.1998615264893, 38.777084350585902 ], [ 16.200138092041101, 38.777084350585902 ], [ 16.200138092041101, 38.777915954589901 ], [ 16.200416564941499, 38.777915954589901 ], [ 16.200416564941499, 38.778472900390703 ], [ 16.200696945190401, 38.778472900390703 ], [ 16.200696945190401, 38.779026031494297 ], [ 16.200971603393601, 38.779026031494297 ], [ 16.200971603393601, 38.779304504394602 ], [ 16.201250076293999, 38.779304504394602 ], [ 16.201250076293999, 38.779582977295 ], [ 16.2015285491944, 38.779582977295 ], [ 16.2015285491944, 38.780139923095803 ], [ 16.2018051147462, 38.780139923095803 ], [ 16.2018051147462, 38.78125 ], [ 16.202083587646499, 38.78125 ], [ 16.202083587646499, 38.782081604003999 ], [ 16.2023620605469, 38.782081604003999 ], [ 16.2023620605469, 38.782360076904297 ], [ 16.2026386260987, 38.782360076904297 ], [ 16.2026386260987, 38.783195495605497 ], [ 16.202917098999102, 38.783195495605497 ], [ 16.202917098999102, 38.783748626708999 ], [ 16.2031936645507, 38.783748626708999 ], [ 16.2031936645507, 38.784027099609403 ], [ 16.2034721374513, 38.784027099609403 ], [ 16.2034721374513, 38.785415649414198 ], [ 16.203750610351701, 38.785415649414198 ], [ 16.203750610351701, 38.785694122314602 ], [ 16.204027175903299, 38.785694122314602 ], [ 16.204027175903299, 38.786251068115298 ], [ 16.2043056488037, 38.786251068115298 ], [ 16.2043056488037, 38.786529541015703 ], [ 16.204584121703999, 38.786529541015703 ], [ 16.204584121703999, 38.7868041992188 ], [ 16.204860687255898, 38.7868041992188 ], [ 16.204860687255898, 38.787361145019503 ], [ 16.205137252807699, 38.787361145019503 ], [ 16.205137252807699, 38.788192749023501 ], [ 16.205415725708001, 38.788192749023501 ], [ 16.205417633056602, 38.789306640625 ], [ 16.205694198608398, 38.789306640625 ], [ 16.205694198608398, 38.789859771728601 ], [ 16.2059726715088, 38.789859771728601 ], [ 16.2059726715088, 38.790695190429702 ], [ 16.2062492370606, 38.790695190429702 ], [ 16.2062492370606, 38.790973663330099 ], [ 16.206527709961001, 38.790973663330099 ], [ 16.206527709961001, 38.7915267944337 ], [ 16.206806182861399, 38.7915267944337 ], [ 16.206806182861399, 38.791805267334098 ], [ 16.2070827484131, 38.791805267334098 ], [ 16.2070827484131, 38.792083740234503 ], [ 16.207359313965, 38.792083740234503 ], [ 16.207359313965, 38.792640686035298 ], [ 16.2076416015625, 38.792640686035298 ], [ 16.2076416015625, 38.793472290039098 ], [ 16.2079162597657, 38.793472290039098 ], [ 16.2079162597657, 38.794029235839801 ], [ 16.208194732666101, 38.794029235839801 ], [ 16.208194732666101, 38.7948608398438 ], [ 16.208471298217901, 38.7948608398438 ], [ 16.208471298217901, 38.795139312744098 ], [ 16.208749771118299, 38.795139312744098 ], [ 16.208749771118299, 38.795696258544901 ], [ 16.2090282440187, 38.795696258544901 ], [ 16.2090282440187, 38.795970916748203 ], [ 16.209304809570298, 38.795970916748203 ], [ 16.209304809570298, 38.796527862548899 ], [ 16.209581375122099, 38.796527862548899 ], [ 16.209581375122099, 38.797084808349702 ], [ 16.209863662719801, 38.797084808349702 ], [ 16.209863662719801, 38.797916412353601 ], [ 16.210138320922901, 38.797916412353601 ], [ 16.210138320922901, 38.798473358154403 ], [ 16.2104167938232, 38.798473358154403 ], [ 16.2104167938232, 38.799304962158203 ], [ 16.210695266723601, 38.799304962158203 ], [ 16.210695266723601, 38.799583435058601 ], [ 16.210973739623999, 38.799583435058601 ], [ 16.210973739623999, 38.800693511962898 ], [ 16.211250305175799, 38.800693511962898 ], [ 16.211250305175799, 38.801807403564503 ], [ 16.211526870727599, 38.801807403564503 ], [ 16.211526870727599, 38.8029174804688 ], [ 16.211805343627901, 38.8029174804688 ], [ 16.211805343627901, 38.803749084472599 ], [ 16.212085723876999, 38.803749084472599 ], [ 16.212085723876999, 38.804584503173899 ], [ 16.212360382080099, 38.804584503173899 ], [ 16.212360382080099, 38.804862976074297 ], [ 16.212638854980501, 38.804862976074297 ], [ 16.212638854980501, 38.805416107177699 ], [ 16.212917327880898, 38.805416107177699 ], [ 16.212917327880898, 38.805973052978501 ], [ 16.2131958007813, 38.805973052978501 ], [ 16.2131958007813, 38.806526184082102 ], [ 16.2134723663331, 38.806526184082102 ], [ 16.2134723663331, 38.807914733886797 ], [ 16.213750839233501, 38.807918548583999 ], [ 16.213750839233501, 38.808750152587997 ], [ 16.214027404785298, 38.808750152587997 ], [ 16.214027404785298, 38.8093070983887 ], [ 16.2143058776857, 38.8093070983887 ], [ 16.2143058776857, 38.809860229492102 ], [ 16.214582443237401, 38.809860229492102 ], [ 16.214582443237401, 38.810417175293097 ], [ 16.214860916137798, 38.810417175293097 ], [ 16.214860916137798, 38.810970306396499 ], [ 16.2151393890382, 38.810974121093899 ], [ 16.2151393890382, 38.811248779296903 ], [ 16.215417861938601, 38.811248779296903 ], [ 16.215417861938601, 38.811473846435497 ], [ 16.215417861938601, 38.812637329101598 ], [ 16.215694427490199, 38.812637329101598 ], [ 16.215694427490199, 38.813751220703203 ], [ 16.2159729003906, 38.813751220703203 ], [ 16.2159729003906, 38.814025878906399 ], [ 16.216249465942401, 38.814025878906399 ], [ 16.216249465942401, 38.8156929016113 ], [ 16.216527938842798, 38.8156929016113 ], [ 16.216527938842798, 38.816528320312401 ], [ 16.2168064117432, 38.816528320312401 ], [ 16.2168064117432, 38.817359924316399 ], [ 16.217082977294901, 38.817359924316399 ], [ 16.217082977294901, 38.817916870117202 ], [ 16.217361450195298, 38.817916870117202 ], [ 16.217361450195298, 38.819305419921903 ], [ 16.2176399230957, 38.819305419921903 ], [ 16.2176399230957, 38.820137023925902 ], [ 16.2179164886475, 38.820137023925902 ], [ 16.2179164886475, 38.820693969726698 ], [ 16.218194961547798, 38.820693969726698 ], [ 16.218194961547798, 38.820972442627102 ], [ 16.218471527099702, 38.820972442627102 ], [ 16.218471527099702, 38.8237495422363 ], [ 16.218748092651499, 38.8237495422363 ], [ 16.218748092651499, 38.825138092041101 ], [ 16.219028472900401, 38.825138092041101 ], [ 16.219028472900401, 38.825695037841903 ], [ 16.219305038452202, 38.825695037841903 ], [ 16.219305038452202, 38.827362060547003 ], [ 16.219583511352599, 38.827362060547003 ], [ 16.219583511352599, 38.828193664550803 ], [ 16.2198600769044, 38.828193664550803 ], [ 16.2198600769044, 38.829303741455099 ], [ 16.220138549804801, 38.829303741455099 ], [ 16.220138549804801, 38.830696105957003 ], [ 16.220417022705199, 38.830696105957003 ], [ 16.220417022705199, 38.831527709961001 ], [ 16.2206935882568, 38.831527709961001 ], [ 16.2206935882568, 38.831806182861399 ], [ 16.220970153808601, 38.831806182861399 ], [ 16.220970153808601, 38.833751678466903 ], [ 16.2212524414063, 38.833751678466903 ], [ 16.2212524414063, 38.834583282470703 ], [ 16.2215270996094, 38.834583282470703 ], [ 16.2215270996094, 38.840137481689503 ], [ 16.221805572509702, 38.840137481689503 ], [ 16.221805572509702, 38.840415954589801 ], [ 16.222082138061499, 38.840415954589801 ], [ 16.222082138061499, 38.844306945800803 ], [ 16.2223606109619, 38.844306945800803 ], [ 16.2223606109619, 38.849887847900398 ], [ 16.2223606109619, 38.854305267333999 ], [ 16.222639083862301, 38.854305267333999 ], [ 16.222639083862301, 38.855140686035199 ], [ 16.222917556762699, 38.855140686035199 ], [ 16.222917556762699, 38.8629150390625 ], [ 16.222639083862301, 38.8629150390625 ], [ 16.222639083862301, 38.866271972656399 ], [ 16.222639083862301, 38.868473052978601 ], [ 16.2223606109619, 38.868473052978601 ], [ 16.2223606109619, 38.869583129882798 ], [ 16.222082138061499, 38.869583129882798 ], [ 16.222082138061499, 38.870971679687599 ], [ 16.221805572509702, 38.870971679687599 ], [ 16.221805572509702, 38.873195648193402 ], [ 16.2216186523438, 38.873195648193402 ], [ 16.2215270996094, 38.873195648193402 ], [ 16.2215270996094, 38.876518249511797 ], [ 16.2215270996094, 38.877639770507898 ], [ 16.221805572509702, 38.877639770507898 ], [ 16.221805572509702, 38.877918243408203 ], [ 16.2223606109619, 38.877918243408203 ], [ 16.2223606109619, 38.878192901611399 ], [ 16.222639083862301, 38.878192901611399 ], [ 16.222639083862301, 38.880138397216697 ], [ 16.2223606109619, 38.880138397216697 ], [ 16.2223606109619, 38.880695343017699 ], [ 16.222082138061499, 38.880695343017699 ], [ 16.222082138061499, 38.881248474121101 ], [ 16.221805572509702, 38.881248474121101 ], [ 16.221805572509702, 38.881805419921903 ], [ 16.2215270996094, 38.881805419921903 ], [ 16.221469879150401, 38.882083892822301 ], [ 16.2212524414063, 38.882083892822301 ], [ 16.2212524414063, 38.882637023925803 ], [ 16.220970153808601, 38.882637023925803 ], [ 16.220970153808601, 38.883193969726598 ], [ 16.2206935882568, 38.883193969726598 ], [ 16.2206935882568, 38.884029388427798 ], [ 16.220417022705199, 38.884029388427798 ], [ 16.220417022705199, 38.8862495422363 ], [ 16.2206935882568, 38.8862495422363 ], [ 16.2206935882568, 38.886528015136697 ], [ 16.220970153808601, 38.886528015136697 ], [ 16.220970153808601, 38.887638092041001 ], [ 16.2212524414063, 38.887638092041001 ], [ 16.2212524414063, 38.892917633056598 ], [ 16.221359252929702, 38.892917633056598 ], [ 16.2215270996094, 38.892917633056598 ], [ 16.2215270996094, 38.896804809570398 ], [ 16.221805572509702, 38.896804809570398 ], [ 16.221805572509702, 38.897914886474602 ], [ 16.2215270996094, 38.897914886474602 ], [ 16.2215270996094, 38.904026031494098 ], [ 16.221805572509702, 38.904026031494098 ], [ 16.221805572509702, 38.905418395996001 ], [ 16.2215270996094, 38.905418395996001 ], [ 16.2215270996094, 38.90625 ], [ 16.2212524414063, 38.90625 ], [ 16.2212524414063, 38.910354614257898 ], [ 16.2212524414063, 38.911529541015597 ], [ 16.220970153808601, 38.911529541015597 ], [ 16.220970153808601, 38.913192749023601 ], [ 16.2206935882568, 38.913192749023601 ], [ 16.2206935882568, 38.915416717529403 ], [ 16.220417022705199, 38.915416717529403 ], [ 16.220417022705199, 38.916526794433601 ], [ 16.220138549804801, 38.916572570800803 ], [ 16.220138549804801, 38.917362213134801 ], [ 16.220008850097699, 38.917362213134801 ], [ 16.2198600769044, 38.917362213134801 ], [ 16.2198600769044, 38.918243408203097 ], [ 16.2198600769044, 38.918750762939503 ], [ 16.219776153564499, 38.918750762939503 ], [ 16.219583511352599, 38.918750762939503 ], [ 16.219583511352599, 38.9196166992188 ], [ 16.219583511352599, 38.920139312744297 ], [ 16.2194519042969, 38.920139312744297 ], [ 16.219305038452202, 38.920139312744297 ], [ 16.219305038452202, 38.920722961425803 ], [ 16.219305038452202, 38.921249389648402 ], [ 16.219165802001999, 38.921249389648402 ], [ 16.219028472900401, 38.921249389648402 ], [ 16.219028472900401, 38.921661376953097 ], [ 16.219028472900401, 38.922637939453097 ], [ 16.218748092651499, 38.922637939453097 ], [ 16.218748092651499, 38.923194885253899 ], [ 16.218471527099702, 38.923194885253899 ], [ 16.218471527099702, 38.923473358154297 ], [ 16.218288421630898, 38.923473358154297 ], [ 16.218194961547798, 38.923473358154297 ], [ 16.218194961547798, 38.923675537109503 ], [ 16.2181606292725, 38.923751831054702 ], [ 16.2179164886475, 38.923751831054702 ], [ 16.2179164886475, 38.924026489257898 ], [ 16.2176399230957, 38.924026489257898 ], [ 16.217626571655401, 38.924861907958999 ], [ 16.217361450195298, 38.924861907958999 ], [ 16.217361450195298, 38.925296783447401 ], [ 16.217361450195298, 38.925415039062599 ], [ 16.217288970947301, 38.925415039062599 ], [ 16.217082977294901, 38.925415039062599 ], [ 16.217082977294901, 38.9257202148438 ], [ 16.217082977294901, 38.925971984863402 ], [ 16.2169075012207, 38.925971984863402 ], [ 16.2168064117432, 38.925971984863402 ], [ 16.2168064117432, 38.926101684570398 ], [ 16.2168064117432, 38.9262504577638 ], [ 16.2166938781738, 38.9262504577638 ], [ 16.2159729003906, 38.9262504577638 ], [ 16.2159729003906, 38.926528930664198 ], [ 16.215694427490199, 38.926528930664198 ], [ 16.215694427490199, 38.926753997802798 ], [ 16.215694427490199, 38.927383422851598 ], [ 16.215694427490199, 38.9279174804687 ], [ 16.215417861938601, 38.9279174804687 ], [ 16.215417861938601, 38.928195953369297 ], [ 16.2149772644043, 38.928195953369297 ], [ 16.214582443237401, 38.928195953369297 ], [ 16.214582443237401, 38.928642272949297 ], [ 16.214582443237401, 38.928749084472599 ], [ 16.214490890503001, 38.928749084472599 ], [ 16.2143058776857, 38.928749084472599 ], [ 16.2143058776857, 38.928958892822401 ], [ 16.2143058776857, 38.9295845031738 ], [ 16.214027404785298, 38.9295845031738 ], [ 16.214027404785298, 38.929862976074197 ], [ 16.213750839233501, 38.929862976074197 ], [ 16.213750839233501, 38.930416107177798 ], [ 16.2134723663331, 38.930416107177798 ], [ 16.2134723663331, 38.930973052978601 ], [ 16.2131958007813, 38.930973052978601 ], [ 16.2131958007813, 38.931251525878999 ], [ 16.212917327880898, 38.931251525878999 ], [ 16.212917327880898, 38.9318046569825 ], [ 16.212638854980501, 38.9318046569825 ], [ 16.212638854980501, 38.932083129882898 ], [ 16.212360382080099, 38.932083129882898 ], [ 16.212360382080099, 38.932361602783303 ], [ 16.212085723876999, 38.932361602783303 ], [ 16.212085723876999, 38.9326400756837 ], [ 16.211526870727599, 38.9326400756837 ], [ 16.211526870727599, 38.932918548584098 ], [ 16.210973739623999, 38.932918548584098 ], [ 16.210973739623999, 38.933193206787102 ], [ 16.209863662719801, 38.933193206787102 ], [ 16.209863662719801, 38.9334716796875 ], [ 16.209304809570298, 38.9334716796875 ], [ 16.209304809570298, 38.933750152587898 ], [ 16.2090282440187, 38.933750152587898 ], [ 16.2090282440187, 38.934028625488203 ], [ 16.208749771118299, 38.934028625488203 ], [ 16.208749771118299, 38.934307098388601 ], [ 16.208471298217901, 38.934307098388601 ], [ 16.208471298217901, 38.934581756591903 ], [ 16.2059726715088, 38.934581756591903 ], [ 16.2059726715088, 38.934860229492202 ], [ 16.205417633056602, 38.934860229492202 ], [ 16.205415725708001, 38.935138702392599 ], [ 16.205137252807699, 38.935138702392599 ], [ 16.205137252807699, 38.934860229492202 ], [ 16.2026386260987, 38.934860229492202 ], [ 16.2026386260987, 38.934581756591903 ], [ 16.2023620605469, 38.934581756591903 ], [ 16.2023620605469, 38.934307098388601 ], [ 16.2026386260987, 38.934307098388601 ], [ 16.2026386260987, 38.934028625488203 ], [ 16.202917098999102, 38.934028625488203 ], [ 16.202917098999102, 38.933750152587898 ], [ 16.2031936645507, 38.933750152587898 ], [ 16.2031936645507, 38.933048248291101 ], [ 16.2023620605469, 38.932918548584098 ], [ 16.202360153198399, 38.9326400756837 ], [ 16.1998615264893, 38.9326400756837 ], [ 16.1998615264893, 38.932361602783303 ], [ 16.199583053588899, 38.932361602783303 ], [ 16.199583053588899, 38.9326400756837 ], [ 16.199028015136701, 38.932670593261797 ], [ 16.199028015136701, 38.932918548584098 ], [ 16.198474884033299, 38.932918548584098 ], [ 16.198474884033299, 38.933193206787102 ], [ 16.198316574096701, 38.933197021484403 ], [ 16.197914123535199, 38.9332084655762 ], [ 16.197914123535199, 38.9334716796875 ], [ 16.197362899780298, 38.9334716796875 ], [ 16.197362899780298, 38.933750152587898 ], [ 16.196252822876001, 38.933750152587898 ], [ 16.196252822876001, 38.934028625488203 ], [ 16.195526123046999, 38.934089660644503 ], [ 16.195417404174901, 38.934097290039098 ], [ 16.195417404174901, 38.934307098388601 ], [ 16.195095062255799, 38.934307098388601 ], [ 16.194860458374102, 38.934307098388601 ], [ 16.194860458374102, 38.934459686279403 ], [ 16.194860458374102, 38.934581756591903 ], [ 16.1946754455568, 38.934581756591903 ], [ 16.1943054199219, 38.934581756591903 ], [ 16.1942462921144, 38.934860229492202 ], [ 16.193750381469702, 38.934860229492202 ], [ 16.193750381469702, 38.935138702392599 ], [ 16.193071365356499, 38.935138702392599 ], [ 16.192361831665199, 38.935138702392599 ], [ 16.192361831665199, 38.935417175292997 ], [ 16.191804885864201, 38.935417175292997 ], [ 16.191804885864201, 38.935695648193402 ], [ 16.1909713745118, 38.935695648193402 ], [ 16.1909713745118, 38.9359741210938 ], [ 16.190416336059702, 38.9359741210938 ], [ 16.190416336059702, 38.936248779296903 ], [ 16.190139770507901, 38.936248779296903 ], [ 16.190139770507901, 38.936527252197301 ], [ 16.1898612976075, 38.936527252197301 ], [ 16.1898612976075, 38.936805725097699 ], [ 16.189582824707099, 38.936805725097699 ], [ 16.189580917358501, 38.937084197998097 ], [ 16.188749313354499, 38.937084197998097 ], [ 16.188749313354499, 38.937362670898501 ], [ 16.188194274902301, 38.937362670898501 ], [ 16.188194274902301, 38.937637329101698 ], [ 16.1879177093506, 38.937637329101698 ], [ 16.1879177093506, 38.937915802002102 ], [ 16.187084197998001, 38.937915802002102 ], [ 16.187084197998001, 38.9381942749025 ], [ 16.186805725097599, 38.9381942749025 ], [ 16.186805725097599, 38.938472747802798 ], [ 16.186527252197301, 38.938472747802798 ], [ 16.1865119934081, 38.938751220703203 ], [ 16.1862506866456, 38.938751220703203 ], [ 16.1862506866456, 38.938892364501903 ], [ 16.1862506866456, 38.9390258789062 ], [ 16.1860065460206, 38.9390258789062 ], [ 16.1854171752931, 38.939029693603601 ], [ 16.1854171752931, 38.939304351806598 ], [ 16.184860229492301, 38.939304351806598 ], [ 16.184860229492301, 38.939582824707003 ], [ 16.184028625488299, 38.939582824707003 ], [ 16.184028625488299, 38.939861297607401 ], [ 16.1831951141357, 38.939861297607401 ], [ 16.1831951141357, 38.940139770507798 ], [ 16.182916641235401, 38.940139770507798 ], [ 16.182916641235401, 38.940418243408097 ], [ 16.182638168335, 38.940418243408097 ], [ 16.182638168335, 38.940856933593899 ], [ 16.182638168335, 38.940971374511797 ], [ 16.182428359985501, 38.940971374511797 ], [ 16.1823635101318, 38.941005706787102 ], [ 16.1823635101318, 38.941249847412202 ], [ 16.182081222534201, 38.941249847412202 ], [ 16.182081222534201, 38.941806793212898 ], [ 16.181804656982401, 38.941806793212898 ], [ 16.181804656982401, 38.942962646484503 ], [ 16.181804656982401, 38.943195343017599 ], [ 16.1815280914307, 38.943195343017599 ], [ 16.1815280914307, 38.943748474121001 ], [ 16.180971145629901, 38.943748474121001 ], [ 16.180971145629901, 38.944305419922003 ], [ 16.180416107177699, 38.944305419922003 ], [ 16.180416107177699, 38.944583892822401 ], [ 16.180141448974702, 38.944583892822401 ], [ 16.180141448974702, 38.944862365722798 ], [ 16.179859161376999, 38.944862365722798 ], [ 16.179859161376999, 38.945137023925803 ], [ 16.179582595825298, 38.945137023925803 ], [ 16.179582595825298, 38.9454154968262 ], [ 16.178472518921001, 38.9454154968262 ], [ 16.178472518921001, 38.945693969726598 ], [ 16.1781940460206, 38.945693969726598 ], [ 16.1781940460206, 38.945972442627003 ], [ 16.1779174804688, 38.945972442627003 ], [ 16.1779174804688, 38.946250915527301 ], [ 16.177360534668001, 38.946250915527301 ], [ 16.177360534668001, 38.946529388427699 ], [ 16.176805496215799, 38.946529388427699 ], [ 16.176805496215799, 38.946804046630902 ], [ 16.174861907959102, 38.946804046630902 ], [ 16.174861907959102, 38.947360992431697 ], [ 16.175416946411101, 38.947360992431697 ], [ 16.175416946411101, 38.947639465332102 ], [ 16.174861907959102, 38.947639465332102 ], [ 16.174861907959102, 38.947917938232401 ], [ 16.174028396606602, 38.947917938232401 ], [ 16.174028396606602, 38.948192596435703 ], [ 16.1718063354493, 38.948192596435703 ], [ 16.1718063354493, 38.947917938232401 ], [ 16.1692504882812, 38.947917938232401 ], [ 16.1690273284912, 38.947963714599702 ], [ 16.1690273284912, 38.948192596435703 ], [ 16.1679592132569, 38.948192596435703 ], [ 16.166805267333999, 38.948192596435703 ], [ 16.166805267333999, 38.948471069336101 ], [ 16.1666355133056, 38.948471069336101 ], [ 16.166248321533299, 38.948471069336101 ], [ 16.166248321533299, 38.948554992675803 ], [ 16.166248321533299, 38.948749542236399 ], [ 16.165321350097699, 38.948749542236399 ], [ 16.165138244628999, 38.948787689209098 ], [ 16.165138244628999, 38.949028015136797 ], [ 16.164009094238299, 38.949028015136797 ], [ 16.16263961792, 38.949028015136797 ], [ 16.16263961792, 38.948749542236399 ], [ 16.1610412597656, 38.948749542236399 ], [ 16.160417556762798, 38.948749542236399 ], [ 16.160417556762798, 38.948890686035298 ], [ 16.160417556762798, 38.949028015136797 ], [ 16.159807205200199, 38.949066162109503 ], [ 16.1595859527588, 38.9490776062012 ], [ 16.1595859527588, 38.949306488037202 ], [ 16.159305572509801, 38.949306488037202 ], [ 16.159305572509801, 38.949584960937599 ], [ 16.158750534057599, 38.949584960937599 ], [ 16.158750534057599, 38.949859619140597 ], [ 16.158472061157202, 38.949859619140597 ], [ 16.158472061157202, 38.950138092041001 ], [ 16.158195495605401, 38.950138092041001 ], [ 16.158195495605401, 38.950416564941499 ], [ 16.157081604003899, 38.950416564941499 ], [ 16.157081604003899, 38.950695037841903 ], [ 16.156803131103501, 38.950695037841903 ], [ 16.156803131103501, 38.951248168945298 ], [ 16.156528472900501, 38.951248168945298 ], [ 16.156528472900501, 38.951526641845703 ], [ 16.1563625335694, 38.951526641845703 ], [ 16.1562519073487, 38.951526641845703 ], [ 16.1562519073487, 38.951740264892599 ], [ 16.155973434448299, 38.951805114746101 ], [ 16.155973434448299, 38.952083587646499 ], [ 16.1556930541993, 38.952083587646499 ], [ 16.1556930541993, 38.952362060546903 ], [ 16.155416488647599, 38.952362060546903 ], [ 16.155416488647599, 38.952915191650398 ], [ 16.155138015747202, 38.952915191650398 ], [ 16.155138015747202, 38.953193664550803 ], [ 16.1548595428468, 38.953193664550803 ], [ 16.1548595428468, 38.9534721374512 ], [ 16.1543064117432, 38.9534721374512 ], [ 16.1543064117432, 38.953750610351598 ], [ 16.154027938842798, 38.953750610351598 ], [ 16.154027938842798, 38.954582214355597 ], [ 16.153749465942401, 38.954582214355597 ], [ 16.153749465942401, 38.956527709960902 ], [ 16.154027938842798, 38.956569671631001 ], [ 16.154027938842798, 38.957084655761797 ], [ 16.153841018676701, 38.957084655761797 ], [ 16.153749465942401, 38.957084655761797 ], [ 16.153749465942401, 38.957321166992202 ], [ 16.153749465942401, 38.957637786865199 ], [ 16.153629302978601, 38.957637786865199 ], [ 16.1534729003906, 38.957637786865199 ], [ 16.1534729003906, 38.95804977417 ], [ 16.153417587280298, 38.958194732666001 ], [ 16.153194427490199, 38.958194732666001 ], [ 16.153194427490199, 38.958473205566399 ], [ 16.152915954589801, 38.958473205566399 ], [ 16.152915954589801, 38.95902633667 ], [ 16.1526393890381, 38.95902633667 ], [ 16.1526393890381, 38.959583282470803 ], [ 16.152360916137699, 38.959583282470803 ], [ 16.152360916137699, 38.960140228271499 ], [ 16.152082443237301, 38.960140228271499 ], [ 16.152082443237301, 38.961673736572301 ], [ 16.152025222778398, 38.961807250976598 ], [ 16.151805877685501, 38.961807250976598 ], [ 16.151805877685501, 38.962318420410199 ], [ 16.151805877685501, 38.962917327880803 ], [ 16.151527404785199, 38.962966918945398 ], [ 16.151527404785199, 38.963470458984403 ], [ 16.151250839233501, 38.963470458984403 ], [ 16.151250839233501, 38.963615417480497 ], [ 16.1511936187744, 38.963748931884801 ], [ 16.1509723663331, 38.963748931884801 ], [ 16.150953292846701, 38.964305877685497 ], [ 16.150693893432599, 38.964305877685497 ], [ 16.150693893432599, 38.964912414550902 ], [ 16.150693893432599, 38.965137481689503 ], [ 16.150598526000898, 38.965137481689503 ], [ 16.150417327881001, 38.965137481689503 ], [ 16.150417327881001, 38.9655570983888 ], [ 16.1503582000732, 38.965694427490298 ], [ 16.1501388549806, 38.965694427490298 ], [ 16.1501388549806, 38.9662094116212 ], [ 16.1501388549806, 38.967082977295 ], [ 16.149860382080199, 38.967082977295 ], [ 16.149860382080199, 38.967361450195398 ], [ 16.1496391296387, 38.967361450195398 ], [ 16.149305343628001, 38.967361450195398 ], [ 16.149305343628001, 38.967639923095803 ], [ 16.149026870727699, 38.967639923095803 ], [ 16.149026870727699, 38.968193054199197 ], [ 16.148750305175799, 38.968193054199197 ], [ 16.148750305175799, 38.968471527099602 ], [ 16.148471832275401, 38.968471527099602 ], [ 16.148471832275401, 38.969581604003999 ], [ 16.148195266723601, 38.969581604003999 ], [ 16.148195266723601, 38.969860076904403 ], [ 16.147638320922901, 38.969860076904403 ], [ 16.147638320922901, 38.970417022705099 ], [ 16.147361755371101, 38.970417022705099 ], [ 16.147361755371101, 38.970973968505902 ], [ 16.1470832824707, 38.970973968505902 ], [ 16.1470832824707, 38.971805572509801 ], [ 16.146806716918899, 38.971805572509801 ], [ 16.146806716918899, 38.972526550293097 ], [ 16.146806716918899, 38.9726371765138 ], [ 16.146734237670898, 38.9726371765138 ], [ 16.146528244018601, 38.9726371765138 ], [ 16.146528244018601, 38.972915649414198 ], [ 16.1462497711182, 38.972915649414198 ], [ 16.1462497711182, 38.973194122314602 ], [ 16.145971298217798, 38.973194122314602 ], [ 16.145971298217798, 38.973804473877003 ], [ 16.145971298217798, 38.974029541015703 ], [ 16.1458244323731, 38.974029541015703 ], [ 16.145694732666001, 38.974029541015703 ], [ 16.145694732666001, 38.974231719970703 ], [ 16.145645141601602, 38.9743041992188 ], [ 16.144861221313601, 38.9743041992188 ], [ 16.144861221313601, 38.974582672119098 ], [ 16.1445846557618, 38.974582672119098 ], [ 16.1445846557618, 38.974861145019503 ], [ 16.144027709961101, 38.974861145019503 ], [ 16.144027709961101, 38.975139617919901 ], [ 16.1437492370607, 38.975139617919901 ], [ 16.1437187194825, 38.975311279296903 ], [ 16.143695831298899, 38.975418090820298 ], [ 16.143474578857401, 38.975418090820298 ], [ 16.143474578857401, 38.975692749023501 ], [ 16.143192291259901, 38.975692749023501 ], [ 16.143192291259901, 38.975971221923899 ], [ 16.142917633056701, 38.975971221923899 ], [ 16.1429157257081, 38.976528167724602 ], [ 16.1426391601563, 38.976528167724602 ], [ 16.1426391601563, 38.977413177490199 ], [ 16.1426391601563, 38.978473663330099 ], [ 16.142362594604499, 38.978473663330099 ], [ 16.142362594604499, 38.978748321533097 ], [ 16.142082214355501, 38.978748321533097 ], [ 16.142082214355501, 38.9790267944337 ], [ 16.1418056488037, 38.9790267944337 ], [ 16.1418056488037, 38.979305267334098 ], [ 16.141637802124102, 38.979305267334098 ], [ 16.141527175903398, 38.979305267334098 ], [ 16.141527175903398, 38.979507446289098 ], [ 16.141527175903398, 38.979583740234503 ], [ 16.141252517700099, 38.979583740234503 ], [ 16.141252517700099, 38.980030059814602 ], [ 16.141252517700099, 38.9806938171387 ], [ 16.140970230102599, 38.9806938171387 ], [ 16.140970230102599, 38.981803894042997 ], [ 16.140693664550799, 38.981803894042997 ], [ 16.140693664550799, 38.982082366943402 ], [ 16.140417098998999, 38.982082366943402 ], [ 16.140417098998999, 38.9823608398438 ], [ 16.140138626098601, 38.9823608398438 ], [ 16.140138626098601, 38.984027862548899 ], [ 16.1398601531982, 38.984027862548899 ], [ 16.1398601531982, 38.984584808349702 ], [ 16.139583587646399, 38.984584808349702 ], [ 16.139583587646399, 38.985137939453097 ], [ 16.139305114746001, 38.985137939453097 ], [ 16.139305114746001, 38.985694885253999 ], [ 16.1390285491944, 38.985694885253999 ], [ 16.1390285491944, 38.985973358154403 ], [ 16.138748168945298, 38.985973358154403 ], [ 16.138748168945298, 38.986251831054801 ], [ 16.1384716033937, 38.986251831054801 ], [ 16.1384716033937, 38.986804962158203 ], [ 16.1381950378419, 38.986804962158203 ], [ 16.1381950378419, 38.987640380859403 ], [ 16.137916564941499, 38.987640380859403 ], [ 16.137916564941499, 38.988471984863303 ], [ 16.137638092041101, 38.988471984863303 ], [ 16.137638092041101, 38.9887504577637 ], [ 16.136806488037202, 38.9887504577637 ], [ 16.136806488037202, 38.989028930664098 ], [ 16.1365261077881, 38.989028930664098 ], [ 16.1365261077881, 38.989860534668097 ], [ 16.136249542236399, 38.989860534668097 ], [ 16.136249542236399, 38.990139007568501 ], [ 16.135890960693398, 38.990139007568501 ], [ 16.135694503784201, 38.990139007568501 ], [ 16.135694503784201, 38.9904174804688 ], [ 16.135417938232401, 38.9904174804688 ], [ 16.135417938232401, 38.990970611572301 ], [ 16.135139465331999, 38.990970611572301 ], [ 16.135139465331999, 38.9915580749512 ], [ 16.135139465331999, 38.991806030273601 ], [ 16.135007858276499, 38.991806030273601 ], [ 16.134860992431602, 38.991806030273601 ], [ 16.134860992431602, 38.992084503173899 ], [ 16.1345825195312, 38.992084503173899 ], [ 16.1345825195312, 38.992362976074297 ], [ 16.1343078613282, 38.992362976074297 ], [ 16.1343078613282, 38.992916107177699 ], [ 16.134027481079102, 38.992916107177699 ], [ 16.134027481079102, 38.993473052978501 ], [ 16.1337509155275, 38.993473052978501 ], [ 16.1337509155275, 38.994026184082102 ], [ 16.133472442627099, 38.994026184082102 ], [ 16.133472442627099, 38.9943046569825 ], [ 16.133195877075298, 38.9943046569825 ], [ 16.133195877075298, 38.994583129882898 ], [ 16.132917404174901, 38.994583129882898 ], [ 16.132917404174901, 38.9957504272462 ], [ 16.132917404174901, 38.995971679687599 ], [ 16.132797241211101, 38.995971679687599 ], [ 16.132638931274499, 38.995971679687599 ], [ 16.132638931274499, 38.996273040771598 ], [ 16.132638931274499, 38.997081756591797 ], [ 16.132360458374102, 38.997081756591797 ], [ 16.132360458374102, 38.997360229492202 ], [ 16.132085800171001, 38.997360229492202 ], [ 16.132085800171001, 38.9976387023925 ], [ 16.131916046142699, 38.9976387023925 ], [ 16.1318054199219, 38.9976387023925 ], [ 16.1317882537843, 38.997848510742202 ], [ 16.131526947021602, 38.997917175292898 ], [ 16.131526947021602, 38.998195648193501 ], [ 16.131250381469801, 38.998195648193501 ], [ 16.131250381469801, 38.998474121093899 ], [ 16.130695343017599, 38.998474121093899 ], [ 16.130695343017599, 38.998748779296903 ], [ 16.130416870117202, 38.998748779296903 ], [ 16.130416870117202, 38.999584197997997 ], [ 16.1301383972169, 38.999584197997997 ], [ 16.1301383972169, 39.000137329101598 ], [ 16.1301383972169, 39.000694274902401 ], [ 16.129863739013601, 39.000694274902401 ], [ 16.129863739013601, 39.000972747802798 ], [ 16.1293048858643, 39.000972747802798 ], [ 16.1293048858643, 39.001251220703203 ], [ 16.128751754760899, 39.001251220703203 ], [ 16.128751754760899, 39.001525878906399 ], [ 16.128471374511701, 39.001529693603601 ], [ 16.128471374511701, 39.001804351806797 ], [ 16.128194808959901, 39.001804351806797 ], [ 16.128194808959901, 39.002082824707102 ], [ 16.127916336059499, 39.002082824707102 ], [ 16.127916336059499, 39.0023612976075 ], [ 16.127641677856499, 39.0023612976075 ], [ 16.127641677856499, 39.002639770507898 ], [ 16.1273593902588, 39.002639770507898 ], [ 16.1273593902588, 39.0031929016113 ], [ 16.127082824707099, 39.0031929016113 ], [ 16.127082824707099, 39.003471374511697 ], [ 16.126806259155401, 39.003471374511697 ], [ 16.126806259155401, 39.003749847412102 ], [ 16.126527786255, 39.003749847412102 ], [ 16.126527786255, 39.004028320312401 ], [ 16.126249313354599, 39.004028320312401 ], [ 16.126249313354599, 39.004306793212798 ], [ 16.125972747802798, 39.004306793212798 ], [ 16.125972747802798, 39.004581451416101 ], [ 16.125415802001999, 39.004585266113402 ], [ 16.125415802001999, 39.004859924316499 ], [ 16.125324249267599, 39.004859924316499 ], [ 16.125137329101701, 39.004917144775398 ], [ 16.1251239776612, 39.005161285400398 ], [ 16.124860763549901, 39.005138397216797 ], [ 16.124860763549901, 39.005416870117202 ], [ 16.124584197998001, 39.005416870117202 ], [ 16.124584197998001, 39.005695343017599 ], [ 16.124305725097699, 39.005695343017599 ], [ 16.124305725097699, 39.005973815917997 ], [ 16.124027252197301, 39.005973815917997 ], [ 16.124027252197301, 39.0062484741212 ], [ 16.123750686645501, 39.0062484741212 ], [ 16.1237182617188, 39.006526947021499 ], [ 16.123472213745099, 39.006526947021499 ], [ 16.123472213745099, 39.006645202636797 ], [ 16.123472213745099, 39.006805419921903 ], [ 16.123193740844702, 39.006805419921903 ], [ 16.123193740844702, 39.007083892822301 ], [ 16.122917175293001, 39.007083892822301 ], [ 16.122917175293001, 39.007362365722699 ], [ 16.122360229492202, 39.007362365722699 ], [ 16.122360229492202, 39.007637023925902 ], [ 16.122083663940401, 39.007637023925902 ], [ 16.122083663940401, 39.0079154968263 ], [ 16.121528625488398, 39.0079154968263 ], [ 16.121528625488398, 39.008193969726698 ], [ 16.120971679687599, 39.008193969726698 ], [ 16.120971679687599, 39.008472442627102 ], [ 16.120416641235501, 39.008472442627102 ], [ 16.120416641235501, 39.0087509155275 ], [ 16.120138168335099, 39.0087509155275 ], [ 16.120138168335099, 39.009029388427798 ], [ 16.119583129882901, 39.009029388427798 ], [ 16.119583129882901, 39.009304046630902 ], [ 16.1193046569825, 39.009304046630902 ], [ 16.1193046569825, 39.0095825195312 ], [ 16.1190280914307, 39.0095825195312 ], [ 16.1190280914307, 39.009860992431598 ], [ 16.118749618530298, 39.009860992431598 ], [ 16.118749618530298, 39.010139465332003 ], [ 16.118473052978501, 39.010139465332003 ], [ 16.118473052978501, 39.010417938232401 ], [ 16.1181945800781, 39.010417938232401 ], [ 16.1181945800781, 39.010692596435597 ], [ 16.117916107177699, 39.010692596435597 ], [ 16.117916107177699, 39.010971069336001 ], [ 16.117639541626001, 39.010971069336001 ], [ 16.117639541626001, 39.011249542236399 ], [ 16.1170845031738, 39.011249542236399 ], [ 16.1170845031738, 39.011528015136697 ], [ 16.116806030273398, 39.011528015136697 ], [ 16.116806030273398, 39.011806488037102 ], [ 16.116527557373001, 39.011806488037102 ], [ 16.116527557373001, 39.0120849609375 ], [ 16.116249084472699, 39.0120849609375 ], [ 16.116249084472699, 39.012359619140703 ], [ 16.115970611572301, 39.012359619140703 ], [ 16.115970611572301, 39.012638092041101 ], [ 16.1156921386719, 39.012638092041101 ], [ 16.1156921386719, 39.012916564941499 ], [ 16.115417480468899, 39.012916564941499 ], [ 16.115417480468899, 39.013195037841903 ], [ 16.115140914916999, 39.013195037841903 ], [ 16.115140914916999, 39.013473510742202 ], [ 16.114582061767699, 39.013473510742202 ], [ 16.114582061767699, 39.013748168945298 ], [ 16.114027023315501, 39.013748168945298 ], [ 16.114027023315501, 39.014026641845803 ], [ 16.113752365112301, 39.014026641845803 ], [ 16.113752365112301, 39.0143051147462 ], [ 16.113470077514801, 39.0143051147462 ], [ 16.113470077514801, 39.014583587646598 ], [ 16.1129169464112, 39.014583587646598 ], [ 16.1129169464112, 39.014862060547003 ], [ 16.112638473510799, 39.014862060547003 ], [ 16.112638473510799, 39.015140533447401 ], [ 16.112361907958999, 39.015140533447401 ], [ 16.112361907958999, 39.015415191650398 ], [ 16.112083435058601, 39.015415191650398 ], [ 16.112083435058601, 39.0159721374512 ], [ 16.1118049621582, 39.0159721374512 ], [ 16.1118049621582, 39.016250610351598 ], [ 16.1112976074219, 39.016250610351598 ], [ 16.111249923706101, 39.016307830810703 ], [ 16.111249923706101, 39.016803741455099 ], [ 16.1109714508057, 39.016803741455099 ], [ 16.1109714508057, 39.017082214355497 ], [ 16.1106948852538, 39.017082214355497 ], [ 16.1106948852538, 39.017360687255902 ], [ 16.110416412353501, 39.017360687255902 ], [ 16.110416412353501, 39.0176391601563 ], [ 16.110101699829201, 39.0176391601563 ], [ 16.109861373901499, 39.0176391601563 ], [ 16.109861373901499, 39.017917633056598 ], [ 16.109582901001101, 39.017917633056598 ], [ 16.109582901001101, 39.018196105957003 ], [ 16.1093063354493, 39.018196105957003 ], [ 16.1093063354493, 39.018470764160298 ], [ 16.109027862548899, 39.018470764160298 ], [ 16.109027862548899, 39.018882751465 ], [ 16.109027862548899, 39.019027709961001 ], [ 16.108903884887699, 39.019027709961001 ], [ 16.108749389648601, 39.019027709961001 ], [ 16.108749389648601, 39.019207000732401 ], [ 16.108749389648601, 39.019306182861399 ], [ 16.10866355896, 39.019306182861399 ], [ 16.108472824096701, 39.019306182861399 ], [ 16.108472824096701, 39.019527435302798 ], [ 16.108421325683601, 39.019584655761797 ], [ 16.1081943511963, 39.019584655761797 ], [ 16.1081943511963, 39.019847869873097 ], [ 16.1081943511963, 39.020137786865199 ], [ 16.107917785644599, 39.020172119140703 ], [ 16.107917785644599, 39.020416259765703 ], [ 16.107639312744201, 39.020416259765703 ], [ 16.107639312744201, 39.020492553710902 ], [ 16.107639312744201, 39.020694732666101 ], [ 16.107465744018601, 39.020694732666101 ], [ 16.1073608398438, 39.020694732666101 ], [ 16.1073608398438, 39.020816802978601 ], [ 16.1073608398438, 39.020973205566499 ], [ 16.107225418090898, 39.020973205566499 ], [ 16.107084274291999, 39.020973205566499 ], [ 16.107084274291999, 39.0211372375488 ], [ 16.107084274291999, 39.021251678466903 ], [ 16.1069850921632, 39.021251678466903 ], [ 16.106805801391602, 39.021251678466903 ], [ 16.106805801391602, 39.021461486816499 ], [ 16.106746673584102, 39.021526336669901 ], [ 16.1065273284913, 39.021526336669901 ], [ 16.1065063476562, 39.021804809570298 ], [ 16.106250762939499, 39.021804809570298 ], [ 16.106250762939499, 39.022083282470703 ], [ 16.105972290039102, 39.022083282470703 ], [ 16.105972290039102, 39.022426605224602 ], [ 16.105972290039102, 39.022640228271499 ], [ 16.105787277221701, 39.022640228271499 ], [ 16.105695724487202, 39.022640228271499 ], [ 16.105695724487202, 39.022747039795 ], [ 16.105695724487202, 39.023193359375099 ], [ 16.1054172515869, 39.023193359375099 ], [ 16.1054172515869, 39.023471832275398 ], [ 16.105138778686499, 39.023471832275398 ], [ 16.105138778686499, 39.0240287780762 ], [ 16.104860305786101, 39.0240287780762 ], [ 16.104860305786101, 39.024581909179801 ], [ 16.104305267333899, 39.024581909179801 ], [ 16.104305267333899, 39.024860382080199 ], [ 16.104028701782301, 39.024860382080199 ], [ 16.104028701782301, 39.025138854980597 ], [ 16.103630065917901, 39.025138854980597 ], [ 16.103473663330099, 39.025138854980597 ], [ 16.103473663330099, 39.025325775146499 ], [ 16.103473663330099, 39.025417327880902 ], [ 16.1033916473388, 39.025417327880902 ], [ 16.102638244628999, 39.025417327880902 ], [ 16.102638244628999, 39.0256958007813 ], [ 16.102363586425799, 39.0256958007813 ], [ 16.102363586425799, 39.025970458984403 ], [ 16.1020812988282, 39.025970458984403 ], [ 16.1020812988282, 39.026527404785099 ], [ 16.101804733276399, 39.026527404785099 ], [ 16.101804733276399, 39.026805877685703 ], [ 16.101528167724702, 39.026805877685703 ], [ 16.101528167724702, 39.027362823486399 ], [ 16.1012496948243, 39.027362823486399 ], [ 16.1012496948243, 39.027915954589801 ], [ 16.100971221923899, 39.027915954589801 ], [ 16.100971221923899, 39.028472900390597 ], [ 16.100694656372099, 39.028472900390597 ], [ 16.100694656372099, 39.029026031494197 ], [ 16.100416183471701, 39.029026031494197 ], [ 16.100416183471701, 39.029861450195398 ], [ 16.1001415252687, 39.029861450195398 ], [ 16.1001415252687, 39.0304183959962 ], [ 16.099859237671001, 39.0304183959962 ], [ 16.099859237671001, 39.030693054199297 ], [ 16.099582672119102, 39.030693054199297 ], [ 16.099582672119102, 39.030971527099702 ], [ 16.099306106567301, 39.030971527099702 ], [ 16.099306106567301, 39.032360076904297 ], [ 16.099027633666999, 39.032360076904297 ], [ 16.099027633666999, 39.032917022705 ], [ 16.098749160766602, 39.032917022705 ], [ 16.098749160766602, 39.034671783447301 ], [ 16.098749160766602, 39.036529541015703 ], [ 16.098472595215, 39.036529541015703 ], [ 16.098472595215, 39.037082672119297 ], [ 16.0981941223144, 39.037082672119297 ], [ 16.0981941223144, 39.038192749023402 ], [ 16.097917556762798, 39.038192749023402 ], [ 16.097917556762798, 39.038749694824197 ], [ 16.097637176513601, 39.038749694824197 ], [ 16.097637176513601, 39.039585113525497 ], [ 16.097360610961999, 39.039585113525497 ], [ 16.097360610961999, 39.040416717529297 ], [ 16.097084045410199, 39.040416717529297 ], [ 16.097084045410199, 39.040973663330099 ], [ 16.096805572509801, 39.040973663330099 ], [ 16.096805572509801, 39.0415267944337 ], [ 16.096527099609499, 39.0415267944337 ], [ 16.096527099609499, 39.042362213134801 ], [ 16.096250534057699, 39.042362213134801 ], [ 16.096250534057699, 39.0431938171388 ], [ 16.095972061157301, 39.0431938171388 ], [ 16.095972061157301, 39.04402923584 ], [ 16.0956935882569, 39.04402923584 ], [ 16.0956935882569, 39.045139312744098 ], [ 16.095415115356499, 39.045139312744098 ], [ 16.095415115356499, 39.045696258544901 ], [ 16.095138549804702, 39.045696258544901 ], [ 16.095138549804702, 39.046249389648501 ], [ 16.095138549804702, 39.0486869812012 ], [ 16.095138549804702, 39.049026489257898 ], [ 16.094861984252901, 39.049026489257898 ], [ 16.094861984252901, 39.049304962158303 ], [ 16.095138549804702, 39.049304962158303 ], [ 16.095138549804702, 39.049800872802798 ], [ 16.095138549804702, 39.050140380859503 ], [ 16.094861984252901, 39.050140380859503 ], [ 16.094861984252901, 39.051807403564403 ], [ 16.0945835113525, 39.051807403564403 ], [ 16.0945835113525, 39.052639007568402 ], [ 16.094306945800799, 39.052639007568402 ], [ 16.094306945800799, 39.0529174804688 ], [ 16.094179153442401, 39.0529174804688 ], [ 16.094028472900401, 39.0529174804688 ], [ 16.094028472900401, 39.053485870361399 ], [ 16.094028472900401, 39.054027557373097 ], [ 16.0938835144043, 39.054027557373097 ], [ 16.09375, 39.054027557373097 ], [ 16.09375, 39.054531097412102 ], [ 16.09375, 39.055694580078203 ], [ 16.093471527099599, 39.055694580078203 ], [ 16.093471527099599, 39.056804656982401 ], [ 16.093345642089801, 39.056804656982401 ], [ 16.093196868896602, 39.056804656982401 ], [ 16.093196868896602, 39.057361602783203 ], [ 16.09299659729, 39.057361602783203 ], [ 16.092916488647401, 39.057361602783203 ], [ 16.092916488647401, 39.057666778564602 ], [ 16.092916488647401, 39.058471679687599 ], [ 16.092638015747099, 39.058471679687599 ], [ 16.092638015747099, 39.058708190918097 ], [ 16.092638015747099, 39.059028625488303 ], [ 16.0925521850587, 39.059028625488303 ], [ 16.092361450195401, 39.059028625488303 ], [ 16.092361450195401, 39.059745788574197 ], [ 16.092332839965898, 39.059860229492301 ], [ 16.092084884643601, 39.059860229492301 ], [ 16.092084884643601, 39.060695648193402 ], [ 16.091806411743299, 39.060695648193402 ], [ 16.091806411743299, 39.0609741210938 ], [ 16.091527938842901, 39.0609741210938 ], [ 16.091527938842901, 39.062084197998203 ], [ 16.0912494659425, 39.062084197998203 ], [ 16.0912494659425, 39.063194274902301 ], [ 16.0909748077393, 39.063194274902301 ], [ 16.0909748077393, 39.0648422241212 ], [ 16.0909748077393, 39.0661849975587 ], [ 16.0909748077393, 39.066528320312599 ], [ 16.090854644775401, 39.066528320312599 ], [ 16.090694427490298, 39.066528320312599 ], [ 16.090694427490298, 39.066986083984403 ], [ 16.090694427490298, 39.067359924316399 ], [ 16.0905647277831, 39.067359924316399 ], [ 16.0904140472413, 39.067359924316399 ], [ 16.0903816223144, 39.067783355712997 ], [ 16.090370178222699, 39.067916870117102 ], [ 16.0901393890381, 39.067916870117102 ], [ 16.0901393890381, 39.068195343017699 ], [ 16.0900478363037, 39.068195343017699 ], [ 16.0898628234863, 39.068195343017699 ], [ 16.0898628234863, 39.068473815918097 ], [ 16.0895805358888, 39.068473815918097 ], [ 16.0895805358888, 39.069026947021499 ], [ 16.089305877685501, 39.069026947021499 ], [ 16.089305877685501, 39.069305419921903 ], [ 16.089027404785199, 39.069305419921903 ], [ 16.089027404785199, 39.069583892822301 ], [ 16.088752746581999, 39.069583892822301 ], [ 16.088752746581999, 39.070137023925803 ], [ 16.0884704589844, 39.070137023925803 ], [ 16.0884704589844, 39.070693969726598 ], [ 16.088193893432599, 39.070693969726598 ], [ 16.088193893432599, 39.072082519531399 ], [ 16.087917327880898, 39.072082519531399 ], [ 16.087917327880898, 39.0729179382325 ], [ 16.087640762329201, 39.0729179382325 ], [ 16.087640762329201, 39.074886322021399 ], [ 16.087640762329201, 39.075695037841797 ], [ 16.087360382080099, 39.075695037841797 ], [ 16.087360382080099, 39.076526641845803 ], [ 16.087083816528299, 39.076526641845803 ], [ 16.087083816528299, 39.077083587646499 ], [ 16.086805343627901, 39.077083587646499 ], [ 16.086805343627901, 39.077209472656399 ], [ 16.0867729187012, 39.077640533447301 ], [ 16.0865268707275, 39.077640533447301 ], [ 16.0865268707275, 39.0784721374513 ], [ 16.086248397827099, 39.0784721374513 ], [ 16.086248397827099, 39.079303741455099 ], [ 16.085971832275501, 39.079303741455099 ], [ 16.085971832275501, 39.080558776855497 ], [ 16.085971832275501, 39.08402633667 ], [ 16.0856952667237, 39.08402633667 ], [ 16.0856952667237, 39.085140228271598 ], [ 16.085416793823399, 39.085140228271598 ], [ 16.085416793823399, 39.0865287780762 ], [ 16.085138320923001, 39.0865287780762 ], [ 16.085138320923001, 39.088470458984503 ], [ 16.0848617553712, 39.088470458984503 ], [ 16.0848617553712, 39.089305877685597 ], [ 16.084583282470799, 39.089305877685597 ], [ 16.084583282470799, 39.089862823486399 ], [ 16.084304809570401, 39.089862823486399 ], [ 16.084304809570401, 39.091526031494098 ], [ 16.084028244018601, 39.091526031494098 ], [ 16.084028244018601, 39.093471527099702 ], [ 16.0837497711182, 39.093471527099702 ], [ 16.0837497711182, 39.09375 ], [ 16.083471298217798, 39.09375 ], [ 16.083471298217798, 39.094306945800803 ], [ 16.083194732666001, 39.094306945800803 ], [ 16.083194732666001, 39.094581604003999 ], [ 16.081527709960898, 39.094581604003999 ], [ 16.081527709960898, 39.094860076904403 ], [ 16.081249237060501, 39.094860076904403 ], [ 16.081249237060501, 39.095138549804801 ], [ 16.080972671508899, 39.095138549804801 ], [ 16.080972671508899, 39.095417022705099 ], [ 16.080802917480501, 39.095417022705099 ], [ 16.080694198608299, 39.095417022705099 ], [ 16.080694198608299, 39.0957221984863 ], [ 16.080694198608299, 39.095973968505902 ], [ 16.0804176330568, 39.095973968505902 ], [ 16.080415725708001, 39.096519470215 ], [ 16.080415725708001, 39.096805572509901 ], [ 16.080139160156399, 39.096805572509901 ], [ 16.080139160156399, 39.097316741943402 ], [ 16.080139160156399, 39.099029541015597 ], [ 16.079860687256001, 39.099029541015597 ], [ 16.079860687256001, 39.101249694824297 ], [ 16.079584121704201, 39.101249694824297 ], [ 16.079584121704201, 39.101806640625099 ], [ 16.0793056488038, 39.101806640625099 ], [ 16.0793056488038, 39.1026382446288 ], [ 16.079027175903398, 39.1026382446288 ], [ 16.079027175903398, 39.103195190429801 ], [ 16.078750610351602, 39.103195190429801 ], [ 16.078750610351602, 39.103748321533203 ], [ 16.0784721374512, 39.103748321533203 ], [ 16.0784721374512, 39.104305267333999 ], [ 16.0781955718994, 39.104305267333999 ], [ 16.0781955718994, 39.104862213134801 ], [ 16.077917098999102, 39.104862213134801 ], [ 16.077917098999102, 39.105415344238303 ], [ 16.0776386260987, 39.105415344238303 ], [ 16.0776386260987, 39.110137939453097 ], [ 16.0773620605469, 39.110137939453097 ], [ 16.0773620605469, 39.110694885253899 ], [ 16.077083587646499, 39.110694885253899 ], [ 16.077083587646499, 39.111526489257898 ], [ 16.0768032073975, 39.111526489257898 ], [ 16.0768032073975, 39.112083435058601 ], [ 16.0765285491943, 39.112083435058601 ], [ 16.0765285491943, 39.112361907958999 ], [ 16.076250076293899, 39.112361907958999 ], [ 16.076250076293899, 39.112915039062599 ], [ 16.075973510742099, 39.112915039062599 ], [ 16.075973510742099, 39.1137504577638 ], [ 16.075695037841701, 39.1137504577638 ], [ 16.075695037841701, 39.114307403564602 ], [ 16.0754165649413, 39.114307403564602 ], [ 16.0754165649413, 39.114582061767599 ], [ 16.075138092041001, 39.114582061767599 ], [ 16.075138092041001, 39.115139007568402 ], [ 16.0748596191406, 39.115139007568402 ], [ 16.0748596191406, 39.1154174804687 ], [ 16.074581146240199, 39.1154174804687 ], [ 16.074581146240199, 39.115970611572301 ], [ 16.074306488037202, 39.115970611572301 ], [ 16.074306488037202, 39.1170845031738 ], [ 16.074029922485401, 39.1170845031738 ], [ 16.074029922485401, 39.118473052978601 ], [ 16.073749542236399, 39.118473052978601 ], [ 16.073749542236399, 39.1193046569825 ], [ 16.073471069336001, 39.1193046569825 ], [ 16.073471069336001, 39.1201400756837 ], [ 16.073194503784201, 39.1201400756837 ], [ 16.073194503784201, 39.121528625488303 ], [ 16.0729160308838, 39.121528625488303 ], [ 16.0729160308838, 39.122360229492202 ], [ 16.0726413726807, 39.122360229492202 ], [ 16.0726413726807, 39.123195648193402 ], [ 16.0723590850831, 39.123195648193402 ], [ 16.0723590850831, 39.1234741210938 ], [ 16.071805953979499, 39.1234741210938 ], [ 16.071805953979499, 39.123748779297003 ], [ 16.071527481079201, 39.123748779297003 ], [ 16.071527481079201, 39.124027252197301 ], [ 16.071250915527301, 39.124027252197301 ], [ 16.071250915527301, 39.124305725097699 ], [ 16.070972442626999, 39.124305725097699 ], [ 16.070972442626999, 39.124862670898501 ], [ 16.070693969726602, 39.124862670898501 ], [ 16.070693969726602, 39.125415802002102 ], [ 16.070417404174801, 39.125415802002102 ], [ 16.070417404174801, 39.125972747802798 ], [ 16.0701389312744, 39.125972747802798 ], [ 16.0700702667237, 39.126251220703203 ], [ 16.069860458373999, 39.126251220703203 ], [ 16.069860458373999, 39.126853942871001 ], [ 16.069860458373999, 39.127082824707003 ], [ 16.069583892822202, 39.127082824707003 ], [ 16.069585800171001, 39.127639770507798 ], [ 16.0693054199218, 39.127639770507798 ], [ 16.069297790527301, 39.128471374511797 ], [ 16.069028854370199, 39.128471374511797 ], [ 16.069028854370199, 39.1290283203125 ], [ 16.068750381469801, 39.1290283203125 ], [ 16.068750381469801, 39.129581451416101 ], [ 16.0684719085694, 39.129585266113303 ], [ 16.0684719085694, 39.130416870117202 ], [ 16.068195343017599, 39.130416870117202 ], [ 16.068195343017599, 39.130695343017599 ], [ 16.067916870117301, 39.130695343017599 ], [ 16.067916870117301, 39.131248474121001 ], [ 16.0676383972169, 39.131248474121001 ], [ 16.0676383972169, 39.1332397460938 ], [ 16.0676383972169, 39.133472442626903 ], [ 16.067361831665099, 39.133472442626903 ], [ 16.067361831665099, 39.133750915527301 ], [ 16.067083358764702, 39.133750915527301 ], [ 16.067083358764702, 39.134834289550902 ], [ 16.067083358764702, 39.135692596435703 ], [ 16.066806793212901, 39.135692596435703 ], [ 16.066806793212901, 39.135971069336101 ], [ 16.066686630249102, 39.135971069336101 ], [ 16.066528320312599, 39.135971069336101 ], [ 16.066528320312599, 39.136428833007798 ], [ 16.066528320312599, 39.139583587646499 ], [ 16.066249847412202, 39.139583587646499 ], [ 16.066249847412202, 39.141250610351598 ], [ 16.0659713745118, 39.141250610351598 ], [ 16.0659713745118, 39.141529083252003 ], [ 16.06569480896, 39.141529083252003 ], [ 16.06569480896, 39.144859313964901 ], [ 16.065416336059599, 39.144859313964901 ], [ 16.065416336059599, 39.153255462646598 ], [ 16.065416336059599, 39.154304504394602 ], [ 16.065139770507798, 39.154304504394602 ], [ 16.065139770507798, 39.1554183959962 ], [ 16.064861297607401, 39.1554183959962 ], [ 16.064861297607401, 39.15625 ], [ 16.0645847320556, 39.15625 ], [ 16.0645847320556, 39.156806945800703 ], [ 16.064306259155199, 39.156806945800703 ], [ 16.064306259155199, 39.157360076904403 ], [ 16.064027786254901, 39.157360076904403 ], [ 16.064027786254901, 39.158473968505902 ], [ 16.063749313354499, 39.158473968505902 ], [ 16.063749313354499, 39.159305572509801 ], [ 16.063474655151399, 39.159305572509801 ], [ 16.063474655151399, 39.159748077392699 ], [ 16.063474655151399, 39.168472290039098 ], [ 16.063749313354499, 39.168472290039098 ], [ 16.063749313354499, 39.172916412353501 ], [ 16.063474655151399, 39.172916412353501 ], [ 16.063474655151399, 39.178195953369197 ], [ 16.063749313354499, 39.178195953369197 ], [ 16.063749313354499, 39.179306030273402 ], [ 16.0636692047119, 39.179306030273402 ], [ 16.063474655151399, 39.179306030273402 ], [ 16.063474655151399, 39.1818046569825 ], [ 16.0631923675537, 39.1818046569825 ], [ 16.0631923675537, 39.185001373291001 ], [ 16.0631923675537, 39.188751220703203 ], [ 16.0629158020019, 39.188751220703203 ], [ 16.0629158020019, 39.190139770507898 ], [ 16.062639236450298, 39.190139770507898 ], [ 16.062639236450298, 39.195693969726698 ], [ 16.062362670898501, 39.195693969726698 ], [ 16.062362670898501, 39.1970825195312 ], [ 16.0620841979981, 39.1970825195312 ], [ 16.0620841979981, 39.197639465332003 ], [ 16.061805725097699, 39.197639465332003 ], [ 16.061805725097699, 39.198192596435597 ], [ 16.061527252197401, 39.198192596435597 ], [ 16.061527252197401, 39.198471069336001 ], [ 16.061252593994102, 39.198471069336001 ], [ 16.061252593994102, 39.199306488037102 ], [ 16.060970306396602, 39.199306488037102 ], [ 16.060970306396602, 39.199859619140703 ], [ 16.060693740844801, 39.199859619140703 ], [ 16.0606918334962, 39.200416564941499 ], [ 16.060417175293001, 39.200416564941499 ], [ 16.060417175293001, 39.200973510742202 ], [ 16.060138702392599, 39.200973510742202 ], [ 16.060138702392599, 39.208488464355398 ], [ 16.060138702392599, 39.2115287780762 ], [ 16.060417175293001, 39.2115287780762 ], [ 16.060417175293001, 39.2131958007813 ], [ 16.060138702392599, 39.2131958007813 ], [ 16.060138702392599, 39.214862823486399 ], [ 16.0599670410156, 39.214862823486399 ], [ 16.0598583221437, 39.214862823486399 ], [ 16.0598583221437, 39.215415954589801 ], [ 16.059583663940401, 39.215415954589801 ], [ 16.059583663940401, 39.216602325439403 ], [ 16.059583663940401, 39.2218627929687 ], [ 16.059583663940401, 39.222091674804702 ], [ 16.059539794921999, 39.222915649414098 ], [ 16.05930519104, 39.222915649414098 ], [ 16.05930519104, 39.223194122314503 ], [ 16.0591335296632, 39.223194122314503 ], [ 16.059030532836999, 39.223194122314503 ], [ 16.059030532836999, 39.224716186523402 ], [ 16.059030532836999, 39.232082366943402 ], [ 16.0587482452393, 39.232082366943402 ], [ 16.0587482452393, 39.233470916748097 ], [ 16.0584716796875, 39.233470916748097 ], [ 16.0584716796875, 39.2370834350587 ], [ 16.0581951141357, 39.2370834350587 ], [ 16.0581951141357, 39.2404174804688 ], [ 16.057916641235298, 39.2404174804688 ], [ 16.057916641235298, 39.240970611572401 ], [ 16.057916641235298, 39.246250152587898 ], [ 16.057638168335, 39.246250152587898 ], [ 16.057638168335, 39.2468070983887 ], [ 16.057518005371101, 39.2468070983887 ], [ 16.057361602783299, 39.2468070983887 ], [ 16.057361602783299, 39.247081756591903 ], [ 16.057083129882901, 39.247081756591903 ], [ 16.057083129882901, 39.248195648193402 ], [ 16.057361602783299, 39.248195648193402 ], [ 16.057361602783299, 39.248748779296903 ], [ 16.057638168335, 39.248748779296903 ], [ 16.057638168335, 39.249305725097599 ], [ 16.0577716827393, 39.249305725097599 ], [ 16.057916641235298, 39.249305725097599 ], [ 16.057916641235298, 39.253192901611399 ], [ 16.057638168335, 39.253192901611399 ], [ 16.057638168335, 39.256805419921903 ], [ 16.057361602783299, 39.256805419921903 ], [ 16.057361602783299, 39.257637023925803 ], [ 16.057083129882901, 39.257637023925803 ], [ 16.057083129882901, 39.257713317871101 ], [ 16.057020187378001, 39.258472442627003 ], [ 16.056804656982401, 39.258472442627003 ], [ 16.056804656982401, 39.26078414917 ], [ 16.056804656982401, 39.271526336669901 ], [ 16.056526184081999, 39.271526336669901 ], [ 16.056526184081999, 39.271804809570398 ], [ 16.056249618530401, 39.271804809570398 ], [ 16.056249618530401, 39.273193359375 ], [ 16.055973052978601, 39.273193359375 ], [ 16.055973052978601, 39.273750305175803 ], [ 16.056249618530401, 39.273750305175803 ], [ 16.056249618530401, 39.274581909179702 ], [ 16.055973052978601, 39.274581909179702 ], [ 16.055973052978601, 39.276248931884901 ], [ 16.0556945800782, 39.276248931884901 ], [ 16.0556945800782, 39.277362823486399 ], [ 16.055416107177798, 39.277362823486399 ], [ 16.055408477783299, 39.277526855468899 ], [ 16.0553894042968, 39.277915954589801 ], [ 16.055139541626001, 39.277915954589801 ], [ 16.055139541626001, 39.279582977294901 ], [ 16.0548610687256, 39.279582977294901 ], [ 16.0548610687256, 39.281574249267599 ], [ 16.0548610687256, 39.284584045410298 ], [ 16.054582595825298, 39.284584045410298 ], [ 16.054582595825298, 39.2851371765137 ], [ 16.054307937622099, 39.2851371765137 ], [ 16.054307937622099, 39.285694122314403 ], [ 16.0540275573731, 39.285694122314403 ], [ 16.0540275573731, 39.288471221923899 ], [ 16.053749084472699, 39.288471221923899 ], [ 16.053749084472699, 39.289424896240298 ], [ 16.053749084472699, 39.289859771728501 ], [ 16.053472518920898, 39.289882659912102 ], [ 16.053472518920898, 39.290973663330199 ], [ 16.053195953369102, 39.290973663330199 ], [ 16.053195953369102, 39.291313171386697 ], [ 16.053195953369102, 39.291805267333999 ], [ 16.053123474121101, 39.291805267333999 ], [ 16.0529174804688, 39.291805267333999 ], [ 16.0529174804688, 39.292362213134801 ], [ 16.052639007568398, 39.292362213134801 ], [ 16.052639007568398, 39.294582366943501 ], [ 16.052360534668001, 39.294582366943501 ], [ 16.052360534668001, 39.294860839843899 ], [ 16.052085876465, 39.294860839843899 ], [ 16.052085876465, 39.295139312744297 ], [ 16.051805496215799, 39.295139312744297 ], [ 16.051805496215799, 39.295696258545 ], [ 16.051527023315401, 39.295696258545 ], [ 16.051527023315401, 39.296249389648402 ], [ 16.0512504577638, 39.296249389648402 ], [ 16.0512504577638, 39.298194885253899 ], [ 16.050973892211999, 39.298194885253899 ], [ 16.050973892211999, 39.298751831054702 ], [ 16.050695419311602, 39.298751831054702 ], [ 16.0506916046143, 39.299026489257898 ], [ 16.0504169464112, 39.299026489257898 ], [ 16.0504169464112, 39.2995834350587 ], [ 16.050138473510899, 39.2995834350587 ], [ 16.050138473510899, 39.300415039062599 ], [ 16.049863815307599, 39.300415039062599 ], [ 16.049863815307599, 39.300693511962997 ], [ 16.049581527710099, 39.300693511962997 ], [ 16.049581527710099, 39.3012504577638 ], [ 16.049303054809702, 39.3012504577638 ], [ 16.049303054809702, 39.301807403564602 ], [ 16.049028396606499, 39.301807403564602 ], [ 16.049028396606499, 39.302639007568402 ], [ 16.048751831054702, 39.302639007568402 ], [ 16.048751831054702, 39.303195953369098 ], [ 16.0484733581543, 39.303195953369098 ], [ 16.0484733581543, 39.303470611572301 ], [ 16.048194885253899, 39.303470611572301 ], [ 16.048194885253899, 39.303749084472699 ], [ 16.047916412353501, 39.303749084472699 ], [ 16.047916412353501, 39.304027557373097 ], [ 16.047641754150501, 39.304027557373097 ], [ 16.0476379394532, 39.304306030273402 ], [ 16.047359466552798, 39.304306030273402 ], [ 16.047359466552798, 39.3045845031738 ], [ 16.047082901001001, 39.3045845031738 ], [ 16.047082901001001, 39.304862976074197 ], [ 16.046806335449201, 39.304862976074197 ], [ 16.046806335449201, 39.305416107177798 ], [ 16.0465278625488, 39.305416107177798 ], [ 16.0465278625488, 39.305694580078203 ], [ 16.046249389648398, 39.305694580078203 ], [ 16.046249389648398, 39.306251525878999 ], [ 16.0459728240968, 39.306251525878999 ], [ 16.0459728240968, 39.308193206787102 ], [ 16.0456943511962, 39.308193206787102 ], [ 16.0456943511962, 39.309581756591903 ], [ 16.045415878295799, 39.309581756591903 ], [ 16.045415878295799, 39.310695648193402 ], [ 16.045137405395501, 39.310695648193402 ], [ 16.045137405395501, 39.312084197998097 ], [ 16.044860839843899, 39.312084197998097 ], [ 16.044860839843899, 39.312915802001903 ], [ 16.044584274291999, 39.312915802001903 ], [ 16.044584274291999, 39.313751220703203 ], [ 16.044305801391701, 39.313751220703203 ], [ 16.044305801391701, 39.314861297607401 ], [ 16.0440273284913, 39.314861297607401 ], [ 16.0440273284913, 39.316806793212898 ], [ 16.043750762939499, 39.316806793212898 ], [ 16.043750762939499, 39.319026947021399 ], [ 16.043472290039102, 39.319026947021399 ], [ 16.043472290039102, 39.3204154968262 ], [ 16.0431938171387, 39.3204154968262 ], [ 16.0431938171387, 39.321529388427699 ], [ 16.042917251586999, 39.321529388427699 ], [ 16.042917251586999, 39.322360992431697 ], [ 16.042638778686602, 39.322360992431697 ], [ 16.042638778686602, 39.324028015136797 ], [ 16.0423603057862, 39.324028015136797 ], [ 16.0423603057862, 39.324630737304801 ], [ 16.0423603057862, 39.324859619140597 ], [ 16.0420837402344, 39.324859619140597 ], [ 16.0420837402344, 39.325695037841697 ], [ 16.041805267333999, 39.325695037841697 ], [ 16.041805267333999, 39.325973510742301 ], [ 16.0420837402344, 39.325973510742301 ], [ 16.0420837402344, 39.326805114746101 ], [ 16.041805267333999, 39.326805114746101 ], [ 16.041805267333999, 39.327362060546903 ], [ 16.041528701782202, 39.327362060546903 ], [ 16.041528701782202, 39.329582214355597 ], [ 16.0412502288818, 39.329582214355597 ], [ 16.0412502288818, 39.330696105957102 ], [ 16.040971755981399, 39.330696105957102 ], [ 16.040971755981399, 39.3318061828613 ], [ 16.040695190429599, 39.3318061828613 ], [ 16.040695190429599, 39.332637786865298 ], [ 16.040416717529201, 39.332637786865298 ], [ 16.040416717529201, 39.333194732666001 ], [ 16.040138244628899, 39.333194732666001 ], [ 16.040138244628899, 39.333751678466797 ], [ 16.039861679077301, 39.333751678466797 ], [ 16.039861679077301, 39.336250305175902 ], [ 16.0395832061769, 39.336250305175902 ], [ 16.0395832061769, 39.340415954589901 ], [ 16.039306640625099, 39.340415954589901 ], [ 16.039306640625099, 39.341251373291101 ], [ 16.039028167724702, 39.341251373291101 ], [ 16.039028167724702, 39.342082977295 ], [ 16.0387496948243, 39.342082977295 ], [ 16.0387496948243, 39.342639923095803 ], [ 16.0384731292725, 39.342639923095803 ], [ 16.0384731292725, 39.34375 ], [ 16.038194656372099, 39.34375 ], [ 16.038194656372099, 39.345138549804702 ], [ 16.037916183471701, 39.345138549804702 ], [ 16.037916183471701, 39.345695495605497 ], [ 16.03763961792, 39.345695495605497 ], [ 16.03763961792, 39.346248626709098 ], [ 16.037361145019599, 39.346248626709098 ], [ 16.037361145019599, 39.346805572509801 ], [ 16.037084579467798, 39.346805572509801 ], [ 16.037084579467798, 39.347915649413999 ], [ 16.036806106567401, 39.347915649413999 ], [ 16.036806106567401, 39.348472595215 ], [ 16.036527633666999, 39.348472595215 ], [ 16.036527633666999, 39.349029541015703 ], [ 16.036249160766701, 39.349029541015703 ], [ 16.036249160766701, 39.349540710449297 ], [ 16.036249160766701, 39.349861145019503 ], [ 16.0359706878663, 39.349861145019503 ], [ 16.0359706878663, 39.350139617919901 ], [ 16.035692214965898, 39.350196838378999 ], [ 16.035692214965898, 39.351249694824297 ], [ 16.035417556762699, 39.351249694824297 ], [ 16.035417556762699, 39.352085113525398 ], [ 16.035139083862301, 39.352085113525398 ], [ 16.035139083862301, 39.352359771728601 ], [ 16.0350246429444, 39.352359771728601 ], [ 16.0348625183107, 39.352359771728601 ], [ 16.0348625183107, 39.352638244628999 ], [ 16.034584045410099, 39.352638244628999 ], [ 16.034584045410099, 39.353473663330099 ], [ 16.034305572509702, 39.353473663330099 ], [ 16.034305572509702, 39.354026794433501 ], [ 16.0340270996093, 39.354026794433501 ], [ 16.0340270996093, 39.354305267333899 ], [ 16.0337524414063, 39.354305267333899 ], [ 16.0337524414063, 39.354583740234503 ], [ 16.033470153808601, 39.354583740234503 ], [ 16.033470153808601, 39.354862213134901 ], [ 16.0331935882569, 39.354862213134901 ], [ 16.0331935882569, 39.355415344238303 ], [ 16.032917022705199, 39.355415344238303 ], [ 16.032917022705199, 39.355972290039098 ], [ 16.032638549804801, 39.355972290039098 ], [ 16.032638549804801, 39.356529235839801 ], [ 16.0323600769044, 39.356529235839801 ], [ 16.0323600769044, 39.356803894042997 ], [ 16.032083511352599, 39.356803894042997 ], [ 16.032083511352599, 39.357082366943402 ], [ 16.031805038452202, 39.357082366943402 ], [ 16.031805038452202, 39.3573608398438 ], [ 16.031528472900401, 39.357414245605597 ], [ 16.031465530395501, 39.357639312744197 ], [ 16.031248092651499, 39.357639312744197 ], [ 16.031248092651499, 39.358196258545 ], [ 16.030971527099702, 39.358196258545 ], [ 16.030971527099702, 39.359306335449297 ], [ 16.030694961547901, 39.359306335449297 ], [ 16.030694961547901, 39.360137939453097 ], [ 16.0304164886475, 39.360137939453097 ], [ 16.0304164886475, 39.360416412353501 ], [ 16.030136108398501, 39.360416412353501 ], [ 16.030136108398501, 39.360973358154403 ], [ 16.029861450195298, 39.360973358154403 ], [ 16.029861450195298, 39.361251831054801 ], [ 16.029582977294901, 39.361251831054801 ], [ 16.029582977294901, 39.361526489257798 ], [ 16.0293064117431, 39.361526489257798 ], [ 16.0293064117431, 39.362083435058601 ], [ 16.029027938842798, 39.362083435058601 ], [ 16.029027938842798, 39.362640380859403 ], [ 16.028749465942401, 39.362640380859403 ], [ 16.028749465942401, 39.3637504577637 ], [ 16.0284729003907, 39.3637504577637 ], [ 16.0284729003907, 39.364860534668097 ], [ 16.028194427490199, 39.364860534668097 ], [ 16.028194427490199, 39.365970611572301 ], [ 16.027917861938601, 39.365970611572301 ], [ 16.027917861938601, 39.366806030273402 ], [ 16.0276393890382, 39.366806030273402 ], [ 16.0276393890382, 39.367362976074297 ], [ 16.027360916137798, 39.367362976074297 ], [ 16.027360916137798, 39.368194580078097 ], [ 16.027082443237401, 39.368194580078097 ], [ 16.027082443237401, 39.369583129882898 ], [ 16.0268058776856, 39.369583129882898 ], [ 16.0268058776856, 39.3701400756837 ], [ 16.026527404785298, 39.3701400756837 ], [ 16.026527404785298, 39.370693206787202 ], [ 16.026250839233501, 39.370693206787202 ], [ 16.026250839233501, 39.371250152587997 ], [ 16.0259723663331, 39.371250152587997 ], [ 16.0259723663331, 39.372081756591797 ], [ 16.0256958007812, 39.372081756591797 ], [ 16.0256958007812, 39.372638702392599 ], [ 16.025417327880898, 39.372638702392599 ], [ 16.025417327880898, 39.3734741210937 ], [ 16.025138854980501, 39.3734741210937 ], [ 16.025138854980501, 39.374305725097699 ], [ 16.024860382080099, 39.374305725097699 ], [ 16.024860382080099, 39.374862670898402 ], [ 16.0245857238769, 39.374862670898402 ], [ 16.0245857238769, 39.375415802002003 ], [ 16.024305343627901, 39.375415802002003 ], [ 16.024305343627901, 39.375972747802798 ], [ 16.0240268707275, 39.375972747802798 ], [ 16.0240268707275, 39.3765258789062 ], [ 16.023750305175799, 39.376529693603601 ], [ 16.023750305175799, 39.3773612976075 ], [ 16.023473739623999, 39.3773612976075 ], [ 16.023473739623999, 39.377639770507898 ], [ 16.023195266723601, 39.377639770507898 ], [ 16.023195266723601, 39.378471374511697 ], [ 16.0229167938232, 39.378471374511697 ], [ 16.0229167938232, 39.3790283203125 ], [ 16.022638320922901, 39.3790283203125 ], [ 16.022638320922901, 39.379581451416101 ], [ 16.022363662719801, 39.379585266113203 ], [ 16.022363662719801, 39.3812484741212 ], [ 16.022081375122099, 39.3812484741212 ], [ 16.022081375122099, 39.381526947021598 ], [ 16.021804809570298, 39.381526947021598 ], [ 16.021804809570298, 39.382637023925703 ], [ 16.0215282440187, 39.382637023925703 ], [ 16.0215282440187, 39.383193969726698 ], [ 16.0212516784669, 39.383193969726698 ], [ 16.0212516784669, 39.383472442627102 ], [ 16.020969390869102, 39.383472442627102 ], [ 16.020969390869102, 39.384304046630902 ], [ 16.020694732666101, 39.384304046630902 ], [ 16.020694732666101, 39.385139465332003 ], [ 16.0204162597657, 39.385139465332003 ], [ 16.0204162597657, 39.385692596435597 ], [ 16.0201416015625, 39.385692596435597 ], [ 16.0201416015625, 39.386528015136797 ], [ 16.019859313965, 39.386528015136797 ], [ 16.019859313965, 39.387359619140703 ], [ 16.0195827484131, 39.387359619140703 ], [ 16.0195827484131, 39.388195037841903 ], [ 16.0193061828613, 39.388195037841903 ], [ 16.0193061828613, 39.388748168945298 ], [ 16.019027709961001, 39.388748168945298 ], [ 16.019027709961001, 39.389305114746001 ], [ 16.0187492370606, 39.389305114746001 ], [ 16.0187492370606, 39.389862060547003 ], [ 16.0184726715088, 39.389862060547003 ], [ 16.0184726715088, 39.390693664550803 ], [ 16.018194198608398, 39.390693664550803 ], [ 16.018194198608398, 39.391250610351598 ], [ 16.017917633056602, 39.391250610351598 ], [ 16.017915725708001, 39.391529083252003 ], [ 16.017637252807599, 39.391529083252003 ], [ 16.017637252807599, 39.3926391601563 ], [ 16.017360687255898, 39.3926391601563 ], [ 16.017360687255898, 39.392917633056697 ], [ 16.017084121703999, 39.392917633056697 ], [ 16.017084121703999, 39.394027709961101 ], [ 16.0168056488037, 39.394027709961101 ], [ 16.0168056488037, 39.394859313964801 ], [ 16.016527175903299, 39.394859313964801 ], [ 16.016527175903299, 39.395416259765597 ], [ 16.016250610351701, 39.395416259765597 ], [ 16.016250610351701, 39.397083282470703 ], [ 16.0159721374513, 39.397083282470703 ], [ 16.0159721374513, 39.397361755371101 ], [ 16.015693664550898, 39.397361755371101 ], [ 16.015693664550898, 39.397914886474702 ], [ 16.015415191650298, 39.397914886474702 ], [ 16.015415191650298, 39.398750305175803 ], [ 16.0151386260987, 39.398750305175803 ], [ 16.0151386260987, 39.399581909179801 ], [ 16.0148620605469, 39.399581909179801 ], [ 16.0148620605469, 39.400138854980597 ], [ 16.014583587646499, 39.400138854980597 ], [ 16.014583587646499, 39.400417327881001 ], [ 16.014411926269499, 39.400417327881001 ], [ 16.0143051147462, 39.400417327881001 ], [ 16.0143051147462, 39.400714874267599 ], [ 16.0143051147462, 39.400970458984403 ], [ 16.0140285491944, 39.400970458984403 ], [ 16.0140285491944, 39.401248931884801 ], [ 16.013750076293999, 39.401248931884801 ], [ 16.013750076293999, 39.401805877685497 ], [ 16.013471603393601, 39.401805877685497 ], [ 16.013471603393601, 39.402362823486399 ], [ 16.013196945190401, 39.402362823486399 ], [ 16.013196945190401, 39.402637481689503 ], [ 16.012916564941399, 39.402637481689503 ], [ 16.012916564941399, 39.403194427490199 ], [ 16.012638092041101, 39.403194427490199 ], [ 16.012638092041101, 39.404026031494197 ], [ 16.0123615264893, 39.404026031494197 ], [ 16.0123615264893, 39.404582977295 ], [ 16.012083053588899, 39.404582977295 ], [ 16.012083053588899, 39.405139923095803 ], [ 16.011806488037099, 39.405139923095803 ], [ 16.011806488037099, 39.406528472900497 ], [ 16.011528015136701, 39.406528472900497 ], [ 16.011528015136701, 39.407917022705099 ], [ 16.0112495422363, 39.407917022705099 ], [ 16.0112495422363, 39.408473968505803 ], [ 16.010974884033299, 39.408473968505803 ], [ 16.010974884033299, 39.409584045410199 ], [ 16.010694503784102, 39.409584045410199 ], [ 16.010694503784102, 39.4101371765138 ], [ 16.0104160308837, 39.4101371765138 ], [ 16.0104160308837, 39.410694122314503 ], [ 16.010139465332099, 39.410694122314503 ], [ 16.010139465332099, 39.410972595214901 ], [ 16.009862899780298, 39.410972595214901 ], [ 16.009862899780298, 39.411251068115298 ], [ 16.009580612182599, 39.411251068115298 ], [ 16.009580612182599, 39.411529541015703 ], [ 16.009305953979499, 39.411529541015703 ], [ 16.009305953979499, 39.411804199218899 ], [ 16.009027481079201, 39.411804199218899 ], [ 16.009027481079201, 39.412918090820398 ], [ 16.008752822876001, 39.412918090820398 ], [ 16.008752822876001, 39.413192749023402 ], [ 16.008470535278398, 39.413192749023402 ], [ 16.008470535278398, 39.4134712219238 ], [ 16.008192062378001, 39.4134712219238 ], [ 16.008192062378001, 39.414028167724602 ], [ 16.007917404174901, 39.414028167724602 ], [ 16.007917404174901, 39.414859771728601 ], [ 16.007640838623001, 39.414859771728601 ], [ 16.007640838623001, 39.415416717529403 ], [ 16.007362365722699, 39.415416717529403 ], [ 16.007362365722699, 39.416248321533303 ], [ 16.007083892822301, 39.416248321533303 ], [ 16.007083892822301, 39.416805267333999 ], [ 16.0068054199219, 39.416805267333999 ], [ 16.0068054199219, 39.417362213134801 ], [ 16.006526947021499, 39.417362213134801 ], [ 16.006526947021499, 39.417915344238203 ], [ 16.0062484741212, 39.417915344238203 ], [ 16.0062484741212, 39.419303894042997 ], [ 16.0059719085693, 39.419303894042997 ], [ 16.0059719085693, 39.420139312744098 ], [ 16.0056953430175, 39.420139312744098 ], [ 16.0056953430175, 39.420696258544901 ], [ 16.005416870117099, 39.420696258544901 ], [ 16.005416870117099, 39.421249389648501 ], [ 16.0051383972168, 39.421249389648501 ], [ 16.0051383972168, 39.421806335449297 ], [ 16.004861831665199, 39.421806335449297 ], [ 16.004861831665199, 39.422359466552798 ], [ 16.004583358764801, 39.422359466552798 ], [ 16.004583358764801, 39.422637939453203 ], [ 16.004304885864201, 39.422637939453203 ], [ 16.004304885864201, 39.422916412353601 ], [ 16.004028320312599, 39.422916412353601 ], [ 16.004028320312599, 39.423194885253999 ], [ 16.003749847412202, 39.423194885253999 ], [ 16.003749847412202, 39.423751831054702 ], [ 16.0034713745118, 39.423751831054702 ], [ 16.0034713745118, 39.424026489257699 ], [ 16.00319480896, 39.424026489257699 ], [ 16.00319480896, 39.4245834350587 ], [ 16.002916336059599, 39.4245834350587 ], [ 16.002916336059599, 39.428062438964801 ], [ 16.002857208251999, 39.428195953369197 ], [ 16.002639770507901, 39.428195953369197 ], [ 16.002639770507901, 39.428470611572401 ], [ 16.0023612976075, 39.428470611572401 ], [ 16.0023612976075, 39.429027557373203 ], [ 16.002082824707099, 39.429027557373203 ], [ 16.002082824707099, 39.429584503173899 ], [ 16.001806259155298, 39.429584503173899 ], [ 16.001806259155298, 39.430137634277301 ], [ 16.001527786254901, 39.430137634277301 ], [ 16.001527786254901, 39.430973052978601 ], [ 16.001249313354499, 39.430973052978601 ], [ 16.001249313354499, 39.431251525878999 ], [ 16.000972747802699, 39.431251525878999 ], [ 16.000972747802699, 39.431804656982401 ], [ 16.000694274902301, 39.431804656982401 ], [ 16.000694274902301, 39.432361602783203 ], [ 16.000415802001999, 39.432361602783203 ], [ 16.000415802001999, 39.432918548583999 ], [ 16.000139236450199, 39.432918548583999 ], [ 16.000139236450199, 39.433193206787202 ], [ 15.999860763549799, 39.433193206787202 ], [ 15.999860763549799, 39.433471679687599 ], [ 15.9995832443237, 39.433471679687599 ], [ 15.9995832443237, 39.435138702392699 ], [ 15.999304771423301, 39.435138702392699 ], [ 15.999304771423301, 39.435695648193501 ], [ 15.999029159546, 39.435695648193501 ], [ 15.999029159546, 39.436527252197301 ], [ 15.9987487792969, 39.436527252197301 ], [ 15.9987487792969, 39.437084197997997 ], [ 15.998473167419499, 39.437084197997997 ], [ 15.998473167419499, 39.437637329101598 ], [ 15.998194694519199, 39.437637329101598 ], [ 15.998194694519199, 39.438194274902301 ], [ 15.9979171752931, 39.438194274902301 ], [ 15.9979171752931, 39.438751220703097 ], [ 15.997638702392701, 39.438751220703097 ], [ 15.997638702392701, 39.439304351806697 ], [ 15.9973611831666, 39.439304351806697 ], [ 15.9973611831666, 39.4398612976075 ], [ 15.9970827102662, 39.4398612976075 ], [ 15.9970827102662, 39.440139770507898 ], [ 15.996805191040099, 39.440139770507898 ], [ 15.996805191040099, 39.440822601318402 ], [ 15.996805191040099, 39.440971374511797 ], [ 15.996528625488301, 39.440971374511797 ], [ 15.996528625488301, 39.441276550292997 ], [ 15.996528625488301, 39.441806793212997 ], [ 15.9962511062622, 39.441806793212997 ], [ 15.9962511062622, 39.442359924316399 ], [ 15.9959726333619, 39.442359924316399 ], [ 15.9959726333619, 39.442638397216797 ], [ 15.9956951141357, 39.442638397216797 ], [ 15.9956951141357, 39.4431953430175 ], [ 15.9954166412354, 39.4431953430175 ], [ 15.9954166412354, 39.4437484741212 ], [ 15.9951391220093, 39.4437484741212 ], [ 15.9951391220093, 39.444026947021499 ], [ 15.9948625564575, 39.444026947021499 ], [ 15.994859695434601, 39.444305419921903 ], [ 15.9946641921997, 39.444305419921903 ], [ 15.994306564331, 39.444305419921903 ], [ 15.994306564331, 39.444583892822301 ], [ 15.994029045104901, 39.444583892822301 ], [ 15.994029045104901, 39.444862365722699 ], [ 15.993750572204499, 39.444862365722699 ], [ 15.993750572204499, 39.445137023925902 ], [ 15.9934720993041, 39.445137023925902 ], [ 15.9934720993041, 39.445693969726598 ], [ 15.9931936264038, 39.445693969726598 ], [ 15.9931936264038, 39.445972442627003 ], [ 15.992916107177701, 39.445972442627003 ], [ 15.992916107177701, 39.446250915527401 ], [ 15.992637634277299, 39.446250915527401 ], [ 15.992637634277299, 39.446529388427798 ], [ 15.992083549499601, 39.446529388427798 ], [ 15.992083549499601, 39.446804046631001 ], [ 15.9918060302735, 39.446804046631001 ], [ 15.9918060302735, 39.447082519531399 ], [ 15.991620063781699, 39.447082519531399 ], [ 15.9915275573732, 39.447082519531399 ], [ 15.9915275573732, 39.447360992431797 ], [ 15.991250038146999, 39.447360992431797 ], [ 15.991250038146999, 39.447639465332102 ], [ 15.9909715652466, 39.447639465332102 ], [ 15.9909715652466, 39.4479179382325 ], [ 15.9906940460206, 39.4479179382325 ], [ 15.9906940460206, 39.448192596435497 ], [ 15.990415573120201, 39.448192596435497 ], [ 15.990415573120201, 39.4487495422363 ], [ 15.9901380538941, 39.4487495422363 ], [ 15.9901380538941, 39.449028015136697 ], [ 15.9898624420166, 39.449028015136697 ], [ 15.9898624420166, 39.449306488037102 ], [ 15.989582061767599, 39.449306488037102 ], [ 15.989582061767599, 39.449859619140703 ], [ 15.989306449890099, 39.449859619140703 ], [ 15.989306449890099, 39.450138092041101 ], [ 15.9890279769897, 39.450138092041101 ], [ 15.9890279769897, 39.450973510742202 ], [ 15.9887504577637, 39.450973510742202 ], [ 15.9887504577637, 39.451526641845803 ], [ 15.988471984863301, 39.451526641845803 ], [ 15.988471984863301, 39.452640533447301 ], [ 15.9881944656372, 39.452640533447301 ], [ 15.9881944656372, 39.453193664550902 ], [ 15.9879159927368, 39.453193664550902 ], [ 15.9879159927368, 39.453750610351698 ], [ 15.9876384735107, 39.453750610351698 ], [ 15.9876384735107, 39.454303741455099 ], [ 15.9873619079591, 39.454303741455099 ], [ 15.9873619079591, 39.454582214355497 ], [ 15.987084388733001, 39.454582214355497 ], [ 15.987084388733001, 39.454860687255902 ], [ 15.9865283966066, 39.454860687255902 ], [ 15.9865283966066, 39.4551391601562 ], [ 15.9862499237062, 39.4551391601562 ], [ 15.9862499237062, 39.455417633056598 ], [ 15.985972404480099, 39.455417633056598 ], [ 15.985972404480099, 39.455696105957003 ], [ 15.9856939315797, 39.455696105957003 ], [ 15.9856939315797, 39.455970764160199 ], [ 15.985416412353599, 39.455970764160199 ], [ 15.985416412353599, 39.456249237060597 ], [ 15.9851398468018, 39.456249237060597 ], [ 15.9851398468018, 39.456527709961001 ], [ 15.9848623275757, 39.456527709961001 ], [ 15.9848623275757, 39.456806182861399 ], [ 15.9845838546753, 39.456806182861399 ], [ 15.9845838546753, 39.457084655761697 ], [ 15.984306335449199, 39.457084655761697 ], [ 15.984306335449199, 39.457637786865298 ], [ 15.984027862548899, 39.457637786865298 ], [ 15.984027862548899, 39.457916259765703 ], [ 15.9837503433228, 39.457916259765703 ], [ 15.9837503433228, 39.458194732666101 ], [ 15.983471870422401, 39.458194732666101 ], [ 15.983471870422401, 39.458473205566499 ], [ 15.9831943511963, 39.458473205566499 ], [ 15.9831943511963, 39.458751678466903 ], [ 15.982917785644499, 39.458751678466903 ], [ 15.982917785644499, 39.459026336669901 ], [ 15.9826402664184, 39.459026336669901 ], [ 15.9826402664184, 39.459304809570298 ], [ 15.982361793518001, 39.459304809570298 ], [ 15.982361793518001, 39.459583282470803 ], [ 15.9820842742919, 39.459583282470803 ], [ 15.9820842742919, 39.460140228271598 ], [ 15.9818058013915, 39.460140228271598 ], [ 15.9818058013915, 39.460414886474602 ], [ 15.9815282821656, 39.460414886474602 ], [ 15.9815282821656, 39.460693359375 ], [ 15.981248855590801, 39.460693359375 ], [ 15.981248855590801, 39.460971832275398 ], [ 15.9809713363647, 39.460971832275398 ], [ 15.9809713363647, 39.461250305175803 ], [ 15.980695724487401, 39.461250305175803 ], [ 15.980695724487401, 39.4615287780762 ], [ 15.9804153442382, 39.4615287780762 ], [ 15.9804153442382, 39.461807250976598 ], [ 15.979861259460501, 39.461807250976598 ], [ 15.979861259460501, 39.462081909179702 ], [ 15.979582786560201, 39.462081909179702 ], [ 15.979582786560201, 39.462360382080099 ], [ 15.979305267334, 39.462360382080099 ], [ 15.979305267334, 39.462638854980497 ], [ 15.9790267944337, 39.462638854980497 ], [ 15.9790267944337, 39.462917327880902 ], [ 15.978472709655801, 39.462917327880902 ], [ 15.9784708023072, 39.4631958007813 ], [ 15.978193283081101, 39.4631958007813 ], [ 15.978193283081101, 39.463470458984503 ], [ 15.9776391983032, 39.463470458984503 ], [ 15.9776391983032, 39.463748931884901 ], [ 15.9773607254028, 39.463748931884901 ], [ 15.9773607254028, 39.464027404785298 ], [ 15.9770832061768, 39.464027404785298 ], [ 15.9770832061768, 39.464584350586001 ], [ 15.976804733276399, 39.464584350586001 ], [ 15.976804733276399, 39.464862823486399 ], [ 15.9765272140503, 39.464862823486399 ], [ 15.9765272140503, 39.465137481689503 ], [ 15.976248741149901, 39.465137481689503 ], [ 15.976248741149901, 39.465415954589801 ], [ 15.975694656371999, 39.465415954589801 ], [ 15.975694656371999, 39.465694427490199 ], [ 15.975417137146099, 39.465694427490199 ], [ 15.975417137146099, 39.465972900390703 ], [ 15.9751386642457, 39.465972900390703 ], [ 15.9751386642457, 39.466251373291101 ], [ 15.974861145019601, 39.466251373291101 ], [ 15.974861145019601, 39.466804504394503 ], [ 15.9745826721193, 39.466804504394503 ], [ 15.9745826721193, 39.467082977294901 ], [ 15.9743051528932, 39.467082977294901 ], [ 15.9743051528932, 39.467361450195298 ], [ 15.974037170410201, 39.467361450195298 ], [ 15.9740266799928, 39.467639923095703 ], [ 15.973472595214901, 39.467639923095703 ], [ 15.973472595214901, 39.467918395996101 ], [ 15.9729166030884, 39.467918395996101 ], [ 15.9729166030884, 39.468193054199297 ], [ 15.972360610961999, 39.468193054199297 ], [ 15.972360610961999, 39.468471527099702 ], [ 15.9720830917359, 39.468471527099702 ], [ 15.9720830917359, 39.46875 ], [ 15.971529006958001, 39.46875 ], [ 15.971529006958001, 39.469028472900398 ], [ 15.971248626709, 39.469028472900398 ], [ 15.971248626709, 39.469306945800803 ], [ 15.9709730148315, 39.469306945800803 ], [ 15.9709730148315, 39.469581604003999 ], [ 15.970417022705, 39.469581604003999 ], [ 15.970417022705, 39.469860076904403 ], [ 15.969861030578601, 39.469860076904403 ], [ 15.969861030578601, 39.470138549804801 ], [ 15.968473434448301, 39.470138549804801 ], [ 15.968473434448301, 39.470417022705199 ], [ 15.9679174423218, 39.470417022705199 ], [ 15.9679174423218, 39.470695495605597 ], [ 15.9673595428468, 39.470695495605597 ], [ 15.9673595428468, 39.470973968505902 ], [ 15.9670820236207, 39.470973968505902 ], [ 15.9670820236207, 39.471248626708999 ], [ 15.9668073654175, 39.471248626708999 ], [ 15.9668073654175, 39.471527099609403 ], [ 15.966528892517101, 39.471527099609403 ], [ 15.966528892517101, 39.472084045410099 ], [ 15.966250419616699, 39.472084045410099 ], [ 15.966250419616699, 39.472362518310703 ], [ 15.9659719467163, 39.472362518310703 ], [ 15.9659719467163, 39.472915649414098 ], [ 15.965694427490201, 39.472915649414098 ], [ 15.965694427490201, 39.473194122314503 ], [ 15.965415954589799, 39.473194122314503 ], [ 15.965415954589799, 39.473472595214801 ], [ 15.9648599624634, 39.473472595214801 ], [ 15.9648599624634, 39.473751068115199 ], [ 15.9645843505859, 39.473751068115199 ], [ 15.9645843505859, 39.474029541015597 ], [ 15.964305877685501, 39.474029541015597 ], [ 15.964305877685501, 39.4743041992188 ], [ 15.962916374206699, 39.4743041992188 ], [ 15.962916374206699, 39.474582672119197 ], [ 15.9623622894288, 39.474582672119197 ], [ 15.9623622894288, 39.474861145019602 ], [ 15.9620838165284, 39.474861145019602 ], [ 15.962081909179799, 39.47513961792 ], [ 15.961806297302299, 39.47513961792 ], [ 15.961806297302299, 39.475692749023601 ], [ 15.9615278244019, 39.475692749023601 ], [ 15.9615278244019, 39.476249694824297 ], [ 15.961250305175801, 39.476249694824297 ], [ 15.961250305175801, 39.476528167724702 ], [ 15.9609718322754, 39.476528167724702 ], [ 15.9609718322754, 39.477085113525497 ], [ 15.9606943130494, 39.477085113525497 ], [ 15.9606943130494, 39.477359771728501 ], [ 15.960415840149, 39.477359771728501 ], [ 15.960415840149, 39.477916717529297 ], [ 15.9601402282715, 39.477916717529297 ], [ 15.9601402282715, 39.478515625000099 ], [ 15.9601402282715, 39.478748321533303 ], [ 15.9598598480225, 39.478763580322301 ], [ 15.9598598480225, 39.4790267944337 ], [ 15.959584236145, 39.479080200195398 ], [ 15.959584236145, 39.479305267333999 ], [ 15.9594593048097, 39.479305267333999 ], [ 15.9593057632446, 39.479305267333999 ], [ 15.9593057632446, 39.479583740234403 ], [ 15.959028244018601, 39.479583740234403 ], [ 15.959028244018601, 39.479862213134801 ], [ 15.9587497711182, 39.479862213134801 ], [ 15.9587497711182, 39.480415344238303 ], [ 15.958472251891999, 39.480415344238303 ], [ 15.958472251891999, 39.4806938171387 ], [ 15.958193778991699, 39.4806938171387 ], [ 15.958193778991699, 39.480972290039098 ], [ 15.9579162597656, 39.480972290039098 ], [ 15.9579162597656, 39.481250762939503 ], [ 15.957637786865201, 39.481250762939503 ], [ 15.957637786865201, 39.481529235839901 ], [ 15.9573621749879, 39.481529235839901 ], [ 15.9573621749879, 39.482917785644602 ], [ 15.9570837020875, 39.482917785644602 ], [ 15.9570837020875, 39.483470916747997 ], [ 15.956806182861399, 39.483470916747997 ], [ 15.956806182861399, 39.483749389648402 ], [ 15.956527709961, 39.483749389648402 ], [ 15.956527709961, 39.4840278625488 ], [ 15.956250190734901, 39.4840278625488 ], [ 15.956250190734901, 39.484306335449197 ], [ 15.955971717834499, 39.484306335449197 ], [ 15.955971717834499, 39.484584808349602 ], [ 15.9556941986085, 39.484584808349602 ], [ 15.9556941986085, 39.484859466552798 ], [ 15.955417633056699, 39.484859466552798 ], [ 15.955417633056699, 39.485416412353601 ], [ 15.9551401138306, 39.485416412353601 ], [ 15.9551401138306, 39.485694885253899 ], [ 15.954861640930201, 39.485694885253899 ], [ 15.954861640930201, 39.485973358154297 ], [ 15.9545841217041, 39.485973358154297 ], [ 15.9545841217041, 39.486251831054702 ], [ 15.9543056488037, 39.486251831054702 ], [ 15.9543056488037, 39.486804962158303 ], [ 15.954027175903301, 39.486804962158303 ], [ 15.954027175903301, 39.487361907958999 ], [ 15.953748703003001, 39.487361907958999 ], [ 15.953748703003001, 39.487915039062401 ], [ 15.9534711837769, 39.487915039062401 ], [ 15.9534711837769, 39.488471984863402 ], [ 15.9531955718994, 39.488471984863402 ], [ 15.9531955718994, 39.489028930664198 ], [ 15.9529180526735, 39.489028930664198 ], [ 15.9529180526735, 39.489582061767599 ], [ 15.952638626098601, 39.489582061767599 ], [ 15.952638626098601, 39.490139007568402 ], [ 15.9523611068725, 39.490139007568402 ], [ 15.9523611068725, 39.4904174804688 ], [ 15.9520826339721, 39.4904174804688 ], [ 15.9520826339721, 39.490695953369098 ], [ 15.951805114746, 39.490695953369098 ], [ 15.951805114746, 39.491249084472699 ], [ 15.9515266418456, 39.491249084472699 ], [ 15.9515266418456, 39.491806030273501 ], [ 15.9512491226197, 39.491806030273501 ], [ 15.9512491226197, 39.4926376342775 ], [ 15.950972557068001, 39.4926376342775 ], [ 15.950972557068001, 39.493194580078203 ], [ 15.950693130493301, 39.493194580078203 ], [ 15.950693130493301, 39.493751525878999 ], [ 15.9504165649415, 39.493751525878999 ], [ 15.9504165649415, 39.494026184082003 ], [ 15.9501390457154, 39.494026184082003 ], [ 15.9501390457154, 39.494583129882898 ], [ 15.949860572815, 39.494583129882898 ], [ 15.949860572815, 39.4951400756837 ], [ 15.949583053588899, 39.4951400756837 ], [ 15.949583053588899, 39.495693206787102 ], [ 15.9493045806885, 39.495693206787102 ], [ 15.9493045806885, 39.4959716796875 ], [ 15.9490270614625, 39.4959716796875 ], [ 15.9490270614625, 39.496528625488303 ], [ 15.948751449585, 39.496528625488303 ], [ 15.948748588562101, 39.4968070983887 ], [ 15.948471069336, 39.4968070983887 ], [ 15.948471069336, 39.497081756591903 ], [ 15.9481954574585, 39.497081756591903 ], [ 15.9481954574585, 39.497264862060597 ], [ 15.9481954574585, 39.497638702392599 ], [ 15.9479169845581, 39.497638702392599 ], [ 15.9479169845581, 39.497917175292997 ], [ 15.947639465331999, 39.497917175292997 ], [ 15.947639465331999, 39.4984741210937 ], [ 15.9473609924316, 39.4984741210937 ], [ 15.9473609924316, 39.498748779297003 ], [ 15.9470834732056, 39.498748779297003 ], [ 15.9470834732056, 39.499027252197401 ], [ 15.946805000305201, 39.499027252197401 ], [ 15.946805000305201, 39.499584197998097 ], [ 15.946526527404799, 39.499584197998097 ], [ 15.946526527404799, 39.499977111816399 ], [ 15.946526527404799, 39.500137329101598 ], [ 15.946400642395, 39.500137329101598 ], [ 15.9462509155275, 39.500137329101598 ], [ 15.946205139160201, 39.500316619873097 ], [ 15.946180343628001, 39.500415802001903 ], [ 15.945973396301399, 39.500415802001903 ], [ 15.945973396301399, 39.500682830810597 ], [ 15.945973396301399, 39.500972747802798 ], [ 15.9457426071168, 39.500972747802798 ], [ 15.945694923401, 39.5015258789062 ], [ 15.945417404174901, 39.501529693603601 ], [ 15.945417404174901, 39.501804351806598 ], [ 15.945138931274499, 39.501804351806598 ], [ 15.945138931274499, 39.502082824707003 ], [ 15.9448614120484, 39.502094268798899 ], [ 15.9448614120484, 39.502639770507798 ], [ 15.9445829391481, 39.502639770507798 ], [ 15.9445829391481, 39.502918243408203 ], [ 15.9443054199219, 39.502918243408203 ], [ 15.9443054199219, 39.503192901611399 ], [ 15.944028854370201, 39.503192901611399 ], [ 15.944028854370201, 39.503749847412202 ], [ 15.943751335144, 39.503749847412202 ], [ 15.943751335144, 39.504028320312599 ], [ 15.9434728622437, 39.504028320312599 ], [ 15.9434728622437, 39.504306793212898 ], [ 15.943195343017599, 39.504306793212898 ], [ 15.943195343017599, 39.504581451416101 ], [ 15.9429168701172, 39.504585266113303 ], [ 15.9429168701172, 39.505138397216903 ], [ 15.942639350891101, 39.505138397216903 ], [ 15.942639350891101, 39.505416870117301 ], [ 15.9423608779907, 39.505416870117301 ], [ 15.9423608779907, 39.505695343017699 ], [ 15.9420833587646, 39.505695343017699 ], [ 15.9420833587646, 39.505973815917997 ], [ 15.9418067932128, 39.505973815917997 ], [ 15.9418067932128, 39.506248474121101 ], [ 15.941526412963899, 39.506248474121101 ], [ 15.941526412963899, 39.506526947021499 ], [ 15.9413709640504, 39.506526947021499 ], [ 15.941250801086399, 39.506526947021499 ], [ 15.941250801086399, 39.506683349609403 ], [ 15.941250801086399, 39.507083892822202 ], [ 15.940973281860501, 39.507083892822202 ], [ 15.940973281860501, 39.507362365722798 ], [ 15.940694808959901, 39.507389068603601 ], [ 15.940694808959901, 39.507637023925803 ], [ 15.940416336059499, 39.507637023925803 ], [ 15.940416336059499, 39.507740020752003 ], [ 15.940416336059499, 39.5079154968262 ], [ 15.940279960632299, 39.5079154968262 ], [ 15.9401378631591, 39.5079154968262 ], [ 15.9401378631591, 39.508094787597798 ], [ 15.9401378631591, 39.508472442627003 ], [ 15.939860343933001, 39.508472442627003 ], [ 15.939860343933001, 39.508750915527301 ], [ 15.9395847320557, 39.508800506591697 ], [ 15.9395847320557, 39.509029388427699 ], [ 15.9393043518068, 39.509029388427699 ], [ 15.9393043518068, 39.509151458740298 ], [ 15.9393043518068, 39.509304046630902 ], [ 15.9391860961915, 39.509304046630902 ], [ 15.939027786255, 39.509304046630902 ], [ 15.939027786255, 39.509506225585902 ], [ 15.939027786255, 39.5095825195313 ], [ 15.938750267028899, 39.5095825195313 ], [ 15.938750267028899, 39.509860992431697 ], [ 15.9384717941285, 39.509860992431697 ], [ 15.9384717941285, 39.510139465332102 ], [ 15.938194274902401, 39.510139465332102 ], [ 15.938194274902401, 39.5104179382325 ], [ 15.937915802001999, 39.5104179382325 ], [ 15.937915802001999, 39.510692596435703 ], [ 15.9376382827759, 39.510692596435703 ], [ 15.9376382827759, 39.510971069336101 ], [ 15.937084197998001, 39.510971069336101 ], [ 15.937084197998001, 39.511528015136797 ], [ 15.936805725097701, 39.511528015136797 ], [ 15.936805725097701, 39.511806488037202 ], [ 15.9365282058716, 39.511806488037202 ], [ 15.9365282058716, 39.512359619140597 ], [ 15.9362497329712, 39.512359619140597 ], [ 15.9362497329712, 39.512916564941399 ], [ 15.935972213745099, 39.512916564941399 ], [ 15.935972213745099, 39.513381958007898 ], [ 15.935972213745099, 39.513473510742102 ], [ 15.9356937408447, 39.513473510742102 ], [ 15.935689926147599, 39.513748168945398 ], [ 15.9354162216187, 39.513748168945398 ], [ 15.9354162216187, 39.514026641845803 ], [ 15.935137748718301, 39.514026641845803 ], [ 15.935137748718301, 39.514305114746101 ], [ 15.9348621368409, 39.514305114746101 ], [ 15.9348621368409, 39.514801025390703 ], [ 15.934583663940501, 39.514862060546903 ], [ 15.934583663940501, 39.515140533447301 ], [ 15.934306144714499, 39.515140533447301 ], [ 15.934306144714499, 39.515506744384801 ], [ 15.934306144714499, 39.515693664550803 ], [ 15.9341583251954, 39.515693664550803 ], [ 15.9340276718141, 39.515693664550803 ], [ 15.9340276718141, 39.515857696533097 ], [ 15.9340276718141, 39.5159721374512 ], [ 15.933471679687599, 39.5159721374512 ], [ 15.933471679687599, 39.516529083252003 ], [ 15.9331941604615, 39.516529083252003 ], [ 15.9331941604615, 39.516803741455199 ], [ 15.9326400756837, 39.516803741455199 ], [ 15.9326400756837, 39.517082214355597 ], [ 15.932361602783301, 39.517082214355597 ], [ 15.9323596954347, 39.517639160156399 ], [ 15.9320840835572, 39.517639160156399 ], [ 15.9320840835572, 39.517917633056797 ], [ 15.9318056106568, 39.517917633056797 ], [ 15.9318056106568, 39.518196105957102 ], [ 15.9312496185303, 39.518196105957102 ], [ 15.9312496185303, 39.518470764160199 ], [ 15.930972099304199, 39.518470764160199 ], [ 15.930972099304199, 39.518749237060497 ], [ 15.930693626403899, 39.518749237060497 ], [ 15.930693626403899, 39.519584655761697 ], [ 15.930418014526399, 39.519584655761697 ], [ 15.930418014526399, 39.519859313964901 ], [ 15.930137634277299, 39.519859313964901 ], [ 15.930137634277299, 39.520137786865298 ], [ 15.929862022399799, 39.520137786865298 ], [ 15.929862022399799, 39.520416259765703 ], [ 15.929583549499499, 39.520416259765703 ], [ 15.929583549499499, 39.520694732666001 ], [ 15.9293060302734, 39.520694732666001 ], [ 15.9293060302734, 39.520973205566399 ], [ 15.929027557373001, 39.520973205566399 ], [ 15.929027557373001, 39.521251678466797 ], [ 15.9287500381469, 39.521251678466797 ], [ 15.9287500381469, 39.521804809570398 ], [ 15.9284715652465, 39.521804809570398 ], [ 15.9284715652465, 39.5223617553712 ], [ 15.928193092346101, 39.5223617553712 ], [ 15.928193092346101, 39.522640228271499 ], [ 15.927914619445801, 39.522640228271499 ], [ 15.927914619445801, 39.523193359375099 ], [ 15.927639961242701, 39.523193359375099 ], [ 15.927639961242701, 39.523750305175902 ], [ 15.927362442016699, 39.523750305175902 ], [ 15.927362442016699, 39.523872375488303 ], [ 15.927362442016699, 39.5240287780763 ], [ 15.9270839691163, 39.5240287780763 ], [ 15.9270839691163, 39.524307250976698 ], [ 15.9268045425416, 39.524307250976698 ], [ 15.9268045425416, 39.524860382080099 ], [ 15.926527023315501, 39.524860382080099 ], [ 15.926527023315501, 39.525417327880902 ], [ 15.926248550415201, 39.525417327880902 ], [ 15.926248550415201, 39.5256958007812 ], [ 15.925696372985801, 39.5256958007812 ], [ 15.925696372985801, 39.525970458984403 ], [ 15.925416946411101, 39.525970458984403 ], [ 15.925416946411101, 39.526248931884801 ], [ 15.925139427185099, 39.526248931884801 ], [ 15.925139427185099, 39.526527404785199 ], [ 15.9248609542847, 39.526527404785199 ], [ 15.9248609542847, 39.526805877685597 ], [ 15.924583435058601, 39.526805877685597 ], [ 15.924583435058601, 39.527084350585902 ], [ 15.9240274429321, 39.527084350585902 ], [ 15.9240274429321, 39.5273628234863 ], [ 15.923748970031699, 39.5273628234863 ], [ 15.923748970031699, 39.527637481689602 ], [ 15.920139312744199, 39.527637481689602 ], [ 15.920139312744199, 39.52791595459 ], [ 15.9198608398438, 39.52791595459 ], [ 15.9198608398438, 39.528194427490298 ], [ 15.919304847717299, 39.528194427490298 ], [ 15.919304847717299, 39.528472900390703 ], [ 15.9176387786865, 39.528472900390703 ], [ 15.9176387786865, 39.528194427490298 ], [ 15.917361259460399, 39.528194427490298 ], [ 15.917361259460399, 39.52791595459 ], [ 15.91708278656, 39.52791595459 ], [ 15.91708278656, 39.527637481689602 ], [ 15.916805267333901, 39.527637481689602 ], [ 15.916805267333901, 39.526527404785199 ], [ 15.91708278656, 39.526527404785199 ], [ 15.91708278656, 39.526248931884801 ], [ 15.9179172515869, 39.526248931884801 ], [ 15.9179172515869, 39.525970458984403 ], [ 15.9187488555909, 39.525970458984403 ], [ 15.9187488555909, 39.5256958007812 ], [ 15.919583320617701, 39.5256958007812 ], [ 15.919583320617701, 39.525417327880902 ], [ 15.920139312744199, 39.525417327880902 ], [ 15.920139312744199, 39.525138854980497 ], [ 15.9204168319703, 39.525138854980497 ], [ 15.9204168319703, 39.524860382080099 ], [ 15.9206953048707, 39.524860382080099 ], [ 15.9206953048707, 39.524307250976698 ], [ 15.9204168319703, 39.524307250976698 ], [ 15.9204168319703, 39.5240287780763 ], [ 15.9198608398438, 39.5240287780763 ], [ 15.9198608398438, 39.524307250976698 ], [ 15.919304847717299, 39.524307250976698 ], [ 15.919304847717299, 39.524581909179702 ], [ 15.9187488555909, 39.524581909179702 ], [ 15.9187488555909, 39.524860382080099 ], [ 15.918194770813001, 39.524860382080099 ], [ 15.918194770813001, 39.525138854980497 ], [ 15.9176387786865, 39.525138854980497 ], [ 15.9176387786865, 39.525417327880902 ], [ 15.917361259460399, 39.525417327880902 ], [ 15.917361259460399, 39.5256958007812 ], [ 15.916805267333901, 39.5256958007812 ], [ 15.916805267333901, 39.525970458984403 ], [ 15.9162511825562, 39.525970458984403 ], [ 15.9162511825562, 39.526248931884801 ], [ 15.9159727096559, 39.526248931884801 ], [ 15.9159727096559, 39.526527404785199 ], [ 15.9156951904297, 39.526527404785199 ], [ 15.9156951904297, 39.526805877685597 ], [ 15.9154167175294, 39.526805877685597 ], [ 15.9154167175294, 39.527084350585902 ], [ 15.915139198303301, 39.527084350585902 ], [ 15.915139198303301, 39.52791595459 ], [ 15.9148607254029, 39.52791595459 ], [ 15.9148607254029, 39.528472900390703 ], [ 15.9145822525025, 39.528472900390703 ], [ 15.9145822525025, 39.529026031494098 ], [ 15.914306640625, 39.529026031494098 ], [ 15.914306640625, 39.529304504394503 ], [ 15.914029121398899, 39.529304504394503 ], [ 15.914029121398899, 39.529674530029403 ], [ 15.914029121398899, 39.529861450195398 ], [ 15.9137506484985, 39.529861450195398 ], [ 15.9137506484985, 39.530139923095803 ], [ 15.9134731292725, 39.530139923095803 ], [ 15.9134731292725, 39.5304183959962 ], [ 15.9131937026978, 39.5304183959962 ], [ 15.9131937026978, 39.530693054199197 ], [ 15.9126377105713, 39.530693054199197 ], [ 15.9126377105713, 39.530971527099602 ], [ 15.912360191345201, 39.530971527099602 ], [ 15.912360191345201, 39.531528472900398 ], [ 15.912084579467701, 39.531528472900398 ], [ 15.912084579467701, 39.531806945800803 ], [ 15.9118041992188, 39.531806945800803 ], [ 15.9118041992188, 39.532081604003999 ], [ 15.910971641540501, 39.532081604003999 ], [ 15.910971641540501, 39.532360076904403 ], [ 15.910694122314601, 39.532360076904403 ], [ 15.910694122314601, 39.532638549804702 ], [ 15.910415649414, 39.532638549804702 ], [ 15.910415649414, 39.533195495605497 ], [ 15.9101381301881, 39.533195495605497 ], [ 15.9101381301881, 39.533473968505902 ], [ 15.9098615646363, 39.533473968505902 ], [ 15.9098615646363, 39.533748626709098 ], [ 15.9095821380616, 39.533748626709098 ], [ 15.9095821380616, 39.534027099609503 ], [ 15.909305572509799, 39.534027099609503 ], [ 15.909305572509799, 39.534305572509901 ], [ 15.9090280532837, 39.534305572509901 ], [ 15.9090280532837, 39.534584045410199 ], [ 15.9087495803834, 39.534584045410199 ], [ 15.9087495803834, 39.534862518310597 ], [ 15.908472061157299, 39.534862518310597 ], [ 15.908472061157299, 39.5351371765137 ], [ 15.9081935882569, 39.5351371765137 ], [ 15.9081935882569, 39.535415649413999 ], [ 15.907916069030801, 39.535415649413999 ], [ 15.907916069030801, 39.535694122314403 ], [ 15.9076375961304, 39.535694122314403 ], [ 15.9076375961304, 39.535972595215 ], [ 15.9070844650269, 39.535972595215 ], [ 15.9070844650269, 39.536251068115298 ], [ 15.9068059921265, 39.536251068115298 ], [ 15.9068059921265, 39.536529541015703 ], [ 15.9065284729004, 39.536529541015703 ], [ 15.9065284729004, 39.5368041992188 ], [ 15.90625, 39.5368041992188 ], [ 15.90625, 39.537082672119098 ], [ 15.9029178619385, 39.537082672119098 ], [ 15.9029178619385, 39.537361145019503 ], [ 15.899305343627899, 39.537361145019503 ], [ 15.899305343627899, 39.537639617919901 ], [ 15.8968048095704, 39.537639617919901 ], [ 15.8968048095704, 39.537918090820298 ], [ 15.8965272903443, 39.537918090820298 ], [ 15.8965272903443, 39.538192749023501 ], [ 15.8948612213135, 39.538192749023501 ], [ 15.8948612213135, 39.538471221923899 ], [ 15.8938150405885, 39.538471221923899 ], [ 15.892639160156399, 39.538471221923899 ], [ 15.892639160156399, 39.538749694824297 ], [ 15.892083168029901, 39.538749694824297 ], [ 15.892083168029901, 39.539028167724702 ], [ 15.891804695129499, 39.539028167724702 ], [ 15.891804695129499, 39.539306640625099 ], [ 15.891529083251999, 39.539306640625099 ], [ 15.891529083251999, 39.539466857910199 ], [ 15.891529083251999, 39.539585113525398 ], [ 15.8912506103516, 39.539588928222798 ], [ 15.891248703003001, 39.539859771728601 ], [ 15.890973091125501, 39.539859771728601 ], [ 15.890973091125501, 39.540138244628999 ], [ 15.8901386260987, 39.540138244628999 ], [ 15.8901386260987, 39.540416717529403 ], [ 15.8896493911743, 39.540416717529403 ], [ 15.8895826339722, 39.540695190429801 ], [ 15.889305114746101, 39.540695190429801 ], [ 15.889305114746101, 39.540973663330099 ], [ 15.888861656189, 39.540973663330099 ], [ 15.8879165649413, 39.540973663330099 ], [ 15.8879165649413, 39.540695190429801 ], [ 15.8876390457154, 39.540695190429801 ], [ 15.8876390457154, 39.540416717529403 ], [ 15.886251449585, 39.540416717529403 ], [ 15.886251449585, 39.540695190429801 ], [ 15.8859720230103, 39.540695190429801 ], [ 15.8859720230103, 39.540973663330099 ], [ 15.88569355011, 39.540973663330099 ], [ 15.88569355011, 39.541526794433601 ], [ 15.8854160308838, 39.541526794433601 ], [ 15.8854160308838, 39.541805267333899 ], [ 15.8851375579835, 39.541805267333899 ], [ 15.8851375579835, 39.542083740234297 ], [ 15.884860038757401, 39.542083740234297 ], [ 15.884860038757401, 39.542362213134901 ], [ 15.884584426879901, 39.542362213134901 ], [ 15.884584426879901, 39.542640686035298 ], [ 15.884305953979499, 39.542640686035298 ], [ 15.884305953979499, 39.542915344238303 ], [ 15.882081985473601, 39.542915344238303 ], [ 15.882081985473601, 39.543472290039098 ], [ 15.8818063735963, 39.543472290039098 ], [ 15.8818063735963, 39.543750762939503 ], [ 15.8815279006959, 39.543750762939503 ], [ 15.8815279006959, 39.544303894042997 ], [ 15.881250381469799, 39.544303894042997 ], [ 15.881250381469799, 39.545417785644602 ], [ 15.8809719085694, 39.545417785644602 ], [ 15.8809719085694, 39.545696258545 ], [ 15.8806943893434, 39.545696258545 ], [ 15.8806943893434, 39.545970916748203 ], [ 15.880415916443001, 39.545970916748203 ], [ 15.880415916443001, 39.546527862548899 ], [ 15.880140304565501, 39.546527862548899 ], [ 15.880140304565501, 39.547084808349702 ], [ 15.8798599243165, 39.547084808349702 ], [ 15.8798599243165, 39.547637939453097 ], [ 15.879584312439, 39.547637939453097 ], [ 15.879584312439, 39.5481948852538 ], [ 15.879305839538601, 39.5481948852538 ], [ 15.879305839538601, 39.548751831054801 ], [ 15.879028320312599, 39.548751831054801 ], [ 15.879028320312599, 39.549304962158203 ], [ 15.8787498474122, 39.549304962158203 ], [ 15.8787498474122, 39.549678802490199 ], [ 15.8787498474122, 39.550140380859403 ], [ 15.878472328186, 39.550140380859403 ], [ 15.878472328186, 39.550693511962898 ], [ 15.8781938552857, 39.550693511962898 ], [ 15.8781938552857, 39.5512504577637 ], [ 15.877916336059601, 39.5512504577637 ], [ 15.877916336059601, 39.551528930664098 ], [ 15.8776397705078, 39.551528930664098 ], [ 15.8776397705078, 39.552082061767699 ], [ 15.877362251281699, 39.552082061767699 ], [ 15.877362251281699, 39.552360534668097 ], [ 15.876806259155201, 39.552360534668097 ], [ 15.876806259155201, 39.552639007568501 ], [ 15.8764381408691, 39.552639007568501 ], [ 15.8756942749025, 39.552639007568501 ], [ 15.8756942749025, 39.552917480468899 ], [ 15.8754177093507, 39.552917480468899 ], [ 15.8754177093507, 39.553195953369297 ], [ 15.874305725097701, 39.553195953369297 ], [ 15.874305725097701, 39.553470611572301 ], [ 15.8740282058716, 39.553470611572301 ], [ 15.8740282058716, 39.554027557372997 ], [ 15.873748779296999, 39.554027557372997 ], [ 15.873748779296999, 39.554862976074197 ], [ 15.8734712600709, 39.554862976074197 ], [ 15.8734712600709, 39.555416107177798 ], [ 15.8731956481934, 39.555416107177798 ], [ 15.8731956481934, 39.555973052978501 ], [ 15.8729152679444, 39.555973052978501 ], [ 15.8729152679444, 39.557083129882898 ], [ 15.8726396560669, 39.557083129882898 ], [ 15.8726396560669, 39.5576400756837 ], [ 15.8723611831665, 39.5576400756837 ], [ 15.8723611831665, 39.558471679687599 ], [ 15.872082710266101, 39.558471679687599 ], [ 15.872082710266101, 39.559028625488402 ], [ 15.87180519104, 39.559028625488402 ], [ 15.87180519104, 39.559581756591797 ], [ 15.8715267181396, 39.559581756591797 ], [ 15.8715267181396, 39.5609741210937 ], [ 15.871249198913601, 39.5609741210937 ], [ 15.871249198913601, 39.561805725097699 ], [ 15.8709726333618, 39.561805725097699 ], [ 15.8709726333618, 39.565971374511697 ], [ 15.8706932067871, 39.565971374511697 ], [ 15.8706932067871, 39.5665283203125 ], [ 15.8704166412353, 39.5665283203125 ], [ 15.8704166412353, 39.567916870117202 ], [ 15.8701391220094, 39.567916870117202 ], [ 15.8701391220094, 39.568473815917997 ], [ 15.8698606491088, 39.568473815917997 ], [ 15.8698606491088, 39.569026947021598 ], [ 15.8695831298829, 39.569026947021598 ], [ 15.8695831298829, 39.569862365722699 ], [ 15.8693046569825, 39.569862365722699 ], [ 15.8693046569825, 39.570415496826101 ], [ 15.8690271377565, 39.570415496826101 ], [ 15.8690271377565, 39.570972442627102 ], [ 15.868748664856099, 39.570972442627102 ], [ 15.868748664856099, 39.5712509155275 ], [ 15.86847114563, 39.5712509155275 ], [ 15.86847114563, 39.572917938232401 ], [ 15.8681945800782, 39.572917938232401 ], [ 15.8681945800782, 39.573471069336001 ], [ 15.867917060852101, 39.573471069336001 ], [ 15.867917060852101, 39.573749542236399 ], [ 15.867638587951699, 39.573749542236399 ], [ 15.867638587951699, 39.574028015136797 ], [ 15.8673610687256, 39.574028015136797 ], [ 15.8673610687256, 39.574584960937599 ], [ 15.8670825958253, 39.574584960937599 ], [ 15.8670825958253, 39.575138092041101 ], [ 15.866805076599199, 39.575138092041101 ], [ 15.866805076599199, 39.575416564941499 ], [ 15.8665266036988, 39.575416564941499 ], [ 15.8665266036988, 39.575695037841903 ], [ 15.8662509918213, 39.575695037841903 ], [ 15.8662509918213, 39.576248168945298 ], [ 15.865973472595201, 39.576248168945298 ], [ 15.865973472595201, 39.576526641845703 ], [ 15.865694999694799, 39.576526641845703 ], [ 15.865694999694799, 39.576805114746001 ], [ 15.8654165267944, 39.576805114746001 ], [ 15.8654165267944, 39.577083587646399 ], [ 15.8651390075684, 39.577083587646399 ], [ 15.8651390075684, 39.577640533447401 ], [ 15.864860534668001, 39.577640533447401 ], [ 15.864860534668001, 39.577915191650398 ], [ 15.8645830154418, 39.577915191650398 ], [ 15.8645830154418, 39.5784721374512 ], [ 15.8643045425415, 39.5784721374512 ], [ 15.8643045425415, 39.578659057617301 ], [ 15.8643045425415, 39.578750610351598 ], [ 15.864028930664199, 39.578750610351598 ], [ 15.864028930664199, 39.579860687255902 ], [ 15.863751411438001, 39.579860687255902 ], [ 15.863751411438001, 39.580417633056697 ], [ 15.863472938537701, 39.580417633056697 ], [ 15.863472938537701, 39.581249237060703 ], [ 15.8631954193116, 39.581249237060703 ], [ 15.8631954193116, 39.581527709961001 ], [ 15.8629169464112, 39.581527709961001 ], [ 15.8629169464112, 39.582359313964801 ], [ 15.862639427185099, 39.582359313964801 ], [ 15.862639427185099, 39.582916259765597 ], [ 15.8623609542847, 39.582916259765597 ], [ 15.8623609542847, 39.5834732055663 ], [ 15.8620834350587, 39.5834732055663 ], [ 15.8620834350587, 39.584304809570298 ], [ 15.8618068695068, 39.584304809570298 ], [ 15.8618068695068, 39.585414886474702 ], [ 15.861525535583599, 39.585414886474702 ], [ 15.861525535583599, 39.586807250976598 ], [ 15.8612508773804, 39.586807250976598 ], [ 15.8612508773804, 39.587360382080199 ], [ 15.8609733581543, 39.587360382080199 ], [ 15.8609733581543, 39.588470458984403 ], [ 15.860694885253899, 39.588470458984403 ], [ 15.860694885253899, 39.589027404785099 ], [ 15.8604173660278, 39.589027404785099 ], [ 15.8604173660278, 39.589584350585902 ], [ 15.8601379394531, 39.589584350585902 ], [ 15.8601379394531, 39.5898628234863 ], [ 15.859860420227101, 39.5898628234863 ], [ 15.859860420227101, 39.590972900390597 ], [ 15.859581947326699, 39.590972900390597 ], [ 15.859581947326699, 39.593490600586001 ], [ 15.859581947326699, 39.596527099609403 ], [ 15.8593044281006, 39.596527099609403 ], [ 15.8593044281006, 39.597084045410199 ], [ 15.859028816223301, 39.597084045410199 ], [ 15.859028816223301, 39.597362518310497 ], [ 15.858750343322701, 39.597362518310497 ], [ 15.858750343322701, 39.597915649414198 ], [ 15.858471870422299, 39.597915649414198 ], [ 15.858471870422299, 39.598472595214901 ], [ 15.858194351196399, 39.598472595214901 ], [ 15.858194351196399, 39.598751068115298 ], [ 15.857915878295801, 39.598751068115298 ], [ 15.857915878295801, 39.5993041992187 ], [ 15.857638359069901, 39.5993041992187 ], [ 15.857638359069901, 39.599861145019602 ], [ 15.857359886169499, 39.599861145019602 ], [ 15.857359886169499, 39.600692749023402 ], [ 15.857084274291999, 39.600692749023402 ], [ 15.857084274291999, 39.602359771728601 ], [ 15.856805801391699, 39.602359771728601 ], [ 15.856805801391699, 39.603473663330099 ], [ 15.8565282821656, 39.603473663330099 ], [ 15.8565282821656, 39.605140686035199 ], [ 15.856249809265201, 39.605140686035199 ], [ 15.856249809265201, 39.605693817138601 ], [ 15.8559722900391, 39.605693817138601 ], [ 15.8559722900391, 39.606250762939602 ], [ 15.8556938171387, 39.606250762939602 ], [ 15.8556938171387, 39.6073608398437 ], [ 15.855416297912701, 39.6073608398437 ], [ 15.855416297912701, 39.608470916748097 ], [ 15.855137825012299, 39.608470916748097 ], [ 15.855137825012299, 39.609306335449297 ], [ 15.854862213134799, 39.609306335449297 ], [ 15.854862213134799, 39.609584808349702 ], [ 15.8545837402344, 39.609584808349702 ], [ 15.8545837402344, 39.610137939453203 ], [ 15.854306221008301, 39.610137939453203 ], [ 15.854306221008301, 39.610694885253999 ], [ 15.854027748107899, 39.610694885253999 ], [ 15.854027748107899, 39.611251831054702 ], [ 15.8537502288818, 39.611251831054702 ], [ 15.8537502288818, 39.612083435058501 ], [ 15.853471755981399, 39.612083435058501 ], [ 15.853471755981399, 39.612361907959098 ], [ 15.8531942367554, 39.612361907959098 ], [ 15.8531942367554, 39.613193511962898 ], [ 15.852915763855, 39.613193511962898 ], [ 15.852915763855, 39.614582061767599 ], [ 15.852640151977701, 39.614582061767599 ], [ 15.852640151977701, 39.615139007568402 ], [ 15.8523597717285, 39.615139007568402 ], [ 15.8523597717285, 39.615695953369197 ], [ 15.8520841598512, 39.615695953369197 ], [ 15.8520841598512, 39.615970611572401 ], [ 15.851805686950801, 39.615970611572401 ], [ 15.851805686950801, 39.617362976074297 ], [ 15.8515281677247, 39.617362976074297 ], [ 15.8515281677247, 39.618194580078097 ], [ 15.8512496948243, 39.618194580078097 ], [ 15.8512496948243, 39.618751525878999 ], [ 15.8509721755982, 39.618751525878999 ], [ 15.8509721755982, 39.6190795898438 ], [ 15.8509721755982, 39.619304656982401 ], [ 15.850783348083599, 39.619304656982401 ], [ 15.8506937026979, 39.619304656982401 ], [ 15.8506937026979, 39.620693206787202 ], [ 15.8504180908204, 39.620693206787202 ], [ 15.8504180908204, 39.620971679687599 ], [ 15.8498620986938, 39.620971679687599 ], [ 15.8498620986938, 39.621250152587898 ], [ 15.8495836257935, 39.621250152587898 ], [ 15.8495836257935, 39.621528625488303 ], [ 15.8487501144409, 39.621528625488303 ], [ 15.8487501144409, 39.621250152587898 ], [ 15.847917556762599, 39.621250152587898 ], [ 15.847917556762599, 39.620971679687599 ], [ 15.8470840454103, 39.620971679687599 ], [ 15.8470840454103, 39.621250152587898 ], [ 15.8468055725097, 39.621250152587898 ], [ 15.8468055725097, 39.621528625488303 ], [ 15.8465270996093, 39.621528625488303 ], [ 15.8465270996093, 39.6218070983887 ], [ 15.846248626708901, 39.6218070983887 ], [ 15.846248626708901, 39.623195648193501 ], [ 15.845971107482899, 39.623195648193501 ], [ 15.845971107482899, 39.623474121093899 ], [ 15.845696449279799, 39.623474121093899 ], [ 15.845696449279799, 39.623748779296903 ], [ 15.8454179763794, 39.623748779296903 ], [ 15.8454179763794, 39.624305725097699 ], [ 15.845138549804799, 39.624305725097699 ], [ 15.845138549804799, 39.625415802002003 ], [ 15.8448610305787, 39.625415802002003 ], [ 15.8448610305787, 39.625816345214801 ], [ 15.8448610305787, 39.626251220703097 ], [ 15.844582557678301, 39.626251220703097 ], [ 15.844582557678301, 39.626525878906399 ], [ 15.8443050384522, 39.626529693603501 ], [ 15.8443050384522, 39.627639770507898 ], [ 15.8440265655518, 39.627639770507898 ], [ 15.8440265655518, 39.627918243408303 ], [ 15.8437490463257, 39.627918243408303 ], [ 15.8437490463257, 39.628471374511797 ], [ 15.8434734344482, 39.628471374511797 ], [ 15.8434734344482, 39.629306793212997 ], [ 15.8431930541993, 39.629306793212997 ], [ 15.8431930541993, 39.631526947021499 ], [ 15.8429174423218, 39.631526947021499 ], [ 15.8429174423218, 39.632362365722599 ], [ 15.842638969421399, 39.632362365722599 ], [ 15.842638969421399, 39.633193969726598 ], [ 15.8423614501953, 39.633193969726598 ], [ 15.8423614501953, 39.634029388427798 ], [ 15.842082977294901, 39.634029388427798 ], [ 15.842082977294901, 39.634860992431797 ], [ 15.8418054580688, 39.634860992431797 ], [ 15.8418054580688, 39.637916564941499 ], [ 15.8415269851685, 39.637916564941499 ], [ 15.8415269851685, 39.638748168945398 ], [ 15.841251373291099, 39.638748168945398 ], [ 15.841251373291099, 39.639583587646499 ], [ 15.840970993041999, 39.639583587646499 ], [ 15.840970993041999, 39.639862060546903 ], [ 15.8406953811647, 39.639862060546903 ], [ 15.8406953811647, 39.640415191650298 ], [ 15.8404169082643, 39.640415191650298 ], [ 15.8403873443604, 39.640682220458999 ], [ 15.840353012085099, 39.6409721374513 ], [ 15.8401393890382, 39.6409721374513 ], [ 15.8401393890382, 39.641250610351698 ], [ 15.8398609161378, 39.641250610351698 ], [ 15.8398609161378, 39.642917633056598 ], [ 15.839583396911699, 39.642917633056598 ], [ 15.839583396911699, 39.644027709961001 ], [ 15.8393049240113, 39.644027709961001 ], [ 15.8393049240113, 39.644859313965 ], [ 15.839027404785201, 39.644859313965 ], [ 15.839027404785201, 39.645416259765703 ], [ 15.838748931884901, 39.645416259765703 ], [ 15.838748931884901, 39.645973205566499 ], [ 15.838473320007401, 39.645973205566499 ], [ 15.838473320007401, 39.649532318115298 ], [ 15.838473320007401, 39.649860382080099 ], [ 15.838194847106999, 39.649860382080099 ], [ 15.838163375854499, 39.650794982910298 ], [ 15.83815574646, 39.650970458984503 ], [ 15.8379173278809, 39.650970458984503 ], [ 15.8379173278809, 39.651527404785298 ], [ 15.837638854980501, 39.651527404785298 ], [ 15.837638854980501, 39.652084350586101 ], [ 15.8373613357544, 39.652084350586101 ], [ 15.8373613357544, 39.652637481689503 ], [ 15.837082862854, 39.652637481689503 ], [ 15.837082862854, 39.652915954589801 ], [ 15.836805343627899, 39.652915954589801 ], [ 15.836805343627899, 39.653194427490199 ], [ 15.8365287780762, 39.653194427490199 ], [ 15.8365287780762, 39.653472900390597 ], [ 15.83625125885, 39.653472900390597 ], [ 15.83625125885, 39.654026031494197 ], [ 15.8359727859496, 39.654026031494197 ], [ 15.8359727859496, 39.654304504394503 ], [ 15.835695266723601, 39.654304504394503 ], [ 15.835695266723601, 39.654582977294901 ], [ 15.8354167938232, 39.654582977294901 ], [ 15.8354167938232, 39.656528472900398 ], [ 15.835139274597299, 39.656528472900398 ], [ 15.835139274597299, 39.658748626708999 ], [ 15.834860801696699, 39.658748626708999 ], [ 15.834860801696699, 39.6601371765137 ], [ 15.834583282470801, 39.6601371765137 ], [ 15.834583282470801, 39.662361145019602 ], [ 15.834306716919, 39.662361145019602 ], [ 15.834306716919, 39.662918090820398 ], [ 15.8340291976929, 39.662918090820398 ], [ 15.8340291976929, 39.663471221923899 ], [ 15.8337507247925, 39.663471221923899 ], [ 15.8337507247925, 39.664585113525497 ], [ 15.8334732055665, 39.664585113525497 ], [ 15.8334732055665, 39.665138244628899 ], [ 15.833194732666099, 39.665138244628899 ], [ 15.833194732666099, 39.665695190429702 ], [ 15.8329162597657, 39.665695190429702 ], [ 15.8329162597657, 39.666248321533303 ], [ 15.8326377868653, 39.666248321533303 ], [ 15.8326377868653, 39.666454315185597 ], [ 15.8326377868653, 39.667083740234403 ], [ 15.832360267639199, 39.667083740234403 ], [ 15.832360267639199, 39.667362213134801 ], [ 15.832084655761699, 39.667362213134801 ], [ 15.832084655761699, 39.667915344238402 ], [ 15.8318042755128, 39.667915344238402 ], [ 15.8318042755128, 39.6681938171387 ], [ 15.831658363342401, 39.6681938171387 ], [ 15.8315277099609, 39.6681938171387 ], [ 15.8315277099609, 39.669029235839901 ], [ 15.831250190734901, 39.669029235839901 ], [ 15.831250190734901, 39.669582366943501 ], [ 15.830971717834499, 39.669582366943501 ], [ 15.830971717834499, 39.669860839843899 ], [ 15.8284721374513, 39.669860839843899 ], [ 15.8284721374513, 39.670139312744297 ], [ 15.827029228210501, 39.670139312744297 ], [ 15.826527595520099, 39.670139312744297 ], [ 15.826527595520099, 39.670417785644602 ], [ 15.826250076294, 39.670417785644602 ], [ 15.826250076294, 39.670650482177798 ], [ 15.825971603393601, 39.670696258545 ], [ 15.825971603393601, 39.670833587646499 ], [ 15.825971603393601, 39.671249389648402 ], [ 15.826250076294, 39.671249389648402 ], [ 15.826250076294, 39.6715278625488 ], [ 15.826527595520099, 39.6715278625488 ], [ 15.826527595520099, 39.672916412353601 ], [ 15.826250076294, 39.672916412353601 ], [ 15.826250076294, 39.673194885253999 ], [ 15.8256940841675, 39.673194885253999 ], [ 15.8256940841675, 39.673473358154297 ], [ 15.8245840072632, 39.673473358154297 ], [ 15.8245840072632, 39.673751831054702 ], [ 15.824028015136699, 39.673751831054702 ], [ 15.824028015136699, 39.674026489257898 ], [ 15.823193550109799, 39.674026489257898 ], [ 15.823193550109799, 39.674304962158303 ], [ 15.822361946106, 39.674304962158303 ], [ 15.822361946106, 39.6745834350587 ], [ 15.8215284347535, 39.6745834350587 ], [ 15.8215284347535, 39.674861907958999 ], [ 15.820972442626999, 39.674861907958999 ], [ 15.820972442626999, 39.675140380859403 ], [ 15.820695877075201, 39.675140380859403 ], [ 15.820693016052299, 39.675415039062401 ], [ 15.819583892822299, 39.675415039062401 ], [ 15.819583892822299, 39.675693511962798 ], [ 15.8190269470215, 39.675693511962798 ], [ 15.8190269470215, 39.675971984863402 ], [ 15.818470954895, 39.675971984863402 ], [ 15.818470954895, 39.6762504577638 ], [ 15.818196296691999, 39.6762504577638 ], [ 15.818196296691999, 39.676528930664198 ], [ 15.8176393508912, 39.676528930664198 ], [ 15.8176393508912, 39.676807403564602 ], [ 15.817288398742701, 39.676807403564602 ], [ 15.815417289733899, 39.676807403564602 ], [ 15.815417289733899, 39.677082061767599 ], [ 15.815138816833599, 39.677082061767599 ], [ 15.815138816833599, 39.677360534667997 ], [ 15.814582824707101, 39.677360534667997 ], [ 15.814582824707101, 39.677639007568402 ], [ 15.814305305481, 39.677639007568402 ], [ 15.814305305481, 39.678195953369098 ], [ 15.814582824707101, 39.678195953369098 ], [ 15.814582824707101, 39.678749084472699 ], [ 15.815138816833599, 39.678749084472699 ], [ 15.815138816833599, 39.679027557373097 ], [ 15.815417289733899, 39.679027557373097 ], [ 15.815417289733899, 39.679306030273501 ], [ 15.81569480896, 39.679306030273501 ], [ 15.81569480896, 39.680416107177798 ], [ 15.8159732818604, 39.680416107177798 ], [ 15.8159732818604, 39.681251525878999 ], [ 15.8162488937379, 39.681251525878999 ], [ 15.8162488937379, 39.683750152587898 ], [ 15.8159732818604, 39.683750152587898 ], [ 15.8159732818604, 39.685695648193402 ], [ 15.81569480896, 39.685695648193402 ], [ 15.81569480896, 39.686805725097798 ], [ 15.815417289733899, 39.686805725097798 ], [ 15.815417289733899, 39.688194274902301 ], [ 15.815138816833599, 39.688194274902301 ], [ 15.815138816833599, 39.689304351806598 ], [ 15.8148612976075, 39.689304351806598 ], [ 15.8148612976075, 39.689861297607401 ], [ 15.814582824707101, 39.689861297607401 ], [ 15.814582824707101, 39.690971374511797 ], [ 15.814305305481, 39.690971374511797 ], [ 15.814305305481, 39.692081451416101 ], [ 15.8140268325806, 39.692085266113303 ], [ 15.8140268325806, 39.692638397216903 ], [ 15.8137512207031, 39.692638397216903 ], [ 15.8137512207031, 39.692916870117301 ], [ 15.813470840454199, 39.692916870117301 ], [ 15.813470840454199, 39.693748474121101 ], [ 15.813195228576699, 39.693748474121101 ], [ 15.813195228576699, 39.694583892822202 ], [ 15.8129167556763, 39.694583892822202 ], [ 15.8129167556763, 39.695137023925803 ], [ 15.812639236450201, 39.695137023925803 ], [ 15.812639236450201, 39.695972442627003 ], [ 15.812360763549799, 39.695972442627003 ], [ 15.812360763549799, 39.696529388427699 ], [ 15.8120832443237, 39.696529388427699 ], [ 15.8120832443237, 39.6970825195313 ], [ 15.811804771423301, 39.6970825195313 ], [ 15.811804771423301, 39.697360992431697 ], [ 15.811529159546, 39.697360992431697 ], [ 15.811529159546, 39.6979179382325 ], [ 15.8112487792968, 39.6979179382325 ], [ 15.8112487792968, 39.698471069336101 ], [ 15.810973167419499, 39.698471069336101 ], [ 15.810973167419499, 39.698749542236399 ], [ 15.810694694519199, 39.698749542236399 ], [ 15.810694694519199, 39.699028015136797 ], [ 15.810417175293001, 39.699028015136797 ], [ 15.810417175293001, 39.699584960937599 ], [ 15.810138702392701, 39.699584960937599 ], [ 15.810138702392701, 39.701248168945398 ], [ 15.8098611831666, 39.701248168945398 ], [ 15.8098611831666, 39.702083587646499 ], [ 15.810138702392701, 39.702083587646499 ], [ 15.810138702392701, 39.702915191650497 ], [ 15.810417175293001, 39.702915191650497 ], [ 15.810417175293001, 39.708503723144602 ], [ 15.810417175293001, 39.7098617553712 ], [ 15.810138702392701, 39.7098617553712 ], [ 15.810138702392701, 39.710414886474602 ], [ 15.8098611831666, 39.710414886474602 ], [ 15.8098516464235, 39.710693359374901 ], [ 15.809305191040099, 39.710693359374901 ], [ 15.809305191040099, 39.710971832275497 ], [ 15.8079166412353, 39.710971832275497 ], [ 15.8079166412353, 39.711250305175902 ], [ 15.8076391220093, 39.711250305175902 ], [ 15.8076391220093, 39.7115287780763 ], [ 15.807360649108899, 39.7115287780763 ], [ 15.807360649108899, 39.711807250976698 ], [ 15.8070821762085, 39.711807250976698 ], [ 15.8070821762085, 39.712081909179702 ], [ 15.806529045105099, 39.712081909179702 ], [ 15.806529045105099, 39.712360382080099 ], [ 15.806250572204499, 39.712360382080099 ], [ 15.806250572204499, 39.712638854980497 ], [ 15.8056936264037, 39.712638854980497 ], [ 15.8056936264037, 39.712917327880902 ], [ 15.805137634277299, 39.712917327880902 ], [ 15.805137634277299, 39.7131958007812 ], [ 15.8040275573731, 39.7131958007812 ], [ 15.8040275573731, 39.714584350586001 ], [ 15.8043060302735, 39.714584350586001 ], [ 15.8043060302735, 39.7148628234863 ], [ 15.805137634277299, 39.7148628234863 ], [ 15.805137634277299, 39.715137481689602 ], [ 15.805416107177701, 39.715137481689602 ], [ 15.805416107177701, 39.71541595459 ], [ 15.8056936264037, 39.71541595459 ], [ 15.8056936264037, 39.716251373291101 ], [ 15.805416107177701, 39.716251373291101 ], [ 15.805416107177701, 39.717082977294901 ], [ 15.805137634277299, 39.717082977294901 ], [ 15.805137634277299, 39.717639923095803 ], [ 15.805416107177701, 39.717639923095803 ], [ 15.805416107177701, 39.7179183959962 ], [ 15.8056936264037, 39.7179183959962 ], [ 15.8056936264037, 39.718193054199197 ], [ 15.806806564331, 39.718193054199197 ], [ 15.806806564331, 39.7179183959962 ], [ 15.807360649108899, 39.7179183959962 ], [ 15.807360649108899, 39.717639923095803 ], [ 15.8090267181397, 39.717639923095803 ], [ 15.8090267181397, 39.7179183959962 ], [ 15.809305191040099, 39.7179183959962 ], [ 15.809305191040099, 39.718193054199197 ], [ 15.8095827102662, 39.718193054199197 ], [ 15.8095827102662, 39.718471527099602 ], [ 15.8098611831666, 39.718471527099602 ], [ 15.8098611831666, 39.719028472900398 ], [ 15.810138702392701, 39.719028472900398 ], [ 15.810138702392701, 39.719306945800803 ], [ 15.810417175293001, 39.719306945800803 ], [ 15.810417175293001, 39.721527099609503 ], [ 15.810138702392701, 39.721527099609503 ], [ 15.810138702392701, 39.7243041992187 ], [ 15.8098611831666, 39.7243041992187 ], [ 15.8098611831666, 39.725971221923899 ], [ 15.8095827102662, 39.725971221923899 ], [ 15.8095827102662, 39.726081848144602 ], [ 15.809511184692401, 39.727085113525398 ], [ 15.809305191040099, 39.727085113525398 ], [ 15.809305191040099, 39.727916717529403 ], [ 15.8090267181397, 39.727916717529403 ], [ 15.8090267181397, 39.729583740234297 ], [ 15.8087511062622, 39.729583740234297 ], [ 15.8087511062622, 39.7306938171387 ], [ 15.8084726333618, 39.7306938171387 ], [ 15.8084726333618, 39.731681823730398 ], [ 15.8084726333618, 39.734123229980597 ], [ 15.8084726333618, 39.734859466552699 ], [ 15.8081951141357, 39.734859466552699 ], [ 15.8081951141357, 39.735107421874901 ], [ 15.8081951141357, 39.736251831054602 ], [ 15.8079166412353, 39.736251831054602 ], [ 15.8079166412353, 39.737915039062599 ], [ 15.8076391220093, 39.737915039062599 ], [ 15.8076391220093, 39.738471984863303 ], [ 15.807360649108899, 39.738471984863303 ], [ 15.807360649108899, 39.739028930664098 ], [ 15.8070821762085, 39.739044189453203 ], [ 15.8070821762085, 39.739307403564503 ], [ 15.8070077896119, 39.739307403564503 ], [ 15.806806564331, 39.739307403564503 ], [ 15.806806564331, 39.740020751953203 ], [ 15.80677318573, 39.740139007568501 ], [ 15.806529045105099, 39.740139007568501 ], [ 15.806529045105099, 39.740970611572301 ], [ 15.806250572204499, 39.740970611572301 ], [ 15.806250572204499, 39.741527557372997 ], [ 15.805973052978599, 39.741527557372997 ], [ 15.805973052978599, 39.742637634277401 ], [ 15.8056936264037, 39.742637634277401 ], [ 15.8056936264037, 39.743473052978501 ], [ 15.805416107177701, 39.743473052978501 ], [ 15.805416107177701, 39.744026184082102 ], [ 15.805137634277299, 39.744026184082102 ], [ 15.805137634277299, 39.744705200195298 ], [ 15.805137634277299, 39.744861602783303 ], [ 15.804860115051399, 39.744861602783303 ], [ 15.804860115051399, 39.745693206787003 ], [ 15.8045854568482, 39.745693206787003 ], [ 15.8045854568482, 39.746528625488402 ], [ 15.8043060302735, 39.746528625488402 ], [ 15.8043060302735, 39.747360229492202 ], [ 15.8040275573731, 39.747360229492202 ], [ 15.8040275573731, 39.747917175292997 ], [ 15.803750038146999, 39.747917175292997 ], [ 15.803750038146999, 39.7484741210938 ], [ 15.8034715652466, 39.7484741210938 ], [ 15.8034715652466, 39.749305725097699 ], [ 15.8031940460206, 39.749305725097699 ], [ 15.8031940460206, 39.7506942749025 ], [ 15.802915573120201, 39.7506942749025 ], [ 15.802915573120201, 39.750972747802798 ], [ 15.8026380538941, 39.750972747802798 ], [ 15.8026380538941, 39.751804351806598 ], [ 15.8023624420166, 39.751804351806598 ], [ 15.8023624420166, 39.7523612976075 ], [ 15.802082061767599, 39.7523612976075 ], [ 15.802082061767599, 39.754581451416101 ], [ 15.801806449890099, 39.754585266113303 ], [ 15.801806449890099, 39.755138397216797 ], [ 15.8015279769897, 39.755138397216797 ], [ 15.8015279769897, 39.756931304931797 ], [ 15.8015279769897, 39.757637023925803 ], [ 15.8012504577637, 39.757637023925803 ], [ 15.8012504577637, 39.757789611816499 ], [ 15.8012504577637, 39.758472442626903 ], [ 15.800971984863301, 39.758472442626903 ], [ 15.800971984863301, 39.7586479187013 ], [ 15.8009386062622, 39.7587509155275 ], [ 15.8006944656372, 39.7587509155275 ], [ 15.8006944656372, 39.759304046630902 ], [ 15.8004159927368, 39.759304046630902 ], [ 15.8004159927368, 39.759860992431598 ], [ 15.8001384735107, 39.759860992431598 ], [ 15.8001384735107, 39.760139465332003 ], [ 15.7998600006104, 39.760139465332003 ], [ 15.7998600006104, 39.760692596435597 ], [ 15.799584388733001, 39.760692596435597 ], [ 15.799584388733001, 39.761249542236399 ], [ 15.799305915832599, 39.761249542236399 ], [ 15.799305915832599, 39.762084960937599 ], [ 15.7990283966066, 39.762084960937599 ], [ 15.7990283966066, 39.762393951416101 ], [ 15.7990283966066, 39.762916564941499 ], [ 15.7987499237062, 39.762916564941499 ], [ 15.7987499237062, 39.764026641845703 ], [ 15.79847240448, 39.764026641845703 ], [ 15.79847240448, 39.765140533447401 ], [ 15.7981939315797, 39.765140533447401 ], [ 15.7981939315797, 39.766792297363303 ], [ 15.7981939315797, 39.767082214355497 ], [ 15.798093795776399, 39.767082214355497 ], [ 15.797916412353599, 39.767082214355497 ], [ 15.797916412353599, 39.767360687255902 ], [ 15.7976398468018, 39.767360687255902 ], [ 15.7976398468018, 39.767917633056697 ], [ 15.7973623275757, 39.767917633056697 ], [ 15.7973623275757, 39.769027709961101 ], [ 15.7970838546754, 39.769027709961101 ], [ 15.7970838546754, 39.769859313964801 ], [ 15.796806335449199, 39.769859313964801 ], [ 15.796806335449199, 39.770416259765597 ], [ 15.7965278625488, 39.770416259765597 ], [ 15.7965278625488, 39.7709732055663 ], [ 15.7962503433228, 39.7709732055663 ], [ 15.7962503433228, 39.771251678466697 ], [ 15.795971870422401, 39.771251678466697 ], [ 15.795971870422401, 39.772083282470703 ], [ 15.7956943511963, 39.772083282470703 ], [ 15.7956943511963, 39.773193359375099 ], [ 15.795417785644499, 39.773193359375099 ], [ 15.795417785644499, 39.774307250976598 ], [ 15.7951402664184, 39.774307250976598 ], [ 15.7951402664184, 39.775138854980597 ], [ 15.794861793518001, 39.775138854980597 ], [ 15.794861793518001, 39.775695800781399 ], [ 15.794584274292101, 39.775695800781399 ], [ 15.794584274292101, 39.776527404785199 ], [ 15.7943058013915, 39.776527404785199 ], [ 15.7943058013915, 39.777915954589901 ], [ 15.7940282821656, 39.777915954589901 ], [ 15.7940282821656, 39.778751373291001 ], [ 15.793749809265201, 39.778751373291001 ], [ 15.793749809265201, 39.779582977295 ], [ 15.7934713363647, 39.779582977295 ], [ 15.7934713363647, 39.780693054199197 ], [ 15.793195724487401, 39.780693054199197 ], [ 15.793195724487401, 39.782360076904297 ], [ 15.7929153442384, 39.782360076904297 ], [ 15.7929153442384, 39.784305572509801 ], [ 15.7926397323609, 39.784305572509801 ], [ 15.7926397323609, 39.7851371765138 ], [ 15.792362213134799, 39.7851371765138 ], [ 15.792362213134799, 39.785694122314602 ], [ 15.792082786560099, 39.785694122314602 ], [ 15.792082786560099, 39.7868041992187 ], [ 15.791805267334, 39.7868041992187 ], [ 15.791805267334, 39.78763961792 ], [ 15.7915267944337, 39.78763961792 ], [ 15.7915267944337, 39.788192749023402 ], [ 15.791249275207599, 39.788192749023402 ], [ 15.791249275207599, 39.793472290038999 ], [ 15.7915267944337, 39.793472290038999 ], [ 15.7915267944337, 39.794303894042997 ], [ 15.791249275207599, 39.794303894042997 ], [ 15.791249275207599, 39.794582366943402 ], [ 15.790973663330099, 39.794582366943402 ], [ 15.7909708023072, 39.7948608398438 ], [ 15.790693283081101, 39.7948608398438 ], [ 15.790693283081101, 39.795696258544901 ], [ 15.7904167175293, 39.795696258544901 ], [ 15.7904167175293, 39.797084808349702 ], [ 15.7901391983032, 39.797084808349702 ], [ 15.7901391983032, 39.798473358154403 ], [ 15.7898607254028, 39.798473358154403 ], [ 15.7898607254028, 39.799583435058501 ], [ 15.7895832061768, 39.799583435058501 ], [ 15.7895832061768, 39.800415039062599 ], [ 15.789304733276399, 39.800415039062599 ], [ 15.789304733276399, 39.802360534667997 ], [ 15.7890272140503, 39.802360534667997 ], [ 15.7890272140503, 39.8029174804688 ], [ 15.788748741149901, 39.8029174804688 ], [ 15.788748741149901, 39.803470611572401 ], [ 15.7884712219238, 39.803470611572401 ], [ 15.7884712219238, 39.804862976074297 ], [ 15.7881946563722, 39.804862976074297 ], [ 15.7881946563722, 39.8068046569825 ], [ 15.787917137146099, 39.8068046569825 ], [ 15.787917137146099, 39.809028625488303 ], [ 15.7876386642457, 39.809028625488303 ], [ 15.7876386642457, 39.809860229492301 ], [ 15.787361145019601, 39.809860229492301 ], [ 15.787361145019601, 39.811527252197301 ], [ 15.7870826721193, 39.811527252197301 ], [ 15.7870531082154, 39.813751220703097 ], [ 15.7868051528932, 39.813751220703097 ], [ 15.7868051528932, 39.814178466796903 ], [ 15.7868051528932, 39.814304351806797 ], [ 15.7865266799928, 39.814304351806797 ], [ 15.7865266799928, 39.814655303955099 ], [ 15.7865266799928, 39.8156929016113 ], [ 15.7862510681153, 39.8156929016113 ], [ 15.7862510681153, 39.816249847412202 ], [ 15.785972595214901, 39.816249847412202 ], [ 15.785972595214901, 39.817081451416001 ], [ 15.7856950759888, 39.817085266113402 ], [ 15.7856950759888, 39.817359924316399 ], [ 15.7854166030884, 39.817359924316399 ], [ 15.7854166030884, 39.817638397216797 ], [ 15.784860610961999, 39.817638397216797 ], [ 15.784860610961999, 39.817916870117202 ], [ 15.784624099731399, 39.817916870117202 ], [ 15.784304618835501, 39.817916870117202 ], [ 15.784304618835501, 39.818195343017599 ], [ 15.784029006958001, 39.818195343017599 ], [ 15.784029006958001, 39.818473815917997 ], [ 15.783748626709, 39.818473815917997 ], [ 15.783748626709, 39.8187484741212 ], [ 15.7834730148315, 39.8187484741212 ], [ 15.7834730148315, 39.819026947021499 ], [ 15.7831945419312, 39.819026947021499 ], [ 15.7831945419312, 39.819305419921903 ], [ 15.7826385498046, 39.819305419921903 ], [ 15.7826385498046, 39.819583892822301 ], [ 15.7820825576782, 39.819583892822301 ], [ 15.7820825576782, 39.819862365722699 ], [ 15.778194427490201, 39.819862365722699 ], [ 15.778194427490201, 39.820137023925902 ], [ 15.7776384353638, 39.820137023925902 ], [ 15.7776384353638, 39.820693969726698 ], [ 15.7773599624634, 39.820693969726698 ], [ 15.7773599624634, 39.820972442627003 ], [ 15.777084350586099, 39.820972442627003 ], [ 15.777084350586099, 39.821250915527401 ], [ 15.776805877685501, 39.821250915527401 ], [ 15.776805877685501, 39.821804046630803 ], [ 15.776528358459601, 39.821804046630803 ], [ 15.776528358459601, 39.8220825195312 ], [ 15.776249885559199, 39.8220825195312 ], [ 15.776249885559199, 39.822639465332102 ], [ 15.7759723663331, 39.822639465332102 ], [ 15.7759723663331, 39.823471069335902 ], [ 15.775693893432701, 39.823471069335902 ], [ 15.775693893432701, 39.825416564941499 ], [ 15.775416374206699, 39.825416564941499 ], [ 15.775416374206699, 39.825973510742202 ], [ 15.7751379013063, 39.825973510742202 ], [ 15.7751379013063, 39.826248168945398 ], [ 15.7748622894288, 39.826248168945398 ], [ 15.7748622894288, 39.8268051147462 ], [ 15.7745838165284, 39.8268051147462 ], [ 15.774581909179799, 39.827362060546903 ], [ 15.774306297302299, 39.827362060546903 ], [ 15.774306297302299, 39.828472137451101 ], [ 15.774581909179799, 39.828472137451101 ], [ 15.7745838165284, 39.828750610351698 ], [ 15.7748622894288, 39.828750610351698 ], [ 15.7748622894288, 39.829029083252102 ], [ 15.775693893432701, 39.829029083252102 ], [ 15.775693893432701, 39.829303741455099 ], [ 15.7759723663331, 39.829303741455099 ], [ 15.7759723663331, 39.829582214355497 ], [ 15.776249885559199, 39.829582214355497 ], [ 15.776249885559199, 39.829860687255902 ], [ 15.776528358459601, 39.829860687255902 ], [ 15.776528358459601, 39.830417633056598 ], [ 15.776805877685501, 39.830417633056598 ], [ 15.776805877685501, 39.830970764160199 ], [ 15.777009010315, 39.830970764160199 ], [ 15.777084350586099, 39.830970764160199 ], [ 15.777084350586099, 39.831527709961001 ], [ 15.7773599624634, 39.831527709961001 ], [ 15.7773599624634, 39.831745147705099 ], [ 15.777084350586099, 39.831806182861399 ], [ 15.777084350586099, 39.832084655761797 ], [ 15.776705741882401, 39.832084655761797 ], [ 15.775693893432701, 39.832084655761797 ], [ 15.775693893432701, 39.832359313965 ], [ 15.7712497711182, 39.832359313965 ], [ 15.7712497711182, 39.832637786865298 ], [ 15.770972251891999, 39.832637786865298 ], [ 15.770972251891999, 39.832916259765703 ], [ 15.7704162597656, 39.832916259765703 ], [ 15.7704162597656, 39.833473205566499 ], [ 15.770137786865201, 39.833473205566499 ], [ 15.770137786865201, 39.833751678466903 ], [ 15.7698621749878, 39.833751678466903 ], [ 15.7698621749878, 39.834026336669901 ], [ 15.7695837020875, 39.834026336669901 ], [ 15.7695837020875, 39.834304809570298 ], [ 15.769306182861399, 39.834304809570298 ], [ 15.769306182861399, 39.834861755371001 ], [ 15.769027709961, 39.834861755371001 ], [ 15.769027709961, 39.835414886474702 ], [ 15.768750190734901, 39.835414886474702 ], [ 15.768750190734901, 39.837081909179702 ], [ 15.769027709961, 39.837081909179702 ], [ 15.769027709961, 39.837360382080099 ], [ 15.769306182861399, 39.837360382080099 ], [ 15.769306182861399, 39.837638854980497 ], [ 15.7695837020875, 39.837638854980497 ], [ 15.7695837020875, 39.837917327880902 ], [ 15.7698621749878, 39.837917327880902 ], [ 15.7698621749878, 39.838470458984503 ], [ 15.770137786865201, 39.838470458984503 ], [ 15.770137786865201, 39.839305877685703 ], [ 15.7704162597656, 39.839305877685703 ], [ 15.7704162597656, 39.839584350586101 ], [ 15.7706937789916, 39.839584350586101 ], [ 15.7706937789916, 39.839862823486399 ], [ 15.770972251891999, 39.839862823486399 ], [ 15.770972251891999, 39.840415954589801 ], [ 15.7712497711182, 39.840415954589801 ], [ 15.7712497711182, 39.840694427490199 ], [ 15.7714290618897, 39.840694427490199 ], [ 15.7715282440185, 39.840694427490199 ], [ 15.7715282440185, 39.840858459472699 ], [ 15.7715282440185, 39.841251373291001 ], [ 15.7718057632446, 39.841251373291001 ], [ 15.7718057632446, 39.841526031494197 ], [ 15.772084236145, 39.841526031494197 ], [ 15.772084236145, 39.841804504394602 ], [ 15.7723598480225, 39.841804504394602 ], [ 15.7723598480225, 39.842082977294901 ], [ 15.7726402282715, 39.842113494873097 ], [ 15.7726402282715, 39.842639923095703 ], [ 15.772915840149, 39.842639923095703 ], [ 15.772915840149, 39.842918395996101 ], [ 15.773394584655801, 39.842918395996101 ], [ 15.7734718322754, 39.842983245849602 ], [ 15.7734718322754, 39.843193054199297 ], [ 15.7737216949462, 39.843193054199297 ], [ 15.7740278244019, 39.843193054199297 ], [ 15.7740278244019, 39.843471527099702 ], [ 15.774581909179799, 39.843471527099702 ], [ 15.7745838165284, 39.84375 ], [ 15.7748622894288, 39.84375 ], [ 15.7748622894288, 39.844028472900398 ], [ 15.775416374206699, 39.844028472900398 ], [ 15.775416374206699, 39.844306945800803 ], [ 15.775693893432701, 39.844306945800803 ], [ 15.775693893432701, 39.844581604003999 ], [ 15.7759723663331, 39.844581604003999 ], [ 15.7759723663331, 39.844860076904403 ], [ 15.776249885559199, 39.844860076904403 ], [ 15.776249885559199, 39.845138549804801 ], [ 15.776528358459601, 39.845138549804801 ], [ 15.776528358459601, 39.845417022705199 ], [ 15.776805877685501, 39.845417022705199 ], [ 15.776805877685501, 39.845600128173899 ], [ 15.776805877685501, 39.845695495605597 ], [ 15.776926040649499, 39.845695495605597 ], [ 15.777084350586099, 39.845695495605597 ], [ 15.777084350586099, 39.845817565917997 ], [ 15.777084350586099, 39.845973968506001 ], [ 15.7772903442382, 39.845973968506001 ], [ 15.7773599624634, 39.8460273742675 ], [ 15.7773599624634, 39.846248626708999 ], [ 15.7776384353638, 39.846248626708999 ], [ 15.7776384353638, 39.846527099609403 ], [ 15.777915954589799, 39.846527099609403 ], [ 15.777915954589799, 39.8476371765137 ], [ 15.778194427490201, 39.8476371765137 ], [ 15.778194427490201, 39.848194122314503 ], [ 15.7784719467163, 39.848194122314503 ], [ 15.7784719467163, 39.848472595214801 ], [ 15.778751373291, 39.848472595214801 ], [ 15.778751373291, 39.848751068115199 ], [ 15.7790994644165, 39.848751068115199 ], [ 15.779824256896999, 39.848751068115199 ], [ 15.780138969421399, 39.848751068115199 ], [ 15.780138969421399, 39.849029541015597 ], [ 15.7812509536744, 39.849029541015597 ], [ 15.7812509536744, 39.849304199218899 ], [ 15.7826385498046, 39.849304199218899 ], [ 15.7826385498046, 39.849582672119197 ], [ 15.784583091735801, 39.849582672119197 ], [ 15.784583091735801, 39.849304199218899 ], [ 15.784860610961999, 39.849304199218899 ], [ 15.784860610961999, 39.849029541015597 ], [ 15.785139083862401, 39.849029541015597 ], [ 15.785139083862401, 39.848785400390597 ], [ 15.7854166030884, 39.848751068115199 ], [ 15.7854166030884, 39.848472595214801 ], [ 15.7862510681153, 39.848472595214801 ], [ 15.7862510681153, 39.848194122314503 ], [ 15.7876386642457, 39.848194122314503 ], [ 15.7876386642457, 39.848472595214801 ], [ 15.7878847122194, 39.848472595214801 ], [ 15.7881946563722, 39.848472595214801 ], [ 15.7881946563722, 39.848751068115199 ], [ 15.788748741149901, 39.848751068115199 ], [ 15.788748741149901, 39.849029541015597 ], [ 15.7890272140503, 39.849029541015597 ], [ 15.7890272140503, 39.849582672119197 ], [ 15.789304733276399, 39.849582672119197 ], [ 15.789304733276399, 39.850032806396399 ], [ 15.789304733276399, 39.85013961792 ], [ 15.7894239425659, 39.85013961792 ], [ 15.7895832061768, 39.85013961792 ], [ 15.7895832061768, 39.850292205810597 ], [ 15.7895832061768, 39.850971221923899 ], [ 15.7898607254028, 39.850971221923899 ], [ 15.7898607254028, 39.851367950439403 ], [ 15.7898607254028, 39.855140686035199 ], [ 15.7901391983032, 39.855140686035199 ], [ 15.7901391983032, 39.8556938171388 ], [ 15.7898607254028, 39.8556938171388 ], [ 15.7898607254028, 39.856529235839901 ], [ 15.7901391983032, 39.856529235839901 ], [ 15.7901391983032, 39.857639312744297 ], [ 15.7904167175293, 39.857639312744297 ], [ 15.7904167175293, 39.857917785644602 ], [ 15.7901391983032, 39.857917785644602 ], [ 15.7901391983032, 39.8590278625488 ], [ 15.7904167175293, 39.8590278625488 ], [ 15.7904167175293, 39.859306335449197 ], [ 15.790693283081101, 39.859306335449197 ], [ 15.790693283081101, 39.859859466552798 ], [ 15.791249275207599, 39.859859466552798 ], [ 15.791249275207599, 39.860137939453203 ], [ 15.792362213134799, 39.860137939453203 ], [ 15.792362213134799, 39.860416412353601 ], [ 15.7926397323609, 39.860416412353601 ], [ 15.7926397323609, 39.860492706298899 ], [ 15.7926397323609, 39.860694885253999 ], [ 15.7929153442384, 39.860694885253999 ], [ 15.7929153442384, 39.8637504577638 ], [ 15.7926397323609, 39.8637504577638 ], [ 15.7926397323609, 39.864307403564602 ], [ 15.792362213134799, 39.864307403564602 ], [ 15.792362213134799, 39.865139007568402 ], [ 15.792082786560099, 39.865139007568402 ], [ 15.792082786560099, 39.8652153015137 ], [ 15.792018890381, 39.8654174804688 ], [ 15.791805267334, 39.8654174804688 ], [ 15.791805267334, 39.865695953369098 ], [ 15.7915267944337, 39.865695953369098 ], [ 15.791497230529799, 39.866527557373097 ], [ 15.791249275207599, 39.866527557373097 ], [ 15.791249275207599, 39.866806030273501 ], [ 15.790973663330099, 39.866806030273501 ], [ 15.7909708023072, 39.867084503173899 ], [ 15.790693283081101, 39.867084503173899 ], [ 15.790693283081101, 39.867362976074297 ], [ 15.7904167175293, 39.867362976074297 ], [ 15.7904167175293, 39.8676376342775 ], [ 15.7901391983032, 39.8676376342775 ], [ 15.7901391983032, 39.868194580078203 ], [ 15.7898607254028, 39.868194580078203 ], [ 15.7898607254028, 39.868473052978601 ], [ 15.7895832061768, 39.868473052978601 ], [ 15.7895832061768, 39.869026184082003 ], [ 15.789304733276399, 39.869026184082003 ], [ 15.789304733276399, 39.869583129882798 ], [ 15.7890272140503, 39.869583129882798 ], [ 15.7890272140503, 39.869861602783097 ], [ 15.788748741149901, 39.869861602783097 ], [ 15.788748741149901, 39.870029449462997 ], [ 15.788748741149901, 39.8701400756837 ], [ 15.7881946563722, 39.8701400756837 ], [ 15.7881946563722, 39.870418548584098 ], [ 15.787917137146099, 39.870418548584098 ], [ 15.787917137146099, 39.870693206787102 ], [ 15.7876386642457, 39.870693206787102 ], [ 15.7876386642457, 39.8709716796875 ], [ 15.787361145019601, 39.8709716796875 ], [ 15.787361145019601, 39.871250152587898 ], [ 15.785972595214901, 39.871250152587898 ], [ 15.785972595214901, 39.871528625488303 ], [ 15.7854166030884, 39.871528625488303 ], [ 15.7854166030884, 39.8718070983887 ], [ 15.784860610961999, 39.8718070983887 ], [ 15.784860610961999, 39.872081756591797 ], [ 15.784583091735801, 39.872081756591797 ], [ 15.784583091735801, 39.872360229492202 ], [ 15.784304618835501, 39.872360229492202 ], [ 15.784304618835501, 39.872638702392599 ], [ 15.783748626709, 39.872638702392599 ], [ 15.783748626709, 39.872917175292997 ], [ 15.7820825576782, 39.872917175292997 ], [ 15.7820825576782, 39.872638702392599 ], [ 15.7806949615479, 39.872638702392599 ], [ 15.7806949615479, 39.872360229492202 ], [ 15.7804174423218, 39.872360229492202 ], [ 15.7804174423218, 39.872081756591797 ], [ 15.780138969421399, 39.872081756591797 ], [ 15.780138969421399, 39.8718070983887 ], [ 15.7759723663331, 39.8718070983887 ], [ 15.7759723663331, 39.871528625488303 ], [ 15.774581909179799, 39.871528625488303 ], [ 15.774581909179799, 39.871250152587898 ], [ 15.7723598480225, 39.871250152587898 ], [ 15.7723598480225, 39.871528625488303 ], [ 15.7718057632446, 39.871528625488303 ], [ 15.7718057632446, 39.871250152587898 ], [ 15.7712497711182, 39.871250152587898 ], [ 15.7712497711182, 39.8709716796875 ], [ 15.7698621749878, 39.8709716796875 ], [ 15.7698621749878, 39.871250152587898 ], [ 15.769306182861399, 39.871250152587898 ], [ 15.769306182861399, 39.871528625488303 ], [ 15.769027709961, 39.871528625488303 ], [ 15.769027709961, 39.8718070983887 ], [ 15.768471717834499, 39.8718070983887 ], [ 15.768471717834499, 39.872081756591797 ], [ 15.7681941986085, 39.872081756591797 ], [ 15.7681941986085, 39.872360229492202 ], [ 15.768471717834499, 39.872360229492202 ], [ 15.768471717834499, 39.872638702392599 ], [ 15.769306182861399, 39.872638702392599 ], [ 15.769306182861399, 39.873470306396598 ], [ 15.7695837020875, 39.8734741210938 ], [ 15.7695837020875, 39.874305725097798 ], [ 15.770137786865201, 39.874305725097798 ], [ 15.770137786865201, 39.874584197998203 ], [ 15.7704162597656, 39.874584197998203 ], [ 15.7704162597656, 39.874862670898601 ], [ 15.7706937789916, 39.874862670898601 ], [ 15.7706937789916, 39.875137329101598 ], [ 15.7712497711182, 39.875137329101598 ], [ 15.7712497711182, 39.875694274902301 ], [ 15.7715282440185, 39.875694274902301 ], [ 15.7715282440185, 39.875972747802699 ], [ 15.7740278244019, 39.875972747802699 ], [ 15.7740278244019, 39.875694274902301 ], [ 15.776805877685501, 39.875694274902301 ], [ 15.776805877685501, 39.875415802002003 ], [ 15.778194427490201, 39.875415802002003 ], [ 15.778194427490201, 39.875137329101598 ], [ 15.7798595428468, 39.875137329101598 ], [ 15.7798595428468, 39.874862670898601 ], [ 15.780138969421399, 39.874862670898601 ], [ 15.780138969421399, 39.874584197998203 ], [ 15.7804174423218, 39.874584197998203 ], [ 15.7804174423218, 39.874305725097798 ], [ 15.7806949615479, 39.874305725097798 ], [ 15.7806949615479, 39.874027252197401 ], [ 15.780973434448301, 39.874027252197401 ], [ 15.780973434448301, 39.873748779297003 ], [ 15.781526565551699, 39.873748779297003 ], [ 15.781526565551699, 39.874027252197401 ], [ 15.7831945419312, 39.874027252197401 ], [ 15.7831945419312, 39.874305725097798 ], [ 15.7834730148315, 39.874305725097798 ], [ 15.7834730148315, 39.874584197998203 ], [ 15.784029006958001, 39.874584197998203 ], [ 15.784029006958001, 39.874862670898601 ], [ 15.784304618835501, 39.874862670898601 ], [ 15.784304618835501, 39.875415802002003 ], [ 15.784583091735801, 39.875415802002003 ], [ 15.784583091735801, 39.875972747802699 ], [ 15.784860610961999, 39.875972747802699 ], [ 15.784860610961999, 39.8765258789063 ], [ 15.785139083862401, 39.8765258789063 ], [ 15.785139083862401, 39.879997253417997 ], [ 15.785139083862401, 39.880973815918097 ], [ 15.784860610961999, 39.880973815918097 ], [ 15.784860610961999, 39.881805419921903 ], [ 15.784583091735801, 39.881805419921903 ], [ 15.784583091735801, 39.882362365722599 ], [ 15.784450531005801, 39.882362365722599 ], [ 15.784304618835501, 39.882362365722599 ], [ 15.784304618835501, 39.88289642334 ], [ 15.784304618835501, 39.883193969726598 ], [ 15.784223556518601, 39.883193969726598 ], [ 15.784029006958001, 39.883193969726598 ], [ 15.784029006958001, 39.88387298584 ], [ 15.7839841842653, 39.884029388427699 ], [ 15.783748626709, 39.884029388427699 ], [ 15.7837429046631, 39.884860992431697 ], [ 15.7834730148315, 39.884860992431697 ], [ 15.7834730148315, 39.885692596435497 ], [ 15.7831945419312, 39.885692596435497 ], [ 15.7831945419312, 39.886249542236399 ], [ 15.782917022705, 39.886249542236399 ], [ 15.782917022705, 39.887084960937599 ], [ 15.7826385498046, 39.887084960937599 ], [ 15.7826385498046, 39.887916564941399 ], [ 15.782361030578601, 39.887916564941399 ], [ 15.782361030578601, 39.888748168945398 ], [ 15.7820825576782, 39.888748168945398 ], [ 15.7820825576782, 39.8893051147462 ], [ 15.781806945800801, 39.8893051147462 ], [ 15.781806945800801, 39.889862060546903 ], [ 15.781526565551699, 39.889862060546903 ], [ 15.781526565551699, 39.890693664550902 ], [ 15.7812509536744, 39.890693664550902 ], [ 15.7812509536744, 39.891250610351598 ], [ 15.780973434448301, 39.891250610351598 ], [ 15.780973434448301, 39.892082214355398 ], [ 15.7806949615479, 39.892082214355398 ], [ 15.7806949615479, 39.892639160156399 ], [ 15.7804174423218, 39.892639160156399 ], [ 15.7804174423218, 39.893196105957102 ], [ 15.780138969421399, 39.893196105957102 ], [ 15.780138969421399, 39.893749237060497 ], [ 15.7798595428468, 39.893749237060497 ], [ 15.7798595428468, 39.8943061828613 ], [ 15.7795820236207, 39.8943061828613 ], [ 15.7795820236207, 39.894584655761697 ], [ 15.7793035507203, 39.894584655761697 ], [ 15.7793035507203, 39.894859313964901 ], [ 15.779028892517101, 39.894859313964901 ], [ 15.779028892517101, 39.895416259765703 ], [ 15.778751373291, 39.895416259765703 ], [ 15.778751373291, 39.895694732666101 ], [ 15.7784719467163, 39.895694732666101 ], [ 15.7784719467163, 39.895973205566499 ], [ 15.778194427490201, 39.895973205566499 ], [ 15.778194427490201, 39.89652633667 ], [ 15.777915954589799, 39.89652633667 ], [ 15.777915954589799, 39.896804809570398 ], [ 15.7776384353638, 39.896804809570398 ], [ 15.7776384353638, 39.897083282470803 ], [ 15.7773599624634, 39.897083282470803 ], [ 15.7773599624634, 39.897640228271499 ], [ 15.777084350586099, 39.897640228271499 ], [ 15.777084350586099, 39.897914886474602 ], [ 15.776805877685501, 39.897914886474602 ], [ 15.776805877685501, 39.898193359374901 ], [ 15.776528358459601, 39.898193359374901 ], [ 15.776528358459601, 39.898750305175902 ], [ 15.776249885559199, 39.898750305175902 ], [ 15.776249885559199, 39.8990287780763 ], [ 15.7759723663331, 39.8990287780763 ], [ 15.7759723663331, 39.899307250976698 ], [ 15.775693893432701, 39.899307250976698 ], [ 15.775693893432701, 39.899581909179702 ], [ 15.775416374206699, 39.899581909179702 ], [ 15.775416374206699, 39.900138854980497 ], [ 15.7751379013063, 39.900138854980497 ], [ 15.7751379013063, 39.900417327880902 ], [ 15.7748622894288, 39.900417327880902 ], [ 15.7748622894288, 39.9006958007812 ], [ 15.7745838165284, 39.9006958007812 ], [ 15.774581909179799, 39.901248931884801 ], [ 15.774306297302299, 39.901248931884801 ], [ 15.774306297302299, 39.901527404785199 ], [ 15.7740278244019, 39.901527404785199 ], [ 15.7740278244019, 39.901805877685597 ], [ 15.773750305175801, 39.901805877685597 ], [ 15.773750305175801, 39.902084350586001 ], [ 15.7734718322754, 39.902084350586001 ], [ 15.7734718322754, 39.902637481689602 ], [ 15.7731943130494, 39.902637481689602 ], [ 15.7731943130494, 39.90291595459 ], [ 15.772915840149, 39.90291595459 ], [ 15.772915840149, 39.903194427490298 ], [ 15.7726402282715, 39.903194427490298 ], [ 15.7726402282715, 39.903751373291101 ], [ 15.7723598480225, 39.903751373291101 ], [ 15.7723598480225, 39.904026031494098 ], [ 15.772084236145, 39.904026031494098 ], [ 15.772084236145, 39.904304504394503 ], [ 15.7718057632446, 39.904304504394503 ], [ 15.7718057632446, 39.904582977294901 ], [ 15.7715282440185, 39.904582977294901 ], [ 15.7715282440185, 39.904861450195298 ], [ 15.7712497711182, 39.904861450195298 ], [ 15.7712497711182, 39.905139923095803 ], [ 15.770972251891999, 39.905139923095803 ], [ 15.770972251891999, 39.9054183959962 ], [ 15.7706937789916, 39.9054183959962 ], [ 15.7706937789916, 39.905693054199197 ], [ 15.7704162597656, 39.905693054199197 ], [ 15.7704162597656, 39.905971527099602 ], [ 15.770137786865201, 39.905971527099602 ], [ 15.770137786865201, 39.90625 ], [ 15.7698621749878, 39.90625 ], [ 15.7698621749878, 39.906528472900398 ], [ 15.7695837020875, 39.906528472900398 ], [ 15.7695837020875, 39.906806945800803 ], [ 15.769306182861399, 39.906806945800803 ], [ 15.769306182861399, 39.907081604003999 ], [ 15.769027709961, 39.907081604003999 ], [ 15.769027709961, 39.907360076904403 ], [ 15.768750190734901, 39.907360076904403 ], [ 15.768750190734901, 39.907638549804702 ], [ 15.768471717834499, 39.907638549804702 ], [ 15.768471717834499, 39.907917022705099 ], [ 15.7681941986085, 39.907917022705099 ], [ 15.7681941986085, 39.908195495605497 ], [ 15.7679176330566, 39.908195495605497 ], [ 15.7679176330566, 39.9083671569825 ], [ 15.7679176330566, 39.908748626709098 ], [ 15.7676401138306, 39.908748626709098 ], [ 15.7676401138306, 39.909027099609503 ], [ 15.767361640930201, 39.909027099609503 ], [ 15.767361640930201, 39.909305572509901 ], [ 15.7670841217041, 39.909305572509901 ], [ 15.7670841217041, 39.909584045410298 ], [ 15.7668056488037, 39.909584045410298 ], [ 15.7668056488037, 39.909862518310703 ], [ 15.766528129577599, 39.909862518310703 ], [ 15.766528129577599, 39.9101371765137 ], [ 15.766248703002899, 39.9101371765137 ], [ 15.766248703002899, 39.910415649414098 ], [ 15.7659711837769, 39.910415649414098 ], [ 15.7659711837769, 39.910694122314403 ], [ 15.7656955718994, 39.910694122314403 ], [ 15.7656955718994, 39.910972595214801 ], [ 15.7654180526735, 39.910972595214801 ], [ 15.7654180526735, 39.911251068115199 ], [ 15.7651395797731, 39.911251068115199 ], [ 15.7651395797731, 39.911529541015703 ], [ 15.7648611068725, 39.911529541015703 ], [ 15.7648611068725, 39.9118041992188 ], [ 15.7645826339721, 39.9118041992188 ], [ 15.7645826339721, 39.912082672119098 ], [ 15.7643051147462, 39.912082672119098 ], [ 15.7643051147462, 39.912361145019503 ], [ 15.7640266418456, 39.912361145019503 ], [ 15.7640266418456, 39.912639617919901 ], [ 15.7637491226197, 39.912639617919901 ], [ 15.7637491226197, 39.912918090820298 ], [ 15.7634725570679, 39.912918090820298 ], [ 15.7634725570679, 39.913471221923899 ], [ 15.763193130493301, 39.913471221923899 ], [ 15.763193130493301, 39.913749694824297 ], [ 15.7629165649415, 39.913749694824297 ], [ 15.7629165649415, 39.914028167724702 ], [ 15.7626390457154, 39.914028167724702 ], [ 15.7626390457154, 39.914306640625099 ], [ 15.762360572815, 39.914306640625099 ], [ 15.762360572815, 39.914859771728601 ], [ 15.762083053588899, 39.914859771728601 ], [ 15.762083053588899, 39.915138244628999 ], [ 15.7618045806885, 39.915138244628999 ], [ 15.7618045806885, 39.915416717529403 ], [ 15.7615270614625, 39.915416717529403 ], [ 15.7615270614625, 39.915973663330199 ], [ 15.761251449585, 39.915973663330199 ], [ 15.761248588562101, 39.916248321533203 ], [ 15.760971069336, 39.916248321533203 ], [ 15.760971069336, 39.916526794433601 ], [ 15.7606954574585, 39.916526794433601 ], [ 15.7606954574585, 39.916805267333999 ], [ 15.7604169845581, 39.916805267333999 ], [ 15.7604169845581, 39.917083740234403 ], [ 15.760139465331999, 39.917083740234403 ], [ 15.760139465331999, 39.917301177978601 ], [ 15.7598609924316, 39.917362213134702 ], [ 15.7598609924316, 39.917915344238303 ], [ 15.759583473205501, 39.917915344238303 ], [ 15.759583473205501, 39.9181938171387 ], [ 15.759305000305201, 39.9181938171387 ], [ 15.759305000305201, 39.918472290039098 ], [ 15.759026527404799, 39.918472290039098 ], [ 15.759026527404799, 39.918750762939503 ], [ 15.7587490081787, 39.918750762939503 ], [ 15.7587490081787, 39.919303894043097 ], [ 15.758473396301399, 39.919303894043097 ], [ 15.758473396301399, 39.919582366943402 ], [ 15.758194923401, 39.919582366943402 ], [ 15.758194923401, 39.920139312744197 ], [ 15.757917404174901, 39.920139312744197 ], [ 15.757917404174901, 39.920696258545 ], [ 15.757638931274499, 39.920696258545 ], [ 15.757638931274499, 39.921249389648601 ], [ 15.7573614120484, 39.921249389648601 ], [ 15.7573614120484, 39.921806335449297 ], [ 15.757082939148001, 39.921806335449297 ], [ 15.757082939148001, 39.922359466552699 ], [ 15.7568054199219, 39.922359466552699 ], [ 15.7568054199219, 39.922916412353501 ], [ 15.756528854370201, 39.922916412353501 ], [ 15.756528854370201, 39.923473358154297 ], [ 15.756251335144, 39.923473358154297 ], [ 15.756251335144, 39.924026489257898 ], [ 15.7559728622437, 39.924026489257898 ], [ 15.7559728622437, 39.924213409423899 ], [ 15.7567405700685, 39.924564361572401 ], [ 15.7569904327393, 39.924690246582102 ], [ 15.7586011886597, 39.925548553466903 ], [ 15.763217926025501, 39.928100585937599 ], [ 15.763547897338899, 39.9283447265625 ], [ 15.7642917633057, 39.928905487060597 ], [ 15.7657117843629, 39.930259704589801 ], [ 15.7660322189332, 39.930572509765703 ], [ 15.766282081604, 39.930942535400398 ], [ 15.766506195068301, 39.931304931640703 ], [ 15.7666740417482, 39.931610107421903 ], [ 15.7669286727906, 39.932277679443402 ], [ 15.7721462249756, 39.946784973144602 ], [ 15.7730360031128, 39.952064514160199 ], [ 15.773053169250501, 39.952365875244197 ], [ 15.772910118103001, 39.9533920288087 ], [ 15.772723197937101, 39.9542846679688 ], [ 15.772271156311101, 39.955696105957102 ], [ 15.7721452713013, 39.956108093261797 ], [ 15.772011756896999, 39.956607818603601 ], [ 15.771911621093899, 39.957263946533203 ], [ 15.771929740905801, 39.957725524902301 ], [ 15.772005081176699, 39.958194732666001 ], [ 15.772150039673001, 39.958621978759801 ], [ 15.7723302841187, 39.959098815917997 ], [ 15.772463798522899, 39.959415435791101 ], [ 15.7726202011109, 39.959758758544901 ], [ 15.7728462219238, 39.960201263427798 ], [ 15.773322105407701, 39.960857391357401 ], [ 15.7736444473268, 39.961299896240298 ], [ 15.773821830749601, 39.961521148681697 ], [ 15.774177551269601, 39.9619140625 ], [ 15.7744159698487, 39.962165832519602 ], [ 15.774793624877899, 39.962516784667997 ], [ 15.7794561386109, 39.965934753417997 ], [ 15.7798461914063, 39.966213226318402 ], [ 15.7805900573732, 39.966712951660199 ], [ 15.7810611724854, 39.966995239257898 ], [ 15.7814626693725, 39.967201232910298 ], [ 15.781884193420399, 39.967395782470703 ], [ 15.7822742462159, 39.967552185058601 ], [ 15.7828979492188, 39.967788696289198 ], [ 15.784660339355501, 39.968357086181697 ], [ 15.7854719161988, 39.968570709228601 ], [ 15.787959098816, 39.969173431396499 ], [ 15.788519859313899, 39.969196319580199 ], [ 15.789411544799901, 39.969326019287202 ], [ 15.789847373962299, 39.969444274902401 ], [ 15.790377616882299, 39.969638824462898 ], [ 15.793779373168899, 39.971240997314503 ], [ 15.7946062088013, 39.971694946289098 ], [ 15.794935226440501, 39.971885681152401 ], [ 15.7953348159791, 39.972160339355597 ], [ 15.795618057251099, 39.9723739624025 ], [ 15.795937538146999, 39.972663879394602 ], [ 15.7967576980591, 39.973526000976499 ], [ 15.7970542907715, 39.973842620849602 ], [ 15.797348976135201, 39.974174499511797 ], [ 15.797492980957101, 39.974433898925902 ], [ 15.7977457046509, 39.974891662597699 ], [ 15.7978420257568, 39.975246429443402 ], [ 15.7983703613282, 39.977329254150398 ], [ 15.808978080749601, 39.989147186279403 ], [ 15.8160858154297, 39.995738983154403 ], [ 15.8165082931519, 39.995834350586101 ], [ 15.8168592453003, 39.995967864990199 ], [ 15.8171892166138, 39.996109008789098 ], [ 15.8178033828735, 39.996456146240298 ], [ 15.818084716796999, 39.996612548828097 ], [ 15.819053649902299, 39.997177124023402 ], [ 15.8194217681885, 39.997470855712798 ], [ 15.819751739501999, 39.997856140136797 ], [ 15.8201093673706, 39.998329162597599 ], [ 15.8202877044678, 39.998607635497997 ], [ 15.8204345703125, 39.9990844726562 ], [ 15.820881843566999, 40.002876281738402 ], [ 15.827636718749901, 40.003566741943303 ], [ 15.8451690673829, 40.005294799804702 ], [ 15.8576755523682, 40.0020942687988 ], [ 15.861252784729, 39.996620178222699 ], [ 15.868478775024499, 39.9911308288575 ], [ 15.8731136322022, 39.991718292236399 ], [ 15.8749284744263, 39.995121002197401 ], [ 15.8751277923584, 39.995353698730497 ], [ 15.876611709594799, 39.9969291687012 ], [ 15.876955986022899, 39.997222900390597 ], [ 15.877345085144, 39.9974594116212 ], [ 15.877685546875, 39.997531890869098 ], [ 15.8780269622803, 39.997543334961101 ], [ 15.8911304473878, 39.995517730712997 ], [ 15.8915853500366, 39.995323181152301 ], [ 15.892272949218899, 39.994895935058501 ], [ 15.8925933837891, 39.994373321533303 ], [ 15.8942413330078, 39.990421295166001 ], [ 15.8939685821534, 39.988559722900398 ], [ 15.8938331604004, 39.987949371337898 ], [ 15.893816947937101, 39.987659454345803 ], [ 15.893873214721699, 39.987461090087898 ], [ 15.897045135498001, 39.983673095703097 ], [ 15.897230148315399, 39.983509063720803 ], [ 15.8974733352662, 39.983348846435497 ], [ 15.8982419967653, 39.982860565185597 ], [ 15.898588180541999, 39.982677459716903 ], [ 15.898836135864199, 39.982688903808501 ], [ 15.9040260314941, 39.986427307128999 ], [ 15.9042873382568, 39.986606597900398 ], [ 15.9048290252687, 39.986953735351598 ], [ 15.905194282531699, 39.987167358398501 ], [ 15.9055271148682, 39.987300872802798 ], [ 15.906439781189, 39.987514495849702 ], [ 15.907799720764199, 39.987659454345803 ], [ 15.9113473892213, 39.9883842468262 ], [ 15.9208745956422, 39.996540069580099 ], [ 15.9208908081056, 39.996772766113402 ], [ 15.921114921569901, 39.997997283935703 ], [ 15.9213256835938, 39.998573303222699 ], [ 15.9215650558471, 39.998851776122997 ], [ 15.923023223876999, 40.000278472900497 ], [ 15.9234466552734, 40.0006713867188 ], [ 15.9288482666016, 40.002075195312599 ], [ 15.9383115768434, 40.001110076904297 ], [ 15.944475173950201, 39.998844146728501 ], [ 15.948470115661699, 39.997188568115298 ], [ 15.948808670043899, 39.997005462646499 ], [ 15.9492864608766, 39.9968070983887 ], [ 15.9530439376831, 39.995273590087898 ], [ 15.9650697708131, 39.992340087890703 ], [ 15.969343185424799, 39.992740631103501 ], [ 15.9781398773193, 39.987960815429702 ], [ 15.9790592193604, 39.984348297119098 ], [ 15.979192733764799, 39.983959197997997 ], [ 15.9792985916138, 39.983810424804801 ], [ 15.979619979858301, 39.983592987060497 ], [ 15.9800186157228, 39.983406066894602 ], [ 15.9805335998535, 39.983509063720803 ], [ 15.9947261810303, 39.986396789550803 ], [ 16.0066833496094, 39.990516662597699 ], [ 16.006393432617202, 39.990726470947301 ], [ 16.006210327148398, 39.990936279296903 ], [ 16.006076812744102, 39.991226196289198 ], [ 16.006065368652401, 39.991500854492202 ], [ 16.006090164184599, 39.993118286132898 ], [ 16.006431579589801, 39.994766235351598 ], [ 16.006587982177798, 39.9950180053712 ], [ 16.007730484008899, 39.996452331542997 ], [ 16.008007049560501, 39.996688842773501 ], [ 16.009126663208001, 39.997371673583999 ], [ 16.009412765502901, 39.997486114502003 ], [ 16.0138263702394, 39.997554779052798 ], [ 16.0158786773682, 39.997547149658303 ], [ 16.017820358276399, 39.997447967529403 ], [ 16.020957946777401, 39.997215270996101 ], [ 16.024198532104599, 39.996948242187599 ], [ 16.024560928344702, 39.996864318847699 ], [ 16.031328201293999, 39.9944458007813 ], [ 16.0315265655518, 39.994361877441399 ], [ 16.031696319580099, 39.994083404541001 ], [ 16.031730651855401, 39.993507385253999 ], [ 16.031696319580099, 39.993091583252003 ], [ 16.031494140625099, 39.992336273193402 ], [ 16.034563064575298, 39.9852905273438 ], [ 16.034688949585099, 39.984973907470803 ], [ 16.034713745117202, 39.984367370605597 ], [ 16.034624099731602, 39.983768463134801 ], [ 16.034406661987301, 39.983352661132898 ], [ 16.033147811889702, 39.981456756591797 ], [ 16.0328693389894, 39.981044769287202 ], [ 16.032657623291001, 39.980854034423899 ], [ 16.031351089477699, 39.979732513427699 ], [ 16.031007766723601, 39.979450225830099 ], [ 16.030616760253899, 39.9791259765625 ], [ 16.029058456420898, 39.978126525878899 ], [ 16.028516769409201, 39.977813720703203 ], [ 16.028089523315401, 39.977573394775497 ], [ 16.0272617340088, 39.977176666259801 ], [ 16.026098251342901, 39.976806640625 ], [ 16.024190902710099, 39.978538513183601 ], [ 16.021240234374901, 39.976379394531399 ], [ 16.020961761474599, 39.976169586181598 ], [ 16.020698547363299, 39.975948333740199 ], [ 16.020471572876101, 39.975669860839801 ], [ 16.008060455322301, 39.959850311279403 ], [ 16.007833480834901, 39.959506988525298 ], [ 16.007677078247099, 39.959148406982401 ], [ 16.007587432861399, 39.958690643310703 ], [ 16.007617950439499, 39.958309173584098 ], [ 16.0076923370362, 39.957939147949197 ], [ 16.0078411102294, 39.957572937011697 ], [ 16.012634277343899, 39.945888519287202 ], [ 16.014827728271602, 39.941642761230597 ], [ 16.018388748169102, 39.939529418945398 ], [ 16.018793106079201, 39.939212799072301 ], [ 16.022565841674801, 39.935470581054702 ], [ 16.0227355957032, 39.935134887695398 ], [ 16.022659301757901, 39.9345932006837 ], [ 16.022373199462901, 39.934196472168097 ], [ 16.0220756530763, 39.9337997436525 ], [ 16.023445129394599, 39.924648284912102 ], [ 16.038488388061602, 39.917171478271399 ], [ 16.038764953613398, 39.916999816894602 ], [ 16.043249130249102, 39.9126167297363 ], [ 16.043422698974702, 39.912441253662102 ], [ 16.045061111450298, 39.906322479247997 ], [ 16.0498371124268, 39.895809173583899 ], [ 16.053895950317301, 39.8988456726075 ], [ 16.0543117523194, 39.8991470336913 ], [ 16.0547103881837, 39.899322509765703 ], [ 16.055122375488299, 39.899471282958999 ], [ 16.0555324554443, 39.899505615234503 ], [ 16.0559406280518, 39.899509429931697 ], [ 16.061588287353501, 39.899303436279297 ], [ 16.062265396118299, 39.8992729187012 ], [ 16.071100234985298, 39.897857666015597 ], [ 16.0773315429688, 39.897014617919901 ], [ 16.082561492919901, 39.897174835205099 ], [ 16.083206176757901, 39.897254943847699 ], [ 16.083501815796001, 39.897388458252003 ], [ 16.083858489990298, 39.897621154785099 ], [ 16.086584091186602, 39.899997711181598 ], [ 16.091619491577099, 39.904037475586001 ], [ 16.091819763183501, 39.904140472412202 ], [ 16.0964889526368, 39.906314849853501 ], [ 16.096757888793999, 39.906429290771598 ], [ 16.103357315063501, 39.907798767089901 ], [ 16.104131698608501, 39.907924652099702 ], [ 16.104536056518501, 39.907901763916101 ], [ 16.105192184448299, 39.907726287841903 ], [ 16.105539321899499, 39.907508850097798 ], [ 16.105638504028299, 39.907226562500099 ], [ 16.105752944946399, 39.907009124756001 ], [ 16.1059589385987, 39.906829833984403 ], [ 16.106472015380898, 39.9067192077637 ], [ 16.119377136230501, 39.906131744384801 ], [ 16.1213703155519, 39.906131744384801 ], [ 16.132282257080099, 39.908275604248097 ], [ 16.1325378417969, 39.908275604248097 ], [ 16.133287429809599, 39.908130645752003 ], [ 16.1338901519775, 39.907897949218899 ], [ 16.134132385253999, 39.907669067382898 ], [ 16.134580612182699, 39.907226562500099 ], [ 16.135023117065501, 39.905799865722798 ], [ 16.135358810424901, 39.904685974121101 ], [ 16.135543823242202, 39.904502868652301 ], [ 16.138782501220799, 39.902416229248097 ], [ 16.1392135620118, 39.902671813964901 ], [ 16.1394443511963, 39.902881622314503 ], [ 16.140205383300898, 39.903640747070398 ], [ 16.146976470947401, 39.910446166992202 ], [ 16.1471576690675, 39.910671234131001 ], [ 16.151941299438398, 39.915657043457102 ], [ 16.158847808837798, 39.920680999755902 ], [ 16.159427642822202, 39.921070098877003 ], [ 16.176273345947301, 39.913276672363303 ], [ 16.188484191894599, 39.909336090087997 ], [ 16.1894454956056, 39.908638000488402 ], [ 16.190895080566499, 39.906608581542997 ], [ 16.1910915374757, 39.906406402587898 ], [ 16.1983127593994, 39.902637481689602 ], [ 16.201723098754801, 39.9008560180663 ], [ 16.20245552063, 39.900569915771399 ], [ 16.210319519043001, 39.898162841797003 ], [ 16.2107257843018, 39.8980522155763 ], [ 16.2129726409913, 39.897537231445398 ], [ 16.213628768921001, 39.897388458252003 ], [ 16.2143363952638, 39.897235870361399 ], [ 16.215513229370199, 39.896984100341797 ], [ 16.215843200683601, 39.897674560546903 ], [ 16.219293594360401, 39.909519195556797 ], [ 16.2193813323975, 39.909866333007798 ], [ 16.219457626342798, 39.910163879394602 ], [ 16.2196655273438, 39.911361694335902 ], [ 16.220056533813501, 39.9143295288087 ], [ 16.2201042175293, 39.915679931640703 ], [ 16.220190048217798, 39.918590545654297 ], [ 16.220117568969801, 39.919025421142699 ], [ 16.2200622558594, 39.9192695617675 ], [ 16.2199306488037, 39.919612884521598 ], [ 16.219703674316499, 39.920116424560597 ], [ 16.2192783355712, 39.9207153320312 ], [ 16.218915939331101, 39.921108245849702 ], [ 16.217596054077301, 39.922691345214901 ], [ 16.215642929077202, 39.925315856933601 ], [ 16.215526580810501, 39.925521850585902 ], [ 16.215324401855501, 39.925922393798899 ], [ 16.215137481689499, 39.926578521728501 ], [ 16.214952468872099, 39.927402496337898 ], [ 16.2150974273682, 39.927600860595803 ], [ 16.2173557281494, 39.928829193115199 ], [ 16.217638015747099, 39.928970336914098 ], [ 16.218025207519599, 39.929046630859503 ], [ 16.219114303588899, 39.929153442382798 ], [ 16.2195720672607, 39.929164886474702 ], [ 16.221090316772401, 39.929050445556598 ], [ 16.221626281738299, 39.9289360046388 ], [ 16.226484298706101, 39.927669525146499 ], [ 16.237037658691499, 39.926395416259801 ], [ 16.2388191223144, 39.926471710205199 ], [ 16.2392196655275, 39.926586151123097 ], [ 16.243211746215898, 39.927932739257898 ], [ 16.243646621704201, 39.928104400634801 ], [ 16.244083404541101, 39.928283691406399 ], [ 16.244508743286101, 39.928459167480597 ], [ 16.244815826416101, 39.9286117553712 ], [ 16.245155334472599, 39.9288139343262 ], [ 16.246427536010899, 39.929752349853501 ], [ 16.24666595459, 39.929992675781399 ], [ 16.2469882965088, 39.930351257324297 ], [ 16.248092651367202, 39.931285858154197 ], [ 16.2489109039307, 39.931835174560703 ], [ 16.249702453613398, 39.932212829589901 ], [ 16.2505397796631, 39.932575225830199 ], [ 16.251682281494201, 39.932949066162202 ], [ 16.269250869750898, 39.936965942382798 ], [ 16.2697067260743, 39.936985015869297 ], [ 16.270198822021602, 39.936935424804702 ], [ 16.270839691162099, 39.9368286132813 ], [ 16.271656036376999, 39.936653137207102 ], [ 16.272214889526399, 39.936519622802798 ], [ 16.275087356567401, 39.935558319091903 ], [ 16.281631469726602, 39.933116912841903 ], [ 16.2820949554444, 39.932861328125099 ], [ 16.282428741455199, 39.932548522949197 ], [ 16.282609939575199, 39.932285308837898 ], [ 16.283000946045, 39.931941986083999 ], [ 16.2832355499268, 39.931900024414198 ], [ 16.287202835083001, 39.931900024414198 ], [ 16.3011569976807, 39.932792663574297 ], [ 16.301801681518601, 39.9328842163087 ], [ 16.302436828613299, 39.932994842529197 ], [ 16.303083419799901, 39.933151245117202 ], [ 16.303895950317401, 39.933391571044901 ], [ 16.305061340331999, 39.933864593505902 ], [ 16.3055114746094, 39.934066772460902 ], [ 16.317167282104599, 39.9297904968262 ], [ 16.328062057495199, 39.919857025146499 ], [ 16.334630966186499, 39.913726806640703 ], [ 16.3420429229737, 39.905651092529403 ], [ 16.3440475463868, 39.903438568115199 ], [ 16.344440460205, 39.903171539306697 ], [ 16.350570678711001, 39.899814605712798 ], [ 16.350873947143601, 39.899700164795 ], [ 16.351119995117202, 39.899688720703203 ], [ 16.351413726806701, 39.899738311767599 ], [ 16.3519210815431, 39.899913787841797 ], [ 16.352226257324201, 39.900020599365199 ], [ 16.352546691894499, 39.900188446044901 ], [ 16.3556327819825, 39.901908874511797 ], [ 16.355974197387798, 39.902111053466797 ], [ 16.3560276031494, 39.902389526367102 ], [ 16.356483459472699, 39.906589508056697 ], [ 16.357082366943398, 39.912563323974702 ], [ 16.360094070434599, 39.918109893798899 ], [ 16.3604831695557, 39.920608520507898 ], [ 16.353643417358299, 39.923305511474602 ], [ 16.350126266479499, 39.924770355224702 ], [ 16.349096298217798, 39.925289154052798 ], [ 16.348703384399499, 39.925563812255803 ], [ 16.339603424072301, 39.934730529785199 ], [ 16.338964462280199, 39.935638427734403 ], [ 16.338703155517699, 39.936084747314403 ], [ 16.338619232177798, 39.936489105224602 ], [ 16.338556289672901, 39.936836242675803 ], [ 16.338621139526399, 39.937179565429702 ], [ 16.3475227355957, 39.950103759765597 ], [ 16.347715377807699, 39.9503784179688 ], [ 16.348121643066499, 39.95072555542 ], [ 16.3485012054443, 39.951034545898402 ], [ 16.348976135253899, 39.951370239257898 ], [ 16.349651336669901, 39.951732635497997 ], [ 16.350973129272401, 39.952365875244197 ], [ 16.3516941070557, 39.952648162841697 ], [ 16.352176666259801, 39.952812194824297 ], [ 16.3533325195312, 39.953193664550803 ], [ 16.353908538818398, 39.953342437744197 ], [ 16.354213714599599, 39.953418731689503 ], [ 16.3546848297119, 39.953487396240298 ], [ 16.3553047180175, 39.953540802002102 ], [ 16.355951309204201, 39.953651428222798 ], [ 16.356847763061602, 39.9539184570312 ], [ 16.357212066650298, 39.954040527343899 ], [ 16.357685089111399, 39.954254150390703 ], [ 16.358394622802699, 39.954677581787202 ], [ 16.358655929565401, 39.954887390136697 ], [ 16.358905792236399, 39.9551010131837 ], [ 16.359134674072202, 39.9554252624512 ], [ 16.362220764160298, 39.959857940673899 ], [ 16.362621307373001, 39.960556030273402 ], [ 16.3628025054932, 39.960895538330099 ], [ 16.362949371337798, 39.961174011230497 ], [ 16.363164901733501, 39.962673187255902 ], [ 16.363277435302798, 39.964160919189503 ], [ 16.3632621765137, 39.964565277099702 ], [ 16.363084793090799, 39.965038299560497 ], [ 16.3621425628663, 39.9665336608888 ], [ 16.361572265625, 39.967414855957102 ], [ 16.3612899780275, 39.967823028564503 ], [ 16.361120223998999, 39.968196868896499 ], [ 16.361070632934599, 39.968616485595803 ], [ 16.361091613769599, 39.969043731689403 ], [ 16.361394882202202, 39.969589233398402 ], [ 16.3620319366456, 39.970371246337997 ], [ 16.362400054931602, 39.970748901367202 ], [ 16.362985610961999, 39.971324920654403 ], [ 16.368108749389801, 39.975856781006001 ], [ 16.370054244995099, 39.978038787841797 ], [ 16.371482849121101, 39.982105255127003 ], [ 16.371337890625099, 39.983047485351698 ], [ 16.371324539184599, 39.983570098877003 ], [ 16.3713703155518, 39.984058380127102 ], [ 16.371507644653299, 39.984531402587898 ], [ 16.3717880249025, 39.9850883483887 ], [ 16.372137069702099, 39.985641479492202 ], [ 16.372596740722699, 39.986232757568402 ], [ 16.373003005981399, 39.986728668212997 ], [ 16.3735656738281, 39.987274169921903 ], [ 16.3741264343262, 39.987808227539198 ], [ 16.3746032714844, 39.988231658935597 ], [ 16.379947662353501, 39.992992401123097 ], [ 16.387039184570401, 39.999698638916101 ], [ 16.3901081085206, 40.002037048339901 ], [ 16.3902893066407, 40.002239227294901 ], [ 16.390468597412099, 40.002452850341797 ], [ 16.391443252563501, 40.003696441650398 ], [ 16.3916110992432, 40.003955841064403 ], [ 16.391819000244201, 40.004306793212997 ], [ 16.398582458496101, 40.016613006591903 ], [ 16.399183273315501, 40.017948150634801 ], [ 16.399309158325298, 40.018344879150398 ], [ 16.399337768554702, 40.018611907959098 ], [ 16.399368286132901, 40.018909454345803 ], [ 16.39937210083, 40.019172668457003 ], [ 16.3993225097656, 40.019481658935597 ], [ 16.399236679077099, 40.019966125488303 ], [ 16.397211074829201, 40.026836395263601 ], [ 16.396978378295898, 40.027431488037102 ], [ 16.396224975585898, 40.0291137695313 ], [ 16.395797729492301, 40.030006408691399 ], [ 16.394517898559702, 40.036239624023601 ], [ 16.393560409545898, 40.043186187744297 ], [ 16.393575668335, 40.043437957763601 ], [ 16.393943786621001, 40.045372009277401 ], [ 16.3951930999757, 40.050941467285298 ], [ 16.399574279785199, 40.056430816650398 ], [ 16.399391174316499, 40.056652069091797 ], [ 16.401657104492202, 40.058597564697301 ], [ 16.402416229248001, 40.063514709472798 ], [ 16.404878616333001, 40.069313049316399 ], [ 16.406969070434599, 40.073341369628899 ], [ 16.408554077148501, 40.075260162353601 ], [ 16.409044265746999, 40.075656890869297 ], [ 16.409427642822401, 40.0759887695312 ], [ 16.409866333007901, 40.076385498046903 ], [ 16.4119567871094, 40.0783081054688 ], [ 16.4146022796631, 40.0809326171875 ], [ 16.414791107177798, 40.081172943115298 ], [ 16.414916992187401, 40.081333160400497 ], [ 16.415054321289201, 40.081684112548899 ], [ 16.416160583496101, 40.085758209228601 ], [ 16.414869308471602, 40.087390899658303 ], [ 16.4128818511963, 40.089981079101598 ], [ 16.412656784057699, 40.090335845947401 ], [ 16.4125576019288, 40.090705871582003 ], [ 16.4125576019288, 40.0912284851075 ], [ 16.4125995635987, 40.091632843017699 ], [ 16.4127292633057, 40.092441558837997 ], [ 16.414201736450099, 40.101028442382898 ], [ 16.414321899414201, 40.101680755615298 ], [ 16.4145107269287, 40.102313995361399 ], [ 16.414844512939499, 40.103237152099702 ], [ 16.415052413940401, 40.103668212890597 ], [ 16.414623260498001, 40.110744476318501 ], [ 16.412483215331999, 40.114372253417997 ], [ 16.409763336181701, 40.121955871582003 ], [ 16.4098300933838, 40.122386932373203 ], [ 16.410120010376001, 40.123291015625 ], [ 16.4105529785156, 40.123790740966797 ], [ 16.411239624023601, 40.124050140380902 ], [ 16.4157524108888, 40.125431060791101 ], [ 16.4172763824463, 40.1259994506837 ], [ 16.418495178222798, 40.126594543457102 ], [ 16.418819427490199, 40.126815795898501 ], [ 16.4190483093262, 40.127040863037102 ], [ 16.419794082641602, 40.12801361084 ], [ 16.420038223266701, 40.128360748291001 ], [ 16.420740127563501, 40.129520416259801 ], [ 16.420915603637699, 40.130035400390703 ], [ 16.421066284179702, 40.1304740905762 ], [ 16.4211959838868, 40.131095886230497 ], [ 16.421337127685501, 40.1322631835938 ], [ 16.421394348144499, 40.133228302002102 ], [ 16.421344757080099, 40.133636474609403 ], [ 16.4212245941162, 40.134082794189403 ], [ 16.421192169189499, 40.137138366699297 ], [ 16.421209335327099, 40.142906188964801 ], [ 16.4212856292725, 40.143146514892699 ], [ 16.421930313110401, 40.144924163818402 ], [ 16.422239303588899, 40.144485473632798 ], [ 16.422868728637699, 40.143703460693501 ] ] ] ] } }
]
}
