{
"type": "FeatureCollection",
"name": "Marche",
"crs": { "type": "name", "properties": { "name": "urn:ogc:def:crs:OGC:1.3:CRS84" } },
"features": [
{ "type": "Feature", "properties": { "Name": null, "description": null, "timestamp": null, "begin": null, "end": null, "altitudeMode": null, "tessellate": -1, "extrude": 0, "visibility": -1, "drawOrder": null, "icon": null, "cartodb_id": 11, "ccn_1": 0.0, "id_1": 11.0, "id_0": 112.0, "varname_1": "Marches|Marca", "nl_name_1": null, "engtype_1": "Region", "type_1": "Regione", "cca_1": "11", "hasc_1": null, "name_1": "Marche", "name_0": "Italy", "iso": "ITA" }, "geometry": { "type": "MultiPolygon", "coordinates": [ [ [ [ 12.754028320312599, 43.96875 ], [ 12.754028320312599, 43.968471527099702 ], [ 12.754584312439, 43.968471527099702 ], [ 12.754584312439, 43.968193054199297 ], [ 12.754861831665099, 43.968193054199297 ], [ 12.754861831665099, 43.967918395996101 ], [ 12.755503654480099, 43.967918395996101 ], [ 12.757083892822401, 43.967918395996101 ], [ 12.757083892822401, 43.968193054199297 ], [ 12.7573623657228, 43.968193054199297 ], [ 12.7573623657228, 43.967918395996101 ], [ 12.758472442626999, 43.967918395996101 ], [ 12.758472442626999, 43.968193054199297 ], [ 12.759305953979499, 43.968193054199297 ], [ 12.759305953979499, 43.967918395996101 ], [ 12.759584426879901, 43.967918395996101 ], [ 12.759584426879901, 43.967639923095703 ], [ 12.7601375579835, 43.967639923095703 ], [ 12.7601375579835, 43.967082977294901 ], [ 12.7604160308838, 43.967082977294901 ], [ 12.7604160308838, 43.967361450195298 ], [ 12.762638092041, 43.967361450195298 ], [ 12.762638092041, 43.966804504394503 ], [ 12.7643041610718, 43.966804504394503 ], [ 12.7643041610718, 43.966526031494098 ], [ 12.7690286636354, 43.966526031494098 ], [ 12.7690286636354, 43.966251373291101 ], [ 12.7715291976929, 43.966251373291101 ], [ 12.7715291976929, 43.966526031494098 ], [ 12.7718048095704, 43.966526031494098 ], [ 12.7718048095704, 43.966251373291101 ], [ 12.774305343627899, 43.966251373291101 ], [ 12.774305343627899, 43.966526031494098 ], [ 12.7768049240113, 43.966526031494098 ], [ 12.7768049240113, 43.966251373291101 ], [ 12.7773609161378, 43.966251373291101 ], [ 12.7773609161378, 43.965972900390703 ], [ 12.7776393890381, 43.965972900390703 ], [ 12.7776393890381, 43.965694427490298 ], [ 12.779305458069, 43.965694427490298 ], [ 12.779305458069, 43.965415954589801 ], [ 12.780693054199199, 43.965415954589801 ], [ 12.780693054199199, 43.965137481689403 ], [ 12.7837495803834, 43.965137481689403 ], [ 12.7837495803834, 43.964862823486399 ], [ 12.784859657287701, 43.964862823486399 ], [ 12.7848615646363, 43.964584350586001 ], [ 12.7876377105713, 43.964584350586001 ], [ 12.7876377105713, 43.964740753173899 ], [ 12.7876377105713, 43.964862823486399 ], [ 12.7887496948243, 43.964862823486399 ], [ 12.7887496948243, 43.965137481689403 ], [ 12.7890281677247, 43.965137481689403 ], [ 12.7890281677247, 43.965415954589801 ], [ 12.7893056869507, 43.965415954589801 ], [ 12.7893056869507, 43.965694427490298 ], [ 12.790138244629, 43.965694427490298 ], [ 12.790138244629, 43.965415954589801 ], [ 12.7954168319703, 43.965415954589801 ], [ 12.7954168319703, 43.965694427490298 ], [ 12.7965288162232, 43.965694427490298 ], [ 12.7965288162232, 43.965415954589801 ], [ 12.797082901001099, 43.965415954589801 ], [ 12.797082901001099, 43.965137481689403 ], [ 12.7973613739015, 43.965137481689403 ], [ 12.7973613739015, 43.964862823486399 ], [ 12.7976388931276, 43.964862823486399 ], [ 12.7976388931276, 43.964584350586001 ], [ 12.7987508773803, 43.964584350586001 ], [ 12.7987508773803, 43.964862823486399 ], [ 12.7990274429321, 43.964862823486399 ], [ 12.7990274429321, 43.964584350586001 ], [ 12.799583435058601, 43.964584350586001 ], [ 12.799583435058601, 43.964305877685597 ], [ 12.7998609542847, 43.964305877685597 ], [ 12.7998609542847, 43.964027404785298 ], [ 12.800971031189, 43.964027404785298 ], [ 12.800971031189, 43.964305877685597 ], [ 12.801527023315501, 43.964305877685597 ], [ 12.801527023315501, 43.964027404785298 ], [ 12.8018045425416, 43.964027404785298 ], [ 12.8018045425416, 43.963748931884901 ], [ 12.802083015441999, 43.963748931884901 ], [ 12.802083015441999, 43.9631958007812 ], [ 12.8026390075685, 43.9631958007812 ], [ 12.8026390075685, 43.962917327880902 ], [ 12.803749084472701, 43.962917327880902 ], [ 12.803749084472701, 43.962638854980497 ], [ 12.8040266036987, 43.962638854980497 ], [ 12.8040266036987, 43.962360382080099 ], [ 12.8043050765991, 43.962360382080099 ], [ 12.8043050765991, 43.962081909179702 ], [ 12.805138587951699, 43.962081909179702 ], [ 12.805138587951699, 43.961807250976598 ], [ 12.805417060851999, 43.961807250976598 ], [ 12.805417060851999, 43.9615287780762 ], [ 12.806248664856, 43.9615287780762 ], [ 12.806248664856, 43.961250305175803 ], [ 12.807361602783301, 43.961250305175803 ], [ 12.807361602783301, 43.960971832275398 ], [ 12.808471679687599, 43.960971832275398 ], [ 12.808471679687599, 43.960693359375 ], [ 12.809306144714499, 43.960693359375 ], [ 12.809306144714499, 43.960414886474602 ], [ 12.8104162216187, 43.960414886474602 ], [ 12.8104162216187, 43.959583282470803 ], [ 12.811805725097701, 43.959583282470803 ], [ 12.811805725097701, 43.959304809570398 ], [ 12.812640190124499, 43.959304809570398 ], [ 12.812640190124499, 43.959026336669901 ], [ 12.812915802001999, 43.959026336669901 ], [ 12.812915802001999, 43.958751678466903 ], [ 12.8134717941285, 43.958751678466903 ], [ 12.8134717941285, 43.958473205566499 ], [ 12.813750267028899, 43.958473205566499 ], [ 12.813750267028899, 43.958194732666101 ], [ 12.814027786255, 43.958194732666101 ], [ 12.814027786255, 43.957916259765703 ], [ 12.8148622512819, 43.957916259765703 ], [ 12.8148622512819, 43.957637786865298 ], [ 12.815416336059499, 43.957637786865298 ], [ 12.815416336059499, 43.957359313965 ], [ 12.816805839538601, 43.957359313965 ], [ 12.816805839538601, 43.957084655761697 ], [ 12.8173599243165, 43.957084655761697 ], [ 12.8173599243165, 43.9568061828613 ], [ 12.8176383972169, 43.9568061828613 ], [ 12.8176383972169, 43.956527709961001 ], [ 12.818194389343301, 43.956527709961001 ], [ 12.818194389343301, 43.956249237060597 ], [ 12.8184719085694, 43.956249237060597 ], [ 12.8184719085694, 43.955970764160199 ], [ 12.8190279006959, 43.955970764160199 ], [ 12.8190279006959, 43.955696105957003 ], [ 12.8195819854737, 43.955696105957003 ], [ 12.8195819854737, 43.955417633056598 ], [ 12.8198604583741, 43.955417633056598 ], [ 12.8198604583741, 43.9551391601562 ], [ 12.821806907653899, 43.9551391601562 ], [ 12.821806907653899, 43.955417633056598 ], [ 12.8220834732056, 43.955417633056598 ], [ 12.8220834732056, 43.9551391601562 ], [ 12.8223609924316, 43.9551391601562 ], [ 12.8223609924316, 43.954860687255902 ], [ 12.822639465331999, 43.954860687255902 ], [ 12.822639465331999, 43.954582214355497 ], [ 12.823472976684601, 43.954582214355497 ], [ 12.823472976684601, 43.954303741455099 ], [ 12.823748588562101, 43.954303741455099 ], [ 12.823748588562101, 43.954029083252102 ], [ 12.824028968811, 43.954029083252102 ], [ 12.824028968811, 43.953750610351698 ], [ 12.824583053588899, 43.953750610351698 ], [ 12.824583053588899, 43.9534721374513 ], [ 12.8251390457154, 43.9534721374513 ], [ 12.8251390457154, 43.953193664550902 ], [ 12.8254165649415, 43.953193664550902 ], [ 12.8254165649415, 43.952915191650497 ], [ 12.825972557068001, 43.952915191650497 ], [ 12.825972557068001, 43.952640533447301 ], [ 12.826251029968301, 43.952640533447301 ], [ 12.826251029968301, 43.952083587646499 ], [ 12.8273611068725, 43.952083587646499 ], [ 12.8273611068725, 43.951805114746101 ], [ 12.827638626098601, 43.951805114746101 ], [ 12.827638626098601, 43.952083587646499 ], [ 12.828194618225099, 43.952083587646499 ], [ 12.828194618225099, 43.951805114746101 ], [ 12.828748703003001, 43.951805114746101 ], [ 12.828748703003001, 43.951526641845803 ], [ 12.829027175903301, 43.951526641845803 ], [ 12.829027175903301, 43.951248168945398 ], [ 12.829583168029799, 43.951248168945398 ], [ 12.829583168029799, 43.950973510742202 ], [ 12.8298606872559, 43.950973510742202 ], [ 12.8298606872559, 43.950695037841797 ], [ 12.830416679382401, 43.950695037841797 ], [ 12.830416679382401, 43.950416564941399 ], [ 12.830693244934199, 43.950416564941399 ], [ 12.830693244934199, 43.950138092041101 ], [ 12.8312492370607, 43.950138092041101 ], [ 12.8312492370607, 43.949859619140703 ], [ 12.831526756286699, 43.949859619140703 ], [ 12.831526756286699, 43.949584960937401 ], [ 12.8334712982178, 43.949584960937401 ], [ 12.8334712982178, 43.949306488037102 ], [ 12.834027290344199, 43.949306488037102 ], [ 12.834027290344199, 43.949028015136697 ], [ 12.834861755371101, 43.949028015136697 ], [ 12.834861755371101, 43.9487495422363 ], [ 12.8351402282715, 43.9487495422363 ], [ 12.8351402282715, 43.948471069335902 ], [ 12.8356943130494, 43.948471069335902 ], [ 12.8356943130494, 43.948192596435497 ], [ 12.8365278244019, 43.948192596435497 ], [ 12.8365278244019, 43.9479179382325 ], [ 12.8384723663331, 43.9479179382325 ], [ 12.8384723663331, 43.946804046631001 ], [ 12.838749885559, 43.946804046631001 ], [ 12.838749885559, 43.947082519531399 ], [ 12.8398599624634, 43.947082519531399 ], [ 12.8398599624634, 43.946804046631001 ], [ 12.840415954589799, 43.946804046631001 ], [ 12.840415954589799, 43.946529388427798 ], [ 12.840694427490201, 43.946529388427798 ], [ 12.840694427490201, 43.946250915527401 ], [ 12.8420820236207, 43.946250915527401 ], [ 12.8420820236207, 43.945972442627003 ], [ 12.8426380157472, 43.945972442627003 ], [ 12.8426380157472, 43.945693969726598 ], [ 12.842915534973301, 43.945693969726598 ], [ 12.842915534973301, 43.9454154968262 ], [ 12.84375, 43.9454154968262 ], [ 12.84375, 43.945137023925803 ], [ 12.8448600769043, 43.945137023925803 ], [ 12.8448600769043, 43.944862365722699 ], [ 12.845416069030801, 43.944862365722699 ], [ 12.845416069030801, 43.944583892822301 ], [ 12.8459720611572, 43.944583892822301 ], [ 12.8459720611572, 43.944305419921903 ], [ 12.846529006958001, 43.944305419921903 ], [ 12.846529006958001, 43.944026947021499 ], [ 12.8470821380616, 43.944026947021499 ], [ 12.8470821380616, 43.9437484741212 ], [ 12.847359657287701, 43.9437484741212 ], [ 12.847359657287701, 43.943473815918097 ], [ 12.847638130188001, 43.943473815918097 ], [ 12.847638130188001, 43.9431953430175 ], [ 12.8479166030884, 43.9431953430175 ], [ 12.8479166030884, 43.942916870117102 ], [ 12.848472595214901, 43.942916870117102 ], [ 12.848472595214901, 43.942638397216797 ], [ 12.8493051528932, 43.942638397216797 ], [ 12.8493051528932, 43.942359924316399 ], [ 12.8495826721193, 43.942359924316399 ], [ 12.8495826721193, 43.942081451416001 ], [ 12.8501386642457, 43.942081451416001 ], [ 12.8501386642457, 43.941806793212997 ], [ 12.850973129272599, 43.941806793212997 ], [ 12.850973129272599, 43.941528320312599 ], [ 12.851248741149901, 43.941528320312599 ], [ 12.851248741149901, 43.941249847412202 ], [ 12.8520832061768, 43.941249847412202 ], [ 12.8520832061768, 43.941528320312599 ], [ 12.8523607254028, 43.941528320312599 ], [ 12.8523607254028, 43.941249847412202 ], [ 12.8537511825562, 43.941249847412202 ], [ 12.8537511825562, 43.940971374511797 ], [ 12.854305267334, 43.940971374511797 ], [ 12.854305267334, 43.940692901611399 ], [ 12.854582786560201, 43.940692901611399 ], [ 12.854582786560201, 43.940418243408303 ], [ 12.8551387786866, 43.940418243408303 ], [ 12.8551387786866, 43.940139770507898 ], [ 12.8559732437135, 43.940139770507898 ], [ 12.8559732437135, 43.9398612976075 ], [ 12.856248855590801, 43.9398612976075 ], [ 12.856248855590801, 43.939582824707102 ], [ 12.8565273284912, 43.939582824707102 ], [ 12.8565273284912, 43.939304351806697 ], [ 12.8576393127441, 43.939304351806697 ], [ 12.8576393127441, 43.9390258789063 ], [ 12.8587493896485, 43.9390258789063 ], [ 12.8587493896485, 43.938751220703097 ], [ 12.859026908874601, 43.938751220703097 ], [ 12.859026908874601, 43.938472747802699 ], [ 12.859582901001, 43.938472747802699 ], [ 12.859582901001, 43.938194274902301 ], [ 12.860971450805801, 43.938194274902301 ], [ 12.860971450805801, 43.937915802001903 ], [ 12.861805915832599, 43.937915802001903 ], [ 12.861805915832599, 43.937637329101598 ], [ 12.8631944656372, 43.937637329101598 ], [ 12.8631944656372, 43.937362670898601 ], [ 12.863471984863301, 43.937362670898601 ], [ 12.863471984863301, 43.937637329101598 ], [ 12.8640279769897, 43.937637329101598 ], [ 12.8640279769897, 43.937362670898601 ], [ 12.8659715652466, 43.937362670898601 ], [ 12.8659715652466, 43.937084197998203 ], [ 12.866250038146999, 43.937084197998203 ], [ 12.866250038146999, 43.936805725097599 ], [ 12.8668060302735, 43.936805725097599 ], [ 12.8668060302735, 43.936527252197202 ], [ 12.867083549499601, 43.936527252197202 ], [ 12.867083549499601, 43.936248779296903 ], [ 12.867637634277299, 43.936248779296903 ], [ 12.867637634277299, 43.9359741210938 ], [ 12.867916107177701, 43.935970306396499 ], [ 12.867916107177701, 43.935695648193402 ], [ 12.8681936264038, 43.935695648193402 ], [ 12.8681936264038, 43.935417175293097 ], [ 12.8684720993041, 43.935417175293097 ], [ 12.8684720993041, 43.935138702392699 ], [ 12.8690280914307, 43.935138702392699 ], [ 12.8690280914307, 43.934860229492301 ], [ 12.8695821762085, 43.934860229492301 ], [ 12.8695821762085, 43.934581756591903 ], [ 12.869859695434601, 43.934581756591903 ], [ 12.869859695434601, 43.9343070983887 ], [ 12.870415687561101, 43.9343070983887 ], [ 12.870415687561101, 43.934028625488303 ], [ 12.870971679687599, 43.934028625488303 ], [ 12.870971679687599, 43.933750152587898 ], [ 12.871804237365801, 43.933750152587898 ], [ 12.871804237365801, 43.933471679687599 ], [ 12.8726377487184, 43.933471679687599 ], [ 12.8726377487184, 43.933193206787202 ], [ 12.8729162216188, 43.933193206787202 ], [ 12.8729162216188, 43.932918548583999 ], [ 12.873472213745201, 43.932914733886797 ], [ 12.873472213745201, 43.932640075683601 ], [ 12.874029159546, 43.932640075683601 ], [ 12.874029159546, 43.932361602783203 ], [ 12.874306678772101, 43.932361602783203 ], [ 12.874306678772101, 43.932083129882798 ], [ 12.874859809875501, 43.932083129882798 ], [ 12.874859809875501, 43.931819915771499 ], [ 12.8754167556763, 43.931804656982401 ], [ 12.8754415512085, 43.931594848632898 ], [ 12.8756189346315, 43.931526184082003 ], [ 12.876528739929199, 43.931526184082003 ], [ 12.876528739929199, 43.931251525878999 ], [ 12.877638816833599, 43.931251525878999 ], [ 12.877638816833599, 43.930973052978601 ], [ 12.87819480896, 43.930973052978601 ], [ 12.87819480896, 43.930694580078203 ], [ 12.8787508010865, 43.930694580078203 ], [ 12.8787508010865, 43.930416107177699 ], [ 12.879027366638301, 43.930416107177699 ], [ 12.879027366638301, 43.930198669433601 ], [ 12.879183769226101, 43.930191040039098 ], [ 12.8804168701171, 43.930137634277301 ], [ 12.8804168701171, 43.929862976074297 ], [ 12.8806953430175, 43.929862976074297 ], [ 12.8806953430175, 43.929584503173899 ], [ 12.880970954895, 43.929584503173899 ], [ 12.880970954895, 43.929439544677798 ], [ 12.880970954895, 43.929306030273501 ], [ 12.881319999694901, 43.929306030273501 ], [ 12.8815269470215, 43.929306030273501 ], [ 12.8815269470215, 43.928749084472798 ], [ 12.8818054199219, 43.928749084472798 ], [ 12.8818054199219, 43.928470611572401 ], [ 12.883193016052401, 43.928470611572401 ], [ 12.883193016052401, 43.928195953369098 ], [ 12.884026527404901, 43.928195953369098 ], [ 12.884026527404901, 43.9279174804688 ], [ 12.8845834732057, 43.9279174804688 ], [ 12.8845834732057, 43.927639007568402 ], [ 12.8848609924318, 43.927639007568402 ], [ 12.8848609924318, 43.927360534667997 ], [ 12.885139465332101, 43.927360534667997 ], [ 12.885139465332101, 43.927082061767599 ], [ 12.8854169845582, 43.927082061767599 ], [ 12.8854169845582, 43.926807403564503 ], [ 12.885695457458599, 43.926807403564503 ], [ 12.885695457458599, 43.926528930664098 ], [ 12.886248588561999, 43.926528930664098 ], [ 12.886248588561999, 43.9262504577637 ], [ 12.8868045806885, 43.9262504577637 ], [ 12.8868045806885, 43.925971984863303 ], [ 12.8884706497193, 43.925971984863303 ], [ 12.8884706497193, 43.925693511962898 ], [ 12.889027595520099, 43.925693511962898 ], [ 12.889027595520099, 43.9254150390625 ], [ 12.889306068420501, 43.9254150390625 ], [ 12.889306068420501, 43.925140380859503 ], [ 12.8895835876465, 43.925140380859503 ], [ 12.8895835876465, 43.924861907959098 ], [ 12.8898620605469, 43.924861907959098 ], [ 12.8898620605469, 43.9245834350587 ], [ 12.8904180526734, 43.9245834350587 ], [ 12.8904180526734, 43.924304962158303 ], [ 12.8909721374513, 43.924304962158303 ], [ 12.8909721374513, 43.924026489257798 ], [ 12.8912496566772, 43.924026489257798 ], [ 12.8912496566772, 43.923751831054702 ], [ 12.8915281295778, 43.923751831054702 ], [ 12.8915281295778, 43.923473358154403 ], [ 12.892640113830501, 43.923473358154403 ], [ 12.892640113830501, 43.923194885253999 ], [ 12.8931941986084, 43.923194885253999 ], [ 12.8931941986084, 43.922916412353601 ], [ 12.894027709961, 43.922916412353601 ], [ 12.894027709961, 43.922637939453203 ], [ 12.8945837020875, 43.922637939453203 ], [ 12.8945837020875, 43.922359466552798 ], [ 12.8948621749878, 43.922359466552798 ], [ 12.8948621749878, 43.922084808349602 ], [ 12.8951377868653, 43.922084808349602 ], [ 12.8951377868653, 43.921806335449197 ], [ 12.8956937789918, 43.921806335449197 ], [ 12.8956937789918, 43.921527862548899 ], [ 12.8965282440187, 43.921527862548899 ], [ 12.8965282440187, 43.921806335449197 ], [ 12.8973598480225, 43.921806335449197 ], [ 12.8973598480225, 43.922084808349602 ], [ 12.8981943130493, 43.922084808349602 ], [ 12.8981943130493, 43.922359466552798 ], [ 12.899169921875, 43.922359466552798 ], [ 12.901526451111, 43.922359466552798 ], [ 12.901526451111, 43.922492980957102 ], [ 12.901526451111, 43.922637939453203 ], [ 12.901806831359901, 43.922637939453203 ], [ 12.901806831359901, 43.923194885253999 ], [ 12.901526451111, 43.923194885253999 ], [ 12.901526451111, 43.924026489257798 ], [ 12.9012508392335, 43.924026489257798 ], [ 12.9012508392335, 43.924304962158303 ], [ 12.900973320007401, 43.924304962158303 ], [ 12.900973320007401, 43.9254150390625 ], [ 12.9012508392335, 43.9254150390625 ], [ 12.9012508392335, 43.925693511962898 ], [ 12.901806831359901, 43.925693511962898 ], [ 12.901806831359901, 43.925140380859503 ], [ 12.902082443237401, 43.925140380859503 ], [ 12.902082443237401, 43.924861907959098 ], [ 12.9023609161378, 43.924861907959098 ], [ 12.9023609161378, 43.924304962158303 ], [ 12.9026393890382, 43.924304962158303 ], [ 12.9026393890382, 43.924026489257798 ], [ 12.9029169082643, 43.924026489257798 ], [ 12.9029169082643, 43.923751831054702 ], [ 12.9054174423218, 43.923751831054702 ], [ 12.9054174423218, 43.924026489257798 ], [ 12.9056949615479, 43.924026489257798 ], [ 12.9056949615479, 43.924304962158303 ], [ 12.9059734344482, 43.924304962158303 ], [ 12.9059734344482, 43.9245834350587 ], [ 12.9062509536743, 43.9245834350587 ], [ 12.9062509536743, 43.925693511962898 ], [ 12.9065265655518, 43.925693511962898 ], [ 12.9065265655518, 43.9254150390625 ], [ 12.907638549804799, 43.9254150390625 ], [ 12.907638549804799, 43.9245834350587 ], [ 12.907917022705201, 43.9245834350587 ], [ 12.907917022705201, 43.923748016357401 ], [ 12.907917022705201, 43.923473358154403 ], [ 12.9081945419313, 43.923473358154403 ], [ 12.9081945419313, 43.922916412353601 ], [ 12.907917022705201, 43.922916412353601 ], [ 12.907917022705201, 43.9224243164063 ], [ 12.9081945419313, 43.922359466552798 ], [ 12.9081945419313, 43.922084808349602 ], [ 12.908473014831699, 43.922084808349602 ], [ 12.908473014831699, 43.921806335449197 ], [ 12.908748626709, 43.921806335449197 ], [ 12.908748626709, 43.921527862548899 ], [ 12.9090270996093, 43.921527862548899 ], [ 12.9090270996093, 43.921249389648501 ], [ 12.909304618835399, 43.921249389648501 ], [ 12.909304618835399, 43.920970916748097 ], [ 12.909583091735801, 43.920970916748097 ], [ 12.909583091735801, 43.920696258544901 ], [ 12.9098606109619, 43.920696258544901 ], [ 12.9098606109619, 43.920417785644503 ], [ 12.910139083862299, 43.920417785644503 ], [ 12.910139083862299, 43.920139312744098 ], [ 12.9104166030884, 43.920139312744098 ], [ 12.9104166030884, 43.9198608398438 ], [ 12.910972595214799, 43.9198608398438 ], [ 12.910972595214799, 43.919582366943402 ], [ 12.9118051528931, 43.919582366943402 ], [ 12.9118051528931, 43.919303894042997 ], [ 12.912361145019601, 43.919303894042997 ], [ 12.912361145019601, 43.918750762939602 ], [ 12.9129152297975, 43.918750762939602 ], [ 12.912917137146099, 43.918472290039198 ], [ 12.913195610046399, 43.918472290039198 ], [ 12.913195610046399, 43.9181938171388 ], [ 12.91374874115, 43.9181938171388 ], [ 12.91374874115, 43.917915344238402 ], [ 12.9143047332763, 43.917915344238402 ], [ 12.9143047332763, 43.917640686035199 ], [ 12.9145841598512, 43.917640686035199 ], [ 12.9145841598512, 43.917083740234403 ], [ 12.914861679077299, 43.917083740234403 ], [ 12.914861679077299, 43.9165267944337 ], [ 12.915140151977701, 43.9165267944337 ], [ 12.915140151977701, 43.916248321533303 ], [ 12.9154176712037, 43.916248321533303 ], [ 12.9154176712037, 43.915973663330099 ], [ 12.9170837402344, 43.915973663330099 ], [ 12.9170837402344, 43.915695190429702 ], [ 12.917362213134799, 43.915695190429702 ], [ 12.917362213134799, 43.915416717529297 ], [ 12.917639732360801, 43.915416717529297 ], [ 12.917639732360801, 43.915138244628999 ], [ 12.917916297912701, 43.915138244628999 ], [ 12.917916297912701, 43.914859771728601 ], [ 12.918749809265201, 43.914859771728601 ], [ 12.918749809265201, 43.914585113525298 ], [ 12.9190282821656, 43.914585113525298 ], [ 12.9190282821656, 43.914306640624901 ], [ 12.919305801391699, 43.914306640624901 ], [ 12.919305801391699, 43.914028167724602 ], [ 12.9198598861694, 43.914028167724602 ], [ 12.9198598861694, 43.913749694824197 ], [ 12.9201402664185, 43.913749694824197 ], [ 12.9201402664185, 43.9134712219238 ], [ 12.920632362365801, 43.9134712219238 ], [ 12.9206943511962, 43.913192749023402 ], [ 12.9209289550782, 43.913192749023402 ], [ 12.920971870422299, 43.91263961792 ], [ 12.921250343322701, 43.91263961792 ], [ 12.921250343322701, 43.912361145019602 ], [ 12.9215278625488, 43.912361145019602 ], [ 12.9215278625488, 43.912082672119297 ], [ 12.921806335449199, 43.912082672119297 ], [ 12.921806335449199, 43.911804199218899 ], [ 12.9223623275757, 43.911804199218899 ], [ 12.9223623275757, 43.911251068115298 ], [ 12.9226379394532, 43.911251068115298 ], [ 12.9226379394532, 43.910972595214901 ], [ 12.923193931579601, 43.910972595214901 ], [ 12.923193931579601, 43.910694122314503 ], [ 12.92347240448, 43.910694122314503 ], [ 12.92347240448, 43.910415649414098 ], [ 12.923749923706101, 43.910415649414098 ], [ 12.923749923706101, 43.9101371765137 ], [ 12.9240283966065, 43.9101371765137 ], [ 12.9240283966065, 43.909862518310497 ], [ 12.924494743347299, 43.909862518310497 ], [ 12.9251384735109, 43.909862518310497 ], [ 12.9251384735109, 43.909584045410199 ], [ 12.9254159927369, 43.909584045410199 ], [ 12.9254159927369, 43.909305572509801 ], [ 12.925694465637299, 43.909305572509801 ], [ 12.925694465637299, 43.909027099609403 ], [ 12.9259719848634, 43.909027099609403 ], [ 12.9259719848634, 43.908748626708999 ], [ 12.926527976989901, 43.908748626708999 ], [ 12.926527976989901, 43.908473968506001 ], [ 12.926807403564601, 43.908473968506001 ], [ 12.926807403564601, 43.908195495605398 ], [ 12.927082061767599, 43.908195495605398 ], [ 12.927082061767599, 43.907917022705 ], [ 12.927915573120099, 43.907917022705 ], [ 12.927915573120099, 43.907638549804702 ], [ 12.928194999694799, 43.907638549804702 ], [ 12.928194999694799, 43.907360076904297 ], [ 12.9287509918213, 43.907360076904297 ], [ 12.9287509918213, 43.907081604003899 ], [ 12.929029464721699, 43.907081604003899 ], [ 12.929029464721699, 43.906806945800902 ], [ 12.9295825958253, 43.906806945800902 ], [ 12.9295825958253, 43.906528472900497 ], [ 12.9298610687256, 43.906528472900497 ], [ 12.9298610687256, 43.90625 ], [ 12.930138587951699, 43.90625 ], [ 12.930138587951699, 43.905971527099702 ], [ 12.930417060852101, 43.905971527099702 ], [ 12.930417060852101, 43.905693054199297 ], [ 12.9306945800782, 43.905693054199297 ], [ 12.9306945800782, 43.9054183959962 ], [ 12.930973052978599, 43.9054183959962 ], [ 12.930973052978599, 43.905139923095803 ], [ 12.931248664856099, 43.905139923095803 ], [ 12.931248664856099, 43.904861450195398 ], [ 12.931529045105, 43.904861450195398 ], [ 12.931529045105, 43.904582977295 ], [ 12.931804656982401, 43.904582977295 ], [ 12.931804656982401, 43.904304504394602 ], [ 12.9323606491088, 43.904304504394602 ], [ 12.9323606491088, 43.904026031494197 ], [ 12.9329166412353, 43.904026031494197 ], [ 12.9329166412353, 43.903751373291001 ], [ 12.9331951141357, 43.903751373291001 ], [ 12.9331951141357, 43.903472900390597 ], [ 12.9334726333618, 43.903472900390597 ], [ 12.9334726333618, 43.903194427490199 ], [ 12.9337511062622, 43.903194427490199 ], [ 12.9337511062622, 43.902637481689503 ], [ 12.9340267181396, 43.902637481689503 ], [ 12.9340267181396, 43.902362823486399 ], [ 12.9345827102662, 43.902362823486399 ], [ 12.9345827102662, 43.902084350586101 ], [ 12.935138702392599, 43.902084350586101 ], [ 12.935138702392599, 43.901805877685497 ], [ 12.935417175293001, 43.901805877685497 ], [ 12.935417175293001, 43.901527404785099 ], [ 12.9356946945191, 43.901527404785099 ], [ 12.9356946945191, 43.901248931884801 ], [ 12.936248779296999, 43.901248931884801 ], [ 12.936248779296999, 43.900917053222798 ], [ 12.936248779296999, 43.9006958007813 ], [ 12.9366359710693, 43.9006958007813 ], [ 12.9368047714235, 43.9006958007813 ], [ 12.9368047714235, 43.900417327881001 ], [ 12.9370832443238, 43.900417327881001 ], [ 12.9370832443238, 43.900138854980597 ], [ 12.937360763549901, 43.900138854980597 ], [ 12.937360763549901, 43.899860382080199 ], [ 12.937916755676399, 43.899860382080199 ], [ 12.937916755676399, 43.899581909179801 ], [ 12.9384708404541, 43.899581909179801 ], [ 12.9384708404541, 43.899307250976598 ], [ 12.9390268325806, 43.899307250976598 ], [ 12.9390268325806, 43.8990287780762 ], [ 12.9395313262941, 43.8990287780762 ], [ 12.939582824706999, 43.898750305175803 ], [ 12.939861297607401, 43.898750305175803 ], [ 12.939861297607401, 43.898471832275398 ], [ 12.9401388168335, 43.898471832275398 ], [ 12.9401388168335, 43.898193359375099 ], [ 12.9404153823853, 43.898193359375099 ], [ 12.9404153823853, 43.897914886474702 ], [ 12.9406957626343, 43.897914886474702 ], [ 12.9406957626343, 43.897640228271499 ], [ 12.9409713745118, 43.897640228271499 ], [ 12.9409713745118, 43.897361755371101 ], [ 12.9415273666382, 43.897361755371101 ], [ 12.9415273666382, 43.897083282470703 ], [ 12.942084312439, 43.897083282470703 ], [ 12.942084312439, 43.896804809570298 ], [ 12.942361831665099, 43.896804809570298 ], [ 12.942361831665099, 43.896526336669901 ], [ 12.942637443542599, 43.896526336669901 ], [ 12.942640304565501, 43.896251678466903 ], [ 12.9429178237916, 43.896251678466903 ], [ 12.9429178237916, 43.895973205566499 ], [ 12.9431943893434, 43.895973205566499 ], [ 12.9431943893434, 43.895694732666101 ], [ 12.9434719085694, 43.895694732666101 ], [ 12.9434719085694, 43.895416259765597 ], [ 12.943750381469799, 43.895416259765597 ], [ 12.943750381469799, 43.895137786865199 ], [ 12.9440279006959, 43.895137786865199 ], [ 12.9440279006959, 43.894859313964801 ], [ 12.9443063735963, 43.894859313964801 ], [ 12.9443063735963, 43.894584655761797 ], [ 12.9448623657228, 43.894584655761797 ], [ 12.9448623657228, 43.894306182861399 ], [ 12.9451398849487, 43.894306182861399 ], [ 12.9451398849487, 43.894027709961101 ], [ 12.945416450500501, 43.894027709961101 ], [ 12.945416450500501, 43.893470764160298 ], [ 12.9456939697266, 43.893470764160298 ], [ 12.9456939697266, 43.893196105957003 ], [ 12.946249961853001, 43.893196105957003 ], [ 12.946249961853001, 43.892917633056697 ], [ 12.9465284347534, 43.892917633056697 ], [ 12.9465284347534, 43.8926391601563 ], [ 12.946805953979499, 43.8926391601563 ], [ 12.946805953979499, 43.892360687255902 ], [ 12.947084426879901, 43.892360687255902 ], [ 12.947084426879901, 43.892082214355497 ], [ 12.947361946106, 43.892082214355497 ], [ 12.947361946106, 43.891803741455099 ], [ 12.9479160308838, 43.891803741455099 ], [ 12.9479160308838, 43.891529083252003 ], [ 12.9484720230104, 43.891529083252003 ], [ 12.9484720230104, 43.891250610351598 ], [ 12.9490280151368, 43.891250610351598 ], [ 12.9490280151368, 43.8909721374512 ], [ 12.9493055343629, 43.8909721374512 ], [ 12.9493055343629, 43.890415191650398 ], [ 12.949582099914499, 43.890415191650398 ], [ 12.949582099914499, 43.890140533447401 ], [ 12.9498615264894, 43.890140533447401 ], [ 12.9498615264894, 43.889862060547003 ], [ 12.950415611267101, 43.889862060547003 ], [ 12.950415611267101, 43.889583587646598 ], [ 12.9506940841675, 43.889583587646598 ], [ 12.9506940841675, 43.8893051147462 ], [ 12.95152759552, 43.8893051147462 ], [ 12.95152759552, 43.889026641845597 ], [ 12.9520835876465, 43.889026641845597 ], [ 12.9520835876465, 43.888748168945298 ], [ 12.952360153198301, 43.888748168945298 ], [ 12.952360153198301, 43.888195037841903 ], [ 12.9526376724244, 43.888195037841903 ], [ 12.9526376724244, 43.887916564941499 ], [ 12.953193664550801, 43.887916564941499 ], [ 12.953193664550801, 43.887638092041101 ], [ 12.953749656677299, 43.887638092041101 ], [ 12.953749656677299, 43.8870849609375 ], [ 12.954029083251999, 43.8870849609375 ], [ 12.954029083251999, 43.886806488037102 ], [ 12.9543066024781, 43.886806488037102 ], [ 12.9543066024781, 43.886528015136797 ], [ 12.9545822143556, 43.886528015136797 ], [ 12.9545822143556, 43.886249542236399 ], [ 12.9548597335815, 43.886249542236399 ], [ 12.9548597335815, 43.885971069336001 ], [ 12.955416679382401, 43.885971069336001 ], [ 12.955416679382401, 43.885692596435597 ], [ 12.9562511444093, 43.885692596435597 ], [ 12.9562511444093, 43.885417938232401 ], [ 12.956528663635201, 43.885417938232401 ], [ 12.956528663635201, 43.885139465332003 ], [ 12.956805229186999, 43.885139465332003 ], [ 12.956805229186999, 43.884860992431598 ], [ 12.9573612213135, 43.884860992431598 ], [ 12.9573612213135, 43.8845825195312 ], [ 12.957638740539601, 43.8845825195312 ], [ 12.957638740539601, 43.884304046630902 ], [ 12.958194732666, 43.884304046630902 ], [ 12.958194732666, 43.884029388427798 ], [ 12.958473205566399, 43.884029388427798 ], [ 12.958473205566399, 43.8837509155275 ], [ 12.9590272903443, 43.8837509155275 ], [ 12.9590291976929, 43.883472442627102 ], [ 12.9593048095704, 43.883472442627102 ], [ 12.9593048095704, 43.883193969726698 ], [ 12.959583282470801, 43.883193969726698 ], [ 12.959583282470801, 43.8829154968263 ], [ 12.9598608016968, 43.8829154968263 ], [ 12.9598608016968, 43.882637023925703 ], [ 12.9601392745972, 43.882637023925703 ], [ 12.9601392745972, 43.882362365722699 ], [ 12.9606952667237, 43.882362365722699 ], [ 12.9606952667237, 43.882083892822301 ], [ 12.9615268707275, 43.882083892822301 ], [ 12.9615268707275, 43.881805419921903 ], [ 12.961805343627899, 43.881805419921903 ], [ 12.961805343627899, 43.881526947021499 ], [ 12.962082862854, 43.881526947021499 ], [ 12.962082862854, 43.8812484741212 ], [ 12.9623613357543, 43.8812484741212 ], [ 12.9623613357543, 43.880973815917997 ], [ 12.9625158309937, 43.880973815917997 ], [ 12.962638854980501, 43.880973815917997 ], [ 12.962638854980501, 43.880695343017599 ], [ 12.9629173278809, 43.880695343017599 ], [ 12.9629173278809, 43.880416870117202 ], [ 12.963473320007299, 43.880416870117202 ], [ 12.963473320007299, 43.880138397216903 ], [ 12.964027404785201, 43.880138397216903 ], [ 12.964027404785201, 43.879859924316499 ], [ 12.9643049240113, 43.879859924316499 ], [ 12.9643049240113, 43.879581451416101 ], [ 12.964583396911699, 43.879581451416101 ], [ 12.964583396911699, 43.879306793212798 ], [ 12.9651393890381, 43.879306793212798 ], [ 12.9651393890381, 43.878749847412102 ], [ 12.965416908264199, 43.878749847412102 ], [ 12.965416908264199, 43.8790283203125 ], [ 12.965970993042101, 43.8790283203125 ], [ 12.965970993042101, 43.878749847412102 ], [ 12.9662523269654, 43.878749847412102 ], [ 12.9662523269654, 43.878471374511697 ], [ 12.966805458069, 43.878471374511697 ], [ 12.966805458069, 43.8781929016113 ], [ 12.967082977295, 43.8781929016113 ], [ 12.967082977295, 43.877918243408303 ], [ 12.9673614501954, 43.877918243408303 ], [ 12.9673614501954, 43.877639770507898 ], [ 12.967639923095801, 43.877639770507898 ], [ 12.967639923095801, 43.8773612976075 ], [ 12.9679183959962, 43.8773612976075 ], [ 12.9679183959962, 43.877082824707102 ], [ 12.968193054199199, 43.877082824707102 ], [ 12.968193054199199, 43.876804351806797 ], [ 12.9687490463257, 43.876804351806797 ], [ 12.9687490463257, 43.876525878906399 ], [ 12.9690284729004, 43.876525878906399 ], [ 12.9690284729004, 43.876251220703203 ], [ 12.9693059921265, 43.876251220703203 ], [ 12.9693059921265, 43.875972747802798 ], [ 12.970136642456101, 43.875972747802798 ], [ 12.970136642456101, 43.875415802002003 ], [ 12.9706935882569, 43.875415802002003 ], [ 12.9706935882569, 43.875137329101598 ], [ 12.9712495803834, 43.875137329101598 ], [ 12.9712495803834, 43.874862670898402 ], [ 12.9715280532837, 43.874862670898402 ], [ 12.9715280532837, 43.874584197997997 ], [ 12.971805572509799, 43.874584197997997 ], [ 12.971805572509799, 43.874305725097699 ], [ 12.9723596572875, 43.874305725097699 ], [ 12.9723615646363, 43.874027252197301 ], [ 12.9731941223144, 43.874027252197301 ], [ 12.9731941223144, 43.873748779296903 ], [ 12.973471641540501, 43.873748779296903 ], [ 12.973471641540501, 43.873474121093899 ], [ 12.974027633666999, 43.873470306396499 ], [ 12.974027633666999, 43.873195648193303 ], [ 12.974306106567299, 43.873195648193303 ], [ 12.974306106567299, 43.872917175292898 ], [ 12.9748620986938, 43.872917175292898 ], [ 12.9748620986938, 43.872638702392599 ], [ 12.9751377105713, 43.872638702392599 ], [ 12.9751377105713, 43.872360229492202 ], [ 12.975416183471699, 43.872360229492202 ], [ 12.9754180908203, 43.872081756591797 ], [ 12.9759721755982, 43.872081756591797 ], [ 12.9759721755982, 43.8718070983888 ], [ 12.9765281677247, 43.8718070983888 ], [ 12.9765281677247, 43.871528625488402 ], [ 12.9768056869507, 43.871528625488402 ], [ 12.9768056869507, 43.871250152587997 ], [ 12.977359771728599, 43.871250152587997 ], [ 12.977359771728599, 43.870971679687599 ], [ 12.977638244629, 43.870971679687599 ], [ 12.977638244629, 43.870693206787202 ], [ 12.977915763855099, 43.870693206787202 ], [ 12.977915763855099, 43.870418548583999 ], [ 12.978194236755501, 43.870414733886797 ], [ 12.978194236755501, 43.8701400756837 ], [ 12.979027748108001, 43.8701400756837 ], [ 12.979027748108001, 43.869861602783303 ], [ 12.9793043136597, 43.869861602783303 ], [ 12.9793043136597, 43.869583129882898 ], [ 12.9795837402343, 43.869583129882898 ], [ 12.9795837402343, 43.8693046569825 ], [ 12.9801378250122, 43.8693046569825 ], [ 12.9801378250122, 43.869026184082102 ], [ 12.9809722900391, 43.869026184082102 ], [ 12.9809722900391, 43.868751525878899 ], [ 12.981250762939499, 43.868751525878899 ], [ 12.981250762939499, 43.868473052978501 ], [ 12.9818067550659, 43.868473052978501 ], [ 12.9818067550659, 43.868194580078097 ], [ 12.9820823669434, 43.868194580078097 ], [ 12.9820823669434, 43.867916107177699 ], [ 12.982359886169499, 43.867916107177699 ], [ 12.982359886169499, 43.867362976074297 ], [ 12.9829168319703, 43.867362976074297 ], [ 12.9829168319703, 43.867084503173899 ], [ 12.9831953048707, 43.867084503173899 ], [ 12.9831953048707, 43.866806030273402 ], [ 12.983751296997101, 43.866806030273402 ], [ 12.983751296997101, 43.866527557372997 ], [ 12.9840288162232, 43.866527557372997 ], [ 12.9840288162232, 43.866249084472699 ], [ 12.984305381775, 43.866249084472699 ], [ 12.984305381775, 43.865970611572301 ], [ 12.984582901001099, 43.865970611572301 ], [ 12.984582901001099, 43.865695953369197 ], [ 12.985138893127401, 43.865695953369197 ], [ 12.985138893127401, 43.865417480468899 ], [ 12.9856948852538, 43.865417480468899 ], [ 12.9856948852538, 43.865139007568501 ], [ 12.985973358154199, 43.865139007568501 ], [ 12.985973358154199, 43.864860534668097 ], [ 12.9865274429321, 43.864860534668097 ], [ 12.9865274429321, 43.864582061767699 ], [ 12.9873609542847, 43.864582061767699 ], [ 12.9873609542847, 43.864307403564503 ], [ 12.987639427185099, 43.864307403564503 ], [ 12.987639427185099, 43.864028930664098 ], [ 12.9881954193115, 43.864028930664098 ], [ 12.9881954193115, 43.8637504577637 ], [ 12.988748550415201, 43.8637504577637 ], [ 12.988751411438001, 43.863471984863303 ], [ 12.989027023315501, 43.863471984863303 ], [ 12.989027023315501, 43.863193511962898 ], [ 12.989583015441999, 43.863193511962898 ], [ 12.989583015441999, 43.862915039062599 ], [ 12.9898605346681, 43.862915039062599 ], [ 12.9898605346681, 43.862640380859403 ], [ 12.990416526794499, 43.862640380859403 ], [ 12.990416526794499, 43.862361907958999 ], [ 12.991249084472701, 43.862361907958999 ], [ 12.991249084472701, 43.862083435058601 ], [ 12.9915266036987, 43.862083435058601 ], [ 12.9915266036987, 43.861804962158203 ], [ 12.9918050765991, 43.861804962158203 ], [ 12.9918050765991, 43.861526489257798 ], [ 12.992082595825201, 43.861526489257798 ], [ 12.992082595825201, 43.861251831054801 ], [ 12.992638587951699, 43.861251831054801 ], [ 12.992638587951699, 43.860973358154403 ], [ 12.992917060852101, 43.860973358154403 ], [ 12.992917060852101, 43.860694885253999 ], [ 12.993471145629901, 43.860694885253999 ], [ 12.993471145629901, 43.860416412353501 ], [ 12.993748664856, 43.860416412353501 ], [ 12.993748664856, 43.860137939453097 ], [ 12.9943046569825, 43.860137939453097 ], [ 12.9943046569825, 43.859859466552699 ], [ 12.994861602783301, 43.859859466552699 ], [ 12.994861602783301, 43.859584808349702 ], [ 12.9951400756837, 43.859584808349702 ], [ 12.9951400756837, 43.859306335449297 ], [ 12.9956932067872, 43.859306335449297 ], [ 12.9956932067872, 43.859027862548899 ], [ 12.996250152588001, 43.859027862548899 ], [ 12.996250152588001, 43.858749389648601 ], [ 12.9979162216187, 43.858749389648601 ], [ 12.9979162216187, 43.858470916748203 ], [ 12.9981937408447, 43.858470916748203 ], [ 12.9981937408447, 43.858196258544901 ], [ 12.9987497329712, 43.858196258544901 ], [ 12.9987497329712, 43.857917785644602 ], [ 12.999859809875501, 43.857917785644602 ], [ 12.999859809875501, 43.857639312744197 ], [ 13.000694274902401, 43.857639312744197 ], [ 13.000694274902401, 43.8573608398438 ], [ 13.0009717941285, 43.8573608398438 ], [ 13.0009717941285, 43.857082366943402 ], [ 13.001250267028899, 43.857082366943402 ], [ 13.001250267028899, 43.856803894042997 ], [ 13.001527786255, 43.856803894042997 ], [ 13.001527786255, 43.856529235839801 ], [ 13.0018062591554, 43.856529235839801 ], [ 13.0018062591554, 43.856250762939503 ], [ 13.0023622512819, 43.856250762939503 ], [ 13.0023622512819, 43.855972290039098 ], [ 13.003472328186, 43.855972290039098 ], [ 13.003472328186, 43.8556938171387 ], [ 13.0040283203125, 43.8556938171387 ], [ 13.0040283203125, 43.855415344238303 ], [ 13.004305839538601, 43.855415344238303 ], [ 13.004305839538601, 43.855140686035298 ], [ 13.004584312439, 43.855140686035298 ], [ 13.004584312439, 43.854862213134901 ], [ 13.0051383972169, 43.854862213134901 ], [ 13.005140304565399, 43.854583740234503 ], [ 13.005694389343301, 43.854583740234503 ], [ 13.005694389343301, 43.854305267334098 ], [ 13.0059719085694, 43.854305267334098 ], [ 13.0059719085694, 43.854026794433501 ], [ 13.0065279006959, 43.854026794433501 ], [ 13.0065279006959, 43.853748321533097 ], [ 13.0070819854737, 43.853748321533097 ], [ 13.0070819854737, 43.853473663330099 ], [ 13.007637977600201, 43.853473663330099 ], [ 13.007637977600201, 43.853195190429702 ], [ 13.008473396301399, 43.853195190429702 ], [ 13.008473396301399, 43.852916717529403 ], [ 13.0087509155275, 43.852916717529403 ], [ 13.0087509155275, 43.852638244628999 ], [ 13.0095815658569, 43.852638244628999 ], [ 13.0095815658569, 43.852359771728601 ], [ 13.0104169845581, 43.852359771728601 ], [ 13.0104169845581, 43.852085113525398 ], [ 13.011248588562101, 43.852085113525398 ], [ 13.011248588562101, 43.851806640625 ], [ 13.0118045806885, 43.851806640625 ], [ 13.0118045806885, 43.851528167724702 ], [ 13.0137510299684, 43.851528167724702 ], [ 13.0137510299684, 43.851806640625 ], [ 13.0140266418456, 43.851806640625 ], [ 13.0140266418456, 43.852085113525398 ], [ 13.0145826339722, 43.852085113525398 ], [ 13.0145826339722, 43.852359771728601 ], [ 13.0148611068725, 43.852359771728601 ], [ 13.0148611068725, 43.852638244628999 ], [ 13.015417098999, 43.852638244628999 ], [ 13.015417098999, 43.852916717529403 ], [ 13.017083168029799, 43.852916717529403 ], [ 13.017083168029799, 43.852638244628999 ], [ 13.0173606872559, 43.852638244628999 ], [ 13.0173606872559, 43.852359771728601 ], [ 13.0195827484132, 43.852359771728601 ], [ 13.0195827484132, 43.852638244628999 ], [ 13.019861221313599, 43.852638244628999 ], [ 13.019861221313599, 43.852359771728601 ], [ 13.0204153060913, 43.852359771728601 ], [ 13.0204153060913, 43.852085113525398 ], [ 13.0206956863404, 43.852085113525398 ], [ 13.0206956863404, 43.851806640625 ], [ 13.0212488174438, 43.851806640625 ], [ 13.0212488174438, 43.850971221923899 ], [ 13.021527290344199, 43.850971221923899 ], [ 13.021527290344199, 43.850692749023501 ], [ 13.022084236145, 43.850692749023501 ], [ 13.022084236145, 43.8493041992188 ], [ 13.022361755371101, 43.8493041992188 ], [ 13.022361755371101, 43.849155426025497 ], [ 13.022361755371101, 43.849029541015703 ], [ 13.0226364135743, 43.849029541015703 ], [ 13.023193359375099, 43.849029541015703 ], [ 13.023193359375099, 43.848770141601598 ], [ 13.023750305175801, 43.848751068115298 ], [ 13.023750305175801, 43.848518371582003 ], [ 13.0238466262818, 43.848472595215 ], [ 13.024306297302299, 43.848472595215 ], [ 13.024306297302299, 43.848262786865199 ], [ 13.024453163146999, 43.848194122314602 ], [ 13.0245838165284, 43.848194122314602 ], [ 13.0245838165284, 43.847915649414198 ], [ 13.0248622894288, 43.847915649414198 ], [ 13.0248622894288, 43.847637176513601 ], [ 13.0256652832032, 43.847637176513601 ], [ 13.025695800781399, 43.847362518310597 ], [ 13.026249885559, 43.847362518310597 ], [ 13.026249885559, 43.847084045410199 ], [ 13.0265283584594, 43.847084045410199 ], [ 13.0265283584594, 43.846805572509801 ], [ 13.026805877685501, 43.846805572509801 ], [ 13.026805877685501, 43.846527099609403 ], [ 13.0270843505859, 43.846527099609403 ], [ 13.0270843505859, 43.846248626709098 ], [ 13.027361869811999, 43.846248626709098 ], [ 13.027361869811999, 43.845973968505902 ], [ 13.027915954589799, 43.845973968505902 ], [ 13.027915954589799, 43.845695495605497 ], [ 13.028194427490201, 43.845695495605497 ], [ 13.028194427490201, 43.845417022705099 ], [ 13.028471946716399, 43.845417022705099 ], [ 13.028471946716399, 43.845138549804702 ], [ 13.028750419616699, 43.845138549804702 ], [ 13.028750419616699, 43.844860076904403 ], [ 13.0290279388428, 43.844860076904403 ], [ 13.0290279388428, 43.844581604003999 ], [ 13.0293064117432, 43.844581604003999 ], [ 13.0293064117432, 43.844306945800703 ], [ 13.0295820236207, 43.844306945800703 ], [ 13.0295820236207, 43.844028472900398 ], [ 13.0301380157472, 43.844028472900398 ], [ 13.0301380157472, 43.84375 ], [ 13.030694007873601, 43.84375 ], [ 13.030694007873601, 43.843471527099602 ], [ 13.0309715270997, 43.843471527099602 ], [ 13.0309715270997, 43.843193054199197 ], [ 13.03125, 43.843193054199197 ], [ 13.03125, 43.842639923095803 ], [ 13.031528472900501, 43.842639923095803 ], [ 13.031528472900501, 43.842361450195398 ], [ 13.0318059921266, 43.842361450195398 ], [ 13.0318059921266, 43.842082977295 ], [ 13.032916069030801, 43.842082977295 ], [ 13.032916069030801, 43.841804504394602 ], [ 13.0334720611572, 43.841804504394602 ], [ 13.0334720611572, 43.842082977295 ], [ 13.033749580383301, 43.842082977295 ], [ 13.033749580383301, 43.841804504394602 ], [ 13.0340280532837, 43.841804504394602 ], [ 13.0340280532837, 43.841526031494297 ], [ 13.0343065261841, 43.841526031494297 ], [ 13.0343065261841, 43.840972900390703 ], [ 13.0345821380616, 43.840972900390703 ], [ 13.0345821380616, 43.840694427490298 ], [ 13.035138130188001, 43.840694427490298 ], [ 13.035138130188001, 43.840415954589901 ], [ 13.0354156494141, 43.840415954589901 ], [ 13.0354156494141, 43.840137481689503 ], [ 13.035972595214901, 43.840137481689503 ], [ 13.035972595214901, 43.8398628234863 ], [ 13.0362510681153, 43.8398628234863 ], [ 13.0362510681153, 43.839584350585902 ], [ 13.038194656371999, 43.839584350585902 ], [ 13.038194656371999, 43.839305877685497 ], [ 13.038473129272401, 43.839305877685497 ], [ 13.038473129272401, 43.839027404785199 ], [ 13.038748741149901, 43.839027404785199 ], [ 13.038748741149901, 43.838748931884801 ], [ 13.039304733276399, 43.838748931884801 ], [ 13.039304733276399, 43.838470458984403 ], [ 13.0401391983032, 43.838470458984403 ], [ 13.0401391983032, 43.8381958007812 ], [ 13.0406951904297, 43.8381958007812 ], [ 13.0406951904297, 43.837917327880803 ], [ 13.0409708023072, 43.837917327880803 ], [ 13.0409708023072, 43.837638854980497 ], [ 13.041805267334, 43.837638854980497 ], [ 13.041805267334, 43.837360382080099 ], [ 13.042082786560201, 43.837360382080099 ], [ 13.042082786560201, 43.837081909179702 ], [ 13.0426387786866, 43.837081909179702 ], [ 13.0426387786866, 43.836807250976698 ], [ 13.0431947708131, 43.836807250976698 ], [ 13.0431947708131, 43.8365287780763 ], [ 13.0434732437135, 43.8365287780763 ], [ 13.0434732437135, 43.836250305175902 ], [ 13.0440273284912, 43.836250305175902 ], [ 13.0440273284912, 43.835971832275497 ], [ 13.044583320617701, 43.835971832275497 ], [ 13.044583320617701, 43.835693359375099 ], [ 13.045416831970201, 43.835693359375099 ], [ 13.045416831970201, 43.835414886474702 ], [ 13.0456953048706, 43.835414886474702 ], [ 13.0456953048706, 43.834583282470803 ], [ 13.047361373901399, 43.834583282470803 ], [ 13.047361373901399, 43.834304809570398 ], [ 13.048195838928301, 43.834304809570398 ], [ 13.048195838928301, 43.83402633667 ], [ 13.048471450805801, 43.83402633667 ], [ 13.048471450805801, 43.833751678466797 ], [ 13.0490274429322, 43.833751678466797 ], [ 13.0490274429322, 43.833473205566399 ], [ 13.049584388733001, 43.833473205566399 ], [ 13.049584388733001, 43.833194732666001 ], [ 13.0501365661621, 43.833194732666001 ], [ 13.0501365661621, 43.832916259765597 ], [ 13.0506944656372, 43.832916259765597 ], [ 13.0506944656372, 43.832637786865199 ], [ 13.050971984863301, 43.832637786865199 ], [ 13.050971984863301, 43.832359313964901 ], [ 13.0512504577637, 43.832359313964901 ], [ 13.0512504577637, 43.832084655761797 ], [ 13.0523624420166, 43.832084655761797 ], [ 13.0523624420166, 43.8318061828613 ], [ 13.052915573120201, 43.8318061828613 ], [ 13.052915573120201, 43.831527709960902 ], [ 13.0531940460206, 43.831527709960902 ], [ 13.0531940460206, 43.830696105957102 ], [ 13.053471565246699, 43.830696105957102 ], [ 13.053471565246699, 43.830139160156399 ], [ 13.053750038146999, 43.830139160156399 ], [ 13.053750038146999, 43.829860687256001 ], [ 13.054583549499601, 43.829860687256001 ], [ 13.054583549499601, 43.829582214355597 ], [ 13.0548620224, 43.829582214355597 ], [ 13.0548620224, 43.829303741455199 ], [ 13.055137634277299, 43.829303741455199 ], [ 13.055137634277299, 43.829029083252003 ], [ 13.0565280914307, 43.829029083252003 ], [ 13.0565280914307, 43.828750610351598 ], [ 13.0570840835571, 43.828750610351598 ], [ 13.0570840835571, 43.8284721374512 ], [ 13.057359695434601, 43.8284721374512 ], [ 13.057359695434601, 43.828193664550803 ], [ 13.058471679687599, 43.828193664550803 ], [ 13.058471679687599, 43.827915191650398 ], [ 13.059027671814, 43.827915191650398 ], [ 13.059027671814, 43.827640533447301 ], [ 13.059304237365801, 43.827640533447301 ], [ 13.059304237365801, 43.827362060546903 ], [ 13.059583663940501, 43.827362060546903 ], [ 13.059583663940501, 43.827083587646499 ], [ 13.059860229492299, 43.827083587646499 ], [ 13.059860229492299, 43.826805114746101 ], [ 13.0601377487184, 43.826805114746101 ], [ 13.0601377487184, 43.826526641845703 ], [ 13.0606937408447, 43.826526641845703 ], [ 13.0606937408447, 43.826248168945298 ], [ 13.060972213745201, 43.826248168945298 ], [ 13.060972213745201, 43.825973510742301 ], [ 13.061529159546, 43.825973510742301 ], [ 13.061529159546, 43.825695037841903 ], [ 13.0620822906494, 43.825695037841903 ], [ 13.0620822906494, 43.8254165649413 ], [ 13.062359809875501, 43.8254165649413 ], [ 13.062359809875501, 43.825138092041001 ], [ 13.0629167556763, 43.825138092041001 ], [ 13.0629167556763, 43.824859619140597 ], [ 13.063195228576699, 43.824859619140597 ], [ 13.063195228576699, 43.824584960937599 ], [ 13.063472747802701, 43.824584960937599 ], [ 13.063472747802701, 43.824306488037202 ], [ 13.0645847320557, 43.824306488037202 ], [ 13.0645847320557, 43.824028015136797 ], [ 13.0648612976075, 43.824028015136797 ], [ 13.0648612976075, 43.823749542236399 ], [ 13.065417289733899, 43.823749542236399 ], [ 13.065417289733899, 43.823471069336101 ], [ 13.0659732818604, 43.823471069336101 ], [ 13.0659732818604, 43.823192596435703 ], [ 13.0662508010865, 43.823192596435703 ], [ 13.0662508010865, 43.8229179382325 ], [ 13.066527366638301, 43.8229179382325 ], [ 13.066527366638301, 43.822639465332102 ], [ 13.066804885864199, 43.822639465332102 ], [ 13.066804885864199, 43.822360992431697 ], [ 13.0670833587646, 43.822360992431697 ], [ 13.0670833587646, 43.8220825195313 ], [ 13.0679168701172, 43.8220825195313 ], [ 13.0679168701172, 43.821804046630902 ], [ 13.0681953430175, 43.821804046630902 ], [ 13.0681953430175, 43.821529388427699 ], [ 13.068751335144, 43.821529388427699 ], [ 13.068751335144, 43.821250915527301 ], [ 13.0690269470215, 43.821250915527301 ], [ 13.0690269470215, 43.820972442626903 ], [ 13.0693054199219, 43.820972442626903 ], [ 13.0693054199219, 43.820693969726598 ], [ 13.069582939148001, 43.820693969726598 ], [ 13.069582939148001, 43.8204154968262 ], [ 13.0698614120484, 43.8204154968262 ], [ 13.0698614120484, 43.820137023925803 ], [ 13.070138931274499, 43.820137023925803 ], [ 13.070138931274499, 43.819862365722798 ], [ 13.070693016052401, 43.819862365722798 ], [ 13.070693016052401, 43.819583892822401 ], [ 13.0709733963013, 43.819583892822401 ], [ 13.0709733963013, 43.819305419922003 ], [ 13.071526527404901, 43.819305419922003 ], [ 13.071526527404901, 43.819026947021399 ], [ 13.0720834732057, 43.819026947021399 ], [ 13.0720834732057, 43.818748474121001 ], [ 13.0723609924318, 43.818748474121001 ], [ 13.0723609924318, 43.818473815917997 ], [ 13.072639465332101, 43.818473815917997 ], [ 13.072639465332101, 43.818195343017599 ], [ 13.073195457458599, 43.818195343017599 ], [ 13.073195457458599, 43.817638397216903 ], [ 13.073748588561999, 43.817638397216903 ], [ 13.073748588561999, 43.817359924316499 ], [ 13.074027061462401, 43.817359924316499 ], [ 13.074027061462401, 43.817081451416101 ], [ 13.0743045806885, 43.817081451416101 ], [ 13.0743045806885, 43.816806793212898 ], [ 13.074860572814901, 43.816806793212898 ], [ 13.074860572814901, 43.8165283203125 ], [ 13.0751399993896, 43.8165283203125 ], [ 13.0751399993896, 43.816249847412202 ], [ 13.07541847229, 43.816249847412202 ], [ 13.07541847229, 43.815971374511797 ], [ 13.0756931304932, 43.815971374511797 ], [ 13.0756931304932, 43.815692901611399 ], [ 13.0759744644165, 43.815692901611399 ], [ 13.0759744644165, 43.815418243408203 ], [ 13.0762491226197, 43.815418243408203 ], [ 13.0762491226197, 43.815139770507798 ], [ 13.076806068420501, 43.815139770507798 ], [ 13.076806068420501, 43.814861297607401 ], [ 13.0773620605469, 43.814861297607401 ], [ 13.0773620605469, 43.814582824707003 ], [ 13.077639579773001, 43.814582824707003 ], [ 13.077639579773001, 43.814304351806598 ], [ 13.0779180526734, 43.814304351806598 ], [ 13.0779180526734, 43.8140258789062 ], [ 13.0781936645507, 43.8140258789062 ], [ 13.0781936645507, 43.813751220703203 ], [ 13.0784721374513, 43.813751220703203 ], [ 13.0784721374513, 43.813472747802798 ], [ 13.0787496566772, 43.813472747802798 ], [ 13.0787496566772, 43.8131942749025 ], [ 13.079028129577599, 43.8131942749025 ], [ 13.079028129577599, 43.812915802002102 ], [ 13.0793056488037, 43.812915802002102 ], [ 13.0793056488037, 43.812637329101499 ], [ 13.079584121704, 43.812637329101499 ], [ 13.079584121704, 43.812362670898501 ], [ 13.0798597335815, 43.812362670898501 ], [ 13.0798597335815, 43.811805725097699 ], [ 13.080140113830501, 43.811805725097699 ], [ 13.080140113830501, 43.811527252197301 ], [ 13.080415725708001, 43.811527252197301 ], [ 13.080415725708001, 43.811248779297003 ], [ 13.0806941986084, 43.811248779297003 ], [ 13.0806941986084, 43.8109741210938 ], [ 13.081527709961, 43.810970306396598 ], [ 13.081527709961, 43.810695648193402 ], [ 13.081806182861399, 43.810695648193402 ], [ 13.081806182861399, 43.810417175292997 ], [ 13.0823621749878, 43.810417175292997 ], [ 13.0823621749878, 43.810138702392599 ], [ 13.0831937789918, 43.810138702392599 ], [ 13.0831937789918, 43.809860229492202 ], [ 13.0834722518922, 43.809860229492202 ], [ 13.0834722518922, 43.809581756591903 ], [ 13.083749771118301, 43.809581756591903 ], [ 13.083749771118301, 43.809307098388601 ], [ 13.0840282440187, 43.809307098388601 ], [ 13.0840282440187, 43.809028625488303 ], [ 13.0843057632447, 43.809028625488303 ], [ 13.0843057632447, 43.808750152587898 ], [ 13.084584236145099, 43.808750152587898 ], [ 13.084584236145099, 43.8084716796875 ], [ 13.0848598480225, 43.8084716796875 ], [ 13.0848598480225, 43.808193206787102 ], [ 13.085415840148899, 43.808193206787102 ], [ 13.085415840148899, 43.807918548584098 ], [ 13.0859718322754, 43.807914733886697 ], [ 13.0859718322754, 43.8076400756837 ], [ 13.086250305175801, 43.8076400756837 ], [ 13.086250305175801, 43.807361602783303 ], [ 13.0868062973022, 43.807361602783303 ], [ 13.0868062973022, 43.807083129882898 ], [ 13.0870819091797, 43.807083129882898 ], [ 13.0870819091797, 43.8068046569825 ], [ 13.087360382080099, 43.8068046569825 ], [ 13.087360382080099, 43.806526184082102 ], [ 13.0876379013062, 43.806526184082102 ], [ 13.0876379013062, 43.805973052978601 ], [ 13.0879163742066, 43.805973052978601 ], [ 13.0879163742066, 43.805694580078203 ], [ 13.088193893432701, 43.805694580078203 ], [ 13.088193893432701, 43.805416107177798 ], [ 13.0887508392335, 43.805416107177798 ], [ 13.0887508392335, 43.805137634277401 ], [ 13.089582443237401, 43.805137634277401 ], [ 13.089582443237401, 43.804862976074197 ], [ 13.089859962463301, 43.804862976074197 ], [ 13.089859962463301, 43.804306030273402 ], [ 13.0904169082643, 43.804306030273402 ], [ 13.0904169082643, 43.804027557372997 ], [ 13.0918054580688, 43.804027557372997 ], [ 13.0918054580688, 43.803749084472699 ], [ 13.092082977294901, 43.803749084472699 ], [ 13.092082977294901, 43.803470611572301 ], [ 13.0923614501953, 43.803470611572301 ], [ 13.0923614501953, 43.803195953369098 ], [ 13.0929174423218, 43.803195953369098 ], [ 13.0929174423218, 43.8029174804687 ], [ 13.0931949615479, 43.8029174804687 ], [ 13.0931949615479, 43.802639007568402 ], [ 13.0934734344482, 43.802639007568402 ], [ 13.0934734344482, 43.802082061767599 ], [ 13.0937509536744, 43.802082061767599 ], [ 13.0937509536744, 43.801807403564602 ], [ 13.094306945800801, 43.801807403564602 ], [ 13.094306945800801, 43.801528930664198 ], [ 13.0948610305787, 43.801528930664198 ], [ 13.0948610305787, 43.8012504577638 ], [ 13.095138549804799, 43.8012504577638 ], [ 13.095138549804799, 43.800415039062599 ], [ 13.095973014831699, 43.800415039062599 ], [ 13.095973014831699, 43.800140380859403 ], [ 13.096248626709, 43.800140380859403 ], [ 13.096248626709, 43.799861907958999 ], [ 13.0965270996094, 43.799861907958999 ], [ 13.0965270996094, 43.799583435058601 ], [ 13.097083091735801, 43.799583435058601 ], [ 13.097083091735801, 43.799304962158303 ], [ 13.0973606109619, 43.799304962158303 ], [ 13.0973606109619, 43.799026489257898 ], [ 13.097639083862299, 43.799026489257898 ], [ 13.097639083862299, 43.798751831054702 ], [ 13.0981950759888, 43.798751831054702 ], [ 13.0981950759888, 43.798473358154297 ], [ 13.098749160766699, 43.798473358154297 ], [ 13.098749160766699, 43.798194885253899 ], [ 13.099026679992701, 43.798194885253899 ], [ 13.099026679992701, 43.797916412353501 ], [ 13.099582672119199, 43.797916412353501 ], [ 13.099582672119199, 43.797637939453097 ], [ 13.099861145019601, 43.797637939453097 ], [ 13.099861145019601, 43.797084808349702 ], [ 13.1001386642457, 43.797084808349702 ], [ 13.1001386642457, 43.796806335449197 ], [ 13.100694656372101, 43.796806335449197 ], [ 13.100694656372101, 43.7965278625488 ], [ 13.100971221923899, 43.7965278625488 ], [ 13.100971221923899, 43.796249389648402 ], [ 13.101248741149799, 43.796249389648402 ], [ 13.101248741149799, 43.795970916747997 ], [ 13.1015272140504, 43.795970916747997 ], [ 13.1015272140504, 43.795696258545 ], [ 13.102361679077299, 43.795696258545 ], [ 13.102361679077299, 43.795417785644602 ], [ 13.102640151977701, 43.795417785644602 ], [ 13.102640151977701, 43.795139312744197 ], [ 13.102917671203601, 43.795139312744197 ], [ 13.102917671203601, 43.794303894043097 ], [ 13.104306221008301, 43.794303894043097 ], [ 13.104306221008301, 43.794582366943501 ], [ 13.1045837402344, 43.794582366943501 ], [ 13.1045837402344, 43.794303894043097 ], [ 13.104862213134799, 43.794303894043097 ], [ 13.104862213134799, 43.793750762939503 ], [ 13.105695724487401, 43.793750762939503 ], [ 13.105695724487401, 43.793472290039098 ], [ 13.106249809265201, 43.793472290039098 ], [ 13.106249809265201, 43.792640686035199 ], [ 13.1065282821656, 43.792640686035199 ], [ 13.1065282821656, 43.792362213134801 ], [ 13.106805801391699, 43.792362213134801 ], [ 13.106805801391699, 43.792083740234403 ], [ 13.107084274291999, 43.792083740234403 ], [ 13.107084274291999, 43.791805267333999 ], [ 13.107640266418599, 43.791805267333999 ], [ 13.107640266418599, 43.791526794433601 ], [ 13.1081943511962, 43.791526794433601 ], [ 13.1081943511962, 43.791248321533203 ], [ 13.108471870422401, 43.791248321533203 ], [ 13.108471870422401, 43.790973663330199 ], [ 13.108750343322701, 43.790973663330199 ], [ 13.108750343322701, 43.790695190429801 ], [ 13.1090278625488, 43.790695190429801 ], [ 13.1090278625488, 43.790416717529197 ], [ 13.109306335449199, 43.790416717529197 ], [ 13.109306335449199, 43.7901382446288 ], [ 13.1101379394532, 43.7901382446288 ], [ 13.1101379394532, 43.789859771728501 ], [ 13.110693931579601, 43.789859771728501 ], [ 13.110693931579601, 43.789585113525398 ], [ 13.111249923706101, 43.789585113525398 ], [ 13.111249923706101, 43.789306640625099 ], [ 13.1115283966065, 43.789306640625099 ], [ 13.1115283966065, 43.789028167724702 ], [ 13.112084388733001, 43.789028167724702 ], [ 13.112084388733001, 43.788471221923899 ], [ 13.1126384735109, 43.788471221923899 ], [ 13.1126384735109, 43.788192749023601 ], [ 13.1129159927369, 43.788192749023601 ], [ 13.1129159927369, 43.787918090820398 ], [ 13.113194465637299, 43.787918090820398 ], [ 13.113194465637299, 43.78763961792 ], [ 13.1137504577638, 43.78763961792 ], [ 13.1137504577638, 43.787082672119197 ], [ 13.1143064498903, 43.787082672119197 ], [ 13.1143064498903, 43.786529541015597 ], [ 13.115138053894, 43.786529541015597 ], [ 13.115138053894, 43.786251068115199 ], [ 13.115694046020501, 43.786251068115199 ], [ 13.115694046020501, 43.785972595214801 ], [ 13.115973472595201, 43.785972595214801 ], [ 13.115973472595201, 43.785694122314503 ], [ 13.116804122924901, 43.785694122314503 ], [ 13.1168069839478, 43.7851371765137 ], [ 13.117081642151, 43.7851371765137 ], [ 13.117081642151, 43.784862518310703 ], [ 13.1173610687256, 43.784862518310703 ], [ 13.1173610687256, 43.784584045410298 ], [ 13.1181945800782, 43.784584045410298 ], [ 13.1181945800782, 43.784305572509901 ], [ 13.1187486648559, 43.784305572509901 ], [ 13.1187486648559, 43.783748626708899 ], [ 13.119304656982401, 43.783748626708899 ], [ 13.119304656982401, 43.783473968505902 ], [ 13.1198606491088, 43.783473968505902 ], [ 13.1198606491088, 43.783195495605497 ], [ 13.1204166412354, 43.783195495605497 ], [ 13.1204166412354, 43.782917022705099 ], [ 13.1206951141357, 43.782917022705099 ], [ 13.1206951141357, 43.782638549804801 ], [ 13.1209726333618, 43.782638549804801 ], [ 13.1209726333618, 43.782360076904403 ], [ 13.1212511062622, 43.782360076904403 ], [ 13.1212511062622, 43.781806945800803 ], [ 13.1223611831666, 43.781806945800803 ], [ 13.1223611831666, 43.781528472900398 ], [ 13.122638702392599, 43.781528472900398 ], [ 13.122638702392599, 43.780971527099702 ], [ 13.122917175293001, 43.780971527099702 ], [ 13.122917175293001, 43.780693054199297 ], [ 13.123748779296999, 43.780693054199297 ], [ 13.123748779296999, 43.780418395996101 ], [ 13.1243047714235, 43.780418395996101 ], [ 13.1243047714235, 43.780139923095703 ], [ 13.1245832443238, 43.780139923095703 ], [ 13.1245832443238, 43.779861450195298 ], [ 13.124860763549901, 43.779861450195298 ], [ 13.124860763549901, 43.779582977294901 ], [ 13.1251392364503, 43.779582977294901 ], [ 13.1251392364503, 43.779304504394503 ], [ 13.1256952285768, 43.779304504394503 ], [ 13.1256952285768, 43.779026031494098 ], [ 13.1259708404541, 43.779026031494098 ], [ 13.1259708404541, 43.778751373291101 ], [ 13.126249313354499, 43.778751373291101 ], [ 13.126249313354499, 43.778472900390703 ], [ 13.126805305481, 43.778472900390703 ], [ 13.126805305481, 43.778194427490298 ], [ 13.127361297607401, 43.778194427490298 ], [ 13.127361297607401, 43.77791595459 ], [ 13.127917289733899, 43.77791595459 ], [ 13.127917289733899, 43.777637481689403 ], [ 13.1281957626343, 43.777637481689403 ], [ 13.1281957626343, 43.777362823486399 ], [ 13.1287488937378, 43.777362823486399 ], [ 13.1287488937378, 43.777084350586001 ], [ 13.1290273666382, 43.777084350586001 ], [ 13.1290273666382, 43.776248931884901 ], [ 13.129584312439, 43.776248931884901 ], [ 13.129584312439, 43.775970458984503 ], [ 13.1304178237916, 43.775970458984503 ], [ 13.1304178237916, 43.7756958007812 ], [ 13.1309719085694, 43.7756958007812 ], [ 13.1309719085694, 43.775417327880902 ], [ 13.131250381469799, 43.775417327880902 ], [ 13.131250381469799, 43.774860382080099 ], [ 13.1315279006957, 43.774860382080099 ], [ 13.1315279006957, 43.774581909179702 ], [ 13.1318063735963, 43.774581909179702 ], [ 13.1318063735963, 43.774307250976499 ], [ 13.1331939697266, 43.774307250976499 ], [ 13.1331939697266, 43.7740287780762 ], [ 13.1333513259888, 43.7740287780762 ], [ 13.133472442626999, 43.7740287780762 ], [ 13.133472442626999, 43.773750305175803 ], [ 13.1340284347534, 43.773750305175803 ], [ 13.1340284347534, 43.773471832275398 ], [ 13.134305953979499, 43.773471832275398 ], [ 13.134305953979499, 43.773193359375 ], [ 13.134584426879901, 43.773193359375 ], [ 13.134584426879901, 43.772914886474602 ], [ 13.1351375579835, 43.772914886474602 ], [ 13.1351375579835, 43.772640228271598 ], [ 13.1354179382325, 43.772640228271598 ], [ 13.1354179382325, 43.7723617553712 ], [ 13.1365280151368, 43.7723617553712 ], [ 13.1365280151368, 43.772083282470803 ], [ 13.1368055343629, 43.772083282470803 ], [ 13.1368055343629, 43.771804809570398 ], [ 13.137084007263301, 43.771804809570398 ], [ 13.137084007263301, 43.77152633667 ], [ 13.137638092041, 43.77152633667 ], [ 13.137638092041, 43.771251678466903 ], [ 13.1381940841675, 43.771251678466903 ], [ 13.1381940841675, 43.770973205566499 ], [ 13.138471603393601, 43.770973205566499 ], [ 13.138471603393601, 43.770694732666101 ], [ 13.13902759552, 43.770694732666101 ], [ 13.13902759552, 43.770416259765703 ], [ 13.1393041610718, 43.770416259765703 ], [ 13.1393041610718, 43.770137786865298 ], [ 13.1395835876465, 43.770137786865298 ], [ 13.1395835876465, 43.769859313965 ], [ 13.1401376724244, 43.769859313965 ], [ 13.1401376724244, 43.769584655761697 ], [ 13.140416145324799, 43.769584655761697 ], [ 13.140416145324799, 43.7693061828613 ], [ 13.140693664550801, 43.7693061828613 ], [ 13.140693664550801, 43.769027709960902 ], [ 13.141249656677299, 43.769027709960902 ], [ 13.141249656677299, 43.768749237060597 ], [ 13.1418066024781, 43.768749237060597 ], [ 13.1418066024781, 43.768470764160199 ], [ 13.1420822143556, 43.768470764160199 ], [ 13.1420822143556, 43.768196105957003 ], [ 13.1426382064819, 43.768196105957003 ], [ 13.1426382064819, 43.767917633056598 ], [ 13.142915725707899, 43.767917633056598 ], [ 13.142915725707899, 43.7676391601562 ], [ 13.1434726715087, 43.7676391601562 ], [ 13.1434726715087, 43.767360687255902 ], [ 13.1437511444093, 43.767360687255902 ], [ 13.1437511444093, 43.767082214355497 ], [ 13.144304275512701, 43.767082214355497 ], [ 13.144304275512701, 43.766803741455099 ], [ 13.1448612213135, 43.766803741455099 ], [ 13.1448612213135, 43.766529083252102 ], [ 13.145417213439901, 43.766529083252102 ], [ 13.145417213439901, 43.766250610351698 ], [ 13.145973205566399, 43.766250610351698 ], [ 13.145973205566399, 43.7659721374513 ], [ 13.1462507247925, 43.7659721374513 ], [ 13.1462507247925, 43.765693664550902 ], [ 13.147083282470801, 43.765693664550902 ], [ 13.147083282470801, 43.765415191650497 ], [ 13.1473608016969, 43.765415191650497 ], [ 13.1473608016969, 43.765140533447301 ], [ 13.1481952667237, 43.765140533447301 ], [ 13.1481952667237, 43.764862060546903 ], [ 13.148470878601, 43.764862060546903 ], [ 13.148470878601, 43.764583587646499 ], [ 13.148751258850201, 43.764583587646499 ], [ 13.148751258850201, 43.7643051147462 ], [ 13.1490268707275, 43.7643051147462 ], [ 13.1490268707275, 43.764026641845803 ], [ 13.149582862854, 43.764026641845803 ], [ 13.149582862854, 43.763748168945398 ], [ 13.1504173278809, 43.763748168945398 ], [ 13.1504173278809, 43.763473510742202 ], [ 13.1506948471069, 43.763473510742202 ], [ 13.1506948471069, 43.763195037841797 ], [ 13.151248931884799, 43.763195037841797 ], [ 13.151248931884799, 43.762916564941399 ], [ 13.151527404785201, 43.762916564941399 ], [ 13.151527404785201, 43.762638092041001 ], [ 13.1523609161378, 43.762638092041001 ], [ 13.1523609161378, 43.762359619140703 ], [ 13.152916908264199, 43.762359619140703 ], [ 13.152916908264199, 43.762084960937599 ], [ 13.153195381164601, 43.762084960937599 ], [ 13.153195381164601, 43.761806488037102 ], [ 13.153751373291099, 43.761806488037102 ], [ 13.153751373291099, 43.761528015136697 ], [ 13.154026985168599, 43.761528015136697 ], [ 13.154026985168599, 43.7612495422363 ], [ 13.1548614501954, 43.7612495422363 ], [ 13.1548614501954, 43.760971069335902 ], [ 13.155693054199199, 43.760971069335902 ], [ 13.155693054199199, 43.760692596435497 ], [ 13.1559705734253, 43.760692596435497 ], [ 13.1559705734253, 43.7604179382325 ], [ 13.1562490463257, 43.7604179382325 ], [ 13.1562490463257, 43.760139465332102 ], [ 13.1568059921265, 43.760139465332102 ], [ 13.1568059921265, 43.759860992431797 ], [ 13.1570844650269, 43.759860992431797 ], [ 13.1570844650269, 43.759582519531399 ], [ 13.157640457153301, 43.759582519531399 ], [ 13.157640457153301, 43.759304046631001 ], [ 13.1579179763794, 43.759304046631001 ], [ 13.1579179763794, 43.759029388427798 ], [ 13.158472061157299, 43.759029388427798 ], [ 13.158472061157299, 43.758750915527401 ], [ 13.1590280532837, 43.758750915527401 ], [ 13.1590280532837, 43.7579154968262 ], [ 13.159305572509901, 43.7579154968262 ], [ 13.159305572509901, 43.757637023925803 ], [ 13.1598596572875, 43.757637023925803 ], [ 13.1598615646363, 43.757362365722699 ], [ 13.1612501144409, 43.757362365722699 ], [ 13.1612501144409, 43.757083892822301 ], [ 13.161527633666999, 43.757083892822301 ], [ 13.161527633666999, 43.756805419921903 ], [ 13.161806106567401, 43.756805419921903 ], [ 13.161806106567401, 43.756526947021499 ], [ 13.1620836257935, 43.756526947021499 ], [ 13.1620836257935, 43.756248474121101 ], [ 13.162916183471699, 43.756248474121101 ], [ 13.1629180908203, 43.755973815918097 ], [ 13.1634721755982, 43.755973815918097 ], [ 13.1634721755982, 43.755695343017699 ], [ 13.164584159851101, 43.755695343017699 ], [ 13.164584159851101, 43.754859924316399 ], [ 13.164859771728599, 43.754859924316399 ], [ 13.164859771728599, 43.754581451416001 ], [ 13.165415763855099, 43.754581451416001 ], [ 13.165415763855099, 43.754306793212898 ], [ 13.1659717559816, 43.754306793212898 ], [ 13.1659717559816, 43.754028320312599 ], [ 13.166527748107899, 43.754028320312599 ], [ 13.166527748107899, 43.753749847412202 ], [ 13.1668062210084, 43.753749847412202 ], [ 13.1668062210084, 43.753471374511797 ], [ 13.1670837402343, 43.753471374511797 ], [ 13.1670837402343, 43.753192901611399 ], [ 13.167360305786101, 43.753192901611399 ], [ 13.167360305786101, 43.752918243408303 ], [ 13.1681938171387, 43.752918243408303 ], [ 13.1681938171387, 43.752639770507898 ], [ 13.1684722900391, 43.752639770507898 ], [ 13.1684722900391, 43.7523612976075 ], [ 13.169026374816999, 43.7523612976075 ], [ 13.169026374816999, 43.752082824707102 ], [ 13.1695823669434, 43.752082824707102 ], [ 13.1695823669434, 43.751804351806697 ], [ 13.169859886169499, 43.751804351806697 ], [ 13.169859886169499, 43.7515258789063 ], [ 13.170138359069901, 43.7515258789063 ], [ 13.170138359069901, 43.751251220703097 ], [ 13.1706953048707, 43.751251220703097 ], [ 13.1706953048707, 43.750972747802699 ], [ 13.171251296997101, 43.750972747802699 ], [ 13.171251296997101, 43.750694274902301 ], [ 13.1720829010009, 43.750694274902301 ], [ 13.1720829010009, 43.750415802002003 ], [ 13.1722612380982, 43.750415802002003 ], [ 13.1723613739015, 43.750415802002003 ], [ 13.1723613739015, 43.750137329101598 ], [ 13.172638893127401, 43.750137329101598 ], [ 13.172638893127401, 43.749862670898601 ], [ 13.1729173660278, 43.749862670898601 ], [ 13.1729173660278, 43.749584197998203 ], [ 13.1731948852538, 43.749584197998203 ], [ 13.1731948852538, 43.749305725097798 ], [ 13.1737508773804, 43.749305725097798 ], [ 13.1737508773804, 43.749027252197202 ], [ 13.1743068695068, 43.749027252197202 ], [ 13.1743068695068, 43.748748779296797 ], [ 13.1748609542847, 43.748748779296797 ], [ 13.1748609542847, 43.7484741210938 ], [ 13.1754169464112, 43.748470306396499 ], [ 13.1754169464112, 43.748195648193402 ], [ 13.176248550415201, 43.748195648193402 ], [ 13.176251411438001, 43.747917175292997 ], [ 13.177083015441999, 43.747917175292997 ], [ 13.177083015441999, 43.747638702392699 ], [ 13.1773605346681, 43.747638702392699 ], [ 13.1773605346681, 43.747360229492301 ], [ 13.177916526794499, 43.747360229492301 ], [ 13.177916526794499, 43.747081756591903 ], [ 13.1784734725953, 43.747081756591903 ], [ 13.1784734725953, 43.7468070983887 ], [ 13.178749084472701, 43.7468070983887 ], [ 13.178749084472701, 43.746528625488303 ], [ 13.1793050765991, 43.746528625488303 ], [ 13.1793050765991, 43.746250152587898 ], [ 13.179582595825201, 43.746250152587898 ], [ 13.179582595825201, 43.745971679687599 ], [ 13.180138587951699, 43.745971679687599 ], [ 13.180138587951699, 43.745693206787202 ], [ 13.1806945800781, 43.745693206787202 ], [ 13.1806945800781, 43.745418548583999 ], [ 13.181248664856, 43.745414733886797 ], [ 13.181248664856, 43.745140075683601 ], [ 13.181527137756399, 43.745140075683601 ], [ 13.181527137756399, 43.744861602783203 ], [ 13.1820831298829, 43.744861602783203 ], [ 13.1820831298829, 43.744583129882798 ], [ 13.1826400756837, 43.744583129882798 ], [ 13.1826400756837, 43.744304656982401 ], [ 13.1829175949097, 43.744304656982401 ], [ 13.1829175949097, 43.743751525878999 ], [ 13.1834735870362, 43.743751525878999 ], [ 13.1834735870362, 43.743473052978601 ], [ 13.1837491989135, 43.743473052978601 ], [ 13.1837491989135, 43.743194580078203 ], [ 13.184027671813899, 43.743194580078203 ], [ 13.184027671813899, 43.742916107177798 ], [ 13.184306144714499, 43.742916107177798 ], [ 13.184306144714499, 43.742637634277301 ], [ 13.184583663940399, 43.742637634277301 ], [ 13.184583663940399, 43.742362976074297 ], [ 13.1851396560668, 43.742362976074297 ], [ 13.1851396560668, 43.742084503173899 ], [ 13.1854162216187, 43.742084503173899 ], [ 13.1854162216187, 43.741527557373097 ], [ 13.1862497329712, 43.741527557373097 ], [ 13.1862497329712, 43.741249084472798 ], [ 13.1865282058716, 43.741249084472798 ], [ 13.1865282058716, 43.740970611572401 ], [ 13.187084197998001, 43.740970611572401 ], [ 13.187084197998001, 43.740695953369098 ], [ 13.187361717224199, 43.740695953369098 ], [ 13.187361717224199, 43.7404174804688 ], [ 13.187640190124601, 43.7404174804688 ], [ 13.187640190124601, 43.739860534667997 ], [ 13.187915802002101, 43.739860534667997 ], [ 13.187915802002101, 43.739582061767599 ], [ 13.1884717941285, 43.739582061767599 ], [ 13.1884717941285, 43.739307403564403 ], [ 13.1893062591554, 43.739307403564403 ], [ 13.1893062591554, 43.739028930664098 ], [ 13.1895837783815, 43.739028930664098 ], [ 13.1895837783815, 43.7387504577637 ], [ 13.1898622512819, 43.7387504577637 ], [ 13.1898622512819, 43.738471984863303 ], [ 13.190137863159199, 43.738471984863303 ], [ 13.190137863159199, 43.7379150390625 ], [ 13.190416336059601, 43.7379150390625 ], [ 13.190416336059601, 43.737640380859503 ], [ 13.1906938552856, 43.737640380859503 ], [ 13.1906938552856, 43.737361907959098 ], [ 13.1912498474121, 43.737361907959098 ], [ 13.1912498474121, 43.7370834350587 ], [ 13.1915283203125, 43.7370834350587 ], [ 13.1915283203125, 43.736804962158303 ], [ 13.192084312439, 43.736804962158303 ], [ 13.192084312439, 43.736526489257898 ], [ 13.1923599243165, 43.736526489257898 ], [ 13.1923599243165, 43.736251831054702 ], [ 13.1929159164429, 43.736251831054702 ], [ 13.1929159164429, 43.735973358154403 ], [ 13.193194389343301, 43.735973358154403 ], [ 13.193194389343301, 43.735694885253999 ], [ 13.193750381469799, 43.735694885253999 ], [ 13.193750381469799, 43.735416412353601 ], [ 13.1940279006959, 43.735416412353601 ], [ 13.1940279006959, 43.735137939453203 ], [ 13.1945819854737, 43.735137939453203 ], [ 13.1945819854737, 43.734859466552798 ], [ 13.194863319396999, 43.734859466552798 ], [ 13.194863319396999, 43.734584808349602 ], [ 13.1954164505006, 43.734584808349602 ], [ 13.1954164505006, 43.734306335449197 ], [ 13.1956939697265, 43.734306335449197 ], [ 13.1956939697265, 43.7340278625488 ], [ 13.1962509155275, 43.7340278625488 ], [ 13.1962509155275, 43.733749389648501 ], [ 13.1965293884278, 43.733749389648501 ], [ 13.1965293884278, 43.733470916748097 ], [ 13.197081565856999, 43.733470916748097 ], [ 13.197081565856999, 43.733196258544901 ], [ 13.197360038757299, 43.733196258544901 ], [ 13.197360038757299, 43.732917785644503 ], [ 13.1979169845581, 43.732917785644503 ], [ 13.1979169845581, 43.732639312744098 ], [ 13.1981954574585, 43.732639312744098 ], [ 13.1981954574585, 43.7323608398438 ], [ 13.1987476348878, 43.7323608398438 ], [ 13.1987476348878, 43.732082366943402 ], [ 13.199028968811, 43.732082366943402 ], [ 13.199028968811, 43.731803894042997 ], [ 13.199583053588899, 43.731803894042997 ], [ 13.199583053588899, 43.73152923584 ], [ 13.1998605728151, 43.73152923584 ], [ 13.1998605728151, 43.731250762939602 ], [ 13.2004165649415, 43.731250762939602 ], [ 13.2004165649415, 43.730972290039198 ], [ 13.2006950378419, 43.730972290039198 ], [ 13.2006950378419, 43.7306938171388 ], [ 13.2012510299684, 43.7306938171388 ], [ 13.2012510299684, 43.730415344238402 ], [ 13.2015266418457, 43.730415344238402 ], [ 13.2015266418457, 43.730140686035199 ], [ 13.2020826339722, 43.730140686035199 ], [ 13.2020826339722, 43.729862213134801 ], [ 13.202361106872599, 43.729862213134801 ], [ 13.202361106872599, 43.729583740234403 ], [ 13.202917098999, 43.729583740234403 ], [ 13.202917098999, 43.729305267333999 ], [ 13.203194618225099, 43.729305267333999 ], [ 13.203194618225099, 43.7290267944337 ], [ 13.203748703003001, 43.7290267944337 ], [ 13.203748703003001, 43.728748321533303 ], [ 13.2043046951294, 43.728748321533303 ], [ 13.2043046951294, 43.728473663330099 ], [ 13.2048606872559, 43.728473663330099 ], [ 13.2048606872559, 43.728195190429702 ], [ 13.2051391601563, 43.728195190429702 ], [ 13.2051391601563, 43.727916717529297 ], [ 13.2056951522828, 43.727916717529297 ], [ 13.2056951522828, 43.727638244628899 ], [ 13.2062492370607, 43.727638244628899 ], [ 13.2062492370607, 43.727359771728601 ], [ 13.206526756286699, 43.727359771728601 ], [ 13.206526756286699, 43.727085113525497 ], [ 13.207082748413001, 43.727085113525497 ], [ 13.207082748413001, 43.726806640624901 ], [ 13.207361221313599, 43.726806640624901 ], [ 13.207361221313599, 43.726528167724602 ], [ 13.2079153060913, 43.726528167724602 ], [ 13.2079153060913, 43.726249694824197 ], [ 13.208194732666, 43.726249694824197 ], [ 13.208194732666, 43.7259712219238 ], [ 13.2087488174438, 43.7259712219238 ], [ 13.2087488174438, 43.725692749023402 ], [ 13.2093048095703, 43.725692749023402 ], [ 13.2093048095703, 43.725418090820398 ], [ 13.2095832824707, 43.725418090820398 ], [ 13.2095832824707, 43.72513961792 ], [ 13.2101402282715, 43.72513961792 ], [ 13.2101402282715, 43.724861145019602 ], [ 13.210417747497599, 43.724861145019602 ], [ 13.210417747497599, 43.724582672119297 ], [ 13.2109708786012, 43.724582672119297 ], [ 13.2109708786012, 43.724304199218899 ], [ 13.211806297302299, 43.724304199218899 ], [ 13.211806297302299, 43.724029541015703 ], [ 13.212639808654901, 43.724029541015703 ], [ 13.212639808654901, 43.723751068115298 ], [ 13.213472366332899, 43.723751068115298 ], [ 13.213472366332899, 43.723472595214901 ], [ 13.2140283584594, 43.723472595214901 ], [ 13.2140283584594, 43.723194122314503 ], [ 13.214305877685501, 43.723194122314503 ], [ 13.214305877685501, 43.722915649414098 ], [ 13.214861869811999, 43.722915649414098 ], [ 13.214861869811999, 43.7226371765137 ], [ 13.2154178619385, 43.7226371765137 ], [ 13.2154178619385, 43.722362518310497 ], [ 13.215971946716399, 43.722362518310497 ], [ 13.215971946716399, 43.722084045410199 ], [ 13.2162504196168, 43.722084045410199 ], [ 13.2162504196168, 43.721805572509801 ], [ 13.2168064117432, 43.721805572509801 ], [ 13.2168064117432, 43.721527099609403 ], [ 13.217915534973301, 43.721527099609403 ], [ 13.217915534973301, 43.721652984619197 ], [ 13.217915534973301, 43.722084045410199 ], [ 13.218036651611399, 43.722084045410199 ], [ 13.218194007873601, 43.722084045410199 ], [ 13.218194007873601, 43.7226371765137 ], [ 13.2184715270997, 43.7226371765137 ], [ 13.2184715270997, 43.723194122314503 ], [ 13.21875, 43.723194122314503 ], [ 13.21875, 43.723472595214901 ], [ 13.2193059921266, 43.723472595214901 ], [ 13.2193059921266, 43.723194122314503 ], [ 13.2198600769043, 43.723194122314503 ], [ 13.2198600769043, 43.722915649414098 ], [ 13.2201375961304, 43.722915649414098 ], [ 13.2201375961304, 43.722362518310497 ], [ 13.221805572509799, 43.722362518310497 ], [ 13.221805572509799, 43.722084045410199 ], [ 13.222359657287701, 43.722084045410199 ], [ 13.222359657287701, 43.721248626708999 ], [ 13.2220821380616, 43.721248626708999 ], [ 13.2220821380616, 43.720695495605597 ], [ 13.221805572509799, 43.720695495605597 ], [ 13.221805572509799, 43.720138549804602 ], [ 13.2215280532837, 43.720138549804602 ], [ 13.2215280532837, 43.719860076904297 ], [ 13.221805572509799, 43.719860076904297 ], [ 13.221805572509799, 43.719581604003899 ], [ 13.2220821380616, 43.719581604003899 ], [ 13.2220821380616, 43.719306945800803 ], [ 13.222359657287701, 43.719306945800803 ], [ 13.222363471984901, 43.719028472900497 ], [ 13.222638130188001, 43.719028472900497 ], [ 13.222638130188001, 43.718471527099702 ], [ 13.222915649414199, 43.718471527099702 ], [ 13.222915649414199, 43.718231201171797 ], [ 13.223194122314499, 43.718193054199297 ], [ 13.223194122314499, 43.718040466308501 ], [ 13.223194122314499, 43.7179183959962 ], [ 13.2233695983887, 43.7179183959962 ], [ 13.223472595214901, 43.7179183959962 ], [ 13.223472595214901, 43.717639923095803 ], [ 13.2237510681153, 43.717639923095803 ], [ 13.2237510681153, 43.717361450195398 ], [ 13.224028587341399, 43.717361450195398 ], [ 13.224028587341399, 43.717082977295 ], [ 13.2245845794679, 43.717082977295 ], [ 13.2245845794679, 43.716804504394602 ], [ 13.224996566772599, 43.716804504394602 ], [ 13.225694656371999, 43.716804504394602 ], [ 13.225694656371999, 43.717082977295 ], [ 13.225973129272401, 43.717082977295 ], [ 13.225973129272401, 43.716804504394602 ], [ 13.226804733276399, 43.716804504394602 ], [ 13.226804733276399, 43.717082977295 ], [ 13.2270832061768, 43.717082977295 ], [ 13.2270832061768, 43.716804504394602 ], [ 13.2273607254029, 43.716804504394602 ], [ 13.2273607254029, 43.716526031494197 ], [ 13.2276391983032, 43.716526031494197 ], [ 13.2276391983032, 43.716251373291001 ], [ 13.2273607254029, 43.716251373291001 ], [ 13.2273607254029, 43.715972900390597 ], [ 13.226804733276399, 43.715972900390597 ], [ 13.226804733276399, 43.715694427490199 ], [ 13.226529121398899, 43.715694427490199 ], [ 13.226529121398899, 43.715415954589801 ], [ 13.226804733276399, 43.715415954589801 ], [ 13.226804733276399, 43.715137481689503 ], [ 13.2273607254029, 43.715137481689503 ], [ 13.2273607254029, 43.714862823486399 ], [ 13.2276391983032, 43.714862823486399 ], [ 13.2276391983032, 43.714656829834098 ], [ 13.2276391983032, 43.714584350586101 ], [ 13.2277641296387, 43.714584350586101 ], [ 13.2279167175294, 43.714584350586101 ], [ 13.2279167175294, 43.714496612548899 ], [ 13.2279167175294, 43.714027404785099 ], [ 13.2281951904297, 43.714027404785099 ], [ 13.2281951904297, 43.713748931884702 ], [ 13.2284708023072, 43.713748931884702 ], [ 13.2284708023072, 43.713470458984403 ], [ 13.2287511825562, 43.713470458984403 ], [ 13.2287511825562, 43.7131958007813 ], [ 13.2293052673341, 43.7131958007813 ], [ 13.2293052673341, 43.712917327880902 ], [ 13.229582786560201, 43.712917327880902 ], [ 13.229582786560201, 43.712638854980597 ], [ 13.2301387786866, 43.712638854980597 ], [ 13.2301387786866, 43.712360382080199 ], [ 13.230417251586999, 43.712360382080199 ], [ 13.230417251586999, 43.712081909179801 ], [ 13.2309732437135, 43.712081909179801 ], [ 13.2309732437135, 43.711807250976598 ], [ 13.231248855590801, 43.711807250976598 ], [ 13.231248855590801, 43.7115287780762 ], [ 13.2315273284912, 43.7115287780762 ], [ 13.2315273284912, 43.711250305175803 ], [ 13.232083320617701, 43.711250305175803 ], [ 13.232083320617701, 43.710971832275398 ], [ 13.2323608398437, 43.710971832275398 ], [ 13.2323608398437, 43.710693359375099 ], [ 13.232916831970201, 43.710693359375099 ], [ 13.232916831970201, 43.710414886474702 ], [ 13.2331953048706, 43.710414886474702 ], [ 13.2331953048706, 43.710140228271499 ], [ 13.233751296997101, 43.710140228271499 ], [ 13.233751296997101, 43.709861755371101 ], [ 13.234861373901399, 43.709861755371101 ], [ 13.234861373901399, 43.709583282470703 ], [ 13.2351388931275, 43.709583282470703 ], [ 13.2351388931275, 43.709304809570298 ], [ 13.2354173660279, 43.709304809570298 ], [ 13.2354173660279, 43.709026336669901 ], [ 13.235971450805801, 43.709026336669901 ], [ 13.235971450805801, 43.708751678466903 ], [ 13.236248970031699, 43.708751678466903 ], [ 13.236248970031699, 43.708473205566499 ], [ 13.2365274429321, 43.708473205566499 ], [ 13.2365274429321, 43.708194732666101 ], [ 13.2368049621581, 43.708194732666101 ], [ 13.2368049621581, 43.707916259765703 ], [ 13.237084388733001, 43.707916259765703 ], [ 13.237084388733001, 43.707637786865199 ], [ 13.2376365661622, 43.707637786865199 ], [ 13.2376365661622, 43.707359313964801 ], [ 13.237917900085399, 43.707359313964801 ], [ 13.237917900085399, 43.707084655761797 ], [ 13.238192558288601, 43.707084655761797 ], [ 13.238192558288601, 43.706806182861399 ], [ 13.238471984863301, 43.706806182861399 ], [ 13.238471984863301, 43.706527709961001 ], [ 13.2387504577637, 43.706527709961001 ], [ 13.2387504577637, 43.706249237060703 ], [ 13.2395839691162, 43.706249237060703 ], [ 13.2395839691162, 43.705970764160298 ], [ 13.240415573120201, 43.705970764160298 ], [ 13.240415573120201, 43.705696105957003 ], [ 13.2406940460206, 43.705696105957003 ], [ 13.2406940460206, 43.7051391601563 ], [ 13.240971565246699, 43.7051391601563 ], [ 13.240971565246699, 43.704582214355497 ], [ 13.241806030273599, 43.704582214355497 ], [ 13.241806030273599, 43.704303741455099 ], [ 13.2423620224, 43.704303741455099 ], [ 13.2423620224, 43.704029083252003 ], [ 13.2431936264038, 43.704029083252003 ], [ 13.2431936264038, 43.703750610351598 ], [ 13.2437496185303, 43.703750610351598 ], [ 13.2437496185303, 43.7034721374512 ], [ 13.2440280914307, 43.7034721374512 ], [ 13.2440280914307, 43.703193664550803 ], [ 13.2445840835571, 43.703193664550803 ], [ 13.2445840835571, 43.702915191650398 ], [ 13.245140075683601, 43.702915191650398 ], [ 13.245140075683601, 43.702640533447401 ], [ 13.2456712722779, 43.702640533447401 ], [ 13.2456941604615, 43.702362060547003 ], [ 13.245971679687599, 43.702362060547003 ], [ 13.245971679687599, 43.702083587646598 ], [ 13.2464847564697, 43.702083587646598 ], [ 13.246527671814, 43.7018051147462 ], [ 13.2468929290772, 43.7018051147462 ], [ 13.247083663940501, 43.7018051147462 ], [ 13.247083663940501, 43.701675415039098 ], [ 13.247083663940501, 43.701526641845803 ], [ 13.247299194336, 43.701526641845803 ], [ 13.2476377487182, 43.701526641845803 ], [ 13.2476377487182, 43.7012939453125 ], [ 13.2479162216188, 43.701248168945298 ], [ 13.2479162216188, 43.701103210449197 ], [ 13.2479162216188, 43.700973510742202 ], [ 13.248105049133301, 43.700973510742202 ], [ 13.248472213745099, 43.700973510742202 ], [ 13.248472213745099, 43.700721740722699 ], [ 13.248749732971101, 43.700695037841903 ], [ 13.248749732971101, 43.700531005859403 ], [ 13.248749732971101, 43.700416564941499 ], [ 13.2489185333253, 43.700416564941499 ], [ 13.2493066787719, 43.700416564941499 ], [ 13.2493066787719, 43.700153350830199 ], [ 13.2495822906494, 43.700138092041101 ], [ 13.2495822906494, 43.699962615966903 ], [ 13.2495822906494, 43.699859619140703 ], [ 13.249732971191399, 43.699859619140703 ], [ 13.2501382827759, 43.699859619140703 ], [ 13.2501382827759, 43.6995849609375 ], [ 13.250415802001999, 43.6995849609375 ], [ 13.250454902649, 43.699367523193402 ], [ 13.2505493164063, 43.699306488037102 ], [ 13.250972747802701, 43.699306488037102 ], [ 13.250972747802701, 43.699028015136697 ], [ 13.2512512207031, 43.699028015136697 ], [ 13.2512512207031, 43.698818206787202 ], [ 13.2513599395753, 43.698802947998097 ], [ 13.251804351806699, 43.698749542236399 ], [ 13.251804351806699, 43.698471069336001 ], [ 13.2520847320557, 43.698471069336001 ], [ 13.2520847320557, 43.698192596435597 ], [ 13.252170562744199, 43.698192596435597 ], [ 13.252638816833599, 43.698192596435597 ], [ 13.252638816833599, 43.697917938232401 ], [ 13.252917289733899, 43.697917938232401 ], [ 13.252917289733899, 43.697708129882898 ], [ 13.2530527114869, 43.6976928710938 ], [ 13.2534732818604, 43.697639465332003 ], [ 13.2534732818604, 43.697418212890703 ], [ 13.253588676452599, 43.697395324707102 ], [ 13.2537508010865, 43.697360992431598 ], [ 13.2537508010865, 43.6970825195312 ], [ 13.254117965698301, 43.6970825195312 ], [ 13.254306793213001, 43.6970825195312 ], [ 13.254306793213001, 43.696804046630902 ], [ 13.2546510696412, 43.696804046630902 ], [ 13.255139350891101, 43.696804046630902 ], [ 13.255139350891101, 43.696548461914098 ], [ 13.2554168701172, 43.696529388427798 ], [ 13.2554168701172, 43.696407318115199 ], [ 13.2554168701172, 43.6962509155275 ], [ 13.255715370178301, 43.6962509155275 ], [ 13.2559728622437, 43.6962509155275 ], [ 13.2559728622437, 43.696117401123097 ], [ 13.2559728622437, 43.695972442627102 ], [ 13.256249427795399, 43.695972442627102 ], [ 13.2565269470215, 43.695972442627102 ], [ 13.2565269470215, 43.695827484130902 ], [ 13.2565269470215, 43.695693969726698 ], [ 13.2567844390869, 43.695693969726698 ], [ 13.2568054199219, 43.6954154968263 ], [ 13.2573175430297, 43.6954154968263 ], [ 13.2573614120484, 43.695137023925902 ], [ 13.2578525543213, 43.695137023925902 ], [ 13.257917404174901, 43.694862365722699 ], [ 13.258193016052401, 43.694862365722699 ], [ 13.258193016052401, 43.694583892822301 ], [ 13.2587490081788, 43.694583892822301 ], [ 13.2587490081788, 43.694305419921903 ], [ 13.2593050003053, 43.694305419921903 ], [ 13.2593050003053, 43.694026947021499 ], [ 13.2595834732057, 43.694026947021499 ], [ 13.2595834732057, 43.6937484741212 ], [ 13.260139465332101, 43.6937484741212 ], [ 13.260139465332101, 43.693473815917997 ], [ 13.260695457458599, 43.693473815917997 ], [ 13.260695457458599, 43.693195343017599 ], [ 13.261248588561999, 43.693195343017599 ], [ 13.261248588561999, 43.692916870117202 ], [ 13.261527061462401, 43.692916870117202 ], [ 13.261527061462401, 43.692638397216797 ], [ 13.262083053588899, 43.692638397216797 ], [ 13.262083053588899, 43.692359924316499 ], [ 13.2626390457153, 43.692359924316499 ], [ 13.2626390457153, 43.692081451416101 ], [ 13.26291847229, 43.692081451416101 ], [ 13.26291847229, 43.691806793212798 ], [ 13.2634744644165, 43.691806793212798 ], [ 13.2634744644165, 43.691528320312401 ], [ 13.2637491226197, 43.691528320312401 ], [ 13.2637491226197, 43.691249847412102 ], [ 13.264306068420501, 43.691249847412102 ], [ 13.264306068420501, 43.690971374511697 ], [ 13.2645835876465, 43.690971374511697 ], [ 13.2645835876465, 43.6906929016113 ], [ 13.2651395797731, 43.6906929016113 ], [ 13.2651395797731, 43.690418243408303 ], [ 13.2656927108765, 43.690418243408303 ], [ 13.2656927108765, 43.690139770507898 ], [ 13.2662496566772, 43.690139770507898 ], [ 13.2662496566772, 43.6898612976075 ], [ 13.2668056488037, 43.6898612976075 ], [ 13.2668056488037, 43.689582824707102 ], [ 13.267361640930201, 43.689582824707102 ], [ 13.267361640930201, 43.689304351806797 ], [ 13.2676401138306, 43.689304351806797 ], [ 13.2676401138306, 43.689025878906399 ], [ 13.2681941986084, 43.689025878906399 ], [ 13.2681941986084, 43.688751220703203 ], [ 13.268750190734901, 43.688751220703203 ], [ 13.268750190734901, 43.688472747802798 ], [ 13.269306182861399, 43.688472747802798 ], [ 13.269306182861399, 43.688194274902401 ], [ 13.2698621749878, 43.688194274902401 ], [ 13.2698621749878, 43.687915802002003 ], [ 13.2701377868653, 43.687915802002003 ], [ 13.2701377868653, 43.687637329101598 ], [ 13.2706937789918, 43.687637329101598 ], [ 13.2706937789918, 43.687362670898402 ], [ 13.2709722518922, 43.687362670898402 ], [ 13.2709722518922, 43.687084197997997 ], [ 13.2715282440187, 43.687084197997997 ], [ 13.2715282440187, 43.686805725097699 ], [ 13.2718057632447, 43.686805725097699 ], [ 13.2718057632447, 43.686527252197301 ], [ 13.2723598480225, 43.686527252197301 ], [ 13.2723598480225, 43.686248779296903 ], [ 13.272915840148899, 43.686248779296903 ], [ 13.272915840148899, 43.685974121093899 ], [ 13.2734718322754, 43.685970306396499 ], [ 13.2734718322754, 43.685695648193501 ], [ 13.2740278244019, 43.685695648193501 ], [ 13.2740278244019, 43.685417175292898 ], [ 13.2745819091797, 43.685417175292898 ], [ 13.2745819091797, 43.6851387023925 ], [ 13.2751379013062, 43.6851387023925 ], [ 13.2751379013062, 43.684860229492202 ], [ 13.275693893432701, 43.684860229492202 ], [ 13.275693893432701, 43.684581756591797 ], [ 13.276249885559199, 43.684581756591797 ], [ 13.276249885559199, 43.6843070983887 ], [ 13.2765293121338, 43.6843070983887 ], [ 13.2765293121338, 43.684028625488402 ], [ 13.2770824432372, 43.684028625488402 ], [ 13.2770824432372, 43.683750152587997 ], [ 13.2776384353637, 43.683750152587997 ], [ 13.2776384353637, 43.683471679687599 ], [ 13.2781953811647, 43.683471679687599 ], [ 13.2781953811647, 43.683193206787202 ], [ 13.278751373291, 43.683193206787202 ], [ 13.278751373291, 43.682918548583999 ], [ 13.2793035507203, 43.682914733886797 ], [ 13.2793035507203, 43.682640075683601 ], [ 13.2798614501953, 43.682640075683601 ], [ 13.2798614501953, 43.682083129882898 ], [ 13.2804174423218, 43.682083129882898 ], [ 13.2804174423218, 43.6818046569825 ], [ 13.2809734344482, 43.6818046569825 ], [ 13.2809734344482, 43.681526184082102 ], [ 13.2815265655519, 43.681526184082102 ], [ 13.2815265655519, 43.681251525878899 ], [ 13.281806945800801, 43.681251525878899 ], [ 13.281806945800801, 43.680973052978501 ], [ 13.2823610305787, 43.680973052978501 ], [ 13.2823610305787, 43.680694580078097 ], [ 13.282917022705201, 43.680694580078097 ], [ 13.282917022705201, 43.680416107177699 ], [ 13.283473014831699, 43.680416107177699 ], [ 13.283473014831699, 43.680137634277301 ], [ 13.2840290069581, 43.680137634277301 ], [ 13.2840290069581, 43.679862976074297 ], [ 13.284583091735801, 43.679862976074297 ], [ 13.284583091735801, 43.679584503173899 ], [ 13.285139083862299, 43.679584503173899 ], [ 13.285139083862299, 43.679306030273601 ], [ 13.285972595214799, 43.679306030273601 ], [ 13.285972595214799, 43.679027557372997 ], [ 13.2868051528931, 43.679027557372997 ], [ 13.2868051528931, 43.678749084472599 ], [ 13.2876386642457, 43.678749084472599 ], [ 13.2876386642457, 43.678470611572301 ], [ 13.288471221923899, 43.678470611572301 ], [ 13.288471221923899, 43.678195953369197 ], [ 13.2893047332763, 43.678195953369197 ], [ 13.2893047332763, 43.6779174804688 ], [ 13.289583206176699, 43.6779174804688 ], [ 13.289583206176699, 43.677639007568501 ], [ 13.2898607254028, 43.677639007568501 ], [ 13.2898607254028, 43.677360534668097 ], [ 13.290417671203601, 43.677360534668097 ], [ 13.290417671203601, 43.677082061767699 ], [ 13.290693283081101, 43.677082061767699 ], [ 13.290693283081101, 43.676807403564503 ], [ 13.2909708023072, 43.676807403564503 ], [ 13.2909708023072, 43.676528930664098 ], [ 13.291527748107899, 43.676528930664098 ], [ 13.291527748107899, 43.6762504577637 ], [ 13.2920837402344, 43.6762504577637 ], [ 13.2920837402344, 43.675971984863303 ], [ 13.2926397323609, 43.675971984863303 ], [ 13.2926397323609, 43.675693511962898 ], [ 13.293195724487401, 43.675693511962898 ], [ 13.293195724487401, 43.675415039062599 ], [ 13.293749809265201, 43.675415039062599 ], [ 13.293749809265201, 43.675140380859403 ], [ 13.294305801391699, 43.675140380859403 ], [ 13.294305801391699, 43.674861907958999 ], [ 13.2948617935182, 43.674861907958999 ], [ 13.2948617935182, 43.674583435058601 ], [ 13.295140266418599, 43.674583435058601 ], [ 13.295140266418599, 43.674304962158203 ], [ 13.2956943511962, 43.674304962158203 ], [ 13.2956943511962, 43.674026489257798 ], [ 13.2962503433228, 43.674026489257798 ], [ 13.2962503433228, 43.673751831054801 ], [ 13.296806335449199, 43.673751831054801 ], [ 13.296806335449199, 43.673473358154403 ], [ 13.2973623275757, 43.673473358154403 ], [ 13.2973623275757, 43.673194885253999 ], [ 13.297916412353599, 43.673194885253999 ], [ 13.297916412353599, 43.672916412353601 ], [ 13.29847240448, 43.672916412353601 ], [ 13.29847240448, 43.672637939453097 ], [ 13.299305915832599, 43.672637939453097 ], [ 13.299305915832599, 43.672359466552699 ], [ 13.299860000610501, 43.672359466552699 ], [ 13.299860000610501, 43.672084808349702 ], [ 13.300452232360801, 43.672084808349702 ], [ 13.300694465637299, 43.672084808349702 ], [ 13.300694465637299, 43.671806335449297 ], [ 13.3012504577638, 43.671806335449297 ], [ 13.3012504577638, 43.671527862548899 ], [ 13.301806449890099, 43.671527862548899 ], [ 13.301806449890099, 43.671249389648601 ], [ 13.302363395691, 43.671249389648601 ], [ 13.302363395691, 43.670970916748203 ], [ 13.302915573120201, 43.670970916748203 ], [ 13.302915573120201, 43.670696258544901 ], [ 13.304029464721699, 43.670696258544901 ], [ 13.304029464721699, 43.670417785644503 ], [ 13.3045854568481, 43.670417785644503 ], [ 13.3045854568481, 43.670139312744197 ], [ 13.304860115051399, 43.670139312744197 ], [ 13.304860115051399, 43.6698608398438 ], [ 13.3051376342775, 43.6698608398438 ], [ 13.3051376342775, 43.670139312744197 ], [ 13.305417060852101, 43.670139312744197 ], [ 13.305417060852101, 43.6698608398438 ], [ 13.3056945800782, 43.6698608398438 ], [ 13.3056945800782, 43.669582366943402 ], [ 13.306529045105099, 43.669582366943402 ], [ 13.306529045105099, 43.669303894042997 ], [ 13.3070831298828, 43.669303894042997 ], [ 13.3070831298828, 43.669029235839801 ], [ 13.3079166412354, 43.669029235839801 ], [ 13.3079166412354, 43.668750762939403 ], [ 13.3081951141357, 43.668750762939403 ], [ 13.3081951141357, 43.668472290039098 ], [ 13.3087511062622, 43.668472290039098 ], [ 13.3087511062622, 43.6681938171387 ], [ 13.30961227417, 43.6681938171387 ], [ 13.3098611831666, 43.6681938171387 ], [ 13.3098611831666, 43.668064117431697 ], [ 13.3098611831666, 43.667915344238303 ], [ 13.3101482391357, 43.667915344238303 ], [ 13.310417175293001, 43.667915344238303 ], [ 13.310417175293001, 43.667774200439403 ], [ 13.310417175293001, 43.667640686035298 ], [ 13.3106746673584, 43.667640686035298 ], [ 13.3106946945191, 43.667362213134901 ], [ 13.31120967865, 43.667362213134901 ], [ 13.3118047714235, 43.667362213134901 ], [ 13.3118047714235, 43.667083740234503 ], [ 13.3120832443238, 43.667083740234503 ], [ 13.3120832443238, 43.666908264160298 ], [ 13.3120832443238, 43.666805267334098 ], [ 13.312278747558601, 43.666805267334098 ], [ 13.3129167556762, 43.666805267334098 ], [ 13.3129167556762, 43.6665267944337 ], [ 13.3134708404541, 43.6665267944337 ], [ 13.3134708404541, 43.666248321533097 ], [ 13.3137512207031, 43.666248321533097 ], [ 13.3137512207031, 43.666038513183601 ], [ 13.3138837814331, 43.666023254394503 ], [ 13.314305305481, 43.665973663330099 ], [ 13.314305305481, 43.6657524108887 ], [ 13.314416885376, 43.665744781494098 ], [ 13.3151388168335, 43.665695190429702 ], [ 13.3151388168335, 43.665416717529403 ], [ 13.31569480896, 43.665416717529403 ], [ 13.31569480896, 43.665138244628999 ], [ 13.3165273666382, 43.665138244628999 ], [ 13.3165273666382, 43.664859771728601 ], [ 13.3170833587647, 43.664859771728601 ], [ 13.3170833587647, 43.664585113525398 ], [ 13.3179178237916, 43.664585113525398 ], [ 13.3179178237916, 43.664306640625 ], [ 13.318470954895, 43.664306640625 ], [ 13.318470954895, 43.664028167724602 ], [ 13.318749427795399, 43.664028167724602 ], [ 13.318749427795399, 43.663749694824297 ], [ 13.319306373596101, 43.663749694824297 ], [ 13.319306373596101, 43.663471221923899 ], [ 13.3201398849487, 43.663471221923899 ], [ 13.3201398849487, 43.663192749023501 ], [ 13.3206939697266, 43.663192749023501 ], [ 13.3206939697266, 43.662918090820298 ], [ 13.320972442626999, 43.662918090820298 ], [ 13.320972442626999, 43.662639617919901 ], [ 13.3215284347534, 43.662639617919901 ], [ 13.3215284347534, 43.662361145019503 ], [ 13.322084426879901, 43.662361145019503 ], [ 13.322084426879901, 43.662082672119098 ], [ 13.3229179382325, 43.662082672119098 ], [ 13.3229179382325, 43.6618041992188 ], [ 13.323749542236399, 43.6618041992188 ], [ 13.323749542236399, 43.661529541015703 ], [ 13.324584007263301, 43.661529541015703 ], [ 13.324584007263301, 43.660972595215 ], [ 13.325138092041, 43.660972595215 ], [ 13.325138092041, 43.660694122314602 ], [ 13.325971603393601, 43.660694122314602 ], [ 13.325971603393601, 43.660972595215 ], [ 13.326250076293899, 43.660972595215 ], [ 13.326250076293899, 43.660694122314602 ], [ 13.326806068420399, 43.660694122314602 ], [ 13.326806068420399, 43.660415649414198 ], [ 13.3276376724244, 43.660415649414198 ], [ 13.3276376724244, 43.6601371765138 ], [ 13.328193664550801, 43.6601371765138 ], [ 13.328193664550801, 43.659862518310597 ], [ 13.328749656677401, 43.659862518310597 ], [ 13.328749656677401, 43.659584045410199 ], [ 13.3293056488038, 43.659584045410199 ], [ 13.3293056488038, 43.659305572509801 ], [ 13.3301382064819, 43.659305572509801 ], [ 13.3301382064819, 43.659027099609403 ], [ 13.3309726715087, 43.659027099609403 ], [ 13.3309726715087, 43.658748626708999 ], [ 13.331528663635201, 43.658748626708999 ], [ 13.331528663635201, 43.658195495605497 ], [ 13.332638740539601, 43.658195495605497 ], [ 13.332638740539601, 43.657638549804702 ], [ 13.334306716919, 43.657638549804702 ], [ 13.334306716919, 43.657360076904403 ], [ 13.335139274597299, 43.657360076904403 ], [ 13.335139274597299, 43.657081604003999 ], [ 13.3356952667237, 43.657081604003999 ], [ 13.3356952667237, 43.656528472900298 ], [ 13.336805343627899, 43.656528472900298 ], [ 13.336805343627899, 43.65625 ], [ 13.337082862854, 43.65625 ], [ 13.337082862854, 43.655971527099602 ], [ 13.337638854980501, 43.655971527099602 ], [ 13.337638854980501, 43.655693054199197 ], [ 13.338473320007299, 43.655693054199197 ], [ 13.338473320007299, 43.6554183959962 ], [ 13.339027404785201, 43.6554183959962 ], [ 13.339027404785201, 43.655139923095803 ], [ 13.3398609161378, 43.655139923095803 ], [ 13.3398609161378, 43.654861450195398 ], [ 13.340695381164601, 43.654861450195398 ], [ 13.340695381164601, 43.654582977295 ], [ 13.341805458069, 43.654582977295 ], [ 13.341805458069, 43.654304504394602 ], [ 13.3423614501953, 43.654304504394602 ], [ 13.3423614501953, 43.654026031494297 ], [ 13.3426389694213, 43.654026031494297 ], [ 13.3426389694213, 43.653751373291101 ], [ 13.343193054199199, 43.653751373291101 ], [ 13.343193054199199, 43.653472900390703 ], [ 13.343474388122701, 43.653472900390703 ], [ 13.343474388122701, 43.653194427490298 ], [ 13.3437490463257, 43.653194427490298 ], [ 13.3437490463257, 43.653472900390703 ], [ 13.3440265655518, 43.653472900390703 ], [ 13.3440265655518, 43.652915954589901 ], [ 13.344582557678301, 43.652915954589901 ], [ 13.344582557678301, 43.652637481689503 ], [ 13.345140457153301, 43.652637481689503 ], [ 13.345140457153301, 43.6523628234863 ], [ 13.345692634582599, 43.6523628234863 ], [ 13.345692634582599, 43.652084350585902 ], [ 13.3462495803834, 43.652084350585902 ], [ 13.3462495803834, 43.651805877685497 ], [ 13.3470840454103, 43.651805877685497 ], [ 13.3470840454103, 43.651527404785099 ], [ 13.347640037536699, 43.651527404785099 ], [ 13.347640037536699, 43.651248931884801 ], [ 13.3479156494141, 43.651248931884801 ], [ 13.348471641540501, 43.651248931884801 ], [ 13.348471641540501, 43.650970458984403 ], [ 13.3487501144409, 43.650970458984403 ], [ 13.3487501144409, 43.650695800781399 ], [ 13.349306106567401, 43.650695800781399 ], [ 13.349306106567401, 43.650417327880803 ], [ 13.3506937026978, 43.650417327880803 ], [ 13.3506937026978, 43.650138854980398 ], [ 13.3512496948243, 43.650138854980398 ], [ 13.3512496948243, 43.649860382080099 ], [ 13.3518056869507, 43.649860382080099 ], [ 13.3518056869507, 43.649581909179702 ], [ 13.352084159851101, 43.649581909179702 ], [ 13.352084159851101, 43.649307250976598 ], [ 13.352640151977599, 43.649307250976598 ], [ 13.352640151977599, 43.6490287780763 ], [ 13.353194236755501, 43.6490287780763 ], [ 13.353194236755501, 43.648750305175902 ], [ 13.356528282165501, 43.648750305175902 ], [ 13.356528282165501, 43.648471832275497 ], [ 13.3582258224488, 43.648471832275497 ], [ 13.358472824096699, 43.648471832275497 ], [ 13.358472824096699, 43.6483993530275 ], [ 13.358472824096699, 43.648193359375099 ], [ 13.3592081069946, 43.648193359375099 ], [ 13.359304428100501, 43.648193359375099 ], [ 13.359304428100501, 43.647914886474702 ], [ 13.360138893127401, 43.647914886474702 ], [ 13.360138893127401, 43.647640228271499 ], [ 13.360973358154199, 43.647640228271499 ], [ 13.360973358154199, 43.647361755371101 ], [ 13.3618068695068, 43.647361755371101 ], [ 13.3618068695068, 43.647083282470803 ], [ 13.362639427185099, 43.647083282470803 ], [ 13.362639427185099, 43.646804809570398 ], [ 13.3631954193116, 43.646804809570398 ], [ 13.3631954193116, 43.64652633667 ], [ 13.3640289306641, 43.64652633667 ], [ 13.3640289306641, 43.646251678466797 ], [ 13.3648605346681, 43.646251678466797 ], [ 13.3648605346681, 43.645973205566399 ], [ 13.365694999694901, 43.645973205566399 ], [ 13.365694999694901, 43.645694732666001 ], [ 13.3665266036987, 43.645694732666001 ], [ 13.3665266036987, 43.645416259765597 ], [ 13.3673610687256, 43.645416259765597 ], [ 13.3673610687256, 43.645137786865199 ], [ 13.367917060851999, 43.645137786865199 ], [ 13.367917060851999, 43.644859313964801 ], [ 13.368748664856, 43.644859313964801 ], [ 13.368748664856, 43.644584655761797 ], [ 13.3693046569825, 43.644584655761797 ], [ 13.3693046569825, 43.644027709960902 ], [ 13.3695831298829, 43.644027709960902 ], [ 13.3695831298829, 43.643749237060497 ], [ 13.369860649109, 43.643749237060497 ], [ 13.369860649109, 43.643470764160199 ], [ 13.3701391220094, 43.643470764160199 ], [ 13.3701391220094, 43.643196105957102 ], [ 13.3704175949097, 43.643196105957102 ], [ 13.3704175949097, 43.642639160156399 ], [ 13.3706932067871, 43.642639160156399 ], [ 13.3706932067871, 43.642360687256001 ], [ 13.3709735870362, 43.642360687256001 ], [ 13.3709735870362, 43.642082214355597 ], [ 13.3712491989135, 43.642082214355597 ], [ 13.3712491989135, 43.641529083252003 ], [ 13.372083663940399, 43.641529083252003 ], [ 13.372083663940399, 43.641803741455199 ], [ 13.372362136840801, 43.641803741455199 ], [ 13.372362136840801, 43.642082214355597 ], [ 13.3726396560669, 43.642082214355597 ], [ 13.3726396560669, 43.642639160156399 ], [ 13.3729152679444, 43.642639160156399 ], [ 13.3729152679444, 43.642917633056697 ], [ 13.3731956481934, 43.642917633056697 ], [ 13.3731956481934, 43.643196105957102 ], [ 13.373472213745099, 43.643196105957102 ], [ 13.373472213745099, 43.643470764160199 ], [ 13.3737497329712, 43.643470764160199 ], [ 13.3737497329712, 43.643749237060497 ], [ 13.3740282058716, 43.643749237060497 ], [ 13.3740282058716, 43.643997192382898 ], [ 13.3740282058716, 43.644306182861399 ], [ 13.374305725097701, 43.644306182861399 ], [ 13.374305725097701, 43.644584655761797 ], [ 13.374861717224199, 43.644584655761797 ], [ 13.374861717224199, 43.644306182861399 ], [ 13.375140190124601, 43.644306182861399 ], [ 13.375140190124601, 43.644027709960902 ], [ 13.3756942749025, 43.644027709960902 ], [ 13.3756942749025, 43.643749237060497 ], [ 13.3759717941285, 43.643749237060497 ], [ 13.3759717941285, 43.643470764160199 ], [ 13.3773622512819, 43.643470764160199 ], [ 13.3773622512819, 43.643196105957102 ], [ 13.3781938552856, 43.643196105957102 ], [ 13.3781938552856, 43.642917633056697 ], [ 13.3787498474121, 43.642917633056697 ], [ 13.3787498474121, 43.642639160156399 ], [ 13.379305839538601, 43.642639160156399 ], [ 13.379305839538601, 43.6420288085938 ], [ 13.379305839538601, 43.641803741455199 ], [ 13.3798942565918, 43.641803741455199 ], [ 13.3804159164429, 43.641803741455199 ], [ 13.3804159164429, 43.641605377197401 ], [ 13.3804159164429, 43.641529083252003 ], [ 13.3806190490722, 43.641529083252003 ], [ 13.380694389343301, 43.641529083252003 ], [ 13.380694389343301, 43.641250610351598 ], [ 13.381351470947401, 43.641250610351598 ], [ 13.3815279006959, 43.641250610351598 ], [ 13.3815279006959, 43.6409721374512 ], [ 13.382081985473601, 43.6409721374512 ], [ 13.382362365722701, 43.6409721374512 ], [ 13.382362365722701, 43.640865325927798 ], [ 13.382362365722701, 43.640693664550803 ], [ 13.382819175720201, 43.640693664550803 ], [ 13.382916450500399, 43.640693664550803 ], [ 13.382916450500399, 43.640415191650398 ], [ 13.3834724426269, 43.640415191650398 ], [ 13.3834724426269, 43.640140533447301 ], [ 13.3842687606813, 43.640140533447301 ], [ 13.3843069076538, 43.639862060546903 ], [ 13.384860038757401, 43.639862060546903 ], [ 13.384860038757401, 43.639583587646499 ], [ 13.3854160308838, 43.639583587646499 ], [ 13.3854160308838, 43.639305114746101 ], [ 13.385972976684601, 43.639305114746101 ], [ 13.385972976684601, 43.639026641845703 ], [ 13.386528968811101, 43.639026641845703 ], [ 13.386528968811101, 43.638748168945298 ], [ 13.3879165649415, 43.638748168945298 ], [ 13.3879165649415, 43.638473510742301 ], [ 13.388472557068001, 43.638473510742301 ], [ 13.388472557068001, 43.638195037841903 ], [ 13.3890266418457, 43.638195037841903 ], [ 13.3890266418457, 43.637916564941499 ], [ 13.3892621994019, 43.637916564941499 ], [ 13.389305114746101, 43.637725830078203 ], [ 13.389305114746101, 43.637638092041001 ], [ 13.3890266418457, 43.637638092041001 ], [ 13.3890266418457, 43.637359619140597 ], [ 13.3887510299684, 43.637359619140597 ], [ 13.3887510299684, 43.637084960937599 ], [ 13.388472557068001, 43.637084960937599 ], [ 13.388472557068001, 43.636806488037202 ], [ 13.3881950378419, 43.636806488037202 ], [ 13.3881950378419, 43.636249542236399 ], [ 13.388472557068001, 43.636249542236399 ], [ 13.388472557068001, 43.635971069336101 ], [ 13.389305114746101, 43.635971069336101 ], [ 13.389305114746101, 43.635692596435703 ], [ 13.389861106872599, 43.635692596435703 ], [ 13.389861106872599, 43.635417938232401 ], [ 13.390417098999, 43.635417938232401 ], [ 13.390417098999, 43.635139465332102 ], [ 13.390973091125501, 43.635139465332102 ], [ 13.390973091125501, 43.6345825195313 ], [ 13.391248703003001, 43.6345825195313 ], [ 13.391248703003001, 43.634304046630902 ], [ 13.391529083251999, 43.634304046630902 ], [ 13.391529083251999, 43.634029388427699 ], [ 13.392083168029799, 43.634029388427699 ], [ 13.392083168029799, 43.633750915527301 ], [ 13.3931951522828, 43.633750915527301 ], [ 13.3931951522828, 43.633193969726598 ], [ 13.393751144409199, 43.633193969726598 ], [ 13.393751144409199, 43.6329154968262 ], [ 13.394305229187101, 43.6329154968262 ], [ 13.394305229187101, 43.632637023925803 ], [ 13.394582748413001, 43.632637023925803 ], [ 13.394582748413001, 43.632495880126903 ], [ 13.394582748413001, 43.632083892822401 ], [ 13.3948612213134, 43.632083892822401 ], [ 13.3948612213134, 43.631805419922003 ], [ 13.3962488174438, 43.631805419922003 ], [ 13.3962488174438, 43.631526947021598 ], [ 13.396527290344199, 43.631526947021598 ], [ 13.396527290344199, 43.631248474121001 ], [ 13.3970832824707, 43.631248474121001 ], [ 13.3970832824707, 43.630973815917997 ], [ 13.3976392745972, 43.630973815917997 ], [ 13.3976392745972, 43.630695343017599 ], [ 13.398193359375099, 43.630695343017599 ], [ 13.398193359375099, 43.630416870117202 ], [ 13.399026870727701, 43.630416870117202 ], [ 13.399026870727701, 43.630138397216797 ], [ 13.3995838165284, 43.630138397216797 ], [ 13.3995838165284, 43.629859924316499 ], [ 13.400139808654901, 43.629859924316499 ], [ 13.400139808654901, 43.629581451416101 ], [ 13.400695800781399, 43.629581451416101 ], [ 13.400695800781399, 43.629306793212898 ], [ 13.4015283584594, 43.629306793212898 ], [ 13.4015283584594, 43.6290283203125 ], [ 13.4020843505859, 43.6290283203125 ], [ 13.4020843505859, 43.628749847412202 ], [ 13.4026384353638, 43.628749847412202 ], [ 13.4026384353638, 43.628471374511797 ], [ 13.4031944274903, 43.628471374511797 ], [ 13.4031944274903, 43.628192901611399 ], [ 13.4037504196168, 43.628192901611399 ], [ 13.4037504196168, 43.627918243408097 ], [ 13.4043064117432, 43.627918243408097 ], [ 13.4043064117432, 43.627639770507798 ], [ 13.4048624038697, 43.627639770507798 ], [ 13.4048624038697, 43.627361297607401 ], [ 13.405415534973301, 43.627361297607401 ], [ 13.405415534973301, 43.627082824707003 ], [ 13.40625, 43.627082824707003 ], [ 13.40625, 43.626804351806598 ], [ 13.406805992126399, 43.626804351806598 ], [ 13.406805992126399, 43.6265258789062 ], [ 13.4076375961304, 43.6265258789062 ], [ 13.4076375961304, 43.626251220703203 ], [ 13.4084720611572, 43.626251220703203 ], [ 13.4084720611572, 43.625972747802798 ], [ 13.409305572509799, 43.625972747802798 ], [ 13.409305572509799, 43.6256942749025 ], [ 13.4095821380616, 43.6256942749025 ], [ 13.4095821380616, 43.625415802002102 ], [ 13.409859657287701, 43.625415802002102 ], [ 13.409863471984901, 43.625137329101698 ], [ 13.410694122314601, 43.625137329101698 ], [ 13.410694122314601, 43.624862670898501 ], [ 13.411528587341399, 43.624862670898501 ], [ 13.411528587341399, 43.624584197998097 ], [ 13.4118041992187, 43.624584197998097 ], [ 13.4118041992187, 43.624305725097699 ], [ 13.4126377105713, 43.624305725097699 ], [ 13.4126377105713, 43.624027252197301 ], [ 13.4129171371459, 43.624027252197301 ], [ 13.4129171371459, 43.623748779296903 ], [ 13.413194656372101, 43.623748779296903 ], [ 13.413194656372101, 43.624027252197301 ], [ 13.413473129272401, 43.624027252197301 ], [ 13.413473129272401, 43.624305725097699 ], [ 13.4137506484985, 43.624305725097699 ], [ 13.4137506484985, 43.624027252197301 ], [ 13.414306640625, 43.624027252197301 ], [ 13.414306640625, 43.6234741210938 ], [ 13.4148607254029, 43.623470306396598 ], [ 13.4148607254029, 43.623195648193402 ], [ 13.4165267944337, 43.623195648193402 ], [ 13.4165267944337, 43.622917175292997 ], [ 13.417082786560201, 43.622917175292997 ], [ 13.417082786560201, 43.622638702392599 ], [ 13.4176387786866, 43.622638702392599 ], [ 13.4176387786866, 43.622360229492202 ], [ 13.4181947708131, 43.622360229492202 ], [ 13.4181947708131, 43.622081756591903 ], [ 13.4184732437135, 43.622081756591903 ], [ 13.4184732437135, 43.621807098388601 ], [ 13.419304847717299, 43.621807098388601 ], [ 13.419304847717299, 43.621528625488203 ], [ 13.4198608398438, 43.621528625488203 ], [ 13.4198608398438, 43.621250152587898 ], [ 13.4201393127441, 43.621250152587898 ], [ 13.4201393127441, 43.6209716796875 ], [ 13.4209709167481, 43.6209716796875 ], [ 13.4209709167481, 43.620693206787102 ], [ 13.421526908874601, 43.620693206787102 ], [ 13.421526908874601, 43.620418548584098 ], [ 13.4226388931276, 43.620414733886697 ], [ 13.4226388931276, 43.6203422546387 ], [ 13.4226388931276, 43.6201400756837 ], [ 13.423748970031699, 43.6201400756837 ], [ 13.423748970031699, 43.619861602783303 ], [ 13.425417900085399, 43.619861602783303 ], [ 13.425417900085399, 43.6193046569825 ], [ 13.426806449890099, 43.6193046569825 ], [ 13.426806449890099, 43.619026184082102 ], [ 13.4273624420166, 43.619026184082102 ], [ 13.4273624420166, 43.618473052978601 ], [ 13.427639961242701, 43.618473052978601 ], [ 13.427639961242701, 43.618751525878999 ], [ 13.4281940460206, 43.618751525878999 ], [ 13.4281940460206, 43.618473052978601 ], [ 13.428471565246699, 43.618473052978601 ], [ 13.428471565246699, 43.618194580078203 ], [ 13.429583549499601, 43.618194580078203 ], [ 13.429583549499601, 43.617916107177798 ], [ 13.4304180145265, 43.617916107177798 ], [ 13.4304180145265, 43.617637634277401 ], [ 13.4306936264038, 43.617637634277401 ], [ 13.4306936264038, 43.617362976074197 ], [ 13.4312496185303, 43.617362976074197 ], [ 13.4312496185303, 43.6170845031738 ], [ 13.432640075683601, 43.6170845031738 ], [ 13.432640075683601, 43.616806030273402 ], [ 13.434027671814, 43.616806030273402 ], [ 13.434027671814, 43.616527557372997 ], [ 13.434583663940501, 43.616527557372997 ], [ 13.434583663940501, 43.616249084472599 ], [ 13.434860229492299, 43.616249084472599 ], [ 13.434860229492299, 43.615970611572301 ], [ 13.4362497329712, 43.615970611572301 ], [ 13.4362497329712, 43.615695953369297 ], [ 13.4370822906494, 43.615695953369297 ], [ 13.4370822906494, 43.6154174804687 ], [ 13.437915802001999, 43.6154174804687 ], [ 13.437915802001999, 43.615139007568303 ], [ 13.4390287399293, 43.615139007568303 ], [ 13.4390287399293, 43.614860534667997 ], [ 13.4395847320557, 43.614860534667997 ], [ 13.4395847320557, 43.614582061767599 ], [ 13.440694808960099, 43.614582061767599 ], [ 13.440694808960099, 43.614307403564503 ], [ 13.4415273666381, 43.614307403564503 ], [ 13.4415273666381, 43.614028930664198 ], [ 13.443751335144, 43.614028930664198 ], [ 13.443751335144, 43.6137504577638 ], [ 13.4443054199219, 43.6137504577638 ], [ 13.4443054199219, 43.613471984863402 ], [ 13.445417404174901, 43.613471984863402 ], [ 13.445417404174901, 43.613193511962997 ], [ 13.4467344284059, 43.613193511962997 ], [ 13.4470834732057, 43.613193511962997 ], [ 13.4470834732057, 43.613063812255902 ], [ 13.4470834732057, 43.612915039062599 ], [ 13.447485923767101, 43.612915039062599 ], [ 13.4481954574584, 43.612915039062599 ], [ 13.4481954574584, 43.612651824951101 ], [ 13.448748588561999, 43.612640380859403 ], [ 13.448748588561999, 43.612445831298899 ], [ 13.448748588561999, 43.612361907958999 ], [ 13.448987960815399, 43.612361907958999 ], [ 13.4493045806885, 43.612361907958999 ], [ 13.4493045806885, 43.612239837646598 ], [ 13.4493045806885, 43.6120834350587 ], [ 13.4497337341309, 43.6120834350587 ], [ 13.4506931304932, 43.6120834350587 ], [ 13.4506931304932, 43.611804962158303 ], [ 13.451526641845801, 43.611804962158303 ], [ 13.451526641845801, 43.611526489257898 ], [ 13.4523620605469, 43.611526489257898 ], [ 13.4523620605469, 43.611251831054702 ], [ 13.4534711837769, 43.611251831054702 ], [ 13.4534711837769, 43.611400604248097 ], [ 13.4534711837769, 43.611526489257898 ], [ 13.4543056488037, 43.611526489257898 ], [ 13.4543056488037, 43.611362457275398 ], [ 13.4543056488037, 43.611251831054702 ], [ 13.4545841217041, 43.611251831054702 ], [ 13.4545841217041, 43.610973358154297 ], [ 13.4551401138306, 43.610973358154297 ], [ 13.4551401138306, 43.610694885253899 ], [ 13.456806182861399, 43.610694885253899 ], [ 13.456806182861399, 43.610973358154297 ], [ 13.4576263427734, 43.610973358154297 ], [ 13.4579162597657, 43.610973358154297 ], [ 13.4579162597657, 43.610694885253899 ], [ 13.458749771118301, 43.610694885253899 ], [ 13.458749771118301, 43.610790252685497 ], [ 13.458749771118301, 43.610973358154297 ], [ 13.4590282440187, 43.610973358154297 ], [ 13.4590282440187, 43.610752105712798 ], [ 13.459424018859901, 43.610694885253899 ], [ 13.460140228271401, 43.610694885253899 ], [ 13.460140228271401, 43.610591888427699 ], [ 13.460140228271401, 43.610416412353501 ], [ 13.4606943130493, 43.610416412353501 ], [ 13.4606943130493, 43.610137939453097 ], [ 13.4629163742066, 43.610137939453097 ], [ 13.4629163742066, 43.609859466552699 ], [ 13.463749885559199, 43.609859466552699 ], [ 13.463749885559199, 43.609584808349702 ], [ 13.4645824432372, 43.609584808349702 ], [ 13.4645824432372, 43.609306335449297 ], [ 13.4648599624634, 43.609306335449297 ], [ 13.4648599624634, 43.6090278625488 ], [ 13.4670820236207, 43.6090278625488 ], [ 13.4670820236207, 43.608749389648402 ], [ 13.469306945800801, 43.608749389648402 ], [ 13.469306945800801, 43.608470916747997 ], [ 13.470973014831699, 43.608470916747997 ], [ 13.470973014831699, 43.608196258545 ], [ 13.471804618835399, 43.608196258545 ], [ 13.471804618835399, 43.608470916747997 ], [ 13.4723606109619, 43.608470916747997 ], [ 13.4723606109619, 43.608196258545 ], [ 13.474026679992701, 43.608196258545 ], [ 13.474026679992701, 43.607917785644602 ], [ 13.4751386642457, 43.607917785644602 ], [ 13.4751386642457, 43.607639312744297 ], [ 13.477083206176699, 43.607639312744297 ], [ 13.477083206176699, 43.607917785644602 ], [ 13.4776391983032, 43.607917785644602 ], [ 13.4776391983032, 43.607639312744297 ], [ 13.478749275207599, 43.607639312744297 ], [ 13.478749275207599, 43.607360839843899 ], [ 13.479862213134799, 43.607360839843899 ], [ 13.479862213134799, 43.607639312744297 ], [ 13.4801397323609, 43.607639312744297 ], [ 13.4801397323609, 43.607360839843899 ], [ 13.4804153442384, 43.607360839843899 ], [ 13.4804153442384, 43.607082366943501 ], [ 13.4809722900391, 43.607082366943501 ], [ 13.4809722900391, 43.607360839843899 ], [ 13.4812498092653, 43.607360839843899 ], [ 13.4812498092653, 43.607639312744297 ], [ 13.4815282821656, 43.607639312744297 ], [ 13.4815282821656, 43.607757568359503 ], [ 13.4815282821656, 43.608196258545 ], [ 13.481805801391699, 43.608196258545 ], [ 13.481805801391699, 43.609306335449297 ], [ 13.4815282821656, 43.609306335449297 ], [ 13.4815282821656, 43.609584808349702 ], [ 13.4812498092653, 43.609584808349702 ], [ 13.4812498092653, 43.610137939453097 ], [ 13.4809722900391, 43.610137939453097 ], [ 13.4809722900391, 43.611526489257898 ], [ 13.4815282821656, 43.611526489257898 ], [ 13.4815282821656, 43.611804962158303 ], [ 13.482084274292101, 43.611804962158303 ], [ 13.482084274292101, 43.6120834350587 ], [ 13.482640266418599, 43.6120834350587 ], [ 13.482640266418599, 43.612361907958999 ], [ 13.483471870422401, 43.612361907958999 ], [ 13.483471870422401, 43.6120834350587 ], [ 13.484306335449199, 43.6120834350587 ], [ 13.484306335449199, 43.612361907958999 ], [ 13.486805915832599, 43.612361907958999 ], [ 13.486805915832599, 43.6120834350587 ], [ 13.487084388733001, 43.6120834350587 ], [ 13.487084388733001, 43.611804962158303 ], [ 13.487360000610501, 43.611804962158303 ], [ 13.487360000610501, 43.611251831054702 ], [ 13.4876384735109, 43.611251831054702 ], [ 13.4876384735109, 43.610973358154297 ], [ 13.488194465637299, 43.610973358154297 ], [ 13.488194465637299, 43.610694885253899 ], [ 13.4890279769897, 43.610694885253899 ], [ 13.4890279769897, 43.610973358154297 ], [ 13.489306449890099, 43.610973358154297 ], [ 13.489306449890099, 43.612361907958999 ], [ 13.489582061767599, 43.612361907958999 ], [ 13.489582061767599, 43.612640380859403 ], [ 13.491250038146999, 43.612640380859403 ], [ 13.491250038146999, 43.613471984863402 ], [ 13.4915275573731, 43.613471984863402 ], [ 13.4915275573731, 43.614307403564503 ], [ 13.491250038146999, 43.614307403564503 ], [ 13.491250038146999, 43.616527557372997 ], [ 13.4915275573731, 43.616527557372997 ], [ 13.4915275573731, 43.6170845031738 ], [ 13.4918069839478, 43.6170845031738 ], [ 13.4918069839478, 43.617637634277401 ], [ 13.4920854568481, 43.617637634277401 ], [ 13.4920854568481, 43.618473052978601 ], [ 13.493473052978599, 43.618480682373097 ], [ 13.493473052978599, 43.618751525878999 ], [ 13.4937505722047, 43.618778228759801 ], [ 13.4937505722047, 43.619026184082102 ], [ 13.494029045105099, 43.6190795898437 ], [ 13.494029045105099, 43.619583129882898 ], [ 13.4943037033081, 43.619583129882898 ], [ 13.4943037033081, 43.6201400756837 ], [ 13.4945831298828, 43.6201400756837 ], [ 13.4945831298828, 43.620693206787102 ], [ 13.494860649108899, 43.620693206787102 ], [ 13.494860649108899, 43.621250152587898 ], [ 13.4945831298828, 43.621250152587898 ], [ 13.4945831298828, 43.621807098388601 ], [ 13.4943037033081, 43.621807098388601 ], [ 13.4943037033081, 43.622081756591903 ], [ 13.494029045105099, 43.622081756591903 ], [ 13.494029045105099, 43.622638702392599 ], [ 13.4937505722047, 43.622638702392599 ], [ 13.4937505722047, 43.623470306396598 ], [ 13.494029045105099, 43.6234741210938 ], [ 13.494029045105099, 43.623748779296903 ], [ 13.494860649108899, 43.623748779296903 ], [ 13.494860649108899, 43.6234741210938 ], [ 13.4951391220093, 43.623470306396598 ], [ 13.4951391220093, 43.623195648193402 ], [ 13.4956951141357, 43.623195648193402 ], [ 13.4956951141357, 43.622917175292997 ], [ 13.4959726333618, 43.622917175292997 ], [ 13.4959726333618, 43.622360229492202 ], [ 13.4962511062622, 43.622360229492202 ], [ 13.4962511062622, 43.622081756591903 ], [ 13.4970827102662, 43.622081756591903 ], [ 13.4970827102662, 43.622360229492202 ], [ 13.4973611831666, 43.622360229492202 ], [ 13.4973611831666, 43.623195648193402 ], [ 13.497917175293001, 43.623195648193402 ], [ 13.497917175293001, 43.622917175292997 ], [ 13.498748779296999, 43.622917175292997 ], [ 13.498748779296999, 43.622638702392599 ], [ 13.4993047714235, 43.622638702392599 ], [ 13.4993047714235, 43.622360229492202 ], [ 13.4995832443238, 43.622360229492202 ], [ 13.4995832443238, 43.621807098388601 ], [ 13.4998607635497, 43.621807098388601 ], [ 13.4998607635497, 43.621639251708999 ], [ 13.4998607635497, 43.621250152587898 ], [ 13.5001392364503, 43.621250152587898 ], [ 13.5001392364503, 43.6209716796875 ], [ 13.5006952285766, 43.6209716796875 ], [ 13.5006952285766, 43.620693206787102 ], [ 13.5009708404541, 43.620693206787102 ], [ 13.5009708404541, 43.620418548584098 ], [ 13.5015268325806, 43.620414733886697 ], [ 13.5015268325806, 43.6201400756837 ], [ 13.502082824706999, 43.6201400756837 ], [ 13.502082824706999, 43.619861602783303 ], [ 13.502361297607401, 43.619861602783303 ], [ 13.502361297607401, 43.619583129882898 ], [ 13.502917289733899, 43.619583129882898 ], [ 13.502917289733899, 43.6193046569825 ], [ 13.50319480896, 43.6193046569825 ], [ 13.50319480896, 43.619087219238303 ], [ 13.50319480896, 43.618751525878999 ], [ 13.5037488937379, 43.618751525878999 ], [ 13.5037488937379, 43.618480682373097 ], [ 13.5037488937379, 43.617389678955199 ], [ 13.5037488937379, 43.6170845031738 ], [ 13.5034732818604, 43.6170845031738 ], [ 13.5034732818604, 43.616249084472599 ], [ 13.5036792755128, 43.616249084472599 ], [ 13.5037488937379, 43.615970611572301 ], [ 13.5040273666382, 43.615970611572301 ], [ 13.5040273666382, 43.616249084472599 ], [ 13.5043048858644, 43.616249084472599 ], [ 13.5043048858644, 43.616806030273402 ], [ 13.504583358764799, 43.616806030273402 ], [ 13.504583358764799, 43.617362976074197 ], [ 13.504860877990801, 43.617362976074197 ], [ 13.504860877990801, 43.617637634277401 ], [ 13.5051393508912, 43.617637634277401 ], [ 13.5051393508912, 43.618194580078203 ], [ 13.5054178237916, 43.618194580078203 ], [ 13.5054178237916, 43.619026184082102 ], [ 13.505693435668899, 43.619026184082102 ], [ 13.505693435668899, 43.6193046569825 ], [ 13.507083892822299, 43.6193046569825 ], [ 13.507083892822299, 43.619026184082102 ], [ 13.5084047317506, 43.619026184082102 ], [ 13.508472442626999, 43.619091033935703 ], [ 13.508472442626999, 43.6193046569825 ], [ 13.508195877075201, 43.6193046569825 ], [ 13.5081939697266, 43.619583129882898 ], [ 13.5079145431519, 43.619583129882898 ], [ 13.5079145431519, 43.6201400756837 ], [ 13.5076398849487, 43.6201400756837 ], [ 13.5076398849487, 43.620418548584098 ], [ 13.507362365722599, 43.620418548584098 ], [ 13.507362365722599, 43.620693206787102 ], [ 13.5076398849487, 43.620693206787102 ], [ 13.5076398849487, 43.6209716796875 ], [ 13.5079145431519, 43.6209716796875 ], [ 13.5079145431519, 43.621250152587898 ], [ 13.5081939697266, 43.621250152587898 ], [ 13.5081939697266, 43.621528625488203 ], [ 13.5079145431519, 43.621528625488203 ], [ 13.5079145431519, 43.621807098388601 ], [ 13.5076398849487, 43.621807098388601 ], [ 13.5076398849487, 43.622360229492202 ], [ 13.507362365722599, 43.622360229492202 ], [ 13.507362365722599, 43.622638702392599 ], [ 13.507083892822299, 43.622638702392599 ], [ 13.507083892822299, 43.622917175292997 ], [ 13.506806373596101, 43.622917175292997 ], [ 13.506806373596101, 43.623195648193402 ], [ 13.505970954895, 43.623195648193402 ], [ 13.505970954895, 43.622917175292997 ], [ 13.505693435668899, 43.622917175292997 ], [ 13.505693435668899, 43.622638702392599 ], [ 13.504583358764799, 43.622638702392599 ], [ 13.504583358764799, 43.622917175292997 ], [ 13.5034732818604, 43.622917175292997 ], [ 13.5034732818604, 43.623195648193402 ], [ 13.502917289733899, 43.623195648193402 ], [ 13.502917289733899, 43.623748779296903 ], [ 13.5004167556762, 43.623748779296903 ], [ 13.5004167556762, 43.624027252197301 ], [ 13.4993047714235, 43.624027252197301 ], [ 13.4993047714235, 43.624305725097699 ], [ 13.498748779296999, 43.624305725097699 ], [ 13.498748779296999, 43.624584197998097 ], [ 13.498473167419499, 43.624584197998097 ], [ 13.498473167419499, 43.624862670898501 ], [ 13.4973611831666, 43.624862670898501 ], [ 13.4973611831666, 43.625137329101698 ], [ 13.4969711303712, 43.625137329101698 ], [ 13.496805191040099, 43.625137329101698 ], [ 13.496805191040099, 43.624862670898501 ], [ 13.4937505722047, 43.624862670898501 ], [ 13.4937505722047, 43.625137329101698 ], [ 13.493473052978599, 43.625137329101698 ], [ 13.493473052978599, 43.625415802002102 ], [ 13.4931945800782, 43.625415802002102 ], [ 13.4931945800782, 43.6256942749025 ], [ 13.494029045105099, 43.6256942749025 ], [ 13.494029045105099, 43.625972747802798 ], [ 13.4965267181397, 43.625972747802798 ], [ 13.4965267181397, 43.626251220703203 ], [ 13.4967155456544, 43.626251220703203 ], [ 13.496805191040099, 43.626251220703203 ], [ 13.496805191040099, 43.6265258789062 ], [ 13.497638702392599, 43.6265258789062 ], [ 13.497638702392599, 43.626251220703203 ], [ 13.498748779296999, 43.626251220703203 ], [ 13.498748779296999, 43.625972747802798 ], [ 13.4998607635497, 43.625972747802798 ], [ 13.4998607635497, 43.6256942749025 ], [ 13.502917289733899, 43.6256942749025 ], [ 13.502917289733899, 43.625972747802798 ], [ 13.5051393508912, 43.625972747802798 ], [ 13.5051393508912, 43.6265258789062 ], [ 13.5037488937379, 43.626529693603601 ], [ 13.5037488937379, 43.626804351806598 ], [ 13.502917289733899, 43.626804351806598 ], [ 13.502917289733899, 43.627082824707003 ], [ 13.502361297607401, 43.627082824707003 ], [ 13.502361297607401, 43.627361297607401 ], [ 13.502082824706999, 43.627361297607401 ], [ 13.502082824706999, 43.627639770507798 ], [ 13.501805305481, 43.627639770507798 ], [ 13.501805305481, 43.627983093261797 ], [ 13.501805305481, 43.628749847412202 ], [ 13.5015268325806, 43.628749847412202 ], [ 13.5015268325806, 43.6290283203125 ], [ 13.5012512207031, 43.6290283203125 ], [ 13.5012512207031, 43.629306793212898 ], [ 13.5009708404541, 43.629306793212898 ], [ 13.5009708404541, 43.630416870117202 ], [ 13.5006952285766, 43.630416870117202 ], [ 13.5006952285766, 43.630569458007898 ], [ 13.5006952285766, 43.630695343017599 ], [ 13.5008993148804, 43.630695343017599 ], [ 13.5009708404541, 43.630741119384901 ], [ 13.5009708404541, 43.630882263183601 ], [ 13.5009708404541, 43.630973815917997 ], [ 13.501116752624601, 43.630973815917997 ], [ 13.5012512207031, 43.630973815917997 ], [ 13.5012512207031, 43.631057739257798 ], [ 13.5012512207031, 43.631248474121001 ], [ 13.501558303833001, 43.631248474121001 ], [ 13.501805305481, 43.631248474121001 ], [ 13.501805305481, 43.631401062011797 ], [ 13.501805305481, 43.631526947021598 ], [ 13.502006530761699, 43.631526947021598 ], [ 13.502917289733899, 43.631526947021598 ], [ 13.502917289733899, 43.631805419922003 ], [ 13.50319480896, 43.631805419922003 ], [ 13.50319480896, 43.631526947021598 ], [ 13.5034732818604, 43.631526947021598 ], [ 13.5034732818604, 43.631248474121001 ], [ 13.504583358764799, 43.631248474121001 ], [ 13.504583358764799, 43.630973815917997 ], [ 13.504860877990801, 43.630973815917997 ], [ 13.504860877990801, 43.630695343017599 ], [ 13.506806373596101, 43.630695343017599 ], [ 13.506806373596101, 43.630416870117202 ], [ 13.5079145431519, 43.630416870117202 ], [ 13.5079145431519, 43.630138397216797 ], [ 13.5081939697266, 43.630138397216797 ], [ 13.5081939697266, 43.629859924316499 ], [ 13.5090284347535, 43.629859924316499 ], [ 13.5090284347535, 43.629581451416101 ], [ 13.509584426879901, 43.629581451416101 ], [ 13.509584426879901, 43.629306793212898 ], [ 13.509861946106, 43.629306793212898 ], [ 13.509861946106, 43.6290283203125 ], [ 13.5101375579835, 43.6290283203125 ], [ 13.5101375579835, 43.628749847412202 ], [ 13.5109720230104, 43.628749847412202 ], [ 13.5109720230104, 43.628192901611399 ], [ 13.5115280151368, 43.628192901611399 ], [ 13.5115280151368, 43.627918243408097 ], [ 13.511805534362701, 43.627918243408097 ], [ 13.511805534362701, 43.627361297607401 ], [ 13.512084007263301, 43.627361297607401 ], [ 13.512084007263301, 43.627082824707003 ], [ 13.512361526489199, 43.627082824707003 ], [ 13.512361526489199, 43.626804351806598 ], [ 13.5126399993896, 43.626804351806598 ], [ 13.5126399993896, 43.6265258789062 ], [ 13.513503074646, 43.6265258789062 ], [ 13.513750076293899, 43.6265258789062 ], [ 13.513750076293899, 43.626399993896499 ], [ 13.513750076293899, 43.626262664794901 ], [ 13.51402759552, 43.626251220703203 ], [ 13.51402759552, 43.625972747802798 ], [ 13.513750076293899, 43.625972747802798 ], [ 13.513750076293899, 43.625415802002102 ], [ 13.51402759552, 43.625415802002102 ], [ 13.51402759552, 43.625137329101698 ], [ 13.5145835876465, 43.625137329101698 ], [ 13.5145835876465, 43.624862670898501 ], [ 13.5173597335815, 43.624862670898501 ], [ 13.5173597335815, 43.624584197998097 ], [ 13.5181941986084, 43.624584197998097 ], [ 13.5181941986084, 43.624305725097699 ], [ 13.519584655761699, 43.624305725097699 ], [ 13.519584655761699, 43.624027252197301 ], [ 13.5193042755128, 43.624027252197301 ], [ 13.5193042755128, 43.6234741210938 ], [ 13.5212507247925, 43.623470306396598 ], [ 13.5212507247925, 43.623195648193402 ], [ 13.521806716919, 43.623195648193402 ], [ 13.521806716919, 43.622917175292997 ], [ 13.522639274597299, 43.622917175292997 ], [ 13.522639274597299, 43.622638702392599 ], [ 13.5231952667237, 43.622638702392599 ], [ 13.5231952667237, 43.622360229492202 ], [ 13.523751258850201, 43.622360229492202 ], [ 13.523751258850201, 43.622081756591903 ], [ 13.524305343627899, 43.622081756591903 ], [ 13.524305343627899, 43.621807098388601 ], [ 13.5259914398193, 43.621807098388601 ], [ 13.528751373291099, 43.621807098388601 ], [ 13.528751373291099, 43.621528625488203 ], [ 13.5290269851684, 43.621528625488203 ], [ 13.5290269851684, 43.621250152587898 ], [ 13.529582977294901, 43.621250152587898 ], [ 13.529582977294901, 43.6209716796875 ], [ 13.5298614501953, 43.6209716796875 ], [ 13.5298614501953, 43.620693206787102 ], [ 13.530138969421399, 43.620693206787102 ], [ 13.530138969421399, 43.620418548584098 ], [ 13.530417442321699, 43.620414733886697 ], [ 13.530417442321699, 43.6201400756837 ], [ 13.5309734344482, 43.6201400756837 ], [ 13.5309734344482, 43.619861602783303 ], [ 13.5312490463257, 43.619861602783303 ], [ 13.5312490463257, 43.619583129882898 ], [ 13.5315265655518, 43.619583129882898 ], [ 13.5315265655518, 43.6193046569825 ], [ 13.532082557678301, 43.6193046569825 ], [ 13.532082557678301, 43.619026184082102 ], [ 13.5323610305787, 43.619026184082102 ], [ 13.5323610305787, 43.618751525878999 ], [ 13.532640457153301, 43.618751525878999 ], [ 13.532640457153301, 43.618473052978601 ], [ 13.532917976379499, 43.618473052978601 ], [ 13.532917976379499, 43.618194580078203 ], [ 13.533471107483001, 43.618194580078203 ], [ 13.533471107483001, 43.617916107177798 ], [ 13.5337486267091, 43.617916107177798 ], [ 13.5337486267091, 43.617637634277401 ], [ 13.5340280532838, 43.617637634277401 ], [ 13.5340280532838, 43.6170845031738 ], [ 13.534305572509901, 43.6170845031738 ], [ 13.534305572509901, 43.616806030273402 ], [ 13.5345840454103, 43.616806030273402 ], [ 13.5345840454103, 43.616527557372997 ], [ 13.5348615646363, 43.616527557372997 ], [ 13.5348615646363, 43.615970611572301 ], [ 13.535140037536699, 43.615970611572301 ], [ 13.535140037536699, 43.615695953369297 ], [ 13.5354156494141, 43.615695953369297 ], [ 13.5354156494141, 43.6154174804687 ], [ 13.535694122314499, 43.6154174804687 ], [ 13.535694122314499, 43.614860534667997 ], [ 13.535971641540501, 43.614860534667997 ], [ 13.535971641540501, 43.614582061767599 ], [ 13.5362501144409, 43.614582061767599 ], [ 13.5362501144409, 43.614307403564503 ], [ 13.536527633666999, 43.614307403564503 ], [ 13.536527633666999, 43.6137504577638 ], [ 13.536806106567401, 43.6137504577638 ], [ 13.536806106567401, 43.613471984863402 ], [ 13.5370836257935, 43.613471984863402 ], [ 13.5370836257935, 43.613193511962997 ], [ 13.5373620986938, 43.613193511962997 ], [ 13.5373620986938, 43.612812042236399 ], [ 13.5373620986938, 43.612640380859403 ], [ 13.5375776290894, 43.612640380859403 ], [ 13.5376377105713, 43.612361907958999 ], [ 13.537916183471699, 43.612361907958999 ], [ 13.5379180908203, 43.611804962158303 ], [ 13.5381937026978, 43.611804962158303 ], [ 13.5381937026978, 43.611526489257898 ], [ 13.5384721755982, 43.611526489257898 ], [ 13.5384721755982, 43.611251831054702 ], [ 13.5387496948243, 43.611251831054702 ], [ 13.5387496948243, 43.610694885253899 ], [ 13.5390281677247, 43.610694885253899 ], [ 13.5390281677247, 43.610416412353501 ], [ 13.539859771728599, 43.610416412353501 ], [ 13.539859771728599, 43.610137939453097 ], [ 13.540694236755501, 43.610137939453097 ], [ 13.540694236755501, 43.609859466552699 ], [ 13.541094779968301, 43.609859466552699 ], [ 13.5412502288818, 43.609859466552699 ], [ 13.5412502288818, 43.609737396240298 ], [ 13.5412502288818, 43.609584808349702 ], [ 13.5414438247681, 43.609584808349702 ], [ 13.5420837402344, 43.609584808349702 ], [ 13.5420837402344, 43.609306335449297 ], [ 13.542916297912599, 43.609306335449297 ], [ 13.542916297912599, 43.6090278625488 ], [ 13.543749809265201, 43.6090278625488 ], [ 13.543749809265201, 43.608749389648402 ], [ 13.545415878296, 43.608749389648402 ], [ 13.545415878296, 43.608196258545 ], [ 13.545694351196399, 43.608196258545 ], [ 13.545694351196399, 43.607639312744297 ], [ 13.5459718704225, 43.607639312744297 ], [ 13.5459718704225, 43.607082366943501 ], [ 13.546251296997101, 43.607082366943501 ], [ 13.546251296997101, 43.606529235839901 ], [ 13.546528816223301, 43.606529235839901 ], [ 13.546528816223301, 43.606250762939503 ], [ 13.547081947326699, 43.606250762939503 ], [ 13.547081947326699, 43.605972290039098 ], [ 13.547360420227101, 43.605972290039098 ], [ 13.547360420227101, 43.6056938171387 ], [ 13.548194885253899, 43.6056938171387 ], [ 13.548194885253899, 43.605415344238303 ], [ 13.5490274429321, 43.605415344238303 ], [ 13.5490274429321, 43.605140686035199 ], [ 13.549583435058601, 43.605140686035199 ], [ 13.549583435058601, 43.604862213134801 ], [ 13.5498609542847, 43.604862213134801 ], [ 13.5498609542847, 43.604583740234403 ], [ 13.5504169464112, 43.604583740234403 ], [ 13.5504169464112, 43.603748321533203 ], [ 13.5506954193116, 43.603748321533203 ], [ 13.5506954193116, 43.603195190429801 ], [ 13.5515289306641, 43.603195190429801 ], [ 13.5515289306641, 43.602916717529403 ], [ 13.552083015441999, 43.602916717529403 ], [ 13.552083015441999, 43.6026382446288 ], [ 13.5529165267944, 43.6026382446288 ], [ 13.5529165267944, 43.602359771728501 ], [ 13.5537509918212, 43.602359771728501 ], [ 13.5537509918212, 43.601806640625099 ], [ 13.5540266036987, 43.601806640625099 ], [ 13.5540266036987, 43.600971221923899 ], [ 13.5543050765991, 43.600971221923899 ], [ 13.5543050765991, 43.60013961792 ], [ 13.554582595825201, 43.60013961792 ], [ 13.554582595825201, 43.5993041992188 ], [ 13.5548610687256, 43.5993041992188 ], [ 13.5548610687256, 43.598972320556598 ], [ 13.5548610687256, 43.598472595214801 ], [ 13.555138587951699, 43.598472595214801 ], [ 13.555138587951699, 43.598194122314503 ], [ 13.555417060852101, 43.598194122314503 ], [ 13.555417060852101, 43.5976371765137 ], [ 13.555971145629901, 43.5976371765137 ], [ 13.555971145629901, 43.597362518310703 ], [ 13.556527137756399, 43.597362518310703 ], [ 13.556527137756399, 43.597084045410298 ], [ 13.5570831298829, 43.597084045410298 ], [ 13.5570831298829, 43.596805572509901 ], [ 13.5575981140138, 43.596805572509901 ], [ 13.5576391220094, 43.596527099609503 ], [ 13.557916641235501, 43.596527099609503 ], [ 13.557916641235501, 43.596248626708899 ], [ 13.5581932067871, 43.596248626708899 ], [ 13.5581932067871, 43.595973968505902 ], [ 13.5584735870362, 43.595973968505902 ], [ 13.5584735870362, 43.595695495605497 ], [ 13.558749198913601, 43.595695495605497 ], [ 13.558749198913601, 43.595417022705099 ], [ 13.5590267181396, 43.595417022705099 ], [ 13.5590267181396, 43.595138549804702 ], [ 13.55930519104, 43.595138549804702 ], [ 13.55930519104, 43.594860076904403 ], [ 13.559582710266101, 43.594860076904403 ], [ 13.559582710266101, 43.594581604003999 ], [ 13.559862136840801, 43.594581604003999 ], [ 13.559862136840801, 43.594306945800803 ], [ 13.5601396560669, 43.594306945800803 ], [ 13.5601396560669, 43.594028472900398 ], [ 13.5606956481934, 43.594028472900398 ], [ 13.5606956481934, 43.59375 ], [ 13.5609712600709, 43.59375 ], [ 13.5609712600709, 43.593471527099702 ], [ 13.5612497329712, 43.593471527099702 ], [ 13.5612497329712, 43.593193054199297 ], [ 13.5615282058716, 43.593193054199297 ], [ 13.5615282058716, 43.592918395996001 ], [ 13.561805725097701, 43.592918395996001 ], [ 13.561805725097701, 43.592639923095703 ], [ 13.5620841979981, 43.592639923095703 ], [ 13.5620841979981, 43.592361450195298 ], [ 13.562361717224199, 43.592361450195298 ], [ 13.562361717224199, 43.592082977294901 ], [ 13.562640190124601, 43.592082977294901 ], [ 13.562640190124601, 43.591804504394503 ], [ 13.5629177093506, 43.591804504394503 ], [ 13.5629177093506, 43.591526031494098 ], [ 13.5631942749025, 43.591526031494098 ], [ 13.5631942749025, 43.591251373291101 ], [ 13.5634717941285, 43.591251373291101 ], [ 13.5634717941285, 43.590972900390703 ], [ 13.563750267028899, 43.590972900390703 ], [ 13.563750267028899, 43.590694427490298 ], [ 13.564027786255, 43.590694427490298 ], [ 13.564027786255, 43.59041595459 ], [ 13.5643062591554, 43.59041595459 ], [ 13.5643062591554, 43.590137481689602 ], [ 13.5645837783815, 43.590137481689602 ], [ 13.5645837783815, 43.589862823486399 ], [ 13.5648622512819, 43.589862823486399 ], [ 13.5648622512819, 43.589584350586001 ], [ 13.565137863159199, 43.589584350586001 ], [ 13.565137863159199, 43.589305877685597 ], [ 13.565416336059601, 43.589305877685597 ], [ 13.565416336059601, 43.589027404785199 ], [ 13.5656938552856, 43.589027404785199 ], [ 13.5656938552856, 43.588470458984503 ], [ 13.565972328186, 43.588470458984503 ], [ 13.565972328186, 43.587917327880902 ], [ 13.5662498474121, 43.587917327880902 ], [ 13.5662498474121, 43.5848617553712 ], [ 13.565972328186, 43.5848617553712 ], [ 13.565972328186, 43.583751678466903 ], [ 13.5662498474121, 43.583751678466903 ], [ 13.5662498474121, 43.583473205566499 ], [ 13.566805839538601, 43.583473205566499 ], [ 13.566805839538601, 43.582916259765703 ], [ 13.567084312439, 43.582916259765703 ], [ 13.567084312439, 43.582637786865298 ], [ 13.5673027038575, 43.582637786865298 ], [ 13.5673599243165, 43.582511901855497 ], [ 13.5673599243165, 43.582084655761697 ], [ 13.5675554275512, 43.582084655761697 ], [ 13.5676383972169, 43.582084655761697 ], [ 13.5676383972169, 43.581901550292997 ], [ 13.5676383972169, 43.5818061828613 ], [ 13.5673599243165, 43.5818061828613 ], [ 13.5673599243165, 43.580417633056598 ], [ 13.567084312439, 43.580417633056598 ], [ 13.567084312439, 43.5801391601562 ], [ 13.5673599243165, 43.5801391601562 ], [ 13.5673599243165, 43.579860687255902 ], [ 13.5676383972169, 43.579860687255902 ], [ 13.567640304565399, 43.578750610351698 ], [ 13.5679159164429, 43.578750610351698 ], [ 13.5679159164429, 43.578193664550902 ], [ 13.568194389343301, 43.578193664550902 ], [ 13.568194389343301, 43.577362060546903 ], [ 13.5684719085694, 43.577362060546903 ], [ 13.5684719085694, 43.5768051147462 ], [ 13.568750381469799, 43.5768051147462 ], [ 13.568750381469799, 43.575973510742202 ], [ 13.5690279006959, 43.575973510742202 ], [ 13.5690279006959, 43.575416564941399 ], [ 13.5693063735962, 43.575416564941399 ], [ 13.5693063735962, 43.574859619140597 ], [ 13.569581985473601, 43.574859619140597 ], [ 13.569581985473601, 43.574306488037202 ], [ 13.5698623657228, 43.574306488037202 ], [ 13.5698623657228, 43.5737495422363 ], [ 13.5701379776, 43.5737495422363 ], [ 13.5701379776, 43.573471069335902 ], [ 13.570416450500399, 43.573471069335902 ], [ 13.570416450500399, 43.5729179382325 ], [ 13.5706939697266, 43.5729179382325 ], [ 13.5706939697266, 43.572639465332102 ], [ 13.5709724426269, 43.572639465332102 ], [ 13.5709724426269, 43.572360992431797 ], [ 13.571249961853001, 43.572360992431797 ], [ 13.571249961853001, 43.571804046631001 ], [ 13.5715284347534, 43.571804046631001 ], [ 13.5715284347534, 43.571529388427798 ], [ 13.571805953979499, 43.571529388427798 ], [ 13.571805953979499, 43.571250915527401 ], [ 13.572360038757401, 43.571250915527401 ], [ 13.572360038757401, 43.570972442627003 ], [ 13.5726375579835, 43.570972442627003 ], [ 13.5726375579835, 43.570693969726598 ], [ 13.573193550109901, 43.570693969726598 ], [ 13.573193550109901, 43.5704154968262 ], [ 13.573472976684601, 43.5704154968262 ], [ 13.573472976684601, 43.570137023925803 ], [ 13.574028968811101, 43.570137023925803 ], [ 13.574028968811101, 43.569862365722699 ], [ 13.5743036270143, 43.569862365722699 ], [ 13.5743036270143, 43.569583892822301 ], [ 13.5748605728151, 43.569583892822301 ], [ 13.5748605728151, 43.569305419921903 ], [ 13.5751390457154, 43.569305419921903 ], [ 13.5751390457154, 43.569026947021499 ], [ 13.5756950378419, 43.569026947021499 ], [ 13.5756950378419, 43.568748474121101 ], [ 13.575972557068001, 43.568748474121101 ], [ 13.575972557068001, 43.568473815918097 ], [ 13.5765266418457, 43.568473815918097 ], [ 13.5765266418457, 43.568195343017699 ], [ 13.576805114746101, 43.568195343017699 ], [ 13.576805114746101, 43.567916870117301 ], [ 13.577638626098601, 43.567916870117301 ], [ 13.577638626098601, 43.567638397216697 ], [ 13.578473091125501, 43.567638397216697 ], [ 13.578473091125501, 43.5673599243163 ], [ 13.579304695129499, 43.5673599243163 ], [ 13.579304695129499, 43.567081451416001 ], [ 13.5801391601563, 43.567081451416001 ], [ 13.5801391601563, 43.566806793212898 ], [ 13.580970764160099, 43.566806793212898 ], [ 13.580972671508899, 43.566528320312599 ], [ 13.581805229186999, 43.566528320312599 ], [ 13.581805229186999, 43.566249847412202 ], [ 13.5823612213134, 43.566249847412202 ], [ 13.5823612213134, 43.565971374511797 ], [ 13.583194732666, 43.565971374511797 ], [ 13.583194732666, 43.565692901611399 ], [ 13.584027290344199, 43.565692901611399 ], [ 13.584027290344199, 43.565418243408203 ], [ 13.5848608016968, 43.565418243408203 ], [ 13.5848608016968, 43.565139770507898 ], [ 13.585693359375099, 43.565139770507898 ], [ 13.585693359375099, 43.5648612976075 ], [ 13.586526870727701, 43.5648612976075 ], [ 13.586526870727701, 43.564582824707102 ], [ 13.5873622894288, 43.564582824707102 ], [ 13.5873622894288, 43.564304351806697 ], [ 13.5906944274903, 43.564304351806697 ], [ 13.5906944274903, 43.5648612976075 ], [ 13.590971946716399, 43.5648612976075 ], [ 13.590971946716399, 43.565139770507898 ], [ 13.5912504196168, 43.565139770507898 ], [ 13.5912504196168, 43.565692901611399 ], [ 13.5915279388428, 43.565692901611399 ], [ 13.5915279388428, 43.565971374511797 ], [ 13.5928449630738, 43.565971374511797 ], [ 13.594028472900501, 43.565971374511797 ], [ 13.594028472900501, 43.565742492675803 ], [ 13.594283103943001, 43.565719604492202 ], [ 13.5945844650268, 43.565692901611399 ], [ 13.5945844650268, 43.565418243408203 ], [ 13.5951375961304, 43.565418243408203 ], [ 13.5951375961304, 43.565139770507898 ], [ 13.5956935882569, 43.565139770507898 ], [ 13.5956935882569, 43.5648612976075 ], [ 13.5965280532837, 43.5648612976075 ], [ 13.5965280532837, 43.564582824707102 ], [ 13.5970821380616, 43.564582824707102 ], [ 13.5970821380616, 43.564304351806697 ], [ 13.5976381301881, 43.564304351806697 ], [ 13.5976381301881, 43.5640258789063 ], [ 13.597915649414199, 43.5640258789063 ], [ 13.597915649414199, 43.563751220703097 ], [ 13.598194122314601, 43.563751220703097 ], [ 13.598194122314601, 43.563472747802699 ], [ 13.5984716415406, 43.563472747802699 ], [ 13.5984716415406, 43.563194274902301 ], [ 13.598750114441, 43.563194274902301 ], [ 13.598750114441, 43.562915802002003 ], [ 13.599027633667101, 43.562915802002003 ], [ 13.599027633667101, 43.562637329101598 ], [ 13.5995845794679, 43.562637329101598 ], [ 13.5995845794679, 43.562362670898601 ], [ 13.599860191345201, 43.562362670898601 ], [ 13.599860191345201, 43.562084197998203 ], [ 13.6001377105713, 43.562084197998203 ], [ 13.6001377105713, 43.561805725097798 ], [ 13.600416183471699, 43.561805725097798 ], [ 13.600416183471699, 43.561527252197401 ], [ 13.600694656372101, 43.561527252197401 ], [ 13.600694656372101, 43.561248779296797 ], [ 13.6023607254029, 43.561248779296797 ], [ 13.6023607254029, 43.5609741210938 ], [ 13.6029167175294, 43.560970306396399 ], [ 13.6029167175294, 43.560695648193402 ], [ 13.603472709655801, 43.560695648193402 ], [ 13.603472709655801, 43.560417175292997 ], [ 13.6043052673341, 43.560417175292997 ], [ 13.6043052673341, 43.560138702392599 ], [ 13.6048612594606, 43.560138702392599 ], [ 13.6048612594606, 43.559860229492301 ], [ 13.605417251586999, 43.559860229492301 ], [ 13.605417251586999, 43.559581756591903 ], [ 13.6076393127441, 43.559581756591903 ], [ 13.6076393127441, 43.559028625488303 ], [ 13.6084709167481, 43.559028625488303 ], [ 13.6084709167481, 43.5593070983887 ], [ 13.609765052795501, 43.5593070983887 ], [ 13.6104173660279, 43.5593070983887 ], [ 13.6104173660279, 43.559028625488303 ], [ 13.610694885254, 43.559028625488303 ], [ 13.610694885254, 43.558750152587898 ], [ 13.6109733581544, 43.558750152587898 ], [ 13.6109733581544, 43.558471679687599 ], [ 13.611248970031699, 43.558471679687599 ], [ 13.611248970031699, 43.558193206787202 ], [ 13.6118049621582, 43.558193206787202 ], [ 13.6118049621582, 43.557918548583899 ], [ 13.612639427185099, 43.557914733886797 ], [ 13.612639427185099, 43.557640075683601 ], [ 13.612917900085399, 43.557640075683601 ], [ 13.612917900085399, 43.557361602783203 ], [ 13.613196372985801, 43.557361602783203 ], [ 13.613196372985801, 43.557083129882798 ], [ 13.613471031189, 43.557083129882798 ], [ 13.613471031189, 43.556804656982401 ], [ 13.613748550415099, 43.556804656982401 ], [ 13.613748550415099, 43.556526184082003 ], [ 13.6145839691163, 43.556526184082003 ], [ 13.6145839691163, 43.556251525878999 ], [ 13.614862442016699, 43.556251525878999 ], [ 13.614862442016699, 43.555694580078203 ], [ 13.615139961242701, 43.555694580078203 ], [ 13.615139961242701, 43.554862976074297 ], [ 13.6154146194459, 43.554862976074297 ], [ 13.6154146194459, 43.554306030273501 ], [ 13.6156940460206, 43.554306030273501 ], [ 13.6156940460206, 43.553749084472699 ], [ 13.615971565246699, 43.553749084472699 ], [ 13.615971565246699, 43.553470611572401 ], [ 13.616250038147101, 43.553470611572401 ], [ 13.616250038147101, 43.553195953369098 ], [ 13.6165275573732, 43.553195953369098 ], [ 13.6165275573732, 43.5529174804688 ], [ 13.617637634277299, 43.5529174804688 ], [ 13.617637634277299, 43.552639007568402 ], [ 13.6179180145265, 43.552639007568402 ], [ 13.6179180145265, 43.552360534667997 ], [ 13.618472099304199, 43.552360534667997 ], [ 13.618472099304199, 43.552082061767599 ], [ 13.619305610656699, 43.552082061767599 ], [ 13.619305610656699, 43.551807403564403 ], [ 13.620140075683601, 43.551807403564403 ], [ 13.620140075683601, 43.551528930663999 ], [ 13.620971679687599, 43.551528930663999 ], [ 13.620971679687599, 43.5512504577637 ], [ 13.6212501525879, 43.5512504577637 ], [ 13.6212501525879, 43.550971984863303 ], [ 13.6223621368409, 43.550971984863303 ], [ 13.6223621368409, 43.550693511962898 ], [ 13.624315261840801, 43.550693511962898 ], [ 13.6245822906494, 43.550693511962898 ], [ 13.6245822906494, 43.550498962402401 ], [ 13.6245822906494, 43.5504150390625 ], [ 13.625415802001999, 43.5504150390625 ], [ 13.625415802001999, 43.550140380859503 ], [ 13.625694274902401, 43.550140380859503 ], [ 13.625694274902401, 43.549861907959098 ], [ 13.626250267028899, 43.549861907959098 ], [ 13.626250267028899, 43.5495834350587 ], [ 13.6270847320557, 43.5495834350587 ], [ 13.6270847320557, 43.549304962158303 ], [ 13.6273603439332, 43.549304962158303 ], [ 13.6273603439332, 43.549026489257898 ], [ 13.6280927658082, 43.549026489257898 ], [ 13.628194808960099, 43.549026489257898 ], [ 13.628194808960099, 43.5488891601562 ], [ 13.628194808960099, 43.548473358154403 ], [ 13.628473281860501, 43.548473358154403 ], [ 13.628473281860501, 43.548194885253999 ], [ 13.628566741943301, 43.548194885253999 ], [ 13.6287508010865, 43.548194885253999 ], [ 13.6287508010865, 43.547916412353601 ], [ 13.6286535263062, 43.547916412353601 ], [ 13.628473281860501, 43.547916412353601 ], [ 13.628473281860501, 43.547359466552798 ], [ 13.628194808960099, 43.547359466552798 ], [ 13.628194808960099, 43.547084808349602 ], [ 13.627917289734, 43.547084808349602 ], [ 13.627917289734, 43.546806335449197 ], [ 13.6276378631593, 43.546806335449197 ], [ 13.6276378631593, 43.546249389648402 ], [ 13.627917289734, 43.546249389648402 ], [ 13.627917289734, 43.545970916748097 ], [ 13.628194808960099, 43.545970916748097 ], [ 13.628194808960099, 43.545139312744098 ], [ 13.628473281860501, 43.545139312744098 ], [ 13.628473281860501, 43.5448608398438 ], [ 13.6287508010865, 43.5448608398438 ], [ 13.6287508010865, 43.544582366943402 ], [ 13.6288566589356, 43.544582366943402 ], [ 13.629026412963899, 43.544582366943402 ], [ 13.629026412963899, 43.544303894042997 ], [ 13.6287508010865, 43.544303894042997 ], [ 13.6287508010865, 43.544139862060703 ], [ 13.6287508010865, 43.543750762939602 ], [ 13.6286582946778, 43.543750762939602 ], [ 13.628473281860501, 43.543750762939602 ], [ 13.628473281860501, 43.5431938171388 ], [ 13.628194808960099, 43.5431938171388 ], [ 13.628194808960099, 43.542640686035199 ], [ 13.627917289734, 43.542640686035199 ], [ 13.627917289734, 43.541805267333999 ], [ 13.6276378631593, 43.541805267333999 ], [ 13.6276378631593, 43.540695190429702 ], [ 13.6273603439332, 43.540695190429702 ], [ 13.6273603439332, 43.540203094482401 ], [ 13.6273002624512, 43.540138244628899 ], [ 13.6270847320557, 43.540138244628899 ], [ 13.6270847320557, 43.5398941040038 ], [ 13.6268043518068, 43.539859771728501 ], [ 13.6268043518068, 43.539585113525497 ], [ 13.6265287399293, 43.539585113525497 ], [ 13.6265287399293, 43.5392684936525 ], [ 13.6265287399293, 43.539028167724602 ], [ 13.626250267028899, 43.539028167724602 ], [ 13.626250267028899, 43.538955688476598 ], [ 13.626250267028899, 43.538749694824197 ], [ 13.6260652542115, 43.538749694824197 ], [ 13.6259717941285, 43.538749694824197 ], [ 13.6259717941285, 43.538646697997997 ], [ 13.6259717941285, 43.5384712219238 ], [ 13.625818252563599, 43.5384712219238 ], [ 13.625694274902401, 43.5384712219238 ], [ 13.625694274902401, 43.538333892822301 ], [ 13.625694274902401, 43.538192749023402 ], [ 13.6255712509156, 43.538192749023402 ], [ 13.625415802001999, 43.538192749023402 ], [ 13.625415802001999, 43.538017272949197 ], [ 13.625415802001999, 43.537918090820398 ], [ 13.625325202941999, 43.537918090820398 ], [ 13.6251382827759, 43.537918090820398 ], [ 13.6251382827759, 43.537708282470703 ], [ 13.625078201293899, 43.53763961792 ], [ 13.624859809875501, 43.53763961792 ], [ 13.624859809875501, 43.537406921386697 ], [ 13.624859809875501, 43.537082672119297 ], [ 13.6245822906494, 43.537082672119297 ], [ 13.6245822906494, 43.536804199218899 ], [ 13.6241760253907, 43.536804199218899 ], [ 13.6240282058716, 43.536804199218899 ], [ 13.6240282058716, 43.536678314208999 ], [ 13.6240282058716, 43.536529541015703 ], [ 13.6238508224488, 43.536529541015703 ], [ 13.6237497329712, 43.536529541015703 ], [ 13.6237497329712, 43.536445617675902 ], [ 13.6237497329712, 43.535972595214901 ], [ 13.623472213745099, 43.535972595214901 ], [ 13.623472213745099, 43.535694122314503 ], [ 13.622916221618601, 43.535694122314503 ], [ 13.622916221618601, 43.535415649414098 ], [ 13.6226377487182, 43.535415649414098 ], [ 13.6226377487182, 43.5351371765137 ], [ 13.6223621368409, 43.5351371765137 ], [ 13.6223621368409, 43.534862518310497 ], [ 13.622201919555801, 43.534862518310497 ], [ 13.622083663940501, 43.534862518310497 ], [ 13.622083663940501, 43.534584045410199 ], [ 13.6218061447144, 43.534584045410199 ], [ 13.6218061447144, 43.533748626708999 ], [ 13.6215276718141, 43.533748626708999 ], [ 13.6215276718141, 43.532917022705199 ], [ 13.6212501525879, 43.532917022705199 ], [ 13.6212501525879, 43.53125 ], [ 13.620971679687599, 43.53125 ], [ 13.620971679687599, 43.529026031494197 ], [ 13.6212501525879, 43.529026031494197 ], [ 13.6212501525879, 43.528194427490199 ], [ 13.6215276718141, 43.528194427490199 ], [ 13.6215276718141, 43.527637481689503 ], [ 13.6218061447144, 43.527637481689503 ], [ 13.6218061447144, 43.527362823486399 ], [ 13.622083663940501, 43.527362823486399 ], [ 13.622083663940501, 43.526805877685703 ], [ 13.6223621368409, 43.526805877685703 ], [ 13.6223621368409, 43.526527404785298 ], [ 13.6226263046265, 43.526527404785298 ], [ 13.6226377487182, 43.526248931884702 ], [ 13.622916221618601, 43.526248931884702 ], [ 13.622916221618601, 43.5256958007813 ], [ 13.623472213745099, 43.5256958007813 ], [ 13.623472213745099, 43.525417327880902 ], [ 13.6245822906494, 43.525417327880902 ], [ 13.6245822906494, 43.525138854980497 ], [ 13.624305725097701, 43.525138854980497 ], [ 13.624305725097701, 43.524860382080199 ], [ 13.6240282058716, 43.524860382080199 ], [ 13.6240282058716, 43.524581909179801 ], [ 13.6237497329712, 43.524581909179801 ], [ 13.6237497329712, 43.524307250976598 ], [ 13.623472213745099, 43.524307250976598 ], [ 13.623472213745099, 43.523750305175803 ], [ 13.6237497329712, 43.523750305175803 ], [ 13.6237497329712, 43.523471832275398 ], [ 13.6240282058716, 43.523471832275398 ], [ 13.6240282058716, 43.523193359375099 ], [ 13.624305725097701, 43.523193359375099 ], [ 13.624305725097701, 43.522914886474702 ], [ 13.6245822906494, 43.522914886474702 ], [ 13.6245822906494, 43.522640228271499 ], [ 13.6251382827759, 43.522640228271499 ], [ 13.6251382827759, 43.522083282470703 ], [ 13.624859809875501, 43.522083282470703 ], [ 13.624859809875501, 43.521804809570298 ], [ 13.6245822906494, 43.521804809570298 ], [ 13.6245822906494, 43.520694732666101 ], [ 13.624305725097701, 43.520694732666101 ], [ 13.624305725097701, 43.519306182861399 ], [ 13.6241817474366, 43.519306182861399 ], [ 13.6240282058716, 43.519306182861399 ], [ 13.6240282058716, 43.518196105957003 ], [ 13.624305725097701, 43.518196105957003 ], [ 13.624305725097701, 43.517360687255902 ], [ 13.6245822906494, 43.517360687255902 ], [ 13.6245822906494, 43.517082214355497 ], [ 13.624708175659199, 43.517082214355497 ], [ 13.624859809875501, 43.517082214355497 ], [ 13.624859809875501, 43.516712188720597 ], [ 13.624859809875501, 43.5165405273438 ], [ 13.6245927810668, 43.516586303711101 ], [ 13.6245822906494, 43.516250610351598 ], [ 13.624305725097701, 43.516250610351598 ], [ 13.624305725097701, 43.515693664550803 ], [ 13.6240282058716, 43.515693664550803 ], [ 13.6240282058716, 43.514862060547003 ], [ 13.624305725097701, 43.514862060547003 ], [ 13.624305725097701, 43.514026641845803 ], [ 13.6245822906494, 43.514026641845803 ], [ 13.6245822906494, 43.513473510742202 ], [ 13.624859809875501, 43.513473510742202 ], [ 13.624859809875501, 43.512916564941499 ], [ 13.6251382827759, 43.512916564941499 ], [ 13.6251382827759, 43.512638092041101 ], [ 13.6253976821901, 43.512638092041101 ], [ 13.625415802001999, 43.512359619140703 ], [ 13.625694274902401, 43.512359619140703 ], [ 13.625694274902401, 43.5120849609375 ], [ 13.626250267028899, 43.5120849609375 ], [ 13.626250267028899, 43.511806488037102 ], [ 13.6265287399293, 43.511806488037102 ], [ 13.6265287399293, 43.511528015136697 ], [ 13.6268043518068, 43.511528015136697 ], [ 13.6268043518068, 43.5112495422363 ], [ 13.6270151138306, 43.5112495422363 ], [ 13.6270847320557, 43.510417938232401 ], [ 13.6273603439332, 43.510417938232401 ], [ 13.6273603439332, 43.5095825195312 ], [ 13.6268043518068, 43.5095825195312 ], [ 13.6268043518068, 43.509304046630902 ], [ 13.626250267028899, 43.509304046630902 ], [ 13.626250267028899, 43.509029388427798 ], [ 13.6259717941285, 43.509029388427798 ], [ 13.6259717941285, 43.5087509155275 ], [ 13.625415802001999, 43.5087509155275 ], [ 13.625415802001999, 43.508472442627102 ], [ 13.6251382827759, 43.508472442627102 ], [ 13.6251382827759, 43.508193969726698 ], [ 13.624859809875501, 43.508193969726698 ], [ 13.624859809875501, 43.5079154968263 ], [ 13.6245822906494, 43.5079154968263 ], [ 13.6245822906494, 43.507637023925902 ], [ 13.6240282058716, 43.507637023925902 ], [ 13.6240282058716, 43.507362365722699 ], [ 13.623545646667599, 43.507362365722699 ], [ 13.623472213745099, 43.507362365722699 ], [ 13.623472213745099, 43.507083892822301 ], [ 13.6231937408447, 43.507083892822301 ], [ 13.6231937408447, 43.505973815917997 ], [ 13.622916221618601, 43.505973815917997 ], [ 13.622916221618601, 43.504028320312401 ], [ 13.623472213745099, 43.504028320312401 ], [ 13.623472213745099, 43.5031929016113 ], [ 13.6237497329712, 43.5031929016113 ], [ 13.6237497329712, 43.502082824707102 ], [ 13.6240282058716, 43.502082824707102 ], [ 13.6240282058716, 43.500972747802798 ], [ 13.6237497329712, 43.500972747802798 ], [ 13.6237497329712, 43.500415802002003 ], [ 13.6240282058716, 43.500415802002003 ], [ 13.6240282058716, 43.499584197997997 ], [ 13.624305725097701, 43.499584197997997 ], [ 13.624305725097701, 43.499305725097599 ], [ 13.6245822906494, 43.499305725097599 ], [ 13.6245822906494, 43.498748779296903 ], [ 13.6251382827759, 43.498748779296903 ], [ 13.6251382827759, 43.498474121093899 ], [ 13.625415802001999, 43.498470306396499 ], [ 13.625415802001999, 43.497360229492102 ], [ 13.6259717941285, 43.497360229492102 ], [ 13.6259717941285, 43.4968070983887 ], [ 13.626250267028899, 43.4968070983887 ], [ 13.626250267028899, 43.496250152587997 ], [ 13.6268043518068, 43.496250152587997 ], [ 13.6268043518068, 43.495418548583999 ], [ 13.6273603439332, 43.495414733886797 ], [ 13.6273603439332, 43.494583129882898 ], [ 13.6276378631593, 43.494583129882898 ], [ 13.6276378631593, 43.494026184082102 ], [ 13.628194808960099, 43.494026184082102 ], [ 13.628194808960099, 43.493751525878899 ], [ 13.628473281860501, 43.493751525878899 ], [ 13.628473281860501, 43.493194580078097 ], [ 13.6287508010865, 43.493194580078097 ], [ 13.6287508010865, 43.492637634277301 ], [ 13.629026412963899, 43.492637634277301 ], [ 13.629026412963899, 43.492084503173899 ], [ 13.629306793213001, 43.492084503173899 ], [ 13.629306793213001, 43.491806030273501 ], [ 13.6298608779907, 43.491806030273501 ], [ 13.6298608779907, 43.491527557373203 ], [ 13.630139350891101, 43.491527557373203 ], [ 13.630139350891101, 43.491249084472599 ], [ 13.6304168701172, 43.491249084472599 ], [ 13.6304168701172, 43.490970611572202 ], [ 13.630695343017599, 43.490970611572202 ], [ 13.630695343017599, 43.489582061767699 ], [ 13.6309728622437, 43.489582061767699 ], [ 13.6309728622437, 43.489307403564503 ], [ 13.631251335144, 43.489307403564503 ], [ 13.631251335144, 43.489028930664098 ], [ 13.632082939148001, 43.489028930664098 ], [ 13.632082939148001, 43.488471984863303 ], [ 13.6323614120484, 43.488471984863303 ], [ 13.6323614120484, 43.488193511962898 ], [ 13.632638931274499, 43.488193511962898 ], [ 13.632638931274499, 43.487915039062599 ], [ 13.632917404174901, 43.487915039062599 ], [ 13.632917404174901, 43.487361907958999 ], [ 13.6331949234009, 43.487361907958999 ], [ 13.6331949234009, 43.487083435058601 ], [ 13.6334733963013, 43.487083435058601 ], [ 13.6334733963013, 43.486526489257798 ], [ 13.6337490081788, 43.486526489257798 ], [ 13.6337490081788, 43.486251831054801 ], [ 13.6340265274047, 43.486251831054801 ], [ 13.6340265274047, 43.485973358154403 ], [ 13.634214401245099, 43.485973358154403 ], [ 13.634305000305099, 43.485973358154403 ], [ 13.634305000305099, 43.485816955566499 ], [ 13.634305000305099, 43.485416412353601 ], [ 13.6345615386963, 43.485416412353601 ], [ 13.6345834732057, 43.485137939453203 ], [ 13.634737968444901, 43.485137939453203 ], [ 13.6348609924316, 43.485137939453203 ], [ 13.6348609924316, 43.484939575195398 ], [ 13.6348609924316, 43.484584808349702 ], [ 13.635139465331999, 43.484584808349702 ], [ 13.635139465331999, 43.484493255615199 ], [ 13.635139465331999, 43.483749389648501 ], [ 13.635416984558001, 43.483749389648501 ], [ 13.635416984558001, 43.483470916748203 ], [ 13.6356954574584, 43.483470916748203 ], [ 13.6356954574584, 43.483196258544901 ], [ 13.6359500885009, 43.483196258544901 ], [ 13.636248588562101, 43.483196258544901 ], [ 13.636248588562101, 43.482715606689602 ], [ 13.636248588562101, 43.4823608398438 ], [ 13.636379241943301, 43.4823608398438 ], [ 13.6368045806885, 43.4823608398438 ], [ 13.6368045806885, 43.481529235839801 ], [ 13.637083053588899, 43.481529235839801 ], [ 13.637083053588899, 43.481250762939503 ], [ 13.637360572815, 43.481250762939503 ], [ 13.637360572815, 43.480972290039098 ], [ 13.6376390457154, 43.480972290039098 ], [ 13.6376390457154, 43.480415344238303 ], [ 13.6379165649415, 43.480415344238303 ], [ 13.6379165649415, 43.480140686035298 ], [ 13.6384725570679, 43.480140686035298 ], [ 13.6384725570679, 43.478748321533303 ], [ 13.6387491226197, 43.478748321533303 ], [ 13.6387491226197, 43.477916717529297 ], [ 13.639582633972299, 43.477916717529297 ], [ 13.639582633972299, 43.477638244628999 ], [ 13.6401395797731, 43.477638244628999 ], [ 13.6401395797731, 43.477359771728601 ], [ 13.6404180526735, 43.477359771728601 ], [ 13.6404180526735, 43.477085113525398 ], [ 13.640695571899499, 43.477085113525398 ], [ 13.640695571899499, 43.476528167724602 ], [ 13.6409711837769, 43.476528167724602 ], [ 13.6409711837769, 43.475971221923899 ], [ 13.641248703002899, 43.475971221923899 ], [ 13.641248703002899, 43.475692749023501 ], [ 13.641528129577599, 43.475692749023501 ], [ 13.641528129577599, 43.475139617919901 ], [ 13.6418056488037, 43.475139617919901 ], [ 13.6418056488037, 43.4749565124512 ], [ 13.6418056488037, 43.473751068115298 ], [ 13.6426401138306, 43.473751068115298 ], [ 13.6426401138306, 43.473194122314602 ], [ 13.6429176330566, 43.473194122314602 ], [ 13.6429176330566, 43.4726371765138 ], [ 13.6431941986085, 43.4726371765138 ], [ 13.6431941986085, 43.472362518310597 ], [ 13.643471717834499, 43.472362518310597 ], [ 13.643471717834499, 43.472084045410199 ], [ 13.643750190734901, 43.472084045410199 ], [ 13.643750190734901, 43.471805572509801 ], [ 13.644027709961, 43.471805572509801 ], [ 13.644027709961, 43.471527099609403 ], [ 13.644306182861399, 43.471527099609403 ], [ 13.644306182861399, 43.470973968505902 ], [ 13.6445837020875, 43.470973968505902 ], [ 13.6445837020875, 43.470138549804702 ], [ 13.6448621749878, 43.470138549804702 ], [ 13.6448621749878, 43.46875 ], [ 13.6451377868653, 43.46875 ], [ 13.6451377868653, 43.468193054199197 ], [ 13.6454162597657, 43.468193054199197 ], [ 13.6454162597657, 43.467639923095803 ], [ 13.6456937789918, 43.467639923095803 ], [ 13.6456937789918, 43.467082977295 ], [ 13.6459722518922, 43.467082977295 ], [ 13.6459722518922, 43.466804504394602 ], [ 13.6462497711181, 43.466804504394602 ], [ 13.6462497711181, 43.466526031494297 ], [ 13.6465282440187, 43.466526031494297 ], [ 13.6465282440187, 43.466251373291101 ], [ 13.6468057632446, 43.466251373291101 ], [ 13.6468057632446, 43.465972900390703 ], [ 13.647084236145, 43.465972900390703 ], [ 13.647084236145, 43.465415954589901 ], [ 13.6473598480225, 43.465415954589901 ], [ 13.6473598480225, 43.4648628234863 ], [ 13.647640228271401, 43.4648628234863 ], [ 13.647640228271401, 43.464027404785199 ], [ 13.647915840148899, 43.464027404785199 ], [ 13.647915840148899, 43.463748931884801 ], [ 13.6484718322754, 43.463748931884801 ], [ 13.6484718322754, 43.462917327881001 ], [ 13.6490278244019, 43.462917327881001 ], [ 13.6490278244019, 43.46236038208 ], [ 13.6493062973022, 43.46236038208 ], [ 13.6493062973022, 43.461807250976598 ], [ 13.6495819091797, 43.461807250976598 ], [ 13.6495819091797, 43.4615287780762 ], [ 13.6498622894288, 43.4615287780762 ], [ 13.6498622894288, 43.460971832275497 ], [ 13.6501379013063, 43.460971832275497 ], [ 13.6501379013063, 43.460693359375099 ], [ 13.6504163742066, 43.460693359375099 ], [ 13.6504163742066, 43.460140228271499 ], [ 13.650693893432701, 43.460140228271499 ], [ 13.650693893432701, 43.459503173828203 ], [ 13.650693893432701, 43.458751678466797 ], [ 13.6509723663331, 43.458751678466797 ], [ 13.6509723663331, 43.458194732666001 ], [ 13.651249885559199, 43.458194732666001 ], [ 13.651249885559199, 43.457637786865199 ], [ 13.651528358459601, 43.457637786865199 ], [ 13.651528358459601, 43.457084655761797 ], [ 13.6518058776857, 43.457084655761797 ], [ 13.6518058776857, 43.456527709961001 ], [ 13.652084350586099, 43.456527709961001 ], [ 13.652084350586099, 43.455970764160099 ], [ 13.6523599624634, 43.455970764160099 ], [ 13.6523599624634, 43.455417633056697 ], [ 13.6526384353638, 43.455417633056697 ], [ 13.6526384353638, 43.4551391601563 ], [ 13.652915954589799, 43.4551391601563 ], [ 13.652915954589799, 43.454860687256001 ], [ 13.653194427490201, 43.454860687256001 ], [ 13.653194427490201, 43.454303741455199 ], [ 13.6534719467163, 43.454303741455199 ], [ 13.6534719467163, 43.453750610351598 ], [ 13.653751373291, 43.453750610351598 ], [ 13.653751373291, 43.453193664550803 ], [ 13.654028892517101, 43.453193664550803 ], [ 13.654028892517101, 43.452915191650398 ], [ 13.6543035507203, 43.452915191650398 ], [ 13.6543035507203, 43.452362060546903 ], [ 13.6545820236207, 43.452362060546903 ], [ 13.6545820236207, 43.452083587646499 ], [ 13.654859542846699, 43.452083587646499 ], [ 13.654859542846699, 43.451805114746101 ], [ 13.655138969421399, 43.451805114746101 ], [ 13.655138969421399, 43.451526641845703 ], [ 13.6554174423218, 43.451526641845703 ], [ 13.6554174423218, 43.450695037841903 ], [ 13.6556949615479, 43.450695037841903 ], [ 13.6556949615479, 43.450416564941499 ], [ 13.655973434448301, 43.450416564941499 ], [ 13.655973434448301, 43.450138092041101 ], [ 13.6562509536744, 43.450138092041101 ], [ 13.6562509536744, 43.449859619140597 ], [ 13.6565265655519, 43.449859619140597 ], [ 13.6565265655519, 43.449306488037202 ], [ 13.656806945800801, 43.449306488037202 ], [ 13.656806945800801, 43.449028015136797 ], [ 13.657082557678301, 43.449028015136797 ], [ 13.657082557678301, 43.448749542236399 ], [ 13.6573610305787, 43.448749542236399 ], [ 13.6573610305787, 43.446804046630902 ], [ 13.657638549804799, 43.446804046630902 ], [ 13.657638549804799, 43.445972442627003 ], [ 13.657917022705201, 43.445972442627003 ], [ 13.657917022705201, 43.4454154968262 ], [ 13.658194541931101, 43.4454154968262 ], [ 13.658194541931101, 43.444862365722798 ], [ 13.658473014831699, 43.444862365722798 ], [ 13.658473014831699, 43.444026947021598 ], [ 13.658748626709, 43.444026947021598 ], [ 13.658748626709, 43.443473815917997 ], [ 13.659029006958001, 43.443473815917997 ], [ 13.659029006958001, 43.442638397216903 ], [ 13.659304618835399, 43.442638397216903 ], [ 13.659304618835399, 43.442359924316499 ], [ 13.659583091735801, 43.442359924316499 ], [ 13.659583091735801, 43.442081451416101 ], [ 13.6598606109619, 43.442081451416101 ], [ 13.6598606109619, 43.441806793212898 ], [ 13.660139083862299, 43.441806793212898 ], [ 13.660139083862299, 43.4415283203125 ], [ 13.6604166030884, 43.4415283203125 ], [ 13.6604166030884, 43.441249847412102 ], [ 13.6606950759888, 43.441249847412102 ], [ 13.6606950759888, 43.440971374511797 ], [ 13.660972595214901, 43.440971374511797 ], [ 13.660972595214901, 43.440692901611399 ], [ 13.661251068115201, 43.440692901611399 ], [ 13.661251068115201, 43.440418243408097 ], [ 13.661526679992701, 43.440418243408097 ], [ 13.661526679992701, 43.440139770507798 ], [ 13.6618051528931, 43.440139770507798 ], [ 13.6618051528931, 43.439861297607401 ], [ 13.6620826721193, 43.439861297607401 ], [ 13.6620826721193, 43.439582824707003 ], [ 13.662361145019601, 43.439582824707003 ], [ 13.662361145019601, 43.439304351806598 ], [ 13.6626386642457, 43.439304351806598 ], [ 13.6626386642457, 43.4390258789062 ], [ 13.662917137146099, 43.4390258789062 ], [ 13.662917137146099, 43.438751220703203 ], [ 13.6634712219238, 43.438751220703203 ], [ 13.6634712219238, 43.4381942749025 ], [ 13.663748741149901, 43.4381942749025 ], [ 13.663748741149901, 43.437637329101698 ], [ 13.664027214050201, 43.437637329101698 ], [ 13.664027214050201, 43.437362670898501 ], [ 13.664304733276399, 43.437362670898501 ], [ 13.664304733276399, 43.437084197998097 ], [ 13.6645832061768, 43.437084197998097 ], [ 13.6645832061768, 43.436805725097699 ], [ 13.6648607254028, 43.436805725097699 ], [ 13.6648607254028, 43.4359741210938 ], [ 13.665693283081101, 43.435970306396499 ], [ 13.665693283081101, 43.434581756591797 ], [ 13.6659708023072, 43.434581756591797 ], [ 13.6659708023072, 43.4343070983888 ], [ 13.666249275207599, 43.4343070983888 ], [ 13.666249275207599, 43.434028625488203 ], [ 13.6665267944337, 43.434028625488203 ], [ 13.6665267944337, 43.433193206787102 ], [ 13.666805267334, 43.433193206787102 ], [ 13.666805267334, 43.4318046569825 ], [ 13.667082786560099, 43.4318046569825 ], [ 13.667082786560099, 43.431251525878999 ], [ 13.667362213134799, 43.431251525878999 ], [ 13.667362213134799, 43.430973052978601 ], [ 13.6679153442384, 43.430973052978601 ], [ 13.6679153442384, 43.430694580078203 ], [ 13.668195724487401, 43.430694580078203 ], [ 13.668195724487401, 43.430137634277401 ], [ 13.668471336364901, 43.430137634277401 ], [ 13.668471336364901, 43.428470611572301 ], [ 13.6687498092653, 43.428470611572301 ], [ 13.6687498092653, 43.428195953369297 ], [ 13.669305801391699, 43.428195953369297 ], [ 13.669305801391699, 43.427360534667898 ], [ 13.669584274292101, 43.427360534667898 ], [ 13.669584274292101, 43.426837921142699 ], [ 13.670140266418599, 43.426807403564503 ], [ 13.670140266418599, 43.426528930664098 ], [ 13.6698617935182, 43.426528930664098 ], [ 13.6698617935182, 43.4262504577638 ], [ 13.6700992584228, 43.4262504577638 ], [ 13.670140266418599, 43.425971984863402 ], [ 13.670417785644601, 43.425971984863402 ], [ 13.670417785644601, 43.425880432128899 ], [ 13.670417785644601, 43.424861907958999 ], [ 13.670140266418599, 43.424861907958999 ], [ 13.670140266418599, 43.424304962158303 ], [ 13.6706943511963, 43.424304962158303 ], [ 13.6706943511963, 43.422637939453097 ], [ 13.670971870422401, 43.422637939453097 ], [ 13.670971870422401, 43.421527862548899 ], [ 13.6712503433228, 43.421527862548899 ], [ 13.6712503433228, 43.421249389648402 ], [ 13.6715278625488, 43.421249389648402 ], [ 13.6715278625488, 43.420970916747997 ], [ 13.671806335449199, 43.420970916747997 ], [ 13.671806335449199, 43.420696258545 ], [ 13.6720838546753, 43.420696258545 ], [ 13.6720838546753, 43.420417785644602 ], [ 13.6723623275757, 43.420417785644602 ], [ 13.6723623275757, 43.419860839843899 ], [ 13.6726398468018, 43.419860839843899 ], [ 13.6726398468018, 43.419303894043097 ], [ 13.672916412353599, 43.419303894043097 ], [ 13.672916412353599, 43.419029235839801 ], [ 13.673193931579601, 43.419029235839801 ], [ 13.673193931579601, 43.418750762939503 ], [ 13.67347240448, 43.418750762939503 ], [ 13.67347240448, 43.417915344238303 ], [ 13.673749923706101, 43.417915344238303 ], [ 13.673749923706101, 43.417640686035199 ], [ 13.6740283966065, 43.417640686035199 ], [ 13.6740283966065, 43.417083740234403 ], [ 13.674305915832599, 43.417083740234403 ], [ 13.674305915832599, 43.416248321533203 ], [ 13.674584388733001, 43.416248321533203 ], [ 13.674584388733001, 43.415695190429801 ], [ 13.6748600006103, 43.415695190429801 ], [ 13.6748600006103, 43.414859771728501 ], [ 13.6751384735109, 43.414859771728501 ], [ 13.6751384735109, 43.414306640625099 ], [ 13.6754159927368, 43.414306640625099 ], [ 13.6754159927368, 43.413471221923899 ], [ 13.6756944656372, 43.413471221923899 ], [ 13.6756944656372, 43.412361145019602 ], [ 13.6759719848632, 43.412361145019602 ], [ 13.6759719848632, 43.411529541015597 ], [ 13.676250457763601, 43.411529541015597 ], [ 13.676250457763601, 43.410694122314503 ], [ 13.6765279769897, 43.410694122314503 ], [ 13.6765279769897, 43.409584045410298 ], [ 13.676806449890099, 43.409584045410298 ], [ 13.676806449890099, 43.409027099609503 ], [ 13.677082061767599, 43.409027099609503 ], [ 13.677082061767599, 43.408748626709098 ], [ 13.6773624420166, 43.408748626709098 ], [ 13.6773624420166, 43.408473968505902 ], [ 13.6776380538941, 43.408473968505902 ], [ 13.6776380538941, 43.408195495605497 ], [ 13.677915573120201, 43.408195495605497 ], [ 13.677915573120201, 43.407917022705099 ], [ 13.6781940460206, 43.407917022705099 ], [ 13.6781940460206, 43.407638549804702 ], [ 13.677915573120201, 43.407638549804702 ], [ 13.677915573120201, 43.406806945800803 ], [ 13.6781940460206, 43.406806945800803 ], [ 13.6781940460206, 43.406528472900398 ], [ 13.6784715652466, 43.406528472900398 ], [ 13.6784715652466, 43.405971527099702 ], [ 13.678750038146999, 43.405971527099702 ], [ 13.678750038146999, 43.405513763427699 ], [ 13.678750038146999, 43.405418395996001 ], [ 13.6790275573731, 43.405418395996001 ], [ 13.6790275573731, 43.404582977294901 ], [ 13.679304122924901, 43.404582977294901 ], [ 13.6793060302735, 43.404304504394503 ], [ 13.6795854568481, 43.404304504394503 ], [ 13.6795854568481, 43.404026031494098 ], [ 13.679860115051399, 43.404026031494098 ], [ 13.679860115051399, 43.403194427490298 ], [ 13.6801376342775, 43.403194427490298 ], [ 13.6801376342775, 43.40291595459 ], [ 13.6804161071778, 43.40291595459 ], [ 13.6804161071778, 43.401805877685597 ], [ 13.680693626403899, 43.401805877685597 ], [ 13.680693626403899, 43.401527404785199 ], [ 13.680973052978599, 43.401527404785199 ], [ 13.680973052978599, 43.400970458984403 ], [ 13.6812505722047, 43.400970458984403 ], [ 13.6812505722047, 43.4006958007812 ], [ 13.681529045105099, 43.4006958007812 ], [ 13.681529045105099, 43.400138854980497 ], [ 13.6818065643312, 43.400138854980497 ], [ 13.6818065643312, 43.399307250976698 ], [ 13.6820821762085, 43.399307250976698 ], [ 13.6820821762085, 43.398471832275398 ], [ 13.682360649108899, 43.398471832275398 ], [ 13.682360649108899, 43.397914886474602 ], [ 13.6826391220093, 43.397914886474602 ], [ 13.6826391220093, 43.3973617553712 ], [ 13.6829166412353, 43.3973617553712 ], [ 13.6829166412353, 43.396804809570398 ], [ 13.6831951141357, 43.396804809570398 ], [ 13.6831951141357, 43.395973205566499 ], [ 13.6834726333618, 43.395973205566499 ], [ 13.6834726333618, 43.395416259765703 ], [ 13.6837511062622, 43.395416259765703 ], [ 13.6837511062622, 43.394584655761697 ], [ 13.6840267181397, 43.394584655761697 ], [ 13.6840267181397, 43.3943061828613 ], [ 13.684305191040099, 43.3943061828613 ], [ 13.684305191040099, 43.393470764160199 ], [ 13.6845827102662, 43.393470764160199 ], [ 13.6845827102662, 43.391803741455099 ], [ 13.6848611831666, 43.391803741455099 ], [ 13.6848611831666, 43.391529083252003 ], [ 13.685138702392599, 43.391529083252003 ], [ 13.685138702392599, 43.391250610351698 ], [ 13.685417175293001, 43.391250610351698 ], [ 13.685417175293001, 43.390693664550902 ], [ 13.6856946945191, 43.390693664550902 ], [ 13.6856946945191, 43.390140533447301 ], [ 13.685973167419499, 43.390140533447301 ], [ 13.685973167419499, 43.389026641845803 ], [ 13.686248779296999, 43.389026641845803 ], [ 13.686248779296999, 43.388473510742202 ], [ 13.686529159546, 43.388473510742202 ], [ 13.686529159546, 43.388195037841797 ], [ 13.686804771423301, 43.388195037841797 ], [ 13.686804771423301, 43.386806488037202 ], [ 13.6870832443238, 43.386806488037202 ], [ 13.6870832443238, 43.386528015136797 ], [ 13.6873607635497, 43.386528015136797 ], [ 13.6873607635497, 43.385971069335902 ], [ 13.687639236450099, 43.385971069335902 ], [ 13.687639236450099, 43.385139465332102 ], [ 13.6879167556762, 43.385139465332102 ], [ 13.6879167556762, 43.384582519531399 ], [ 13.6881952285766, 43.384582519531399 ], [ 13.6881952285766, 43.383750915527401 ], [ 13.6884708404541, 43.383750915527401 ], [ 13.6884708404541, 43.382362365722699 ], [ 13.6890268325806, 43.382362365722699 ], [ 13.6890268325806, 43.380973815918097 ], [ 13.689305305481, 43.380973815918097 ], [ 13.689305305481, 43.380695343017699 ], [ 13.689582824707101, 43.380695343017699 ], [ 13.689582824707101, 43.3798599243163 ], [ 13.689861297607401, 43.3798599243163 ], [ 13.689861297607401, 43.379028320312599 ], [ 13.690138816833599, 43.379028320312599 ], [ 13.690138816833599, 43.377918243408203 ], [ 13.690417289733899, 43.377918243408203 ], [ 13.690417289733899, 43.377639770507798 ], [ 13.69069480896, 43.377639770507798 ], [ 13.69069480896, 43.377082824707102 ], [ 13.6909732818604, 43.377082824707102 ], [ 13.6909732818604, 43.376804351806697 ], [ 13.6912488937379, 43.376804351806697 ], [ 13.6912488937379, 43.375972747802699 ], [ 13.691527366638301, 43.375972747802699 ], [ 13.691527366638301, 43.374862670898601 ], [ 13.6918048858644, 43.374862670898601 ], [ 13.6918048858644, 43.374584197998203 ], [ 13.692083358764799, 43.374584197998203 ], [ 13.692083358764799, 43.374027252197401 ], [ 13.692360877990801, 43.374027252197401 ], [ 13.692360877990801, 43.3734741210938 ], [ 13.6926393508912, 43.373470306396399 ], [ 13.6926393508912, 43.373195648193402 ], [ 13.692916870117299, 43.373195648193402 ], [ 13.692916870117299, 43.372917175292997 ], [ 13.693193435668899, 43.372917175292997 ], [ 13.693193435668899, 43.372360229492202 ], [ 13.693470954895, 43.372360229492202 ], [ 13.693470954895, 43.3718070983887 ], [ 13.693749427795399, 43.3718070983887 ], [ 13.693749427795399, 43.371250152587898 ], [ 13.6940269470215, 43.371250152587898 ], [ 13.6940269470215, 43.370971679687599 ], [ 13.6943054199219, 43.370971679687599 ], [ 13.6943054199219, 43.369861602783203 ], [ 13.694583892822299, 43.369861602783203 ], [ 13.694583892822299, 43.369304656982401 ], [ 13.694862365722701, 43.369304656982401 ], [ 13.694862365722701, 43.368751525878999 ], [ 13.6951398849487, 43.368751525878999 ], [ 13.6951398849487, 43.368194580078203 ], [ 13.6954145431519, 43.368194580078203 ], [ 13.6954145431519, 43.367362976074297 ], [ 13.695693016052299, 43.367362976074297 ], [ 13.695693016052299, 43.366806030273501 ], [ 13.695972442626999, 43.366806030273501 ], [ 13.695972442626999, 43.366249084472699 ], [ 13.6962499618531, 43.366249084472699 ], [ 13.6962499618531, 43.365970611572301 ], [ 13.6965284347535, 43.365970611572301 ], [ 13.6965284347535, 43.365695953369098 ], [ 13.6962499618531, 43.365695953369098 ], [ 13.6962499618531, 43.3654174804688 ], [ 13.6965284347535, 43.3654174804688 ], [ 13.6965284347535, 43.364582061767599 ], [ 13.696805953979499, 43.364582061767599 ], [ 13.696805953979499, 43.364307403564602 ], [ 13.697084426879901, 43.364307403564602 ], [ 13.697084426879901, 43.364143371582102 ], [ 13.697084426879901, 43.363750457763601 ], [ 13.697361946106, 43.363750457763601 ], [ 13.697361946106, 43.363193511962898 ], [ 13.6976375579835, 43.363193511962898 ], [ 13.6976375579835, 43.362640380859503 ], [ 13.6979179382325, 43.362640380859503 ], [ 13.6979179382325, 43.362361907959098 ], [ 13.69819355011, 43.362361907959098 ], [ 13.69819355011, 43.361526489257898 ], [ 13.6984720230104, 43.361526489257898 ], [ 13.6984720230104, 43.360973358154403 ], [ 13.6987495422363, 43.360973358154403 ], [ 13.6987495422363, 43.360137939453203 ], [ 13.6990280151368, 43.360137939453203 ], [ 13.6990280151368, 43.359306335449197 ], [ 13.699305534362701, 43.359306335449197 ], [ 13.699305534362701, 43.358749389648402 ], [ 13.6995840072631, 43.358749389648402 ], [ 13.6995840072631, 43.358470916747997 ], [ 13.699861526489199, 43.358470916747997 ], [ 13.699861526489199, 43.357917785644602 ], [ 13.7001399993896, 43.357917785644602 ], [ 13.7001399993896, 43.3573608398437 ], [ 13.700415611267101, 43.3573608398437 ], [ 13.700415611267101, 43.356803894042997 ], [ 13.7006940841675, 43.356803894042997 ], [ 13.7006940841675, 43.356250762939602 ], [ 13.700971603393601, 43.356250762939602 ], [ 13.700971603393601, 43.355415344238402 ], [ 13.701250076293899, 43.355415344238402 ], [ 13.701250076293899, 43.3540267944337 ], [ 13.701527595520099, 43.3540267944337 ], [ 13.701527595520099, 43.353748321533303 ], [ 13.7020835876465, 43.353748321533303 ], [ 13.7020835876465, 43.353473663330099 ], [ 13.701806068420399, 43.353473663330099 ], [ 13.701806068420399, 43.353195190429702 ], [ 13.7020835876465, 43.353195190429702 ], [ 13.7020835876465, 43.352359771728501 ], [ 13.7023620605469, 43.352359771728501 ], [ 13.7023620605469, 43.351806640625099 ], [ 13.7026376724244, 43.351806640625099 ], [ 13.7026376724244, 43.351249694824197 ], [ 13.702916145324799, 43.351249694824197 ], [ 13.702916145324799, 43.350692749023402 ], [ 13.7031936645509, 43.350692749023402 ], [ 13.7031936645509, 43.350418090820398 ], [ 13.7034721374513, 43.350418090820398 ], [ 13.7034721374513, 43.35013961792 ], [ 13.703749656677401, 43.35013961792 ], [ 13.703749656677401, 43.349754333496101 ], [ 13.703749656677401, 43.349029541015597 ], [ 13.7040281295778, 43.349029541015597 ], [ 13.7040281295778, 43.348194122314503 ], [ 13.7043056488038, 43.348194122314503 ], [ 13.7043056488038, 43.347362518310497 ], [ 13.7048597335815, 43.347362518310497 ], [ 13.7048597335815, 43.347084045410099 ], [ 13.7051382064819, 43.347084045410099 ], [ 13.7051382064819, 43.345973968506001 ], [ 13.705415725708001, 43.345973968506001 ], [ 13.705415725708001, 43.345417022705199 ], [ 13.7056941986084, 43.345417022705199 ], [ 13.7056941986084, 43.344860076904197 ], [ 13.705971717834499, 43.344860076904197 ], [ 13.705971717834499, 43.3445816040038 ], [ 13.706250190734901, 43.3445816040038 ], [ 13.706250190734901, 43.344306945800803 ], [ 13.7065277099609, 43.344306945800803 ], [ 13.7065277099609, 43.344028472900398 ], [ 13.7068042755128, 43.344028472900398 ], [ 13.7068042755128, 43.343471527099702 ], [ 13.707084655761699, 43.343471527099702 ], [ 13.707084655761699, 43.342361450195398 ], [ 13.707360267639199, 43.342361450195398 ], [ 13.707360267639199, 43.341526031494197 ], [ 13.7076377868653, 43.341526031494197 ], [ 13.7076377868653, 43.341251373291001 ], [ 13.7079162597657, 43.341251373291001 ], [ 13.7079162597657, 43.340972900390597 ], [ 13.708194732666099, 43.340972900390597 ], [ 13.708194732666099, 43.340415954589801 ], [ 13.7084732055665, 43.340415954589801 ], [ 13.7084732055665, 43.339862823486399 ], [ 13.7087507247925, 43.339862823486399 ], [ 13.7087507247925, 43.339305877685703 ], [ 13.70902633667, 43.339305877685703 ], [ 13.7090291976929, 43.339027404785298 ], [ 13.709306716919, 43.339027404785298 ], [ 13.709306716919, 43.338470458984297 ], [ 13.709583282470801, 43.338470458984297 ], [ 13.709583282470801, 43.3381958007813 ], [ 13.7098608016969, 43.3381958007813 ], [ 13.7098608016969, 43.337638854980497 ], [ 13.710139274597299, 43.337638854980497 ], [ 13.710139274597299, 43.337081909179801 ], [ 13.7104167938234, 43.337081909179801 ], [ 13.7104167938234, 43.3365287780762 ], [ 13.7106952667237, 43.3365287780762 ], [ 13.7106952667237, 43.335971832275398 ], [ 13.710972785949799, 43.335971832275398 ], [ 13.710972785949799, 43.335693359375099 ], [ 13.711251258850201, 43.335693359375099 ], [ 13.711251258850201, 43.335140228271399 ], [ 13.711528778076101, 43.335140228271399 ], [ 13.711528778076101, 43.334583282470703 ], [ 13.711805343627899, 43.334583282470703 ], [ 13.711805343627899, 43.334026336669901 ], [ 13.712082862854, 43.334026336669901 ], [ 13.712082862854, 43.333751678466903 ], [ 13.7123613357544, 43.333751678466903 ], [ 13.7123613357544, 43.333194732666101 ], [ 13.712638854980501, 43.333194732666101 ], [ 13.712638854980501, 43.332637786865298 ], [ 13.7129173278809, 43.332637786865298 ], [ 13.7129173278809, 43.332084655761797 ], [ 13.7131948471069, 43.332084655761797 ], [ 13.7131948471069, 43.331527709961001 ], [ 13.713473320007299, 43.331527709961001 ], [ 13.713473320007299, 43.331249237060597 ], [ 13.713748931884799, 43.331249237060597 ], [ 13.713748931884799, 43.330696105957003 ], [ 13.714027404785201, 43.330696105957003 ], [ 13.714027404785201, 43.3301391601562 ], [ 13.7143049240113, 43.3301391601562 ], [ 13.7143049240113, 43.329860687255902 ], [ 13.714583396911699, 43.329860687255902 ], [ 13.714583396911699, 43.329303741455099 ], [ 13.7148609161378, 43.329303741455099 ], [ 13.7148609161378, 43.329029083251903 ], [ 13.7151393890381, 43.329029083251903 ], [ 13.7151393890381, 43.3284721374512 ], [ 13.7154169082643, 43.3284721374512 ], [ 13.7154169082643, 43.327915191650398 ], [ 13.715695381164601, 43.327915191650398 ], [ 13.715695381164601, 43.327640533447401 ], [ 13.7159709930419, 43.327640533447401 ], [ 13.7159709930419, 43.327083587646598 ], [ 13.716251373291099, 43.327083587646598 ], [ 13.716251373291099, 43.3268051147462 ], [ 13.7165269851684, 43.3268051147462 ], [ 13.7165269851684, 43.326248168945398 ], [ 13.7168054580688, 43.326248168945398 ], [ 13.7168054580688, 43.325695037841797 ], [ 13.717082977294901, 43.325695037841797 ], [ 13.717082977294901, 43.325416564941499 ], [ 13.7173614501953, 43.325416564941499 ], [ 13.7173614501953, 43.324859619140703 ], [ 13.717638969421399, 43.324859619140703 ], [ 13.717638969421399, 43.3245849609375 ], [ 13.7179174423218, 43.3245849609375 ], [ 13.7179174423218, 43.324028015136697 ], [ 13.7181930541993, 43.324028015136697 ], [ 13.7181930541993, 43.323471069335902 ], [ 13.7184734344482, 43.323471069335902 ], [ 13.7184734344482, 43.323192596435597 ], [ 13.7187490463257, 43.323192596435597 ], [ 13.7187490463257, 43.3229179382325 ], [ 13.7190265655518, 43.3229179382325 ], [ 13.7190265655518, 43.322360992431598 ], [ 13.7193050384522, 43.322360992431598 ], [ 13.7193050384522, 43.3220825195312 ], [ 13.719582557678301, 43.3220825195312 ], [ 13.719582557678301, 43.321804046630902 ], [ 13.7198610305787, 43.321804046630902 ], [ 13.7198610305787, 43.321529388427798 ], [ 13.7201385498047, 43.321529388427798 ], [ 13.7201385498047, 43.3212509155275 ], [ 13.720417976379499, 43.3212509155275 ], [ 13.720417976379499, 43.320693969726698 ], [ 13.720696449279799, 43.320693969726698 ], [ 13.720696449279799, 43.3204154968263 ], [ 13.720971107483001, 43.3204154968263 ], [ 13.720971107483001, 43.320137023925902 ], [ 13.7212486267091, 43.320137023925902 ], [ 13.7212486267091, 43.319862365722699 ], [ 13.721527099609499, 43.319862365722699 ], [ 13.721527099609499, 43.319305419921903 ], [ 13.721805572509901, 43.319305419921903 ], [ 13.721805572509901, 43.319026947021499 ], [ 13.7220840454103, 43.319026947021499 ], [ 13.7220840454103, 43.3187484741212 ], [ 13.7223615646363, 43.3187484741212 ], [ 13.7223615646363, 43.318473815917997 ], [ 13.722640037536699, 43.318473815917997 ], [ 13.722640037536699, 43.317916870117202 ], [ 13.7229175567628, 43.317916870117202 ], [ 13.7229175567628, 43.317638397216797 ], [ 13.723194122314499, 43.317638397216797 ], [ 13.723194122314499, 43.317359924316399 ], [ 13.723471641540501, 43.317359924316399 ], [ 13.723471641540501, 43.317081451416001 ], [ 13.7237501144409, 43.317081451416001 ], [ 13.7237501144409, 43.316806793212997 ], [ 13.724027633666999, 43.316806793212997 ], [ 13.724027633666999, 43.316249847412102 ], [ 13.724306106567401, 43.316249847412102 ], [ 13.724306106567401, 43.315971374511697 ], [ 13.7245836257935, 43.315971374511697 ], [ 13.7245836257935, 43.3156929016113 ], [ 13.7248620986938, 43.3156929016113 ], [ 13.7248620986938, 43.315418243408303 ], [ 13.7251377105713, 43.315418243408303 ], [ 13.7251377105713, 43.315139770507898 ], [ 13.725416183471699, 43.315139770507898 ], [ 13.7254180908203, 43.3148612976075 ], [ 13.7259721755982, 43.3148612976075 ], [ 13.7259721755982, 43.314582824707102 ], [ 13.7262496948243, 43.314582824707102 ], [ 13.7262496948243, 43.314304351806797 ], [ 13.7265281677247, 43.314304351806797 ], [ 13.7265281677247, 43.314208984375099 ], [ 13.7265281677247, 43.314025878906399 ], [ 13.726675987243601, 43.314025878906399 ], [ 13.7268056869507, 43.314025878906399 ], [ 13.7268056869507, 43.313854217529403 ], [ 13.7268056869507, 43.313751220703203 ], [ 13.727084159851101, 43.313751220703203 ], [ 13.727084159851101, 43.313491821288999 ], [ 13.727640151977599, 43.313472747802798 ], [ 13.727640151977599, 43.313194274902401 ], [ 13.7281942367553, 43.313194274902401 ], [ 13.7281942367553, 43.312915802002003 ], [ 13.7287502288818, 43.312915802002003 ], [ 13.7287502288818, 43.313194274902401 ], [ 13.729027748107899, 43.313194274902401 ], [ 13.729027748107899, 43.314025878906399 ], [ 13.7293062210082, 43.314025878906399 ], [ 13.7293062210082, 43.314182281494098 ], [ 13.7293062210082, 43.314304351806797 ], [ 13.7309722900391, 43.314304351806797 ], [ 13.7309722900391, 43.314582824707102 ], [ 13.7315282821656, 43.314582824707102 ], [ 13.7315282821656, 43.3148612976075 ], [ 13.732084274291999, 43.3148612976075 ], [ 13.732084274291999, 43.314582824707102 ], [ 13.732638359069901, 43.314582824707102 ], [ 13.732638359069901, 43.314025878906399 ], [ 13.732915878296, 43.314025878906399 ], [ 13.732915878296, 43.313194274902401 ], [ 13.732638359069901, 43.313194274902401 ], [ 13.732638359069901, 43.312915802002003 ], [ 13.732359886169499, 43.312915802002003 ], [ 13.732359886169499, 43.312637329101598 ], [ 13.732084274291999, 43.312637329101598 ], [ 13.732084274291999, 43.312915802002003 ], [ 13.7315282821656, 43.312915802002003 ], [ 13.7315282821656, 43.313194274902401 ], [ 13.7306938171387, 43.313194274902401 ], [ 13.7306938171387, 43.313026428222699 ], [ 13.7306938171387, 43.312637329101598 ], [ 13.730416297912599, 43.312637329101598 ], [ 13.730416297912599, 43.312084197997997 ], [ 13.7315282821656, 43.312084197997997 ], [ 13.7315282821656, 43.311805725097699 ], [ 13.731805801391699, 43.311805725097699 ], [ 13.731805801391699, 43.311527252197301 ], [ 13.7323274612428, 43.311527252197301 ], [ 13.732359886169499, 43.311248779296903 ], [ 13.7326202392578, 43.311248779296903 ], [ 13.733194351196399, 43.311248779296903 ], [ 13.733194351196399, 43.310974121093899 ], [ 13.7337503433229, 43.310974121093899 ], [ 13.7337503433229, 43.311248779296903 ], [ 13.7343044281006, 43.311248779296903 ], [ 13.7343044281006, 43.311527252197301 ], [ 13.734860420227101, 43.311527252197301 ], [ 13.734860420227101, 43.312084197997997 ], [ 13.7343044281006, 43.312084197997997 ], [ 13.7343044281006, 43.312362670898402 ], [ 13.7337503433229, 43.312362670898402 ], [ 13.7337503433229, 43.312637329101598 ], [ 13.734028816223301, 43.312637329101598 ], [ 13.734028816223301, 43.314025878906399 ], [ 13.7343044281006, 43.314025878906399 ], [ 13.7343044281006, 43.314582824707102 ], [ 13.734581947326699, 43.314582824707102 ], [ 13.734581947326699, 43.315139770507898 ], [ 13.734860420227101, 43.315139770507898 ], [ 13.734860420227101, 43.3156929016113 ], [ 13.7351379394531, 43.3156929016113 ], [ 13.7351379394531, 43.315971374511697 ], [ 13.735694885253899, 43.315971374511697 ], [ 13.735694885253899, 43.3156929016113 ], [ 13.7359733581543, 43.3156929016113 ], [ 13.7359733581543, 43.315418243408303 ], [ 13.735694885253899, 43.315418243408303 ], [ 13.735694885253899, 43.314582824707102 ], [ 13.7354173660278, 43.314582824707102 ], [ 13.7354173660278, 43.312362670898402 ], [ 13.7359733581543, 43.312362670898402 ], [ 13.7359733581543, 43.312084197997997 ], [ 13.7362508773804, 43.312084197997997 ], [ 13.7362508773804, 43.311805725097699 ], [ 13.736525535583599, 43.311805725097699 ], [ 13.736525535583599, 43.311527252197301 ], [ 13.7362508773804, 43.311527252197301 ], [ 13.7362508773804, 43.310974121093899 ], [ 13.7359733581543, 43.310974121093899 ], [ 13.7359733581543, 43.310695648193501 ], [ 13.7354173660278, 43.310695648193501 ], [ 13.7354173660278, 43.3093070983887 ], [ 13.7351379394531, 43.3093070983887 ], [ 13.7351379394531, 43.308864593505902 ], [ 13.7351379394531, 43.307361602783303 ], [ 13.7354173660278, 43.307361602783303 ], [ 13.7354173660278, 43.307083129882898 ], [ 13.735694885253899, 43.307083129882898 ], [ 13.735694885253899, 43.3068046569825 ], [ 13.7362508773804, 43.3068046569825 ], [ 13.7362508773804, 43.307083129882898 ], [ 13.736525535583599, 43.307083129882898 ], [ 13.736525535583599, 43.306251525878899 ], [ 13.7368068695068, 43.306251525878899 ], [ 13.7368068695068, 43.305694580078097 ], [ 13.7370834350587, 43.305694580078097 ], [ 13.7370834350587, 43.305416107177699 ], [ 13.7368068695068, 43.305416107177699 ], [ 13.7368068695068, 43.304584503173899 ], [ 13.7370834350587, 43.304584503173899 ], [ 13.7370834350587, 43.303749084472798 ], [ 13.7373609542847, 43.303749084472798 ], [ 13.7373609542847, 43.303470611572202 ], [ 13.737639427185099, 43.303470611572202 ], [ 13.737639427185099, 43.303195953369197 ], [ 13.738472938537701, 43.303195953369197 ], [ 13.738472938537701, 43.302360534667997 ], [ 13.738748550415201, 43.302360534667997 ], [ 13.738751411438001, 43.302082061767699 ], [ 13.7390289306641, 43.302082061767699 ], [ 13.7390289306641, 43.301807403564503 ], [ 13.739304542541401, 43.301807403564503 ], [ 13.739304542541401, 43.3012504577637 ], [ 13.739583015441999, 43.3012504577637 ], [ 13.739583015441999, 43.300693511962898 ], [ 13.739860534667899, 43.300693511962898 ], [ 13.739860534667899, 43.300415039062599 ], [ 13.740139007568301, 43.300415039062599 ], [ 13.740139007568301, 43.299861907958999 ], [ 13.7404165267944, 43.299861907958999 ], [ 13.7404165267944, 43.299304962158203 ], [ 13.740694999694799, 43.299304962158203 ], [ 13.740694999694799, 43.299026489257798 ], [ 13.740973472595201, 43.299026489257798 ], [ 13.740973472595201, 43.297916412353601 ], [ 13.7412509918212, 43.297916412353601 ], [ 13.7412509918212, 43.297637939453203 ], [ 13.7415266036987, 43.297637939453203 ], [ 13.7415266036987, 43.297084808349702 ], [ 13.7418050765991, 43.297084808349702 ], [ 13.7418050765991, 43.296806335449297 ], [ 13.7420825958253, 43.296806335449297 ], [ 13.7420825958253, 43.296527862548899 ], [ 13.7423610687256, 43.296527862548899 ], [ 13.7423610687256, 43.295696258544901 ], [ 13.742638587951699, 43.295696258544901 ], [ 13.742638587951699, 43.295417785644503 ], [ 13.742917060852101, 43.295417785644503 ], [ 13.742917060852101, 43.295139312744098 ], [ 13.7431945800782, 43.295139312744098 ], [ 13.7431945800782, 43.2948608398438 ], [ 13.743471145629901, 43.2948608398438 ], [ 13.743471145629901, 43.2931938171387 ], [ 13.743748664856099, 43.2931938171387 ], [ 13.743748664856099, 43.292915344238303 ], [ 13.7440271377565, 43.292915344238303 ], [ 13.7440271377565, 43.292640686035298 ], [ 13.7443046569825, 43.292640686035298 ], [ 13.7443046569825, 43.292362213134901 ], [ 13.744860649109, 43.292362213134901 ], [ 13.744860649109, 43.290973663330099 ], [ 13.7451391220094, 43.290973663330099 ], [ 13.7451391220094, 43.290695190429702 ], [ 13.745416641235501, 43.290695190429702 ], [ 13.745416641235501, 43.290138244628999 ], [ 13.7459726333619, 43.290138244628999 ], [ 13.7459726333619, 43.289585113525398 ], [ 13.746249198913601, 43.289585113525398 ], [ 13.746249198913601, 43.289028167724602 ], [ 13.7465267181396, 43.289028167724602 ], [ 13.7465267181396, 43.288749694824197 ], [ 13.74680519104, 43.288749694824197 ], [ 13.74680519104, 43.288192749023501 ], [ 13.7473611831665, 43.288192749023501 ], [ 13.7473611831665, 43.287918090820398 ], [ 13.7476396560669, 43.287918090820398 ], [ 13.7476396560669, 43.287082672119098 ], [ 13.7479152679444, 43.287082672119098 ], [ 13.7479152679444, 43.285972595215 ], [ 13.7481956481934, 43.285972595215 ], [ 13.7481956481934, 43.285694122314602 ], [ 13.7479152679444, 43.285694122314602 ], [ 13.7479152679444, 43.285415649414198 ], [ 13.7481956481934, 43.285415649414198 ], [ 13.7481956481934, 43.2851371765138 ], [ 13.7484712600709, 43.2851371765138 ], [ 13.7484712600709, 43.284305572509801 ], [ 13.7487487792969, 43.284305572509801 ], [ 13.7487487792969, 43.284027099609403 ], [ 13.7490282058716, 43.284027099609403 ], [ 13.7490282058716, 43.283748626708999 ], [ 13.749305725097701, 43.283748626708999 ], [ 13.749305725097701, 43.283473968505902 ], [ 13.749861717224199, 43.283473968505902 ], [ 13.749861717224199, 43.281806945800902 ], [ 13.750140190124601, 43.281806945800902 ], [ 13.750140190124601, 43.281528472900497 ], [ 13.7504177093506, 43.281528472900497 ], [ 13.7504177093506, 43.280971527099602 ], [ 13.7509717941285, 43.280971527099602 ], [ 13.7509717941285, 43.280693054199197 ], [ 13.751250267028899, 43.280693054199197 ], [ 13.751250267028899, 43.279304504394602 ], [ 13.7518062591554, 43.279304504394602 ], [ 13.7518062591554, 43.279026031494297 ], [ 13.7520837783813, 43.279026031494297 ], [ 13.7520837783813, 43.278751373291101 ], [ 13.7523622512819, 43.278751373291101 ], [ 13.7523622512819, 43.277915954589901 ], [ 13.7526397705078, 43.277915954589901 ], [ 13.7526397705078, 43.277637481689503 ], [ 13.752916336059601, 43.277637481689503 ], [ 13.752916336059601, 43.2773628234863 ], [ 13.7531938552856, 43.2773628234863 ], [ 13.7531938552856, 43.276248931884801 ], [ 13.753472328186, 43.276248931884801 ], [ 13.753472328186, 43.275417327881001 ], [ 13.7537498474121, 43.275417327881001 ], [ 13.7537498474121, 43.275138854980597 ], [ 13.7540283203125, 43.275138854980597 ], [ 13.7540283203125, 43.274581909179602 ], [ 13.754305839538601, 43.274581909179602 ], [ 13.754305839538601, 43.274307250976598 ], [ 13.754584312439, 43.274307250976598 ], [ 13.754584312439, 43.273750305175803 ], [ 13.7548599243165, 43.273750305175803 ], [ 13.7548599243165, 43.273193359375099 ], [ 13.7551383972169, 43.273193359375099 ], [ 13.755140304565399, 43.2723617553712 ], [ 13.7554159164429, 43.2723617553712 ], [ 13.7554159164429, 43.271804809570398 ], [ 13.755694389343301, 43.271804809570398 ], [ 13.755694389343301, 43.271251678466797 ], [ 13.7559719085694, 43.271251678466797 ], [ 13.7559719085694, 43.270416259765597 ], [ 13.756250381469799, 43.270416259765597 ], [ 13.756250381469799, 43.269859313964801 ], [ 13.7565279006959, 43.269859313964801 ], [ 13.7565279006959, 43.269306182861399 ], [ 13.7568063735963, 43.269306182861399 ], [ 13.7568063735963, 43.269027709961101 ], [ 13.757081985473601, 43.269027709961101 ], [ 13.757081985473601, 43.268470764160099 ], [ 13.7573623657228, 43.268470764160099 ], [ 13.7573623657228, 43.267917633056697 ], [ 13.757637977600099, 43.267917633056697 ], [ 13.757637977600099, 43.2676391601563 ], [ 13.757916450500399, 43.2676391601563 ], [ 13.757916450500399, 43.267082214355597 ], [ 13.7581939697266, 43.267082214355597 ], [ 13.7581939697266, 43.266803741455199 ], [ 13.758472442626999, 43.266803741455199 ], [ 13.758472442626999, 43.266250610351598 ], [ 13.758749961853001, 43.266250610351598 ], [ 13.758749961853001, 43.265693664550803 ], [ 13.7590284347534, 43.265693664550803 ], [ 13.7590284347534, 43.264862060546903 ], [ 13.759305953979499, 43.264862060546903 ], [ 13.759305953979499, 43.264305114746101 ], [ 13.759860038757401, 43.264305114746101 ], [ 13.759860038757401, 43.263748168945298 ], [ 13.7601375579835, 43.263748168945298 ], [ 13.7601375579835, 43.263473510742301 ], [ 13.7604160308838, 43.263473510742301 ], [ 13.7604160308838, 43.262916564941499 ], [ 13.760693550109901, 43.262916564941499 ], [ 13.760693550109901, 43.262084960937599 ], [ 13.7609720230103, 43.262084960937599 ], [ 13.7609720230103, 43.261806488037202 ], [ 13.761251449585, 43.261806488037202 ], [ 13.761251449585, 43.260971069336001 ], [ 13.761528968811101, 43.260971069336001 ], [ 13.761528968811101, 43.260692596435703 ], [ 13.7618074417115, 43.260692596435703 ], [ 13.7618074417115, 43.260417938232401 ], [ 13.7620820999147, 43.260417938232401 ], [ 13.7620820999147, 43.260139465332003 ], [ 13.7623596191406, 43.260139465332003 ], [ 13.7623596191406, 43.258750915527301 ], [ 13.7626390457154, 43.258750915527301 ], [ 13.7626390457154, 43.258472442627003 ], [ 13.7623596191406, 43.258472442627003 ], [ 13.7623596191406, 43.257637023925803 ], [ 13.7626390457154, 43.257637023925803 ], [ 13.7626390457154, 43.257083892822401 ], [ 13.7637510299684, 43.257083892822401 ], [ 13.7637510299684, 43.256805419922003 ], [ 13.7640266418457, 43.256805419922003 ], [ 13.7640266418457, 43.256526947021598 ], [ 13.764305114746101, 43.256526947021598 ], [ 13.764305114746101, 43.255973815917997 ], [ 13.7645826339722, 43.255973815917997 ], [ 13.7645826339722, 43.255416870117202 ], [ 13.765138626098601, 43.255416870117202 ], [ 13.765138626098601, 43.254585266113303 ], [ 13.764861106872599, 43.254581451416101 ], [ 13.764861106872599, 43.2540283203125 ], [ 13.765138626098601, 43.2540283203125 ], [ 13.765138626098601, 43.253471374511697 ], [ 13.765417098999, 43.253471374511697 ], [ 13.765417098999, 43.253192901611399 ], [ 13.765694618225099, 43.253192901611399 ], [ 13.765694618225099, 43.252918243408303 ], [ 13.765973091125501, 43.252918243408303 ], [ 13.765973091125501, 43.252639770507798 ], [ 13.766529083251999, 43.252639770507798 ], [ 13.766529083251999, 43.252082824707003 ], [ 13.7668046951294, 43.252082824707003 ], [ 13.7668046951294, 43.2515258789062 ], [ 13.7673606872559, 43.2515258789062 ], [ 13.7673606872559, 43.250972747802798 ], [ 13.7676391601563, 43.250972747802798 ], [ 13.7676391601563, 43.2506942749025 ], [ 13.767916679382401, 43.2506942749025 ], [ 13.767916679382401, 43.249862670898501 ], [ 13.7687511444093, 43.249862670898501 ], [ 13.7687511444093, 43.249584197998097 ], [ 13.7690267562866, 43.249584197998097 ], [ 13.7690267562866, 43.249305725097699 ], [ 13.769305229186999, 43.249305725097699 ], [ 13.769305229186999, 43.248195648193402 ], [ 13.7695827484131, 43.248195648193402 ], [ 13.7695827484131, 43.247917175292997 ], [ 13.7698612213134, 43.247917175292997 ], [ 13.7698612213134, 43.247081756591797 ], [ 13.770138740539601, 43.247081756591797 ], [ 13.770138740539601, 43.246250152587798 ], [ 13.770417213439901, 43.246250152587798 ], [ 13.770417213439901, 43.245971679687401 ], [ 13.770694732666, 43.245971679687401 ], [ 13.770694732666, 43.245418548583999 ], [ 13.770973205566399, 43.245414733886697 ], [ 13.770973205566399, 43.2451400756837 ], [ 13.771248817443899, 43.2451400756837 ], [ 13.771248817443899, 43.244583129882898 ], [ 13.7715272903443, 43.244583129882898 ], [ 13.7715272903443, 43.2443046569825 ], [ 13.771248817443899, 43.2443046569825 ], [ 13.771248817443899, 43.243751525878999 ], [ 13.7715272903443, 43.243751525878999 ], [ 13.7715272903443, 43.243473052978601 ], [ 13.7718048095704, 43.243473052978601 ], [ 13.7718048095704, 43.243194580078203 ], [ 13.772083282470801, 43.243194580078203 ], [ 13.772083282470801, 43.242916107177798 ], [ 13.7723608016968, 43.242916107177798 ], [ 13.7723608016968, 43.242637634277401 ], [ 13.7726392745972, 43.242637634277401 ], [ 13.7726392745972, 43.2420845031738 ], [ 13.772916793823301, 43.2420845031738 ], [ 13.772916793823301, 43.241527557372997 ], [ 13.7734708786012, 43.241527557372997 ], [ 13.7734708786012, 43.240970611572301 ], [ 13.7737493515016, 43.240970611572301 ], [ 13.7737493515016, 43.240695953369297 ], [ 13.774026870727701, 43.240695953369297 ], [ 13.774026870727701, 43.240417480468899 ], [ 13.774305343628001, 43.240417480468899 ], [ 13.774305343628001, 43.239860534667898 ], [ 13.7748622894288, 43.239860534667898 ], [ 13.7748622894288, 43.2395820617675 ], [ 13.775139808654901, 43.2395820617675 ], [ 13.775139808654901, 43.239028930664098 ], [ 13.7754154205322, 43.239028930664098 ], [ 13.7754154205322, 43.2387504577637 ], [ 13.775695800781399, 43.2387504577637 ], [ 13.775695800781399, 43.238471984863402 ], [ 13.7759714126587, 43.238471984863402 ], [ 13.7759714126587, 43.237640380859403 ], [ 13.7762498855591, 43.237640380859403 ], [ 13.7762498855591, 43.237361907958999 ], [ 13.776528358459499, 43.237361907958999 ], [ 13.776528358459499, 43.2370834350587 ], [ 13.776805877685501, 43.2370834350587 ], [ 13.776805877685501, 43.236526489257898 ], [ 13.7770843505859, 43.236526489257898 ], [ 13.7770843505859, 43.236251831054702 ], [ 13.777361869811999, 43.236251831054702 ], [ 13.777361869811999, 43.235137939453097 ], [ 13.7776384353638, 43.235137939453097 ], [ 13.7776384353638, 43.235046386718899 ], [ 13.7776384353638, 43.234584808349702 ], [ 13.7781944274903, 43.234584808349702 ], [ 13.7781944274903, 43.234027862548899 ], [ 13.7787504196168, 43.234027862548899 ], [ 13.7787504196168, 43.233749389648601 ], [ 13.7790279388428, 43.233749389648601 ], [ 13.7790279388428, 43.233470916747997 ], [ 13.7787504196168, 43.233470916747997 ], [ 13.7787504196168, 43.232639312744197 ], [ 13.7790279388428, 43.232639312744197 ], [ 13.7790279388428, 43.232082366943501 ], [ 13.7793064117432, 43.232082366943501 ], [ 13.7793064117432, 43.230972290039098 ], [ 13.7795839309693, 43.230972290039098 ], [ 13.7795839309693, 43.230415344238303 ], [ 13.7798624038697, 43.230415344238303 ], [ 13.7798624038697, 43.230140686035099 ], [ 13.780139923095801, 43.230140686035099 ], [ 13.780139923095801, 43.229583740234403 ], [ 13.7804155349731, 43.229583740234403 ], [ 13.7804155349731, 43.229305267333999 ], [ 13.7806940078735, 43.229305267333999 ], [ 13.7806940078735, 43.228473663330199 ], [ 13.7804155349731, 43.228473663330199 ], [ 13.7804155349731, 43.227638244628999 ], [ 13.7806940078735, 43.227638244628999 ], [ 13.7806940078735, 43.227359771728601 ], [ 13.7809715270996, 43.227359771728601 ], [ 13.7809715270996, 43.226806640625099 ], [ 13.78125, 43.226806640625099 ], [ 13.78125, 43.226528167724702 ], [ 13.7815284729003, 43.226528167724702 ], [ 13.7815284729003, 43.225692749023601 ], [ 13.781805992126399, 43.225692749023601 ], [ 13.781805992126399, 43.224861145019503 ], [ 13.7820844650268, 43.224861145019503 ], [ 13.7820844650268, 43.223194122314503 ], [ 13.782361984252899, 43.223194122314503 ], [ 13.782361984252899, 43.222915649414098 ], [ 13.7820844650268, 43.222915649414098 ], [ 13.7820844650268, 43.2226371765137 ], [ 13.782361984252899, 43.2226371765137 ], [ 13.782361984252899, 43.222362518310703 ], [ 13.7826375961304, 43.222362518310703 ], [ 13.7826375961304, 43.222084045410298 ], [ 13.782916069030801, 43.222084045410298 ], [ 13.782916069030801, 43.220973968505902 ], [ 13.7831935882569, 43.220973968505902 ], [ 13.7831935882569, 43.220417022705099 ], [ 13.783472061157299, 43.220417022705099 ], [ 13.783472061157299, 43.219581604003999 ], [ 13.7837495803834, 43.219581604003999 ], [ 13.7837495803834, 43.21875 ], [ 13.7840280532837, 43.21875 ], [ 13.7840280532837, 43.218193054199297 ], [ 13.784305572509799, 43.218193054199297 ], [ 13.784305572509799, 43.217639923095597 ], [ 13.7845821380616, 43.217639923095597 ], [ 13.7845821380616, 43.217082977294901 ], [ 13.784859657287701, 43.217082977294901 ], [ 13.7848615646363, 43.216804504394503 ], [ 13.7851381301881, 43.216804504394503 ], [ 13.7851381301881, 43.216251373291101 ], [ 13.785415649414199, 43.216251373291101 ], [ 13.785415649414199, 43.215694427490298 ], [ 13.785694122314601, 43.215694427490298 ], [ 13.785694122314601, 43.215137481689602 ], [ 13.7859716415406, 43.215137481689602 ], [ 13.7859716415406, 43.212638854980497 ], [ 13.786250114441, 43.212638854980497 ], [ 13.786250114441, 43.212360382080099 ], [ 13.786527633667101, 43.212360382080099 ], [ 13.786527633667101, 43.2115287780763 ], [ 13.7868041992188, 43.2115287780763 ], [ 13.7868041992188, 43.209583282470803 ], [ 13.7870845794679, 43.209583282470803 ], [ 13.7870845794679, 43.208751678466797 ], [ 13.787360191345201, 43.208751678466797 ], [ 13.787360191345201, 43.208473205566499 ], [ 13.7876377105713, 43.208473205566499 ], [ 13.7876377105713, 43.2068061828613 ], [ 13.787916183471699, 43.2068061828613 ], [ 13.787916183471699, 43.206527709960902 ], [ 13.7881937026978, 43.206527709960902 ], [ 13.7881937026978, 43.206249237060497 ], [ 13.7884731292725, 43.206249237060497 ], [ 13.7884731292725, 43.205970764160199 ], [ 13.7887506484985, 43.205970764160199 ], [ 13.7887506484985, 43.205139160156399 ], [ 13.789029121398899, 43.205139160156399 ], [ 13.789029121398899, 43.204303741455099 ], [ 13.789306640625, 43.204303741455099 ], [ 13.789306640625, 43.203750610351598 ], [ 13.7895822525025, 43.203750610351598 ], [ 13.7895822525025, 43.203193664550902 ], [ 13.7898607254029, 43.203193664550902 ], [ 13.7898607254029, 43.202083587646499 ], [ 13.790139198303301, 43.202083587646499 ], [ 13.790139198303301, 43.201248168945398 ], [ 13.7904167175294, 43.201248168945398 ], [ 13.790423393249601, 43.199817657470803 ], [ 13.7906951904297, 43.199859619140597 ], [ 13.7906951904297, 43.199306488037202 ], [ 13.790972709655801, 43.199306488037202 ], [ 13.790972709655801, 43.199028015136797 ], [ 13.7912511825562, 43.199028015136797 ], [ 13.7912511825562, 43.198749542236399 ], [ 13.791528701782299, 43.198749542236399 ], [ 13.791528701782299, 43.198471069335902 ], [ 13.7918052673341, 43.198471069335902 ], [ 13.7918052673341, 43.196804046631001 ], [ 13.792082786560201, 43.196804046631001 ], [ 13.792082786560201, 43.195972442627003 ], [ 13.7923612594606, 43.195972442627003 ], [ 13.7923612594606, 43.195693969726598 ], [ 13.7926387786865, 43.195693969726598 ], [ 13.7926387786865, 43.195137023925803 ], [ 13.792917251586999, 43.195137023925803 ], [ 13.792917251586999, 43.194583892822301 ], [ 13.793194770812899, 43.194583892822301 ], [ 13.793194770812899, 43.193473815918097 ], [ 13.793473243713301, 43.193473815918097 ], [ 13.793473243713301, 43.192916870117301 ], [ 13.793748855590801, 43.192916870117301 ], [ 13.793748855590801, 43.192638397216903 ], [ 13.794304847717299, 43.192638397216903 ], [ 13.794304847717299, 43.192359924316499 ], [ 13.794583320617701, 43.192359924316499 ], [ 13.794583320617701, 43.191528320312599 ], [ 13.7948608398437, 43.191528320312599 ], [ 13.7948608398437, 43.190418243408203 ], [ 13.7951393127441, 43.190418243408203 ], [ 13.7951393127441, 43.190139770507798 ], [ 13.7954168319703, 43.190139770507798 ], [ 13.7954168319703, 43.189861297607401 ], [ 13.7956953048706, 43.189861297607401 ], [ 13.7956953048706, 43.189582824707102 ], [ 13.7959709167481, 43.189582824707102 ], [ 13.7959709167481, 43.1890258789063 ], [ 13.796251296997101, 43.1890258789063 ], [ 13.796251296997101, 43.188751220703097 ], [ 13.7959709167481, 43.188751220703097 ], [ 13.7959709167481, 43.188472747802699 ], [ 13.796251296997101, 43.188472747802699 ], [ 13.796251296997101, 43.187637329101598 ], [ 13.796526908874601, 43.187637329101598 ], [ 13.796526908874601, 43.187084197998203 ], [ 13.796805381775, 43.187084197998203 ], [ 13.796805381775, 43.186248779297003 ], [ 13.797082901001099, 43.186248779297003 ], [ 13.797082901001099, 43.185695648193402 ], [ 13.7973613739015, 43.185695648193402 ], [ 13.7973613739015, 43.185138702392599 ], [ 13.7976388931276, 43.185138702392599 ], [ 13.7976388931276, 43.184581756591903 ], [ 13.7979173660279, 43.184581756591903 ], [ 13.7979173660279, 43.1843070983887 ], [ 13.798194885254, 43.1843070983887 ], [ 13.798194885254, 43.184028625488303 ], [ 13.7984733581544, 43.184028625488303 ], [ 13.7984733581544, 43.183193206787202 ], [ 13.798748970031699, 43.183193206787202 ], [ 13.798748970031699, 43.182361602783097 ], [ 13.7990274429321, 43.182361602783097 ], [ 13.7990274429321, 43.182083129882798 ], [ 13.7993049621582, 43.182083129882798 ], [ 13.7993049621582, 43.181251525878999 ], [ 13.799583435058601, 43.181251525878999 ], [ 13.799583435058601, 43.180694580078203 ], [ 13.7998609542847, 43.180694580078203 ], [ 13.7998609542847, 43.179862976074297 ], [ 13.800139427185099, 43.179862976074297 ], [ 13.800139427185099, 43.179306030273501 ], [ 13.800416946411101, 43.179306030273501 ], [ 13.800416946411101, 43.178749084472699 ], [ 13.800696372985801, 43.178749084472699 ], [ 13.800696372985801, 43.178470611572301 ], [ 13.800971031189, 43.178470611572301 ], [ 13.800971031189, 43.1779174804687 ], [ 13.801248550415099, 43.1779174804687 ], [ 13.801248550415099, 43.177082061767599 ], [ 13.801527023315501, 43.177082061767599 ], [ 13.801527023315501, 43.176528930664198 ], [ 13.8018045425416, 43.176528930664198 ], [ 13.8018045425416, 43.175971984863203 ], [ 13.8020839691163, 43.175971984863203 ], [ 13.8020839691163, 43.1754150390625 ], [ 13.802362442016699, 43.1754150390625 ], [ 13.802362442016699, 43.1745834350587 ], [ 13.802639961242701, 43.1745834350587 ], [ 13.802639961242701, 43.173751831054702 ], [ 13.8029146194457, 43.173751831054702 ], [ 13.8029146194457, 43.173194885253999 ], [ 13.8031930923463, 43.173194885253999 ], [ 13.8031930923463, 43.172916412353601 ], [ 13.803471565246699, 43.172916412353601 ], [ 13.803471565246699, 43.172359466552798 ], [ 13.8040275573732, 43.172359466552798 ], [ 13.8040275573732, 43.172084808349602 ], [ 13.804306030273599, 43.172084808349602 ], [ 13.804306030273599, 43.171806335449197 ], [ 13.8048620224, 43.171806335449197 ], [ 13.8048620224, 43.1698608398437 ], [ 13.805137634277299, 43.1698608398437 ], [ 13.805137634277299, 43.169303894042997 ], [ 13.8054180145263, 43.169303894042997 ], [ 13.8054180145263, 43.169029235839901 ], [ 13.8056936264038, 43.169029235839901 ], [ 13.8056936264038, 43.168750762939503 ], [ 13.8070840835571, 43.168750762939503 ], [ 13.8070840835571, 43.168472290039198 ], [ 13.807640075683601, 43.168472290039198 ], [ 13.807640075683601, 43.1681938171388 ], [ 13.808062553405801, 43.1681938171388 ], [ 13.8081941604615, 43.1681938171388 ], [ 13.8081941604615, 43.168472290039198 ], [ 13.8087501525879, 43.168472290039198 ], [ 13.8087501525879, 43.1681938171388 ], [ 13.8090276718141, 43.1681938171388 ], [ 13.8090276718141, 43.167915344238402 ], [ 13.809583663940501, 43.167915344238402 ], [ 13.809583663940501, 43.1681938171388 ], [ 13.8106937408447, 43.1681938171388 ], [ 13.8106937408447, 43.168472290039198 ], [ 13.8115282058716, 43.168472290039198 ], [ 13.8115282058716, 43.1681938171388 ], [ 13.811805725097701, 43.1681938171388 ], [ 13.811805725097701, 43.167362213134801 ], [ 13.812084197998001, 43.167362213134801 ], [ 13.812084197998001, 43.1665267944337 ], [ 13.811805725097701, 43.1665267944337 ], [ 13.811805725097701, 43.166248321533303 ], [ 13.8112497329712, 43.166248321533303 ], [ 13.8112497329712, 43.165973663330099 ], [ 13.810972213745099, 43.165973663330099 ], [ 13.810972213745099, 43.165416717529297 ], [ 13.812359809875501, 43.165416717529297 ], [ 13.812359809875501, 43.1651611328125 ], [ 13.812359809875501, 43.164585113525497 ], [ 13.8125228881835, 43.164585113525497 ], [ 13.8126382827759, 43.164585113525497 ], [ 13.8126382827759, 43.163749694824297 ], [ 13.812359809875501, 43.163749694824297 ], [ 13.812359809875501, 43.163192749023402 ], [ 13.812161445617701, 43.163192749023402 ], [ 13.812084197998001, 43.163192749023402 ], [ 13.812084197998001, 43.162918090820398 ], [ 13.8115282058716, 43.162918090820398 ], [ 13.8115282058716, 43.16263961792 ], [ 13.8106937408447, 43.16263961792 ], [ 13.8106937408447, 43.162082672119297 ], [ 13.8115282058716, 43.162082672119297 ], [ 13.8115282058716, 43.161529541015597 ], [ 13.811805725097701, 43.161529541015597 ], [ 13.811805725097701, 43.159862518310497 ], [ 13.812084197998001, 43.159862518310497 ], [ 13.812084197998001, 43.158473968506001 ], [ 13.812359809875501, 43.158473968506001 ], [ 13.812359809875501, 43.157917022705199 ], [ 13.8126382827759, 43.157917022705199 ], [ 13.8126382827759, 43.157360076904403 ], [ 13.812915802001999, 43.157360076904403 ], [ 13.812915802001999, 43.156528472900398 ], [ 13.813194274902401, 43.156528472900398 ], [ 13.813194274902401, 43.155971527099702 ], [ 13.8134717941285, 43.155971527099702 ], [ 13.8134717941285, 43.155418395996101 ], [ 13.813750267028899, 43.155418395996101 ], [ 13.813750267028899, 43.154582977295 ], [ 13.814027786254901, 43.154582977295 ], [ 13.814027786254901, 43.154026031494197 ], [ 13.8143043518068, 43.154026031494197 ], [ 13.8143043518068, 43.153194427490199 ], [ 13.8145847320557, 43.153194427490199 ], [ 13.8145847320557, 43.152637481689503 ], [ 13.8148603439332, 43.152637481689503 ], [ 13.8148603439332, 43.152084350586101 ], [ 13.8151378631593, 43.152084350586101 ], [ 13.8151378631593, 43.151248931884901 ], [ 13.8154163360597, 43.151248931884901 ], [ 13.8154163360597, 43.1506958007813 ], [ 13.815694808960099, 43.1506958007813 ], [ 13.815694808960099, 43.150138854980497 ], [ 13.815973281860501, 43.150138854980497 ], [ 13.815973281860501, 43.149307250976598 ], [ 13.8162508010865, 43.149307250976598 ], [ 13.8162508010865, 43.148750305175803 ], [ 13.816526412963899, 43.148750305175803 ], [ 13.816526412963899, 43.148193359375099 ], [ 13.816806793213001, 43.148193359375099 ], [ 13.816806793213001, 43.147640228271399 ], [ 13.8170833587646, 43.147640228271399 ], [ 13.8170833587646, 43.147083282470703 ], [ 13.8173608779907, 43.147083282470703 ], [ 13.8173608779907, 43.146526336669901 ], [ 13.817639350891101, 43.146526336669901 ], [ 13.817639350891101, 43.145973205566499 ], [ 13.8179168701172, 43.145973205566499 ], [ 13.8179168701172, 43.145416259765703 ], [ 13.818195343017599, 43.145416259765703 ], [ 13.818195343017599, 43.145137786865298 ], [ 13.8184728622437, 43.145137786865298 ], [ 13.8184728622437, 43.144584655761797 ], [ 13.818751335144, 43.144584655761797 ], [ 13.818751335144, 43.144466400146499 ], [ 13.818751335144, 43.144027709961001 ], [ 13.819028854370099, 43.144027709961001 ], [ 13.819028854370099, 43.143470764160199 ], [ 13.8193054199219, 43.143470764160199 ], [ 13.8193054199219, 43.142917633056598 ], [ 13.819582939148001, 43.142917633056598 ], [ 13.819582939148001, 43.142360687255902 ], [ 13.8198614120484, 43.142360687255902 ], [ 13.8198614120484, 43.142082214355497 ], [ 13.820138931274499, 43.142082214355497 ], [ 13.820138931274499, 43.141529083252102 ], [ 13.820417404174901, 43.141529083252102 ], [ 13.820417404174901, 43.140972137451101 ], [ 13.8206949234009, 43.140972137451101 ], [ 13.8206949234009, 43.140415191650398 ], [ 13.8209733963013, 43.140415191650398 ], [ 13.8209733963013, 43.139583587646598 ], [ 13.8212509155275, 43.139583587646598 ], [ 13.8212509155275, 43.139026641845803 ], [ 13.821805000305099, 43.139026641845803 ], [ 13.821805000305099, 43.138473510742202 ], [ 13.822083473205501, 43.138473510742202 ], [ 13.822083473205501, 43.137916564941499 ], [ 13.8223609924316, 43.137916564941499 ], [ 13.8223609924316, 43.137359619140703 ], [ 13.8229169845581, 43.137359619140703 ], [ 13.8229169845581, 43.136806488037102 ], [ 13.8231954574584, 43.136806488037102 ], [ 13.8231954574584, 43.1362495422363 ], [ 13.8234710693359, 43.1362495422363 ], [ 13.8234710693359, 43.135692596435497 ], [ 13.823748588562101, 43.135692596435497 ], [ 13.823748588562101, 43.1354179382325 ], [ 13.8234710693359, 43.1354179382325 ], [ 13.8234710693359, 43.1345825195312 ], [ 13.823748588562101, 43.1345825195312 ], [ 13.823748588562101, 43.134304046630902 ], [ 13.8240270614625, 43.134304046630902 ], [ 13.8240270614625, 43.133750915527401 ], [ 13.8243045806885, 43.133750915527401 ], [ 13.8243045806885, 43.133193969726698 ], [ 13.824860572815, 43.133193969726698 ], [ 13.824860572815, 43.1329154968263 ], [ 13.8251390457154, 43.1329154968263 ], [ 13.8251390457154, 43.132637023925902 ], [ 13.8254165649415, 43.132637023925902 ], [ 13.8254165649415, 43.132362365722699 ], [ 13.825693130493301, 43.132362365722699 ], [ 13.825693130493301, 43.131526947021499 ], [ 13.8262491226197, 43.131526947021499 ], [ 13.8262491226197, 43.1312484741212 ], [ 13.826526641845801, 43.1312484741212 ], [ 13.826526641845801, 43.130973815917997 ], [ 13.827082633972299, 43.130973815917997 ], [ 13.827082633972299, 43.130416870117202 ], [ 13.827361106872701, 43.130416870117202 ], [ 13.827361106872701, 43.130138397216797 ], [ 13.827638626098601, 43.130138397216797 ], [ 13.827638626098601, 43.129859924316399 ], [ 13.8279180526735, 43.129859924316399 ], [ 13.8279180526735, 43.129306793212997 ], [ 13.8284711837769, 43.129306793212997 ], [ 13.8284711837769, 43.1281929016113 ], [ 13.829027175903301, 43.1281929016113 ], [ 13.829027175903301, 43.127754211425803 ], [ 13.829027175903301, 43.127082824707102 ], [ 13.8295841217041, 43.127082824707102 ], [ 13.8295841217041, 43.126251220703097 ], [ 13.829861640930201, 43.126251220703097 ], [ 13.829861640930201, 43.125972747802798 ], [ 13.8301401138306, 43.125972747802798 ], [ 13.8301401138306, 43.125694274902401 ], [ 13.8304176330566, 43.125694274902401 ], [ 13.8304176330566, 43.125415802002003 ], [ 13.8306941986085, 43.125415802002003 ], [ 13.8306941986085, 43.125137329101598 ], [ 13.8304176330566, 43.125137329101598 ], [ 13.8304176330566, 43.124584197997997 ], [ 13.8306941986085, 43.124584197997997 ], [ 13.8306941986085, 43.124027252197301 ], [ 13.830971717834499, 43.124027252197301 ], [ 13.830971717834499, 43.123474121093899 ], [ 13.831250190734901, 43.123470306396499 ], [ 13.831250190734901, 43.123195648193501 ], [ 13.831527709961, 43.123195648193501 ], [ 13.831527709961, 43.122638702392699 ], [ 13.831806182861399, 43.122638702392699 ], [ 13.831806182861399, 43.122081756591697 ], [ 13.8320837020875, 43.122081756591697 ], [ 13.8320837020875, 43.121528625488303 ], [ 13.8323621749878, 43.121528625488303 ], [ 13.8323621749878, 43.121250152587898 ], [ 13.8326377868653, 43.121250152587898 ], [ 13.8326377868653, 43.120693206787202 ], [ 13.8329162597657, 43.120693206787202 ], [ 13.8329162597657, 43.120140075683601 ], [ 13.8331937789916, 43.120140075683601 ], [ 13.8331937789916, 43.119583129882898 ], [ 13.8334722518922, 43.119583129882898 ], [ 13.8334722518922, 43.119026184082102 ], [ 13.8337497711181, 43.119026184082102 ], [ 13.8337497711181, 43.1187515258788 ], [ 13.8340282440185, 43.1187515258788 ], [ 13.8340282440185, 43.118194580078097 ], [ 13.8343057632446, 43.118194580078097 ], [ 13.8343057632446, 43.117637634277301 ], [ 13.834584236145, 43.117637634277301 ], [ 13.834584236145, 43.117084503173899 ], [ 13.8348598480225, 43.117084503173899 ], [ 13.8348598480225, 43.116806030273601 ], [ 13.835140228271401, 43.116806030273601 ], [ 13.835140228271401, 43.116249084472798 ], [ 13.835415840148899, 43.116249084472798 ], [ 13.835415840148899, 43.115695953369197 ], [ 13.8356943130493, 43.115695953369197 ], [ 13.8356943130493, 43.115139007568402 ], [ 13.8359718322754, 43.115139007568402 ], [ 13.8359718322754, 43.114860534667997 ], [ 13.836250305175801, 43.114860534667997 ], [ 13.836250305175801, 43.114307403564503 ], [ 13.8365278244019, 43.114307403564503 ], [ 13.8365278244019, 43.1137504577637 ], [ 13.836806297302299, 43.1137504577637 ], [ 13.836806297302299, 43.1129150390625 ], [ 13.837081909179799, 43.1129150390625 ], [ 13.837081909179799, 43.112640380859297 ], [ 13.8373622894288, 43.112640380859297 ], [ 13.8373622894288, 43.112083435058601 ], [ 13.8376379013063, 43.112083435058601 ], [ 13.8376379013063, 43.111804962158203 ], [ 13.837916374206699, 43.111804962158203 ], [ 13.837916374206699, 43.111251831054801 ], [ 13.838193893432701, 43.111251831054801 ], [ 13.838193893432701, 43.110694885253999 ], [ 13.8384723663331, 43.110694885253999 ], [ 13.8384723663331, 43.110137939453203 ], [ 13.838749885559199, 43.110137939453203 ], [ 13.838749885559199, 43.109584808349702 ], [ 13.839028358459601, 43.109584808349702 ], [ 13.839028358459601, 43.109306335449297 ], [ 13.8393058776857, 43.109306335449297 ], [ 13.8393058776857, 43.108749389648501 ], [ 13.839584350586099, 43.108749389648501 ], [ 13.839584350586099, 43.108196258544901 ], [ 13.8398599624634, 43.108196258544901 ], [ 13.8398599624634, 43.107639312744098 ], [ 13.8401384353638, 43.107639312744098 ], [ 13.8401384353638, 43.107082366943402 ], [ 13.840415954589799, 43.107082366943402 ], [ 13.840415954589799, 43.106803894042997 ], [ 13.840694427490201, 43.106803894042997 ], [ 13.840694427490201, 43.106250762939403 ], [ 13.8409719467163, 43.106250762939403 ], [ 13.8409719467163, 43.1056938171387 ], [ 13.841250419616699, 43.1056938171387 ], [ 13.841250419616699, 43.105140686035199 ], [ 13.841528892517101, 43.105140686035199 ], [ 13.841528892517101, 43.104583740234503 ], [ 13.8418073654175, 43.104583740234503 ], [ 13.8418073654175, 43.1040267944337 ], [ 13.8420820236207, 43.1040267944337 ], [ 13.8420820236207, 43.103839874267599 ], [ 13.8420820236207, 43.103473663330099 ], [ 13.842359542846699, 43.103473663330099 ], [ 13.842359542846699, 43.102916717529403 ], [ 13.842638015747101, 43.102916717529403 ], [ 13.842638015747101, 43.102359771728601 ], [ 13.8429174423218, 43.102359771728601 ], [ 13.8429174423218, 43.101806640625 ], [ 13.8431949615479, 43.101806640625 ], [ 13.8431949615479, 43.101249694824197 ], [ 13.843473434448301, 43.101249694824197 ], [ 13.843473434448301, 43.100692749023402 ], [ 13.8437509536744, 43.100692749023402 ], [ 13.8437509536744, 43.10013961792 ], [ 13.844025611877401, 43.10013961792 ], [ 13.844025611877401, 43.099582672119098 ], [ 13.844306945800801, 43.099582672119098 ], [ 13.844306945800801, 43.099029541015703 ], [ 13.844582557678301, 43.099029541015703 ], [ 13.844582557678301, 43.098472595215 ], [ 13.8448610305787, 43.098472595215 ], [ 13.8448610305787, 43.097362518310597 ], [ 13.8451385498046, 43.097362518310597 ], [ 13.8451385498046, 43.096248626708999 ], [ 13.845417022705201, 43.096248626708999 ], [ 13.845417022705201, 43.095138549804702 ], [ 13.845694541931101, 43.095138549804702 ], [ 13.845694541931101, 43.094028472900497 ], [ 13.8459730148315, 43.094028472900497 ], [ 13.8459730148315, 43.093193054199197 ], [ 13.846248626709, 43.093193054199197 ], [ 13.846248626709, 43.092082977295 ], [ 13.846529006957899, 43.092082977295 ], [ 13.846529006957899, 43.090972900390703 ], [ 13.846804618835399, 43.090972900390703 ], [ 13.846804618835399, 43.0898628234863 ], [ 13.847083091735801, 43.0898628234863 ], [ 13.847083091735801, 43.087081909179602 ], [ 13.846804618835399, 43.087081909179602 ], [ 13.846804618835399, 43.0865287780762 ], [ 13.846529006957899, 43.0865287780762 ], [ 13.846529006957899, 43.081806182861399 ], [ 13.846804618835399, 43.081806182861399 ], [ 13.846804618835399, 43.080917358398501 ], [ 13.846804618835399, 43.080417633056697 ], [ 13.847083091735801, 43.080417633056697 ], [ 13.847083091735801, 43.079029083252003 ], [ 13.8473606109619, 43.079029083252003 ], [ 13.8473606109619, 43.077362060546797 ], [ 13.847639083862299, 43.077362060546797 ], [ 13.847639083862299, 43.075973510742301 ], [ 13.8479166030884, 43.075973510742301 ], [ 13.8479166030884, 43.074584960937599 ], [ 13.8481950759888, 43.074584960937599 ], [ 13.8481950759888, 43.072917938232401 ], [ 13.848472595214901, 43.072917938232401 ], [ 13.848472595214901, 43.071804046630902 ], [ 13.8487510681153, 43.071804046630902 ], [ 13.8487510681153, 43.0704154968262 ], [ 13.8490266799928, 43.0704154968262 ], [ 13.8490266799928, 43.069026947021598 ], [ 13.8493051528931, 43.069026947021598 ], [ 13.8493051528931, 43.067447662353601 ], [ 13.8493051528931, 43.067359924316499 ], [ 13.8495826721193, 43.067359924316499 ], [ 13.8495826721193, 43.065971374511697 ], [ 13.849861145019601, 43.065971374511697 ], [ 13.849861145019601, 43.064582824707003 ], [ 13.8501386642457, 43.064582824707003 ], [ 13.8501386642457, 43.063472747802798 ], [ 13.850417137146099, 43.063472747802798 ], [ 13.850417137146099, 43.062637329101698 ], [ 13.8506946563722, 43.062637329101698 ], [ 13.8506946563722, 43.0609741210937 ], [ 13.850973129272599, 43.060970306396499 ], [ 13.850973129272599, 43.060695648193402 ], [ 13.8506946563722, 43.060695648193402 ], [ 13.8506946563722, 43.060138702392599 ], [ 13.850973129272599, 43.060138702392599 ], [ 13.850973129272599, 43.0593070983888 ], [ 13.851248741149901, 43.0593070983888 ], [ 13.851248741149901, 43.059028625488402 ], [ 13.8515272140503, 43.059028625488402 ], [ 13.8515272140503, 43.058750152587997 ], [ 13.851804733276399, 43.058750152587997 ], [ 13.851804733276399, 43.057918548583999 ], [ 13.8520832061768, 43.057914733886697 ], [ 13.8520832061768, 43.057083129882898 ], [ 13.8523607254028, 43.057083129882898 ], [ 13.8523607254028, 43.0556449890137 ], [ 13.8523607254028, 43.055137634277401 ], [ 13.8526391983032, 43.055137634277401 ], [ 13.8526391983032, 43.054027557372997 ], [ 13.8529167175293, 43.054027557372997 ], [ 13.8529167175293, 43.053749084472699 ], [ 13.853193283081101, 43.053749084472699 ], [ 13.853193283081101, 43.053470611572301 ], [ 13.8534708023072, 43.053470611572301 ], [ 13.8534708023072, 43.052360534668097 ], [ 13.853749275207599, 43.052360534668097 ], [ 13.853749275207599, 43.051528930664098 ], [ 13.8540267944337, 43.051528930664098 ], [ 13.8540267944337, 43.050693511962997 ], [ 13.854305267334, 43.050693511962997 ], [ 13.854305267334, 43.0495834350587 ], [ 13.854582786560099, 43.0495834350587 ], [ 13.854582786560099, 43.048751831054602 ], [ 13.854861259460501, 43.048751831054602 ], [ 13.854861259460501, 43.047084808349702 ], [ 13.8551397323609, 43.047084808349702 ], [ 13.8551397323609, 43.046249389648601 ], [ 13.8554153442384, 43.046249389648601 ], [ 13.8554153442384, 43.045417785644602 ], [ 13.855695724487401, 43.045417785644602 ], [ 13.855695724487401, 43.0448608398438 ], [ 13.855971336364901, 43.0448608398438 ], [ 13.855971336364901, 43.044303894043097 ], [ 13.856248855590801, 43.044303894043097 ], [ 13.856248855590801, 43.043750762939503 ], [ 13.8565282821656, 43.043750762939503 ], [ 13.8565282821656, 43.042915344238303 ], [ 13.856805801391699, 43.042915344238303 ], [ 13.856805801391699, 43.042083740234403 ], [ 13.857084274292101, 43.042083740234403 ], [ 13.857084274292101, 43.041526794433601 ], [ 13.8573617935182, 43.041526794433601 ], [ 13.8573617935182, 43.040695190429801 ], [ 13.857640266418599, 43.040695190429801 ], [ 13.857640266418599, 43.039859771728601 ], [ 13.857917785644499, 43.039859771728601 ], [ 13.857917785644499, 43.039306640625099 ], [ 13.8581943511963, 43.039306640625099 ], [ 13.8581943511963, 43.038471221923899 ], [ 13.858471870422401, 43.038471221923899 ], [ 13.858471870422401, 43.037639617919901 ], [ 13.8587503433228, 43.037639617919901 ], [ 13.8587503433228, 43.037082672119098 ], [ 13.8590278625488, 43.037082672119098 ], [ 13.8590278625488, 43.035972595214801 ], [ 13.859306335449199, 43.035972595214801 ], [ 13.859306335449199, 43.034862518310703 ], [ 13.8595838546753, 43.034862518310703 ], [ 13.8595838546753, 43.032917022705099 ], [ 13.8598623275757, 43.032917022705099 ], [ 13.8598623275757, 43.03125 ], [ 13.8601398468018, 43.03125 ], [ 13.8601398468018, 43.030971527099602 ], [ 13.860416412353599, 43.030971527099602 ], [ 13.860416412353599, 43.029582977294901 ], [ 13.860693931579601, 43.029582977294901 ], [ 13.860693931579601, 43.028194427490298 ], [ 13.86097240448, 43.028194427490298 ], [ 13.86097240448, 43.027084350586001 ], [ 13.861249923706101, 43.027084350586001 ], [ 13.861249923706101, 43.0256958007812 ], [ 13.8615283966065, 43.0256958007812 ], [ 13.8615283966065, 43.024307250976698 ], [ 13.861805915832599, 43.024307250976698 ], [ 13.861805915832599, 43.023193359374901 ], [ 13.862084388733001, 43.023193359374901 ], [ 13.862084388733001, 43.021804809570398 ], [ 13.8623600006103, 43.021804809570398 ], [ 13.8623600006103, 43.020416259765703 ], [ 13.8626384735107, 43.020416259765703 ], [ 13.8626384735107, 43.0193061828613 ], [ 13.8629159927368, 43.0193061828613 ], [ 13.8629159927368, 43.018196105957102 ], [ 13.8631944656372, 43.018196105957102 ], [ 13.8631944656372, 43.017082214355398 ], [ 13.863471984863301, 43.017082214355398 ], [ 13.863471984863301, 43.0159721374512 ], [ 13.863750457763601, 43.0159721374512 ], [ 13.863750457763601, 43.014862060546903 ], [ 13.8640279769897, 43.014862060546903 ], [ 13.8640279769897, 43.013748168945398 ], [ 13.864306449890099, 43.013748168945398 ], [ 13.864306449890099, 43.012916564941399 ], [ 13.864582061767599, 43.012916564941399 ], [ 13.864582061767599, 43.011806488037202 ], [ 13.8648624420166, 43.011806488037202 ], [ 13.8648624420166, 43.010692596435497 ], [ 13.8651380538941, 43.010692596435497 ], [ 13.8651380538941, 43.010059356689503 ], [ 13.8651380538941, 43.0095825195313 ], [ 13.865415573120201, 43.0095825195313 ], [ 13.865415573120201, 43.008750915527301 ], [ 13.8656940460206, 43.008750915527301 ], [ 13.8656940460206, 43.008193969726598 ], [ 13.8659715652466, 43.008193969726598 ], [ 13.8659715652466, 43.007637023925803 ], [ 13.866250038146999, 43.007637023925803 ], [ 13.866250038146999, 43.007083892822301 ], [ 13.8665275573731, 43.007083892822301 ], [ 13.8665275573731, 43.006526947021499 ], [ 13.866804122924901, 43.006526947021499 ], [ 13.8668060302735, 43.005695343017699 ], [ 13.867083549499601, 43.005695343017699 ], [ 13.867083549499601, 43.005138397216903 ], [ 13.867360115051399, 43.005138397216903 ], [ 13.867360115051399, 43.004581451416101 ], [ 13.8676376342775, 43.004581451416101 ], [ 13.8676376342775, 43.0040283203125 ], [ 13.8679161071778, 43.0040283203125 ], [ 13.8679161071778, 43.003471374511797 ], [ 13.8681936264037, 43.003471374511797 ], [ 13.8681936264037, 43.002918243408203 ], [ 13.8684720993043, 43.002918243408203 ], [ 13.8684720993043, 43.002082824707003 ], [ 13.8687505722047, 43.002082824707003 ], [ 13.8687505722047, 43.0015258789063 ], [ 13.869029045105099, 43.0015258789063 ], [ 13.869029045105099, 43.000972747802699 ], [ 13.8693065643312, 43.000972747802699 ], [ 13.8693065643312, 43.000415802002003 ], [ 13.8701391220093, 43.000415802002003 ], [ 13.8701391220093, 42.999862670898601 ], [ 13.8701391220093, 42.999584197998203 ], [ 13.8695821762085, 42.999584197998203 ], [ 13.8695821762085, 42.999305725097798 ], [ 13.869859695434601, 42.999305725097798 ], [ 13.869859695434601, 42.997638702392599 ], [ 13.8701391220093, 42.997638702392599 ], [ 13.8701391220093, 42.996528625488303 ], [ 13.8704166412354, 42.996528625488303 ], [ 13.8704166412354, 42.9959716796875 ], [ 13.8706951141357, 42.9959716796875 ], [ 13.8706951141357, 42.995418548584098 ], [ 13.8709726333618, 42.995414733886797 ], [ 13.8709726333618, 42.994583129882798 ], [ 13.8706951141357, 42.994583129882798 ], [ 13.8706951141357, 42.993473052978601 ], [ 13.8709726333618, 42.993473052978601 ], [ 13.8709726333618, 42.992362976074297 ], [ 13.8712511062622, 42.992362976074297 ], [ 13.8712511062622, 42.990695953369098 ], [ 13.871528625488301, 42.990695953369098 ], [ 13.871528625488301, 42.989582061767599 ], [ 13.871805191040099, 42.989582061767599 ], [ 13.871805191040099, 42.989028930664198 ], [ 13.8720827102662, 42.989028930664198 ], [ 13.8720827102662, 42.988471984863203 ], [ 13.8723611831666, 42.988471984863203 ], [ 13.8723611831666, 42.9879150390625 ], [ 13.872638702392599, 42.9879150390625 ], [ 13.872638702392599, 42.987361907958999 ], [ 13.872917175293001, 42.987361907958999 ], [ 13.872917175293001, 42.986251831054702 ], [ 13.8731946945191, 42.986251831054702 ], [ 13.8731946945191, 42.985416412353601 ], [ 13.873473167419499, 42.985416412353601 ], [ 13.873473167419499, 42.985137939453203 ], [ 13.8737487792968, 42.985137939453203 ], [ 13.8737487792968, 42.984584808349602 ], [ 13.874029159546, 42.984584808349602 ], [ 13.874029159546, 42.984306335449197 ], [ 13.874304771423301, 42.984306335449197 ], [ 13.874304771423301, 42.9840278625488 ], [ 13.8745832443237, 42.9840278625488 ], [ 13.8745832443237, 42.983470916747997 ], [ 13.8748607635497, 42.983470916747997 ], [ 13.8748607635497, 42.982639312744197 ], [ 13.875139236450099, 42.982639312744197 ], [ 13.875139236450099, 42.982082366943303 ], [ 13.8754167556763, 42.982082366943303 ], [ 13.8754167556763, 42.981529235839901 ], [ 13.8756952285766, 42.981529235839901 ], [ 13.8756952285766, 42.980972290039098 ], [ 13.8759708404541, 42.980972290039098 ], [ 13.8759708404541, 42.980415344238402 ], [ 13.8762512207031, 42.980415344238402 ], [ 13.8762512207031, 42.979862213134801 ], [ 13.8765268325806, 42.979862213134801 ], [ 13.8765268325806, 42.979305267333999 ], [ 13.876805305481, 42.979305267333999 ], [ 13.876805305481, 42.978748321533303 ], [ 13.877082824707101, 42.978748321533303 ], [ 13.877082824707101, 42.976806640625099 ], [ 13.8773612976075, 42.976806640625099 ], [ 13.8773612976075, 42.974582672119197 ], [ 13.877638816833599, 42.974582672119197 ], [ 13.877638816833599, 42.973472595214801 ], [ 13.877917289733899, 42.973472595214801 ], [ 13.877917289733899, 42.972362518310497 ], [ 13.87819480896, 42.972362518310497 ], [ 13.87819480896, 42.971248626708999 ], [ 13.8784732818604, 42.971248626708999 ], [ 13.8784732818604, 42.970138549804801 ], [ 13.8787488937379, 42.970138549804801 ], [ 13.8787488937379, 42.968475341796903 ], [ 13.8787488937379, 42.968193054199297 ], [ 13.878899574279901, 42.968193054199297 ], [ 13.879027366638301, 42.968193054199297 ], [ 13.879027366638301, 42.967948913574297 ], [ 13.879583358764799, 42.967918395996101 ], [ 13.879583358764799, 42.966896057128999 ], [ 13.879583358764799, 42.965694427490199 ], [ 13.8801393508912, 42.965694427490199 ], [ 13.8801393508912, 42.965137481689403 ], [ 13.880416870117299, 42.965137481689403 ], [ 13.880416870117299, 42.964305877685703 ], [ 13.880695343017701, 42.964305877685703 ], [ 13.880695343017701, 42.963470458984503 ], [ 13.880970954895, 42.963470458984503 ], [ 13.880970954895, 42.962638854980497 ], [ 13.881249427795399, 42.962638854980497 ], [ 13.881249427795399, 42.962081909179702 ], [ 13.8815269470215, 42.962081909179702 ], [ 13.8815269470215, 42.961807250976598 ], [ 13.8818054199219, 42.961807250976598 ], [ 13.8818054199219, 42.9615287780762 ], [ 13.882362365722701, 42.9615287780762 ], [ 13.882362365722701, 42.961250305175803 ], [ 13.8825778961181, 42.961219787597699 ], [ 13.8826398849487, 42.961097717285199 ], [ 13.8826398849487, 42.960693359375 ], [ 13.8828563690185, 42.960693359375 ], [ 13.882883071899499, 42.960571289062599 ], [ 13.8829145431519, 42.960414886474702 ], [ 13.883193016052299, 42.960414886474702 ], [ 13.883193016052299, 42.960140228271598 ], [ 13.8834705352784, 42.960140228271598 ], [ 13.8834705352784, 42.959861755371001 ], [ 13.8840284347535, 42.959861755371001 ], [ 13.8840284347535, 42.959583282470597 ], [ 13.884305953979499, 42.959583282470597 ], [ 13.884305953979499, 42.959304809570298 ], [ 13.885037422180201, 42.959304809570298 ], [ 13.888750076293899, 42.959304809570298 ], [ 13.888750076293899, 42.959026336669901 ], [ 13.889027595520099, 42.959026336669901 ], [ 13.889027595520099, 42.958751678466903 ], [ 13.8895835876465, 42.958751678466903 ], [ 13.8895835876465, 42.958473205566499 ], [ 13.8898620605469, 42.958473205566499 ], [ 13.8898620605469, 42.957916259765703 ], [ 13.8901376724244, 42.957916259765703 ], [ 13.8901376724244, 42.957637786865298 ], [ 13.8895835876465, 42.957637786865298 ], [ 13.8895835876465, 42.957916259765703 ], [ 13.888750076293899, 42.957916259765703 ], [ 13.888750076293899, 42.958194732666101 ], [ 13.8881940841675, 42.958194732666101 ], [ 13.8881940841675, 42.958473205566499 ], [ 13.8862495422363, 42.958473205566499 ], [ 13.8862495422363, 42.958194732666101 ], [ 13.8855600357057, 42.958194732666101 ], [ 13.885136604309, 42.958194732666101 ], [ 13.885136604309, 42.957637786865298 ], [ 13.8854179382325, 42.957637786865298 ], [ 13.8854179382325, 42.956806182861399 ], [ 13.885693550109799, 42.956806182861399 ], [ 13.885693550109799, 42.956249237060597 ], [ 13.886474609375099, 42.956249237060597 ], [ 13.886528015136699, 42.956138610839901 ], [ 13.886528015136699, 42.955970764160199 ], [ 13.8866062164307, 42.955970764160199 ], [ 13.886805534362701, 42.955970764160199 ], [ 13.886805534362701, 42.955696105957003 ], [ 13.8870840072631, 42.955696105957003 ], [ 13.8870840072631, 42.955417633056598 ], [ 13.8873615264893, 42.955417633056598 ], [ 13.8873615264893, 42.9551391601562 ], [ 13.8876399993896, 42.9551391601562 ], [ 13.8876399993896, 42.954582214355497 ], [ 13.887915611267101, 42.954582214355497 ], [ 13.887915611267101, 42.954029083252102 ], [ 13.8881940841675, 42.954029083252102 ], [ 13.8881940841675, 42.953472137451101 ], [ 13.888471603393601, 42.953472137451101 ], [ 13.888471603393601, 42.953193664550703 ], [ 13.888750076293899, 42.953193664550703 ], [ 13.888750076293899, 42.952915191650398 ], [ 13.8895835876465, 42.952915191650398 ], [ 13.8895835876465, 42.953472137451101 ], [ 13.8898620605469, 42.953472137451101 ], [ 13.8898620605469, 42.953750610351698 ], [ 13.8901376724244, 42.953750610351698 ], [ 13.8901376724244, 42.954029083252102 ], [ 13.890416145324799, 42.954029083252102 ], [ 13.890416145324799, 42.954582214355497 ], [ 13.8906936645509, 42.954582214355497 ], [ 13.8906936645509, 42.9551391601562 ], [ 13.891249656677401, 42.9551391601562 ], [ 13.891249656677401, 42.954303741455099 ], [ 13.8909721374513, 42.954303741455099 ], [ 13.8909721374513, 42.953750610351698 ], [ 13.8906936645509, 42.953750610351698 ], [ 13.8906936645509, 42.953193664550703 ], [ 13.890416145324799, 42.953193664550703 ], [ 13.890416145324799, 42.952640533447301 ], [ 13.8901376724244, 42.952640533447301 ], [ 13.8901376724244, 42.952083587646598 ], [ 13.8898620605469, 42.952083587646598 ], [ 13.8898620605469, 42.9518051147462 ], [ 13.8895835876465, 42.9518051147462 ], [ 13.8895835876465, 42.951526641845803 ], [ 13.889306068420501, 42.951526641845803 ], [ 13.889306068420501, 42.951248168945398 ], [ 13.889027595520099, 42.951248168945398 ], [ 13.889027595520099, 42.9507865905763 ], [ 13.889027595520099, 42.950695037841903 ], [ 13.888750076293899, 42.950695037841903 ], [ 13.888750076293899, 42.950416564941499 ], [ 13.888471603393601, 42.950416564941499 ], [ 13.888471603393601, 42.950138092041101 ], [ 13.8881940841675, 42.950138092041101 ], [ 13.8881940841675, 42.949859619140703 ], [ 13.8880910873413, 42.949859619140703 ], [ 13.8870840072631, 42.949859619140703 ], [ 13.8870840072631, 42.949306488037102 ], [ 13.8873615264893, 42.949306488037102 ], [ 13.8873615264893, 42.948471069335902 ], [ 13.8876399993896, 42.948471069335902 ], [ 13.8876399993896, 42.9479179382325 ], [ 13.887915611267101, 42.9479179382325 ], [ 13.887915611267101, 42.9470825195312 ], [ 13.888030052185, 42.9470825195312 ], [ 13.8881940841675, 42.9470825195312 ], [ 13.8881940841675, 42.946250915527401 ], [ 13.888471603393601, 42.946250915527401 ], [ 13.888471603393601, 42.9454154968263 ], [ 13.888750076293899, 42.9454154968263 ], [ 13.888750076293899, 42.944305419921903 ], [ 13.889027595520099, 42.944305419921903 ], [ 13.889027595520099, 42.943473815917997 ], [ 13.889306068420501, 42.943473815917997 ], [ 13.889306068420501, 42.942638397216797 ], [ 13.8895835876465, 42.942638397216797 ], [ 13.8895835876465, 42.942081451416001 ], [ 13.8898620605469, 42.942081451416001 ], [ 13.8898620605469, 42.941528320312599 ], [ 13.8901376724244, 42.941528320312599 ], [ 13.8901376724244, 42.940971374511797 ], [ 13.890416145324799, 42.940971374511797 ], [ 13.890416145324799, 42.940418243408303 ], [ 13.8906936645509, 42.940418243408303 ], [ 13.8906936645509, 42.940139770507898 ], [ 13.8909721374513, 42.940139770507898 ], [ 13.8909721374513, 42.939582824707102 ], [ 13.891249656677401, 42.939582824707102 ], [ 13.891249656677401, 42.939025878906399 ], [ 13.8915281295778, 42.939025878906399 ], [ 13.8915281295778, 42.938472747802699 ], [ 13.8918056488038, 42.938472747802699 ], [ 13.8918056488038, 42.938194274902401 ], [ 13.892084121704199, 42.938194274902401 ], [ 13.892084121704199, 42.937637329101598 ], [ 13.8923597335815, 42.937637329101598 ], [ 13.8923597335815, 42.937084197997997 ], [ 13.8926382064819, 42.937084197997997 ], [ 13.8926382064819, 42.936527252197301 ], [ 13.892915725708001, 42.936527252197301 ], [ 13.892915725708001, 42.936248779296903 ], [ 13.8931941986084, 42.936248779296903 ], [ 13.8931941986084, 42.935695648193501 ], [ 13.893471717834499, 42.935695648193501 ], [ 13.893471717834499, 42.935138702392699 ], [ 13.893750190734901, 42.935138702392699 ], [ 13.893750190734901, 42.934581756591903 ], [ 13.8940277099609, 42.934581756591903 ], [ 13.8940277099609, 42.934028625488303 ], [ 13.8943042755128, 42.934028625488303 ], [ 13.8943042755128, 42.933471679687599 ], [ 13.894584655761699, 42.933471679687599 ], [ 13.894584655761699, 42.932918548583999 ], [ 13.894860267639199, 42.932914733886797 ], [ 13.894860267639199, 42.932361602783203 ], [ 13.8951377868653, 42.932361602783203 ], [ 13.8951377868653, 42.9318046569825 ], [ 13.8954162597657, 42.9318046569825 ], [ 13.8954162597657, 42.9312515258788 ], [ 13.8956937789918, 42.9312515258788 ], [ 13.8956937789918, 42.930694580078097 ], [ 13.8959732055665, 42.930694580078097 ], [ 13.8959732055665, 42.930416107177699 ], [ 13.8962507247925, 42.930416107177699 ], [ 13.8962507247925, 42.929862976074297 ], [ 13.89652633667, 42.929862976074297 ], [ 13.8965291976929, 42.929306030273601 ], [ 13.896806716919, 42.929306030273601 ], [ 13.896806716919, 42.928749084472798 ], [ 13.8970823287965, 42.928749084472798 ], [ 13.8970823287965, 42.928470611572401 ], [ 13.8973608016969, 42.928470611572401 ], [ 13.8973608016969, 42.9279174804688 ], [ 13.897639274597299, 42.9279174804688 ], [ 13.897639274597299, 42.927360534667997 ], [ 13.8979167938234, 42.927360534667997 ], [ 13.8979167938234, 42.927082061767599 ], [ 13.8981952667237, 42.927082061767599 ], [ 13.8981952667237, 42.926528930664098 ], [ 13.8984727859497, 42.926528930664098 ], [ 13.8984727859497, 42.925971984863303 ], [ 13.898751258850201, 42.925971984863303 ], [ 13.898751258850201, 42.925415039062599 ], [ 13.899028778076101, 42.925415039062599 ], [ 13.899028778076101, 42.924861907958899 ], [ 13.899305343627899, 42.924861907958899 ], [ 13.899305343627899, 42.924583435058501 ], [ 13.899582862854, 42.924583435058501 ], [ 13.899582862854, 42.924026489257798 ], [ 13.8998613357544, 42.924026489257798 ], [ 13.8998613357544, 42.923751831054702 ], [ 13.900138854980501, 42.923751831054702 ], [ 13.900138854980501, 42.923194885253999 ], [ 13.9004173278809, 42.923194885253999 ], [ 13.9004173278809, 42.922637939453203 ], [ 13.9006948471069, 42.922637939453203 ], [ 13.9006948471069, 42.922359466552798 ], [ 13.900973320007299, 42.922359466552798 ], [ 13.900973320007299, 42.921806335449297 ], [ 13.9012508392335, 42.921806335449297 ], [ 13.9012508392335, 42.921527862548899 ], [ 13.901527404785201, 42.921527862548899 ], [ 13.901527404785201, 42.920970916748097 ], [ 13.9018049240113, 42.920970916748097 ], [ 13.9018049240113, 42.920696258544901 ], [ 13.902083396911699, 42.920696258544901 ], [ 13.902083396911699, 42.920139312744098 ], [ 13.9023609161378, 42.920139312744098 ], [ 13.9023609161378, 42.9198608398438 ], [ 13.9026393890381, 42.9198608398438 ], [ 13.9026393890381, 42.919303894042997 ], [ 13.9029169082643, 42.919303894042997 ], [ 13.9029169082643, 42.91902923584 ], [ 13.9031953811647, 42.91902923584 ], [ 13.9031953811647, 42.918472290038999 ], [ 13.9034709930419, 42.918472290038999 ], [ 13.9034709930419, 42.917915344238303 ], [ 13.903751373291099, 42.917915344238303 ], [ 13.903751373291099, 42.917640686035199 ], [ 13.9040269851685, 42.917640686035199 ], [ 13.9040269851685, 42.917083740234503 ], [ 13.9043054580688, 42.917083740234503 ], [ 13.9043054580688, 42.916805267334098 ], [ 13.904582977294901, 42.916805267334098 ], [ 13.904582977294901, 42.916248321533303 ], [ 13.9048614501953, 42.916248321533303 ], [ 13.9048614501953, 42.915695190429702 ], [ 13.905138969421399, 42.915695190429702 ], [ 13.905138969421399, 42.915138244628999 ], [ 13.9054174423218, 42.915138244628999 ], [ 13.9054174423218, 42.914585113525398 ], [ 13.9056930541993, 42.914585113525398 ], [ 13.9056930541993, 42.914028167724602 ], [ 13.9059734344482, 42.914028167724602 ], [ 13.9059734344482, 42.9134712219238 ], [ 13.9062490463257, 42.9134712219238 ], [ 13.9062490463257, 42.912918090820398 ], [ 13.9065265655518, 42.912918090820398 ], [ 13.9065265655518, 42.912361145019602 ], [ 13.9068050384522, 42.912361145019602 ], [ 13.9068050384522, 42.912082672119098 ], [ 13.907082557678301, 42.912082672119098 ], [ 13.907082557678301, 42.911529541015703 ], [ 13.9073610305787, 42.911529541015703 ], [ 13.9073610305787, 42.910972595214901 ], [ 13.9076385498047, 42.910972595214901 ], [ 13.9076385498047, 42.910415649414198 ], [ 13.907917022705099, 42.910415649414198 ], [ 13.907917022705099, 42.909862518310497 ], [ 13.908196449279799, 42.909862518310497 ], [ 13.908196449279799, 42.909305572509801 ], [ 13.908471107483001, 42.909305572509801 ], [ 13.908471107483001, 42.908473968505902 ], [ 13.908748626708901, 42.908473968505902 ], [ 13.908748626708901, 42.907917022705099 ], [ 13.909027099609499, 42.907917022705099 ], [ 13.909027099609499, 42.907360076904297 ], [ 13.909304618835399, 42.907360076904297 ], [ 13.909304618835399, 42.906806945800902 ], [ 13.9095840454103, 42.906806945800902 ], [ 13.9095840454103, 42.905971527099702 ], [ 13.9098615646363, 42.905971527099702 ], [ 13.9098615646363, 42.9054183959962 ], [ 13.910140037536699, 42.9054183959962 ], [ 13.910140037536699, 42.904861450195398 ], [ 13.910417556762599, 42.904861450195398 ], [ 13.910417556762599, 42.904304504394602 ], [ 13.910693168640099, 42.904304504394602 ], [ 13.910693168640099, 42.903472900390597 ], [ 13.910971641540501, 42.903472900390597 ], [ 13.910971641540501, 42.902915954589901 ], [ 13.9112501144409, 42.902915954589901 ], [ 13.9112501144409, 42.902084350585902 ], [ 13.911527633666999, 42.902084350585902 ], [ 13.911527633666999, 42.901248931884801 ], [ 13.911806106567401, 42.901248931884801 ], [ 13.911808013916, 42.900695800781399 ], [ 13.9120836257935, 42.900695800781399 ], [ 13.9120836257935, 42.900279998779297 ], [ 13.9120836257935, 42.900138854980597 ], [ 13.9123620986938, 42.900138854980597 ], [ 13.9123620986938, 42.899860382080199 ], [ 13.9123620986938, 42.899581909179801 ], [ 13.912544250488301, 42.899581909179801 ], [ 13.9126377105713, 42.899581909179801 ], [ 13.9126377105713, 42.899425506591903 ], [ 13.9126377105713, 42.899307250976598 ], [ 13.912916183471699, 42.899307250976598 ], [ 13.9129180908203, 42.8990287780762 ], [ 13.9131937026978, 42.8990287780762 ], [ 13.9131937026978, 42.898597717285298 ], [ 13.9131937026978, 42.898471832275398 ], [ 13.9134721755982, 42.898471832275398 ], [ 13.9134721755982, 42.898193359375099 ], [ 13.9137496948243, 42.898193359375099 ], [ 13.9137496948243, 42.897914886474702 ], [ 13.9140281677247, 42.897914886474702 ], [ 13.9140281677247, 42.897640228271499 ], [ 13.914305686950801, 42.897640228271499 ], [ 13.914305686950801, 42.897083282470703 ], [ 13.914584159851101, 42.897083282470703 ], [ 13.914584159851101, 42.896804809570398 ], [ 13.9148597717285, 42.896804809570398 ], [ 13.9148597717285, 42.89652633667 ], [ 13.915140151977701, 42.89652633667 ], [ 13.915140151977701, 42.8959732055663 ], [ 13.915415763854901, 42.8959732055663 ], [ 13.915415763854901, 42.8956108093262 ], [ 13.9111843109131, 42.895736694336101 ], [ 13.909175872802701, 42.895725250244098 ], [ 13.9054412841797, 42.895626068115298 ], [ 13.903978347778301, 42.895416259765597 ], [ 13.9022998809815, 42.895179748535298 ], [ 13.8903551101685, 42.8921508789062 ], [ 13.884696960449199, 42.892852783203203 ], [ 13.8843584060668, 42.892711639404297 ], [ 13.883822441101101, 42.892501831054801 ], [ 13.8831024169921, 42.892250061035199 ], [ 13.8757886886597, 42.889816284179801 ], [ 13.8560018539428, 42.8849906921388 ], [ 13.854718208313001, 42.8849296569825 ], [ 13.8493566513062, 42.884864807128999 ], [ 13.843560218811101, 42.885108947753899 ], [ 13.837506294250501, 42.883289337158097 ], [ 13.8356714248657, 42.882694244384901 ], [ 13.8320398330688, 42.882118225097699 ], [ 13.824376106262299, 42.880867004394602 ], [ 13.8238687515259, 42.8807792663575 ], [ 13.8229751586915, 42.880630493164098 ], [ 13.8218536376954, 42.880329132080099 ], [ 13.8202352523804, 42.8798637390137 ], [ 13.818495750427299, 42.879234313964801 ], [ 13.817573547363301, 42.878757476806598 ], [ 13.817040443420501, 42.878482818603601 ], [ 13.815926551818899, 42.877700805664098 ], [ 13.815825462341399, 42.877624511718899 ], [ 13.8147192001343, 42.876823425292997 ], [ 13.8141679763793, 42.876369476318501 ], [ 13.814093589782701, 42.876312255859503 ], [ 13.8139839172363, 42.876220703125099 ], [ 13.8136587142944, 42.8756713867188 ], [ 13.813554763793899, 42.875045776367202 ], [ 13.8135337829591, 42.8749008178712 ], [ 13.813341140746999, 42.874214172363402 ], [ 13.8127584457397, 42.873615264892599 ], [ 13.8118295669556, 42.873062133789198 ], [ 13.8063859939575, 42.870323181152401 ], [ 13.80495262146, 42.869606018066499 ], [ 13.8017377853393, 42.868228912353501 ], [ 13.800256729126, 42.867679595947301 ], [ 13.7807569503784, 42.861938476562599 ], [ 13.778868675231999, 42.861400604247997 ], [ 13.774982452392599, 42.860439300537102 ], [ 13.7718458175659, 42.859992980957102 ], [ 13.770380020141699, 42.859889984130902 ], [ 13.7638301849366, 42.8596420288087 ], [ 13.7425737380982, 42.856811523437599 ], [ 13.723403930664199, 42.856311798095803 ], [ 13.7074899673462, 42.849903106689403 ], [ 13.711345672607401, 42.8451766967775 ], [ 13.7116975784303, 42.844703674316399 ], [ 13.711804389953601, 42.844318389892699 ], [ 13.708470344543599, 42.837726593017599 ], [ 13.701289176941, 42.825321197509801 ], [ 13.7005786895753, 42.824104309082003 ], [ 13.7003641128541, 42.823760986328203 ], [ 13.700218200683601, 42.823581695556598 ], [ 13.7000379562379, 42.823482513427798 ], [ 13.6974935531616, 42.822433471679702 ], [ 13.695184707641699, 42.821540832519602 ], [ 13.692463874816999, 42.820583343505902 ], [ 13.689639091491699, 42.819610595703203 ], [ 13.688163757324199, 42.819313049316399 ], [ 13.6879062652588, 42.819267272949297 ], [ 13.687603950500501, 42.819217681884801 ], [ 13.6861667633057, 42.819011688232401 ], [ 13.685057640075801, 42.818813323974602 ], [ 13.677371978759901, 42.816097259521598 ], [ 13.6733150482178, 42.814266204833999 ], [ 13.6664400100709, 42.811107635498097 ], [ 13.666167259216399, 42.810848236083999 ], [ 13.664508819580099, 42.808082580566399 ], [ 13.6625776290894, 42.807872772216903 ], [ 13.6521320343019, 42.806163787841903 ], [ 13.648588180542101, 42.805099487304702 ], [ 13.6477708816529, 42.804874420166101 ], [ 13.6467580795287, 42.804801940917898 ], [ 13.6458053588868, 42.804748535156399 ], [ 13.643314361572299, 42.804603576660099 ], [ 13.636425018310501, 42.8042602539062 ], [ 13.6318578720094, 42.806102752685497 ], [ 13.6296901702881, 42.807903289795 ], [ 13.629274368286101, 42.808475494384901 ], [ 13.628883361816399, 42.8090209960937 ], [ 13.6283321380616, 42.811336517334098 ], [ 13.6283531188966, 42.813110351562599 ], [ 13.6290292739869, 42.815372467041101 ], [ 13.629280090331999, 42.815959930419901 ], [ 13.6287479400635, 42.816223144531399 ], [ 13.6260099411012, 42.817272186279403 ], [ 13.6253185272218, 42.817504882812599 ], [ 13.6236171722413, 42.817104339599602 ], [ 13.6226167678834, 42.816852569580199 ], [ 13.622373580932599, 42.816791534423899 ], [ 13.6218795776368, 42.816665649414098 ], [ 13.6215648651122, 42.8164672851562 ], [ 13.621479034423899, 42.816413879394602 ], [ 13.619963645935099, 42.815277099609503 ], [ 13.6195898056031, 42.8148193359375 ], [ 13.619468688965, 42.8143730163575 ], [ 13.6190938949584, 42.814083099365199 ], [ 13.617668151855501, 42.813022613525398 ], [ 13.6145896911622, 42.811473846435597 ], [ 13.6141185760497, 42.811267852783303 ], [ 13.6024179458618, 42.8073120117188 ], [ 13.600622177124, 42.807281494140597 ], [ 13.5941877365113, 42.807300567627003 ], [ 13.591448783874601, 42.807342529296903 ], [ 13.590785026550201, 42.807468414306697 ], [ 13.5819969177247, 42.805107116699297 ], [ 13.575626373291099, 42.801780700683601 ], [ 13.5744733810425, 42.8014526367188 ], [ 13.574309349060099, 42.801422119140597 ], [ 13.573828697204601, 42.801342010498097 ], [ 13.573439598083599, 42.801338195800902 ], [ 13.573157310485801, 42.801334381103501 ], [ 13.572369575500501, 42.801467895507898 ], [ 13.5559406280518, 42.805358886718899 ], [ 13.554162979126, 42.806522369384801 ], [ 13.548420906066999, 42.813076019287202 ], [ 13.5477695465088, 42.8138656616212 ], [ 13.547645568847701, 42.814102172851698 ], [ 13.5474100112916, 42.8145980834962 ], [ 13.5470476150513, 42.815429687500099 ], [ 13.5468683242797, 42.816253662109403 ], [ 13.546501159668001, 42.816864013671903 ], [ 13.545669555664199, 42.817348480224602 ], [ 13.544555664062401, 42.817913055419901 ], [ 13.543833732605099, 42.817939758300902 ], [ 13.540838241577299, 42.817909240722798 ], [ 13.535913467407299, 42.817760467529403 ], [ 13.5354366302491, 42.817619323730497 ], [ 13.5334520339966, 42.813190460205099 ], [ 13.5333261489868, 42.812286376953097 ], [ 13.5331020355225, 42.807613372802699 ], [ 13.5327138900757, 42.803020477294901 ], [ 13.532595634460399, 42.802112579345803 ], [ 13.5309915542604, 42.797737121582003 ], [ 13.530655860900801, 42.796951293945398 ], [ 13.530377388000501, 42.796665191650497 ], [ 13.530022621154901, 42.796306610107401 ], [ 13.5163660049438, 42.787048339843899 ], [ 13.507700920105, 42.777278900146499 ], [ 13.5061292648315, 42.776531219482401 ], [ 13.505900382995501, 42.776416778564602 ], [ 13.5051221847535, 42.775699615478601 ], [ 13.503232955932701, 42.771930694580099 ], [ 13.5027208328247, 42.763759613037102 ], [ 13.502923011779799, 42.763004302978601 ], [ 13.5038614273072, 42.759574890136797 ], [ 13.504377365112401, 42.758953094482401 ], [ 13.504908561706699, 42.758174896240199 ], [ 13.5055494308472, 42.749351501464801 ], [ 13.5055427551269, 42.748645782470703 ], [ 13.505524635314901, 42.748554229736399 ], [ 13.505140304565501, 42.748046875000099 ], [ 13.494360923766999, 42.737579345703203 ], [ 13.490415573120201, 42.734977722168097 ], [ 13.4897155761719, 42.734634399414098 ], [ 13.480649948120099, 42.733245849609503 ], [ 13.4757251739503, 42.733352661132898 ], [ 13.4698476791382, 42.733894348144503 ], [ 13.467263221740801, 42.734439849853601 ], [ 13.4669713974, 42.7345161437988 ], [ 13.4665861129762, 42.734619140625 ], [ 13.4662475585938, 42.734710693359403 ], [ 13.4556035995485, 42.734889984130803 ], [ 13.4530248641968, 42.734874725341903 ], [ 13.452725410461399, 42.734771728515703 ], [ 13.44890499115, 42.733180999755803 ], [ 13.4465980529785, 42.7316093444825 ], [ 13.4420413970947, 42.72713470459 ], [ 13.438611984253001, 42.717903137207102 ], [ 13.4283142089844, 42.707389831542997 ], [ 13.403606414795, 42.695278167724602 ], [ 13.402739524841399, 42.694770812988303 ], [ 13.4023036956788, 42.694160461425902 ], [ 13.4019727706909, 42.693256378173899 ], [ 13.401701927185099, 42.6924057006837 ], [ 13.4011592864991, 42.691684722900398 ], [ 13.4003582000732, 42.691017150878999 ], [ 13.3986768722535, 42.689960479736399 ], [ 13.393518447876099, 42.688346862792997 ], [ 13.392336845398001, 42.688232421875099 ], [ 13.3908996582032, 42.688121795654403 ], [ 13.389723777771099, 42.688266754150398 ], [ 13.3817510604859, 42.691677093505902 ], [ 13.368919372558601, 42.694103240966797 ], [ 13.3675651550294, 42.694057464599702 ], [ 13.366016387939499, 42.694007873535199 ], [ 13.364976882934601, 42.694057464599702 ], [ 13.3638277053834, 42.694553375244197 ], [ 13.362813949585, 42.695079803466797 ], [ 13.3597784042359, 42.696792602539198 ], [ 13.3443479537963, 42.702278137207102 ], [ 13.343727111816399, 42.702236175537202 ], [ 13.343285560608001, 42.702281951904197 ], [ 13.342842102050801, 42.702430725097699 ], [ 13.342448234558001, 42.702564239502003 ], [ 13.342064857482899, 42.702724456787102 ], [ 13.341643333435099, 42.702995300292997 ], [ 13.3373794555665, 42.705841064453097 ], [ 13.329179763794, 42.712890625 ], [ 13.3289775848388, 42.713150024414098 ], [ 13.3277950286866, 42.715366363525398 ], [ 13.327537536621101, 42.7162895202637 ], [ 13.327496528625501, 42.716461181640703 ], [ 13.327267646789601, 42.716861724853601 ], [ 13.327052116394, 42.717090606689503 ], [ 13.324854850769199, 42.7193412780762 ], [ 13.320055961608899, 42.723411560058601 ], [ 13.314170837402299, 42.7269477844238 ], [ 13.311382293701101, 42.728469848632898 ], [ 13.3107948303222, 42.728725433349702 ], [ 13.310357093811, 42.728878021240298 ], [ 13.3099584579468, 42.728988647461001 ], [ 13.3086109161378, 42.729301452636697 ], [ 13.3074083328247, 42.729537963867202 ], [ 13.305356979370099, 42.7299194335938 ], [ 13.3030128479004, 42.7303276062012 ], [ 13.3010616302491, 42.730640411377102 ], [ 13.3003692626954, 42.7305717468262 ], [ 13.299869537353599, 42.7304916381837 ], [ 13.298785209655801, 42.730480194091903 ], [ 13.2982187271119, 42.730537414550803 ], [ 13.297568321228001, 42.730686187744297 ], [ 13.295478820800801, 42.731575012207003 ], [ 13.294563293456999, 42.732032775878999 ], [ 13.2936553955079, 42.732620239257898 ], [ 13.291363716125399, 42.734207153320398 ], [ 13.291270256042599, 42.734512329101598 ], [ 13.2910041809082, 42.735748291015597 ], [ 13.288670539856099, 42.740180969238303 ], [ 13.2884082794191, 42.740421295166001 ], [ 13.2879333496094, 42.740829467773501 ], [ 13.287532806396401, 42.741138458252102 ], [ 13.287184715271099, 42.741367340087997 ], [ 13.286802291870201, 42.741455078125099 ], [ 13.275624275207599, 42.741470336913999 ], [ 13.265425682068001, 42.741146087646598 ], [ 13.265292167663601, 42.740943908691399 ], [ 13.264508247375501, 42.739692687988303 ], [ 13.264300346374499, 42.739292144775398 ], [ 13.261715888977101, 42.734275817871101 ], [ 13.2615470886232, 42.733768463134801 ], [ 13.261412620544499, 42.733314514160099 ], [ 13.2608289718628, 42.7310180664062 ], [ 13.260847091674901, 42.730846405029403 ], [ 13.260938644409199, 42.730594635009801 ], [ 13.261040687561101, 42.730457305908303 ], [ 13.2612190246581, 42.730197906494197 ], [ 13.2612991333007, 42.729946136474602 ], [ 13.2613830566407, 42.729576110839901 ], [ 13.261303901672401, 42.729343414306697 ], [ 13.261152267456101, 42.7291069030762 ], [ 13.2583665847778, 42.725181579589901 ], [ 13.258023262023899, 42.724788665771399 ], [ 13.2575559616088, 42.724300384521499 ], [ 13.255873680114799, 42.722728729247997 ], [ 13.2553634643556, 42.722454071045 ], [ 13.2550621032716, 42.722412109375 ], [ 13.233028411865201, 42.727657318115199 ], [ 13.2080030441284, 42.7318344116212 ], [ 13.202963829040501, 42.735088348388601 ], [ 13.2021026611329, 42.735649108886797 ], [ 13.201642036438001, 42.735958099365298 ], [ 13.2011260986329, 42.736057281494098 ], [ 13.200834274291999, 42.736045837402401 ], [ 13.198727607727101, 42.735767364502003 ], [ 13.1907052993776, 42.734432220458999 ], [ 13.188627243041999, 42.734535217285199 ], [ 13.188536643981999, 42.734634399414098 ], [ 13.188493728637599, 42.734859466552798 ], [ 13.1885070800781, 42.735218048095803 ], [ 13.1885213851929, 42.735599517822401 ], [ 13.1885480880737, 42.735931396484503 ], [ 13.188627243041999, 42.736591339111399 ], [ 13.188714027404799, 42.736923217773402 ], [ 13.189190864563001, 42.738162994384801 ], [ 13.1892957687378, 42.738349914550803 ], [ 13.1894941329956, 42.738674163818501 ], [ 13.1897163391113, 42.739032745361399 ], [ 13.1899633407593, 42.739364624023601 ], [ 13.190258026123001, 42.739704132080099 ], [ 13.190590858459499, 42.740024566650497 ], [ 13.1931219100953, 42.742458343505902 ], [ 13.1946935653688, 42.743862152099602 ], [ 13.1957807540894, 42.744293212890703 ], [ 13.1962757110597, 42.744518280029403 ], [ 13.1965522766113, 42.744674682617301 ], [ 13.199884414673001, 42.748992919921903 ], [ 13.200082778930801, 42.749324798583999 ], [ 13.2001962661744, 42.7496147155762 ], [ 13.2002592086793, 42.750003814697301 ], [ 13.200496673584, 42.751655578613303 ], [ 13.200509071350099, 42.751907348632898 ], [ 13.200504302978599, 42.752075195312599 ], [ 13.200474739074799, 42.752632141113303 ], [ 13.2001771926881, 42.754116058349702 ], [ 13.2000942230225, 42.754428863525398 ], [ 13.199844360351699, 42.755008697509801 ], [ 13.199714660644499, 42.755279541015703 ], [ 13.1994485855103, 42.755611419677798 ], [ 13.1971349716187, 42.757869720458999 ], [ 13.204216957092299, 42.7643852233887 ], [ 13.217391967773599, 42.772457122802798 ], [ 13.218077659606999, 42.772838592529403 ], [ 13.2185258865356, 42.773006439209098 ], [ 13.221940994262701, 42.7736625671387 ], [ 13.222454071045, 42.773700714111399 ], [ 13.2352151870728, 42.774120330810597 ], [ 13.235497474670501, 42.7740707397462 ], [ 13.2359666824341, 42.773880004882898 ], [ 13.236269950866699, 42.7735404968262 ], [ 13.2364597320557, 42.7732963562012 ], [ 13.2366800308229, 42.772880554199297 ], [ 13.237494468689, 42.771312713623203 ], [ 13.2377281188966, 42.770816802978501 ], [ 13.2377080917359, 42.770248413086101 ], [ 13.237607955932599, 42.769897460937401 ], [ 13.237591743469199, 42.7695922851563 ], [ 13.2375574111938, 42.768672943115199 ], [ 13.237562179565501, 42.767211914062599 ], [ 13.2376136779785, 42.766666412353601 ], [ 13.239330291748001, 42.762172698974602 ], [ 13.2394561767579, 42.761924743652301 ], [ 13.241427421569901, 42.7632064819337 ], [ 13.242240905761699, 42.763782501220803 ], [ 13.2459154129029, 42.7678833007813 ], [ 13.2462329864503, 42.768302917480497 ], [ 13.2465019226075, 42.768745422363203 ], [ 13.251681327819799, 42.789680480957102 ], [ 13.2525939941406, 42.795043945312599 ], [ 13.2556018829347, 42.796783447265597 ], [ 13.2593145370484, 42.798656463622997 ], [ 13.260313987731999, 42.799259185791101 ], [ 13.26491355896, 42.809223175048899 ], [ 13.265057563781699, 42.809741973877003 ], [ 13.2650918960572, 42.810260772705099 ], [ 13.265067100525, 42.810756683349702 ], [ 13.2641611099244, 42.815177917480497 ], [ 13.264035224914601, 42.815731048584098 ], [ 13.263783454895, 42.816410064697301 ], [ 13.2635755538941, 42.816852569580199 ], [ 13.263322830200201, 42.817127227783203 ], [ 13.262376785278301, 42.817554473877003 ], [ 13.261921882629499, 42.817813873291101 ], [ 13.2614107131959, 42.818122863769602 ], [ 13.2603397369385, 42.818782806396598 ], [ 13.258261680603001, 42.820102691650497 ], [ 13.257896423339799, 42.820480346679702 ], [ 13.2575120925904, 42.821060180664098 ], [ 13.256752014160201, 42.822444915771399 ], [ 13.256218910217299, 42.8235473632812 ], [ 13.2519578933716, 42.834602355957003 ], [ 13.250713348388601, 42.841819763183601 ], [ 13.250706672668599, 42.8424682617188 ], [ 13.250593185424799, 42.843025207519602 ], [ 13.250241279601999, 42.844669342041101 ], [ 13.2488670349121, 42.850437164306797 ], [ 13.248656272888301, 42.8509330749512 ], [ 13.2444458007813, 42.859619140625099 ], [ 13.244332313537701, 42.859760284423899 ], [ 13.2406911849975, 42.864231109619098 ], [ 13.239616394043001, 42.865470886230497 ], [ 13.2391242980957, 42.865966796875099 ], [ 13.2379398345947, 42.867160797119197 ], [ 13.237045288086099, 42.868057250976598 ], [ 13.2368450164794, 42.868217468261797 ], [ 13.236183166503899, 42.868656158447301 ], [ 13.233907699585, 42.862590789795 ], [ 13.2331190109254, 42.8572006225587 ], [ 13.233036041259799, 42.856685638427798 ], [ 13.232842445373601, 42.856197357177699 ], [ 13.232501029968301, 42.855705261230597 ], [ 13.2321939468384, 42.855293273925902 ], [ 13.2318115234375, 42.854965209960902 ], [ 13.213158607483001, 42.842681884765703 ], [ 13.2127485275268, 42.842487335205099 ], [ 13.188468933105501, 42.835441589355497 ], [ 13.188130378723301, 42.8354721069337 ], [ 13.1799783706666, 42.837127685546903 ], [ 13.1708936691285, 42.834999084472699 ], [ 13.1639099121094, 42.833118438720597 ], [ 13.1635351181031, 42.832954406738303 ], [ 13.1630611419678, 42.8328666687012 ], [ 13.162609100341699, 42.832820892333999 ], [ 13.1621437072754, 42.832824707031399 ], [ 13.161787033081101, 42.8328666687012 ], [ 13.1565465927125, 42.834995269775497 ], [ 13.155754089355501, 42.835422515869098 ], [ 13.1554918289185, 42.835582733154403 ], [ 13.1452941894532, 42.848033905029297 ], [ 13.1449890136719, 42.848449707031399 ], [ 13.1447429656982, 42.848876953125 ], [ 13.144091606140099, 42.8502006530762 ], [ 13.1424856185913, 42.853542327880902 ], [ 13.128913879394601, 42.868927001953097 ], [ 13.126256942749, 42.871395111083999 ], [ 13.122827529907299, 42.874637603759801 ], [ 13.1188669204712, 42.8801078796387 ], [ 13.116181373596101, 42.884277343750099 ], [ 13.11363697052, 42.8894233703613 ], [ 13.113157272338899, 42.890296936035199 ], [ 13.1126899719238, 42.890396118164198 ], [ 13.109642982483001, 42.891086578369297 ], [ 13.1090002059937, 42.891265869140597 ], [ 13.081650733947701, 42.900489807128999 ], [ 13.079797744751, 42.901405334472699 ], [ 13.078012466430801, 42.902313232421903 ], [ 13.074806213378899, 42.903968811035298 ], [ 13.0735483169556, 42.904621124267699 ], [ 13.070396423339799, 42.906341552734403 ], [ 13.0701093673706, 42.906517028808601 ], [ 13.069909095764199, 42.906642913818402 ], [ 13.0696210861207, 42.906833648681697 ], [ 13.0693311691284, 42.907100677490298 ], [ 13.0691528320313, 42.9073295593262 ], [ 13.068856239319, 42.907783508300902 ], [ 13.068627357483001, 42.908088684082102 ], [ 13.068359375000099, 42.908424377441399 ], [ 13.0677499771118, 42.909088134765703 ], [ 13.0670413970947, 42.9098129272462 ], [ 13.0647506713868, 42.912147521972798 ], [ 13.063941955566399, 42.912956237792997 ], [ 13.060872077941999, 42.915935516357401 ], [ 13.0552101135253, 42.921066284179702 ], [ 13.053725242614901, 42.920753479003999 ], [ 13.0535068511963, 42.920688629150398 ], [ 13.045968055725201, 42.917289733886797 ], [ 13.0456800460815, 42.917114257812599 ], [ 13.0440826416016, 42.916061401367202 ], [ 13.0438699722291, 42.9158325195312 ], [ 13.043579101562599, 42.915351867675803 ], [ 13.0432100296022, 42.914642333984503 ], [ 13.0379438400269, 42.908412933349702 ], [ 13.025875091552701, 42.903537750244098 ], [ 13.012566566467401, 42.903713226318402 ], [ 13.0118436813356, 42.903736114502003 ], [ 13.011450767517101, 42.903766632080099 ], [ 13.011080741882401, 42.903820037841903 ], [ 13.010551452636699, 42.903923034668097 ], [ 13.0101690292359, 42.904003143310597 ], [ 13.0097818374634, 42.9042358398438 ], [ 13.0091018676759, 42.904823303222699 ], [ 13.0076990127563, 42.906147003173899 ], [ 13.006940841674901, 42.906875610351598 ], [ 13.006662368774499, 42.907192230224602 ], [ 13.001765251159799, 42.909351348877003 ], [ 12.996519088745099, 42.903446197509901 ], [ 13.000464439392101, 42.894687652587997 ], [ 13.0013103485107, 42.889892578125 ], [ 12.9968166351319, 42.886646270752003 ], [ 12.9965667724609, 42.886425018310597 ], [ 12.996416091918899, 42.886196136474602 ], [ 12.9957790374756, 42.885059356689503 ], [ 12.995562553405801, 42.884544372558601 ], [ 12.9939689636232, 42.880443572997997 ], [ 12.9911670684815, 42.872085571289198 ], [ 12.991016387939499, 42.871833801269602 ], [ 12.9900436401368, 42.870460510253899 ], [ 12.9895992279054, 42.870246887207003 ], [ 12.987919807434, 42.869533538818501 ], [ 12.977093696594199, 42.8707695007325 ], [ 12.9764137268068, 42.873367309570398 ], [ 12.974328041076699, 42.879787445068402 ], [ 12.9725637435913, 42.8924751281738 ], [ 12.969311714172401, 42.901649475097798 ], [ 12.969938278198301, 42.9042167663575 ], [ 12.971359252929799, 42.909069061279297 ], [ 12.975457191467299, 42.919731140136797 ], [ 12.975899696350201, 42.920402526855497 ], [ 12.976293563842701, 42.921096801757898 ], [ 12.976417541503899, 42.921440124511797 ], [ 12.976540565490801, 42.921787261962997 ], [ 12.9766302108765, 42.922046661377003 ], [ 12.97669506073, 42.922321319580099 ], [ 12.977310180664, 42.924869537353501 ], [ 12.9776620864869, 42.926452636718899 ], [ 12.977705001831101, 42.926647186279297 ], [ 12.9776868820191, 42.926845550537202 ], [ 12.977618217468301, 42.927059173583999 ], [ 12.977288246154901, 42.927429199218899 ], [ 12.977099418640201, 42.927547454833999 ], [ 12.976942062377899, 42.927623748779403 ], [ 12.9767513275146, 42.927719116211001 ], [ 12.975383758545, 42.928298950195398 ], [ 12.9743766784668, 42.928703308105497 ], [ 12.973970413208001, 42.928825378417997 ], [ 12.973477363586399, 42.928932189941499 ], [ 12.972590446472299, 42.929073333740199 ], [ 12.970250129699799, 42.929405212402301 ], [ 12.9629373550416, 42.9297103881837 ], [ 12.9502782821656, 42.930923461914098 ], [ 12.948964118957599, 42.942436218261797 ], [ 12.947701454162701, 42.942413330078203 ], [ 12.947050094604499, 42.942417144775298 ], [ 12.9465970993043, 42.942436218261797 ], [ 12.94522190094, 42.942512512207003 ], [ 12.9432992935181, 42.942840576172003 ], [ 12.9425582885743, 42.9430122375488 ], [ 12.941899299621699, 42.943222045898601 ], [ 12.916772842407299, 42.954605102539098 ], [ 12.897536277771099, 42.964878082275497 ], [ 12.8967609405518, 42.965549468994098 ], [ 12.8974390029907, 42.968334197998203 ], [ 12.898486137390201, 42.972137451171903 ], [ 12.899035453796399, 42.973640441894503 ], [ 12.899253845215, 42.974086761474602 ], [ 12.899495124816999, 42.974514007568402 ], [ 12.900071144103901, 42.975276947021499 ], [ 12.900294303894199, 42.975563049316399 ], [ 12.9011917114257, 42.9765815734863 ], [ 12.901404380798301, 42.976806640625099 ], [ 12.9019193649293, 42.977184295654297 ], [ 12.9022903442384, 42.977451324462997 ], [ 12.903431892395, 42.978179931640597 ], [ 12.9042501449585, 42.978595733642699 ], [ 12.905690193176399, 42.97953414917 ], [ 12.9068183898925, 42.980281829833999 ], [ 12.909106254577599, 42.985828399658303 ], [ 12.909166336059601, 42.986270904541101 ], [ 12.9090843200685, 42.986530303955099 ], [ 12.9088621139528, 42.986930847168097 ], [ 12.9086170196534, 42.987274169922003 ], [ 12.908246994018601, 42.987674713134801 ], [ 12.906798362731999, 42.988819122314503 ], [ 12.905559539794901, 42.989784240722798 ], [ 12.8952236175538, 43.0012435913087 ], [ 12.8948411941528, 43.001674652099702 ], [ 12.890239715576101, 43.008182525634901 ], [ 12.8899021148682, 43.008678436279403 ], [ 12.8896961212159, 43.008987426757898 ], [ 12.8893423080444, 43.009639739990298 ], [ 12.8891201019288, 43.010063171386697 ], [ 12.888945579528899, 43.010471343994197 ], [ 12.888898849487401, 43.010757446289198 ], [ 12.888880729675201, 43.011272430419901 ], [ 12.888905525207599, 43.0116386413575 ], [ 12.888990402221699, 43.012027740478501 ], [ 12.8891153335572, 43.012367248535099 ], [ 12.8892612457275, 43.012718200683601 ], [ 12.8894786834718, 43.01318359375 ], [ 12.893079757690501, 43.018730163574297 ], [ 12.8949241638184, 43.021163940429702 ], [ 12.8953590393068, 43.0217094421388 ], [ 12.895712852478001, 43.022148132324297 ], [ 12.898644447326699, 43.025787353515703 ], [ 12.9043064117431, 43.028175354003899 ], [ 12.9076490402222, 43.036350250244197 ], [ 12.905547142028899, 43.038978576660298 ], [ 12.9048080444337, 43.039737701416001 ], [ 12.8993959426881, 43.044754028320298 ], [ 12.899029731750399, 43.0450630187988 ], [ 12.8987398147584, 43.045265197753999 ], [ 12.8984632492065, 43.045459747314403 ], [ 12.897230148315501, 43.045303344726698 ], [ 12.894920349121101, 43.046138763427798 ], [ 12.894726753234901, 43.046298980712898 ], [ 12.894547462463301, 43.046520233154403 ], [ 12.893995285034199, 43.047264099121101 ], [ 12.8930749893188, 43.048671722412102 ], [ 12.892977714538601, 43.048995971679702 ], [ 12.8928241729737, 43.0495414733887 ], [ 12.8927097320557, 43.050025939941499 ], [ 12.8915090560913, 43.0560111999512 ], [ 12.890999794006399, 43.059070587158303 ], [ 12.8908748626709, 43.059841156005902 ], [ 12.8910131454469, 43.0604667663575 ], [ 12.892404556274499, 43.063552856445398 ], [ 12.8927640914918, 43.064544677734503 ], [ 12.893055915832599, 43.065689086914198 ], [ 12.8939914703369, 43.069587707519503 ], [ 12.895869255066, 43.078231811523501 ], [ 12.897209167480501, 43.090412139892699 ], [ 12.898262977600201, 43.094444274902401 ], [ 12.894677162170501, 43.093318939208999 ], [ 12.8943319320679, 43.093341827392599 ], [ 12.893937110901, 43.093410491943402 ], [ 12.893700599670501, 43.093479156494098 ], [ 12.8931169509887, 43.093673706054702 ], [ 12.8926906585694, 43.093917846679801 ], [ 12.8871984481813, 43.098934173583999 ], [ 12.8863639831544, 43.099971771240199 ], [ 12.8862104415893, 43.100177764892599 ], [ 12.8859605789185, 43.100601196289198 ], [ 12.8859157562256, 43.1008911132813 ], [ 12.884877204895099, 43.108581542968899 ], [ 12.8848485946656, 43.108963012695398 ], [ 12.8848514556884, 43.109260559082003 ], [ 12.8849287033081, 43.109531402587898 ], [ 12.885044097900501, 43.109794616699197 ], [ 12.885088920593301, 43.109897613525398 ], [ 12.885316848754901, 43.112171173095597 ], [ 12.884279251098601, 43.118392944335902 ], [ 12.884180068969799, 43.118785858154403 ], [ 12.8840951919556, 43.1191024780275 ], [ 12.8839015960694, 43.119701385498097 ], [ 12.883559226989799, 43.120388031005902 ], [ 12.883113861084, 43.121170043945398 ], [ 12.882893562316999, 43.121471405029403 ], [ 12.8826513290406, 43.121765136718899 ], [ 12.8822431564331, 43.122169494628999 ], [ 12.8817434310913, 43.122447967529403 ], [ 12.881304740905801, 43.122657775878999 ], [ 12.880830764770501, 43.122867584228501 ], [ 12.879744529724199, 43.123329162597599 ], [ 12.879246711731, 43.123508453369197 ], [ 12.8782396316528, 43.123844146728501 ], [ 12.876823425293001, 43.124286651611399 ], [ 12.876401901245099, 43.124404907226598 ], [ 12.874484062194901, 43.1247749328613 ], [ 12.8732099533082, 43.124992370605597 ], [ 12.8724822998047, 43.125072479248097 ], [ 12.8594627380372, 43.126171112060597 ], [ 12.858955383300801, 43.125934600830099 ], [ 12.8566646575929, 43.124965667724602 ], [ 12.852933883666999, 43.1237602233888 ], [ 12.852263450622599, 43.12357711792 ], [ 12.8515539169313, 43.123451232910199 ], [ 12.84765625, 43.123172760009901 ], [ 12.845437049865801, 43.123016357421903 ], [ 12.8451290130615, 43.123023986816499 ], [ 12.8448085784913, 43.123050689697301 ], [ 12.8444623947144, 43.123115539550902 ], [ 12.8441257476807, 43.123233795166001 ], [ 12.8439388275146, 43.123302459716903 ], [ 12.8432149887085, 43.1239624023438 ], [ 12.842602729797401, 43.124591827392599 ], [ 12.8422651290894, 43.125087738037202 ], [ 12.841718673706101, 43.125961303711101 ], [ 12.8414592742919, 43.126380920410099 ], [ 12.831952095031699, 43.142135620117202 ], [ 12.831806182861399, 43.142505645752003 ], [ 12.830629348755, 43.146209716796797 ], [ 12.830581665039199, 43.146469116210902 ], [ 12.830795288086099, 43.147068023681598 ], [ 12.8311071395875, 43.147300720215 ], [ 12.8322296142579, 43.147869110107401 ], [ 12.832374572753899, 43.1479263305663 ], [ 12.8327884674072, 43.148086547851698 ], [ 12.8332967758179, 43.148258209228501 ], [ 12.8346872329712, 43.148616790771499 ], [ 12.8384189605713, 43.1495170593263 ], [ 12.8414716720582, 43.150447845459098 ], [ 12.844770431518601, 43.151473999023501 ], [ 12.84840965271, 43.152835845947301 ], [ 12.8494892120362, 43.153247833252003 ], [ 12.851708412170501, 43.154190063476698 ], [ 12.852067947387701, 43.154403686523601 ], [ 12.852456092834499, 43.154636383056697 ], [ 12.8528280258179, 43.154876708984403 ], [ 12.8531265258788, 43.155105590820398 ], [ 12.853522300720201, 43.155410766601598 ], [ 12.853808403015099, 43.155666351318402 ], [ 12.8540821075441, 43.1559448242187 ], [ 12.854567527771099, 43.156448364257898 ], [ 12.863427162170501, 43.166923522949297 ], [ 12.869118690490801, 43.18941116333 ], [ 12.869180679321399, 43.196170806884801 ], [ 12.8663263320922, 43.207015991211101 ], [ 12.8642978668213, 43.2109375 ], [ 12.863655090331999, 43.211910247802798 ], [ 12.863574028015099, 43.21199798584 ], [ 12.8632898330688, 43.212196350097798 ], [ 12.851996421814, 43.210865020752003 ], [ 12.8515281677246, 43.210884094238303 ], [ 12.8490867614746, 43.212032318115298 ], [ 12.8466196060182, 43.213222503662202 ], [ 12.8440971374512, 43.214588165283097 ], [ 12.8375329971313, 43.218498229980398 ], [ 12.8387546539307, 43.219806671142599 ], [ 12.8394012451171, 43.220703125 ], [ 12.8394193649293, 43.220893859863303 ], [ 12.83939743042, 43.221164703369197 ], [ 12.8393507003784, 43.221405029296903 ], [ 12.838136672973601, 43.226142883300803 ], [ 12.835651397705201, 43.229942321777301 ], [ 12.835351943969799, 43.230350494384801 ], [ 12.835069656371999, 43.230712890624901 ], [ 12.834454536438001, 43.231376647949297 ], [ 12.834212303161699, 43.231616973877003 ], [ 12.8339071273804, 43.231910705566399 ], [ 12.833374023437599, 43.2323608398438 ], [ 12.832029342651399, 43.233474731445398 ], [ 12.831738471984901, 43.233699798583999 ], [ 12.830760955810501, 43.234485626220703 ], [ 12.829983711242599, 43.235221862792997 ], [ 12.8292684555053, 43.235961914062599 ], [ 12.8290729522706, 43.2362480163575 ], [ 12.8265171051025, 43.249927520752003 ], [ 12.826580047607401, 43.250247955322401 ], [ 12.8272762298585, 43.253192901611399 ], [ 12.8274374008179, 43.253856658935703 ], [ 12.827594757080099, 43.254283905029297 ], [ 12.827663421630801, 43.25443649292 ], [ 12.8291988372804, 43.256637573242301 ], [ 12.8295164108278, 43.257072448730497 ], [ 12.8291969299316, 43.2615356445313 ], [ 12.825690269470201, 43.267520904541101 ], [ 12.8087186813356, 43.2718925476075 ], [ 12.8082494735719, 43.2719535827638 ], [ 12.8079433441162, 43.271907806396499 ], [ 12.806954383850201, 43.271633148193402 ], [ 12.792193412780801, 43.282199859619197 ], [ 12.7909755706787, 43.283130645752003 ], [ 12.7901706695557, 43.283870697021499 ], [ 12.7899141311647, 43.284191131591903 ], [ 12.789863586425801, 43.284549713134901 ], [ 12.789946556091399, 43.285007476806598 ], [ 12.790176391601699, 43.285446166992102 ], [ 12.7926120758057, 43.287967681884901 ], [ 12.7931270599366, 43.288383483886797 ], [ 12.793486595153899, 43.288665771484503 ], [ 12.7945146560668, 43.289222717285298 ], [ 12.7959203720093, 43.289878845214801 ], [ 12.796688079834, 43.2901000976563 ], [ 12.797447204589799, 43.290252685546903 ], [ 12.7983493804932, 43.2905464172363 ], [ 12.7990894317628, 43.290878295898501 ], [ 12.7999839782716, 43.291355133056697 ], [ 12.800524711609, 43.291744232177798 ], [ 12.800671577453601, 43.292125701904403 ], [ 12.8019208908081, 43.295749664306697 ], [ 12.802095413208001, 43.2967338562012 ], [ 12.8030605316163, 43.302463531494297 ], [ 12.8031787872316, 43.303607940673899 ], [ 12.803362846374601, 43.305671691894503 ], [ 12.803368568420399, 43.305850982666101 ], [ 12.8033571243287, 43.306507110595803 ], [ 12.8033256530762, 43.307418823242202 ], [ 12.8031606674194, 43.3085327148437 ], [ 12.7997522354125, 43.325443267822301 ], [ 12.7950448989868, 43.335010528564503 ], [ 12.7949333190918, 43.335212707519602 ], [ 12.794273376464901, 43.336093902587798 ], [ 12.7940921783447, 43.336334228515703 ], [ 12.793951034545801, 43.33650970459 ], [ 12.793221473694, 43.337242126464901 ], [ 12.7926712036132, 43.337753295898402 ], [ 12.792341232299901, 43.338016510009801 ], [ 12.792037010193001, 43.338249206543097 ], [ 12.790571212768601, 43.339096069335902 ], [ 12.78342628479, 43.342121124267599 ], [ 12.7789039611816, 43.347602844238402 ], [ 12.771001815796, 43.360916137695398 ], [ 12.7688713073732, 43.362487792968899 ], [ 12.768693923950099, 43.362598419189403 ], [ 12.766228675842299, 43.3638725280762 ], [ 12.7657642364503, 43.3640747070312 ], [ 12.7635192871094, 43.364730834961001 ], [ 12.7626838684082, 43.364959716797003 ], [ 12.760285377502401, 43.365310668945398 ], [ 12.7595672607422, 43.366523742675803 ], [ 12.760443687439, 43.368480682373203 ], [ 12.760558128356999, 43.368743896484503 ], [ 12.7605752944947, 43.368938446044901 ], [ 12.760552406311101, 43.369228363037202 ], [ 12.759296417236399, 43.373203277587898 ], [ 12.7591981887819, 43.373485565185497 ], [ 12.7591047286988, 43.373664855957102 ], [ 12.7589626312256, 43.373836517334098 ], [ 12.7582683563234, 43.374660491943402 ], [ 12.757407188415501, 43.375545501709098 ], [ 12.7572145462037, 43.375705718994297 ], [ 12.7568349838257, 43.375972747802699 ], [ 12.750547409057701, 43.381828308105497 ], [ 12.7482051849365, 43.389720916747997 ], [ 12.747756004333599, 43.391410827636797 ], [ 12.7584190368653, 43.396640777587898 ], [ 12.762385368347299, 43.397583007812599 ], [ 12.7627868652344, 43.397716522216797 ], [ 12.7641639709472, 43.398204803466903 ], [ 12.7750101089478, 43.4027709960938 ], [ 12.7753763198853, 43.402923583984503 ], [ 12.775495529174799, 43.403022766113303 ], [ 12.7756614685059, 43.403244018554702 ], [ 12.775729179382401, 43.403396606445398 ], [ 12.7806100845337, 43.4151611328125 ], [ 12.7789878845216, 43.417633056640597 ], [ 12.775693893432599, 43.421234130859503 ], [ 12.7722826004029, 43.423984527587997 ], [ 12.7703762054443, 43.424415588378999 ], [ 12.7695789337159, 43.4246215820313 ], [ 12.769188880920501, 43.424808502197301 ], [ 12.7683601379394, 43.425491333007798 ], [ 12.7673873901368, 43.426437377929702 ], [ 12.767144203186, 43.426673889160199 ], [ 12.766848564147899, 43.426986694335902 ], [ 12.7664985656738, 43.428070068359503 ], [ 12.766450881958001, 43.428382873535199 ], [ 12.765726089477599, 43.4339790344238 ], [ 12.767249107361, 43.446342468261797 ], [ 12.767388343811, 43.446559906005902 ], [ 12.769275665283301, 43.4476127624513 ], [ 12.7701015472413, 43.448036193847699 ], [ 12.7727603912354, 43.449367523193501 ], [ 12.774310111999499, 43.449901580810703 ], [ 12.775159835815501, 43.450313568115298 ], [ 12.777377128601101, 43.451465606689602 ], [ 12.774001121521, 43.456306457519602 ], [ 12.772135734558001, 43.458286285400398 ], [ 12.7683868408204, 43.460803985595803 ], [ 12.767086982726999, 43.460483551025398 ], [ 12.7593784332275, 43.459701538086001 ], [ 12.758599281311, 43.459705352783203 ], [ 12.7580766677856, 43.459796905517599 ], [ 12.7564706802368, 43.460079193115199 ], [ 12.756030082702701, 43.460296630859503 ], [ 12.755800247192401, 43.460479736328203 ], [ 12.7552032470704, 43.461257934570398 ], [ 12.752215385437101, 43.464206695556797 ], [ 12.7441873550416, 43.465030670166001 ], [ 12.7355604171753, 43.465301513672003 ], [ 12.734856605529901, 43.4649467468262 ], [ 12.734494209289601, 43.464759826660099 ], [ 12.7342023849487, 43.464599609375 ], [ 12.733733177185099, 43.464275360107401 ], [ 12.733158111572299, 43.463714599609403 ], [ 12.7329969406129, 43.463432312011697 ], [ 12.732889175415, 43.4630546569825 ], [ 12.7329206466675, 43.462799072265703 ], [ 12.731808662414601, 43.461147308349702 ], [ 12.725751876831101, 43.4548950195313 ], [ 12.724846839904799, 43.454322814941499 ], [ 12.7244720458985, 43.454093933105497 ], [ 12.7242431640625, 43.453975677490199 ], [ 12.723936080932701, 43.453876495361399 ], [ 12.7234859466553, 43.453884124755902 ], [ 12.716209411621101, 43.447040557861399 ], [ 12.7157888412475, 43.445117950439503 ], [ 12.7153472900391, 43.443397521972699 ], [ 12.7152147293091, 43.442916870117202 ], [ 12.713508605956999, 43.437049865722798 ], [ 12.7103281021118, 43.426063537597699 ], [ 12.710080146789601, 43.425781250000099 ], [ 12.709800720214901, 43.425632476806697 ], [ 12.7062702178956, 43.426227569580099 ], [ 12.6844882965088, 43.429908752441499 ], [ 12.683896064758301, 43.430225372314503 ], [ 12.6837081909181, 43.430568695068402 ], [ 12.6836681365968, 43.430957794189503 ], [ 12.6835613250732, 43.431533813476698 ], [ 12.6834211349488, 43.431941986083999 ], [ 12.683287620544499, 43.432193756103601 ], [ 12.6828622817993, 43.432662963867301 ], [ 12.682416915893601, 43.432998657226598 ], [ 12.680869102478001, 43.434066772460902 ], [ 12.6803150177003, 43.434383392333999 ], [ 12.6797075271606, 43.434703826904197 ], [ 12.679102897644, 43.435024261474702 ], [ 12.678551673889199, 43.435207366943402 ], [ 12.666509628296, 43.437377929687599 ], [ 12.6641206741334, 43.437778472900398 ], [ 12.644646644592401, 43.434661865234403 ], [ 12.644132614135801, 43.434524536132898 ], [ 12.638257980346699, 43.432449340820398 ], [ 12.6378593444825, 43.432250976562599 ], [ 12.6375932693481, 43.432075500488402 ], [ 12.6372842788696, 43.431774139404297 ], [ 12.6267080307006, 43.421981811523601 ], [ 12.620348930358899, 43.417526245117202 ], [ 12.6233549118043, 43.421180725097699 ], [ 12.6237497329712, 43.421833038330099 ], [ 12.6238098144532, 43.422191619873097 ], [ 12.6238260269166, 43.423347473144503 ], [ 12.6237897872925, 43.423965454101598 ], [ 12.623653411865201, 43.424610137939403 ], [ 12.6234903335572, 43.424995422363303 ], [ 12.6232299804688, 43.425331115722699 ], [ 12.620876312256, 43.427677154541001 ], [ 12.620531082153301, 43.427982330322401 ], [ 12.6172761917115, 43.430660247802798 ], [ 12.609608650207599, 43.436195373535099 ], [ 12.605897903442401, 43.438808441162202 ], [ 12.6057081222535, 43.438938140869098 ], [ 12.6042938232422, 43.439712524414198 ], [ 12.603814125061101, 43.439960479736399 ], [ 12.59343624115, 43.4446029663087 ], [ 12.592864036560099, 43.444702148437599 ], [ 12.592246055603001, 43.444694519043097 ], [ 12.591715812683001, 43.444656372070398 ], [ 12.591123580932701, 43.444637298583999 ], [ 12.5894174575806, 43.444664001465 ], [ 12.5888242721559, 43.444690704345803 ], [ 12.5881509780884, 43.444839477539098 ], [ 12.585644721984799, 43.4460067749025 ], [ 12.580447196960399, 43.449302673339801 ], [ 12.578581809997599, 43.450523376464901 ], [ 12.568560600280801, 43.458168029785199 ], [ 12.56520652771, 43.4607543945312 ], [ 12.5556726455688, 43.469474792480597 ], [ 12.552350044250501, 43.473037719726598 ], [ 12.5500917434693, 43.475673675537202 ], [ 12.543821334838899, 43.480644226074297 ], [ 12.5387315750121, 43.485103607177699 ], [ 12.5322799682618, 43.490795135497997 ], [ 12.5251340866088, 43.497112274169901 ], [ 12.5248985290528, 43.497386932373097 ], [ 12.523409843444901, 43.499633789062599 ], [ 12.5232381820679, 43.499927520751903 ], [ 12.523116111755501, 43.500213623046797 ], [ 12.523071289062599, 43.502201080322401 ], [ 12.523084640503001, 43.5024604797363 ], [ 12.523119926452701, 43.502834320068402 ], [ 12.5230598449706, 43.503082275390597 ], [ 12.522933959961099, 43.503429412841797 ], [ 12.5221452713012, 43.504856109619297 ], [ 12.521845817566, 43.505237579345803 ], [ 12.518083572387701, 43.509811401367202 ], [ 12.5176858901978, 43.510116577148501 ], [ 12.511828422546399, 43.514518737792898 ], [ 12.5067367553712, 43.518009185791101 ], [ 12.5051221847534, 43.5190620422363 ], [ 12.504591941833599, 43.519321441650398 ], [ 12.5017757415771, 43.520580291747997 ], [ 12.501031875610501, 43.522224426269602 ], [ 12.5007638931275, 43.522415161132898 ], [ 12.48499584198, 43.528190612792997 ], [ 12.4843568801881, 43.528396606445398 ], [ 12.4836835861207, 43.528507232666101 ], [ 12.4823226928712, 43.528495788574197 ], [ 12.4814853668213, 43.528411865234503 ], [ 12.4789075851441, 43.526706695556697 ], [ 12.4785013198854, 43.5263442993163 ], [ 12.474354743957599, 43.521961212158303 ], [ 12.469001770019499, 43.518886566162202 ], [ 12.460167884826699, 43.517421722412202 ], [ 12.4583387374879, 43.518264770507898 ], [ 12.445269584655801, 43.5317993164063 ], [ 12.4389028549194, 43.53910446167 ], [ 12.421912193298301, 43.537220001220803 ], [ 12.4216222763063, 43.537120819091697 ], [ 12.421303749084601, 43.536991119384801 ], [ 12.4207458496093, 43.536746978759702 ], [ 12.4194488525391, 43.536140441894503 ], [ 12.418888092041099, 43.535854339599602 ], [ 12.418398857116699, 43.5355033874512 ], [ 12.418079376220801, 43.535240173339901 ], [ 12.411495208740201, 43.529407501220803 ], [ 12.407265663146999, 43.525501251220703 ], [ 12.406266212463301, 43.524135589599702 ], [ 12.403928756713899, 43.520824432373097 ], [ 12.399991989135801, 43.514171600341903 ], [ 12.4005327224732, 43.512561798095703 ], [ 12.4011602401734, 43.510726928710902 ], [ 12.4002799987793, 43.510490417480597 ], [ 12.395775794982899, 43.509796142578097 ], [ 12.395023345947299, 43.509834289550803 ], [ 12.3937282562256, 43.509899139404297 ], [ 12.3918724060059, 43.510124206543097 ], [ 12.3910398483278, 43.510265350341797 ], [ 12.3903169631959, 43.510402679443501 ], [ 12.3896436691285, 43.510570526123203 ], [ 12.389188766479601, 43.510696411132898 ], [ 12.3890466690065, 43.510734558105497 ], [ 12.387880325317401, 43.511680603027301 ], [ 12.3870105743409, 43.512420654296797 ], [ 12.386019706726101, 43.513290405273501 ], [ 12.385822296142599, 43.513721466064403 ], [ 12.384355545043899, 43.517299652099602 ], [ 12.3843488693238, 43.517665863037102 ], [ 12.386118888855, 43.520587921142599 ], [ 12.3863973617554, 43.521007537841903 ], [ 12.3867635726928, 43.521282196045 ], [ 12.3878126144409, 43.521476745605497 ], [ 12.388303756713899, 43.521720886230597 ], [ 12.3884162902831, 43.522029876709098 ], [ 12.388305664062401, 43.522300720215 ], [ 12.386417388916099, 43.523715972900497 ], [ 12.3858699798585, 43.524074554443402 ], [ 12.367689132690399, 43.535045623779297 ], [ 12.365187644958599, 43.533096313476598 ], [ 12.364844322204601, 43.5323677062988 ], [ 12.363267898559601, 43.530998229980497 ], [ 12.3516340255737, 43.523002624511797 ], [ 12.351077079773001, 43.522785186767699 ], [ 12.347088813781699, 43.522037506103601 ], [ 12.346755027771, 43.522022247314602 ], [ 12.338863372802701, 43.523471832275398 ], [ 12.3341360092163, 43.524536132812599 ], [ 12.3338680267335, 43.524654388427798 ], [ 12.332750320434601, 43.525459289550803 ], [ 12.332430839538601, 43.5257377624512 ], [ 12.3276100158691, 43.530109405517599 ], [ 12.3138618469238, 43.544055938720703 ], [ 12.3137512207031, 43.544334411621101 ], [ 12.313714981079199, 43.545154571533203 ], [ 12.3138494491578, 43.545463562011697 ], [ 12.3154897689819, 43.549121856689602 ], [ 12.315651893615801, 43.549457550048899 ], [ 12.315925598144601, 43.549892425537202 ], [ 12.3162593841553, 43.550354003906399 ], [ 12.320260047912599, 43.553768157958999 ], [ 12.320749282836999, 43.554115295410199 ], [ 12.321202278137299, 43.554237365722599 ], [ 12.3345699310303, 43.554901123047003 ], [ 12.3350057601929, 43.554916381836101 ], [ 12.3354320526122, 43.554855346679702 ], [ 12.337064743041999, 43.554538726806598 ], [ 12.337673187255801, 43.554370880127003 ], [ 12.3381366729737, 43.554233551025497 ], [ 12.338823318481399, 43.554115295410199 ], [ 12.341802597046, 43.553623199462898 ], [ 12.342431068420399, 43.553554534912102 ], [ 12.3430862426759, 43.553512573242202 ], [ 12.343770980835099, 43.553562164306598 ], [ 12.344328880310099, 43.553607940673899 ], [ 12.344983100891101, 43.553806304931697 ], [ 12.345627784729, 43.554267883300803 ], [ 12.345905303955099, 43.554576873779403 ], [ 12.3556938171387, 43.565906524658303 ], [ 12.362263679504499, 43.575145721435497 ], [ 12.3642873764038, 43.576332092285199 ], [ 12.365862846374601, 43.577098846435597 ], [ 12.3675031661988, 43.577823638916101 ], [ 12.3709726333618, 43.5800590515137 ], [ 12.3712482452393, 43.580348968505902 ], [ 12.3715009689332, 43.580661773681598 ], [ 12.3744449615478, 43.585239410400398 ], [ 12.3661088943481, 43.593101501464801 ], [ 12.363343238830501, 43.595596313476598 ], [ 12.363026618957599, 43.595878601074297 ], [ 12.3627490997316, 43.596145629882898 ], [ 12.3624944686891, 43.596683502197301 ], [ 12.362266540527401, 43.597488403320298 ], [ 12.3625917434693, 43.602256774902301 ], [ 12.362654685974199, 43.602905273437599 ], [ 12.3684101104737, 43.609683990478601 ], [ 12.368683815002401, 43.609947204589801 ], [ 12.3689479827882, 43.610187530517599 ], [ 12.369295120239199, 43.610458374023402 ], [ 12.3722400665284, 43.612117767333999 ], [ 12.357744216919, 43.618232727050902 ], [ 12.3570766448975, 43.618297576904403 ], [ 12.3569440841675, 43.618293762207003 ], [ 12.356358528137299, 43.618289947509801 ], [ 12.355686187744199, 43.618236541747997 ], [ 12.355252265930099, 43.618007659912102 ], [ 12.3549242019653, 43.617694854736399 ], [ 12.3527431488038, 43.615512847900298 ], [ 12.312328338623001, 43.599098205566499 ], [ 12.308445930481, 43.592731475830099 ], [ 12.308092117309601, 43.591438293457003 ], [ 12.3079843521119, 43.591236114502102 ], [ 12.307139396667401, 43.590301513671903 ], [ 12.306777000427299, 43.590038299560597 ], [ 12.3004961013793, 43.586830139160199 ], [ 12.2987575531007, 43.586761474609503 ], [ 12.2983856201172, 43.586769104003999 ], [ 12.2942371368409, 43.5870780944825 ], [ 12.293959617614799, 43.587188720703097 ], [ 12.2933645248413, 43.587448120117202 ], [ 12.2933158874512, 43.587638854980497 ], [ 12.294259071350201, 43.590705871582102 ], [ 12.294402122497701, 43.591102600097699 ], [ 12.2946329116822, 43.591480255126903 ], [ 12.2951164245607, 43.5916938781738 ], [ 12.295515060424901, 43.591827392578097 ], [ 12.2955493927003, 43.594005584716797 ], [ 12.295536041259799, 43.594203948974602 ], [ 12.295330047607401, 43.594314575195298 ], [ 12.288744926452701, 43.595584869384801 ], [ 12.2884254455568, 43.595596313476598 ], [ 12.2866926193238, 43.595664978027401 ], [ 12.285911560058601, 43.595657348632898 ], [ 12.2713537216188, 43.595138549804702 ], [ 12.268837928771999, 43.594818115234297 ], [ 12.267737388610801, 43.594512939453203 ], [ 12.2674617767335, 43.594421386718899 ], [ 12.266711235046399, 43.593860626220803 ], [ 12.2661285400391, 43.592777252197401 ], [ 12.266160964965801, 43.592655181884801 ], [ 12.266209602356, 43.592536926269503 ], [ 12.266261100769199, 43.592433929443303 ], [ 12.2662658691406, 43.59232711792 ], [ 12.2658987045288, 43.591384887695298 ], [ 12.2656297683716, 43.5910034179687 ], [ 12.2652893066406, 43.590644836425803 ], [ 12.2648029327393, 43.590362548828203 ], [ 12.2641401290894, 43.590030670166101 ], [ 12.2637023925782, 43.589916229248203 ], [ 12.2635421752931, 43.589900970459098 ], [ 12.263140678405801, 43.589866638183501 ], [ 12.2624206542968, 43.589851379394602 ], [ 12.2596845626831, 43.590076446533303 ], [ 12.259204864501999, 43.590141296386797 ], [ 12.258345603943001, 43.590267181396499 ], [ 12.2576742172241, 43.590492248535199 ], [ 12.256264686584499, 43.591140747070398 ], [ 12.2543601989746, 43.591266632080199 ], [ 12.2264261245728, 43.594272613525398 ], [ 12.2223100662231, 43.5995063781738 ], [ 12.2204751968385, 43.601856231689503 ], [ 12.215166091918899, 43.611362457275398 ], [ 12.2121429443359, 43.619846343994297 ], [ 12.2111358642578, 43.621654510497997 ], [ 12.2108688354493, 43.621978759765703 ], [ 12.204688072204601, 43.627410888672003 ], [ 12.2043867111206, 43.627571105957102 ], [ 12.2019023895265, 43.628620147705199 ], [ 12.201109886169499, 43.628868103027401 ], [ 12.2001066207887, 43.629123687744098 ], [ 12.199518203735501, 43.629238128662202 ], [ 12.199066162109499, 43.629367828369197 ], [ 12.1973686218262, 43.629856109619098 ], [ 12.1970300674438, 43.630008697509702 ], [ 12.1909027099609, 43.6336669921875 ], [ 12.190627098083599, 43.633834838867202 ], [ 12.189308166504, 43.635375976562599 ], [ 12.1881780624391, 43.636993408203097 ], [ 12.1869287490844, 43.640331268310497 ], [ 12.186412811279199, 43.642055511474602 ], [ 12.186459541320801, 43.642723083496101 ], [ 12.187243461608899, 43.643455505371001 ], [ 12.200691223144499, 43.651100158691399 ], [ 12.2046566009521, 43.6526908874513 ], [ 12.2051858901979, 43.652828216552798 ], [ 12.205883026123001, 43.652881622314602 ], [ 12.206414222717299, 43.652851104736399 ], [ 12.206891059875501, 43.652767181396499 ], [ 12.208407402038601, 43.6523628234863 ], [ 12.2087221145631, 43.652214050293097 ], [ 12.209117889404199, 43.651943206787102 ], [ 12.209849357604901, 43.651458740234503 ], [ 12.211573600769, 43.650844573974602 ], [ 12.212025642395, 43.650726318359403 ], [ 12.221103668213001, 43.651653289795 ], [ 12.2226867675782, 43.652030944824297 ], [ 12.2298574447632, 43.654384613037202 ], [ 12.2334003448487, 43.656417846679801 ], [ 12.2336139678956, 43.656547546386797 ], [ 12.249194145202599, 43.6683540344238 ], [ 12.2493696212769, 43.668525695800803 ], [ 12.249736785888601, 43.668903350830199 ], [ 12.2501211166382, 43.669395446777301 ], [ 12.250446319580099, 43.66987991333 ], [ 12.2515983581544, 43.672397613525398 ], [ 12.2517547607421, 43.672752380371101 ], [ 12.251895904541, 43.673080444335902 ], [ 12.252043724060099, 43.673515319824297 ], [ 12.252099037170501, 43.673896789550803 ], [ 12.252058029174901, 43.674285888671903 ], [ 12.2519645690919, 43.674674987792997 ], [ 12.2518043518068, 43.6750717163087 ], [ 12.251360893249601, 43.675849914550902 ], [ 12.2467203140259, 43.682418823242202 ], [ 12.2505531311035, 43.681316375732401 ], [ 12.263783454895099, 43.680675506591903 ], [ 12.2737827301025, 43.676906585693501 ], [ 12.274442672729499, 43.676910400390703 ], [ 12.2830896377563, 43.678974151611399 ], [ 12.283724784851101, 43.679264068603501 ], [ 12.294473648071399, 43.685245513916101 ], [ 12.305738449096699, 43.697643280029403 ], [ 12.3067169189453, 43.698890686035199 ], [ 12.3035593032837, 43.717575073242202 ], [ 12.3033666610719, 43.717613220215 ], [ 12.3032112121582, 43.717655181884801 ], [ 12.3029794692994, 43.717834472656399 ], [ 12.3027954101563, 43.717975616455099 ], [ 12.3026418685913, 43.718128204345597 ], [ 12.3025388717653, 43.718235015869197 ], [ 12.302483558654901, 43.718315124511797 ], [ 12.3019123077394, 43.7209281921387 ], [ 12.3021821975709, 43.722286224365298 ], [ 12.3037452697754, 43.725753784179702 ], [ 12.3040561676025, 43.726428985595803 ], [ 12.304223060607899, 43.7267456054688 ], [ 12.3044967651368, 43.727222442627003 ], [ 12.304795265197701, 43.727676391601598 ], [ 12.305077552795501, 43.728042602539098 ], [ 12.305768966674901, 43.728874206543097 ], [ 12.306557655334499, 43.729442596435497 ], [ 12.3071098327638, 43.7297973632813 ], [ 12.309272766113301, 43.731124877929702 ], [ 12.3095474243163, 43.731109619140703 ], [ 12.310606002807701, 43.731048583984403 ], [ 12.313116073608301, 43.724002838134901 ], [ 12.3142356872559, 43.719394683837898 ], [ 12.315356254577599, 43.7124214172363 ], [ 12.315910339355501, 43.708469390869098 ], [ 12.3159122467041, 43.708076477050902 ], [ 12.3156700134278, 43.702854156494197 ], [ 12.3156299591065, 43.702590942382798 ], [ 12.315478324890201, 43.7022933959962 ], [ 12.3149642944337, 43.701770782470703 ], [ 12.3217210769653, 43.695621490478501 ], [ 12.3220586776735, 43.695156097412202 ], [ 12.322328567505, 43.6943550109863 ], [ 12.3223381042481, 43.694019317627003 ], [ 12.322278022766101, 43.693149566650298 ], [ 12.322224617004499, 43.692634582519602 ], [ 12.3216457366944, 43.689338684082102 ], [ 12.3215942382812, 43.689071655273402 ], [ 12.3213558197021, 43.688808441162102 ], [ 12.3174381256104, 43.682285308837898 ], [ 12.3166761398315, 43.678871154785199 ], [ 12.325484275818001, 43.677185058593899 ], [ 12.3311052322388, 43.675090789794901 ], [ 12.3314971923828, 43.674781799316399 ], [ 12.331794738769601, 43.674568176269503 ], [ 12.332124710083001, 43.674503326416001 ], [ 12.3328104019166, 43.674755096435597 ], [ 12.333183288574199, 43.674976348877102 ], [ 12.333581924438599, 43.675262451172003 ], [ 12.336353302001999, 43.677799224853601 ], [ 12.3367843627931, 43.6782035827637 ], [ 12.3370037078857, 43.678592681884901 ], [ 12.3372039794921, 43.679080963134801 ], [ 12.3359479904175, 43.680343627929702 ], [ 12.3356885910035, 43.680603027343899 ], [ 12.335431098938001, 43.680870056152301 ], [ 12.335152626037599, 43.681221008300703 ], [ 12.334934234619199, 43.681526184082102 ], [ 12.334752082824799, 43.681827545166101 ], [ 12.3346357345581, 43.682182312011697 ], [ 12.3306560516357, 43.699546813964801 ], [ 12.330316543579199, 43.701454162597699 ], [ 12.330305099487299, 43.702365875244098 ], [ 12.330310821533301, 43.702915191650398 ], [ 12.331068038940399, 43.707992553710902 ], [ 12.3312730789185, 43.708553314209098 ], [ 12.3314828872682, 43.708934783935703 ], [ 12.332028388977101, 43.709182739257898 ], [ 12.332384109497101, 43.709129333496101 ], [ 12.3327379226684, 43.709037780761797 ], [ 12.333091735839901, 43.708919525146598 ], [ 12.334113121032701, 43.708522796630902 ], [ 12.3417387008668, 43.709125518798899 ], [ 12.351102828979499, 43.708656311035298 ], [ 12.351981163025, 43.708599090576101 ], [ 12.3525543212891, 43.708419799804702 ], [ 12.3528175354004, 43.708240509033203 ], [ 12.3531694412231, 43.708000183105497 ], [ 12.3533153533937, 43.707901000976698 ], [ 12.3533897399903, 43.707843780517599 ], [ 12.3536338806153, 43.707515716552699 ], [ 12.3536643981935, 43.707206726074197 ], [ 12.353517532348601, 43.706783294677798 ], [ 12.353365898132401, 43.706298828125099 ], [ 12.353368759155201, 43.705932617187599 ], [ 12.3534765243531, 43.705612182617301 ], [ 12.353931427001999, 43.705326080322401 ], [ 12.357352256775, 43.703308105468899 ], [ 12.3576507568359, 43.703140258789198 ], [ 12.357857704162599, 43.703048706054702 ], [ 12.358276367187599, 43.702976226806697 ], [ 12.359678268432599, 43.703418731689602 ], [ 12.3689584732056, 43.7066879272462 ], [ 12.3695287704468, 43.7069320678712 ], [ 12.370429992675801, 43.707504272461101 ], [ 12.371052742004499, 43.708225250244098 ], [ 12.371376991271999, 43.708644866943402 ], [ 12.3722705841065, 43.709972381591797 ], [ 12.3723049163818, 43.710361480712898 ], [ 12.372056961059601, 43.712329864502003 ], [ 12.3719854354859, 43.712608337402401 ], [ 12.3715829849243, 43.713169097900298 ], [ 12.371047019958599, 43.713901519775497 ], [ 12.3694448471069, 43.7158012390138 ], [ 12.369356155395501, 43.71590423584 ], [ 12.364878654480099, 43.719257354736399 ], [ 12.344404220581, 43.7339668273925 ], [ 12.3397302627563, 43.737182617187599 ], [ 12.334974288940501, 43.743003845215 ], [ 12.330964088439901, 43.748569488525398 ], [ 12.3300437927246, 43.749698638916101 ], [ 12.3283042907716, 43.751682281494297 ], [ 12.3280239105225, 43.751956939697301 ], [ 12.319577217101999, 43.755912780761797 ], [ 12.3194704055787, 43.7559623718262 ], [ 12.3186807632447, 43.756332397461101 ], [ 12.3180379867554, 43.756561279296797 ], [ 12.3174962997438, 43.756629943847699 ], [ 12.3083610534668, 43.757358551025398 ], [ 12.301045417785801, 43.757900238037202 ], [ 12.2847442626953, 43.765865325927699 ], [ 12.282387733459499, 43.765933990478601 ], [ 12.2788801193238, 43.765792846679702 ], [ 12.258119583129901, 43.761581420898402 ], [ 12.2548637390138, 43.755607604980398 ], [ 12.242305755615201, 43.754489898681697 ], [ 12.242280960083001, 43.754856109619197 ], [ 12.2422142028809, 43.755176544189503 ], [ 12.2404956817628, 43.756107330322301 ], [ 12.2379455566407, 43.757431030273501 ], [ 12.2372798919678, 43.757736206054702 ], [ 12.233983039856, 43.759208679199297 ], [ 12.2331886291504, 43.759498596191499 ], [ 12.231954574585, 43.759937286377003 ], [ 12.2299451828003, 43.760501861572301 ], [ 12.229513168335, 43.760528564453203 ], [ 12.229042053222599, 43.760547637939503 ], [ 12.2158317565918, 43.758953094482401 ], [ 12.215280532836999, 43.758880615234403 ], [ 12.210059165954601, 43.758110046386697 ], [ 12.2099533081056, 43.7579765319825 ], [ 12.210083007812599, 43.756980895996101 ], [ 12.2101583480835, 43.756504058837898 ], [ 12.210203170776399, 43.756210327148402 ], [ 12.2055368423462, 43.7492065429688 ], [ 12.1984519958496, 43.745975494384702 ], [ 12.2016038894654, 43.742240905761797 ], [ 12.2015390396119, 43.7414779663087 ], [ 12.201454162597701, 43.741138458252003 ], [ 12.2004194259644, 43.738601684570398 ], [ 12.1969213485718, 43.733608245849602 ], [ 12.195590019226101, 43.732875823974602 ], [ 12.1925239562988, 43.735733032226698 ], [ 12.171827316284199, 43.753128051757798 ], [ 12.170446395874, 43.755386352539198 ], [ 12.1655378341675, 43.7625122070312 ], [ 12.1650943756104, 43.763092041015597 ], [ 12.1650037765504, 43.763210296630902 ], [ 12.164625167846699, 43.763313293457102 ], [ 12.1636209487916, 43.763359069824297 ], [ 12.1626195907594, 43.7633056640625 ], [ 12.1615753173828, 43.762905120849702 ], [ 12.1541442871094, 43.759780883789198 ], [ 12.1495018005372, 43.756870269775398 ], [ 12.1489868164062, 43.756366729736399 ], [ 12.148333549499601, 43.7558403015138 ], [ 12.1476907730103, 43.7554321289062 ], [ 12.1466360092163, 43.754932403564602 ], [ 12.143755912780801, 43.753822326660199 ], [ 12.1428451538085, 43.753524780273402 ], [ 12.1421051025391, 43.753364562988303 ], [ 12.126770019531399, 43.750354766845803 ], [ 12.126273155212401, 43.750263214111399 ], [ 12.1261663436891, 43.750240325927699 ], [ 12.1256818771363, 43.750175476074297 ], [ 12.125160217285201, 43.750133514404403 ], [ 12.1245336532593, 43.750099182128899 ], [ 12.123748779296999, 43.750286102295 ], [ 12.111334800720201, 43.753513336181697 ], [ 12.109511375427299, 43.754013061523501 ], [ 12.1086196899415, 43.754596710205099 ], [ 12.108415603637701, 43.754726409912202 ], [ 12.101778984069799, 43.7613525390625 ], [ 12.100256919861, 43.762916564941399 ], [ 12.0971632003784, 43.7662582397462 ], [ 12.097135543823301, 43.766838073730597 ], [ 12.0971651077272, 43.767162322997997 ], [ 12.097248077392599, 43.767490386962997 ], [ 12.0974788665772, 43.76815032959 ], [ 12.101099967956699, 43.776119232177699 ], [ 12.103829383850099, 43.789234161377102 ], [ 12.1170969009401, 43.806316375732401 ], [ 12.1211805343628, 43.813762664795 ], [ 12.1215600967407, 43.814441680908303 ], [ 12.122057914733899, 43.8150863647462 ], [ 12.122429847717401, 43.815513610839801 ], [ 12.1226272583007, 43.815731048584098 ], [ 12.131768226623601, 43.825698852539098 ], [ 12.1409368515015, 43.828510284423899 ], [ 12.141601562500099, 43.828624725341797 ], [ 12.145530700683601, 43.829551696777401 ], [ 12.146238327026399, 43.829757690429801 ], [ 12.146655082702701, 43.829891204834098 ], [ 12.147186279296999, 43.830169677734503 ], [ 12.147520065307701, 43.8303833007812 ], [ 12.148023605346699, 43.8307113647462 ], [ 12.148674964904799, 43.831306457519602 ], [ 12.149285316467299, 43.8319511413575 ], [ 12.1494903564454, 43.832305908203097 ], [ 12.149637222290099, 43.8325805664063 ], [ 12.1498203277588, 43.832923889160199 ], [ 12.1504287719728, 43.834251403808601 ], [ 12.151312828064, 43.837818145752003 ], [ 12.1483573913575, 43.841457366943402 ], [ 12.1420612335206, 43.846401214599702 ], [ 12.1392278671265, 43.848594665527401 ], [ 12.1431684494019, 43.852714538574197 ], [ 12.1440334320069, 43.859592437744197 ], [ 12.1509561538697, 43.868160247802798 ], [ 12.151380538940399, 43.868194580078097 ], [ 12.151665687561, 43.868274688720703 ], [ 12.151893615722701, 43.8684310913087 ], [ 12.153003692627101, 43.869224548339901 ], [ 12.1534061431885, 43.869602203369098 ], [ 12.157114982605, 43.874660491943402 ], [ 12.159600257873601, 43.878410339355597 ], [ 12.1601915359497, 43.879623413085902 ], [ 12.1615495681763, 43.8825073242188 ], [ 12.1686553955078, 43.897651672363402 ], [ 12.169010162353599, 43.898494720458999 ], [ 12.1688289642335, 43.8986434936525 ], [ 12.166314125061, 43.899787902832102 ], [ 12.164502143859799, 43.9003524780275 ], [ 12.164133071899499, 43.90043258667 ], [ 12.1638708114625, 43.900653839111399 ], [ 12.1614131927491, 43.903793334961101 ], [ 12.1598615646363, 43.906688690185597 ], [ 12.159188270568899, 43.908954620361399 ], [ 12.159046173095801, 43.910068511962898 ], [ 12.1589918136597, 43.910552978515597 ], [ 12.1593952178956, 43.919883728027301 ], [ 12.159418106079199, 43.9201889038087 ], [ 12.159748077392599, 43.921276092529297 ], [ 12.1601972579957, 43.922367095947401 ], [ 12.160469055175801, 43.922702789306697 ], [ 12.1651268005371, 43.925220489502102 ], [ 12.1653718948365, 43.925350189208999 ], [ 12.165735244751099, 43.925521850586001 ], [ 12.1665906906128, 43.925704956054801 ], [ 12.1712484359741, 43.926296234130902 ], [ 12.173493385315, 43.923141479492202 ], [ 12.1737852096559, 43.922973632812599 ], [ 12.1747035980225, 43.922431945800803 ], [ 12.176980972290201, 43.921356201171797 ], [ 12.184786796569901, 43.918888092041101 ], [ 12.188239097595201, 43.918258666992301 ], [ 12.1928176879882, 43.917526245117301 ], [ 12.193198204040501, 43.917591094970803 ], [ 12.1952104568481, 43.917930603027301 ], [ 12.1955814361572, 43.917964935302798 ], [ 12.1959066390991, 43.917984008789098 ], [ 12.1961278915406, 43.917980194091903 ], [ 12.1964130401612, 43.917980194091903 ], [ 12.2030897140503, 43.917701721191499 ], [ 12.2041664123535, 43.917446136474602 ], [ 12.204577445983899, 43.913883209228501 ], [ 12.206117630004901, 43.913227081298899 ], [ 12.213438034057701, 43.910434722900398 ], [ 12.2200584411621, 43.909000396728601 ], [ 12.223319053649901, 43.9098129272462 ], [ 12.2228231430054, 43.912616729736399 ], [ 12.2225847244263, 43.913467407226598 ], [ 12.2226600646972, 43.914253234863402 ], [ 12.2228326797485, 43.9157943725587 ], [ 12.223204612731999, 43.916244506835902 ], [ 12.235771179199199, 43.917911529541101 ], [ 12.236652374267599, 43.917877197265703 ], [ 12.2374773025513, 43.917716979980597 ], [ 12.240704536438001, 43.917247772216903 ], [ 12.248964309692401, 43.913372039795 ], [ 12.2557134628297, 43.913272857666001 ], [ 12.256011009216399, 43.919239044189503 ], [ 12.256088256836099, 43.919696807861399 ], [ 12.2564001083375, 43.920822143554702 ], [ 12.2565870285034, 43.921295166015703 ], [ 12.257111549377401, 43.921867370605497 ], [ 12.265001296997101, 43.926628112792997 ], [ 12.2669582366943, 43.9277153015138 ], [ 12.269595146179199, 43.929004669189503 ], [ 12.271142959594799, 43.929645538330199 ], [ 12.2743377685547, 43.930492401123097 ], [ 12.288979530334499, 43.930599212646598 ], [ 12.2947416305541, 43.929370880127003 ], [ 12.295721054077299, 43.929141998291001 ], [ 12.2962970733643, 43.930503845215 ], [ 12.297690391540501, 43.932624816894503 ], [ 12.2985534667969, 43.93359375 ], [ 12.2986564636231, 43.933689117431598 ], [ 12.299631118774499, 43.9345512390137 ], [ 12.300702095031699, 43.9354438781738 ], [ 12.3018474578859, 43.936290740966903 ], [ 12.3038997650147, 43.937286376953203 ], [ 12.3053455352784, 43.937904357910298 ], [ 12.3073949813844, 43.938705444336101 ], [ 12.309322357177701, 43.939308166503899 ], [ 12.3114280700684, 43.940071105957003 ], [ 12.3129005432129, 43.940822601318402 ], [ 12.3134880065918, 43.9411849975587 ], [ 12.3208312988281, 43.956005096435497 ], [ 12.3238019943238, 43.961547851562599 ], [ 12.328895568847701, 43.962722778320398 ], [ 12.336711883544901, 43.963069915771499 ], [ 12.337883949279799, 43.962493896484403 ], [ 12.3385963439943, 43.961025238037202 ], [ 12.3399324417115, 43.959510803222599 ], [ 12.341478347778301, 43.958267211914098 ], [ 12.3431167602538, 43.957263946533303 ], [ 12.3533821105957, 43.951400756836001 ], [ 12.360258102416999, 43.9550170898438 ], [ 12.3616580963134, 43.956836700439503 ], [ 12.362922668457101, 43.9582748413087 ], [ 12.3642482757568, 43.959667205810497 ], [ 12.366798400878899, 43.962287902832102 ], [ 12.3681793212891, 43.962985992431797 ], [ 12.3697423934938, 43.963508605957003 ], [ 12.370812416076699, 43.963550567627102 ], [ 12.371052742004499, 43.963558197021598 ], [ 12.3728294372559, 43.963443756103501 ], [ 12.374247550964499, 43.963184356689602 ], [ 12.3759422302247, 43.962730407715 ], [ 12.3786172866821, 43.961761474609503 ], [ 12.380158424377401, 43.961029052734297 ], [ 12.3813352584838, 43.960689544677798 ], [ 12.382397651672401, 43.960514068603601 ], [ 12.3890848159791, 43.960853576660099 ], [ 12.389589309692401, 43.960922241211001 ], [ 12.3910570144654, 43.961112976074297 ], [ 12.392480850219799, 43.961395263672003 ], [ 12.3987674713135, 43.963203430175803 ], [ 12.4055452346803, 43.956634521484503 ], [ 12.4048042297363, 43.954048156738303 ], [ 12.404644966125399, 43.953014373779403 ], [ 12.404563903808601, 43.952026367187599 ], [ 12.404889106750501, 43.949974060058501 ], [ 12.404764175415, 43.950031280517699 ], [ 12.4045610427857, 43.950016021728601 ], [ 12.404460906982401, 43.950080871582102 ], [ 12.4043579101562, 43.9500732421875 ], [ 12.4042577743531, 43.950134277343899 ], [ 12.404054641723601, 43.950119018554801 ], [ 12.4039516448975, 43.950183868408303 ], [ 12.4038524627687, 43.9501762390137 ], [ 12.403749465942401, 43.950241088867202 ], [ 12.403549194336099, 43.950225830078097 ], [ 12.403446197509901, 43.950286865234403 ], [ 12.4033460617066, 43.950279235839901 ], [ 12.4031524658204, 43.950366973877003 ], [ 12.4030408859254, 43.950397491455199 ], [ 12.402937889099199, 43.950389862060703 ], [ 12.402837753296, 43.950454711914098 ], [ 12.402737617492599, 43.950447082519602 ], [ 12.402634620666401, 43.950508117675902 ], [ 12.4025316238404, 43.950500488281399 ], [ 12.4024324417115, 43.950565338134801 ], [ 12.402330398559601, 43.950557708740298 ], [ 12.402232170105, 43.950481414794901 ], [ 12.402131080627401, 43.950473785400398 ], [ 12.4018325805665, 43.95023727417 ], [ 12.4017324447632, 43.950229644775497 ], [ 12.4015340805054, 43.9500732421875 ], [ 12.4014339447021, 43.950065612792997 ], [ 12.401335716247599, 43.949916839599602 ], [ 12.4012355804443, 43.949840545654403 ], [ 12.401238441467299, 43.949699401855497 ], [ 12.401140213012599, 43.949619293212898 ], [ 12.401142120361399, 43.949478149414098 ], [ 12.4010419845581, 43.9494018554687 ], [ 12.4010562896729, 43.948764801025398 ], [ 12.4009580612184, 43.948688507080199 ], [ 12.4009580612184, 43.9485473632813 ], [ 12.4008617401122, 43.948398590087898 ], [ 12.4007616043091, 43.948318481445298 ], [ 12.4007663726806, 43.948177337646499 ], [ 12.4006662368775, 43.9481010437013 ], [ 12.400664329528899, 43.945827484131001 ], [ 12.400815963745201, 43.945732116699297 ], [ 12.4008178710938, 43.945564270019602 ], [ 12.40092086792, 43.945499420166001 ], [ 12.400925636291401, 43.945289611816499 ], [ 12.4010276794434, 43.945224761962898 ], [ 12.401040077209499, 43.944660186767599 ], [ 12.401142120361399, 43.9445991516113 ], [ 12.401146888732899, 43.944313049316399 ], [ 12.401248931884799, 43.944252014160099 ], [ 12.4012928009034, 43.942131042480597 ], [ 12.4011945724487, 43.942054748535199 ], [ 12.401207923889199, 43.941417694091903 ], [ 12.4011077880859, 43.941341400146499 ], [ 12.401130676269499, 43.940280914306797 ], [ 12.4010334014893, 43.940132141113303 ], [ 12.4011354446412, 43.940067291259801 ], [ 12.401142120361399, 43.939643859863402 ], [ 12.401245117187599, 43.939582824707102 ], [ 12.401248931884799, 43.939369201660199 ], [ 12.4013519287109, 43.939308166503899 ], [ 12.401365280151399, 43.938602447509901 ], [ 12.401468276977701, 43.9385375976562 ], [ 12.4014701843262, 43.9383964538575 ], [ 12.401573181152401, 43.9383316040038 ], [ 12.401575088501, 43.938190460205199 ], [ 12.401679992675801, 43.938056945800803 ], [ 12.401782989501999, 43.937923431396499 ], [ 12.401886940002401, 43.937789916992202 ], [ 12.4021949768066, 43.937530517578203 ], [ 12.403216361999601, 43.936901092529197 ], [ 12.4033155441284, 43.936904907226598 ], [ 12.403623580932701, 43.936717987060497 ], [ 12.403723716736, 43.936725616455099 ], [ 12.403826713561999, 43.936660766601598 ], [ 12.403926849365201, 43.936668395996101 ], [ 12.4040298461915, 43.93660736084 ], [ 12.4041299819947, 43.936614990234297 ], [ 12.4042329788209, 43.936550140380902 ], [ 12.404335021972599, 43.936557769775398 ], [ 12.4044351577759, 43.936496734619297 ], [ 12.4045362472535, 43.936500549316499 ], [ 12.4046382904054, 43.936439514160199 ], [ 12.4047393798828, 43.936447143554702 ], [ 12.4048414230347, 43.9363822937012 ], [ 12.4049406051637, 43.936389923095703 ], [ 12.405146598816, 43.936264038085902 ], [ 12.4052467346191, 43.936271667480497 ], [ 12.4055547714234, 43.936084747314602 ], [ 12.405654907226699, 43.936092376709098 ], [ 12.406165122986, 43.935775756836001 ], [ 12.406266212463301, 43.935783386230497 ], [ 12.406676292419499, 43.935531616210902 ], [ 12.406787872314499, 43.935531616210902 ], [ 12.4069814682006, 43.935409545898501 ], [ 12.407081604004, 43.935417175293097 ], [ 12.407386779785099, 43.935230255127003 ], [ 12.4074897766113, 43.935237884521499 ], [ 12.4076919555665, 43.935111999511697 ], [ 12.4077930450441, 43.9351196289062 ], [ 12.408203125, 43.934864044189503 ], [ 12.408303260803301, 43.934871673583999 ], [ 12.4089193344116, 43.934425354003999 ], [ 12.4092264175416, 43.934162139892599 ], [ 12.409431457519601, 43.934036254882898 ], [ 12.4094343185425, 43.933895111083999 ], [ 12.409534454345801, 43.933834075927798 ], [ 12.409541130066, 43.933551788330099 ], [ 12.4094429016113, 43.933471679687599 ], [ 12.409452438354499, 43.932979583740298 ], [ 12.4095516204835, 43.932987213134801 ], [ 12.409654617309601, 43.9329223632813 ], [ 12.409754753112701, 43.932929992675803 ], [ 12.409857749939, 43.932865142822401 ], [ 12.4100599288941, 43.932880401611399 ], [ 12.4101629257203, 43.932819366455099 ], [ 12.410364151001, 43.9327621459962 ], [ 12.410671234131, 43.932575225830099 ], [ 12.410692214965801, 43.931583404541001 ], [ 12.410794258117701, 43.931522369384901 ], [ 12.4107990264893, 43.931308746337898 ], [ 12.410899162292401, 43.931247711181598 ], [ 12.4109039306641, 43.931106567382798 ], [ 12.411005973816, 43.930973052978601 ], [ 12.411110877990801, 43.930839538574297 ], [ 12.411213874816999, 43.930702209472599 ], [ 12.411418914795, 43.930507659912202 ], [ 12.411523818969799, 43.930374145507798 ], [ 12.411627769470201, 43.930240631103501 ], [ 12.4117288589478, 43.93017578125 ], [ 12.4121322631837, 43.930206298828203 ], [ 12.4122323989868, 43.930286407470703 ], [ 12.412432670593301, 43.930297851562599 ], [ 12.4125356674194, 43.930164337158303 ], [ 12.4125537872316, 43.929389953613303 ], [ 12.4126539230347, 43.929325103759801 ], [ 12.412670135498001, 43.928619384765597 ], [ 12.412569999694901, 43.928611755371001 ], [ 12.412468910217299, 43.928535461425803 ], [ 12.4121694564819, 43.928512573242202 ], [ 12.412068367004499, 43.928432464599702 ], [ 12.411966323852701, 43.928424835205099 ], [ 12.411970138549799, 43.928215026855597 ], [ 12.4120750427246, 43.928150177002003 ], [ 12.4120798110962, 43.927867889404297 ], [ 12.4121818542481, 43.927803039550902 ], [ 12.4121866226196, 43.927520751953097 ], [ 12.4122886657715, 43.927459716796797 ], [ 12.412314414978001, 43.9263305664062 ], [ 12.412214279174901, 43.926181793212997 ], [ 12.4121160507203, 43.926101684570398 ], [ 12.412117958068899, 43.925960540771499 ], [ 12.412019729614199, 43.925811767578097 ], [ 12.411922454834, 43.925662994384801 ], [ 12.411328315734799, 43.925125122070398 ], [ 12.4099397659303, 43.924030303955099 ], [ 12.4098367691041, 43.924022674560597 ], [ 12.409703254699799, 43.923904418945298 ], [ 12.408946037292599, 43.923248291015703 ], [ 12.4086503982543, 43.922943115234403 ], [ 12.408352851867701, 43.922637939453203 ], [ 12.408057212829601, 43.922332763671903 ], [ 12.407757759094199, 43.922027587890703 ], [ 12.407562255859499, 43.921798706054702 ], [ 12.4073657989503, 43.921573638916101 ], [ 12.407267570495501, 43.921424865722699 ], [ 12.4070701599122, 43.921199798583999 ], [ 12.406973838806101, 43.921051025390703 ], [ 12.4067764282228, 43.920822143554702 ], [ 12.406578063965, 43.920597076416101 ], [ 12.4064798355103, 43.920516967773501 ], [ 12.406481742859, 43.920375823974602 ], [ 12.4063816070557, 43.920299530029403 ], [ 12.406386375427401, 43.920154571533203 ], [ 12.4062862396241, 43.920078277587997 ], [ 12.406288146972701, 43.919937133789098 ], [ 12.4061899185181, 43.919857025146499 ], [ 12.4061946868896, 43.919647216796797 ], [ 12.4060945510865, 43.919567108154297 ], [ 12.406099319458001, 43.919425964355597 ], [ 12.405999183654799, 43.919349670410199 ], [ 12.4060010910034, 43.9192085266113 ], [ 12.405900955200099, 43.9191284179688 ], [ 12.4059057235718, 43.918987274169901 ], [ 12.405804634094199, 43.918910980224702 ], [ 12.405818939209, 43.918346405029403 ], [ 12.4057188034059, 43.918266296386797 ], [ 12.4057321548462, 43.917633056640703 ], [ 12.4056320190431, 43.917552947998097 ], [ 12.4057350158693, 43.917491912841797 ], [ 12.405738830566399, 43.917278289794901 ], [ 12.405841827392599, 43.917213439941399 ], [ 12.40584564209, 43.916931152343899 ], [ 12.405948638916, 43.916870117187599 ], [ 12.405953407287599, 43.916656494140597 ], [ 12.4060535430909, 43.916595458984297 ], [ 12.406058311462401, 43.916381835937599 ], [ 12.4061632156371, 43.9163208007813 ], [ 12.406165122986, 43.916107177734403 ], [ 12.406268119812101, 43.916046142578097 ], [ 12.406274795532299, 43.915760040283203 ], [ 12.4063768386841, 43.915699005127102 ], [ 12.406379699707101, 43.915485382080199 ], [ 12.406481742859, 43.915424346923899 ], [ 12.406487464904799, 43.915210723877003 ], [ 12.406588554382401, 43.915149688720803 ], [ 12.406594276428301, 43.914936065673899 ], [ 12.406696319580201, 43.914875030517599 ], [ 12.406701087951699, 43.914592742919901 ], [ 12.4068040847778, 43.914527893066399 ], [ 12.406807899475201, 43.914314270019503 ], [ 12.406910896301399, 43.914253234863402 ], [ 12.406914710998601, 43.914039611816499 ], [ 12.4070148468019, 43.913978576660099 ], [ 12.407022476196399, 43.913764953613303 ], [ 12.407122611999499, 43.913703918457102 ], [ 12.407129287719799, 43.913490295410298 ], [ 12.407230377197299, 43.913429260253999 ], [ 12.407237052917599, 43.913146972656399 ], [ 12.4073390960693, 43.913082122802699 ], [ 12.407343864441, 43.912868499755803 ], [ 12.4074440002443, 43.912807464599702 ], [ 12.407447814941399, 43.912593841552798 ], [ 12.407550811767599, 43.912532806396499 ], [ 12.4075555801393, 43.912319183349602 ], [ 12.407655715942401, 43.912258148193501 ], [ 12.4076633453369, 43.911975860595703 ], [ 12.4077653884888, 43.911911010742202 ], [ 12.407770156860501, 43.911701202392699 ], [ 12.407872200012299, 43.911636352538999 ], [ 12.4078769683838, 43.911422729492301 ], [ 12.407977104187101, 43.911361694336001 ], [ 12.407981872558601, 43.911148071289098 ], [ 12.4080867767335, 43.911087036132798 ], [ 12.4080905914307, 43.910804748535199 ], [ 12.4081935882569, 43.910739898681697 ], [ 12.4081983566285, 43.910530090332003 ], [ 12.4083013534547, 43.910465240478601 ], [ 12.408303260803301, 43.910251617431598 ], [ 12.408406257629499, 43.910190582275497 ], [ 12.4084129333497, 43.909976959228601 ], [ 12.4085130691528, 43.909915924072301 ], [ 12.408514976501399, 43.909774780273402 ], [ 12.408617973327599, 43.90970993042 ], [ 12.408619880676399, 43.909568786621101 ], [ 12.4087228775026, 43.909507751465 ], [ 12.408724784851101, 43.909366607666101 ], [ 12.4088296890259, 43.909301757812599 ], [ 12.408831596374499, 43.9091606140137 ], [ 12.408933639526399, 43.909099578857401 ], [ 12.4089374542237, 43.908954620361399 ], [ 12.4090385437012, 43.908893585205099 ], [ 12.4090423583985, 43.908752441406399 ], [ 12.4091444015504, 43.908687591552699 ], [ 12.409146308899, 43.908546447753999 ], [ 12.409249305725201, 43.908485412597699 ], [ 12.4092512130738, 43.9083442687988 ], [ 12.4093542099, 43.908279418945398 ], [ 12.4093561172485, 43.908138275146499 ], [ 12.4094591140747, 43.908077239990298 ], [ 12.409461021423301, 43.907936096191499 ], [ 12.409565925598301, 43.907871246337997 ], [ 12.409565925598301, 43.907730102539098 ], [ 12.409667968749901, 43.907665252685703 ], [ 12.409670829773001, 43.907524108886797 ], [ 12.409772872924901, 43.907463073730497 ], [ 12.409777641296399, 43.907321929931797 ], [ 12.4098796844482, 43.907257080078097 ], [ 12.409882545471101, 43.907115936279403 ], [ 12.409984588623001, 43.907054901123097 ], [ 12.409987449646099, 43.906913757324197 ], [ 12.410090446472299, 43.906848907470803 ], [ 12.4100923538209, 43.906707763671903 ], [ 12.410195350646999, 43.906646728515703 ], [ 12.4101972579956, 43.906501770019503 ], [ 12.410302162170399, 43.906368255615298 ], [ 12.4104022979737, 43.906307220458999 ], [ 12.410407066345201, 43.906166076660199 ], [ 12.410509109497101, 43.906032562255902 ], [ 12.4104108810425, 43.905952453613303 ], [ 12.410413742065399, 43.905811309814403 ], [ 12.410316467285201, 43.905735015869197 ], [ 12.4103183746338, 43.905521392822301 ], [ 12.4102201461793, 43.905445098877003 ], [ 12.410223960876399, 43.905231475830199 ], [ 12.41002368927, 43.905075073242202 ], [ 12.4099235534669, 43.905067443847699 ], [ 12.4098262786865, 43.904991149902301 ], [ 12.4097251892091, 43.904983520507798 ], [ 12.409625053405801, 43.904903411865199 ], [ 12.4095249176025, 43.904895782470703 ], [ 12.409326553344799, 43.904739379882898 ], [ 12.4092235565187, 43.904731750488402 ], [ 12.409050941467299, 43.904624938964801 ], [ 12.408927917480501, 43.904499053955099 ], [ 12.4088296890259, 43.904350280761797 ], [ 12.408638000488301, 43.904117584228501 ], [ 12.4085721969606, 43.904026031494197 ], [ 12.408000946045, 43.904254913330199 ], [ 12.4055137634278, 43.907260894775398 ], [ 12.389822959899799, 43.9024467468262 ], [ 12.3898773193359, 43.902175903320398 ], [ 12.390215873718301, 43.901653289794901 ], [ 12.3929138183594, 43.898777008056598 ], [ 12.395420074463001, 43.896675109863303 ], [ 12.399808883666999, 43.893367767334098 ], [ 12.4022731781006, 43.8925552368163 ], [ 12.4029188156128, 43.892543792724702 ], [ 12.4035749435425, 43.892799377441399 ], [ 12.403662681579601, 43.892955780029297 ], [ 12.403887748718301, 43.893367767334098 ], [ 12.406370162964, 43.8959579467775 ], [ 12.4104509353638, 43.898395538330099 ], [ 12.410766601562599, 43.898410797119098 ], [ 12.410868644714499, 43.898345947265597 ], [ 12.4109697341919, 43.898353576660199 ], [ 12.4110717773438, 43.898292541503899 ], [ 12.4111728668213, 43.898300170898402 ], [ 12.411375045776399, 43.898242950439503 ], [ 12.4114780426025, 43.898181915283097 ], [ 12.411578178405801, 43.898189544677699 ], [ 12.411681175231999, 43.898124694824197 ], [ 12.411781311035099, 43.8981323242187 ], [ 12.4118843078613, 43.898067474365298 ], [ 12.4119863510132, 43.898075103759801 ], [ 12.412087440490801, 43.898014068603501 ], [ 12.4121866226196, 43.898021697997997 ], [ 12.412291526794499, 43.897956848144503 ], [ 12.4123897552491, 43.897964477539098 ], [ 12.412594795227101, 43.897838592529297 ], [ 12.413501739501999, 43.897907257080099 ], [ 12.413603782653899, 43.897842407226698 ], [ 12.414711952209499, 43.897926330566399 ], [ 12.4148120880128, 43.898002624511797 ], [ 12.416322708129901, 43.898117065429702 ], [ 12.416420936584499, 43.898197174072301 ], [ 12.417428970336999, 43.898269653320398 ], [ 12.4175291061403, 43.898349761962997 ], [ 12.4182329177856, 43.898399353027401 ], [ 12.4183340072632, 43.89847946167 ], [ 12.418634414673001, 43.898502349853601 ], [ 12.418734550476101, 43.8985786437988 ], [ 12.419037818908601, 43.898601531982401 ], [ 12.419136047363301, 43.898681640625 ], [ 12.419439315796, 43.898704528808601 ], [ 12.419539451599199, 43.898780822753999 ], [ 12.4198398590087, 43.898803710937599 ], [ 12.4199380874634, 43.898883819580099 ], [ 12.4201412200928, 43.898899078369297 ], [ 12.420436859131, 43.899200439453203 ], [ 12.4207363128662, 43.899436950683601 ], [ 12.420836448669499, 43.899444580078097 ], [ 12.421033859253001, 43.899600982666101 ], [ 12.421136856079199, 43.899608612060597 ], [ 12.421335220336999, 43.899765014648501 ], [ 12.421436309814499, 43.899772644043097 ], [ 12.421533584594799, 43.899848937988303 ], [ 12.421633720397899, 43.899856567382798 ], [ 12.4217319488525, 43.9000053405762 ], [ 12.4218301773072, 43.900154113769602 ], [ 12.421928405761699, 43.900302886962898 ], [ 12.4221258163453, 43.9005317687988 ], [ 12.4222240447997, 43.900680541992202 ], [ 12.4224195480347, 43.900905609130902 ], [ 12.4225177764893, 43.901054382324297 ], [ 12.4226179122925, 43.9010620117188 ], [ 12.422719001770099, 43.901142120361399 ], [ 12.4229192733765, 43.901157379150398 ], [ 12.4230203628541, 43.901233673095597 ], [ 12.4232196807862, 43.901248931884801 ], [ 12.4233198165894, 43.901329040527301 ], [ 12.423521041870201, 43.901344299316399 ], [ 12.423621177673301, 43.901420593261797 ], [ 12.423822402954199, 43.901435852050803 ], [ 12.4239215850831, 43.9015121459962 ], [ 12.4241228103638, 43.901527404785099 ], [ 12.4242210388185, 43.901607513427798 ], [ 12.4243230819703, 43.901615142822202 ], [ 12.424421310424901, 43.901691436767599 ], [ 12.424524307251, 43.901699066162202 ], [ 12.4246215820312, 43.901779174804702 ], [ 12.4247236251832, 43.901786804199297 ], [ 12.424920082092401, 43.901943206787202 ], [ 12.425023078918599, 43.901950836181797 ], [ 12.425123214721699, 43.902027130126903 ], [ 12.425223350525, 43.902034759521499 ], [ 12.4253244400026, 43.901973724365298 ], [ 12.42542552948, 43.901981353759901 ], [ 12.425526618957599, 43.9019165039062 ], [ 12.4256286621094, 43.901924133300803 ], [ 12.4257316589356, 43.901859283447301 ], [ 12.4260349273682, 43.901882171630902 ], [ 12.4261331558228, 43.901962280273402 ], [ 12.4263334274291, 43.901977539062599 ], [ 12.426433563232401, 43.902053833007898 ], [ 12.426633834838899, 43.902053833007898 ], [ 12.4267349243165, 43.902149200439602 ], [ 12.4268350601197, 43.902156829834098 ], [ 12.4269170761109, 43.902050018310497 ], [ 12.427145004272599, 43.901824951171903 ], [ 12.4272470474243, 43.901691436767599 ], [ 12.427452087402299, 43.901493072509801 ], [ 12.427659988403301, 43.901298522949297 ], [ 12.4278650283813, 43.901100158691499 ], [ 12.4280700683594, 43.9009017944337 ], [ 12.428273200988899, 43.900917053222798 ], [ 12.4283761978151, 43.900856018066499 ], [ 12.428978919982899, 43.9009017944337 ], [ 12.4290819168091, 43.900836944580199 ], [ 12.429685592651399, 43.900882720947301 ], [ 12.4297885894775, 43.9008178710938 ], [ 12.430493354797401, 43.900871276855497 ], [ 12.4306907653809, 43.901027679443501 ], [ 12.431095123291099, 43.901058197021499 ], [ 12.431195259094199, 43.901138305663999 ], [ 12.431394577026399, 43.901149749755902 ], [ 12.431495666504, 43.901229858398501 ], [ 12.4315958023072, 43.901237487792997 ], [ 12.4316959381104, 43.901313781738402 ], [ 12.4317941665651, 43.901393890381001 ], [ 12.431892395019601, 43.9014701843262 ], [ 12.4320945739746, 43.901485443115199 ], [ 12.4322910308838, 43.9017143249512 ], [ 12.432687759399499, 43.902095794677798 ], [ 12.4328899383544, 43.902111053466797 ], [ 12.4329881668091, 43.902191162109403 ], [ 12.433101654052701, 43.902225494384801 ], [ 12.433288574218899, 43.9022827148437 ], [ 12.433591842651399, 43.902305603027301 ], [ 12.433692932129, 43.902385711669901 ], [ 12.4339962005616, 43.902336120605497 ], [ 12.434060096740801, 43.902252197265703 ], [ 12.434201240539499, 43.902137756347699 ], [ 12.434203147888301, 43.9019966125488 ], [ 12.434306144714499, 43.901935577392599 ], [ 12.434308052063001, 43.9017944335938 ], [ 12.4344081878663, 43.901802062988303 ], [ 12.435016632080099, 43.902278900146499 ], [ 12.435529708862401, 43.902294158935597 ], [ 12.435916900634799, 43.902053833007898 ], [ 12.4361982345582, 43.902313232421903 ], [ 12.436411857605099, 43.902515411377102 ], [ 12.436510086059601, 43.902595520019602 ], [ 12.4363050460815, 43.902790069580099 ], [ 12.435998916626099, 43.903049468994197 ], [ 12.4357919692994, 43.903247833252003 ], [ 12.436190605163601, 43.903560638427699 ], [ 12.436290740966699, 43.903568267822301 ], [ 12.436785697937101, 43.903957366943402 ], [ 12.436887741089, 43.903964996337898 ], [ 12.4373826980591, 43.904357910156399 ], [ 12.437484741211, 43.904365539550902 ], [ 12.437981605529799, 43.904754638672003 ], [ 12.438079833984499, 43.904834747314602 ], [ 12.438483238220201, 43.9048652648925 ], [ 12.438581466674901, 43.904941558837898 ], [ 12.4390869140625, 43.904979705810597 ], [ 12.4391851425172, 43.905055999755803 ], [ 12.4396886825562, 43.905094146728501 ], [ 12.439788818359499, 43.905174255371101 ], [ 12.4402933120728, 43.9052124023438 ], [ 12.440390586853001, 43.905288696289198 ], [ 12.440896987915099, 43.905326843261797 ], [ 12.4409952163696, 43.905403137207003 ], [ 12.4411983489991, 43.905349731445298 ], [ 12.4413013458253, 43.905216217041101 ], [ 12.4414052963257, 43.905082702636797 ], [ 12.441510200500501, 43.9049491882325 ], [ 12.4416103363038, 43.904884338378999 ], [ 12.4416151046753, 43.904743194580099 ], [ 12.4417181015015, 43.904609680175803 ], [ 12.441820144653301, 43.904476165771399 ], [ 12.441923141479499, 43.904411315917997 ], [ 12.4419250488281, 43.904270172119297 ], [ 12.4420280456543, 43.904209136962898 ], [ 12.4420318603516, 43.904067993164098 ], [ 12.4423379898071, 43.903877258300803 ], [ 12.442440032959, 43.903884887695398 ], [ 12.442540168762299, 43.903823852539098 ], [ 12.4426412582397, 43.903831481933601 ], [ 12.4428462982178, 43.903701782226598 ], [ 12.442946434021099, 43.9037094116212 ], [ 12.4431514739991, 43.9035835266113 ], [ 12.443250656127899, 43.903591156005902 ], [ 12.4434566497803, 43.903465270996101 ], [ 12.443556785583599, 43.903472900390597 ], [ 12.4437618255615, 43.903347015380902 ], [ 12.4438619613647, 43.903354644775398 ], [ 12.443963050842299, 43.903293609619197 ], [ 12.4440650939943, 43.903297424316399 ], [ 12.4442701339721, 43.903171539306598 ], [ 12.4443702697754, 43.9031791687012 ], [ 12.4446687698365, 43.903049468994197 ], [ 12.444878578186101, 43.9029350280763 ], [ 12.4449806213379, 43.902942657470803 ], [ 12.445081710815501, 43.902881622314503 ], [ 12.4451837539672, 43.902889251708999 ], [ 12.445386886596699, 43.902759552001903 ], [ 12.4454898834229, 43.902698516845803 ], [ 12.446513175964499, 43.902065277099602 ], [ 12.446613311767599, 43.902004241943303 ], [ 12.446718215942299, 43.901870727539198 ], [ 12.4468212127685, 43.901737213134801 ], [ 12.446925163269199, 43.901603698730497 ], [ 12.446826934814499, 43.901523590087898 ], [ 12.4468297958375, 43.901382446289098 ], [ 12.4467315673828, 43.901233673095597 ], [ 12.446634292602599, 43.9010848999025 ], [ 12.4465360641481, 43.901008605957003 ], [ 12.4465379714966, 43.900867462158203 ], [ 12.4464378356934, 43.900718688965 ], [ 12.446342468261699, 43.900569915771499 ], [ 12.446242332458599, 43.900421142578097 ], [ 12.4463443756103, 43.900356292724702 ], [ 12.4464473724365, 43.900363922119197 ], [ 12.446652412414601, 43.900165557861399 ], [ 12.446257591247701, 43.899784088134801 ], [ 12.4461574554444, 43.899635314941399 ], [ 12.4462604522706, 43.899570465087898 ], [ 12.4462690353394, 43.899219512939503 ], [ 12.446780204772899, 43.898902893066399 ], [ 12.4468803405762, 43.898910522460902 ], [ 12.4470853805543, 43.8987846374512 ], [ 12.4471845626831, 43.898792266845703 ], [ 12.4472856521607, 43.898727416992202 ], [ 12.447387695312599, 43.898735046386797 ], [ 12.4474906921388, 43.898674011230497 ], [ 12.447690963745201, 43.898689270019503 ], [ 12.4477939605713, 43.898624420166001 ], [ 12.447894096374499, 43.898632049560497 ], [ 12.4479007720947, 43.898349761962997 ], [ 12.4478387832641, 43.898250579833999 ], [ 12.4478054046631, 43.898059844970703 ], [ 12.447707176208599, 43.897983551025497 ], [ 12.4477090835571, 43.897842407226698 ], [ 12.447610855102599, 43.897693634033303 ], [ 12.4475107192993, 43.897613525390703 ], [ 12.447512626647899, 43.897472381591797 ], [ 12.4475183486938, 43.897331237792898 ], [ 12.44762134552, 43.897266387939503 ], [ 12.4476232528687, 43.897125244140703 ], [ 12.447828292846699, 43.896930694580099 ], [ 12.4479312896729, 43.896797180175803 ], [ 12.4482383728028, 43.8966064453125 ], [ 12.4483375549316, 43.896545410156399 ], [ 12.4484405517578, 43.896549224853601 ], [ 12.4486455917359, 43.8964233398438 ], [ 12.448745727539199, 43.896430969238303 ], [ 12.4488487243653, 43.896369934082003 ], [ 12.4489488601685, 43.896377563476499 ], [ 12.4491539001465, 43.896251678466903 ], [ 12.4492549896241, 43.896259307861399 ], [ 12.449357032776, 43.896194458007798 ], [ 12.4494581222534, 43.896202087402301 ], [ 12.4496631622315, 43.896076202392699 ], [ 12.449763298034799, 43.896083831787102 ], [ 12.4498653411865, 43.896018981933601 ], [ 12.4499664306641, 43.896026611328097 ], [ 12.450068473816, 43.895965576172003 ], [ 12.4501686096193, 43.895973205566499 ], [ 12.4502706527709, 43.895908355712898 ], [ 12.450370788574199, 43.895915985107401 ], [ 12.450984954834, 43.895538330078203 ], [ 12.451086997985801, 43.895545959472699 ], [ 12.4511871337891, 43.895481109619297 ], [ 12.4513902664185, 43.895496368408303 ], [ 12.451491355896, 43.895435333252003 ], [ 12.4515933990479, 43.895442962646499 ], [ 12.451692581176699, 43.895378112793097 ], [ 12.451795578002899, 43.895385742187599 ], [ 12.452305793762299, 43.895069122314503 ], [ 12.4524068832397, 43.895076751709098 ], [ 12.452511787414499, 43.894943237304702 ], [ 12.452812194824199, 43.894966125488303 ], [ 12.4529151916504, 43.894905090332003 ], [ 12.453218460083001, 43.894927978515703 ], [ 12.453321456909199, 43.894863128662202 ], [ 12.4536218643188, 43.894886016845803 ], [ 12.453723907470801, 43.894821166992301 ], [ 12.454027175903301, 43.894844055175703 ], [ 12.4541273117066, 43.894783020019602 ], [ 12.454430580139199, 43.894805908203203 ], [ 12.454532623291099, 43.894741058349702 ], [ 12.4547338485718, 43.894756317138601 ], [ 12.4548358917237, 43.8946952819825 ], [ 12.4551391601562, 43.8947143554688 ], [ 12.4552421569825, 43.894653320312401 ], [ 12.4554767608644, 43.894706726074197 ], [ 12.4556427001953, 43.894752502441499 ], [ 12.45574092865, 43.894832611083999 ], [ 12.455843925476101, 43.894840240478601 ], [ 12.4559421539307, 43.894916534423899 ], [ 12.456044197082599, 43.894924163818501 ], [ 12.4562425613404, 43.8950805664062 ], [ 12.4563426971437, 43.895088195800803 ], [ 12.456641197204601, 43.8953247070313 ], [ 12.4568424224853, 43.895339965820398 ], [ 12.4569396972657, 43.895416259765597 ], [ 12.458049774169901, 43.895500183105497 ], [ 12.458146095275801, 43.895576477050902 ], [ 12.4584512710572, 43.895599365234503 ], [ 12.458548545837401, 43.895679473877102 ], [ 12.4590530395509, 43.895713806152401 ], [ 12.459256172180201, 43.895660400390597 ], [ 12.459358215332101, 43.895595550537202 ], [ 12.4594583511354, 43.895603179931697 ], [ 12.4595613479615, 43.895542144775398 ], [ 12.459663391113301, 43.895549774169901 ], [ 12.4597635269166, 43.895484924316399 ], [ 12.4598655700684, 43.895492553711001 ], [ 12.459966659546, 43.895431518554702 ], [ 12.4600667953491, 43.895439147949197 ], [ 12.460171699523899, 43.895374298095703 ], [ 12.460269927978599, 43.895381927490199 ], [ 12.460371971130501, 43.895317077636797 ], [ 12.4604749679565, 43.8953247070313 ], [ 12.460575103759799, 43.895263671875 ], [ 12.460678100586, 43.895271301269503 ], [ 12.4607801437378, 43.895206451416101 ], [ 12.4608812332154, 43.895214080810597 ], [ 12.4609832763671, 43.895153045654297 ], [ 12.461083412170501, 43.8951606750488 ], [ 12.4610786437988, 43.895370483398601 ], [ 12.4611768722535, 43.895450592041101 ], [ 12.4611768722535, 43.89559173584 ], [ 12.461275100708001, 43.895668029785099 ], [ 12.4612703323365, 43.895881652832102 ], [ 12.461371421814, 43.8959579467775 ], [ 12.4613656997682, 43.8960990905762 ], [ 12.4614658355713, 43.8961791992187 ], [ 12.4614620208741, 43.896389007568402 ], [ 12.4615602493287, 43.896537780761797 ], [ 12.461657524108899, 43.896617889404403 ], [ 12.461860656738301, 43.896633148193501 ], [ 12.4619588851929, 43.8967094421387 ], [ 12.4621591567993, 43.896724700927699 ], [ 12.462318420410099, 43.896808624267699 ], [ 12.462462425231999, 43.896820068359403 ], [ 12.4625692367554, 43.896896362304801 ], [ 12.462760925293001, 43.896911621093899 ], [ 12.4628610610963, 43.896991729736399 ], [ 12.4629611968994, 43.896995544433601 ], [ 12.4630594253541, 43.8970756530762 ], [ 12.4631624221803, 43.897083282470703 ], [ 12.4632616043091, 43.897159576416101 ], [ 12.463362693786699, 43.897167205810597 ], [ 12.463462829589799, 43.897247314453203 ], [ 12.4635629653931, 43.897254943847699 ], [ 12.463661193847599, 43.897331237792898 ], [ 12.4637613296509, 43.8973388671875 ], [ 12.4639596939087, 43.897495269775398 ], [ 12.4640617370606, 43.89750289917 ], [ 12.464159965515099, 43.8975830078125 ], [ 12.464261054992701, 43.897590637207102 ], [ 12.464658737182701, 43.897903442382798 ], [ 12.4647598266603, 43.897911071777301 ], [ 12.4654550552368, 43.898387908935497 ], [ 12.4655570983887, 43.898323059082003 ], [ 12.465660095214901, 43.898330688476598 ], [ 12.466068267822299, 43.898078918457102 ], [ 12.466168403625501, 43.898086547851499 ], [ 12.4662675857544, 43.898094177246001 ], [ 12.4663686752319, 43.898170471191499 ], [ 12.4664688110353, 43.898178100586001 ], [ 12.4665689468384, 43.898258209228601 ], [ 12.466670036316, 43.898265838623097 ], [ 12.4667701721193, 43.898342132568501 ], [ 12.466870307922401, 43.898349761962997 ], [ 12.466967582702599, 43.898429870605597 ], [ 12.4670705795288, 43.8984375 ], [ 12.4671688079835, 43.898513793945298 ], [ 12.467773437500099, 43.898559570312599 ], [ 12.467872619628899, 43.898635864257898 ], [ 12.468544960021999, 43.898685455322301 ], [ 12.468879699707101, 43.898712158203097 ], [ 12.468982696533301, 43.898647308349702 ], [ 12.4703941345216, 43.898754119872997 ], [ 12.470492362976101, 43.898834228515703 ], [ 12.470994949340801, 43.898868560791101 ], [ 12.471093177795501, 43.898948669433601 ], [ 12.4716997146607, 43.898994445800902 ], [ 12.4717998504638, 43.899070739746101 ], [ 12.472300529479901, 43.8991088867188 ], [ 12.4724016189575, 43.8991889953613 ], [ 12.4730062484741, 43.8992309570312 ], [ 12.473106384277401, 43.899311065673899 ], [ 12.4742126464844, 43.899391174316499 ], [ 12.4743156433106, 43.899330139160199 ], [ 12.474471092224199, 43.899341583252003 ], [ 12.4763307571412, 43.899478912353601 ], [ 12.476432800292899, 43.899417877197301 ], [ 12.478247642517101, 43.899551391601598 ], [ 12.4783477783203, 43.899490356445298 ], [ 12.480261802673301, 43.899631500244197 ], [ 12.480364799499499, 43.899570465087898 ], [ 12.4821786880493, 43.899703979492202 ], [ 12.482281684875399, 43.899642944335902 ], [ 12.4840936660766, 43.899776458740199 ], [ 12.4841957092285, 43.899711608886797 ], [ 12.4861106872559, 43.899856567382798 ], [ 12.4862127304078, 43.899791717529403 ], [ 12.4863109588622, 43.899871826171903 ], [ 12.486307144165099, 43.900154113769602 ], [ 12.4864053726196, 43.900230407714801 ], [ 12.486397743225099, 43.900585174560597 ], [ 12.4864978790284, 43.900661468505803 ], [ 12.4864912033081, 43.900943756103601 ], [ 12.486591339111399, 43.9010238647462 ], [ 12.4865846633912, 43.901306152343899 ], [ 12.4866847991943, 43.901386260986399 ], [ 12.486678123474199, 43.901668548583999 ], [ 12.486778259277299, 43.901744842529403 ], [ 12.4867715835571, 43.902099609374901 ], [ 12.4868698120118, 43.902175903320398 ], [ 12.486865043640099, 43.902458190918097 ], [ 12.4869651794435, 43.902538299560703 ], [ 12.486957550048899, 43.902820587158203 ], [ 12.4870557785034, 43.902896881103601 ], [ 12.487053871154799, 43.9030380249025 ], [ 12.4871520996094, 43.903118133545 ], [ 12.487150192260801, 43.903327941894602 ], [ 12.4872484207153, 43.903408050537202 ], [ 12.487245559692401, 43.903549194336001 ], [ 12.4873456954957, 43.9036254882812 ], [ 12.4873409271241, 43.903839111328097 ], [ 12.487439155578601, 43.903915405273501 ], [ 12.48743724823, 43.904056549072401 ], [ 12.487537384033301, 43.904136657715 ], [ 12.4875326156616, 43.904346466064503 ], [ 12.4876308441162, 43.904426574707003 ], [ 12.487627983093301, 43.904567718505902 ], [ 12.4877290725709, 43.9046440124513 ], [ 12.487724304199199, 43.904857635497997 ], [ 12.4878215789794, 43.904937744140703 ], [ 12.4878196716309, 43.905078887939503 ], [ 12.4879179000856, 43.905227661132898 ], [ 12.488034248352101, 43.905361175537202 ], [ 12.4881343841553, 43.905406951904403 ], [ 12.4883012771607, 43.9054794311525 ], [ 12.488533020019601, 43.905891418457102 ], [ 12.4885902404785, 43.905990600586001 ], [ 12.488806724548301, 43.906211853027401 ], [ 12.4890031814575, 43.906440734863402 ], [ 12.4893131256104, 43.906753540039098 ], [ 12.490084648132299, 43.907791137695398 ], [ 12.490182876586999, 43.9079399108887 ], [ 12.4902811050416, 43.9080200195312 ], [ 12.490279197693001, 43.908161163330099 ], [ 12.4903774261475, 43.908309936523501 ], [ 12.490474700927701, 43.908458709716903 ], [ 12.490572929382401, 43.908538818359503 ], [ 12.490571022033601, 43.908679962158097 ], [ 12.490669250488301, 43.908828735351598 ], [ 12.490769386291401, 43.908905029297003 ], [ 12.49076461792, 43.909046173095803 ], [ 12.490862846374499, 43.909194946289098 ], [ 12.4909629821778, 43.909275054931598 ], [ 12.490961074829199, 43.909416198730497 ], [ 12.4910564422609, 43.909564971923899 ], [ 12.491156578064, 43.909641265869098 ], [ 12.4911499023438, 43.909923553466903 ], [ 12.4912519454956, 43.910003662109403 ], [ 12.4912433624268, 43.910285949707102 ], [ 12.491342544555801, 43.910362243652301 ], [ 12.491336822509799, 43.910644531250099 ], [ 12.4914350509644, 43.910793304443402 ], [ 12.492032051086399, 43.911262512207003 ], [ 12.4921321868897, 43.911270141601598 ], [ 12.4937181472778, 43.912590026855398 ], [ 12.4938192367554, 43.912670135498203 ], [ 12.493809700012299, 43.913093566894602 ], [ 12.493909835815501, 43.913173675537202 ], [ 12.4939079284668, 43.913314819336101 ], [ 12.4938049316406, 43.913375854492202 ], [ 12.4938001632691, 43.913516998291101 ], [ 12.4934949874878, 43.913707733154403 ], [ 12.493394851684601, 43.913700103759801 ], [ 12.4932918548585, 43.913761138916101 ], [ 12.493191719055201, 43.913753509521499 ], [ 12.493088722229, 43.913818359375099 ], [ 12.492686271667599, 43.913787841796903 ], [ 12.492583274841399, 43.913852691650398 ], [ 12.492281913757401, 43.913829803466697 ], [ 12.492266654968301, 43.914535522460902 ], [ 12.4921655654907, 43.914527893066399 ], [ 12.4920644760132, 43.914661407470803 ], [ 12.4917564392091, 43.914852142333999 ], [ 12.491753578186, 43.914993286132898 ], [ 12.4918518066407, 43.915069580078097 ], [ 12.491848945617701, 43.915351867675803 ], [ 12.4919443130493, 43.915470123291101 ], [ 12.492196083068899, 43.915557861328203 ], [ 12.4935970306396, 43.9160766601562 ], [ 12.494900703430201, 43.916507720947301 ], [ 12.4953479766847, 43.916648864746101 ], [ 12.495806694030801, 43.9166870117188 ], [ 12.496320724487401, 43.916618347167997 ], [ 12.497525215148899, 43.916408538818402 ], [ 12.4979763031006, 43.916328430175803 ], [ 12.4997158050537, 43.915931701660199 ], [ 12.5010080337526, 43.915618896484503 ], [ 12.5016260147094, 43.915420532226698 ], [ 12.5022583007813, 43.915206909179801 ], [ 12.5027532577515, 43.914974212646399 ], [ 12.503135681152299, 43.914730072021598 ], [ 12.509743690490801, 43.909896850586101 ], [ 12.5149030685425, 43.903656005859403 ], [ 12.515419006347701, 43.9031372070313 ], [ 12.518573760986399, 43.901195526123203 ], [ 12.5219163894654, 43.899284362792997 ], [ 12.5226192474366, 43.899269104003899 ], [ 12.5323181152343, 43.899543762207102 ], [ 12.5368194580079, 43.898166656494297 ], [ 12.537769317626999, 43.894008636474602 ], [ 12.5380506515503, 43.893482208252003 ], [ 12.538393020629901, 43.893093109130902 ], [ 12.5389070510865, 43.892795562744297 ], [ 12.5393114089965, 43.892631530761797 ], [ 12.539722442626999, 43.8924751281738 ], [ 12.5403966903687, 43.892280578613303 ], [ 12.541167259216399, 43.891860961914098 ], [ 12.5426816940307, 43.890739440917997 ], [ 12.5435495376588, 43.890026092529297 ], [ 12.543474197387701, 43.889488220215 ], [ 12.543332099914601, 43.889064788818402 ], [ 12.5431661605834, 43.888660430908203 ], [ 12.537467956542899, 43.8823852539063 ], [ 12.537133216857899, 43.882389068603501 ], [ 12.5339450836182, 43.882549285888601 ], [ 12.5337162017822, 43.882667541503899 ], [ 12.533358573913601, 43.882877349853601 ], [ 12.5331974029541, 43.883190155029403 ], [ 12.5328159332275, 43.883678436279403 ], [ 12.532634735107401, 43.883834838867202 ], [ 12.5323810577393, 43.8839530944825 ], [ 12.5321063995362, 43.883983612060597 ], [ 12.5318212509156, 43.8839530944825 ], [ 12.531704902648899, 43.883445739746101 ], [ 12.5312910079956, 43.879306793212798 ], [ 12.531252861022899, 43.878700256347699 ], [ 12.531226158142101, 43.878166198730497 ], [ 12.531255722046, 43.877735137939602 ], [ 12.531439781189, 43.877197265625099 ], [ 12.531605720520099, 43.876804351806797 ], [ 12.5318384170532, 43.876316070556598 ], [ 12.532079696655201, 43.875862121582102 ], [ 12.5350856781007, 43.871513366699297 ], [ 12.5357160568238, 43.869468688965 ], [ 12.5359754562379, 43.869239807128999 ], [ 12.536168098449799, 43.869102478027301 ], [ 12.542646408081101, 43.8649711608888 ], [ 12.5502090454103, 43.866573333740199 ], [ 12.5504302978515, 43.866634368896499 ], [ 12.5506267547607, 43.866691589355497 ], [ 12.550774574279799, 43.866744995117202 ], [ 12.5520448684694, 43.8673286437988 ], [ 12.562438964843899, 43.870285034179702 ], [ 12.5630197525026, 43.870491027832003 ], [ 12.5634059906006, 43.870761871337898 ], [ 12.563572883606, 43.8709526062012 ], [ 12.5639362335206, 43.871463775634901 ], [ 12.5643815994263, 43.872238159179702 ], [ 12.565072059631399, 43.8737983703613 ], [ 12.5652532577516, 43.874275207519503 ], [ 12.5653791427612, 43.874786376953203 ], [ 12.5655021667481, 43.875389099121001 ], [ 12.565667152404901, 43.877578735351598 ], [ 12.565732955932701, 43.879142761230497 ], [ 12.565730094909799, 43.880016326904403 ], [ 12.565574645996101, 43.880367279052798 ], [ 12.565606117248601, 43.880889892578203 ], [ 12.5656728744506, 43.881599426269602 ], [ 12.565800666809199, 43.881969451904197 ], [ 12.5660572052003, 43.882423400878999 ], [ 12.566443443298301, 43.882881164550803 ], [ 12.5668497085572, 43.883186340332102 ], [ 12.573408126831101, 43.885799407958999 ], [ 12.5758714675904, 43.885841369628999 ], [ 12.5765466690065, 43.885848999023601 ], [ 12.579828262329199, 43.885536193847699 ], [ 12.5899906158447, 43.8864517211913 ], [ 12.5903682708741, 43.886325836181797 ], [ 12.5916423797607, 43.885261535644602 ], [ 12.5916967391968, 43.885093688965 ], [ 12.593509674072299, 43.877487182617102 ], [ 12.59397315979, 43.874103546142699 ], [ 12.5930166244507, 43.871135711669901 ], [ 12.592941284179799, 43.870960235595703 ], [ 12.5903129577637, 43.866195678711101 ], [ 12.5909576416016, 43.866340637207102 ], [ 12.5914297103881, 43.866409301757898 ], [ 12.5922145843506, 43.866371154785298 ], [ 12.603513717651399, 43.8643798828125 ], [ 12.6039180755616, 43.863754272460902 ], [ 12.6047134399415, 43.857570648193402 ], [ 12.604730606079199, 43.857067108154403 ], [ 12.6047277450563, 43.856597900390703 ], [ 12.6046352386475, 43.856231689453203 ], [ 12.604320526123001, 43.855911254882898 ], [ 12.603817939758301, 43.855625152587997 ], [ 12.603706359863301, 43.855567932128899 ], [ 12.603154182434199, 43.855278015136797 ], [ 12.603039741516101, 43.855213165283303 ], [ 12.6026926040651, 43.85502243042 ], [ 12.6023969650268, 43.854701995849602 ], [ 12.602166175842299, 43.8543090820313 ], [ 12.602054595947299, 43.8538818359375 ], [ 12.6020107269288, 43.853534698486399 ], [ 12.601954460144199, 43.851451873779197 ], [ 12.605710029602101, 43.846931457519602 ], [ 12.606087684631399, 43.846542358398601 ], [ 12.6065368652344, 43.846206665038999 ], [ 12.6070146560668, 43.846076965332003 ], [ 12.6075229644775, 43.845954895019602 ], [ 12.607936859130801, 43.845920562744098 ], [ 12.6083011627197, 43.8459701538087 ], [ 12.609909057617299, 43.846237182617202 ], [ 12.616808891296399, 43.847408294677798 ], [ 12.6198530197144, 43.843570709228601 ], [ 12.617408752441399, 43.842342376708999 ], [ 12.611291885376099, 43.838039398193402 ], [ 12.611125946045, 43.837882995605497 ], [ 12.610965728759901, 43.837509155273501 ], [ 12.610943794250501, 43.837104797363303 ], [ 12.610960006713899, 43.835014343261697 ], [ 12.610966682434199, 43.834846496582102 ], [ 12.612178802490201, 43.831729888916101 ], [ 12.6198997497559, 43.827354431152301 ], [ 12.6241512298585, 43.823669433593899 ], [ 12.6503744125366, 43.826389312744197 ], [ 12.6698656082154, 43.824222564697301 ], [ 12.670165061950801, 43.824188232421903 ], [ 12.6703157424928, 43.824195861816499 ], [ 12.6707420349121, 43.824214935302699 ], [ 12.6708955764772, 43.824222564697301 ], [ 12.673354148864799, 43.824485778808601 ], [ 12.6735191345216, 43.824508666992202 ], [ 12.6738338470459, 43.824596405029297 ], [ 12.673979759216399, 43.824645996093899 ], [ 12.6744098663331, 43.824840545654403 ], [ 12.682270050048899, 43.829013824462898 ], [ 12.681057929992701, 43.833183288574297 ], [ 12.6791000366212, 43.840610504150398 ], [ 12.682692527771099, 43.851676940917997 ], [ 12.683515548706, 43.853824615478601 ], [ 12.686100006103599, 43.853221893310497 ], [ 12.687575340271, 43.853210449218899 ], [ 12.6932172775269, 43.853427886962898 ], [ 12.6977529525757, 43.853706359863303 ], [ 12.699445724487401, 43.855140686035298 ], [ 12.6997919082643, 43.8554496765138 ], [ 12.6998996734619, 43.8555717468262 ], [ 12.700075149536101, 43.855770111083999 ], [ 12.7003345489503, 43.856174468994297 ], [ 12.700264930725201, 43.856380462646598 ], [ 12.699954032898001, 43.856700897216797 ], [ 12.6998319625856, 43.856945037841903 ], [ 12.6998691558838, 43.857292175292997 ], [ 12.699913024902401, 43.857593536376903 ], [ 12.699933052063001, 43.857696533203097 ], [ 12.700132369995099, 43.85799407959 ], [ 12.700296401977599, 43.858211517333999 ], [ 12.7008066177368, 43.858764648437599 ], [ 12.701095581054799, 43.859031677246101 ], [ 12.701470375061101, 43.8593368530275 ], [ 12.701824188232401, 43.859508514404297 ], [ 12.702013015747101, 43.859550476074297 ], [ 12.702166557311999, 43.859577178955099 ], [ 12.702356338501, 43.859611511230497 ], [ 12.705188751220801, 43.859683990478501 ], [ 12.723347663879499, 43.861881256103601 ], [ 12.7239742279053, 43.862018585205099 ], [ 12.724384307861399, 43.862125396728601 ], [ 12.724581718444901, 43.862182617187599 ], [ 12.7249526977538, 43.862316131591903 ], [ 12.7251291275026, 43.862392425537102 ], [ 12.725760459899901, 43.862682342529403 ], [ 12.7259216308593, 43.862766265869098 ], [ 12.726641654968301, 43.863182067871001 ], [ 12.7281608581543, 43.864162445068402 ], [ 12.728298187255801, 43.864265441894602 ], [ 12.728977203369199, 43.864803314208899 ], [ 12.7295389175416, 43.865417480468899 ], [ 12.7338457107543, 43.870315551757898 ], [ 12.734495162963899, 43.870895385742202 ], [ 12.7349405288696, 43.871200561523402 ], [ 12.7347755432128, 43.871585845947301 ], [ 12.73468208313, 43.871772766113203 ], [ 12.734522819519199, 43.872039794921903 ], [ 12.7343111038209, 43.872379302978601 ], [ 12.7331037521362, 43.873683929443402 ], [ 12.731898307800201, 43.8746757507325 ], [ 12.7282266616821, 43.877330780029403 ], [ 12.723727226257299, 43.882019042968899 ], [ 12.7250003814697, 43.883136749267599 ], [ 12.725122451782299, 43.883251190185703 ], [ 12.725543022155801, 43.883747100830099 ], [ 12.735262870788601, 43.896152496337898 ], [ 12.735451698303301, 43.896419525146598 ], [ 12.735629081726101, 43.896682739257898 ], [ 12.735780715942401, 43.896968841552798 ], [ 12.735650062561101, 43.897438049316499 ], [ 12.734301567077701, 43.9017944335938 ], [ 12.729645729065, 43.910045623779297 ], [ 12.7280683517457, 43.912651062011697 ], [ 12.7296056747437, 43.912895202636797 ], [ 12.7299451828004, 43.912956237793097 ], [ 12.7302694320678, 43.913093566894602 ], [ 12.7306442260743, 43.913356781005902 ], [ 12.7309970855713, 43.914047241211001 ], [ 12.730822563171399, 43.917758941650398 ], [ 12.7297258377075, 43.92191696167 ], [ 12.728857994079601, 43.925125122070398 ], [ 12.729464530944799, 43.9259262084962 ], [ 12.7341737747193, 43.930549621582003 ], [ 12.7342910766603, 43.930648803711101 ], [ 12.734497070312401, 43.930744171142699 ], [ 12.742419242858899, 43.941867828369098 ], [ 12.7492589950562, 43.953933715820398 ], [ 12.7509670257569, 43.955524444580099 ], [ 12.7565927505494, 43.962894439697301 ], [ 12.756589889526399, 43.963447570800803 ], [ 12.756558418273899, 43.963672637939403 ], [ 12.756430625915501, 43.964084625244197 ], [ 12.755696296691999, 43.965393066406399 ], [ 12.755392074585099, 43.96586227417 ], [ 12.752937316894601, 43.968193054199297 ], [ 12.7531957626343, 43.968193054199297 ], [ 12.7531957626343, 43.968471527099702 ], [ 12.7534713745118, 43.968471527099702 ], [ 12.7534713745118, 43.96875 ], [ 12.754028320312599, 43.96875 ] ], [ [ 12.199465751648001, 43.771423339843899 ], [ 12.2003078460694, 43.771324157714901 ], [ 12.2022562026978, 43.775909423828203 ], [ 12.2140970230103, 43.783340454101598 ], [ 12.2259473800659, 43.785785675048899 ], [ 12.238309860229601, 43.787940979003999 ], [ 12.239240646362401, 43.800495147705199 ], [ 12.238965034484901, 43.801345825195398 ], [ 12.236899375915501, 43.804161071777401 ], [ 12.234421730041401, 43.807464599609503 ], [ 12.233862876892101, 43.807861328125099 ], [ 12.2309522628785, 43.8095512390137 ], [ 12.2307481765747, 43.809627532959098 ], [ 12.2278108596803, 43.810440063476598 ], [ 12.227278709411699, 43.810558319091903 ], [ 12.226026535034199, 43.810832977294901 ], [ 12.2254858016968, 43.810840606689503 ], [ 12.225206375122101, 43.810802459716903 ], [ 12.223448753356999, 43.808296203613303 ], [ 12.221486091613899, 43.805667877197401 ], [ 12.2200183868409, 43.804489135742202 ], [ 12.219654083251999, 43.804195404052699 ], [ 12.219507217407299, 43.804088592529403 ], [ 12.2192640304565, 43.803916931152301 ], [ 12.2189903259278, 43.803741455078097 ], [ 12.2187242507935, 43.803726196289098 ], [ 12.218502044677701, 43.803714752197401 ], [ 12.2182369232178, 43.803703308105497 ], [ 12.192453384399499, 43.806301116943402 ], [ 12.179837226867701, 43.811645507812599 ], [ 12.177504539489901, 43.811492919921797 ], [ 12.176812171936, 43.811237335205099 ], [ 12.1759443283081, 43.8108139038087 ], [ 12.1721010208131, 43.808887481689602 ], [ 12.171733856201101, 43.808528900146598 ], [ 12.171654701232899, 43.8084526062012 ], [ 12.171423912048301, 43.808109283447401 ], [ 12.1712665557862, 43.807868957519503 ], [ 12.171085357666099, 43.807518005371101 ], [ 12.170970916748001, 43.80712890625 ], [ 12.170865058898899, 43.806678771972798 ], [ 12.1707754135132, 43.806060791015703 ], [ 12.1707925796509, 43.805366516113402 ], [ 12.173713684082101, 43.796607971191499 ], [ 12.185544967651399, 43.779457092285099 ], [ 12.185662269592299, 43.776828765869197 ], [ 12.1857252120972, 43.776416778564503 ], [ 12.185896873474199, 43.7761421203613 ], [ 12.1861772537232, 43.775768280029297 ], [ 12.186520576477101, 43.775463104248097 ], [ 12.187095642089799, 43.775081634521499 ], [ 12.1877193450928, 43.774871826171797 ], [ 12.198412895202599, 43.771678924560703 ], [ 12.1990356445313, 43.77152633667 ], [ 12.1992702484131, 43.771469116210902 ], [ 12.199465751648001, 43.771423339843899 ] ], [ [ 12.4297733306885, 43.592323303222798 ], [ 12.431251525878899, 43.592208862304702 ], [ 12.4321851730347, 43.592323303222798 ], [ 12.4329500198365, 43.592472076416001 ], [ 12.4334726333619, 43.592693328857401 ], [ 12.4341373443603, 43.593246459961001 ], [ 12.434380531311101, 43.593654632568402 ], [ 12.4356679916382, 43.599933624267599 ], [ 12.435769081115801, 43.600437164306797 ], [ 12.435604095459, 43.600734710693402 ], [ 12.4315824508668, 43.607353210449297 ], [ 12.4292306900025, 43.609413146972699 ], [ 12.4287977218629, 43.609676361083999 ], [ 12.428198814392101, 43.609848022461101 ], [ 12.425107002258301, 43.610378265380902 ], [ 12.4220657348632, 43.610286712646499 ], [ 12.418164253235, 43.609523773193402 ], [ 12.417217254638601, 43.608924865722798 ], [ 12.4087677001953, 43.6030883789062 ], [ 12.418944358825801, 43.599327087402401 ], [ 12.4192724227906, 43.599159240722798 ], [ 12.421233177185201, 43.598037719726698 ], [ 12.4219408035279, 43.597320556640597 ], [ 12.4221725463868, 43.597049713134801 ], [ 12.4227657318116, 43.5963554382325 ], [ 12.423939704895, 43.594982147216797 ], [ 12.4256296157837, 43.592895507812599 ], [ 12.4260263442994, 43.592681884765703 ], [ 12.4297733306885, 43.592323303222798 ] ] ] ] } }
]
}
