{
"type": "FeatureCollection",
"name": "Lombardy",
"crs": { "type": "name", "properties": { "name": "urn:ogc:def:crs:OGC:1.3:CRS84" } },
"features": [
{ "type": "Feature", "properties": { "Name": null, "description": null, "timestamp": null, "begin": null, "end": null, "altitudeMode": null, "tessellate": -1, "extrude": 0, "visibility": -1, "drawOrder": null, "icon": null, "cartodb_id": 10, "ccn_1": 0.0, "id_1": 10.0, "id_0": 112.0, "varname_1": "Lombardy|Lombardei|Lombardie", "nl_name_1": null, "engtype_1": "Region", "type_1": "Regione", "cca_1": "3", "hasc_1": null, "name_1": "Lombardia", "name_0": "Italy", "iso": "ITA" }, "geometry": { "type": "MultiPolygon", "coordinates": [ [ [ [ 8.814569473266539, 45.018184661865199 ], [ 8.81400966644293, 45.018146514892699 ], [ 8.81309700012207, 45.018192291259801 ], [ 8.812321662902949, 45.018234252929801 ], [ 8.811801910400391, 45.018287658691399 ], [ 8.81157207489014, 45.018550872802798 ], [ 8.811214447021481, 45.019611358642599 ], [ 8.811079025268549, 45.020023345947301 ], [ 8.811447143554799, 45.0202827453613 ], [ 8.812078475952211, 45.020648956298899 ], [ 8.81276321411133, 45.020904541015703 ], [ 8.8135490417481, 45.021217346191499 ], [ 8.816199302673279, 45.022296905517599 ], [ 8.816655158996641, 45.022541046142699 ], [ 8.81691360473633, 45.022716522216903 ], [ 8.817440986633409, 45.023227691650398 ], [ 8.817745208740289, 45.022907257080199 ], [ 8.81785392761242, 45.022556304931797 ], [ 8.817893028259389, 45.0222396850587 ], [ 8.817983627319389, 45.021522521972599 ], [ 8.818051338195909, 45.0206298828125 ], [ 8.818038940429741, 45.0203857421875 ], [ 8.81796264648438, 45.020053863525497 ], [ 8.817824363708549, 45.019763946533203 ], [ 8.81731700897217, 45.019340515136797 ], [ 8.81533145904541, 45.018348693847699 ], [ 8.814569473266539, 45.018184661865199 ] ] ], [ [ [ 8.707448005676209, 45.014511108398402 ], [ 8.70718479156494, 45.013854980468899 ], [ 8.706663131713981, 45.014034271240199 ], [ 8.704564094543571, 45.015083312988303 ], [ 8.70440864562994, 45.015628814697301 ], [ 8.704807281494141, 45.017360687256001 ], [ 8.70503044128418, 45.018287658691399 ], [ 8.70510482788097, 45.018478393554702 ], [ 8.70648956298834, 45.025432586669901 ], [ 8.706746101379389, 45.0254936218262 ], [ 8.707078933715881, 45.025051116943303 ], [ 8.707156181335559, 45.024745941162202 ], [ 8.70720863342285, 45.024440765381001 ], [ 8.707340240478571, 45.023567199707102 ], [ 8.707510948181151, 45.0223617553712 ], [ 8.70756912231457, 45.020626068115298 ], [ 8.707586288452211, 45.019931793212898 ], [ 8.70756244659429, 45.017105102539198 ], [ 8.70755100250244, 45.016647338867202 ], [ 8.70750713348394, 45.015369415283203 ], [ 8.707448005676209, 45.014511108398402 ] ] ], [ [ [ 10.2510719299316, 46.622604370117202 ], [ 10.2514047622681, 46.621898651122997 ], [ 10.251688003540099, 46.621452331542997 ], [ 10.2525606155397, 46.620616912841903 ], [ 10.253951072693001, 46.618904113769602 ], [ 10.255430221557701, 46.617969512939503 ], [ 10.2564506530762, 46.617210388183501 ], [ 10.256976127624499, 46.616748809814403 ], [ 10.257717132568301, 46.615924835205199 ], [ 10.258405685424901, 46.615287780761797 ], [ 10.258685111999499, 46.614871978759801 ], [ 10.2587633132935, 46.614624023437599 ], [ 10.258787155151399, 46.614112854003999 ], [ 10.2586336135865, 46.613616943359403 ], [ 10.2583646774293, 46.613285064697401 ], [ 10.2583160400391, 46.613224029541101 ], [ 10.2562980651856, 46.611629486083999 ], [ 10.2552433013916, 46.610084533691499 ], [ 10.252720832824799, 46.608081817627003 ], [ 10.2503967285156, 46.605537414550902 ], [ 10.249550819396999, 46.604946136474602 ], [ 10.2480382919313, 46.603710174560703 ], [ 10.2477064132691, 46.603279113769503 ], [ 10.2471866607666, 46.602340698242202 ], [ 10.246173858642599, 46.601253509521598 ], [ 10.245520591736, 46.600070953369197 ], [ 10.2446546554566, 46.599205017089901 ], [ 10.243819236755501, 46.597824096679702 ], [ 10.2430171966554, 46.596950531005902 ], [ 10.242703437805201, 46.596187591552699 ], [ 10.242662429809601, 46.595615386962898 ], [ 10.242733955383301, 46.595035552978501 ], [ 10.242913246154901, 46.594333648681697 ], [ 10.2433776855469, 46.592517852783203 ], [ 10.2438211441041, 46.591190338134801 ], [ 10.244160652160801, 46.589668273925803 ], [ 10.2445812225343, 46.588344573974602 ], [ 10.244902610778899, 46.586822509765703 ], [ 10.245318412780801, 46.585494995117301 ], [ 10.2456502914429, 46.583972930908203 ], [ 10.2466630935668, 46.581230163574297 ], [ 10.247001647949199, 46.580120086669901 ], [ 10.247235298156699, 46.579608917236399 ], [ 10.2475910186768, 46.5792045593262 ], [ 10.2485599517822, 46.578479766845803 ], [ 10.2490196228028, 46.578197479247997 ], [ 10.2493448257447, 46.578067779541001 ], [ 10.2500658035279, 46.577899932861399 ], [ 10.2516117095947, 46.577720642089801 ], [ 10.2525730133057, 46.5776596069337 ], [ 10.253217697143601, 46.577701568603601 ], [ 10.254711151123001, 46.577877044677699 ], [ 10.255825996398899, 46.578094482422003 ], [ 10.2574062347412, 46.578788757324297 ], [ 10.259370803832899, 46.579349517822202 ], [ 10.2606048583985, 46.5799369812012 ], [ 10.2622680664063, 46.580375671386797 ], [ 10.263797760009901, 46.581089019775398 ], [ 10.2654256820679, 46.581554412841903 ], [ 10.266584396362299, 46.582145690917997 ], [ 10.2671279907228, 46.582324981689503 ], [ 10.2679986953735, 46.582473754882898 ], [ 10.2686080932618, 46.582477569580099 ], [ 10.2690172195435, 46.582405090332102 ], [ 10.2697668075563, 46.582118988037202 ], [ 10.271145820617701, 46.581260681152401 ], [ 10.274530410766699, 46.578697204589801 ], [ 10.2764110565187, 46.577136993408303 ], [ 10.2776136398316, 46.575855255127102 ], [ 10.279069900512701, 46.574867248535099 ], [ 10.279962539673001, 46.574520111084098 ], [ 10.281869888305801, 46.574184417724702 ], [ 10.2841920852662, 46.573657989502003 ], [ 10.285367012024, 46.573249816894602 ], [ 10.2860593795778, 46.572879791259801 ], [ 10.2861366271972, 46.572837829589901 ], [ 10.286520004272599, 46.572406768798899 ], [ 10.287204742431699, 46.571300506591903 ], [ 10.2878789901735, 46.570716857910199 ], [ 10.2886323928832, 46.570068359375099 ], [ 10.2894592285156, 46.569526672363203 ], [ 10.290185928344799, 46.568897247314503 ], [ 10.291013717651399, 46.568302154541001 ], [ 10.2932596206666, 46.5657348632812 ], [ 10.294273376464799, 46.564975738525398 ], [ 10.2955408096315, 46.563888549804702 ], [ 10.2958869934082, 46.563465118408303 ], [ 10.2960081100465, 46.563190460205099 ], [ 10.2961387634278, 46.562599182128999 ], [ 10.296158790588301, 46.561973571777401 ], [ 10.296025276184199, 46.561008453369197 ], [ 10.2959985733032, 46.560932159423899 ], [ 10.295556068420501, 46.559642791748203 ], [ 10.295408248901399, 46.558975219726698 ], [ 10.295298576355, 46.557971954345803 ], [ 10.295305252075201, 46.557323455810597 ], [ 10.295535087585501, 46.556415557861399 ], [ 10.2957181930543, 46.556140899658203 ], [ 10.2959861755372, 46.555892944336001 ], [ 10.296332359314, 46.555702209472699 ], [ 10.296713829040501, 46.555568695068402 ], [ 10.2975397109985, 46.555427551269503 ], [ 10.3010568618775, 46.555267333984403 ], [ 10.301232337951699, 46.555259704589801 ], [ 10.3032064437866, 46.555004119873097 ], [ 10.305512428283601, 46.554817199707102 ], [ 10.306843757629499, 46.554599761962898 ], [ 10.307624816894499, 46.554325103759901 ], [ 10.3082637786866, 46.553955078125099 ], [ 10.3087768554688, 46.553531646728601 ], [ 10.309485435485801, 46.5527954101562 ], [ 10.3108949661256, 46.55179977417 ], [ 10.3114585876466, 46.551563262939403 ], [ 10.311805725097701, 46.551490783691499 ], [ 10.312528610229499, 46.551441192627102 ], [ 10.313236236572299, 46.551517486572301 ], [ 10.3135595321656, 46.551605224609403 ], [ 10.3147468566894, 46.5521469116212 ], [ 10.3163909912109, 46.552600860595803 ], [ 10.3169374465943, 46.552848815917997 ], [ 10.317871093750099, 46.553382873535199 ], [ 10.3201370239259, 46.554328918457003 ], [ 10.3232994079591, 46.555458068847599 ], [ 10.324024200439499, 46.555656433105497 ], [ 10.324712753295801, 46.555770874023601 ], [ 10.325366973877101, 46.5558280944825 ], [ 10.326022148132299, 46.555812835693402 ], [ 10.3264570236207, 46.5557250976563 ], [ 10.327256202697701, 46.555419921875 ], [ 10.3283529281616, 46.554771423339901 ], [ 10.3373222351075, 46.548244476318501 ], [ 10.3384437561035, 46.547653198242202 ], [ 10.338849067688001, 46.547519683837898 ], [ 10.339608192444, 46.547420501708999 ], [ 10.340213775634799, 46.547470092773501 ], [ 10.340818405151399, 46.5475845336913 ], [ 10.3416080474853, 46.547916412353501 ], [ 10.3430280685425, 46.5488471984863 ], [ 10.343753814697299, 46.5494613647462 ], [ 10.344599723816, 46.549991607666001 ], [ 10.345353126526, 46.550590515136797 ], [ 10.346249580383301, 46.551097869873203 ], [ 10.347102165222299, 46.551673889160199 ], [ 10.3485918045044, 46.552337646484503 ], [ 10.3493309020996, 46.552745819091797 ], [ 10.3500337600709, 46.553207397461001 ], [ 10.350674629211399, 46.553722381591903 ], [ 10.3513650894166, 46.554542541503999 ], [ 10.352029800415201, 46.556018829345803 ], [ 10.3521919250488, 46.557014465332102 ], [ 10.3522691726685, 46.558959960937599 ], [ 10.3524436950684, 46.559543609619098 ], [ 10.352879524231099, 46.560054779052798 ], [ 10.353235244751, 46.560245513916101 ], [ 10.3536367416382, 46.560371398925703 ], [ 10.354516983032299, 46.560504913330099 ], [ 10.3554697036744, 46.560539245605597 ], [ 10.357497215271099, 46.560501098632898 ], [ 10.361066818237401, 46.560344696045 ], [ 10.3652334213257, 46.559738159179801 ], [ 10.3660688400269, 46.559562683105597 ], [ 10.371273994445801, 46.557849884033203 ], [ 10.373854637146099, 46.557296752929801 ], [ 10.374682426452701, 46.557060241699297 ], [ 10.3776607513428, 46.556034088134901 ], [ 10.382892608642599, 46.554069519042898 ], [ 10.3842763900757, 46.553623199462898 ], [ 10.3861503601075, 46.552913665771499 ], [ 10.3890810012818, 46.551948547363402 ], [ 10.3916387557985, 46.55135345459 ], [ 10.3929080963135, 46.550781250000099 ], [ 10.394854545593301, 46.550224304199297 ], [ 10.396413803100501, 46.549545288085902 ], [ 10.397132873535201, 46.549388885498203 ], [ 10.3986759185791, 46.5492134094238 ], [ 10.399961471557701, 46.549186706542997 ], [ 10.400941848754901, 46.549331665039098 ], [ 10.401980400085501, 46.549564361572401 ], [ 10.405188560486, 46.550678253173899 ], [ 10.410258293151999, 46.552558898925803 ], [ 10.4116153717041, 46.552997589111399 ], [ 10.4136142730713, 46.553764343261797 ], [ 10.4153308868409, 46.554244995117301 ], [ 10.4175577163697, 46.554744720458899 ], [ 10.4183959960937, 46.554351806640703 ], [ 10.418911933898899, 46.554195404052699 ], [ 10.4218301773072, 46.5537719726563 ], [ 10.42253780365, 46.553562164306797 ], [ 10.4242753982544, 46.5524711608887 ], [ 10.4252243041993, 46.551525115966797 ], [ 10.4260473251343, 46.550937652587898 ], [ 10.42742061615, 46.550277709960902 ], [ 10.4283361434937, 46.549751281738303 ], [ 10.4306020736694, 46.549076080322301 ], [ 10.4323329925537, 46.548049926757898 ], [ 10.4330902099609, 46.547462463378899 ], [ 10.4339761734009, 46.546955108642599 ], [ 10.4347887039185, 46.5463676452637 ], [ 10.436107635498001, 46.545673370361399 ], [ 10.436883926391699, 46.545017242431598 ], [ 10.4369773864747, 46.544872283935497 ], [ 10.437234878540099, 46.544471740722699 ], [ 10.437747955322401, 46.542392730712898 ], [ 10.4378376007081, 46.542232513427798 ], [ 10.438031196594199, 46.541889190673899 ], [ 10.439473152160801, 46.540645599365199 ], [ 10.4412050247194, 46.5396118164062 ], [ 10.4418363571168, 46.539394378662202 ], [ 10.4431838989259, 46.539066314697401 ], [ 10.4447317123413, 46.538383483886797 ], [ 10.4464197158815, 46.537960052490199 ], [ 10.447646141052299, 46.537368774414098 ], [ 10.4496078491212, 46.536792755127102 ], [ 10.4508199691772, 46.536159515380902 ], [ 10.4520540237428, 46.535770416259801 ], [ 10.4530897140503, 46.535579681396499 ], [ 10.453857421875099, 46.535560607910298 ], [ 10.4549064636232, 46.535720825195398 ], [ 10.4560089111328, 46.536098480224602 ], [ 10.456283569336, 46.536293029785298 ], [ 10.456283569336, 46.535766601562401 ], [ 10.4549865722657, 46.534259796142599 ], [ 10.454754829406699, 46.533889770507798 ], [ 10.454211235046399, 46.532917022705099 ], [ 10.454158782958901, 46.531463623046903 ], [ 10.4540348052979, 46.528873443603601 ], [ 10.4540967941285, 46.528274536132898 ], [ 10.454313278198301, 46.527336120605597 ], [ 10.458140373229901, 46.513561248779297 ], [ 10.458245277404901, 46.513233184814503 ], [ 10.458490371704199, 46.512584686279197 ], [ 10.4587621688844, 46.511871337890703 ], [ 10.4589595794679, 46.5114555358887 ], [ 10.459170341491699, 46.511272430419901 ], [ 10.459657669067299, 46.510875701904197 ], [ 10.460239410400501, 46.510406494140597 ], [ 10.4702825546265, 46.503448486328203 ], [ 10.4771442413331, 46.496452331543097 ], [ 10.485588073730501, 46.494499206542997 ], [ 10.485990524291999, 46.494823455810703 ], [ 10.486790657043599, 46.495479583740199 ], [ 10.486936569213899, 46.495605468750099 ], [ 10.500738143921, 46.497657775878899 ], [ 10.515423774719199, 46.496112823486399 ], [ 10.5321702957154, 46.4943656921387 ], [ 10.5453338623047, 46.493263244628899 ], [ 10.5472602844238, 46.493415832519503 ], [ 10.5476160049438, 46.493442535400398 ], [ 10.547946929931699, 46.493442535400398 ], [ 10.5483932495118, 46.493377685547003 ], [ 10.549857139587401, 46.493152618408203 ], [ 10.550784111023001, 46.492923736572401 ], [ 10.553021430969199, 46.4923515319825 ], [ 10.553269386291401, 46.4922065734863 ], [ 10.5552644729615, 46.491008758545 ], [ 10.5555562973022, 46.490833282470803 ], [ 10.5560712814332, 46.489929199218899 ], [ 10.5569257736207, 46.488559722900298 ], [ 10.5571002960206, 46.488285064697301 ], [ 10.5583610534668, 46.4863510131837 ], [ 10.5595378875732, 46.485069274902301 ], [ 10.560133934021, 46.484500885009901 ], [ 10.560647964477599, 46.4840278625488 ], [ 10.5610866546631, 46.483654022216797 ], [ 10.561327934265099, 46.48348236084 ], [ 10.561552047729601, 46.483341217041101 ], [ 10.561816215515201, 46.483192443847699 ], [ 10.578138351440501, 46.4742660522462 ], [ 10.5828552246094, 46.473045349121101 ], [ 10.584317207336399, 46.472705841064602 ], [ 10.5951766967775, 46.471099853515597 ], [ 10.601439476013301, 46.469589233398402 ], [ 10.601550102234, 46.469562530517599 ], [ 10.6016178131104, 46.469497680664098 ], [ 10.622510910034199, 46.449264526367202 ], [ 10.622656822204499, 46.449123382568402 ], [ 10.623162269592299, 46.449001312255902 ], [ 10.622844696044901, 46.448841094970803 ], [ 10.622617721557701, 46.44868850708 ], [ 10.6204471588134, 46.447059631347798 ], [ 10.619559288025, 46.446365356445298 ], [ 10.618371009826699, 46.445320129394602 ], [ 10.617815971374499, 46.444801330566399 ], [ 10.6176776885987, 46.4445419311525 ], [ 10.6176242828369, 46.443893432617202 ], [ 10.6172685623168, 46.430168151855497 ], [ 10.617267608642599, 46.429962158203097 ], [ 10.617286682129, 46.429676055908203 ], [ 10.617489814758301, 46.428688049316499 ], [ 10.618599891662701, 46.424312591552699 ], [ 10.620120048522899, 46.419044494628899 ], [ 10.6213493347169, 46.415031433105398 ], [ 10.6254949569703, 46.410106658935703 ], [ 10.6292695999147, 46.408573150634801 ], [ 10.631519317627101, 46.403457641601598 ], [ 10.6304225921632, 46.401767730712798 ], [ 10.627566337585399, 46.400001525878899 ], [ 10.6221961975097, 46.395881652832102 ], [ 10.614530563354499, 46.388809204101598 ], [ 10.610191345214901, 46.383296966552699 ], [ 10.6102142333985, 46.383129119872997 ], [ 10.6101732254029, 46.382972717285298 ], [ 10.609046936035201, 46.381050109863402 ], [ 10.6087770462037, 46.380588531494197 ], [ 10.6085271835328, 46.380283355712898 ], [ 10.608411788940501, 46.380184173584098 ], [ 10.5990991592407, 46.378284454345803 ], [ 10.5937509536743, 46.378047943115298 ], [ 10.580163955688599, 46.378009796142599 ], [ 10.571062088012701, 46.378021240234297 ], [ 10.568416595458901, 46.378791809082003 ], [ 10.5680761337281, 46.378818511962898 ], [ 10.5677242279053, 46.378665924072401 ], [ 10.563637733459499, 46.37650680542 ], [ 10.5482587814332, 46.367458343505902 ], [ 10.5345573425294, 46.356643676757898 ], [ 10.534078598022599, 46.357147216796903 ], [ 10.533863067627101, 46.357269287109403 ], [ 10.5307321548463, 46.357761383056598 ], [ 10.5300951004028, 46.357818603515597 ], [ 10.5219192504884, 46.357074737548899 ], [ 10.5214443206788, 46.357028961181697 ], [ 10.520909309387299, 46.3568725585938 ], [ 10.520833015441999, 46.356826782226698 ], [ 10.520536422729601, 46.356655120849702 ], [ 10.516762733459499, 46.344127655029403 ], [ 10.522729873657299, 46.344551086425803 ], [ 10.524239540100201, 46.344200134277401 ], [ 10.5283212661743, 46.343128204345803 ], [ 10.5287199020385, 46.342971801757798 ], [ 10.5666570663453, 46.327236175537102 ], [ 10.5664854049682, 46.324539184570398 ], [ 10.5661916732788, 46.3238334655762 ], [ 10.565951347351101, 46.323318481445298 ], [ 10.565509796142701, 46.322864532470703 ], [ 10.5649757385253, 46.322311401367301 ], [ 10.5646867752075, 46.321865081787102 ], [ 10.5647029876709, 46.321258544921903 ], [ 10.565147399902299, 46.315719604492202 ], [ 10.5655508041382, 46.3145141601562 ], [ 10.565896987915, 46.313907623291001 ], [ 10.567477226257299, 46.312515258789098 ], [ 10.572425842285201, 46.308235168457003 ], [ 10.5729417800904, 46.307968139648601 ], [ 10.573452949523899, 46.307800292968899 ], [ 10.5745210647584, 46.307613372802699 ], [ 10.5753288269043, 46.307468414306697 ], [ 10.576003074646099, 46.307331085205199 ], [ 10.5762987136841, 46.307258605957003 ], [ 10.5799169540406, 46.302841186523601 ], [ 10.5802412033081, 46.3017387390137 ], [ 10.5806131362915, 46.299720764160199 ], [ 10.578640937805201, 46.298095703125099 ], [ 10.565348625183001, 46.2899589538575 ], [ 10.565073013305801, 46.289787292480497 ], [ 10.5647315979004, 46.289428710937599 ], [ 10.5643768310547, 46.289024353027401 ], [ 10.5610456466675, 46.2849349975587 ], [ 10.560942649841399, 46.2845878601075 ], [ 10.560758590698301, 46.283943176269602 ], [ 10.561384201049901, 46.283519744872997 ], [ 10.569861412048301, 46.277942657470803 ], [ 10.571566581726101, 46.2769775390625 ], [ 10.5720119476319, 46.277050018310497 ], [ 10.5726604461669, 46.277233123779297 ], [ 10.5733451843263, 46.277393341064602 ], [ 10.574054718017599, 46.277492523193402 ], [ 10.574889183044499, 46.277423858642599 ], [ 10.5755977630616, 46.277317047119197 ], [ 10.5759601593019, 46.2771606445312 ], [ 10.576197624206699, 46.276996612548899 ], [ 10.576545715331999, 46.276752471923899 ], [ 10.57670211792, 46.276573181152301 ], [ 10.576867103576699, 46.276180267333999 ], [ 10.577125549316399, 46.275501251220597 ], [ 10.5867280960084, 46.248832702636797 ], [ 10.586771011352599, 46.246238708496101 ], [ 10.582519531250099, 46.2411918640137 ], [ 10.5822496414185, 46.240909576416101 ], [ 10.581795692443899, 46.240535736083999 ], [ 10.5809783935547, 46.240028381347699 ], [ 10.579023361206101, 46.238880157470597 ], [ 10.577145576477101, 46.238044738769503 ], [ 10.576516151428301, 46.237892150878899 ], [ 10.5760908126831, 46.237823486328203 ], [ 10.5715503692628, 46.228084564208999 ], [ 10.5714387893678, 46.224105834960902 ], [ 10.569109916687101, 46.221096038818501 ], [ 10.559243202209499, 46.212619781494098 ], [ 10.556035041809, 46.2109184265137 ], [ 10.555351257324199, 46.210529327392599 ], [ 10.553871154785201, 46.209476470947401 ], [ 10.5525970458985, 46.208415985107401 ], [ 10.5518512725831, 46.207714080810597 ], [ 10.5507612228394, 46.206432342529403 ], [ 10.550391197204601, 46.205520629882898 ], [ 10.544396400451699, 46.193344116211101 ], [ 10.542431831359901, 46.18953704834 ], [ 10.5447845458985, 46.188354492187599 ], [ 10.5474100112915, 46.186626434326101 ], [ 10.5497188568116, 46.185108184814503 ], [ 10.5545463562012, 46.181934356689503 ], [ 10.5551090240479, 46.181552886962898 ], [ 10.555173873901399, 46.181503295898501 ], [ 10.5556001663209, 46.181182861328097 ], [ 10.557188987731999, 46.179508209228601 ], [ 10.5579547882081, 46.178657531738402 ], [ 10.5590677261353, 46.177352905273601 ], [ 10.5662937164307, 46.167972564697301 ], [ 10.5664358139038, 46.1677436828613 ], [ 10.566431045532299, 46.167575836181598 ], [ 10.5661058425904, 46.167263031005902 ], [ 10.5651807785034, 46.166568756103601 ], [ 10.5646276474, 46.166313171386697 ], [ 10.5640268325806, 46.166091918945398 ], [ 10.563377380371101, 46.165855407714901 ], [ 10.562705993652401, 46.165618896484403 ], [ 10.5623054504394, 46.165435791015703 ], [ 10.5621032714844, 46.1652030944825 ], [ 10.561767578125099, 46.164817810058601 ], [ 10.5585041046143, 46.160762786865298 ], [ 10.5583410263063, 46.160511016845703 ], [ 10.5582418441772, 46.160320281982401 ], [ 10.556439399719199, 46.156307220458999 ], [ 10.5559701919556, 46.153453826904297 ], [ 10.5553541183472, 46.149669647216797 ], [ 10.5487518310547, 46.146999359130902 ], [ 10.5485334396363, 46.146858215332003 ], [ 10.5481662750244, 46.146480560302798 ], [ 10.5479650497437, 46.146194458007898 ], [ 10.547767639160201, 46.145851135253999 ], [ 10.547657012939499, 46.1454887390137 ], [ 10.546957969665501, 46.142715454101598 ], [ 10.5473079681396, 46.142044067382898 ], [ 10.547904968261699, 46.141345977783303 ], [ 10.548298835754499, 46.140918731689503 ], [ 10.548709869384799, 46.140533447265703 ], [ 10.549137115478599, 46.1401596069337 ], [ 10.552199363708599, 46.125949859619297 ], [ 10.552152633666999, 46.125400543212798 ], [ 10.550536155700801, 46.118289947509901 ], [ 10.542615890503001, 46.104164123535199 ], [ 10.542448043823301, 46.103939056396499 ], [ 10.5417928695678, 46.103309631347798 ], [ 10.5399808883666, 46.101619720458999 ], [ 10.5372438430787, 46.099063873291101 ], [ 10.5367908477784, 46.098644256591903 ], [ 10.5363578796388, 46.098281860351598 ], [ 10.525775909423899, 46.0905570983887 ], [ 10.5182247161866, 46.080989837646499 ], [ 10.510225296020501, 46.076141357421903 ], [ 10.5023612976075, 46.073238372802798 ], [ 10.4961767196656, 46.070343017578203 ], [ 10.495909690856999, 46.070213317871101 ], [ 10.4919662475587, 46.067726135253899 ], [ 10.491768836975201, 46.067512512207003 ], [ 10.4907369613647, 46.0663871765137 ], [ 10.478367805481099, 46.052223205566499 ], [ 10.4785861968994, 46.0520248413087 ], [ 10.4788846969606, 46.051864624023402 ], [ 10.4794702529907, 46.051593780517599 ], [ 10.480092048645099, 46.0513725280763 ], [ 10.480756759643601, 46.0512084960938 ], [ 10.4824037551881, 46.050807952881001 ], [ 10.484560012817401, 46.044692993164098 ], [ 10.4872608184816, 46.030448913574297 ], [ 10.487245559692401, 46.030239105224602 ], [ 10.487141609191999, 46.029872894287102 ], [ 10.4857397079468, 46.025516510009801 ], [ 10.4856023788453, 46.025215148925803 ], [ 10.4843292236329, 46.0227661132813 ], [ 10.4840917587281, 46.022510528564503 ], [ 10.483711242675801, 46.0223388671875 ], [ 10.483087539673001, 46.022163391113303 ], [ 10.4825468063356, 46.022026062011797 ], [ 10.4818210601807, 46.021987915039098 ], [ 10.4759941101075, 46.022182464599702 ], [ 10.473163604736399, 46.022373199462997 ], [ 10.472906112670801, 46.022342681884901 ], [ 10.4725847244263, 46.022277832031399 ], [ 10.4718599319459, 46.021999359131001 ], [ 10.466433525085501, 46.018466949462898 ], [ 10.466097831726101, 46.018222808837898 ], [ 10.4659271240234, 46.018085479736399 ], [ 10.465744972229, 46.017936706542997 ], [ 10.4640302658082, 46.016323089599602 ], [ 10.463540077209499, 46.015808105468899 ], [ 10.4593391418457, 46.011341094970597 ], [ 10.458997726440399, 46.010921478271598 ], [ 10.458621025085501, 46.010425567627003 ], [ 10.4583377838135, 46.009963989257798 ], [ 10.4581918716431, 46.009452819824297 ], [ 10.454012870788601, 45.990840911865298 ], [ 10.453967094421399, 45.990520477295 ], [ 10.4533071517944, 45.983306884765703 ], [ 10.4531612396241, 45.980587005615298 ], [ 10.453522682189901, 45.978996276855597 ], [ 10.453769683838001, 45.978557586669901 ], [ 10.4540433883668, 45.978080749511697 ], [ 10.454442024231, 45.977455139160298 ], [ 10.46546459198, 45.974853515625 ], [ 10.4856767654419, 45.971576690673899 ], [ 10.488010406494199, 45.960414886474602 ], [ 10.487821578979499, 45.960132598877003 ], [ 10.486234664917101, 45.957050323486399 ], [ 10.484052658081101, 45.952827453613402 ], [ 10.4842538833618, 45.951473236083999 ], [ 10.485740661621, 45.946014404296797 ], [ 10.486153602600099, 45.945301055908303 ], [ 10.4867401123047, 45.944381713867202 ], [ 10.4870309829712, 45.9439506530763 ], [ 10.487181663513301, 45.943729400634801 ], [ 10.492073059081999, 45.942840576171903 ], [ 10.492481231689601, 45.942867279052699 ], [ 10.492283821106099, 45.934169769287202 ], [ 10.492450714111399, 45.933929443359403 ], [ 10.493188858032299, 45.933376312255902 ], [ 10.4943189620972, 45.932533264160099 ], [ 10.497466087341399, 45.930389404296903 ], [ 10.501555442810099, 45.928398132324297 ], [ 10.5051651000978, 45.927227020263601 ], [ 10.508405685424799, 45.925891876220597 ], [ 10.509612083435099, 45.924484252929702 ], [ 10.5096893310547, 45.924201965332102 ], [ 10.511111259460501, 45.917987823486399 ], [ 10.5087347030641, 45.906261444091797 ], [ 10.5072193145753, 45.904342651367202 ], [ 10.507210731506399, 45.9041938781738 ], [ 10.5071277618409, 45.904052734374901 ], [ 10.5069732666016, 45.903930664062599 ], [ 10.5034379959106, 45.901538848876903 ], [ 10.5029830932618, 45.901248931884901 ], [ 10.502103805541999, 45.900936126708999 ], [ 10.501439094543599, 45.900718688964901 ], [ 10.500784873962299, 45.900512695312599 ], [ 10.4999923706056, 45.900405883789198 ], [ 10.4964408874512, 45.900672912597699 ], [ 10.4961090087891, 45.900718688964901 ], [ 10.491156578064, 45.887996673583999 ], [ 10.4910898208618, 45.885971069335902 ], [ 10.4910888671875, 45.885528564453203 ], [ 10.491351127624499, 45.884822845459098 ], [ 10.4920349121093, 45.883239746093899 ], [ 10.4958620071412, 45.8807182312012 ], [ 10.4963703155518, 45.880386352539198 ], [ 10.503321647644199, 45.872066497802798 ], [ 10.504133224487401, 45.856979370117202 ], [ 10.506950378418001, 45.844196319580199 ], [ 10.5031833648682, 45.834621429443402 ], [ 10.5031118392944, 45.834392547607401 ], [ 10.5030012130737, 45.833095550537202 ], [ 10.5030193328859, 45.832969665527301 ], [ 10.5031442642212, 45.832241058349602 ], [ 10.503197669983001, 45.831966400146499 ], [ 10.5033006668091, 45.831573486328097 ], [ 10.5034036636353, 45.831298828125099 ], [ 10.503529548645099, 45.831085205078203 ], [ 10.5038709640504, 45.830657958984403 ], [ 10.509240150451699, 45.824657440185497 ], [ 10.509375572204601, 45.824569702148402 ], [ 10.5096130371094, 45.824516296386697 ], [ 10.509880065918001, 45.824527740478601 ], [ 10.5100841522218, 45.824573516845803 ], [ 10.510350227356, 45.824634552002003 ], [ 10.5119514465331, 45.825019836425803 ], [ 10.5121059417725, 45.825077056884801 ], [ 10.5147161483765, 45.826610565185597 ], [ 10.5148487091065, 45.826713562011797 ], [ 10.514986991882299, 45.826778411865298 ], [ 10.515500068664601, 45.826911926269602 ], [ 10.518676757812599, 45.827285766601598 ], [ 10.525327682495201, 45.828048706054702 ], [ 10.529907226562599, 45.827457427978601 ], [ 10.5301342010497, 45.827365875244197 ], [ 10.5378093719482, 45.823493957519602 ], [ 10.5414171218872, 45.821334838867202 ], [ 10.5443077087403, 45.819286346435497 ], [ 10.544670104980399, 45.818569183349602 ], [ 10.5448112487793, 45.818103790283303 ], [ 10.5448446273803, 45.817977905273601 ], [ 10.5443859100343, 45.816623687744098 ], [ 10.527095794677701, 45.806533813476698 ], [ 10.532139778137299, 45.805362701416001 ], [ 10.5348815917969, 45.801540374755902 ], [ 10.5319232940675, 45.796783447265703 ], [ 10.533734321594199, 45.789203643798899 ], [ 10.533795356750501, 45.788982391357401 ], [ 10.537070274353001, 45.787380218506001 ], [ 10.53883934021, 45.786556243896499 ], [ 10.539458274841399, 45.786445617675803 ], [ 10.546455383300801, 45.785583496093899 ], [ 10.551492691040099, 45.785182952880902 ], [ 10.5621128082275, 45.784835815429602 ], [ 10.562471389770501, 45.784839630127003 ], [ 10.5645093917847, 45.785034179687401 ], [ 10.5755290985107, 45.7877807617188 ], [ 10.5814895629882, 45.789813995361399 ], [ 10.5817785263062, 45.790008544921903 ], [ 10.5821323394775, 45.790267944336001 ], [ 10.5830478668212, 45.792766571044901 ], [ 10.583159446716399, 45.794979095458999 ], [ 10.5832176208497, 45.795120239257898 ], [ 10.5867004394531, 45.797103881835902 ], [ 10.590123176574799, 45.798793792724702 ], [ 10.590746879577599, 45.799045562744098 ], [ 10.5913648605347, 45.799221038818501 ], [ 10.592064857482899, 45.799381256103601 ], [ 10.5987091064453, 45.800651550293097 ], [ 10.6015253067016, 45.803741455078097 ], [ 10.601671218872101, 45.803829193115199 ], [ 10.602025985717701, 45.803924560546903 ], [ 10.612753868103001, 45.806243896484403 ], [ 10.615603446960501, 45.806564331054801 ], [ 10.6257991790772, 45.807125091552699 ], [ 10.6361646652222, 45.807590484619297 ], [ 10.642453193664499, 45.802806854248203 ], [ 10.6448669433594, 45.803882598877003 ], [ 10.646366119384799, 45.805049896240298 ], [ 10.649420738220201, 45.808578491211001 ], [ 10.6520652770997, 45.813392639160298 ], [ 10.652014732361, 45.815036773681797 ], [ 10.65189743042, 45.815547943115298 ], [ 10.6517114639282, 45.816547393798899 ], [ 10.6516714096069, 45.818698883056598 ], [ 10.6516733169557, 45.818893432617202 ], [ 10.651700973510801, 45.819419860839801 ], [ 10.651713371276999, 45.819526672363402 ], [ 10.655679702758899, 45.833549499511797 ], [ 10.6687526702882, 45.833179473877102 ], [ 10.6708717346191, 45.8330268859863 ], [ 10.6722917556763, 45.832721710205099 ], [ 10.672981262207101, 45.832565307617202 ], [ 10.6743631362916, 45.832191467285199 ], [ 10.6749477386475, 45.831989288330199 ], [ 10.6756105422975, 45.8317642211913 ], [ 10.676757812500099, 45.831382751464801 ], [ 10.68367767334, 45.833515167236399 ], [ 10.691389083862401, 45.837169647216903 ], [ 10.700533866882401, 45.842578887939503 ], [ 10.7012815475465, 45.842494964599702 ], [ 10.702615737915201, 45.842067718505902 ], [ 10.7028818130493, 45.841953277587997 ], [ 10.703122138977101, 45.8418159484863 ], [ 10.7071943283082, 45.8394584655763 ], [ 10.707702636718899, 45.8391304016113 ], [ 10.707841873168899, 45.837413787841797 ], [ 10.7099304199219, 45.837154388427798 ], [ 10.710930824279799, 45.837039947509801 ], [ 10.711712837219199, 45.836994171142699 ], [ 10.7120513916016, 45.836982727050803 ], [ 10.7181587219238, 45.837703704833999 ], [ 10.719688415527401, 45.838806152343899 ], [ 10.7216033935547, 45.840248107910199 ], [ 10.722493171691999, 45.840938568115298 ], [ 10.7228422164918, 45.841304779052798 ], [ 10.723197937011699, 45.841766357421903 ], [ 10.7235412597657, 45.842113494873203 ], [ 10.7274255752563, 45.843292236328203 ], [ 10.732761383056699, 45.843566894531399 ], [ 10.734219551086399, 45.843624114990298 ], [ 10.7361183166504, 45.843639373779403 ], [ 10.736591339111399, 45.843643188476598 ], [ 10.736964225769199, 45.843559265136797 ], [ 10.744296073913601, 45.841922760009901 ], [ 10.7460527420044, 45.841419219970703 ], [ 10.746254920959601, 45.841358184814602 ], [ 10.752333641052401, 45.837482452392599 ], [ 10.7531938552857, 45.835144042968899 ], [ 10.755288124084499, 45.832473754882898 ], [ 10.757389068603599, 45.830940246582102 ], [ 10.7610397338868, 45.83842086792 ], [ 10.764086723327599, 45.840862274169901 ], [ 10.7652187347413, 45.841499328613303 ], [ 10.765822410583599, 45.841747283935703 ], [ 10.7664508819581, 45.841976165771499 ], [ 10.7689008712769, 45.842800140380902 ], [ 10.7706470489503, 45.8432846069337 ], [ 10.7715759277344, 45.8435287475587 ], [ 10.7722215652466, 45.843616485595803 ], [ 10.773657798767101, 45.843814849853601 ], [ 10.775653839111399, 45.843978881835902 ], [ 10.7779655456544, 45.844013214111399 ], [ 10.7781209945679, 45.843990325927798 ], [ 10.779387474060201, 45.843494415283097 ], [ 10.7796649932862, 45.843238830566399 ], [ 10.783297538757401, 45.839321136474602 ], [ 10.7828722000122, 45.838714599609403 ], [ 10.782758712768601, 45.838550567627003 ], [ 10.782823562622101, 45.837692260742202 ], [ 10.7829952239991, 45.837329864502102 ], [ 10.7922372817994, 45.834358215332102 ], [ 10.799803733825801, 45.836963653564602 ], [ 10.8070621490479, 45.8360786437988 ], [ 10.826419830322299, 45.838665008545 ], [ 10.826821327209499, 45.838615417480597 ], [ 10.8383674621582, 45.834663391113303 ], [ 10.8409519195557, 45.8337593078613 ], [ 10.841188430786101, 45.833675384521499 ], [ 10.8393564224244, 45.828491210937599 ], [ 10.8355712890625, 45.819103240966797 ], [ 10.834533691406399, 45.817707061767699 ], [ 10.833490371704, 45.816482543945398 ], [ 10.831282615661699, 45.814338684082102 ], [ 10.8280220031738, 45.812015533447202 ], [ 10.827623367309601, 45.811840057372997 ], [ 10.826018333435099, 45.811164855957003 ], [ 10.820341110229499, 45.807979583740298 ], [ 10.817290306091399, 45.805950164794901 ], [ 10.8158025741578, 45.8049545288087 ], [ 10.8106126785279, 45.799266815185497 ], [ 10.809766769409199, 45.798236846923899 ], [ 10.8091402053832, 45.797473907470803 ], [ 10.80628490448, 45.793956756591797 ], [ 10.8034439086915, 45.790462493896399 ], [ 10.793485641479601, 45.778018951416101 ], [ 10.785097122192401, 45.767059326172003 ], [ 10.7730207443238, 45.751693725585902 ], [ 10.764156341552701, 45.741607666015597 ], [ 10.7493343353271, 45.725112915039198 ], [ 10.7365007400513, 45.7107543945313 ], [ 10.730664253234901, 45.704341888427798 ], [ 10.7303037643434, 45.703945159912202 ], [ 10.7285585403443, 45.702037811279403 ], [ 10.719809532165501, 45.692268371582102 ], [ 10.7132863998413, 45.684688568115298 ], [ 10.706641197204601, 45.677326202392699 ], [ 10.7030429840088, 45.673648834228601 ], [ 10.6970014572144, 45.668338775634901 ], [ 10.690524101257299, 45.662696838378999 ], [ 10.6824350357056, 45.655639648437599 ], [ 10.6320762634278, 45.610427856445398 ], [ 10.6294879913331, 45.602977752685497 ], [ 10.630294799804799, 45.596313476562599 ], [ 10.6319599151612, 45.582523345947401 ], [ 10.632741928100501, 45.575027465820298 ], [ 10.633309364318899, 45.569374084472699 ], [ 10.6363992691041, 45.536350250244297 ], [ 10.637758255005, 45.521820068359297 ], [ 10.6386365890503, 45.512401580810497 ], [ 10.638929367065501, 45.509254455566399 ], [ 10.642606735229601, 45.472991943359297 ], [ 10.6438837051391, 45.463531494140703 ], [ 10.6438312530518, 45.456443786621101 ], [ 10.6439180374147, 45.455451965332003 ], [ 10.645293235778899, 45.454818725586101 ], [ 10.647188186645501, 45.453559875488303 ], [ 10.6486349105835, 45.452320098877003 ], [ 10.6487560272216, 45.449459075927699 ], [ 10.6453294754028, 45.445606231689602 ], [ 10.64515209198, 45.445468902587898 ], [ 10.644428253173899, 45.445297241211101 ], [ 10.6280479431153, 45.443778991699297 ], [ 10.624672889709499, 45.444538116455099 ], [ 10.6282739639282, 45.439197540283203 ], [ 10.629240989685099, 45.440574645996101 ], [ 10.6364374160766, 45.4431343078613 ], [ 10.637908935546999, 45.443618774413999 ], [ 10.641295433044499, 45.444416046142699 ], [ 10.6431303024293, 45.444622039795 ], [ 10.650486946106, 45.4417114257812 ], [ 10.6525783538818, 45.428825378417997 ], [ 10.6522016525269, 45.427768707275398 ], [ 10.651766777038601, 45.426856994628899 ], [ 10.647620201111, 45.422290802002102 ], [ 10.647098541259799, 45.421955108642699 ], [ 10.645838737487701, 45.421272277832102 ], [ 10.6450347900391, 45.420871734619098 ], [ 10.644679069519, 45.420047760009901 ], [ 10.644625663757401, 45.419662475586001 ], [ 10.644606590271, 45.419403076171903 ], [ 10.6445817947388, 45.418914794921903 ], [ 10.644897460937599, 45.418739318847699 ], [ 10.654884338379, 45.416759490966903 ], [ 10.6556510925293, 45.416748046875 ], [ 10.663763999939, 45.425811767578203 ], [ 10.6637086868287, 45.427799224853601 ], [ 10.664312362671, 45.428737640380902 ], [ 10.665070533752401, 45.428951263427798 ], [ 10.6655721664428, 45.429023742675803 ], [ 10.673186302185201, 45.427139282226598 ], [ 10.6813879013063, 45.425281524658303 ], [ 10.690309524536101, 45.423568725586101 ], [ 10.6946506500244, 45.423385620117301 ], [ 10.698978424072299, 45.423583984374901 ], [ 10.6991634368896, 45.423812866210902 ], [ 10.699632644653301, 45.423732757568402 ], [ 10.713539123535201, 45.419467926025497 ], [ 10.7155666351318, 45.418502807617202 ], [ 10.716816902160801, 45.417556762695398 ], [ 10.7171583175659, 45.417018890380902 ], [ 10.7203912734985, 45.406890869140703 ], [ 10.720467567443899, 45.406490325927798 ], [ 10.720528602600201, 45.405979156494098 ], [ 10.7204656600953, 45.405536651611399 ], [ 10.720313072204499, 45.405162811279403 ], [ 10.7196035385132, 45.403694152832102 ], [ 10.719074249267701, 45.402660369873203 ], [ 10.7186117172241, 45.4017562866212 ], [ 10.720241546630801, 45.401222229003999 ], [ 10.720117568969799, 45.400863647461101 ], [ 10.7198276519775, 45.400138854980497 ], [ 10.7190351486207, 45.398410797119197 ], [ 10.718652725219799, 45.397617340087898 ], [ 10.7178649902343, 45.396495819091903 ], [ 10.7089481353759, 45.385936737060497 ], [ 10.699599266052299, 45.381248474121001 ], [ 10.6987648010254, 45.381011962890703 ], [ 10.6992902755737, 45.379913330078097 ], [ 10.700615882873601, 45.377288818359403 ], [ 10.7019510269166, 45.375488281250099 ], [ 10.7040576934815, 45.3736572265625 ], [ 10.706250190734901, 45.371799468994098 ], [ 10.707410812378001, 45.370918273925902 ], [ 10.708475112915099, 45.370197296142599 ], [ 10.7096910476685, 45.3698921203613 ], [ 10.710949897766101, 45.369712829589901 ], [ 10.7121000289918, 45.369720458984403 ], [ 10.712981224060099, 45.369651794433601 ], [ 10.713406562805099, 45.369621276855497 ], [ 10.713679313659799, 45.369598388672003 ], [ 10.714075088501099, 45.3695297241212 ], [ 10.71488571167, 45.369384765625099 ], [ 10.715682029724199, 45.369136810302699 ], [ 10.7156496047975, 45.368858337402301 ], [ 10.715064048767101, 45.3680839538575 ], [ 10.7046718597412, 45.359249114990199 ], [ 10.6928615570068, 45.354969024658303 ], [ 10.691168785095201, 45.354705810547003 ], [ 10.689904212951699, 45.354644775390703 ], [ 10.686566352844199, 45.354610443115298 ], [ 10.687786102295, 45.343097686767599 ], [ 10.6887578964234, 45.342750549316399 ], [ 10.6964960098268, 45.341140747070398 ], [ 10.6997089385987, 45.340618133545 ], [ 10.7003087997437, 45.340618133545 ], [ 10.700807571411101, 45.341087341308601 ], [ 10.701168060302701, 45.341575622558501 ], [ 10.701709747314601, 45.341793060302798 ], [ 10.703038215637299, 45.342075347900398 ], [ 10.704098701477101, 45.342281341552699 ], [ 10.7159938812256, 45.334999084472699 ], [ 10.7164573669434, 45.3335151672363 ], [ 10.7165241241456, 45.3331909179687 ], [ 10.716510772705099, 45.333114624023501 ], [ 10.7159643173218, 45.329860687255902 ], [ 10.715563774108899, 45.328464508056797 ], [ 10.7141981124878, 45.324611663818402 ], [ 10.713341712951699, 45.323318481445298 ], [ 10.707405090331999, 45.317226409912202 ], [ 10.7076387405397, 45.317138671875099 ], [ 10.708086013794, 45.316970825195298 ], [ 10.709153175354, 45.316822052002102 ], [ 10.71049118042, 45.316783905029297 ], [ 10.712064743042101, 45.3169136047363 ], [ 10.717403411865201, 45.317535400390597 ], [ 10.7195205688478, 45.317943572998097 ], [ 10.7209119796753, 45.318401336669901 ], [ 10.7216711044312, 45.319000244140703 ], [ 10.722304344177299, 45.3196830749513 ], [ 10.7229824066162, 45.319755554199297 ], [ 10.724037170410201, 45.319629669189503 ], [ 10.725727081298899, 45.319389343261797 ], [ 10.727145195007299, 45.319034576416001 ], [ 10.7280921936035, 45.3187065124512 ], [ 10.731504440307701, 45.316783905029297 ], [ 10.7316904067994, 45.316596984863303 ], [ 10.732172012329199, 45.316112518310497 ], [ 10.7323656082154, 45.315345764160199 ], [ 10.733981132507299, 45.307662963867202 ], [ 10.734120368957599, 45.306373596191499 ], [ 10.7337865829468, 45.305061340332102 ], [ 10.733459472656399, 45.303932189941499 ], [ 10.732978820800801, 45.302814483642599 ], [ 10.732134819030801, 45.301498413086101 ], [ 10.731499671936101, 45.300548553466797 ], [ 10.7307586669922, 45.2994384765625 ], [ 10.7298946380615, 45.2970581054688 ], [ 10.729433059692401, 45.2948417663575 ], [ 10.729291915893601, 45.292659759521499 ], [ 10.7293691635132, 45.292221069335902 ], [ 10.7384357452393, 45.288169860839801 ], [ 10.7496032714844, 45.295101165771598 ], [ 10.783835411071699, 45.316345214843899 ], [ 10.791584968566999, 45.311408996582102 ], [ 10.795529365539601, 45.308898925781399 ], [ 10.817509651184199, 45.295001983642599 ], [ 10.817336082458599, 45.294322967529403 ], [ 10.8170738220215, 45.292919158935597 ], [ 10.817283630371101, 45.291946411132898 ], [ 10.8175821304322, 45.290870666503899 ], [ 10.8178930282593, 45.290237426757898 ], [ 10.834843635559199, 45.276515960693402 ], [ 10.841032981872701, 45.273815155029297 ], [ 10.8407859802246, 45.269416809082102 ], [ 10.8407859802246, 45.268653869628999 ], [ 10.840814590454199, 45.267993927002102 ], [ 10.8408975601196, 45.267700195312599 ], [ 10.8409976959229, 45.267345428466797 ], [ 10.8456439971925, 45.260444641113303 ], [ 10.8476257324219, 45.257499694824197 ], [ 10.862520217895501, 45.255825042724702 ], [ 10.8767795562744, 45.253467559814503 ], [ 10.880566596984901, 45.248893737792997 ], [ 10.8829259872437, 45.247802734375099 ], [ 10.8871097564697, 45.248706817627003 ], [ 10.890060424804799, 45.249504089355497 ], [ 10.8978433609009, 45.2479858398438 ], [ 10.901457786560201, 45.243354797363303 ], [ 10.902332305908301, 45.239341735839801 ], [ 10.902490615844799, 45.238792419433601 ], [ 10.903101921081699, 45.2384033203125 ], [ 10.9033975601197, 45.238342285156399 ], [ 10.9044809341431, 45.238109588622997 ], [ 10.9211769104004, 45.235664367675902 ], [ 10.9351873397828, 45.234039306640597 ], [ 10.9378051757812, 45.233860015869297 ], [ 10.9370689392091, 45.232826232910298 ], [ 10.9317693710328, 45.227138519287202 ], [ 10.931547164916999, 45.220943450927699 ], [ 10.9317445755006, 45.218940734863303 ], [ 10.935997009277401, 45.215122222900398 ], [ 10.937117576599199, 45.214889526367301 ], [ 10.947972297668599, 45.206665039062599 ], [ 10.9522457122803, 45.206916809082003 ], [ 10.965901374816999, 45.207069396972798 ], [ 10.9667472839356, 45.2068481445313 ], [ 10.9851236343384, 45.2007064819337 ], [ 10.9891939163207, 45.198394775390597 ], [ 10.9913997650147, 45.197029113769503 ], [ 10.996831893921, 45.1896362304688 ], [ 10.998131752014199, 45.187858581542997 ], [ 10.9988222122193, 45.186855316162102 ], [ 10.9990940093994, 45.186267852783203 ], [ 10.9991340637207, 45.185985565185703 ], [ 10.9990243911743, 45.159549713134801 ], [ 10.998743057251, 45.158782958984403 ], [ 10.99840259552, 45.158138275146598 ], [ 10.9963836669922, 45.154998779297003 ], [ 10.995994567871101, 45.1543998718262 ], [ 10.995198249816999, 45.154170989990199 ], [ 10.994428634643601, 45.154006958007898 ], [ 10.993705749511699, 45.153938293457003 ], [ 10.9953718185425, 45.151504516601598 ], [ 10.995529174804799, 45.151275634765597 ], [ 11.011256217956699, 45.1495780944825 ], [ 11.012052536010801, 45.1497993469238 ], [ 11.013308525085501, 45.150444030761797 ], [ 11.014658927917599, 45.151203155517599 ], [ 11.01819896698, 45.153480529785298 ], [ 11.0226440429687, 45.156585693359403 ], [ 11.0331068038941, 45.154510498046903 ], [ 11.036581993103001, 45.151039123535099 ], [ 11.0470161437988, 45.153919219970803 ], [ 11.047644615173301, 45.154064178466903 ], [ 11.0504703521729, 45.151607513427798 ], [ 11.0511569976807, 45.150913238525497 ], [ 11.051481246948301, 45.150497436523402 ], [ 11.0448579788209, 45.135208129882798 ], [ 11.0426311492919, 45.133491516113303 ], [ 11.0372953414918, 45.131416320800803 ], [ 11.036907196044901, 45.1312675476075 ], [ 11.0335597991944, 45.130092620849702 ], [ 11.030298233032299, 45.128959655761697 ], [ 11.029941558838001, 45.1288032531738 ], [ 11.0294065475463, 45.127655029296903 ], [ 11.029481887817401, 45.125133514404403 ], [ 11.0297079086304, 45.123966217041101 ], [ 11.0317363739015, 45.121635437011797 ], [ 11.0348262786865, 45.118438720703097 ], [ 11.0407209396362, 45.114048004150398 ], [ 11.0437078475953, 45.1126098632813 ], [ 11.0518360137941, 45.110363006591797 ], [ 11.0739402770997, 45.099674224853501 ], [ 11.079797744751, 45.100372314453203 ], [ 11.084306716918899, 45.100624084472798 ], [ 11.0878448486329, 45.099723815917898 ], [ 11.0985822677613, 45.096176147461001 ], [ 11.096410751342701, 45.098682403564503 ], [ 11.0949172973634, 45.100833892822301 ], [ 11.0959024429322, 45.106990814208999 ], [ 11.097487449646099, 45.109661102295 ], [ 11.098073005676399, 45.110389709472798 ], [ 11.1011571884156, 45.113376617431598 ], [ 11.1015739440918, 45.113655090332003 ], [ 11.1020002365113, 45.113826751708999 ], [ 11.103153228759799, 45.114059448242202 ], [ 11.1035623550415, 45.113780975341797 ], [ 11.1045484542846, 45.112602233886797 ], [ 11.106409072876099, 45.109977722168097 ], [ 11.1153707504272, 45.105838775634801 ], [ 11.1165266036988, 45.10546875 ], [ 11.1276121139528, 45.104145050048899 ], [ 11.1284132003784, 45.104148864746101 ], [ 11.1327724456788, 45.105842590332003 ], [ 11.133084297180201, 45.106025695800803 ], [ 11.135394096374601, 45.110023498535099 ], [ 11.1358280181885, 45.110786437988203 ], [ 11.135766029358001, 45.111438751220803 ], [ 11.135482788086, 45.112064361572301 ], [ 11.1350812911987, 45.113224029541001 ], [ 11.134936332702599, 45.114089965820298 ], [ 11.1349029541016, 45.114883422851598 ], [ 11.1349430084229, 45.115333557128999 ], [ 11.1352033615113, 45.116821289062599 ], [ 11.135422706604, 45.117610931396499 ], [ 11.1397457122803, 45.124782562256001 ], [ 11.1468839645385, 45.126926422119098 ], [ 11.147444725036699, 45.126987457275398 ], [ 11.1486558914184, 45.126724243164098 ], [ 11.1497898101807, 45.125766754150398 ], [ 11.160245895385801, 45.1194648742675 ], [ 11.161903381347701, 45.118904113769602 ], [ 11.163558959961099, 45.118656158447401 ], [ 11.1655569076538, 45.118381500244098 ], [ 11.167810440063599, 45.118106842041101 ], [ 11.170337677002101, 45.117725372314602 ], [ 11.172258377075201, 45.117408752441499 ], [ 11.1740608215332, 45.117015838622997 ], [ 11.1818561553956, 45.114059448242202 ], [ 11.188596725463899, 45.110805511474702 ], [ 11.1892004013062, 45.110622406005902 ], [ 11.190233230590801, 45.110702514648501 ], [ 11.193847656250099, 45.111171722412202 ], [ 11.204436302185099, 45.112598419189403 ], [ 11.206480026245099, 45.110416412353601 ], [ 11.189420700073301, 45.102447509765597 ], [ 11.1785221099853, 45.098270416259901 ], [ 11.1784229278565, 45.097778320312599 ], [ 11.178069114685, 45.096038818359503 ], [ 11.177712440490801, 45.093002319336101 ], [ 11.177732467651399, 45.090183258056697 ], [ 11.1778297424316, 45.0894165039062 ], [ 11.178321838378899, 45.089004516601698 ], [ 11.179136276245201, 45.088672637939503 ], [ 11.180315017700201, 45.0884819030762 ], [ 11.181028366088899, 45.088634490966903 ], [ 11.1818504333496, 45.088882446289098 ], [ 11.1827907562257, 45.089042663574197 ], [ 11.1838951110841, 45.088851928710902 ], [ 11.1884670257569, 45.087459564208999 ], [ 11.1887884140015, 45.087207794189602 ], [ 11.188972473144499, 45.086700439453203 ], [ 11.1893815994263, 45.085010528564503 ], [ 11.189232826232899, 45.084228515625099 ], [ 11.1883392333985, 45.083438873291001 ], [ 11.183732986450201, 45.079944610595803 ], [ 11.181786537170399, 45.078559875488303 ], [ 11.179185867309601, 45.076969146728501 ], [ 11.178042411804199, 45.076290130615298 ], [ 11.176500320434601, 45.075813293457102 ], [ 11.1756591796875, 45.075416564941499 ], [ 11.1753549575806, 45.074775695800803 ], [ 11.174562454223601, 45.072422027587898 ], [ 11.1745462417603, 45.072216033935497 ], [ 11.174761772155801, 45.068195343017599 ], [ 11.1749238967897, 45.066085815429702 ], [ 11.1753015518188, 45.0633354187013 ], [ 11.1762800216675, 45.060993194580099 ], [ 11.1774139404297, 45.061420440673899 ], [ 11.179564476013301, 45.061855316162102 ], [ 11.182138442993301, 45.062160491943402 ], [ 11.1924905776978, 45.061798095703097 ], [ 11.194379806518601, 45.061698913574297 ], [ 11.1984205245972, 45.061424255371101 ], [ 11.201979637146, 45.061164855957102 ], [ 11.2024488449097, 45.061130523681598 ], [ 11.2079572677612, 45.059375762939403 ], [ 11.2110090255737, 45.058830261230497 ], [ 11.213190078735501, 45.0584106445313 ], [ 11.215904235839799, 45.057315826416001 ], [ 11.2173881530762, 45.056610107421797 ], [ 11.225661277771099, 45.051841735839801 ], [ 11.230809211731099, 45.048732757568402 ], [ 11.231591224670399, 45.048057556152301 ], [ 11.2360296249391, 45.045497894287102 ], [ 11.237688064575201, 45.044719696044901 ], [ 11.2395324707031, 45.044132232666001 ], [ 11.2414455413818, 45.043880462646598 ], [ 11.24405002594, 45.044082641601598 ], [ 11.246434211731, 45.044654846191399 ], [ 11.248608589172299, 45.045387268066399 ], [ 11.25004196167, 45.046321868896499 ], [ 11.2515115737916, 45.047866821289098 ], [ 11.2526597976685, 45.049625396728601 ], [ 11.2539987564088, 45.051364898681598 ], [ 11.2559280395507, 45.053272247314403 ], [ 11.2579698562622, 45.0548324584962 ], [ 11.260491371154901, 45.056285858154403 ], [ 11.262421607971101, 45.0572738647462 ], [ 11.2637233734131, 45.057735443115298 ], [ 11.2653226852418, 45.057712554931598 ], [ 11.266900062561101, 45.0571517944337 ], [ 11.268548965454, 45.056125640869297 ], [ 11.269697189331101, 45.054332733154403 ], [ 11.270200729370099, 45.052936553955099 ], [ 11.270531654358001, 45.052001953125099 ], [ 11.2712955474854, 45.049491882324297 ], [ 11.2715969085694, 45.048423767089801 ], [ 11.2716150283813, 45.047290802002003 ], [ 11.271513938903899, 45.046012878417997 ], [ 11.271452903747599, 45.045436859131001 ], [ 11.271369934081999, 45.044937133789198 ], [ 11.265628814697299, 45.03267288208 ], [ 11.270928382873601, 45.029289245605597 ], [ 11.2722883224488, 45.028049468994297 ], [ 11.2731313705444, 45.026584625244098 ], [ 11.2738046646119, 45.025012969970803 ], [ 11.274008750915501, 45.024063110351598 ], [ 11.274127006530801, 45.022556304931797 ], [ 11.2742166519166, 45.021305084228601 ], [ 11.274310111999499, 45.020130157470703 ], [ 11.274947166443001, 45.0193099975587 ], [ 11.2750453948975, 45.0191841125488 ], [ 11.2764940261841, 45.018241882324297 ], [ 11.278358459472701, 45.017871856689503 ], [ 11.2825231552125, 45.017284393310497 ], [ 11.2840118408203, 45.017074584961001 ], [ 11.291475296020501, 45.0161323547363 ], [ 11.293080329895, 45.015975952148501 ], [ 11.299859046936, 45.015388488769602 ], [ 11.3006563186647, 45.015312194824297 ], [ 11.302615165710501, 45.0151176452638 ], [ 11.3044128417969, 45.014701843261697 ], [ 11.3063859939575, 45.014232635497997 ], [ 11.307945251465, 45.013858795166001 ], [ 11.3097372055054, 45.013290405273601 ], [ 11.3118600845337, 45.012138366699297 ], [ 11.3142156600953, 45.010658264160199 ], [ 11.318937301635801, 45.005119323730398 ], [ 11.323137283325201, 45.001094818115298 ], [ 11.328199386596699, 44.996585845947401 ], [ 11.328477859497101, 44.996387481689602 ], [ 11.332862854004, 44.993160247802798 ], [ 11.334479331970201, 44.992343902587898 ], [ 11.336820602416999, 44.991325378418097 ], [ 11.339255332946699, 44.990348815917997 ], [ 11.3849306106569, 44.975700378418097 ], [ 11.3874521255494, 44.9750366210938 ], [ 11.3890390396119, 44.974727630615199 ], [ 11.395565032959, 44.972545623779403 ], [ 11.396844863891699, 44.972209930419901 ], [ 11.402793884277299, 44.971347808837898 ], [ 11.4068155288696, 44.970794677734403 ], [ 11.415790557861399, 44.968276977539198 ], [ 11.417145729064901, 44.967697143554801 ], [ 11.418476104736399, 44.9670639038087 ], [ 11.4194450378419, 44.966602325439503 ], [ 11.4211835861206, 44.965740203857401 ], [ 11.422918319702299, 44.964756011962997 ], [ 11.423988342285201, 44.963996887207102 ], [ 11.4254217147828, 44.962821960449197 ], [ 11.42649269104, 44.961746215820398 ], [ 11.4272365570069, 44.960758209228601 ], [ 11.4278411865234, 44.959735870361399 ], [ 11.428321838379, 44.958816528320298 ], [ 11.428592681884901, 44.957462310791101 ], [ 11.428677558898899, 44.956153869628899 ], [ 11.428653717041, 44.954792022705099 ], [ 11.428651809692401, 44.954662322997997 ], [ 11.4285116195678, 44.953765869140703 ], [ 11.427749633789199, 44.951007843017699 ], [ 11.4273071289063, 44.953037261962898 ], [ 11.4110250473022, 44.951160430908303 ], [ 11.4098129272462, 44.950969696045 ], [ 11.4009428024291, 44.954891204833999 ], [ 11.400185585021999, 44.955757141113303 ], [ 11.399473190307701, 44.955917358398402 ], [ 11.3791866302491, 44.958858489990199 ], [ 11.375073432922401, 44.958709716797003 ], [ 11.3738508224488, 44.9585990905762 ], [ 11.3718938827515, 44.9581718444825 ], [ 11.363758087158301, 44.956398010253999 ], [ 11.3631258010865, 44.955509185791101 ], [ 11.3626937866212, 44.954879760742202 ], [ 11.362260818481399, 44.953899383544901 ], [ 11.361036300659199, 44.951835632324297 ], [ 11.3603334426881, 44.951389312744297 ], [ 11.3591146469116, 44.951065063476598 ], [ 11.3581495285035, 44.951011657714801 ], [ 11.338605880737401, 44.957283020019503 ], [ 11.3379230499268, 44.957588195800902 ], [ 11.3373975753785, 44.957820892333999 ], [ 11.3283290863038, 44.962009429931697 ], [ 11.3274993896484, 44.963172912597699 ], [ 11.321103096008301, 44.961135864257898 ], [ 11.3145351409913, 44.959224700927798 ], [ 11.3134527206422, 44.959136962890703 ], [ 11.312415122985801, 44.959480285644602 ], [ 11.3112297058106, 44.960273742675902 ], [ 11.309664726257401, 44.961383819580099 ], [ 11.3070573806763, 44.963058471679702 ], [ 11.3053245544434, 44.963180541992202 ], [ 11.302578926086399, 44.963291168212898 ], [ 11.285347938537599, 44.9575424194337 ], [ 11.2828912734985, 44.953689575195398 ], [ 11.28076171875, 44.950347900390703 ], [ 11.277699470520099, 44.945751190185497 ], [ 11.2761869430543, 44.9435424804688 ], [ 11.2732534408569, 44.939254760742301 ], [ 11.2512731552125, 44.9504623413087 ], [ 11.247202873230099, 44.952377319336001 ], [ 11.2440490722657, 44.948234558105597 ], [ 11.243508338928301, 44.947696685791101 ], [ 11.2429189682006, 44.9472045898438 ], [ 11.242437362671, 44.946872711181598 ], [ 11.239019393921, 44.946002960205099 ], [ 11.2364158630371, 44.945560455322301 ], [ 11.2343769073487, 44.9455795288087 ], [ 11.232801437377899, 44.945800781249901 ], [ 11.230809211731099, 44.945758819580099 ], [ 11.229170799255501, 44.945709228515703 ], [ 11.228816986084, 44.9456977844238 ], [ 11.226810455322401, 44.945583343505902 ], [ 11.218450546264799, 44.945087432861399 ], [ 11.2141370773316, 44.944442749023501 ], [ 11.2093200683594, 44.943290710449297 ], [ 11.2075634002687, 44.942760467529403 ], [ 11.206420898437599, 44.942386627197301 ], [ 11.204665184021099, 44.9415473937988 ], [ 11.2040920257569, 44.941150665283203 ], [ 11.203086853027299, 44.940429687500099 ], [ 11.1798210144044, 44.938804626464801 ], [ 11.153441429138301, 44.934200286865298 ], [ 11.1522932052612, 44.934295654297003 ], [ 11.149677276611399, 44.935192108154403 ], [ 11.143865585327299, 44.938350677490298 ], [ 11.130470275878899, 44.946109771728501 ], [ 11.129241943359499, 44.9471855163575 ], [ 11.1288414001465, 44.948326110839801 ], [ 11.128669738769601, 44.949176788330099 ], [ 11.1280736923219, 44.949863433837997 ], [ 11.125340461731099, 44.952327728271598 ], [ 11.123294830322299, 44.953571319580099 ], [ 11.1213912963868, 44.954524993896499 ], [ 11.119029045105099, 44.955421447753999 ], [ 11.1052865982056, 44.959159851074197 ], [ 11.10493183136, 44.959243774414098 ], [ 11.1047334671022, 44.959289550781399 ], [ 11.0991382598878, 44.958816528320298 ], [ 11.0954599380494, 44.959117889404297 ], [ 11.093378067016699, 44.959362030029403 ], [ 11.0902976989746, 44.959819793701101 ], [ 11.089669227600099, 44.9602279663087 ], [ 11.085059165954601, 44.961009979247997 ], [ 11.0744819641113, 44.963878631591797 ], [ 11.0743045806885, 44.9637451171875 ], [ 11.073134422302401, 44.962661743164098 ], [ 11.062772750854499, 44.952541351318501 ], [ 11.0613660812378, 44.951133728027301 ], [ 11.060580253601101, 44.950206756591903 ], [ 11.060549736022899, 44.949848175048899 ], [ 11.0583200454713, 44.951065063476598 ], [ 11.057469367981099, 44.951343536377003 ], [ 11.047040939331101, 44.9528427124025 ], [ 11.045954704284799, 44.952960968017599 ], [ 11.0330762863159, 44.952903747558601 ], [ 11.0236883163453, 44.953624725341903 ], [ 11.019269943237401, 44.953922271728501 ], [ 10.9990816116334, 44.955799102783303 ], [ 10.998481750488301, 44.956043243408203 ], [ 10.997764587402401, 44.955848693847798 ], [ 10.9950170516968, 44.954818725585902 ], [ 10.994297027588001, 44.954517364502003 ], [ 10.991696357727101, 44.953353881836001 ], [ 10.990908622741699, 44.952953338622997 ], [ 10.9898223876954, 44.952323913574197 ], [ 10.977215766906699, 44.9428100585937 ], [ 10.9681606292725, 44.935726165771598 ], [ 10.967391014099199, 44.935436248779297 ], [ 10.963854789733899, 44.935047149658203 ], [ 10.957589149475201, 44.9344673156738 ], [ 10.9553651809693, 44.934291839599602 ], [ 10.9536790847779, 44.934200286865298 ], [ 10.951607704162701, 44.934257507324297 ], [ 10.952318191528301, 44.928913116455 ], [ 10.9423828125, 44.922859191894602 ], [ 10.938383102416999, 44.923194885253999 ], [ 10.932549476623601, 44.9236869812012 ], [ 10.9200897216797, 44.924770355224602 ], [ 10.9180641174316, 44.925067901611399 ], [ 10.917979240417599, 44.925079345703203 ], [ 10.891320228576699, 44.913398742675803 ], [ 10.890990257263301, 44.913612365722699 ], [ 10.890007972717299, 44.914253234863303 ], [ 10.8894367218018, 44.914699554443402 ], [ 10.888903617858899, 44.915214538574297 ], [ 10.888955116272101, 44.915370941162102 ], [ 10.889384269714499, 44.916656494140597 ], [ 10.889808654785201, 44.917507171630902 ], [ 10.8906888961793, 44.9184761047363 ], [ 10.8951272964478, 44.920787811279403 ], [ 10.897150039673001, 44.921798706054702 ], [ 10.896961212158301, 44.922393798828097 ], [ 10.892850875854601, 44.921722412109503 ], [ 10.8833074569703, 44.919704437256001 ], [ 10.882952690124499, 44.919620513916001 ], [ 10.8825798034668, 44.919528961181797 ], [ 10.8776512145996, 44.917991638183601 ], [ 10.875055313110501, 44.922763824462997 ], [ 10.871479034423899, 44.921451568603601 ], [ 10.870638847351101, 44.921340942382898 ], [ 10.869600296020501, 44.921707153320398 ], [ 10.865990638733001, 44.924503326416101 ], [ 10.8658657073975, 44.925361633300902 ], [ 10.854973793029901, 44.928642272949197 ], [ 10.843564987182599, 44.930126190185497 ], [ 10.8316993713379, 44.933528900146499 ], [ 10.823353767395099, 44.937328338622997 ], [ 10.8126802444459, 44.938827514648501 ], [ 10.811882019042899, 44.938831329345597 ], [ 10.8108444213868, 44.938488006591797 ], [ 10.8104619979859, 44.938285827636797 ], [ 10.8103294372559, 44.9382133483888 ], [ 10.8042860031129, 44.937076568603601 ], [ 10.777839660644601, 44.942909240722798 ], [ 10.776696205139199, 44.943199157714901 ], [ 10.775703430175801, 44.943485260009801 ], [ 10.774676322937101, 44.943859100341797 ], [ 10.772271156311, 44.944789886474602 ], [ 10.7716531753541, 44.945037841796797 ], [ 10.765256881714, 44.946292877197301 ], [ 10.7505598068237, 44.948535919189602 ], [ 10.749449729919499, 44.948715209960902 ], [ 10.7447347640991, 44.949981689453203 ], [ 10.7438659667969, 44.953929901122997 ], [ 10.7438068389894, 44.954868316650398 ], [ 10.749170303344799, 44.963630676269602 ], [ 10.7484874725343, 44.964088439941499 ], [ 10.7479915618896, 44.964511871337898 ], [ 10.7430229187012, 44.973716735839901 ], [ 10.742473602295, 44.974830627441399 ], [ 10.742211341858001, 44.9757308959962 ], [ 10.7426452636718, 44.9767265319825 ], [ 10.743166923522899, 44.978092193603601 ], [ 10.7426786422731, 44.981544494628999 ], [ 10.7396812438966, 44.9866752624513 ], [ 10.732604026794499, 44.992332458496001 ], [ 10.7315788269044, 44.992824554443402 ], [ 10.728411674499499, 44.992961883545 ], [ 10.727315902710099, 44.992771148681697 ], [ 10.7262287139893, 44.992500305175902 ], [ 10.7207193374635, 44.990638732910199 ], [ 10.7196140289306, 44.990165710449297 ], [ 10.7175407409669, 44.989189147949297 ], [ 10.716355323791401, 44.988529205322301 ], [ 10.715527534484901, 44.988048553466697 ], [ 10.714673995971699, 44.987483978271499 ], [ 10.7141666412354, 44.987060546875 ], [ 10.713176727294901, 44.986183166503999 ], [ 10.7128429412841, 44.9856147766113 ], [ 10.7125673294068, 44.984859466552699 ], [ 10.7124252319337, 44.984256744384801 ], [ 10.712348937988301, 44.98392868042 ], [ 10.7123432159425, 44.983722686767599 ], [ 10.712324142456101, 44.982685089111399 ], [ 10.712347984314, 44.982261657714801 ], [ 10.7123966217041, 44.981712341308601 ], [ 10.712640762329199, 44.980152130127003 ], [ 10.7127466201782, 44.977340698242202 ], [ 10.712732315063599, 44.976406097412102 ], [ 10.7125577926637, 44.975681304931598 ], [ 10.7115335464479, 44.974079132080199 ], [ 10.703534126281699, 44.966041564941399 ], [ 10.703069686889799, 44.965789794922003 ], [ 10.699394226074199, 44.964107513427798 ], [ 10.698380470276, 44.963703155517599 ], [ 10.697483062744199, 44.963375091552798 ], [ 10.6965990066529, 44.963054656982401 ], [ 10.6957569122316, 44.962867736816499 ], [ 10.6946525573732, 44.962841033935703 ], [ 10.6939954757691, 44.962894439697301 ], [ 10.693211555481, 44.963005065917997 ], [ 10.692573547363301, 44.9632759094238 ], [ 10.6920137405397, 44.963653564453203 ], [ 10.6894998550415, 44.966094970703203 ], [ 10.6890563964843, 44.966522216796903 ], [ 10.688978195190501, 44.966854095459098 ], [ 10.689303398132401, 44.967582702636697 ], [ 10.689680099487401, 44.968067169189503 ], [ 10.689723968505801, 44.968124389648402 ], [ 10.690098762512299, 44.9683647155763 ], [ 10.6906375885009, 44.968570709228601 ], [ 10.691342353820801, 44.968803405761797 ], [ 10.6923017501832, 44.969123840332003 ], [ 10.693290710449199, 44.969535827636797 ], [ 10.6941423416137, 44.970001220703203 ], [ 10.6946620941163, 44.970443725585902 ], [ 10.6949663162231, 44.970870971679702 ], [ 10.696974754333599, 44.975399017334098 ], [ 10.696662902832101, 44.975910186767599 ], [ 10.6943626403809, 44.9791870117188 ], [ 10.6924018859863, 44.981945037841697 ], [ 10.6900262832641, 44.984767913818501 ], [ 10.687696456909199, 44.9875297546387 ], [ 10.681542396545501, 44.978355407715 ], [ 10.6808090209962, 44.977592468261797 ], [ 10.6734056472778, 44.973941802978501 ], [ 10.6648988723756, 44.969493865966903 ], [ 10.664007186889799, 44.968894958496101 ], [ 10.663092613220201, 44.967990875244297 ], [ 10.661495208740201, 44.966217041015597 ], [ 10.659408569336, 44.963386535644503 ], [ 10.6581993103028, 44.960998535156399 ], [ 10.6572198867797, 44.958717346191499 ], [ 10.654070854186999, 44.952976226806598 ], [ 10.651349067688001, 44.949024200439503 ], [ 10.6439514160157, 44.943443298339901 ], [ 10.643165588379, 44.942813873291101 ], [ 10.642784118652401, 44.942508697509801 ], [ 10.64053440094, 44.940483093261697 ], [ 10.639539718628001, 44.939418792724602 ], [ 10.6351366043091, 44.934349060058501 ], [ 10.6315240859985, 44.929859161377102 ], [ 10.628893852233899, 44.9251518249512 ], [ 10.612928390502899, 44.922050476074297 ], [ 10.5934600830079, 44.915763854980497 ], [ 10.583381652831999, 44.913600921631001 ], [ 10.582620620727701, 44.9131889343262 ], [ 10.5743598937988, 44.909992218017699 ], [ 10.573325157165501, 44.909675598144602 ], [ 10.5720891952516, 44.909423828125 ], [ 10.5708560943603, 44.909278869628999 ], [ 10.569576263427701, 44.909248352050803 ], [ 10.56804561615, 44.909332275390703 ], [ 10.567085266113301, 44.909400939941399 ], [ 10.565458297729499, 44.909664154052699 ], [ 10.564135551452701, 44.909961700439503 ], [ 10.5628786087037, 44.910324096679602 ], [ 10.5547065734863, 44.911689758300803 ], [ 10.538659095764199, 44.913646697998203 ], [ 10.532167434692401, 44.913917541503999 ], [ 10.5278434753418, 44.913578033447301 ], [ 10.526578903198301, 44.913406372070298 ], [ 10.523967742919901, 44.913368225097599 ], [ 10.520872116088899, 44.913661956787102 ], [ 10.5182437896729, 44.914390563964801 ], [ 10.515988349914499, 44.915348052978601 ], [ 10.5145320892334, 44.916347503662102 ], [ 10.5053234100341, 44.923355102539098 ], [ 10.5021600723266, 44.9247665405275 ], [ 10.5019540786744, 44.924835205078097 ], [ 10.4996347427369, 44.925636291503899 ], [ 10.4935646057129, 44.927589416503999 ], [ 10.4896430969238, 44.928802490234503 ], [ 10.484489440918001, 44.930393218994197 ], [ 10.4822635650635, 44.931079864502003 ], [ 10.4784851074218, 44.932479858398402 ], [ 10.4763402938844, 44.933345794677699 ], [ 10.4722023010254, 44.935062408447301 ], [ 10.4650373458862, 44.938117980957102 ], [ 10.464026451110801, 44.938461303711001 ], [ 10.461964607238899, 44.939155578613303 ], [ 10.452651023864799, 44.941474914550803 ], [ 10.4518270492554, 44.941478729248203 ], [ 10.449899673461999, 44.941421508789098 ], [ 10.448985099792401, 44.941341400146499 ], [ 10.4476413726806, 44.941314697265703 ], [ 10.444287300109901, 44.941490173339901 ], [ 10.4426841735841, 44.941764831543097 ], [ 10.440982818603599, 44.942188262939503 ], [ 10.4387845993043, 44.9429740905763 ], [ 10.436695098876999, 44.944061279297003 ], [ 10.435030937194901, 44.945442199707003 ], [ 10.4337501525878, 44.946918487548899 ], [ 10.4328517913818, 44.9480171203613 ], [ 10.4321947097779, 44.949653625488303 ], [ 10.4317846298218, 44.951011657714801 ], [ 10.4313898086547, 44.952430725097798 ], [ 10.431099891662701, 44.953510284423899 ], [ 10.430779457092401, 44.954399108886697 ], [ 10.4300527572632, 44.955768585205199 ], [ 10.429500579834, 44.9565658569337 ], [ 10.426177024841399, 44.961151123046903 ], [ 10.4256744384766, 44.961692810058601 ], [ 10.4250755310059, 44.962635040283303 ], [ 10.4238967895509, 44.9647216796875 ], [ 10.4231405258178, 44.966438293457003 ], [ 10.4220428466797, 44.9692001342775 ], [ 10.4206743240356, 44.973205566406399 ], [ 10.420272827148599, 44.974567413330099 ], [ 10.419548988342401, 44.976078033447301 ], [ 10.417797088623001, 44.978576660156399 ], [ 10.4156150817872, 44.980567932128899 ], [ 10.414445877075099, 44.981525421142699 ], [ 10.4126749038697, 44.982753753662102 ], [ 10.410938262939499, 44.983810424804702 ], [ 10.4090213775635, 44.984760284423899 ], [ 10.4067029953003, 44.985420227050902 ], [ 10.4045152664185, 44.9856986999513 ], [ 10.402322769165099, 44.985763549804702 ], [ 10.4003143310547, 44.985580444336001 ], [ 10.3982658386232, 44.985343933105497 ], [ 10.3964185714722, 44.9850082397462 ], [ 10.3942527770997, 44.9844360351563 ], [ 10.3927278518678, 44.983955383300803 ], [ 10.390821456909199, 44.983264923095803 ], [ 10.3887681961059, 44.982299804687599 ], [ 10.386523246765201, 44.981239318847798 ], [ 10.385853767395099, 44.980865478515703 ], [ 10.384388923645, 44.980049133300803 ], [ 10.3831243515015, 44.979129791259801 ], [ 10.380410194396999, 44.976993560791001 ], [ 10.3772888183594, 44.974330902099602 ], [ 10.374142646789601, 44.971622467041101 ], [ 10.370327949523899, 44.969055175781399 ], [ 10.368991851806699, 44.968299865722599 ], [ 10.366312026977599, 44.967044830322401 ], [ 10.364422798156699, 44.966552734375099 ], [ 10.362454414367599, 44.966388702392599 ], [ 10.360980987548899, 44.9662895202638 ], [ 10.359851837158301, 44.966426849365298 ], [ 10.3595399856569, 44.966476440429702 ], [ 10.3579244613647, 44.9667739868163 ], [ 10.3563079833985, 44.967098236083999 ], [ 10.3524465560913, 44.968414306640703 ], [ 10.3510389328003, 44.968936920166101 ], [ 10.3498859405518, 44.969516754150497 ], [ 10.348298072814901, 44.970489501953203 ], [ 10.347015380859499, 44.971477508544901 ], [ 10.345538139343301, 44.9728622436525 ], [ 10.3437976837159, 44.974369049072301 ], [ 10.3403120040894, 44.977146148681797 ], [ 10.3384504318238, 44.978355407715 ], [ 10.336997985839799, 44.9791488647462 ], [ 10.3337774276734, 44.980831146240199 ], [ 10.331793785095201, 44.981735229492202 ], [ 10.3300323486329, 44.982315063476598 ], [ 10.324817657470801, 44.983932495117301 ], [ 10.3225622177125, 44.984554290771598 ], [ 10.3208408355713, 44.984699249267599 ], [ 10.319266319274901, 44.984725952148402 ], [ 10.3181066513062, 44.984947204589801 ], [ 10.315606117248601, 44.985965728759801 ], [ 10.311873435974199, 44.987495422363303 ], [ 10.309926033020099, 44.988319396972798 ], [ 10.3096828460693, 44.988677978515703 ], [ 10.3102169036865, 44.990512847900497 ], [ 10.3109683990479, 44.993366241455199 ], [ 10.3110303878785, 44.993942260742202 ], [ 10.3107738494872, 44.994358062744098 ], [ 10.3065700531007, 44.999149322509801 ], [ 10.3057126998903, 44.999977111816399 ], [ 10.304807662963899, 45.000339508056697 ], [ 10.3040132522584, 45.000545501708999 ], [ 10.3015508651734, 45.001087188720803 ], [ 10.300882339477599, 45.001220703125099 ], [ 10.295404434204199, 45.001365661621101 ], [ 10.294528007507299, 45.001338958740298 ], [ 10.2746057510375, 45.000095367431598 ], [ 10.273900032043599, 45.000869750976698 ], [ 10.271623611450201, 45.002902984619297 ], [ 10.2706756591797, 45.003658294677798 ], [ 10.269739151001, 45.004310607910298 ], [ 10.2689237594606, 45.004768371582003 ], [ 10.266140937805201, 45.0057182312012 ], [ 10.2636079788209, 45.010570526122997 ], [ 10.261815071106, 45.013847351074297 ], [ 10.261594772338899, 45.014236450195398 ], [ 10.261056900024499, 45.015171051025398 ], [ 10.2595109939575, 45.016998291015597 ], [ 10.2585372924806, 45.017700195312401 ], [ 10.2575483322144, 45.018341064453097 ], [ 10.2568836212159, 45.018745422363303 ], [ 10.2551126480104, 45.019592285156399 ], [ 10.2432107925415, 45.023773193359503 ], [ 10.242733955383301, 45.024059295654403 ], [ 10.242079734802299, 45.024337768554801 ], [ 10.241060256957899, 45.024726867675902 ], [ 10.223507881164601, 45.031387329101698 ], [ 10.222197532653899, 45.0318412780762 ], [ 10.219300270080501, 45.032844543457102 ], [ 10.217811584472701, 45.033321380615298 ], [ 10.215603828430201, 45.033962249756001 ], [ 10.212095260620201, 45.0349731445313 ], [ 10.208179473876999, 45.033420562744297 ], [ 10.2021417617797, 45.031299591064602 ], [ 10.194988250732401, 45.029094696044901 ], [ 10.193931579589799, 45.029018402099702 ], [ 10.192144393920801, 45.029064178466797 ], [ 10.1883249282837, 45.0291557312012 ], [ 10.1854000091553, 45.030139923095803 ], [ 10.1837873458863, 45.030708312988303 ], [ 10.1819772720337, 45.0313911437988 ], [ 10.1811170578003, 45.031753540039098 ], [ 10.1757802963257, 45.035190582275398 ], [ 10.175916671753001, 45.035823822021499 ], [ 10.1760997772218, 45.03666305542 ], [ 10.175887107849199, 45.037937164306697 ], [ 10.1752777099609, 45.0392036437988 ], [ 10.1735162734985, 45.041183471679702 ], [ 10.1724300384522, 45.042217254638601 ], [ 10.171634674072401, 45.042976379394602 ], [ 10.1700267791747, 45.0439682006837 ], [ 10.1697788238525, 45.044120788574297 ], [ 10.168884277343899, 45.044406890869197 ], [ 10.1658029556275, 45.045249938964901 ], [ 10.1641025543213, 45.045349121093899 ], [ 10.162033081054799, 45.0453071594238 ], [ 10.158750534057701, 45.045005798339801 ], [ 10.1574869155885, 45.0446586608888 ], [ 10.156074523925801, 45.043933868408097 ], [ 10.1546573638915, 45.042850494384801 ], [ 10.153440475463899, 45.041782379150497 ], [ 10.149959564209, 45.037822723388601 ], [ 10.148688316345201, 45.036430358886697 ], [ 10.147764205932599, 45.035926818847699 ], [ 10.144666671752899, 45.034706115722699 ], [ 10.143349647522101, 45.034206390380803 ], [ 10.141944885254, 45.033779144287202 ], [ 10.1316900253297, 45.0307846069337 ], [ 10.121539115905801, 45.027622222900398 ], [ 10.1165313720703, 45.0266304016113 ], [ 10.110296249389799, 45.024551391601698 ], [ 10.1088857650757, 45.023853302002102 ], [ 10.1072206497194, 45.023059844970803 ], [ 10.106258392333901, 45.0231323242188 ], [ 10.103850364685, 45.0233345031738 ], [ 10.0957708358765, 45.0243110656738 ], [ 10.0939121246338, 45.024688720703203 ], [ 10.092699050903301, 45.025627136230497 ], [ 10.0914649963379, 45.026802062988402 ], [ 10.090131759643601, 45.028118133544901 ], [ 10.085519790649499, 45.033313751220703 ], [ 10.085163116455099, 45.033855438232401 ], [ 10.085034370422401, 45.034458160400398 ], [ 10.084973335266101, 45.035316467285199 ], [ 10.0845003128053, 45.044906616211001 ], [ 10.0833387374879, 45.0475463867188 ], [ 10.0780401229859, 45.046798706054702 ], [ 10.0775318145753, 45.046665191650398 ], [ 10.075325012206999, 45.046092987060497 ], [ 10.0710144042969, 45.045097351074297 ], [ 10.065632820129499, 45.043853759765597 ], [ 10.059986114501999, 45.042636871337898 ], [ 10.058381080627401, 45.0423812866212 ], [ 10.0567302703857, 45.042312622070298 ], [ 10.0528049468994, 45.042240142822301 ], [ 10.051258087158301, 45.042221069336001 ], [ 10.051403999328601, 45.042686462402301 ], [ 10.0525617599488, 45.046302795410298 ], [ 10.0539922714234, 45.050941467285199 ], [ 10.0538902282715, 45.051521301269503 ], [ 10.0533752441406, 45.052543640136797 ], [ 10.049406051635801, 45.0584297180175 ], [ 10.0479784011841, 45.060218811035298 ], [ 10.0452680587769, 45.063411712646499 ], [ 10.044542312622101, 45.064010620117301 ], [ 10.043771743774499, 45.064262390136697 ], [ 10.041730880737401, 45.064704895019602 ], [ 10.0267324447632, 45.071224212646499 ], [ 10.026335716247599, 45.071559906006001 ], [ 10.0250720977784, 45.072631835937401 ], [ 10.0239181518556, 45.074134826660298 ], [ 10.0232944488525, 45.075466156005902 ], [ 10.0226831436157, 45.076831817627003 ], [ 10.022352218628001, 45.078113555908203 ], [ 10.0227489471437, 45.079105377197301 ], [ 10.024009704589799, 45.081443786621101 ], [ 10.0245723724366, 45.082275390625099 ], [ 10.025247573852599, 45.083145141601598 ], [ 10.0260229110719, 45.083866119384801 ], [ 10.026666641235501, 45.084365844726598 ], [ 10.0273742675782, 45.084808349609503 ], [ 10.027846336364799, 45.085018157958999 ], [ 10.028795242309601, 45.085399627685597 ], [ 10.0293922424316, 45.086105346679702 ], [ 10.030535697936999, 45.088180541992202 ], [ 10.0309658050537, 45.090995788574197 ], [ 10.030925750732401, 45.092311859130902 ], [ 10.0308303833007, 45.093338012695398 ], [ 10.030633926391699, 45.0944023132325 ], [ 10.030265808105399, 45.095836639404297 ], [ 10.029564857482899, 45.097164154052699 ], [ 10.0284223556518, 45.098590850830099 ], [ 10.027337074279799, 45.099750518798899 ], [ 10.0262756347656, 45.100814819336101 ], [ 10.025377273559601, 45.101711273193501 ], [ 10.025115013122599, 45.101909637451101 ], [ 10.024449348449799, 45.102405548095803 ], [ 10.021944999694799, 45.103851318359403 ], [ 10.0204687118531, 45.104457855224602 ], [ 10.018888473510801, 45.105007171630902 ], [ 10.017806053161699, 45.105533599853501 ], [ 10.016978263854901, 45.106170654297003 ], [ 10.016354560852101, 45.106674194336001 ], [ 10.015700340271099, 45.107200622558601 ], [ 10.014347076416, 45.108310699462898 ], [ 10.0132207870485, 45.109329223632898 ], [ 10.011919975280801, 45.110500335693303 ], [ 10.010822296142599, 45.111671447753999 ], [ 10.0104522705078, 45.112186431884901 ], [ 10.008464813232401, 45.114978790283303 ], [ 10.007435798645099, 45.116489410400398 ], [ 10.0065803527832, 45.117706298828097 ], [ 10.0000457763672, 45.125015258789098 ], [ 9.99376201629639, 45.130687713623203 ], [ 9.992141723632811, 45.131889343261797 ], [ 9.989988327026371, 45.133045196533203 ], [ 9.989721298217891, 45.133155822753899 ], [ 9.98709106445318, 45.134185791015703 ], [ 9.986500740051209, 45.134372711181598 ], [ 9.98470020294195, 45.134674072265597 ], [ 9.97723674774176, 45.134754180908203 ], [ 9.975249290466421, 45.134513854980497 ], [ 9.973995208740289, 45.134101867675803 ], [ 9.97222709655756, 45.133285522460902 ], [ 9.971237182617241, 45.132656097412102 ], [ 9.97028160095226, 45.1318550109863 ], [ 9.96963500976562, 45.131183624267599 ], [ 9.96907615661627, 45.130485534667997 ], [ 9.96745586395263, 45.128410339355497 ], [ 9.967112541198791, 45.127948760986399 ], [ 9.96647930145264, 45.127315521240199 ], [ 9.96415233612055, 45.125030517578203 ], [ 9.961043357849119, 45.122344970703203 ], [ 9.960025787353519, 45.121597290039198 ], [ 9.959034919738709, 45.120876312255902 ], [ 9.937503814697269, 45.105762481689503 ], [ 9.93684864044195, 45.105346679687599 ], [ 9.93592643737799, 45.104866027832003 ], [ 9.933158874511831, 45.103546142578097 ], [ 9.93239116668707, 45.103221893310703 ], [ 9.931627273559631, 45.1029472351075 ], [ 9.9313173294068, 45.102832794189602 ], [ 9.92988681793218, 45.102420806884801 ], [ 9.926669120788629, 45.101528167724602 ], [ 9.92547035217285, 45.101242065429602 ], [ 9.923723220825201, 45.100914001464801 ], [ 9.919523239135801, 45.100543975830199 ], [ 9.918442726135311, 45.100570678711001 ], [ 9.917746543884279, 45.100738525390597 ], [ 9.916849136352541, 45.101016998291001 ], [ 9.91624546051025, 45.101364135742202 ], [ 9.91558647155756, 45.102287292480497 ], [ 9.91499137878429, 45.103263854980497 ], [ 9.91447639465343, 45.104400634765703 ], [ 9.91449546813965, 45.105579376220703 ], [ 9.915212631225589, 45.109203338622997 ], [ 9.91548633575445, 45.110343933105597 ], [ 9.915927886962891, 45.110969543457003 ], [ 9.91699314117426, 45.111572265625 ], [ 9.918593406677299, 45.112289428711101 ], [ 9.9196310043335, 45.1128120422363 ], [ 9.92058086395269, 45.113380432128999 ], [ 9.92158317565924, 45.114013671875099 ], [ 9.9226016998291, 45.114959716797003 ], [ 9.923179626464901, 45.116088867187599 ], [ 9.92755126953131, 45.125331878662202 ], [ 9.92811107635498, 45.126930236816499 ], [ 9.92823505401617, 45.128406524658303 ], [ 9.928036689758359, 45.130233764648402 ], [ 9.927853584289609, 45.131496429443402 ], [ 9.927291870117189, 45.132904052734297 ], [ 9.926595687866319, 45.133918762207003 ], [ 9.925736427307241, 45.134986877441499 ], [ 9.9248619079591, 45.1359672546387 ], [ 9.923643112182621, 45.136875152587898 ], [ 9.922293663024901, 45.137660980224702 ], [ 9.92075729370123, 45.138530731201101 ], [ 9.919594764709529, 45.139007568359297 ], [ 9.916543960571349, 45.139930725097798 ], [ 9.91576957702631, 45.140056610107401 ], [ 9.914728164672789, 45.140071868896499 ], [ 9.913553237915149, 45.139785766601598 ], [ 9.912337303161729, 45.139270782470803 ], [ 9.9114866256715, 45.138629913330099 ], [ 9.90910816192627, 45.136604309082102 ], [ 9.89210319519054, 45.131839752197401 ], [ 9.890962600708059, 45.131439208984403 ], [ 9.883132934570369, 45.128368377685703 ], [ 9.882070541381839, 45.127941131591797 ], [ 9.881069183349609, 45.1273002624512 ], [ 9.87870025634771, 45.125366210937599 ], [ 9.877242088317979, 45.124000549316399 ], [ 9.876809120178221, 45.123512268066499 ], [ 9.876749992370719, 45.123447418212997 ], [ 9.876457214355529, 45.122638702392599 ], [ 9.876328468322869, 45.121543884277401 ], [ 9.876274108886779, 45.120559692382798 ], [ 9.876510620117299, 45.119407653808601 ], [ 9.876846313476619, 45.118080139160199 ], [ 9.877413749694821, 45.116989135742202 ], [ 9.878863334655881, 45.114463806152301 ], [ 9.87959766387945, 45.113487243652301 ], [ 9.88042640686035, 45.112777709961001 ], [ 9.884787559509331, 45.109584808349602 ], [ 9.886815071105961, 45.108299255371001 ], [ 9.887797355651969, 45.107700347900398 ], [ 9.892642021179199, 45.104583740234403 ], [ 9.894062995910639, 45.103599548339801 ], [ 9.89524459838873, 45.102752685547003 ], [ 9.89638519287109, 45.101726531982401 ], [ 9.89844036102301, 45.099864959716797 ], [ 9.899429321289061, 45.0988960266113 ], [ 9.90009212493902, 45.098213195800803 ], [ 9.900892257690369, 45.097343444824297 ], [ 9.901663780212511, 45.0963745117188 ], [ 9.90186786651611, 45.095626831054702 ], [ 9.902141571045039, 45.089637756347699 ], [ 9.90205764770508, 45.089027404785298 ], [ 9.901907920837401, 45.088451385498097 ], [ 9.901693344116209, 45.087722778320298 ], [ 9.90144062042231, 45.087024688720803 ], [ 9.90112590789801, 45.086387634277301 ], [ 9.900614738464469, 45.085391998291101 ], [ 9.900340080261291, 45.0848999023438 ], [ 9.90000152587891, 45.084426879882898 ], [ 9.898457527160639, 45.082332611083999 ], [ 9.89780902862543, 45.0814819335938 ], [ 9.89679145812983, 45.0805892944337 ], [ 9.8958539962768, 45.079929351806797 ], [ 9.89471244812017, 45.079227447509801 ], [ 9.893708229064879, 45.078655242919901 ], [ 9.893557548523059, 45.078571319580099 ], [ 9.89206027984619, 45.077842712402301 ], [ 9.8907041549682, 45.077205657958999 ], [ 9.889568328857539, 45.076881408691399 ], [ 9.88748931884771, 45.076320648193501 ], [ 9.88537216186535, 45.0758247375488 ], [ 9.88482189178467, 45.075603485107401 ], [ 9.883879661560121, 45.075450897216797 ], [ 9.88277626037603, 45.075511932373097 ], [ 9.881687164306699, 45.075736999511697 ], [ 9.88054752349848, 45.076080322265597 ], [ 9.8792228698731, 45.076618194580099 ], [ 9.878341674804741, 45.077186584472798 ], [ 9.877223014831539, 45.077968597412202 ], [ 9.87643432617193, 45.078685760497997 ], [ 9.87548160552984, 45.080413818359503 ], [ 9.874343872070369, 45.082447052002102 ], [ 9.87218570709229, 45.085891723632898 ], [ 9.871701240539551, 45.086578369140597 ], [ 9.87025260925293, 45.088264465332102 ], [ 9.86851119995123, 45.089889526367202 ], [ 9.865324974060121, 45.092678070068402 ], [ 9.86447238922125, 45.093414306640703 ], [ 9.8636293411256, 45.093948364257898 ], [ 9.862557411193899, 45.094497680664098 ], [ 9.862400054931699, 45.094566345214801 ], [ 9.86150932312017, 45.094955444335902 ], [ 9.860345840454221, 45.095333099365298 ], [ 9.85902976989752, 45.095756530761697 ], [ 9.857674598693791, 45.096057891845703 ], [ 9.85644626617437, 45.096282958984297 ], [ 9.848636627197269, 45.097446441650398 ], [ 9.84739303588878, 45.09769821167 ], [ 9.84649085998535, 45.097770690918097 ], [ 9.846158981323191, 45.097766876220703 ], [ 9.845042228698791, 45.097751617431598 ], [ 9.84375667572021, 45.097644805908303 ], [ 9.842228889465391, 45.097404479980597 ], [ 9.84086322784429, 45.097038269043097 ], [ 9.839394569396971, 45.096588134765703 ], [ 9.836448669433709, 45.094997406006001 ], [ 9.835807800293029, 45.094528198242301 ], [ 9.83538341522228, 45.094215393066399 ], [ 9.83407783508301, 45.092758178711001 ], [ 9.83362007141125, 45.091869354247997 ], [ 9.833316802978461, 45.091079711914198 ], [ 9.83319187164312, 45.090362548828203 ], [ 9.832427024841421, 45.0848999023438 ], [ 9.832352638244631, 45.084156036377102 ], [ 9.83228683471685, 45.083137512207003 ], [ 9.832421302795471, 45.08203125 ], [ 9.832633018493601, 45.080741882324297 ], [ 9.83310604095465, 45.079216003417997 ], [ 9.83369827270502, 45.077995300292997 ], [ 9.83516979217541, 45.075222015380902 ], [ 9.83598804473888, 45.073848724365298 ], [ 9.83654403686535, 45.072818756103601 ], [ 9.83647346496593, 45.071460723877003 ], [ 9.836197853088439, 45.069984436035099 ], [ 9.835039138793951, 45.063694000244197 ], [ 9.83479785919195, 45.062625885009702 ], [ 9.834256172180289, 45.061313629150398 ], [ 9.83338642120361, 45.060050964355398 ], [ 9.83231258392334, 45.058708190917898 ], [ 9.8312549591065, 45.057609558105497 ], [ 9.82923221588146, 45.055587768554702 ], [ 9.82879161834717, 45.0551567077638 ], [ 9.82814979553223, 45.054523468017599 ], [ 9.824795722961429, 45.053531646728501 ], [ 9.82155227661133, 45.054023742675803 ], [ 9.820576667785589, 45.054183959960902 ], [ 9.81980419158935, 45.054332733154403 ], [ 9.8188295364381, 45.054576873779403 ], [ 9.818123817443899, 45.054958343506001 ], [ 9.8175973892213, 45.055404663086001 ], [ 9.817379951477051, 45.056224822998097 ], [ 9.817009925842401, 45.057899475097798 ], [ 9.81685829162609, 45.058765411377102 ], [ 9.81680870056152, 45.060707092285199 ], [ 9.81725692749035, 45.066253662109403 ], [ 9.81732845306408, 45.066917419433501 ], [ 9.81768321990967, 45.067581176757898 ], [ 9.81796169281006, 45.069461822509901 ], [ 9.81796360015881, 45.070495605468899 ], [ 9.817879676818899, 45.071613311767599 ], [ 9.81660175323486, 45.076499938964801 ], [ 9.81622791290283, 45.077220916748097 ], [ 9.81615734100342, 45.077358245849602 ], [ 9.814299583435171, 45.079044342041001 ], [ 9.813595771789609, 45.079574584961001 ], [ 9.812888145446831, 45.079933166503899 ], [ 9.812221527099609, 45.080276489257798 ], [ 9.811136245727649, 45.080795288086001 ], [ 9.81016159057623, 45.081100463867202 ], [ 9.807022094726619, 45.081844329834098 ], [ 9.800480842590391, 45.082958221435597 ], [ 9.798792839050289, 45.083072662353501 ], [ 9.78923320770258, 45.085414886474702 ], [ 9.780000686645559, 45.090526580810497 ], [ 9.778385162353461, 45.092224121093899 ], [ 9.777785301208549, 45.0929374694825 ], [ 9.77729797363293, 45.093578338622997 ], [ 9.77588939666742, 45.095569610595803 ], [ 9.77505397796631, 45.096801757812599 ], [ 9.77460479736334, 45.097461700439503 ], [ 9.77433586120611, 45.098228454589801 ], [ 9.77415370941168, 45.098884582519602 ], [ 9.773734092712401, 45.099742889404297 ], [ 9.77245426177979, 45.101894378662202 ], [ 9.77126979827881, 45.103630065917997 ], [ 9.770846366882379, 45.104255676269602 ], [ 9.76810932159418, 45.107719421386797 ], [ 9.767702102661129, 45.108203887939403 ], [ 9.758578300476071, 45.113483428955099 ], [ 9.75770187377935, 45.113723754882898 ], [ 9.75619316101074, 45.114063262939602 ], [ 9.754709243774411, 45.11429977417 ], [ 9.752829551696831, 45.114467620849702 ], [ 9.75097179412842, 45.1143608093262 ], [ 9.7496099472047, 45.114215850830099 ], [ 9.74839973449701, 45.113983154297003 ], [ 9.747323989868161, 45.113403320312599 ], [ 9.74648952484131, 45.112804412841797 ], [ 9.746109008789061, 45.111881256103501 ], [ 9.74587821960449, 45.110652923584098 ], [ 9.74609375, 45.106769561767599 ], [ 9.75236701965343, 45.092685699462898 ], [ 9.754140853881889, 45.087543487548899 ], [ 9.752730369567869, 45.082645416259702 ], [ 9.75216579437256, 45.081363677978501 ], [ 9.751411437988221, 45.079990386962898 ], [ 9.75063323974604, 45.078781127929702 ], [ 9.74983310699468, 45.077793121337898 ], [ 9.748764038085939, 45.076667785644503 ], [ 9.747958183288629, 45.076259613037202 ], [ 9.74693870544445, 45.076042175293097 ], [ 9.746383666992241, 45.076023101806598 ], [ 9.745603561401481, 45.075996398925803 ], [ 9.744384765625, 45.076023101806598 ], [ 9.74308490753185, 45.075733184814602 ], [ 9.74151706695551, 45.075275421142599 ], [ 9.74073410034185, 45.075035095214901 ], [ 9.7400369644165, 45.074825286865199 ], [ 9.738871574401969, 45.0741386413575 ], [ 9.73739624023443, 45.072906494140703 ], [ 9.735751152038629, 45.071422576904297 ], [ 9.734360694885311, 45.070011138916101 ], [ 9.732621192932189, 45.067104339599702 ], [ 9.732150077819879, 45.066215515136697 ], [ 9.73187923431408, 45.065704345703203 ], [ 9.731101989746151, 45.064521789550803 ], [ 9.72997570037842, 45.063835144043097 ], [ 9.728720664978029, 45.063079833984503 ], [ 9.725882530212401, 45.061611175537202 ], [ 9.723264694213981, 45.060432434082003 ], [ 9.722244262695311, 45.06005859375 ], [ 9.721286773681699, 45.059761047363303 ], [ 9.72016716003424, 45.059497833252003 ], [ 9.7176218032838, 45.059162139892699 ], [ 9.71603488922125, 45.059181213378999 ], [ 9.714767456054799, 45.059341430664098 ], [ 9.713578224182189, 45.059707641601598 ], [ 9.691618919372621, 45.068161010742202 ], [ 9.69078445434576, 45.068492889404403 ], [ 9.689180374145559, 45.0691947937012 ], [ 9.684720993042051, 45.071281433105597 ], [ 9.683976173400881, 45.071681976318402 ], [ 9.68332099914562, 45.072154998779197 ], [ 9.6827821731568, 45.072788238525398 ], [ 9.677933692932189, 45.0785522460937 ], [ 9.675376892089901, 45.079303741455099 ], [ 9.66581630706793, 45.082008361816399 ], [ 9.663967132568359, 45.082496643066499 ], [ 9.662203788757269, 45.082809448242202 ], [ 9.660579681396481, 45.083034515380803 ], [ 9.659399032592891, 45.083015441894602 ], [ 9.65581035614019, 45.082569122314503 ], [ 9.65449905395513, 45.082305908203203 ], [ 9.6529970169068, 45.082088470458999 ], [ 9.64999485015869, 45.081783294677798 ], [ 9.647973060607971, 45.081577301025398 ], [ 9.644426345825311, 45.0814018249512 ], [ 9.6433477401734, 45.0816040039062 ], [ 9.641448020935121, 45.0820922851563 ], [ 9.64003086090082, 45.082656860351598 ], [ 9.638198852539119, 45.083614349365199 ], [ 9.63739109039307, 45.084060668945398 ], [ 9.63634395599377, 45.084693908691399 ], [ 9.635977745056101, 45.084922790527401 ], [ 9.633321762084959, 45.087215423584098 ], [ 9.632869720458929, 45.087711334228601 ], [ 9.63281154632568, 45.087856292724602 ], [ 9.632461547851619, 45.088741302490298 ], [ 9.63242530822748, 45.08988571167 ], [ 9.632540702819879, 45.091323852538999 ], [ 9.632820129394529, 45.092376708984403 ], [ 9.63342094421392, 45.093849182128899 ], [ 9.638607025146481, 45.105342864990199 ], [ 9.638449668884389, 45.108295440673899 ], [ 9.638586044311641, 45.110328674316499 ], [ 9.6386775970459, 45.111286163330099 ], [ 9.63868618011475, 45.11137008667 ], [ 9.63895797729486, 45.114009857177798 ], [ 9.63916778564459, 45.114616394042997 ], [ 9.63985061645513, 45.1154174804687 ], [ 9.640788078308161, 45.116275787353501 ], [ 9.64091968536377, 45.116390228271598 ], [ 9.64157104492188, 45.116962432861399 ], [ 9.641958236694389, 45.117565155029297 ], [ 9.641843795776481, 45.118518829345703 ], [ 9.64060688018805, 45.122802734374901 ], [ 9.64002323150646, 45.124057769775398 ], [ 9.63934993743902, 45.125247955322301 ], [ 9.638461112976129, 45.126430511474702 ], [ 9.637613296508791, 45.127349853515703 ], [ 9.634717941284229, 45.130077362060597 ], [ 9.63295841217052, 45.131343841552699 ], [ 9.631670951843381, 45.132194519042997 ], [ 9.630394935607971, 45.1329765319825 ], [ 9.62885093688976, 45.133632659912102 ], [ 9.62741756439209, 45.134071350097699 ], [ 9.62608718872076, 45.134429931640597 ], [ 9.624831199646049, 45.134700775146598 ], [ 9.623447418212949, 45.134922027587898 ], [ 9.622011184692379, 45.134956359863402 ], [ 9.620889663696349, 45.134811401367102 ], [ 9.62000942230225, 45.134490966796903 ], [ 9.619456291198841, 45.133964538574297 ], [ 9.61907863616943, 45.133209228515703 ], [ 9.61725902557373, 45.129528045654403 ], [ 9.61613941192627, 45.1270942687988 ], [ 9.61544227600109, 45.1237411499025 ], [ 9.6150941848756, 45.120979309082102 ], [ 9.61494255065929, 45.1187553405762 ], [ 9.61486911773676, 45.118106842041101 ], [ 9.614845275878849, 45.117893218994297 ], [ 9.61436843872065, 45.114852905273402 ], [ 9.61418342590332, 45.114170074462898 ], [ 9.613702774047971, 45.11328125 ], [ 9.61300659179693, 45.112438201904297 ], [ 9.61010169982921, 45.109367370605497 ], [ 9.609375, 45.108875274658303 ], [ 9.609127998352109, 45.108707427978601 ], [ 9.60463905334473, 45.106048583984403 ], [ 9.60292530059826, 45.1050834655762 ], [ 9.601419448852599, 45.1044540405275 ], [ 9.598801612854119, 45.103424072265703 ], [ 9.59725856781, 45.1029281616212 ], [ 9.59586906433117, 45.102485656738303 ], [ 9.59423732757568, 45.101978302002003 ], [ 9.591624259948841, 45.101226806640703 ], [ 9.58950901031494, 45.100734710693501 ], [ 9.588491439819339, 45.100570678711001 ], [ 9.568680763244741, 45.110805511474702 ], [ 9.568108558654901, 45.1121215820312 ], [ 9.56758689880377, 45.113311767578097 ], [ 9.565420150756839, 45.117706298828097 ], [ 9.56440925598144, 45.119583129882798 ], [ 9.563396453857539, 45.121253967285298 ], [ 9.56184196472174, 45.123439788818501 ], [ 9.557645797729551, 45.128494262695398 ], [ 9.55648708343506, 45.129650115966797 ], [ 9.55575561523438, 45.130355834961001 ], [ 9.55404663085938, 45.131584167480497 ], [ 9.549711227417109, 45.133590698242202 ], [ 9.538253784179741, 45.126991271972599 ], [ 9.537373542785639, 45.124973297119297 ], [ 9.53028392791748, 45.122726440429702 ], [ 9.533364295959579, 45.122898101806598 ], [ 9.536794662475589, 45.122940063476698 ], [ 9.53709602355957, 45.121158599853601 ], [ 9.537239074707029, 45.120166778564602 ], [ 9.537470817565859, 45.119129180908203 ], [ 9.53755092620861, 45.118785858154403 ], [ 9.53771495819092, 45.1180839538575 ], [ 9.538010597229, 45.117084503173899 ], [ 9.538480758667109, 45.115818023681797 ], [ 9.538992881774959, 45.114917755127003 ], [ 9.54012012481695, 45.113113403320298 ], [ 9.546549797058161, 45.103549957275398 ], [ 9.551649093627869, 45.0961723327638 ], [ 9.55218505859381, 45.095096588134801 ], [ 9.55240345001215, 45.094024658203097 ], [ 9.55236816406256, 45.093051910400398 ], [ 9.55203819274897, 45.091732025146499 ], [ 9.55152034759521, 45.090744018554801 ], [ 9.55095291137701, 45.089935302734503 ], [ 9.54978561401373, 45.088737487792997 ], [ 9.548440933227599, 45.087589263916101 ], [ 9.545920372009389, 45.085620880127003 ], [ 9.544716835021971, 45.084800720215 ], [ 9.5426807403565, 45.083511352538999 ], [ 9.5417737960816, 45.082958221435597 ], [ 9.540829658508301, 45.082416534423899 ], [ 9.54005146026611, 45.081985473632798 ], [ 9.539006233215449, 45.0815238952637 ], [ 9.53445625305176, 45.079845428466797 ], [ 9.533614158630369, 45.079551696777301 ], [ 9.533451080322379, 45.079498291015597 ], [ 9.5330686569215, 45.079372406006001 ], [ 9.53109836578381, 45.079311370849702 ], [ 9.530373573303169, 45.079345703125 ], [ 9.52915668487549, 45.079635620117301 ], [ 9.52855110168457, 45.079898834228601 ], [ 9.526529312133899, 45.081077575683601 ], [ 9.52569580078131, 45.081718444824297 ], [ 9.525040626525881, 45.082355499267599 ], [ 9.52446460723883, 45.083068847656399 ], [ 9.524039268493651, 45.083690643310597 ], [ 9.524014472961429, 45.0842094421387 ], [ 9.524007797241151, 45.0843315124513 ], [ 9.52403640747076, 45.084590911865199 ], [ 9.523937225341911, 45.084915161132898 ], [ 9.523225784301809, 45.086402893066399 ], [ 9.52264976501476, 45.087295532226698 ], [ 9.52139472961437, 45.0890502929688 ], [ 9.52068042755138, 45.089935302734503 ], [ 9.5192575454713, 45.0915336608887 ], [ 9.509959220886341, 45.100135803222699 ], [ 9.508748054504389, 45.101131439209098 ], [ 9.507121086120719, 45.102409362792997 ], [ 9.506096839904901, 45.103015899658303 ], [ 9.50592041015619, 45.103115081787102 ], [ 9.50569534301758, 45.103214263916101 ], [ 9.504402160644471, 45.103778839111399 ], [ 9.50251483917242, 45.104507446289098 ], [ 9.50058555603027, 45.104820251465 ], [ 9.500331878662109, 45.104858398437599 ], [ 9.49884510040283, 45.1048393249512 ], [ 9.497038841247621, 45.104660034179801 ], [ 9.49474906921392, 45.104316711425803 ], [ 9.492355346679799, 45.103698730468899 ], [ 9.490493774414061, 45.103137969970803 ], [ 9.490200996399039, 45.1030502319337 ], [ 9.48864555358892, 45.102523803711101 ], [ 9.481251716613709, 45.099746704101598 ], [ 9.476317405700801, 45.097518920898501 ], [ 9.47370624542242, 45.0967826843262 ], [ 9.47244453430176, 45.096435546875099 ], [ 9.46878147125244, 45.095821380615199 ], [ 9.46693706512451, 45.095630645752003 ], [ 9.45680618286127, 45.094924926757898 ], [ 9.4542493820191, 45.094772338867202 ], [ 9.453927993774411, 45.094757080078097 ], [ 9.45376968383783, 45.0947494506837 ], [ 9.44005680084234, 45.094387054443402 ], [ 9.44011688232416, 45.093864440917997 ], [ 9.44023799896252, 45.0913696289062 ], [ 9.44000053405767, 45.087078094482401 ], [ 9.439845085144039, 45.086601257324197 ], [ 9.43972873687756, 45.0863227844238 ], [ 9.43726062774658, 45.083297729492301 ], [ 9.437001228332459, 45.083042144775398 ], [ 9.436641693115231, 45.082771301269503 ], [ 9.435877799987789, 45.082649230957102 ], [ 9.43551158905035, 45.082649230957102 ], [ 9.434823989868111, 45.082653045654197 ], [ 9.4285097122193, 45.082786560058601 ], [ 9.42746162414551, 45.0835571289062 ], [ 9.42751693725592, 45.084304809570298 ], [ 9.427470207214361, 45.084529876709098 ], [ 9.424588203430289, 45.084957122802699 ], [ 9.423440933227541, 45.085044860839801 ], [ 9.41370391845709, 45.084594726562599 ], [ 9.413284301757811, 45.084495544433601 ], [ 9.41181659698481, 45.083709716796903 ], [ 9.411821365356451, 45.083389282226598 ], [ 9.41359901428228, 45.079849243164198 ], [ 9.40695095062256, 45.073802947998097 ], [ 9.39033794403082, 45.064990997314503 ], [ 9.38978672027582, 45.062595367431797 ], [ 9.38898468017589, 45.061111450195398 ], [ 9.38863372802729, 45.060844421386697 ], [ 9.38567447662359, 45.059326171875 ], [ 9.371857643127379, 45.0490951538087 ], [ 9.373176574706971, 45.046981811523501 ], [ 9.376400947570801, 45.0407104492188 ], [ 9.3748073577882, 45.037021636962997 ], [ 9.372614860534719, 45.031547546386797 ], [ 9.3704891204834, 45.024673461914098 ], [ 9.37664985656733, 45.020866394042997 ], [ 9.372264862060661, 45.013885498046797 ], [ 9.36725139617926, 45.0045585632325 ], [ 9.366982460022029, 45.004100799560497 ], [ 9.36691761016851, 45.003990173339801 ], [ 9.366471290588491, 45.003623962402301 ], [ 9.36612606048584, 45.003364562988402 ], [ 9.361832618713439, 45.0005493164062 ], [ 9.361491203308111, 45.000625610351598 ], [ 9.360769271850589, 45.000850677490199 ], [ 9.36001014709484, 45.001197814941499 ], [ 9.359263420105041, 45.001693725585902 ], [ 9.35455989837652, 45.002017974853501 ], [ 9.35425472259533, 45.001964569091697 ], [ 9.35381031036388, 45.001731872558601 ], [ 9.35189914703369, 45.000690460205099 ], [ 9.348508834838981, 44.998355865478501 ], [ 9.348406791687131, 44.9980087280275 ], [ 9.34687519073492, 44.996509552002003 ], [ 9.34649181365978, 44.996070861816499 ], [ 9.34502029418957, 44.993862152099702 ], [ 9.34477615356451, 44.993473052978601 ], [ 9.34414768219, 44.9923515319825 ], [ 9.33753585815435, 44.978813171386697 ], [ 9.33731746673584, 44.978248596191399 ], [ 9.336503028869689, 44.975685119628999 ], [ 9.33620452880859, 44.974685668945398 ], [ 9.33618259429943, 44.970905303955099 ], [ 9.336192131042591, 44.970203399658303 ], [ 9.336251258850099, 44.969562530517599 ], [ 9.336361885070801, 44.969032287597798 ], [ 9.3366641998291, 44.968517303466903 ], [ 9.337002754211539, 44.968006134033303 ], [ 9.33732986450201, 44.967517852783303 ], [ 9.337619781494141, 44.967193603515597 ], [ 9.33807277679443, 44.966724395752003 ], [ 9.338590621948351, 44.9663276672363 ], [ 9.33606719970709, 44.964000701904403 ], [ 9.32862663269049, 44.96004486084 ], [ 9.325635910034119, 44.957000732422003 ], [ 9.323996543884279, 44.950599670410199 ], [ 9.323929786682189, 44.949985504150398 ], [ 9.32338809967052, 44.946090698242202 ], [ 9.32286262512201, 44.945045471191399 ], [ 9.319088935852159, 44.941112518310703 ], [ 9.31629943847668, 44.938438415527401 ], [ 9.315571784973139, 44.9377670288087 ], [ 9.315102577209529, 44.937614440917997 ], [ 9.312093734741151, 44.936668395996101 ], [ 9.31085872650152, 44.936367034912102 ], [ 9.306686401367241, 44.934909820556697 ], [ 9.306486129760801, 44.935497283935597 ], [ 9.30518722534174, 44.936660766601598 ], [ 9.30441474914551, 44.9368705749513 ], [ 9.30366802215576, 44.937007904052798 ], [ 9.290413856506291, 44.93501663208 ], [ 9.28739738464361, 44.934898376465 ], [ 9.29233932495123, 44.926021575927798 ], [ 9.295522689819339, 44.923976898193402 ], [ 9.29104232788097, 44.9111137390137 ], [ 9.287441253662051, 44.907272338867102 ], [ 9.28717136383051, 44.904464721679702 ], [ 9.287123680114689, 44.904151916503999 ], [ 9.279446601867621, 44.897731781005902 ], [ 9.278152465820421, 44.896682739257898 ], [ 9.282065391540581, 44.896984100341903 ], [ 9.282382965087949, 44.896930694580099 ], [ 9.28330612182617, 44.896720886230597 ], [ 9.284214019775391, 44.896392822265597 ], [ 9.284469604492299, 44.896297454833899 ], [ 9.284543037414609, 44.896263122558601 ], [ 9.285341262817379, 44.895908355712997 ], [ 9.28622627258312, 44.895462036132798 ], [ 9.291264533996699, 44.892715454101698 ], [ 9.2938661575318, 44.891265869140597 ], [ 9.294155120849609, 44.890743255615298 ], [ 9.293782234191889, 44.889656066894602 ], [ 9.293130874633791, 44.888641357421903 ], [ 9.29253101348883, 44.887680053710902 ], [ 9.29196739196783, 44.886383056640703 ], [ 9.291518211364689, 44.885223388671903 ], [ 9.29109477996826, 44.884101867675803 ], [ 9.290925979614309, 44.883335113525298 ], [ 9.291152954101509, 44.883155822753999 ], [ 9.296764373779411, 44.880924224853601 ], [ 9.297989845275939, 44.880489349365199 ], [ 9.30827713012695, 44.877086639404297 ], [ 9.309744834899959, 44.8768501281738 ], [ 9.310618400573791, 44.876827239990298 ], [ 9.311580657959039, 44.876998901367202 ], [ 9.312620162963981, 44.877193450927798 ], [ 9.314115524292051, 44.877483367919901 ], [ 9.31904792785639, 44.878749847412102 ], [ 9.319175720214959, 44.878974914550803 ], [ 9.319395065307621, 44.879695892334098 ], [ 9.31942272186291, 44.880207061767599 ], [ 9.32750415802013, 44.873825073242202 ], [ 9.34095859527582, 44.871612548828097 ], [ 9.34271430969233, 44.870761871337898 ], [ 9.345896720886291, 44.861198425292997 ], [ 9.348825454711911, 44.845069885253999 ], [ 9.349057197570909, 44.841556549072202 ], [ 9.34935474395758, 44.840717315673899 ], [ 9.349905967712401, 44.839744567871001 ], [ 9.35052013397228, 44.838825225830099 ], [ 9.35895824432373, 44.826385498047003 ], [ 9.36414241790783, 44.823356628417997 ], [ 9.363534927368161, 44.8221015930175 ], [ 9.361483573913571, 44.819671630859503 ], [ 9.359750747680661, 44.817649841308601 ], [ 9.35523223876964, 44.812812805175902 ], [ 9.345273017883301, 44.807521820068402 ], [ 9.342317581176699, 44.806125640869098 ], [ 9.33090782165533, 44.800941467285199 ], [ 9.32941436767584, 44.8004570007325 ], [ 9.327223777771, 44.799976348876903 ], [ 9.32633781433111, 44.799919128417997 ], [ 9.325466156005859, 44.799945831298899 ], [ 9.32435512542725, 44.800186157226598 ], [ 9.323307991027949, 44.800628662109503 ], [ 9.32257556915283, 44.800983428955099 ], [ 9.32194328308111, 44.7998237609863 ], [ 9.32016563415527, 44.792716979980497 ], [ 9.318909645080559, 44.787166595459098 ], [ 9.318904876708929, 44.786266326904297 ], [ 9.31861209869396, 44.785842895507898 ], [ 9.3182802200318, 44.785385131835902 ], [ 9.317796707153381, 44.784900665283303 ], [ 9.316935539245719, 44.784477233886697 ], [ 9.31171417236339, 44.781982421875 ], [ 9.29584217071544, 44.775173187256001 ], [ 9.28801441192638, 44.773448944091903 ], [ 9.28693485260021, 44.760379791259801 ], [ 9.2875509262085, 44.759628295898601 ], [ 9.28846931457525, 44.758934020996101 ], [ 9.289237022399851, 44.758392333984403 ], [ 9.295296669006399, 44.755020141601698 ], [ 9.29672145843506, 44.754295349121001 ], [ 9.29910278320318, 44.753108978271499 ], [ 9.300362586975099, 44.752529144287102 ], [ 9.31546020507818, 44.745601654052798 ], [ 9.3295841217041, 44.737010955810703 ], [ 9.331374168395939, 44.736545562744197 ], [ 9.33271121978771, 44.736209869384801 ], [ 9.333622932434031, 44.735992431640597 ], [ 9.33159637451166, 44.731056213378899 ], [ 9.331198692321721, 44.730201721191499 ], [ 9.330623626709039, 44.729015350341903 ], [ 9.329630851745611, 44.727485656738303 ], [ 9.32695865631109, 44.724048614502102 ], [ 9.326375961303819, 44.723571777343899 ], [ 9.32543945312511, 44.723052978515597 ], [ 9.324211120605471, 44.722480773925803 ], [ 9.32336330413813, 44.722167968750099 ], [ 9.322261810302789, 44.721775054931598 ], [ 9.318278312683219, 44.720443725586001 ], [ 9.315963745117131, 44.719837188720803 ], [ 9.31540679931641, 44.7196044921875 ], [ 9.314810752868651, 44.719093322753999 ], [ 9.313631057739309, 44.718051910400398 ], [ 9.31346511840826, 44.717666625976698 ], [ 9.30953025817877, 44.706588745117301 ], [ 9.309489250183219, 44.706073760986399 ], [ 9.309623718261831, 44.705272674560597 ], [ 9.31048393249517, 44.703296661377003 ], [ 9.31118679046631, 44.702548980712898 ], [ 9.317691802978571, 44.696544647216903 ], [ 9.31805706024176, 44.6962280273438 ], [ 9.31876182556147, 44.6960639953613 ], [ 9.319770812988221, 44.695919036865298 ], [ 9.32315063476574, 44.695510864257898 ], [ 9.3263921737672, 44.695037841796903 ], [ 9.32695865631109, 44.694881439208899 ], [ 9.32719802856451, 44.694763183593899 ], [ 9.327144622802731, 44.694305419921903 ], [ 9.32678508758551, 44.693042755127003 ], [ 9.32615852355957, 44.691696166992301 ], [ 9.325853347778381, 44.691211700439602 ], [ 9.325675010681151, 44.690967559814503 ], [ 9.32155418396002, 44.689708709716903 ], [ 9.32077121734619, 44.689525604248203 ], [ 9.311782836914061, 44.688999176025398 ], [ 9.310697555542051, 44.688957214355497 ], [ 9.30772018432617, 44.689109802246101 ], [ 9.299544334411619, 44.681972503662102 ], [ 9.291922569274901, 44.681869506835902 ], [ 9.287198066711481, 44.685848236083999 ], [ 9.28687095642101, 44.686038970947301 ], [ 9.28406333923334, 44.686927795410298 ], [ 9.270103454589901, 44.6865043640137 ], [ 9.26428890228271, 44.681728363037102 ], [ 9.26143360137945, 44.680896759033303 ], [ 9.26052474975597, 44.680900573730497 ], [ 9.260206222534119, 44.6810722351075 ], [ 9.25949287414562, 44.681476593017699 ], [ 9.25862598419201, 44.682174682617301 ], [ 9.256602287292541, 44.686759948730597 ], [ 9.256302833557131, 44.687572479248097 ], [ 9.25533580780041, 44.691478729247997 ], [ 9.25521278381348, 44.692226409912102 ], [ 9.255368232727159, 44.693080902099702 ], [ 9.255410194397029, 44.693962097167997 ], [ 9.25542736053467, 44.695098876953203 ], [ 9.255292892456049, 44.696125030517599 ], [ 9.25498104095465, 44.696964263916101 ], [ 9.24033260345465, 44.7133178710938 ], [ 9.23933887481695, 44.714298248291101 ], [ 9.237339973449711, 44.7162475585938 ], [ 9.236660957336481, 44.71688079834 ], [ 9.23613166809082, 44.717311859130902 ], [ 9.23442554473888, 44.710617065429602 ], [ 9.23425865173351, 44.7098808288575 ], [ 9.23332881927502, 44.704689025878999 ], [ 9.233097076416019, 44.703285217285199 ], [ 9.23324584960938, 44.702751159668097 ], [ 9.234537124633899, 44.700618743896499 ], [ 9.2410688400268, 44.689952850341797 ], [ 9.241533279419, 44.689258575439503 ], [ 9.23813724517834, 44.686069488525497 ], [ 9.224838256835939, 44.684360504150497 ], [ 9.21896362304693, 44.684425354003999 ], [ 9.218467712402459, 44.684448242187599 ], [ 9.21785354614258, 44.684482574462898 ], [ 9.213603973388789, 44.685054779052798 ], [ 9.212880134582459, 44.685169219970703 ], [ 9.212039947509821, 44.685302734375 ], [ 9.205191612243709, 44.6865043640137 ], [ 9.20417118072521, 44.686714172363303 ], [ 9.20303440094005, 44.686958312988402 ], [ 9.20137500762945, 44.6873588562012 ], [ 9.203310012817379, 44.689468383789098 ], [ 9.20909976959234, 44.702888488769602 ], [ 9.209494590759221, 44.703868865966797 ], [ 9.2094612121582, 44.704860687255902 ], [ 9.208957672119199, 44.705635070800902 ], [ 9.208279609680289, 44.7064819335938 ], [ 9.20768928527832, 44.707069396972699 ], [ 9.20641326904302, 44.71049118042 ], [ 9.20455932617182, 44.717975616455099 ], [ 9.20388221740723, 44.723011016845803 ], [ 9.20416355133068, 44.724098205566499 ], [ 9.204469680786129, 44.724952697753899 ], [ 9.20485115051269, 44.725646972656399 ], [ 9.2057142257691, 44.726776123047003 ], [ 9.207247734069879, 44.728622436523501 ], [ 9.21203422546392, 44.735408782958999 ], [ 9.215164184570369, 44.745132446289198 ], [ 9.21529197692877, 44.745719909667898 ], [ 9.21459960937506, 44.753299713134801 ], [ 9.21361637115479, 44.753490447997997 ], [ 9.21254253387457, 44.753726959228601 ], [ 9.193454742431641, 44.757991790771598 ], [ 9.19268608093256, 44.758426666259801 ], [ 9.1904554367066, 44.759860992431697 ], [ 9.17487239837652, 44.7709770202638 ], [ 9.17413997650152, 44.771518707275497 ], [ 9.17277908325207, 44.772636413574197 ], [ 9.17249011993408, 44.773231506347699 ], [ 9.17141342163092, 44.776435852050803 ], [ 9.17138957977301, 44.777309417724602 ], [ 9.171481132507321, 44.778171539306697 ], [ 9.171585083007811, 44.779003143310497 ], [ 9.17177677154535, 44.779972076416001 ], [ 9.17201995849609, 44.780838012695298 ], [ 9.17451000213617, 44.785324096679702 ], [ 9.174558639526481, 44.7971000671388 ], [ 9.16872692108166, 44.800231933593899 ], [ 9.166337966918951, 44.8012504577637 ], [ 9.16544342041027, 44.803905487060597 ], [ 9.161587715148871, 44.814605712890597 ], [ 9.157088279724119, 44.816307067871101 ], [ 9.156023025512701, 44.815193176269503 ], [ 9.153132438659609, 44.812648773193402 ], [ 9.152030944824279, 44.812057495117301 ], [ 9.14750957489019, 44.809768676757898 ], [ 9.14681434631342, 44.809581756591797 ], [ 9.13187885284424, 44.806682586669901 ], [ 9.12888908386236, 44.806549072265703 ], [ 9.11004734039307, 44.806392669677798 ], [ 9.10983180999761, 44.806770324707003 ], [ 9.108912467956539, 44.808483123779403 ], [ 9.10850906372082, 44.809326171875099 ], [ 9.108298301696831, 44.809806823730398 ], [ 9.10800933837902, 44.8114852905275 ], [ 9.10788440704351, 44.812305450439503 ], [ 9.107844352722219, 44.813137054443303 ], [ 9.107260704040471, 44.813785552978601 ], [ 9.106448173522949, 44.814418792724702 ], [ 9.096947669982971, 44.819618225097699 ], [ 9.09619903564464, 44.819976806640597 ], [ 9.09029006958008, 44.818225860595803 ], [ 9.073312759399469, 44.818431854248203 ], [ 9.07648468017584, 44.822753906250099 ], [ 9.07640933990473, 44.823268890380902 ], [ 9.074480056762811, 44.827995300292997 ], [ 9.07396316528332, 44.828987121582102 ], [ 9.072118759155391, 44.831119537353501 ], [ 9.072053909301699, 44.831172943115298 ], [ 9.071474075317321, 44.831634521484403 ], [ 9.07036113739008, 44.831840515136797 ], [ 9.068931579589959, 44.832042694091797 ], [ 9.068058967590391, 44.832023620605497 ], [ 9.065170288085939, 44.831142425537202 ], [ 9.065897941589411, 44.8332328796387 ], [ 9.066005706787051, 44.833675384521499 ], [ 9.063290596008359, 44.8367309570312 ], [ 9.06251907348644, 44.837486267089801 ], [ 9.053967475891231, 44.845531463623203 ], [ 9.05016040802013, 44.851245880127102 ], [ 9.05074501037598, 44.851051330566399 ], [ 9.05194759368891, 44.851036071777301 ], [ 9.053007125854551, 44.851253509521598 ], [ 9.054068565368651, 44.851730346679801 ], [ 9.054940223693899, 44.852226257324297 ], [ 9.06862926483166, 44.861049652099602 ], [ 9.069094657897949, 44.861488342285099 ], [ 9.07089710235601, 44.865104675293097 ], [ 9.0711240768432, 44.865634918212898 ], [ 9.07109355926525, 44.866210937500099 ], [ 9.06793975830084, 44.870166778564403 ], [ 9.062870025634821, 44.876621246337997 ], [ 9.060280799865779, 44.882411956787102 ], [ 9.05694580078119, 44.8897933959962 ], [ 9.056757926940969, 44.889999389648501 ], [ 9.049727439880369, 44.888664245605497 ], [ 9.0484733581543, 44.888359069824297 ], [ 9.045610427856451, 44.886478424072301 ], [ 9.041191101074279, 44.886688232421903 ], [ 9.03142070770275, 44.889442443847699 ], [ 9.024233818054199, 44.897972106933601 ], [ 9.01945400238043, 44.901752471923899 ], [ 9.01891803741449, 44.901699066162102 ], [ 9.016312599182241, 44.902095794677798 ], [ 9.00909423828125, 44.903930664062599 ], [ 9.00722026824945, 44.904689788818303 ], [ 9.006295204162599, 44.905353546142599 ], [ 9.00141906738293, 44.909568786621101 ], [ 9.000735282897891, 44.910270690918097 ], [ 8.99434852600103, 44.925418853759801 ], [ 8.992636680602971, 44.9317016601562 ], [ 8.992232322692979, 44.9320259094238 ], [ 8.99119281768805, 44.932037353515703 ], [ 8.98360157012951, 44.932594299316499 ], [ 8.981680870056209, 44.936649322509801 ], [ 8.97820568084728, 44.941047668457003 ], [ 8.97733879089367, 44.9416313171387 ], [ 8.972904205322379, 44.9437026977538 ], [ 8.971659660339411, 44.9441947937012 ], [ 8.9706592559815, 44.944461822509801 ], [ 8.97783756256104, 44.960399627685497 ], [ 8.97766017913824, 44.961639404296903 ], [ 8.977519035339361, 44.964405059814503 ], [ 8.97786140441894, 44.9653129577638 ], [ 8.978164672851509, 44.965988159179801 ], [ 8.979178428649959, 44.968151092529403 ], [ 8.97889995574957, 44.9686889648437 ], [ 8.975778579711911, 44.972343444824197 ], [ 8.97358417510986, 44.9743041992188 ], [ 8.972734451293951, 44.975059509277401 ], [ 8.97164344787603, 44.975692749023601 ], [ 8.970564842224119, 44.976547241210902 ], [ 8.9689998626709, 44.978000640869098 ], [ 8.962798118591371, 44.984626770019602 ], [ 8.961679458618161, 44.988235473632898 ], [ 8.9518547058106, 44.989303588867202 ], [ 8.950573921203731, 44.989376068115199 ], [ 8.949647903442379, 44.989421844482401 ], [ 8.9450330734254, 44.988185882568501 ], [ 8.94415760040283, 44.987804412841903 ], [ 8.943880081176699, 44.987590789795 ], [ 8.943778991699331, 44.9867172241212 ], [ 8.93242073059093, 44.983634948730497 ], [ 8.92665958404552, 44.983104705810497 ], [ 8.926038742065369, 44.984340667724702 ], [ 8.918498039245719, 44.990726470947301 ], [ 8.91162776947021, 44.996425628662202 ], [ 8.90871810913092, 44.9997367858887 ], [ 8.90233135223383, 45.008712768554801 ], [ 8.90221595764166, 45.009132385253899 ], [ 8.902176856994689, 45.009998321533203 ], [ 8.90229988098139, 45.011989593505902 ], [ 8.9023752212525, 45.012771606445298 ], [ 8.90247535705578, 45.0135917663575 ], [ 8.903042793273981, 45.015674591064602 ], [ 8.903812408447321, 45.0184135437012 ], [ 8.904269218444821, 45.019817352295 ], [ 8.904368400573841, 45.020168304443402 ], [ 8.904582023620719, 45.021095275878999 ], [ 8.905715942382811, 45.026325225830199 ], [ 8.90581703186041, 45.027019500732401 ], [ 8.90543079376215, 45.030521392822401 ], [ 8.90522575378429, 45.031448364257798 ], [ 8.90357780456543, 45.038089752197301 ], [ 8.90328502655024, 45.0388374328613 ], [ 8.900819778442379, 45.039840698242202 ], [ 8.8995122909547, 45.040317535400398 ], [ 8.896138191223139, 45.0413818359375 ], [ 8.90121459960943, 45.044567108154297 ], [ 8.89263629913324, 45.052219390869197 ], [ 8.890504837036129, 45.051193237304702 ], [ 8.889641761779901, 45.051067352295 ], [ 8.887990951538139, 45.050975799560703 ], [ 8.88696193695063, 45.051109313964801 ], [ 8.8821172714234, 45.055027008056598 ], [ 8.882357597351071, 45.055423736572301 ], [ 8.88305473327642, 45.0560722351075 ], [ 8.888749122619631, 45.06010055542 ], [ 8.888460159301809, 45.060745239257898 ], [ 8.888200759887701, 45.060874938964801 ], [ 8.8877820968629, 45.061065673828097 ], [ 8.886103630065859, 45.061721801757898 ], [ 8.885506629943849, 45.061790466308601 ], [ 8.885063171386831, 45.061817169189602 ], [ 8.884269714355581, 45.061717987060497 ], [ 8.883476257324279, 45.061618804931797 ], [ 8.88244819641125, 45.061374664306697 ], [ 8.881991386413629, 45.061210632324197 ], [ 8.88142013549805, 45.060867309570298 ], [ 8.880938529968381, 45.060482025146598 ], [ 8.88033008575445, 45.059986114502003 ], [ 8.871660232543951, 45.052936553955099 ], [ 8.86674880981445, 45.051914215087997 ], [ 8.863968849182131, 45.051460266113203 ], [ 8.861568450927731, 45.052188873291001 ], [ 8.850399017334039, 45.0504341125488 ], [ 8.84347057342535, 45.044097900390703 ], [ 8.82495212554937, 45.047538757324297 ], [ 8.809757232666071, 45.038944244384901 ], [ 8.798959732055661, 45.037178039550803 ], [ 8.79836273193359, 45.037071228027401 ], [ 8.79727268219, 45.036762237548899 ], [ 8.79670238494873, 45.036472320556797 ], [ 8.79642391204834, 45.036228179931697 ], [ 8.79570293426508, 45.035434722900398 ], [ 8.795437812805179, 45.035037994384801 ], [ 8.795212745666561, 45.034145355224702 ], [ 8.795303344726561, 45.033859252929801 ], [ 8.795431137084959, 45.033573150634901 ], [ 8.796538352966421, 45.032367706298899 ], [ 8.796933174133301, 45.031990051269602 ], [ 8.797405242920039, 45.031539916992202 ], [ 8.79791355133068, 45.031093597412202 ], [ 8.803373336792109, 45.027023315429801 ], [ 8.79939270019543, 45.0220756530762 ], [ 8.799099922180231, 45.021919250488303 ], [ 8.798592567443899, 45.021686553955099 ], [ 8.798009872436641, 45.021415710449297 ], [ 8.79749107360834, 45.021224975586001 ], [ 8.79683113098139, 45.020988464355497 ], [ 8.79626083374035, 45.020870208740199 ], [ 8.79560089111339, 45.020816802978601 ], [ 8.794014930725149, 45.020740509033303 ], [ 8.793870925903381, 45.020744323730597 ], [ 8.79316425323492, 45.020767211914098 ], [ 8.79252910614014, 45.020847320556598 ], [ 8.792009353637811, 45.020961761474702 ], [ 8.79100513458252, 45.021385192871101 ], [ 8.790534973144529, 45.021583557128899 ], [ 8.790115356445311, 45.021823883056598 ], [ 8.7899227142334, 45.021942138671903 ], [ 8.789568901062131, 45.022163391113303 ], [ 8.789212226867789, 45.022388458252003 ], [ 8.78878021240234, 45.022659301757699 ], [ 8.78823280334467, 45.022926330566499 ], [ 8.78778839111339, 45.023124694824297 ], [ 8.7834939956665, 45.024288177490199 ], [ 8.7824907302857, 45.024547576904403 ], [ 8.782008171081539, 45.024635314941399 ], [ 8.78132343292236, 45.024715423583999 ], [ 8.780624389648439, 45.024768829345803 ], [ 8.780129432678279, 45.024803161621101 ], [ 8.77958393096924, 45.024803161621101 ], [ 8.77875900268549, 45.024684906005902 ], [ 8.77855777740479, 45.024162292480597 ], [ 8.77860736846924, 45.023307800292997 ], [ 8.777445793151861, 45.019668579101598 ], [ 8.779332160949821, 45.014045715332102 ], [ 8.776823997497621, 45.009494781494197 ], [ 8.77658367156994, 45.009124755859297 ], [ 8.77629280090332, 45.008899688720703 ], [ 8.77434158325207, 45.008148193359503 ], [ 8.773758888244631, 45.0079574584962 ], [ 8.7733211517334, 45.007831573486399 ], [ 8.772808074951289, 45.007728576660298 ], [ 8.77233886718761, 45.007675170898501 ], [ 8.771780967712401, 45.007637023925803 ], [ 8.770257949829221, 45.007606506347699 ], [ 8.76973819732666, 45.007644653320298 ], [ 8.7489442825318, 45.010097503662202 ], [ 8.74878692626959, 45.010246276855597 ], [ 8.749229431152459, 45.015125274658097 ], [ 8.749671936035099, 45.015350341796903 ], [ 8.750014305114689, 45.015487670898501 ], [ 8.75052070617676, 45.015640258789098 ], [ 8.75097846984869, 45.015750885009801 ], [ 8.751408576965391, 45.015815734863303 ], [ 8.751929283142029, 45.015823364257798 ], [ 8.752297401428279, 45.015796661377003 ], [ 8.7526912689209, 45.015743255615199 ], [ 8.75304603576666, 45.015773773193402 ], [ 8.75338840484625, 45.015819549560597 ], [ 8.75471973419201, 45.016082763671903 ], [ 8.75517559051519, 45.016277313232401 ], [ 8.7543687820434, 45.0179443359375 ], [ 8.752340316772459, 45.020900726318402 ], [ 8.75202083587652, 45.021335601806697 ], [ 8.75160121917725, 45.021675109863402 ], [ 8.751206398010201, 45.021915435791101 ], [ 8.750863075256349, 45.022113800048899 ], [ 8.74392127990728, 45.025104522705099 ], [ 8.743552207946779, 45.0252494812012 ], [ 8.74304389953608, 45.025302886962898 ], [ 8.72992610931402, 45.024227142334098 ], [ 8.729533195495611, 45.024162292480597 ], [ 8.729127883911129, 45.023872375488303 ], [ 8.728876113891721, 45.023494720459098 ], [ 8.728623390197811, 45.0232162475587 ], [ 8.728268623352051, 45.022918701171903 ], [ 8.7277240753175, 45.0228080749512 ], [ 8.72343921661388, 45.024696350097699 ], [ 8.72279930114752, 45.025676727294901 ], [ 8.71970367431652, 45.0307846069337 ], [ 8.71605873107916, 45.0365180969238 ], [ 8.715764999389711, 45.036975860595803 ], [ 8.715407371521049, 45.0374946594238 ], [ 8.71499919891369, 45.037918090820298 ], [ 8.714273452758791, 45.038337707519503 ], [ 8.713931083679199, 45.038501739502003 ], [ 8.71357440948486, 45.038654327392599 ], [ 8.713205337524469, 45.038795471191499 ], [ 8.71282386779791, 45.038928985595803 ], [ 8.712454795837351, 45.039020538330099 ], [ 8.71206092834478, 45.039100646972699 ], [ 8.711705207824711, 45.039169311523501 ], [ 8.71112060546886, 45.039241790771499 ], [ 8.711009979248161, 45.039234161377003 ], [ 8.710677146911729, 45.039222717285298 ], [ 8.70985984802252, 45.039112091064602 ], [ 8.70915412902832, 45.039108276367202 ], [ 8.70861816406261, 45.038990020751903 ], [ 8.70770263671869, 45.038745880127102 ], [ 8.707125663757379, 45.038509368896499 ], [ 8.70658683776861, 45.038284301757898 ], [ 8.706059455871699, 45.038002014160199 ], [ 8.70404338836676, 45.035926818847699 ], [ 8.70357322692877, 45.035442352295 ], [ 8.70306873321533, 45.034717559814602 ], [ 8.702384948730471, 45.033546447753899 ], [ 8.702067375183111, 45.032772064208999 ], [ 8.702107429504339, 45.0315170288087 ], [ 8.69238376617437, 45.024909973144602 ], [ 8.691440582275391, 45.025588989257798 ], [ 8.686808586120611, 45.028022766113303 ], [ 8.682346343994199, 45.030002593994098 ], [ 8.6696720123291, 45.0294418334962 ], [ 8.6679801940918, 45.0250434875488 ], [ 8.668064117431699, 45.024452209472699 ], [ 8.6680908203125, 45.0240287780762 ], [ 8.668068885803221, 45.023681640625 ], [ 8.667989730834901, 45.0233993530275 ], [ 8.66773796081554, 45.022651672363402 ], [ 8.66749954223644, 45.022159576416101 ], [ 8.66706180572521, 45.021560668945298 ], [ 8.66695022583019, 45.021430969238303 ], [ 8.66688442230225, 45.021377563476598 ], [ 8.66668605804443, 45.0212211608888 ], [ 8.666469573974609, 45.021072387695398 ], [ 8.66620635986334, 45.020935058593899 ], [ 8.66038227081299, 45.018890380859403 ], [ 8.660301208496151, 45.018875122070298 ], [ 8.660131454467891, 45.018928527832102 ], [ 8.65944862365734, 45.019287109375 ], [ 8.65787506103527, 45.020252227783303 ], [ 8.65294170379644, 45.024326324462898 ], [ 8.65287590026867, 45.024562835693402 ], [ 8.653279304504339, 45.0247611999512 ], [ 8.65417575836182, 45.025268554687599 ], [ 8.655553817749141, 45.026199340820398 ], [ 8.65599441528326, 45.026523590087997 ], [ 8.656370162963871, 45.026821136474602 ], [ 8.65707397460943, 45.027469635009901 ], [ 8.65740871429449, 45.027816772460902 ], [ 8.65764045715332, 45.028133392333999 ], [ 8.65785408020025, 45.028484344482401 ], [ 8.658028602600149, 45.02885055542 ], [ 8.65808963775646, 45.029380798339801 ], [ 8.658012390136779, 45.030349731445298 ], [ 8.6533260345459, 45.035873413085902 ], [ 8.652836799621699, 45.036205291748097 ], [ 8.65216541290283, 45.036399841308501 ], [ 8.651044845581049, 45.036647796631001 ], [ 8.650320053100639, 45.036674499511797 ], [ 8.6488533020019, 45.0366821289063 ], [ 8.648191452026371, 45.036678314208899 ], [ 8.64615917205805, 45.03666305542 ], [ 8.63580226898193, 45.041908264160298 ], [ 8.6406621932984, 45.045967102050803 ], [ 8.6471462249757, 45.054161071777301 ], [ 8.6474170684815, 45.054512023925703 ], [ 8.64768028259283, 45.054885864257898 ], [ 8.64786243438726, 45.055267333984503 ], [ 8.64801311492926, 45.055633544922003 ], [ 8.64803123474127, 45.055755615234403 ], [ 8.6480588912965, 45.055938720703203 ], [ 8.64804077148438, 45.056194305419901 ], [ 8.648015022277891, 45.056491851806797 ], [ 8.645753860473571, 45.061885833740199 ], [ 8.643706321716371, 45.063930511474702 ], [ 8.63829421997076, 45.067134857177798 ], [ 8.637961387634331, 45.067478179931697 ], [ 8.638755798339901, 45.068325042724702 ], [ 8.64110279083252, 45.070800781250099 ], [ 8.642339706420961, 45.072063446045 ], [ 8.64705181121832, 45.076282501220803 ], [ 8.64256381988525, 45.076934814453203 ], [ 8.641214370727541, 45.077648162841903 ], [ 8.63800811767584, 45.082473754882898 ], [ 8.63767337799084, 45.083282470703203 ], [ 8.630052566528381, 45.089126586914098 ], [ 8.623088836670039, 45.092189788818303 ], [ 8.62472438812256, 45.095996856689403 ], [ 8.62487125396734, 45.0968437194825 ], [ 8.624839782714901, 45.097606658935597 ], [ 8.62470817565918, 45.098487854003999 ], [ 8.624436378479, 45.099300384521499 ], [ 8.62344932556158, 45.098682403564503 ], [ 8.6217412948609, 45.099552154541101 ], [ 8.614586830139221, 45.103363037109403 ], [ 8.61431884765631, 45.103515625000099 ], [ 8.61352729797358, 45.104160308837997 ], [ 8.612554550170961, 45.105129241943501 ], [ 8.611033439636341, 45.106681823730497 ], [ 8.61015987396252, 45.107837677002003 ], [ 8.609736442565859, 45.108558654785199 ], [ 8.60954093933111, 45.1092948913575 ], [ 8.60992336273199, 45.1187553405762 ], [ 8.612045288085991, 45.124576568603601 ], [ 8.60757923126226, 45.128898620605398 ], [ 8.606040000915529, 45.129039764404297 ], [ 8.604386329650881, 45.1293334960938 ], [ 8.593917846679741, 45.1318168640138 ], [ 8.59280872344965, 45.132270812988303 ], [ 8.591732978820801, 45.133365631103601 ], [ 8.59117984771723, 45.1339721679688 ], [ 8.59071254730236, 45.134494781494297 ], [ 8.5893497467041, 45.136642456054702 ], [ 8.589013099670471, 45.139286041259901 ], [ 8.588622093200801, 45.142299652099702 ], [ 8.588225364685171, 45.144542694091903 ], [ 8.587881088256781, 45.146377563476598 ], [ 8.587540626525991, 45.147670745849702 ], [ 8.58637332916271, 45.1488647460938 ], [ 8.58172035217285, 45.153232574462898 ], [ 8.58106422424328, 45.153652191162102 ], [ 8.568246841430719, 45.156044006347699 ], [ 8.556337356567379, 45.158195495605497 ], [ 8.555445671081539, 45.1583061218262 ], [ 8.55472946166998, 45.158809661865199 ], [ 8.55401134490978, 45.159561157226698 ], [ 8.55347347259527, 45.160224914550803 ], [ 8.55358123779291, 45.161064147949297 ], [ 8.556070327758899, 45.165260314941499 ], [ 8.54885196685785, 45.169101715087898 ], [ 8.54415798187261, 45.173538208007798 ], [ 8.544002532958981, 45.173789978027301 ], [ 8.54410266876226, 45.175552368164098 ], [ 8.544758796691889, 45.181282043457102 ], [ 8.54501819610601, 45.182235717773501 ], [ 8.54566097259527, 45.1830863952637 ], [ 8.546608924865721, 45.183891296386697 ], [ 8.564097404480091, 45.197212219238303 ], [ 8.574455261230529, 45.199497222900398 ], [ 8.57587814331055, 45.199855804443402 ], [ 8.57641029357916, 45.2000541687012 ], [ 8.577909469604609, 45.200843811035199 ], [ 8.57847690582275, 45.201145172119098 ], [ 8.57858753204351, 45.201202392578097 ], [ 8.580130577087401, 45.202030181884901 ], [ 8.58225059509283, 45.203170776367202 ], [ 8.58187294006342, 45.2033500671388 ], [ 8.580397605896049, 45.204025268554801 ], [ 8.572810173034719, 45.206867218017599 ], [ 8.557945251464959, 45.206119537353501 ], [ 8.557093620300231, 45.205799102783303 ], [ 8.55593967437744, 45.205230712890597 ], [ 8.55167293548584, 45.202098846435497 ], [ 8.551527976989741, 45.2012329101562 ], [ 8.551841735839959, 45.200107574462997 ], [ 8.552153587341371, 45.1992797851562 ], [ 8.55311775207519, 45.198154449462898 ], [ 8.55336380004883, 45.197372436523402 ], [ 8.55299663543707, 45.1972045898437 ], [ 8.552261352539009, 45.1969223022462 ], [ 8.551143646240289, 45.196605682373097 ], [ 8.547547340393059, 45.195808410644602 ], [ 8.545359611511291, 45.195480346679702 ], [ 8.532005310058709, 45.194290161132898 ], [ 8.530476570129389, 45.194393157959098 ], [ 8.52902889251709, 45.1955375671388 ], [ 8.525571823120121, 45.1992797851562 ], [ 8.53330612182617, 45.200229644775398 ], [ 8.54169464111334, 45.201980590820298 ], [ 8.54432201385492, 45.202812194824297 ], [ 8.548295021057131, 45.204383850097798 ], [ 8.54911708831793, 45.205070495605497 ], [ 8.54896068572998, 45.205585479736399 ], [ 8.54871273040777, 45.206295013427699 ], [ 8.548376083374141, 45.207012176513601 ], [ 8.547824859619141, 45.207641601562599 ], [ 8.54641246795649, 45.2092094421387 ], [ 8.545693397522029, 45.209911346435497 ], [ 8.53868579864502, 45.215175628662202 ], [ 8.537663459777949, 45.215915679931797 ], [ 8.53661346435541, 45.216613769531399 ], [ 8.534770965576289, 45.217578887939503 ], [ 8.533574104309141, 45.217540740966797 ], [ 8.532197952270559, 45.217586517333999 ], [ 8.53145980834967, 45.2177543640137 ], [ 8.53108978271479, 45.217876434326101 ], [ 8.530412673950201, 45.218093872070398 ], [ 8.52859687805187, 45.219013214111399 ], [ 8.527726173400881, 45.219547271728601 ], [ 8.52674007415771, 45.2202377319337 ], [ 8.52588081359869, 45.220954895019602 ], [ 8.525161743164009, 45.221553802490199 ], [ 8.524314880371151, 45.222549438476499 ], [ 8.523847579956049, 45.223564147949197 ], [ 8.52365112304682, 45.224205017089901 ], [ 8.52381038665766, 45.225002288818402 ], [ 8.52417087554937, 45.226032257080199 ], [ 8.524736404419, 45.226982116699197 ], [ 8.525568008422971, 45.228073120117301 ], [ 8.52660465240484, 45.228958129882898 ], [ 8.52814960479731, 45.2301025390625 ], [ 8.529482841491699, 45.230602264404403 ], [ 8.53080463409435, 45.230895996093899 ], [ 8.53156852722179, 45.231056213378999 ], [ 8.53211498260492, 45.231170654296903 ], [ 8.533439636230471, 45.231174468994297 ], [ 8.534930229187131, 45.231136322021499 ], [ 8.53681659698492, 45.230983734131001 ], [ 8.53855037689209, 45.230861663818402 ], [ 8.54024219512945, 45.231086730957102 ], [ 8.541638374328731, 45.231632232666001 ], [ 8.54270267486584, 45.232337951660199 ], [ 8.543563842773491, 45.232982635497997 ], [ 8.54427146911627, 45.2338676452638 ], [ 8.54472064971935, 45.234947204589801 ], [ 8.54454898834234, 45.235683441162102 ], [ 8.54345703125011, 45.236843109130902 ], [ 8.542791366577211, 45.237308502197401 ], [ 8.5414247512818, 45.237770080566499 ], [ 8.53989315032959, 45.238105773925803 ], [ 8.53044509887695, 45.239181518554702 ], [ 8.530046463012701, 45.239696502685597 ], [ 8.530166625976561, 45.2404594421387 ], [ 8.53854560852062, 45.244136810302798 ], [ 8.528722763061641, 45.246776580810597 ], [ 8.52688789367687, 45.247406005859403 ], [ 8.52624702453619, 45.247852325439503 ], [ 8.52356529235851, 45.250186920166101 ], [ 8.52315235137951, 45.250869750976598 ], [ 8.523838043212949, 45.255569458007798 ], [ 8.52511405944818, 45.255462646484403 ], [ 8.527397155761779, 45.255245208740298 ], [ 8.53137302398687, 45.254638671875 ], [ 8.532692909240721, 45.254226684570298 ], [ 8.533631324768059, 45.253318786621101 ], [ 8.53467082977301, 45.252197265625099 ], [ 8.53546619415283, 45.251308441162102 ], [ 8.535563468933111, 45.250766754150398 ], [ 8.537083625793571, 45.24853515625 ], [ 8.53793430328381, 45.2489433288575 ], [ 8.54011344909674, 45.250564575195398 ], [ 8.543796539306641, 45.25345993042 ], [ 8.54406833648676, 45.253776550293097 ], [ 8.54445266723638, 45.254226684570298 ], [ 8.544689178466911, 45.254928588867301 ], [ 8.544609069824331, 45.255546569824197 ], [ 8.54408073425299, 45.2561645507812 ], [ 8.543362617492789, 45.2566947937012 ], [ 8.54224967956554, 45.257293701171903 ], [ 8.54048919677734, 45.257598876953203 ], [ 8.53872871398937, 45.257747650146399 ], [ 8.537417411804309, 45.2577514648438 ], [ 8.53626728057867, 45.258087158203097 ], [ 8.53519344329839, 45.258548736572301 ], [ 8.53464984893799, 45.258743286132898 ], [ 8.53411865234386, 45.259090423583999 ], [ 8.53413867950445, 45.259708404541001 ], [ 8.53448772430426, 45.260238647461001 ], [ 8.534591674804741, 45.260398864746101 ], [ 8.53588962554932, 45.262302398681697 ], [ 8.536660194396971, 45.263214111328097 ], [ 8.53729152679449, 45.263648986816499 ], [ 8.532411575317489, 45.266738891601598 ], [ 8.531935691833549, 45.267219543457003 ], [ 8.531778335571349, 45.268074035644602 ], [ 8.532010078430179, 45.2691040039062 ], [ 8.53262805938726, 45.270057678222699 ], [ 8.533474922180289, 45.2707710266113 ], [ 8.53459072113043, 45.271434783935703 ], [ 8.535720825195311, 45.272048950195398 ], [ 8.53674793243408, 45.2726669311525 ], [ 8.53717708587646, 45.273162841796903 ], [ 8.53659629821777, 45.277271270752003 ], [ 8.536421775817869, 45.278175354003999 ], [ 8.5361766815185, 45.278743743896499 ], [ 8.535091400146539, 45.278999328613402 ], [ 8.523482322692869, 45.280078887939503 ], [ 8.523433685302789, 45.279804229736399 ], [ 8.523654937744199, 45.277759552002102 ], [ 8.5239572525025, 45.276599884033303 ], [ 8.52485466003424, 45.276023864746101 ], [ 8.52489471435552, 45.275703430175803 ], [ 8.524325370788571, 45.275310516357401 ], [ 8.523027420044, 45.275108337402401 ], [ 8.521677017211969, 45.274940490722699 ], [ 8.518619537353519, 45.274711608886797 ], [ 8.51514816284174, 45.275264739990298 ], [ 8.514492988586481, 45.275844573974702 ], [ 8.514163017273059, 45.276214599609403 ], [ 8.517023086547789, 45.2872123718262 ], [ 8.51306915283209, 45.291965484619197 ], [ 8.511337280273491, 45.291831970214801 ], [ 8.507168769836371, 45.291515350341797 ], [ 8.505485534668081, 45.291511535644602 ], [ 8.500248908996699, 45.292694091797003 ], [ 8.499409675598139, 45.293170928955199 ], [ 8.500991821289061, 45.298137664795 ], [ 8.50827789306646, 45.3080444335938 ], [ 8.50878238677973, 45.308692932128999 ], [ 8.51143646240229, 45.3115234375 ], [ 8.514614105224609, 45.314224243164098 ], [ 8.515299797058219, 45.313102722168097 ], [ 8.51580238342291, 45.312618255615298 ], [ 8.517041206359981, 45.312442779541101 ], [ 8.51878833770763, 45.312442779541101 ], [ 8.520583152771, 45.312709808349602 ], [ 8.52082633972174, 45.312744140625099 ], [ 8.522684097290149, 45.313220977783303 ], [ 8.5241460800172, 45.313777923584098 ], [ 8.52596473693859, 45.314479827880902 ], [ 8.52771663665777, 45.315338134765703 ], [ 8.529061317443849, 45.316390991210902 ], [ 8.53022384643549, 45.317672729492301 ], [ 8.53142261505127, 45.319244384765703 ], [ 8.532231330871641, 45.320262908935703 ], [ 8.532638549804689, 45.320320129394602 ], [ 8.538969993591371, 45.318195343017699 ], [ 8.539095878601129, 45.318492889404403 ], [ 8.53943634033214, 45.3202934265138 ], [ 8.53417778015142, 45.336303710937599 ], [ 8.52936077117926, 45.341529846191499 ], [ 8.52797317504883, 45.342849731445398 ], [ 8.52744770050049, 45.343143463134901 ], [ 8.5275230407716, 45.3434867858887 ], [ 8.527722358703731, 45.3440971374513 ], [ 8.52807521820068, 45.344596862793097 ], [ 8.541994094848571, 45.351753234863303 ], [ 8.54256725311291, 45.351917266845803 ], [ 8.551449775695801, 45.355743408203097 ], [ 8.551841735839959, 45.358150482177798 ], [ 8.55282783508312, 45.362255096435703 ], [ 8.554158210754389, 45.362419128417997 ], [ 8.55827617645263, 45.354248046875099 ], [ 8.56036472320562, 45.353237152099702 ], [ 8.57135963439953, 45.349338531494098 ], [ 8.57988262176519, 45.348182678222699 ], [ 8.581308364868161, 45.348861694335902 ], [ 8.581969261169551, 45.350944519042997 ], [ 8.58297538757324, 45.351333618164098 ], [ 8.58572483062744, 45.352264404296903 ], [ 8.587967872619631, 45.352874755859403 ], [ 8.58855533599854, 45.352867126464801 ], [ 8.60208034515381, 45.352016448974602 ], [ 8.6043205261231, 45.352878570556797 ], [ 8.605593681335449, 45.353366851806598 ], [ 8.61284828186041, 45.355373382568501 ], [ 8.61455440521252, 45.355434417724602 ], [ 8.62441062927252, 45.353305816650298 ], [ 8.629903793334959, 45.350799560546903 ], [ 8.63170337677013, 45.347045898437599 ], [ 8.632736206054631, 45.339328765869297 ], [ 8.63980102539057, 45.336254119873097 ], [ 8.645787239074821, 45.332660675048899 ], [ 8.65677547454834, 45.326614379882898 ], [ 8.659130096435661, 45.320217132568402 ], [ 8.66409301757812, 45.311466217041101 ], [ 8.664263725280881, 45.310611724853501 ], [ 8.66411304473888, 45.310241699218899 ], [ 8.661747932434141, 45.3068618774413 ], [ 8.65993690490723, 45.304611206054702 ], [ 8.660531997680719, 45.303237915038999 ], [ 8.66446018218994, 45.2965698242187 ], [ 8.667654991149901, 45.2931518554688 ], [ 8.674565315246641, 45.293090820312599 ], [ 8.67566108703625, 45.293262481689503 ], [ 8.677227020263789, 45.293788909912102 ], [ 8.67866516113293, 45.294235229492301 ], [ 8.680014610290471, 45.294582366943402 ], [ 8.681391716003469, 45.2946586608887 ], [ 8.687663078308161, 45.294979095458999 ], [ 8.68999576568598, 45.294975280761797 ], [ 8.69040489196783, 45.294761657714901 ], [ 8.69171333313, 45.293468475341797 ], [ 8.69648456573492, 45.295173645019602 ], [ 8.70805072784424, 45.300037384033303 ], [ 8.71521663665777, 45.302566528320398 ], [ 8.71640110015875, 45.303047180175703 ], [ 8.71718788146978, 45.303825378417997 ], [ 8.72478771209717, 45.3200912475587 ], [ 8.72760677337652, 45.333831787109403 ], [ 8.72701358795166, 45.335010528564503 ], [ 8.726894378662109, 45.335243225097798 ], [ 8.725833892822321, 45.3366508483888 ], [ 8.74318885803234, 45.333003997802798 ], [ 8.743968009948841, 45.337875366211001 ], [ 8.74647712707514, 45.340366363525398 ], [ 8.753523826599119, 45.344573974609503 ], [ 8.753989219665639, 45.344802856445398 ], [ 8.754325866699279, 45.3449516296387 ], [ 8.754597663879389, 45.3450736999513 ], [ 8.75485515594494, 45.345184326172003 ], [ 8.755215644836481, 45.345325469970703 ], [ 8.75557994842535, 45.345371246337898 ], [ 8.75601768493658, 45.345417022705099 ], [ 8.75643920898443, 45.345455169677798 ], [ 8.761992454528921, 45.352569580078203 ], [ 8.76172065734858, 45.356632232666101 ], [ 8.758295059204039, 45.357833862304702 ], [ 8.757157325744631, 45.358146667480597 ], [ 8.754439353942869, 45.357978820800703 ], [ 8.74776458740229, 45.357227325439503 ], [ 8.744297027587891, 45.358886718750099 ], [ 8.72216224670416, 45.371334075927798 ], [ 8.721474647521971, 45.375690460205099 ], [ 8.72014331817633, 45.379020690917997 ], [ 8.73179435729986, 45.376491546630902 ], [ 8.733784675598139, 45.376178741455199 ], [ 8.749357223510801, 45.375312805175902 ], [ 8.761953353881889, 45.377418518066499 ], [ 8.76508903503418, 45.378246307373203 ], [ 8.763936042785639, 45.382789611816399 ], [ 8.76650047302252, 45.389877319335902 ], [ 8.76740741729742, 45.3897094726563 ], [ 8.76832771301275, 45.389423370361399 ], [ 8.770119667053221, 45.388542175292997 ], [ 8.77299976348888, 45.387165069580099 ], [ 8.77584075927734, 45.385810852050902 ], [ 8.777889251709039, 45.384834289550902 ], [ 8.79444789886486, 45.379894256591903 ], [ 8.79580116271978, 45.37992477417 ], [ 8.80260753631592, 45.380115509033303 ], [ 8.80512237548839, 45.380813598632898 ], [ 8.807987213134769, 45.381862640381001 ], [ 8.81116771697998, 45.383228302002102 ], [ 8.81296634674084, 45.384204864501903 ], [ 8.81309032440185, 45.384773254394602 ], [ 8.812602043151911, 45.386054992675803 ], [ 8.81204795837402, 45.387596130371101 ], [ 8.811723709106451, 45.388870239257798 ], [ 8.81158161163324, 45.389717102050803 ], [ 8.812294960021971, 45.390041351318402 ], [ 8.815230369567979, 45.391002655029403 ], [ 8.82284545898443, 45.392391204834098 ], [ 8.827797889709529, 45.391490936279297 ], [ 8.828040122985779, 45.391208648681797 ], [ 8.83058357238764, 45.391204833984403 ], [ 8.841129302978461, 45.393722534179702 ], [ 8.84206104278576, 45.394039154052798 ], [ 8.843961715698301, 45.394779205322301 ], [ 8.84325313568127, 45.399890899658203 ], [ 8.84179592132568, 45.401798248291001 ], [ 8.840616226196349, 45.403316497802699 ], [ 8.831112861633359, 45.415275573730497 ], [ 8.830177307128899, 45.4163818359375 ], [ 8.82865142822266, 45.417800903320398 ], [ 8.82561016082775, 45.420436859130803 ], [ 8.82545757293695, 45.425861358642599 ], [ 8.826333999633899, 45.431694030761797 ], [ 8.82690715789801, 45.432479858398501 ], [ 8.82740020751959, 45.433528900146499 ], [ 8.82689857482916, 45.434890747070298 ], [ 8.82601547241222, 45.435718536376903 ], [ 8.82538700103771, 45.4360580444337 ], [ 8.824210166931101, 45.436264038086001 ], [ 8.822343826294061, 45.436313629150398 ], [ 8.820528984069821, 45.436141967773601 ], [ 8.81946945190435, 45.435806274414098 ], [ 8.819065093994141, 45.435661315917997 ], [ 8.811045646667541, 45.433498382568402 ], [ 8.810130119323791, 45.43367767334 ], [ 8.80916976928717, 45.434276580810597 ], [ 8.808707237243709, 45.435398101806697 ], [ 8.809084892272949, 45.436698913574297 ], [ 8.80990028381353, 45.437652587890703 ], [ 8.811086654663089, 45.438312530517699 ], [ 8.812581062316889, 45.438873291015597 ], [ 8.81304931640625, 45.439910888671903 ], [ 8.812892913818301, 45.441295623779297 ], [ 8.811611175537109, 45.445930480957003 ], [ 8.811135292053221, 45.446926116943501 ], [ 8.809749603271539, 45.448078155517699 ], [ 8.808891296386779, 45.448642730712997 ], [ 8.80775070190424, 45.449253082275398 ], [ 8.806712150573841, 45.450023651122997 ], [ 8.80206489562994, 45.455310821533303 ], [ 8.801370620727649, 45.456199645996001 ], [ 8.801041603088381, 45.456756591797003 ], [ 8.79399585723888, 45.460735321044901 ], [ 8.79041862487804, 45.462921142578097 ], [ 8.78923988342285, 45.465160369873097 ], [ 8.79234981536877, 45.468315124511797 ], [ 8.7924337387085, 45.469058990478601 ], [ 8.792509078979609, 45.4697074890137 ], [ 8.79199314117443, 45.477893829345703 ], [ 8.79191780090332, 45.479003906250099 ], [ 8.79187107086182, 45.479682922363303 ], [ 8.79164886474609, 45.481151580810497 ], [ 8.791105270385801, 45.4828071594238 ], [ 8.79003143310552, 45.485057830810703 ], [ 8.788558959961049, 45.487171173095803 ], [ 8.780667304992789, 45.485549926757898 ], [ 8.778428077697811, 45.48539352417 ], [ 8.776329994201721, 45.485305786132898 ], [ 8.774562835693301, 45.485645294189602 ], [ 8.772818565368709, 45.486526489257798 ], [ 8.77124118804926, 45.487476348877003 ], [ 8.769815444946349, 45.488769531250099 ], [ 8.76624393463146, 45.492073059082003 ], [ 8.764560699462949, 45.493797302246101 ], [ 8.76371002197271, 45.495208740234403 ], [ 8.762731552124141, 45.496612548828203 ], [ 8.76142120361334, 45.497787475585902 ], [ 8.758158683776861, 45.499000549316499 ], [ 8.742974281311151, 45.498638153076101 ], [ 8.741784095764221, 45.498752593994197 ], [ 8.74041271209717, 45.4990463256837 ], [ 8.72896289825451, 45.503341674804702 ], [ 8.726626396179309, 45.504749298095597 ], [ 8.725561141967891, 45.505439758300803 ], [ 8.724583625793571, 45.506256103515703 ], [ 8.723915100097599, 45.506965637207003 ], [ 8.72379875183111, 45.507347106933601 ], [ 8.72390842437756, 45.508579254150398 ], [ 8.71426963806158, 45.520870208740298 ], [ 8.720473289489741, 45.531997680664098 ], [ 8.71207904815674, 45.542266845703097 ], [ 8.707485198974609, 45.556388854980497 ], [ 8.707950592041129, 45.559249877929702 ], [ 8.708035469055179, 45.560310363769602 ], [ 8.706889152526861, 45.568820953369197 ], [ 8.7066001892091, 45.570091247558601 ], [ 8.705929756164551, 45.570873260498203 ], [ 8.704440116882379, 45.5715522766113 ], [ 8.703476905822869, 45.571846008300803 ], [ 8.701651573181209, 45.5727157592775 ], [ 8.699968338012701, 45.573680877685597 ], [ 8.697640419006349, 45.575313568115199 ], [ 8.696545600891231, 45.576095581054702 ], [ 8.695490837097219, 45.576938629150398 ], [ 8.694889068603519, 45.577651977539198 ], [ 8.69457530975353, 45.578094482421903 ], [ 8.69441795349127, 45.5787162780763 ], [ 8.694454193115179, 45.579574584961101 ], [ 8.69446277618402, 45.579780578613402 ], [ 8.694907188415471, 45.580726623535298 ], [ 8.695363998413139, 45.581447601318402 ], [ 8.695961952209471, 45.582195281982401 ], [ 8.69648456573492, 45.582763671875099 ], [ 8.69669342041016, 45.582962036132898 ], [ 8.697110176086539, 45.583358764648501 ], [ 8.69790077209473, 45.5840454101562 ], [ 8.6984748840332, 45.584533691406399 ], [ 8.699624061584529, 45.585372924804702 ], [ 8.700057983398549, 45.585662841797003 ], [ 8.70023822784424, 45.585765838623203 ], [ 8.70054435729992, 45.585941314697401 ], [ 8.70127296447748, 45.586322784423899 ], [ 8.701937675476129, 45.586620330810497 ], [ 8.703036308288571, 45.587154388427699 ], [ 8.70404720306391, 45.587669372558601 ], [ 8.70466041564953, 45.588077545166101 ], [ 8.70487785339361, 45.588249206542997 ], [ 8.70520877838146, 45.588619232177798 ], [ 8.70551300048834, 45.589248657226598 ], [ 8.70573902130127, 45.590152740478601 ], [ 8.705760002136291, 45.590412139892599 ], [ 8.70576763153082, 45.5905151367188 ], [ 8.705883979797481, 45.591976165771499 ], [ 8.70592308044445, 45.592720031738402 ], [ 8.705965042114309, 45.593498229980597 ], [ 8.705827713012811, 45.595180511474602 ], [ 8.70539665222168, 45.596836090087997 ], [ 8.704220771789551, 45.600990295410099 ], [ 8.703038215637321, 45.602695465087898 ], [ 8.700901985168571, 45.605430603027401 ], [ 8.69983100891119, 45.604213714599702 ], [ 8.70015525817877, 45.603637695312401 ], [ 8.700340270996151, 45.602645874023501 ], [ 8.700058937072869, 45.602699279785199 ], [ 8.698447227478081, 45.6030082702637 ], [ 8.69820117950445, 45.603057861328203 ], [ 8.69639873504638, 45.603401184082102 ], [ 8.695639610290639, 45.603691101074197 ], [ 8.69506263732916, 45.603912353515703 ], [ 8.69470882415766, 45.604061126709098 ], [ 8.693931579589959, 45.604385375976698 ], [ 8.693326950073359, 45.604724884033203 ], [ 8.692928314208929, 45.6050415039062 ], [ 8.69064521789551, 45.607536315917997 ], [ 8.69006443023687, 45.608192443847798 ], [ 8.689805030822701, 45.608741760253999 ], [ 8.689853668213001, 45.609161376953203 ], [ 8.694936752319339, 45.610580444336001 ], [ 8.690870285034119, 45.613315582275398 ], [ 8.68925952911383, 45.614437103271499 ], [ 8.688407897949331, 45.615413665771499 ], [ 8.68768215179443, 45.6169242858887 ], [ 8.687302589416619, 45.617553710937599 ], [ 8.68669795989984, 45.618560791015597 ], [ 8.68575572967535, 45.619510650634901 ], [ 8.684739112854061, 45.620292663574197 ], [ 8.68456840515131, 45.620403289795 ], [ 8.683206558227541, 45.6212768554688 ], [ 8.68143272399908, 45.621948242187401 ], [ 8.679031372070369, 45.622436523437599 ], [ 8.67767906188976, 45.622447967529297 ], [ 8.67687606811535, 45.6224555969238 ], [ 8.674467086791941, 45.6220893859863 ], [ 8.66950511932373, 45.621780395507798 ], [ 8.66728591918951, 45.621681213378999 ], [ 8.665308952331539, 45.622047424316499 ], [ 8.66416168212902, 45.622970581054702 ], [ 8.66395092010498, 45.623538970947401 ], [ 8.66272068023676, 45.635410308837898 ], [ 8.662533760070859, 45.635555267334098 ], [ 8.66230201721203, 45.635746002197401 ], [ 8.66134738922131, 45.6367416381837 ], [ 8.66037845611584, 45.6378173828125 ], [ 8.660014152526911, 45.638679504394602 ], [ 8.660135269165041, 45.639842987060497 ], [ 8.660472869873161, 45.641273498535199 ], [ 8.661330223083439, 45.642627716064602 ], [ 8.66143894195557, 45.642799377441399 ], [ 8.662807464599609, 45.643531799316399 ], [ 8.664743423461969, 45.643772125244297 ], [ 8.666731834411619, 45.643814086914098 ], [ 8.66819477081299, 45.643756866455199 ], [ 8.669942855834959, 45.643344879150398 ], [ 8.6708669662475, 45.642921447753999 ], [ 8.671950340271049, 45.642425537109403 ], [ 8.67330360412603, 45.641178131103501 ], [ 8.673722267150991, 45.640007019042997 ], [ 8.674036979675289, 45.638820648193501 ], [ 8.67458152771002, 45.637699127197301 ], [ 8.67515659332275, 45.637050628662202 ], [ 8.6755886077882, 45.636566162109403 ], [ 8.67674922943127, 45.635707855224702 ], [ 8.678099632263301, 45.635059356689503 ], [ 8.67971897125244, 45.634563446045 ], [ 8.68137454986584, 45.634384155273402 ], [ 8.683568000793571, 45.634529113769602 ], [ 8.6851568222047, 45.6349296569825 ], [ 8.686129570007379, 45.635265350341797 ], [ 8.686277389526481, 45.635334014892599 ], [ 8.68650054931652, 45.635444641113402 ], [ 8.68739604949951, 45.636032104492301 ], [ 8.688175201416019, 45.636745452880902 ], [ 8.68925857543957, 45.637928009033203 ], [ 8.68968772888195, 45.639144897460902 ], [ 8.689627647399901, 45.640808105468899 ], [ 8.689091682434199, 45.642608642578097 ], [ 8.68818378448481, 45.644161224365298 ], [ 8.687873840331971, 45.644691467285099 ], [ 8.687070846557621, 45.646030426025497 ], [ 8.68573856353771, 45.647819519042997 ], [ 8.6844854354859, 45.649433135986399 ], [ 8.683103561401371, 45.650943756103601 ], [ 8.6820068359375, 45.651920318603601 ], [ 8.6746120452882, 45.657867431640597 ], [ 8.67452907562256, 45.6579399108887 ], [ 8.673471450805661, 45.658901214599602 ], [ 8.67242431640619, 45.660083770752003 ], [ 8.671519279480091, 45.661170959472699 ], [ 8.670908927917591, 45.662357330322301 ], [ 8.67086219787603, 45.6637992858888 ], [ 8.67127799987793, 45.665168762207102 ], [ 8.67219543457043, 45.666404724121101 ], [ 8.67344760894775, 45.667251586914098 ], [ 8.674461364746209, 45.667491912841797 ], [ 8.67621517181391, 45.667903900146499 ], [ 8.678224563598629, 45.668304443359297 ], [ 8.68149566650396, 45.668956756591903 ], [ 8.68213176727301, 45.669456481933601 ], [ 8.68276596069347, 45.670047760009801 ], [ 8.68305110931408, 45.670379638672003 ], [ 8.683579444885311, 45.671199798584098 ], [ 8.6837654113769, 45.671756744384801 ], [ 8.682516098022459, 45.676429748535199 ], [ 8.68227577209478, 45.677333831787202 ], [ 8.682084083557189, 45.677570343017599 ], [ 8.681809425354, 45.677772521972699 ], [ 8.67986011505133, 45.678356170654297 ], [ 8.679233551025391, 45.678443908691399 ], [ 8.67871189117443, 45.678478240966903 ], [ 8.67678928375256, 45.678554534912102 ], [ 8.67617797851574, 45.6785697937012 ], [ 8.67545127868652, 45.678462982177798 ], [ 8.67485332489019, 45.678291320800803 ], [ 8.674295425415099, 45.678028106689503 ], [ 8.673752784729119, 45.677742004394602 ], [ 8.672957420349061, 45.677314758300803 ], [ 8.671980857849229, 45.676864624023601 ], [ 8.671862602234, 45.676822662353501 ], [ 8.67149162292486, 45.676692962646499 ], [ 8.67132472991949, 45.676635742187599 ], [ 8.669198036193791, 45.676055908203203 ], [ 8.668526649475149, 45.675888061523601 ], [ 8.667946815490779, 45.675792694091903 ], [ 8.66641998291021, 45.675628662109403 ], [ 8.665268898010311, 45.675510406494098 ], [ 8.664754867553709, 45.675479888916001 ], [ 8.65850925445551, 45.675384521484403 ], [ 8.655989646911561, 45.675422668457003 ], [ 8.65511035919195, 45.675441741943501 ], [ 8.6536922454834, 45.675502777099602 ], [ 8.65288639068609, 45.675571441650398 ], [ 8.65124797821051, 45.675716400146499 ], [ 8.644498825073359, 45.6764106750488 ], [ 8.64315795898443, 45.676765441894602 ], [ 8.64197826385492, 45.677467346191399 ], [ 8.64187526702875, 45.677742004394602 ], [ 8.6414909362793, 45.680847167968899 ], [ 8.641464233398549, 45.681247711181697 ], [ 8.64143180847179, 45.681900024414098 ], [ 8.641423225402949, 45.684333801269503 ], [ 8.641442298889221, 45.685176849365199 ], [ 8.64148807525646, 45.6855278015138 ], [ 8.64150905609131, 45.685653686523402 ], [ 8.64251708984375, 45.688179016113303 ], [ 8.644313812255859, 45.689739227295 ], [ 8.64487457275396, 45.690372467041001 ], [ 8.645462036132869, 45.6911010742188 ], [ 8.64631366729742, 45.692317962646499 ], [ 8.64721775054943, 45.693607330322301 ], [ 8.64794254302984, 45.694816589355398 ], [ 8.655434608459579, 45.708816528320398 ], [ 8.655709266662599, 45.709957122802798 ], [ 8.655765533447269, 45.711147308349602 ], [ 8.65574836730957, 45.712020874023402 ], [ 8.6552934646607, 45.712978363037202 ], [ 8.654940605163519, 45.713878631591797 ], [ 8.65469264984131, 45.714492797851598 ], [ 8.65450954437256, 45.7149047851562 ], [ 8.652867317199821, 45.716922760009801 ], [ 8.649850845336969, 45.720489501953203 ], [ 8.648921012878469, 45.721340179443402 ], [ 8.648472785949821, 45.721675872802699 ], [ 8.647953033447269, 45.722064971923899 ], [ 8.64703655242926, 45.722694396972699 ], [ 8.64536190032959, 45.723541259765703 ], [ 8.643944740295471, 45.724086761474602 ], [ 8.64238834381109, 45.724399566650398 ], [ 8.64114189147949, 45.724430084228601 ], [ 8.636417388916129, 45.723884582519602 ], [ 8.63569259643549, 45.7237739562988 ], [ 8.62411499023449, 45.7249526977538 ], [ 8.60579299926758, 45.726940155029403 ], [ 8.603220939636341, 45.727237701416101 ], [ 8.601211547851619, 45.727851867675803 ], [ 8.59706115722668, 45.729827880859403 ], [ 8.595627784729, 45.730705261230497 ], [ 8.59482765197748, 45.7313423156738 ], [ 8.59410285949707, 45.731922149658203 ], [ 8.59392642974854, 45.7321166992188 ], [ 8.5929384231568, 45.733203887939602 ], [ 8.59210681915283, 45.7343978881837 ], [ 8.591456413269039, 45.735565185546903 ], [ 8.590855598449821, 45.736747741699297 ], [ 8.58977222442627, 45.739212036132898 ], [ 8.589273452758899, 45.740623474121101 ], [ 8.588606834411729, 45.742141723632798 ], [ 8.587746620178169, 45.743659973144503 ], [ 8.586459159851019, 45.7457695007325 ], [ 8.584780693054199, 45.748462677002102 ], [ 8.583989143371699, 45.749603271484403 ], [ 8.58350467681896, 45.7501029968262 ], [ 8.580716133117731, 45.752651214599702 ], [ 8.57639884948742, 45.757228851318501 ], [ 8.573368072509769, 45.760257720947301 ], [ 8.5690546035766, 45.764560699462898 ], [ 8.56621837615978, 45.767322540283303 ], [ 8.564689636230471, 45.768695831298899 ], [ 8.56319046020519, 45.769786834716903 ], [ 8.56146907806402, 45.771137237548899 ], [ 8.558401107788139, 45.773792266845803 ], [ 8.557400703430179, 45.775039672851598 ], [ 8.5567445755006, 45.775924682617202 ], [ 8.553355216980041, 45.789035797119197 ], [ 8.555873870849659, 45.799068450927699 ], [ 8.556644439697321, 45.800975799560497 ], [ 8.55935668945312, 45.804496765136697 ], [ 8.564591407775939, 45.808174133300803 ], [ 8.568221092224229, 45.809600830078203 ], [ 8.581162452697811, 45.813804626465 ], [ 8.58272743225103, 45.814590454101499 ], [ 8.589020729065, 45.819862365722699 ], [ 8.593130111694389, 45.825412750244098 ], [ 8.594808578491209, 45.829013824462898 ], [ 8.594876289367789, 45.829177856445398 ], [ 8.596272468566889, 45.834545135497997 ], [ 8.596125602722219, 45.839454650878899 ], [ 8.59569263458252, 45.845726013183601 ], [ 8.593382835388301, 45.8533744812013 ], [ 8.588022232055661, 45.861305236816499 ], [ 8.58513164520258, 45.866397857666001 ], [ 8.57275390625006, 45.887935638427699 ], [ 8.57160091400152, 45.890434265136797 ], [ 8.57122707366949, 45.892181396484503 ], [ 8.57270622253424, 45.902267456054702 ], [ 8.57504940032965, 45.904720306396399 ], [ 8.588961601257321, 45.917854309082102 ], [ 8.59491634368908, 45.922760009765597 ], [ 8.60979080200195, 45.933380126953203 ], [ 8.61795043945318, 45.939304351806598 ], [ 8.655174255371151, 45.967014312744197 ], [ 8.68337059021002, 45.987812042236399 ], [ 8.69165325164801, 45.993682861328203 ], [ 8.70178318023693, 46.000869750976598 ], [ 8.71346473693842, 46.007678985595803 ], [ 8.71583461761486, 46.009128570556697 ], [ 8.71713447570801, 46.009967803955199 ], [ 8.720401763916019, 46.012069702148402 ], [ 8.72188186645519, 46.013217926025497 ], [ 8.722242355346729, 46.013515472412202 ], [ 8.72319412231457, 46.014308929443402 ], [ 8.72413253784185, 46.0152397155762 ], [ 8.72532558441168, 46.016448974609403 ], [ 8.72648334503185, 46.017692565918097 ], [ 8.727510452270559, 46.018890380859403 ], [ 8.729109764099119, 46.022045135497997 ], [ 8.72996330261225, 46.024368286132898 ], [ 8.730142593383849, 46.027179718017599 ], [ 8.73012733459473, 46.027763366699297 ], [ 8.730018615722599, 46.02880859375 ], [ 8.729844093322701, 46.030155181884801 ], [ 8.729555130004879, 46.031147003173899 ], [ 8.72908496856695, 46.032180786132898 ], [ 8.72857570648199, 46.033302307128999 ], [ 8.72793769836437, 46.034347534179702 ], [ 8.727366447448841, 46.0351371765138 ], [ 8.72637939453136, 46.036060333252003 ], [ 8.725548744201721, 46.036697387695398 ], [ 8.724471092224061, 46.037738800048899 ], [ 8.72343158721935, 46.038978576660199 ], [ 8.72285938262951, 46.039852142333999 ], [ 8.72235107421886, 46.040660858154403 ], [ 8.72172355651867, 46.0419731140137 ], [ 8.721330642700201, 46.043121337890597 ], [ 8.719793319702211, 46.048339843750099 ], [ 8.718712806701721, 46.052314758300803 ], [ 8.71801853179926, 46.056552886962898 ], [ 8.71748542785639, 46.059825897216797 ], [ 8.71695709228521, 46.061950683593899 ], [ 8.716641426086429, 46.063190460205199 ], [ 8.71609115600592, 46.064567565917997 ], [ 8.715044021606451, 46.0669555664062 ], [ 8.71461200714117, 46.068161010742202 ], [ 8.712723731994631, 46.0732231140137 ], [ 8.71171855926519, 46.075130462646499 ], [ 8.71124935150158, 46.075885772705099 ], [ 8.710741043090881, 46.076629638672003 ], [ 8.71020698547375, 46.077365875244098 ], [ 8.70959472656261, 46.0781478881837 ], [ 8.70900917053228, 46.078994750976598 ], [ 8.707536697387811, 46.081111907959098 ], [ 8.70675468444824, 46.082317352294901 ], [ 8.706558227539009, 46.082855224609403 ], [ 8.70642185211182, 46.084117889404403 ], [ 8.7066469192506, 46.086051940917997 ], [ 8.707358360290529, 46.0886459350587 ], [ 8.708931922912599, 46.0917358398437 ], [ 8.711337089538629, 46.094326019287102 ], [ 8.71383285522467, 46.096897125244197 ], [ 8.71590518951427, 46.098964691162202 ], [ 8.718450546264711, 46.1017456054688 ], [ 8.7182121276856, 46.101715087890597 ], [ 8.71775436401367, 46.102836608886697 ], [ 8.718291282653871, 46.103366851806697 ], [ 8.71839809417725, 46.103473663330099 ], [ 8.71860313415533, 46.104530334472699 ], [ 8.7192325592041, 46.105140686035199 ], [ 8.72076988220226, 46.1070365905763 ], [ 8.72164154052734, 46.107742309570398 ], [ 8.7219057083131, 46.1081161499025 ], [ 8.722201347351129, 46.108722686767599 ], [ 8.722495079040581, 46.109100341796903 ], [ 8.723276138305719, 46.109619140625099 ], [ 8.7239809036256, 46.110187530517599 ], [ 8.72501277923595, 46.110870361328097 ], [ 8.72719955444347, 46.113185882568303 ], [ 8.72804546356201, 46.113719940185703 ], [ 8.728774070739799, 46.114284515381001 ], [ 8.72963809967052, 46.114761352539198 ], [ 8.7303724288941, 46.115310668945398 ], [ 8.73123264312744, 46.1157836914062 ], [ 8.73196411132812, 46.116336822509801 ], [ 8.73281955719, 46.116813659667997 ], [ 8.733547210693301, 46.117366790771598 ], [ 8.73439979553234, 46.117843627929801 ], [ 8.73512458801275, 46.118396759033203 ], [ 8.735977172851561, 46.118873596191399 ], [ 8.7367000579834, 46.119422912597699 ], [ 8.737549781799309, 46.1198959350587 ], [ 8.73826789855951, 46.120445251464901 ], [ 8.739110946655391, 46.120918273925703 ], [ 8.739821434021049, 46.121479034423899 ], [ 8.740647315979061, 46.122001647949297 ], [ 8.741786956787109, 46.123134613037102 ], [ 8.74383544921881, 46.124889373779297 ], [ 8.746988296508899, 46.121894836425803 ], [ 8.747885704040639, 46.120784759521598 ], [ 8.74895572662354, 46.119598388671903 ], [ 8.749815940857051, 46.118503570556797 ], [ 8.751200675964411, 46.117057800293097 ], [ 8.75232219696051, 46.116104125976698 ], [ 8.753011703491319, 46.115047454834098 ], [ 8.75403594970714, 46.114067077636697 ], [ 8.75469398498535, 46.113002777099602 ], [ 8.755697250366319, 46.112014770507798 ], [ 8.75620937347418, 46.111152648925902 ], [ 8.756521224975589, 46.110744476318402 ], [ 8.75725746154791, 46.110134124755803 ], [ 8.75845623016369, 46.108890533447301 ], [ 8.759831428527891, 46.107791900634901 ], [ 8.76148700714111, 46.106830596923899 ], [ 8.762319564819389, 46.106414794921797 ], [ 8.76517009735119, 46.105297088623097 ], [ 8.765859603881839, 46.105091094970803 ], [ 8.768173217773381, 46.104583740234403 ], [ 8.76992321014415, 46.103961944580099 ], [ 8.77199172973638, 46.1033935546875 ], [ 8.772501945495611, 46.1031303405762 ], [ 8.77468299865734, 46.101707458496101 ], [ 8.776622772216911, 46.100906372070298 ], [ 8.779026031494199, 46.099353790283303 ], [ 8.78101921081549, 46.098560333252003 ], [ 8.782246589660639, 46.0979232788087 ], [ 8.783430099487299, 46.097530364990298 ], [ 8.7849006652832, 46.097221374511797 ], [ 8.786526679992731, 46.097068786621001 ], [ 8.800436973571779, 46.096534729003899 ], [ 8.800857543945369, 46.097831726074197 ], [ 8.801133155822869, 46.098430633545 ], [ 8.801497459411729, 46.098953247070398 ], [ 8.80216217041016, 46.099597930908303 ], [ 8.803182601928819, 46.101097106933601 ], [ 8.804865837097109, 46.102340698242202 ], [ 8.80630397796631, 46.1030082702637 ], [ 8.80815792083752, 46.102386474609503 ], [ 8.809770584106561, 46.101539611816499 ], [ 8.811057090759221, 46.101165771484403 ], [ 8.811649322509821, 46.100936889648402 ], [ 8.81277370452875, 46.100231170654297 ], [ 8.81329727172851, 46.099903106689403 ], [ 8.814010620117189, 46.099319458007898 ], [ 8.81482696533209, 46.098800659179702 ], [ 8.81553459167486, 46.098209381103601 ], [ 8.816349983215281, 46.097682952881001 ], [ 8.816526412963981, 46.097530364990298 ], [ 8.81705284118658, 46.097072601318402 ], [ 8.81784820556646, 46.096485137939503 ], [ 8.81993961334229, 46.093978881836101 ], [ 8.821608543396, 46.092605590820398 ], [ 8.82352638244623, 46.0914115905763 ], [ 8.8261280059815, 46.090488433837798 ], [ 8.8266716003418, 46.090236663818402 ], [ 8.827118873596129, 46.089935302734403 ], [ 8.827866554260369, 46.0892753601075 ], [ 8.828530311584471, 46.088821411132898 ], [ 8.828683853149361, 46.088714599609403 ], [ 8.82935237884533, 46.088119506835902 ], [ 8.830063819885311, 46.087482452392599 ], [ 8.830949783325311, 46.085918426513601 ], [ 8.83165454864502, 46.085273742675803 ], [ 8.832327842712459, 46.084537506103601 ], [ 8.833127975463981, 46.083930969238303 ], [ 8.833785057067869, 46.083614349365298 ], [ 8.835927009582569, 46.083049774169901 ], [ 8.837171554565369, 46.082481384277401 ], [ 8.839106559753469, 46.081916809082102 ], [ 8.83964252471924, 46.081668853759901 ], [ 8.841884613037051, 46.080387115478501 ], [ 8.84239387512218, 46.079975128173899 ], [ 8.84329223632824, 46.079017639160199 ], [ 8.844093322753899, 46.078407287597599 ], [ 8.844840049743651, 46.077743530273501 ], [ 8.84531021118158, 46.077457427978601 ], [ 8.846359252929631, 46.077114105224702 ], [ 8.848221778869689, 46.076808929443402 ], [ 8.848312377929689, 46.076812744140703 ], [ 8.848418235778921, 46.076820373535298 ], [ 8.848929405212459, 46.076747894287202 ], [ 8.849776268005311, 46.076549530029403 ], [ 8.850521087646481, 46.076267242431697 ], [ 8.85156154632568, 46.075748443603601 ], [ 8.851653099060171, 46.074348449707102 ], [ 8.85172080993652, 46.073299407959098 ], [ 8.85224723815918, 46.071258544921903 ], [ 8.852580070495611, 46.068496704101598 ], [ 8.85306262969976, 46.066795349121101 ], [ 8.85323619842535, 46.0654106140137 ], [ 8.85323524475109, 46.064682006835902 ], [ 8.85323524475109, 46.064365386962798 ], [ 8.85310077667242, 46.063339233398402 ], [ 8.85217952728277, 46.060871124267699 ], [ 8.851199150085391, 46.059745788574197 ], [ 8.850319862365779, 46.058097839355497 ], [ 8.84913921356201, 46.056697845459098 ], [ 8.84819412231445, 46.055877685546797 ], [ 8.84738826751715, 46.054664611816499 ], [ 8.847189903259331, 46.054443359375099 ], [ 8.84508609771729, 46.052780151367301 ], [ 8.844260215759279, 46.051643371582102 ], [ 8.843672752380311, 46.051269531250099 ], [ 8.842915534973139, 46.051055908203203 ], [ 8.84233379364019, 46.050968170166101 ], [ 8.84170532226568, 46.050956726074197 ], [ 8.841079711914061, 46.051021575927699 ], [ 8.838718414306699, 46.0514106750488 ], [ 8.836002349853519, 46.052280426025398 ], [ 8.834862709045471, 46.052463531494197 ], [ 8.83428287506109, 46.052455902099702 ], [ 8.8337459564209, 46.052326202392699 ], [ 8.833236694335939, 46.0520629882812 ], [ 8.83192253112799, 46.051265716552699 ], [ 8.83042716979986, 46.050174713134801 ], [ 8.83000469207775, 46.049549102783203 ], [ 8.82993125915527, 46.0494384765625 ], [ 8.82979297637945, 46.048862457275497 ], [ 8.82997512817388, 46.048286437988303 ], [ 8.830344200134279, 46.0477905273438 ], [ 8.830974578857539, 46.047393798828203 ], [ 8.83354663848877, 46.046669006347798 ], [ 8.8340272903443, 46.046440124511797 ], [ 8.8358907699585, 46.045551300048899 ], [ 8.832887649536129, 46.043922424316399 ], [ 8.831949234008791, 46.043415069580099 ], [ 8.830674171447811, 46.042896270752003 ], [ 8.82883453369141, 46.042278289794901 ], [ 8.828166007995611, 46.041782379150398 ], [ 8.827701568603571, 46.040828704833999 ], [ 8.827268600463871, 46.037876129150398 ], [ 8.82664680480957, 46.036121368408303 ], [ 8.826064109802299, 46.035728454589901 ], [ 8.825545310974061, 46.035221099853501 ], [ 8.824863433838001, 46.034015655517699 ], [ 8.823848724365289, 46.032932281494098 ], [ 8.823348999023439, 46.0320014953613 ], [ 8.823023796081539, 46.031570434570398 ], [ 8.82224273681646, 46.030990600586001 ], [ 8.820748329162649, 46.029747009277301 ], [ 8.820317268371699, 46.029056549072401 ], [ 8.81991004943842, 46.027969360351698 ], [ 8.81741333007812, 46.027099609375 ], [ 8.816416740417541, 46.026866912841903 ], [ 8.81385326385498, 46.026420593261797 ], [ 8.80897808074957, 46.024875640869098 ], [ 8.808176994323791, 46.024673461914098 ], [ 8.80612373352062, 46.0242919921875 ], [ 8.805732727050721, 46.024177551269602 ], [ 8.80502414703369, 46.023868560791101 ], [ 8.804165840148929, 46.023281097412202 ], [ 8.803438186645559, 46.022560119628899 ], [ 8.80267906188965, 46.021926879882699 ], [ 8.80236721038824, 46.021484375000099 ], [ 8.80188083648687, 46.020553588867301 ], [ 8.80089092254639, 46.019500732421903 ], [ 8.800389289855961, 46.018569946289098 ], [ 8.80007362365717, 46.018135070800803 ], [ 8.799146652221729, 46.017322540283303 ], [ 8.79719352722174, 46.015182495117202 ], [ 8.79680347442633, 46.014823913574297 ], [ 8.795189857482971, 46.013797760009901 ], [ 8.7945556640625, 46.012825012207003 ], [ 8.79370880126964, 46.011672973632798 ], [ 8.793328285217401, 46.011329650878999 ], [ 8.79270553588867, 46.010879516601598 ], [ 8.79148006439209, 46.009555816650398 ], [ 8.790987968444821, 46.008701324462898 ], [ 8.79092407226562, 46.008590698242202 ], [ 8.790887832641721, 46.008495330810497 ], [ 8.790322303771919, 46.006958007812599 ], [ 8.78926467895508, 46.004638671875099 ], [ 8.78858852386475, 46.002651214599702 ], [ 8.787928581237789, 46.001144409179702 ], [ 8.787564277648929, 46.000312805175902 ], [ 8.78690528869623, 45.997570037841903 ], [ 8.78620529174805, 45.995918273925803 ], [ 8.7851762771607, 45.9937973022462 ], [ 8.785079956054741, 45.993602752685497 ], [ 8.78475284576427, 45.993179321289098 ], [ 8.783907890319821, 45.992446899414098 ], [ 8.78360652923584, 45.991905212402401 ], [ 8.783529281616319, 45.991542816162102 ], [ 8.78356456756592, 45.991336822509801 ], [ 8.78385066986084, 45.990959167480497 ], [ 8.784235000610289, 45.990753173828203 ], [ 8.784415245056151, 45.990653991699197 ], [ 8.785133361816349, 45.990497589111399 ], [ 8.78551006317144, 45.990417480468899 ], [ 8.786954879760859, 45.990356445312599 ], [ 8.78714370727533, 45.9903755187988 ], [ 8.78759765625011, 45.990417480468899 ], [ 8.788003921508899, 45.9905395507813 ], [ 8.788718223571889, 45.990898132324197 ], [ 8.78932380676275, 45.9913558959962 ], [ 8.789820671081539, 45.991840362548899 ], [ 8.79047870635986, 45.992668151855497 ], [ 8.791287422180231, 45.993286132812599 ], [ 8.791996002197321, 45.9935913085938 ], [ 8.7924013137818, 45.99369430542 ], [ 8.793162345886291, 45.993782043457102 ], [ 8.79324531555176, 45.9937934875488 ], [ 8.794100761413629, 45.993782043457102 ], [ 8.794938087463381, 45.993667602539198 ], [ 8.797270774841421, 45.993041992187599 ], [ 8.80091857910168, 45.992641448974503 ], [ 8.805352210998651, 45.991886138916001 ], [ 8.806827545166019, 45.991798400878899 ], [ 8.810297966003469, 45.991748809814503 ], [ 8.811649322509821, 45.9916191101075 ], [ 8.81204986572266, 45.991535186767599 ], [ 8.812656402588001, 45.991298675537202 ], [ 8.814794540405391, 45.990032196044901 ], [ 8.815346717834471, 45.989765167236399 ], [ 8.819235801696889, 45.988979339599702 ], [ 8.820452690124631, 45.989147186279403 ], [ 8.8224287033081, 45.989414215087898 ], [ 8.822831153869689, 45.989444732666001 ], [ 8.824543952941839, 45.989574432373203 ], [ 8.82716083526617, 45.989566802978601 ], [ 8.82864379882812, 45.989383697509901 ], [ 8.828779220581, 45.989337921142599 ], [ 8.829472541809199, 45.9891166687012 ], [ 8.83011627197277, 45.98876953125 ], [ 8.83063411712652, 45.988368988037202 ], [ 8.831350326538139, 45.987667083740298 ], [ 8.83279991149902, 45.986671447753899 ], [ 8.8332891464234, 45.98641204834 ], [ 8.8347740173341, 45.985935211181797 ], [ 8.83674430847179, 45.9854545593262 ], [ 8.838241577148491, 45.984935760498097 ], [ 8.838361740112299, 45.984851837158203 ], [ 8.83895111083984, 45.984439849853501 ], [ 8.839946746826289, 45.983325958252003 ], [ 8.84032154083258, 45.982807159423899 ], [ 8.841098785400501, 45.981124877929702 ], [ 8.841512680053819, 45.9798393249513 ], [ 8.84155845642084, 45.979698181152401 ], [ 8.84201812744141, 45.978988647461101 ], [ 8.842418670654411, 45.978656768798899 ], [ 8.84333610534668, 45.978115081787202 ], [ 8.84497165679937, 45.976951599121101 ], [ 8.84624004364008, 45.975696563720703 ], [ 8.846804618835559, 45.975215911865298 ], [ 8.84890842437744, 45.973426818847798 ], [ 8.84939479827875, 45.973152160644503 ], [ 8.850234031677299, 45.972877502441499 ], [ 8.850500106811641, 45.972537994384801 ], [ 8.850876808166561, 45.972232818603501 ], [ 8.851579666137701, 45.971988677978601 ], [ 8.85242271423334, 45.971881866455099 ], [ 8.852657318115289, 45.971878051757898 ], [ 8.85429191589367, 45.971851348876903 ], [ 8.85496139526373, 45.970783233642599 ], [ 8.85566997528082, 45.970008850097798 ], [ 8.85672760009766, 45.969490051269503 ], [ 8.857510566711539, 45.969108581542997 ], [ 8.857495307922481, 45.967971801757798 ], [ 8.857163429260311, 45.967327117919901 ], [ 8.857089996338001, 45.966831207275398 ], [ 8.857121467590449, 45.966583251953203 ], [ 8.857199668884389, 45.966339111328203 ], [ 8.857545852661129, 45.965827941894602 ], [ 8.85827445983892, 45.965145111084098 ], [ 8.858413696289061, 45.964653015136797 ], [ 8.85864925384527, 45.964176177978601 ], [ 8.858817100524959, 45.963966369628899 ], [ 8.85925388336187, 45.963600158691399 ], [ 8.85979652404785, 45.963310241699297 ], [ 8.860102653503469, 45.963203430175803 ], [ 8.86079216003429, 45.963058471679702 ], [ 8.861502647399959, 45.962982177734297 ], [ 8.86256790161138, 45.962520599365199 ], [ 8.86374664306641, 45.962192535400398 ], [ 8.86460494995117, 45.962089538574197 ], [ 8.866373062133849, 45.962024688720803 ], [ 8.86868953704834, 45.961341857910199 ], [ 8.87349414825445, 45.9596366882325 ], [ 8.873002052307189, 45.958183288574297 ], [ 8.87294292449945, 45.95760345459 ], [ 8.873043060302731, 45.957035064697301 ], [ 8.873171806335449, 45.956760406494197 ], [ 8.873623847961429, 45.956264495849602 ], [ 8.87426090240479, 45.955886840820398 ], [ 8.874638557434141, 45.9557495117187 ], [ 8.87551307678228, 45.955593109131001 ], [ 8.8768939971925, 45.955551147460902 ], [ 8.88400936126714, 45.955928802490298 ], [ 8.884670257568359, 45.955963134765597 ], [ 8.88650894165033, 45.956005096435703 ], [ 8.88735866546625, 45.955947875976598 ], [ 8.887758255005, 45.955875396728501 ], [ 8.888133049011291, 45.955764770507798 ], [ 8.88846588134777, 45.955589294433601 ], [ 8.8887147903443, 45.955368041992202 ], [ 8.888882637023929, 45.955120086669901 ], [ 8.88905620574957, 45.954574584961101 ], [ 8.8891229629516, 45.9518432617188 ], [ 8.889230728149469, 45.9512748718262 ], [ 8.88947105407715, 45.950778961181697 ], [ 8.890105247497621, 45.950138092041001 ], [ 8.89077663421625, 45.949039459228601 ], [ 8.89116382598877, 45.948619842529297 ], [ 8.891647338867241, 45.948333740234403 ], [ 8.893855094909719, 45.947261810302699 ], [ 8.893851280212401, 45.945034027099702 ], [ 8.8918399810791, 45.9444389343262 ], [ 8.89033031463623, 45.943851470947301 ], [ 8.889535903930661, 45.943397521972699 ], [ 8.88912868499756, 45.942924499511797 ], [ 8.88849639892589, 45.941593170166001 ], [ 8.887821197509879, 45.940509796142599 ], [ 8.88753795623785, 45.939933776855497 ], [ 8.886753082275391, 45.937385559082102 ], [ 8.88659095764166, 45.936714172363303 ], [ 8.88644599914562, 45.9356918334962 ], [ 8.886305809021049, 45.9336547851562 ], [ 8.886372566223139, 45.932338714599702 ], [ 8.88673210144054, 45.931041717529197 ], [ 8.88702583313, 45.9295883178712 ], [ 8.887843132019039, 45.927425384521499 ], [ 8.888015747070311, 45.926967620849702 ], [ 8.88842678070074, 45.925548553466797 ], [ 8.888692855834959, 45.924995422363402 ], [ 8.88915920257574, 45.924446105957102 ], [ 8.8900775909425, 45.923713684082003 ], [ 8.894784927368219, 45.920833587646499 ], [ 8.8961238861084, 45.919898986816399 ], [ 8.89688873291027, 45.919105529785298 ], [ 8.89725303649897, 45.9182739257813 ], [ 8.89783954620361, 45.916149139404403 ], [ 8.89788818359375, 45.915203094482401 ], [ 8.89775943756104, 45.914237976074297 ], [ 8.89755344390869, 45.913600921630902 ], [ 8.89721393585199, 45.913002014160298 ], [ 8.89482593536383, 45.909828186035199 ], [ 8.89449310302734, 45.909217834472699 ], [ 8.894242286682241, 45.908237457275398 ], [ 8.89423942565918, 45.90726852417 ], [ 8.89428043365479, 45.907112121582003 ], [ 8.89440345764166, 45.906654357910199 ], [ 8.89475631713867, 45.906116485595703 ], [ 8.89526176452642, 45.905693054199297 ], [ 8.89585971832275, 45.905368804931697 ], [ 8.896908760070801, 45.904964447021499 ], [ 8.897580146789659, 45.904632568359403 ], [ 8.8982191085816, 45.904445648193402 ], [ 8.89902973175055, 45.90438079834 ], [ 8.899882316589361, 45.904418945312599 ], [ 8.900733947753849, 45.904556274414098 ], [ 8.901534080505369, 45.904819488525398 ], [ 8.901886940002379, 45.905017852783303 ], [ 8.902356147766231, 45.905490875244098 ], [ 8.903013229370121, 45.906803131103601 ], [ 8.90464401245112, 45.909122467041001 ], [ 8.90643882751465, 45.910953521728601 ], [ 8.907675743103081, 45.911670684814503 ], [ 8.90858840942394, 45.912250518798899 ], [ 8.909579277038519, 45.912784576416001 ], [ 8.91060161590582, 45.9137191772462 ], [ 8.91152954101568, 45.914310455322301 ], [ 8.91226291656494, 45.9146118164063 ], [ 8.91615104675293, 45.915676116943402 ], [ 8.916690826416019, 45.914360046386697 ], [ 8.917136192321779, 45.9136352539062 ], [ 8.91877460479731, 45.9113998413087 ], [ 8.920051574707029, 45.9100532531738 ], [ 8.920991897582949, 45.909393310546797 ], [ 8.92255973815929, 45.907722473144503 ], [ 8.92298889160168, 45.907051086425902 ], [ 8.923154830932731, 45.906791687011797 ], [ 8.923680305481071, 45.905464172363303 ], [ 8.923751831054799, 45.904785156250099 ], [ 8.92363834381098, 45.903759002685497 ], [ 8.92327213287354, 45.902561187744297 ], [ 8.92257785797125, 45.900291442871101 ], [ 8.922324180603029, 45.899139404296903 ], [ 8.921939849853629, 45.897338867187599 ], [ 8.922025680542109, 45.896324157714901 ], [ 8.92230319976801, 45.895835876465 ], [ 8.922500610351561, 45.8954887390137 ], [ 8.923021316528381, 45.8950386047363 ], [ 8.92342472076427, 45.894847869872997 ], [ 8.923830986023059, 45.894729614257798 ], [ 8.92413997650158, 45.894683837890703 ], [ 8.92461109161383, 45.894630432128999 ], [ 8.925789833068849, 45.894733428955099 ], [ 8.9268999099732, 45.893447875976598 ], [ 8.92718982696533, 45.893112182617202 ], [ 8.92801380157476, 45.891998291015703 ], [ 8.92903709411627, 45.890911102295 ], [ 8.92963886260981, 45.889503479003999 ], [ 8.93035984039307, 45.888053894042997 ], [ 8.93044853210449, 45.886608123779297 ], [ 8.9305791854859, 45.884498596191499 ], [ 8.930650711059631, 45.881412506103601 ], [ 8.930998802185171, 45.879707336425803 ], [ 8.93129539489752, 45.8773002624512 ], [ 8.93204402923584, 45.874095916748097 ], [ 8.93259334564209, 45.873096466064503 ], [ 8.933357238769529, 45.872085571289098 ], [ 8.93405723571772, 45.8713188171388 ], [ 8.93465805053717, 45.870933532714901 ], [ 8.93548393249517, 45.870754241943501 ], [ 8.93633556365967, 45.8707885742188 ], [ 8.93687629699707, 45.870941162109403 ], [ 8.93711090087902, 45.871006011962898 ], [ 8.938595771789659, 45.871963500976698 ], [ 8.93940353393555, 45.872280120849702 ], [ 8.94027042388916, 45.872421264648402 ], [ 8.941583633422789, 45.872341156005902 ], [ 8.94317054748535, 45.870223999023501 ], [ 8.940147399902401, 45.867774963378999 ], [ 8.93819522857666, 45.866817474365199 ], [ 8.9354133605957, 45.865882873535298 ], [ 8.93287467956554, 45.864933013916101 ], [ 8.93219280242926, 45.864635467529403 ], [ 8.93126296997076, 45.864051818847699 ], [ 8.93021392822271, 45.863136291503999 ], [ 8.929336547851509, 45.862564086914098 ], [ 8.92857074737549, 45.861957550048899 ], [ 8.92769336700451, 45.861423492431598 ], [ 8.92613410949701, 45.860214233398402 ], [ 8.925069808960069, 45.858692169189602 ], [ 8.922750473022569, 45.856864929199297 ], [ 8.921671867370661, 45.855342864990199 ], [ 8.91975688934332, 45.853836059570398 ], [ 8.919340133667109, 45.853511810302798 ], [ 8.91825580596924, 45.852001190185597 ], [ 8.915919303894039, 45.850189208984403 ], [ 8.915574073791619, 45.8497734069825 ], [ 8.915019035339411, 45.848884582519602 ], [ 8.914656639099119, 45.848514556884801 ], [ 8.91386699676519, 45.847862243652401 ], [ 8.91244888305658, 45.846305847167997 ], [ 8.91166305542003, 45.845298767089801 ], [ 8.910746574401861, 45.844120025634801 ], [ 8.910408973693899, 45.843585968017599 ], [ 8.90967273712158, 45.841938018798899 ], [ 8.90879917144775, 45.840610504150497 ], [ 8.90855121612555, 45.839984893798899 ], [ 8.90840721130377, 45.839344024658203 ], [ 8.90823554992676, 45.837703704833999 ], [ 8.90816688537609, 45.835479736328203 ], [ 8.90837287902843, 45.834667205810703 ], [ 8.908555030822869, 45.834438323974702 ], [ 8.90883827209473, 45.834243774413999 ], [ 8.90920066833502, 45.834110260009901 ], [ 8.9095973968507, 45.834018707275398 ], [ 8.91033935546881, 45.833969116211001 ], [ 8.9104118347168, 45.8339653015137 ], [ 8.91112232208263, 45.834060668945298 ], [ 8.91198635101318, 45.834308624267699 ], [ 8.9128236770631, 45.834621429443402 ], [ 8.913761138916129, 45.835136413574297 ], [ 8.914115905761721, 45.835258483886697 ], [ 8.914423942565969, 45.835315704345703 ], [ 8.914939880371151, 45.835411071777301 ], [ 8.9152460098266, 45.835426330566399 ], [ 8.91681957244867, 45.835498809814503 ], [ 8.922261238098139, 45.835403442382798 ], [ 8.923177719116151, 45.835483551025298 ], [ 8.924021720886341, 45.835678100586001 ], [ 8.924395561218381, 45.835842132568501 ], [ 8.924891471862789, 45.836200714111399 ], [ 8.92545795440668, 45.836727142333999 ], [ 8.927531242370611, 45.838642120361399 ], [ 8.928665161132869, 45.839874267578203 ], [ 8.929537773132379, 45.840465545654297 ], [ 8.93029975891125, 45.841094970703203 ], [ 8.930592536926209, 45.841262817382898 ], [ 8.93121337890636, 45.8416137695313 ], [ 8.93206882476807, 45.842205047607401 ], [ 8.93470382690435, 45.843288421631001 ], [ 8.93651866912842, 45.843864440917997 ], [ 8.93810272216791, 45.844425201416101 ], [ 8.938921928405881, 45.844661712646499 ], [ 8.94074630737305, 45.845046997070398 ], [ 8.94117641448975, 45.845096588134801 ], [ 8.949575424194339, 45.846054077148601 ], [ 8.951149940490721, 45.846099853515597 ], [ 8.95293521881109, 45.845996856689503 ], [ 8.954809188842891, 45.844810485839901 ], [ 8.956950187683161, 45.843933105468899 ], [ 8.95763111114513, 45.843555450439503 ], [ 8.958227157592891, 45.843112945556598 ], [ 8.95869255065918, 45.842609405517599 ], [ 8.958872795105041, 45.842311859131001 ], [ 8.95923423767084, 45.841403961181598 ], [ 8.95947360992443, 45.840805053711001 ], [ 8.95957183837896, 45.8405570983887 ], [ 8.96002960205089, 45.839908599853501 ], [ 8.960543632507321, 45.839450836181797 ], [ 8.96125316619867, 45.839164733886797 ], [ 8.96273994445812, 45.838760375976698 ], [ 8.96289539337158, 45.838680267334098 ], [ 8.96367263793951, 45.838279724121101 ], [ 8.965024948120121, 45.837696075439503 ], [ 8.96702194213867, 45.836372375488303 ], [ 8.96789360046392, 45.836193084716903 ], [ 8.96887111663824, 45.8362426757813 ], [ 8.96937274932861, 45.836349487304702 ], [ 8.969869613647569, 45.836502075195398 ], [ 8.9704532623291, 45.836742401123097 ], [ 8.97069072723394, 45.836841583252003 ], [ 8.97138786315929, 45.8372611999512 ], [ 8.97228527069103, 45.8379936218262 ], [ 8.97369289398199, 45.839534759521499 ], [ 8.974270820617621, 45.839912414550902 ], [ 8.974967002868651, 45.840202331542997 ], [ 8.97542095184326, 45.840316772461101 ], [ 8.97636222839367, 45.840435028076101 ], [ 8.97730636596674, 45.840450286865199 ], [ 8.979160308838001, 45.84037399292 ], [ 8.98006534576427, 45.840492248535298 ], [ 8.980863571167051, 45.840744018554702 ], [ 8.98310089111339, 45.841762542724702 ], [ 8.983977317810121, 45.841987609863303 ], [ 8.98444461822521, 45.842044830322301 ], [ 8.98538017272949, 45.842029571533203 ], [ 8.985830307006889, 45.841960906982401 ], [ 8.9865283966065, 45.841728210449197 ], [ 8.98698711395275, 45.8414497375488 ], [ 8.98816680908209, 45.840320587158303 ], [ 8.98873329162598, 45.8399467468262 ], [ 8.98945426940924, 45.839614868164098 ], [ 8.991683959961049, 45.838939666747997 ], [ 8.993586540222219, 45.838535308837798 ], [ 8.99505043029785, 45.83833694458 ], [ 8.99496364593506, 45.837684631347699 ], [ 8.994875907897949, 45.8370170593262 ], [ 8.99460315704351, 45.836032867431797 ], [ 8.99379825592052, 45.834491729736399 ], [ 8.992955207824821, 45.832092285156399 ], [ 8.992086410522459, 45.830383300781399 ], [ 8.991733551025449, 45.829151153564602 ], [ 8.99118041992188, 45.825164794921903 ], [ 8.99122905731201, 45.824878692627003 ], [ 8.99139213562017, 45.823921203613402 ], [ 8.99179172515869, 45.823051452636697 ], [ 8.99222564697277, 45.822658538818501 ], [ 8.99275588989252, 45.822486877441499 ], [ 8.99478435516369, 45.822559356689503 ], [ 8.99595832824701, 45.822410583496001 ], [ 8.996686935424799, 45.822132110595597 ], [ 8.998556137084959, 45.821178436279197 ], [ 8.99948120117199, 45.820476531982401 ], [ 9.000058174133301, 45.820152282714801 ], [ 9.000816345214959, 45.819961547851598 ], [ 9.0029354095459, 45.819732666015703 ], [ 9.00378322601324, 45.8195571899413 ], [ 9.005670547485289, 45.818794250488203 ], [ 9.008504867553709, 45.818073272705199 ], [ 9.010373115539551, 45.817260742187401 ], [ 9.011681556701721, 45.8170585632325 ], [ 9.01256942749035, 45.817100524902301 ], [ 9.013430595398001, 45.817283630371101 ], [ 9.014229774475041, 45.817646026611399 ], [ 9.014584541320801, 45.817920684814602 ], [ 9.016526222228951, 45.820484161377003 ], [ 9.01782131195063, 45.821773529052699 ], [ 9.018637657165529, 45.822772979736399 ], [ 9.019400596618651, 45.8233032226563 ], [ 9.01998233795166, 45.823448181152401 ], [ 9.021072387695259, 45.823524475097798 ], [ 9.02293014526367, 45.823471069336001 ], [ 9.0231637954713, 45.823463439941499 ], [ 9.02423191070562, 45.823131561279297 ], [ 9.02488899230968, 45.822635650634801 ], [ 9.02543354034424, 45.822360992431598 ], [ 9.026125907897949, 45.822261810302798 ], [ 9.02685070037853, 45.822349548339901 ], [ 9.027546882629389, 45.822654724121101 ], [ 9.02955436706549, 45.8243827819825 ], [ 9.030466079711861, 45.825428009033203 ], [ 9.03089523315424, 45.826087951660199 ], [ 9.031014442443791, 45.826332092285199 ], [ 9.03100776672375, 45.826545715332102 ], [ 9.031000137329221, 45.826797485351499 ], [ 9.030776023864689, 45.827159881591903 ], [ 9.0299568176269, 45.827850341796903 ], [ 9.029713630676319, 45.828212738037202 ], [ 9.02944946289074, 45.828800201416001 ], [ 9.029392242431641, 45.829429626465 ], [ 9.02961254119873, 45.830760955810497 ], [ 9.029918670654411, 45.831611633300803 ], [ 9.03080081939709, 45.832817077636797 ], [ 9.031693458557189, 45.834304809570298 ], [ 9.032467842102051, 45.8358154296875 ], [ 9.03300094604487, 45.837051391601698 ], [ 9.03329372406006, 45.837444305419901 ], [ 9.03409481048584, 45.838104248046903 ], [ 9.03440093994152, 45.838645935058601 ], [ 9.03454685211187, 45.839225769042997 ], [ 9.034476280212401, 45.839656829834098 ], [ 9.034309387207029, 45.840091705322301 ], [ 9.033872604370121, 45.8407592773438 ], [ 9.03343486785894, 45.841091156005902 ], [ 9.03218555450445, 45.842037200927798 ], [ 9.03080940246593, 45.843090057373203 ], [ 9.033867835998651, 45.845127105712898 ], [ 9.03505325317394, 45.846027374267599 ], [ 9.0355110168457, 45.846530914306797 ], [ 9.036115646362299, 45.847675323486399 ], [ 9.036465644836371, 45.848171234130902 ], [ 9.03813362121582, 45.849563598632798 ], [ 9.038987159729119, 45.850021362304801 ], [ 9.04048156738293, 45.850486755371101 ], [ 9.041110038757379, 45.850753784179702 ], [ 9.041428565979061, 45.850959777832102 ], [ 9.04191875457775, 45.851284027099702 ], [ 9.04316329956055, 45.852401733398402 ], [ 9.04495429992687, 45.853336334228601 ], [ 9.04544734954845, 45.853794097900298 ], [ 9.045963287353461, 45.854438781738402 ], [ 9.04690647125244, 45.855854034423899 ], [ 9.04718780517589, 45.856277465820398 ], [ 9.0476131439209, 45.857154846191399 ], [ 9.04772090911877, 45.858261108398601 ], [ 9.047610282898059, 45.859016418457102 ], [ 9.047489166259711, 45.859432220458999 ], [ 9.0467100143432, 45.862102508545 ], [ 9.04669857025152, 45.86275100708 ], [ 9.04668140411383, 45.863685607910199 ], [ 9.046866416931151, 45.864841461181797 ], [ 9.047362327575801, 45.866317749023402 ], [ 9.04774188995361, 45.867763519287102 ], [ 9.047971725463871, 45.868431091308601 ], [ 9.048307418823191, 45.869003295898402 ], [ 9.04896259307867, 45.869655609130902 ], [ 9.04979419708263, 45.8709907531738 ], [ 9.050814628601129, 45.872158050537102 ], [ 9.05163669586182, 45.8743705749513 ], [ 9.05255126953119, 45.875614166259801 ], [ 9.0531063079834, 45.877166748046903 ], [ 9.0534410476684, 45.877758026123097 ], [ 9.05402374267589, 45.878219604492202 ], [ 9.055342674255479, 45.878627777099602 ], [ 9.056556701660099, 45.878757476806797 ], [ 9.059797286987299, 45.878818511962898 ], [ 9.062253952026371, 45.878864288330099 ], [ 9.06403923034674, 45.879188537597699 ], [ 9.0647087097168, 45.8794555664062 ], [ 9.06518077850353, 45.8797798156738 ], [ 9.06765174865734, 45.882648468017599 ], [ 9.068369865417541, 45.883312225341903 ], [ 9.06904983520502, 45.884418487548899 ], [ 9.06923866271973, 45.884658813476598 ], [ 9.069450378418029, 45.884929656982401 ], [ 9.07109260559076, 45.885971069335902 ], [ 9.071407318115231, 45.886043548583999 ], [ 9.07152080535889, 45.886070251465 ], [ 9.07320785522472, 45.886466979980597 ], [ 9.07458591461187, 45.887332916259901 ], [ 9.075038909912159, 45.887794494628999 ], [ 9.075320243835391, 45.888362884521499 ], [ 9.07572174072271, 45.889541625976698 ], [ 9.075937271118161, 45.890174865722699 ], [ 9.07635593414312, 45.890766143798899 ], [ 9.076637268066399, 45.891162872314602 ], [ 9.076864242553819, 45.891792297363402 ], [ 9.07689189910889, 45.892856597900497 ], [ 9.076399803161619, 45.89457321167 ], [ 9.076505661010859, 45.895206451416001 ], [ 9.07669258117676, 45.895484924316399 ], [ 9.076963424682621, 45.895706176757798 ], [ 9.0776185989381, 45.895999908447301 ], [ 9.077976226806751, 45.896106719970803 ], [ 9.08001708984369, 45.896705627441499 ], [ 9.08072471618647, 45.897045135498203 ], [ 9.081673622131399, 45.8976860046387 ], [ 9.08272552490234, 45.898689270019602 ], [ 9.08357524871826, 45.899326324462997 ], [ 9.08592987060541, 45.901718139648601 ], [ 9.086400032043571, 45.902355194091797 ], [ 9.086874008178709, 45.903224945068402 ], [ 9.08704376220714, 45.903533935546903 ], [ 9.087333679199221, 45.904514312744297 ], [ 9.08730697631847, 45.905155181884801 ], [ 9.087194442749141, 45.905460357666101 ], [ 9.08698177337652, 45.905750274658303 ], [ 9.086612701416019, 45.905933380127003 ], [ 9.08628082275402, 45.906101226806598 ], [ 9.085289001464901, 45.906265258789098 ], [ 9.084336280822811, 45.906234741211001 ], [ 9.08213996887218, 45.905895233154297 ], [ 9.08120059967041, 45.905670166015703 ], [ 9.079360961914119, 45.905075073242202 ], [ 9.07843017578131, 45.904933929443402 ], [ 9.077615737915041, 45.904945373535298 ], [ 9.077500343322811, 45.904945373535298 ], [ 9.077055931091371, 45.905021667480497 ], [ 9.07684230804449, 45.905094146728501 ], [ 9.07664203643804, 45.905162811279297 ], [ 9.076302528381399, 45.905364990234503 ], [ 9.075697898864799, 45.906021118164098 ], [ 9.075312614440859, 45.906723022460902 ], [ 9.07467079162609, 45.908981323242301 ], [ 9.074563026428221, 45.909641265869297 ], [ 9.0745792388916, 45.910076141357401 ], [ 9.074600219726619, 45.910621643066499 ], [ 9.074758529663139, 45.9112358093262 ], [ 9.07506084442144, 45.9117660522462 ], [ 9.075698852539061, 45.912403106689503 ], [ 9.07586765289307, 45.912654876708999 ], [ 9.076084136963001, 45.913219451904403 ], [ 9.076113700866699, 45.914119720458999 ], [ 9.07606887817394, 45.914230346679702 ], [ 9.07588005065924, 45.9146957397462 ], [ 9.07564258575445, 45.9149589538575 ], [ 9.07532501220709, 45.915172576904403 ], [ 9.074588775634711, 45.915481567382898 ], [ 9.073540687561151, 45.915828704833999 ], [ 9.07275676727301, 45.916007995605597 ], [ 9.07127571105968, 45.916107177734403 ], [ 9.071041107177789, 45.916099548339801 ], [ 9.068907737732051, 45.916004180908203 ], [ 9.067955970764221, 45.916145324707102 ], [ 9.06742000579834, 45.916355133056598 ], [ 9.065974235534609, 45.917190551757898 ], [ 9.064904212951721, 45.917713165283203 ], [ 9.06040573120123, 45.9191284179687 ], [ 9.05960273742687, 45.919429779052699 ], [ 9.05866813659668, 45.920013427734503 ], [ 9.058247566223139, 45.920482635498097 ], [ 9.058168411254879, 45.920711517334098 ], [ 9.058090209960881, 45.920936584472699 ], [ 9.058202743530391, 45.922534942627003 ], [ 9.05811500549328, 45.923416137695398 ], [ 9.057792663574279, 45.923942565917997 ], [ 9.057353019714469, 45.924228668212898 ], [ 9.056784629821779, 45.924373626708999 ], [ 9.05620288848883, 45.924396514892599 ], [ 9.05466365814209, 45.924308776855497 ], [ 9.049966812133791, 45.924041748047003 ], [ 9.04933071136475, 45.924083709716903 ], [ 9.048618316650501, 45.924282073974702 ], [ 9.047766685485779, 45.924800872802699 ], [ 9.046854019165149, 45.925811767578097 ], [ 9.044710159301809, 45.927947998046903 ], [ 9.043191909790099, 45.929069519042997 ], [ 9.04163074493408, 45.9300537109375 ], [ 9.04087638854975, 45.930309295654297 ], [ 9.039982795715391, 45.930339813232401 ], [ 9.03856468200695, 45.930240631103601 ], [ 9.037553787231451, 45.930126190185497 ], [ 9.03546810150152, 45.929782867431697 ], [ 9.033912658691399, 45.929641723632798 ], [ 9.031777381896919, 45.929565429687599 ], [ 9.029226303100531, 45.929584503173899 ], [ 9.025828361511291, 45.930709838867301 ], [ 9.024157524109, 45.9310493469238 ], [ 9.02326774597179, 45.931159973144503 ], [ 9.02236366271978, 45.931175231933601 ], [ 9.0209779739381, 45.931060791015703 ], [ 9.0200014114381, 45.930881500244098 ], [ 9.01803588867182, 45.930416107177798 ], [ 9.01870727539068, 45.932373046875099 ], [ 9.019271850585991, 45.934394836425803 ], [ 9.02001953125006, 45.936019897461001 ], [ 9.0205545425415, 45.937183380127003 ], [ 9.02072620391851, 45.938354492187599 ], [ 9.02062320709234, 45.939178466796903 ], [ 9.02052688598638, 45.939426422119098 ], [ 9.020248413085991, 45.939804077148501 ], [ 9.019199371337949, 45.940723419189602 ], [ 9.018488883972109, 45.9411811828613 ], [ 9.017642974853571, 45.941864013671903 ], [ 9.01696777343756, 45.942173004150398 ], [ 9.015506744384769, 45.942623138427798 ], [ 9.01467514038097, 45.942878723144602 ], [ 9.01423740386957, 45.943119049072301 ], [ 9.01336765289312, 45.9437866210937 ], [ 9.013045310974061, 45.944091796875099 ], [ 9.01283645629883, 45.944526672363303 ], [ 9.012778282165581, 45.944999694824297 ], [ 9.01282787322998, 45.945743560791001 ], [ 9.01372718811035, 45.946235656738303 ], [ 9.01377487182617, 45.946292877197202 ], [ 9.01416110992437, 45.946731567382898 ], [ 9.01488208770763, 45.947719573974702 ], [ 9.01624965667736, 45.949722290039098 ], [ 9.016368865966911, 45.9500122070312 ], [ 9.016459465026911, 45.950637817382798 ], [ 9.016317367553709, 45.951381683349702 ], [ 9.016276359558161, 45.9515991210938 ], [ 9.016231536865231, 45.9516830444337 ], [ 9.015582084655881, 45.952873229980398 ], [ 9.01533794403082, 45.953529357910199 ], [ 9.0148868560791, 45.9556274414063 ], [ 9.014456748962459, 45.957019805908203 ], [ 9.01404476165771, 45.958740234375099 ], [ 9.013497352600099, 45.960445404052699 ], [ 9.01325130462646, 45.961112976074197 ], [ 9.012865066528381, 45.961727142334098 ], [ 9.012050628662109, 45.962520599365199 ], [ 9.011080741882321, 45.963203430175803 ], [ 9.00836277008057, 45.964584350586001 ], [ 9.00757503509521, 45.964839935302699 ], [ 9.005783081054799, 45.965286254882798 ], [ 9.00460815429693, 45.965702056884901 ], [ 9.00382614135737, 45.965976715087898 ], [ 9.001494407653871, 45.966617584228601 ], [ 8.99962711334234, 45.967430114746101 ], [ 8.996892929077211, 45.968219757080199 ], [ 8.99439716339117, 45.969226837158203 ], [ 8.993576049804799, 45.969612121582102 ], [ 8.99260234832764, 45.97025680542 ], [ 8.991499900817811, 45.9712524414062 ], [ 8.99061775207514, 45.971878051757898 ], [ 8.989267349243111, 45.973182678222699 ], [ 8.98915386199951, 45.973415374755902 ], [ 8.98914623260498, 45.973899841308601 ], [ 8.98938465118408, 45.974315643310703 ], [ 8.989735603332459, 45.974643707275398 ], [ 8.99187088012695, 45.975212097167997 ], [ 8.992994308471619, 45.975593566894503 ], [ 8.99393367767345, 45.976131439208999 ], [ 8.99451923370361, 45.976753234863303 ], [ 8.99507045745861, 45.977779388427699 ], [ 8.99514198303234, 45.978557586669901 ], [ 8.994902610778921, 45.979278564453203 ], [ 8.99396610260021, 45.980278015136797 ], [ 8.99378967285168, 45.980964660644503 ], [ 8.99389553070074, 45.981460571289198 ], [ 8.99403762817394, 45.981708526611399 ], [ 8.99424457550055, 45.981937408447401 ], [ 8.994814872741809, 45.982326507568501 ], [ 8.99555110931396, 45.982604980468899 ], [ 8.996005058288571, 45.982696533203097 ], [ 8.99695587158209, 45.982765197753999 ], [ 8.99946403503429, 45.982612609863402 ], [ 9.000699043273981, 45.982444763183501 ], [ 9.00259685516369, 45.982181549072301 ], [ 9.00327682495117, 45.982124328613303 ], [ 9.00555992126476, 45.982154846191499 ], [ 9.00662803649908, 45.982345581054702 ], [ 9.008389472961539, 45.983196258545 ], [ 9.009806632995661, 45.984294891357401 ], [ 9.009969711303651, 45.9845199584962 ], [ 9.010160446166941, 45.985038757324297 ], [ 9.010335922241319, 45.9867782592775 ], [ 9.01058197021479, 45.987583160400398 ], [ 9.01093292236339, 45.987972259521499 ], [ 9.0119161605835, 45.988590240478601 ], [ 9.01239013671881, 45.988815307617202 ], [ 9.01313591003424, 45.988971710205199 ], [ 9.013976097107051, 45.989013671875 ], [ 9.01671028137218, 45.989009857177798 ], [ 9.017610549926809, 45.989093780517599 ], [ 9.018415451049799, 45.989295959472798 ], [ 9.0193595886231, 45.989765167236399 ], [ 9.020353317260801, 45.9905815124512 ], [ 9.02118587493902, 45.991081237792997 ], [ 9.021917343139711, 45.991630554199197 ], [ 9.02277278900141, 45.992080688476598 ], [ 9.023537635803329, 45.9925956726075 ], [ 9.024429321289119, 45.993022918701101 ], [ 9.025227546691889, 45.993526458740298 ], [ 9.026350975036729, 45.994117736816399 ], [ 9.02668571472174, 45.994480133056697 ], [ 9.0268926620484, 45.995090484619297 ], [ 9.02685165405285, 45.995643615722699 ], [ 9.026436805725041, 45.997047424316499 ], [ 9.025979042053279, 45.997936248779403 ], [ 9.025656700134279, 45.998287200927798 ], [ 9.025405883789119, 45.998561859130803 ], [ 9.02508544921869, 45.998908996582003 ], [ 9.023863792419551, 46.001075744628999 ], [ 9.02387619018555, 46.003677368164098 ], [ 9.023880004882869, 46.004421234131001 ], [ 9.022603034973139, 46.010730743408303 ], [ 9.022244453430231, 46.017501831054801 ], [ 9.02081012725824, 46.018871307373097 ], [ 9.019673347473089, 46.020275115966903 ], [ 9.01889038085943, 46.020881652832102 ], [ 9.01870155334473, 46.020984649658303 ], [ 9.017629623413089, 46.021568298339801 ], [ 9.01606369018555, 46.022735595703097 ], [ 9.013815879821721, 46.025352478027301 ], [ 9.013027191162109, 46.02592086792 ], [ 9.0123291015625, 46.026508331298899 ], [ 9.011521339416619, 46.027019500732401 ], [ 9.01011276245112, 46.028202056884801 ], [ 9.009786605834901, 46.028690338134702 ], [ 9.00922870635986, 46.029907226562599 ], [ 9.009226799011291, 46.032062530517599 ], [ 9.00967502593994, 46.033981323242202 ], [ 9.009934425354061, 46.036247253417997 ], [ 9.010178565979119, 46.037193298339801 ], [ 9.010683059692379, 46.038009643554702 ], [ 9.01181030273443, 46.039279937744197 ], [ 9.01364135742182, 46.040576934814503 ], [ 9.01472854614258, 46.041275024414098 ], [ 9.01556968688965, 46.042060852050803 ], [ 9.0170583724975, 46.043292999267599 ], [ 9.017807960510369, 46.0441284179688 ], [ 9.018175125122131, 46.045032501220803 ], [ 9.01829910278332, 46.045978546142599 ], [ 9.01824855804443, 46.047309875488303 ], [ 9.01803779602062, 46.049003601074197 ], [ 9.018515586853081, 46.050415039062599 ], [ 9.018833160400501, 46.050994873046903 ], [ 9.019363403320259, 46.051471710205099 ], [ 9.021220207214361, 46.052516937256001 ], [ 9.023280143737789, 46.052791595458999 ], [ 9.02684402465832, 46.0533638000488 ], [ 9.02942562103283, 46.053657531738303 ], [ 9.03024196624756, 46.053836822509901 ], [ 9.03231525421142, 46.054512023925902 ], [ 9.03286170959478, 46.054737091064503 ], [ 9.034623146057241, 46.055751800537202 ], [ 9.035395622253469, 46.056301116943501 ], [ 9.036922454834039, 46.057136535644602 ], [ 9.037460327148549, 46.057365417480597 ], [ 9.039143562316889, 46.057758331298899 ], [ 9.040726661682241, 46.058380126953097 ], [ 9.04200744628918, 46.058673858642599 ], [ 9.04311084747326, 46.058845520019602 ], [ 9.046213150024469, 46.059043884277401 ], [ 9.047304153442379, 46.059314727783303 ], [ 9.047812461853029, 46.059570312500099 ], [ 9.049470901489309, 46.060764312744098 ], [ 9.049826622009389, 46.061130523681598 ], [ 9.051201820373651, 46.062938690185597 ], [ 9.05601119995123, 46.061614990234403 ], [ 9.059646606445311, 46.061027526855398 ], [ 9.06056594848638, 46.060951232910199 ], [ 9.06243991851818, 46.0610160827637 ], [ 9.067741394043029, 46.061763763427798 ], [ 9.07067775726318, 46.062065124511797 ], [ 9.07161998748785, 46.062221527099702 ], [ 9.072957038879389, 46.062572479248097 ], [ 9.073721885681151, 46.062831878662102 ], [ 9.074667930603029, 46.063293457031399 ], [ 9.07645416259766, 46.063915252685597 ], [ 9.077096939086969, 46.064300537109403 ], [ 9.078085899352971, 46.065349578857401 ], [ 9.07851600646984, 46.065990447998097 ], [ 9.0786247253418, 46.066326141357401 ], [ 9.078828811645559, 46.066959381103601 ], [ 9.07898521423351, 46.068206787109403 ], [ 9.078946113586539, 46.071426391601598 ], [ 9.079051017761291, 46.072349548339901 ], [ 9.079326629638789, 46.0732231140137 ], [ 9.08014011383062, 46.074424743652301 ], [ 9.080649375915581, 46.075366973877102 ], [ 9.080971717834579, 46.0757865905763 ], [ 9.081418037414659, 46.076080322265703 ], [ 9.08298873901367, 46.076606750488402 ], [ 9.084481239318849, 46.077140808105497 ], [ 9.084589958190969, 46.077178955078203 ], [ 9.085033416748161, 46.077480316162202 ], [ 9.085749626159719, 46.078479766845597 ], [ 9.086738586425779, 46.079387664795 ], [ 9.087347030639711, 46.080429077148501 ], [ 9.088180541992299, 46.0811576843262 ], [ 9.08897876739502, 46.0823783874512 ], [ 9.089786529541129, 46.083133697509801 ], [ 9.09006977081299, 46.083610534667997 ], [ 9.09021759033209, 46.084171295166101 ], [ 9.09027767181408, 46.0847778320313 ], [ 9.09024524688715, 46.085727691650298 ], [ 9.09019756317133, 46.085998535156399 ], [ 9.090133666992131, 46.086364746093899 ], [ 9.08991336822521, 46.086994171142599 ], [ 9.08909797668457, 46.0883598327638 ], [ 9.08833217620861, 46.090389251708999 ], [ 9.08753490447992, 46.091796875 ], [ 9.08679199218756, 46.093856811523402 ], [ 9.08447265625, 46.097602844238402 ], [ 9.08380126953136, 46.099208831787202 ], [ 9.082876205444339, 46.100418090820398 ], [ 9.082255363464361, 46.102035522460902 ], [ 9.08077621459967, 46.105041503906399 ], [ 9.079032897949331, 46.108932495117202 ], [ 9.07801342010498, 46.109989166259801 ], [ 9.07736492156994, 46.110927581787102 ], [ 9.07619476318354, 46.111930847168097 ], [ 9.074795722961371, 46.113491058349702 ], [ 9.07448673248302, 46.1140747070312 ], [ 9.07348823547369, 46.116847991943402 ], [ 9.076029777526969, 46.118148803711001 ], [ 9.080087661743161, 46.120201110839801 ], [ 9.082698822021539, 46.120536804199197 ], [ 9.08348941802979, 46.120712280273601 ], [ 9.08424282073975, 46.1209716796875 ], [ 9.08609580993652, 46.1217460632325 ], [ 9.088541984558111, 46.123348236083999 ], [ 9.08939266204834, 46.123691558837898 ], [ 9.09123516082769, 46.124050140381001 ], [ 9.093105316162109, 46.124542236328097 ], [ 9.09440898895264, 46.124679565429801 ], [ 9.097082138061641, 46.124782562256001 ], [ 9.09815120697021, 46.124961853027301 ], [ 9.098855972290099, 46.125156402587997 ], [ 9.099386215210069, 46.125301361083999 ], [ 9.099917411804141, 46.125572204589901 ], [ 9.10016918182373, 46.125789642333999 ], [ 9.100315093994251, 46.125919342041101 ], [ 9.101223945617731, 46.127571105957102 ], [ 9.102787017822379, 46.128913879394602 ], [ 9.104222297668461, 46.1297836303712 ], [ 9.106381416320859, 46.130382537841797 ], [ 9.10753059387201, 46.130973815918097 ], [ 9.10976028442388, 46.131752014160298 ], [ 9.11052227020269, 46.131935119628999 ], [ 9.11293411254883, 46.132282257080099 ], [ 9.1143798828125, 46.132678985595703 ], [ 9.11480617523199, 46.132797241210902 ], [ 9.11652374267584, 46.133102416992301 ], [ 9.11761379241943, 46.133243560791001 ], [ 9.118215560913139, 46.133258819580099 ], [ 9.119791984558111, 46.133308410644503 ], [ 9.120627403259221, 46.133384704589901 ], [ 9.12102222442627, 46.133460998535298 ], [ 9.121657371521049, 46.133712768554702 ], [ 9.12208843231201, 46.134044647216797 ], [ 9.122277259826721, 46.134281158447301 ], [ 9.1227531433106, 46.135280609131001 ], [ 9.122861862182731, 46.135509490966697 ], [ 9.12373733520519, 46.136619567871101 ], [ 9.12414360046392, 46.137557983398402 ], [ 9.12426757812494, 46.137847900390703 ], [ 9.125144004821889, 46.138996124267599 ], [ 9.12567901611334, 46.140712738037102 ], [ 9.12624168396002, 46.142227172851698 ], [ 9.126938819885369, 46.143623352050803 ], [ 9.12722206115723, 46.144035339355497 ], [ 9.127883911132759, 46.144714355468899 ], [ 9.12878990173334, 46.146369934082102 ], [ 9.13085269927984, 46.148250579834098 ], [ 9.13174724578869, 46.149906158447301 ], [ 9.13311195373535, 46.151206970215 ], [ 9.133895874023491, 46.151809692382798 ], [ 9.13479614257812, 46.152805328369297 ], [ 9.135307312011831, 46.153221130371101 ], [ 9.137790679931699, 46.154586791992202 ], [ 9.139701843261831, 46.155052185058501 ], [ 9.140214920043951, 46.155277252197301 ], [ 9.141666412353629, 46.156135559082102 ], [ 9.142379760742131, 46.156711578369098 ], [ 9.143198966980091, 46.157199859619197 ], [ 9.143912315368651, 46.1577758789062 ], [ 9.14583206176763, 46.158878326416101 ], [ 9.14853191375744, 46.159557342529297 ], [ 9.15102005004894, 46.159702301025497 ], [ 9.153532981872621, 46.1596488952637 ], [ 9.15420436859131, 46.159763336181598 ], [ 9.15471076965332, 46.159957885742301 ], [ 9.156572341918951, 46.161083221435497 ], [ 9.15764236450201, 46.162258148193402 ], [ 9.157979011535639, 46.162746429443501 ], [ 9.15819740295416, 46.163341522216903 ], [ 9.158299446106071, 46.163990020751903 ], [ 9.15836715698242, 46.167194366455099 ], [ 9.161845207214411, 46.167358398437599 ], [ 9.16284847259527, 46.167499542236399 ], [ 9.16348934173595, 46.167877197265597 ], [ 9.16488170623785, 46.169193267822301 ], [ 9.16873455047619, 46.167289733886697 ], [ 9.17014217376715, 46.166709899902301 ], [ 9.173496246337949, 46.165336608886797 ], [ 9.174736022949279, 46.164402008056697 ], [ 9.175630569457949, 46.163787841797003 ], [ 9.177048683166561, 46.163040161132898 ], [ 9.179409980773981, 46.162014007568303 ], [ 9.180332183837949, 46.161777496337997 ], [ 9.181058883666941, 46.161750793457003 ], [ 9.18155479431158, 46.1618461608887 ], [ 9.18317985534668, 46.162475585937599 ], [ 9.183925628662109, 46.162841796875099 ], [ 9.18477058410639, 46.163105010986399 ], [ 9.18553543090832, 46.163452148437401 ], [ 9.186397552490231, 46.1636962890625 ], [ 9.187173843383849, 46.164035797119197 ], [ 9.188950538635201, 46.164928436279297 ], [ 9.189658164977971, 46.165287017822301 ], [ 9.19041061401367, 46.165889739990199 ], [ 9.191251754760801, 46.166431427002003 ], [ 9.19251155853283, 46.167453765869197 ], [ 9.192998886108461, 46.167938232421903 ], [ 9.193484306335501, 46.168739318847798 ], [ 9.19382858276367, 46.169540405273501 ], [ 9.194456100463871, 46.1724243164062 ], [ 9.195289611816399, 46.174156188964801 ], [ 9.19635009765636, 46.17582321167 ], [ 9.19677639007568, 46.1771659851075 ], [ 9.19671916961676, 46.178192138671903 ], [ 9.196497917175289, 46.179580688476598 ], [ 9.19564819335938, 46.182113647461101 ], [ 9.195519447326721, 46.182704925537202 ], [ 9.19552612304693, 46.183780670166001 ], [ 9.195688247680661, 46.184494018554702 ], [ 9.196896553039551, 46.187305450439503 ], [ 9.19722461700451, 46.1881713867188 ], [ 9.1974248886109, 46.1887016296388 ], [ 9.198568344116319, 46.190784454345803 ], [ 9.199218749999901, 46.192920684814403 ], [ 9.19950580596935, 46.193618774414098 ], [ 9.20034122467052, 46.195014953613303 ], [ 9.201234817504879, 46.197097778320398 ], [ 9.20255756378185, 46.199462890625099 ], [ 9.203697204589901, 46.200233459472798 ], [ 9.20508003234869, 46.200958251953203 ], [ 9.205937385559141, 46.201484680175803 ], [ 9.206917762756349, 46.201774597168097 ], [ 9.208816528320311, 46.202045440673899 ], [ 9.209598541259879, 46.202217102050803 ], [ 9.21047878265381, 46.202552795410099 ], [ 9.211947441101071, 46.203208923339901 ], [ 9.213900566101129, 46.204494476318501 ], [ 9.21468353271479, 46.205085754394503 ], [ 9.21626663208019, 46.206005096435597 ], [ 9.216838836670039, 46.206474304199297 ], [ 9.217329025268549, 46.207008361816499 ], [ 9.217524528503469, 46.207305908203203 ], [ 9.217802047729551, 46.208007812500099 ], [ 9.217935562133899, 46.208736419677798 ], [ 9.218181610107539, 46.211315155029403 ], [ 9.218406677246151, 46.212070465087898 ], [ 9.21879959106445, 46.213390350341797 ], [ 9.21904945373541, 46.214000701904403 ], [ 9.21979904174805, 46.214981079101598 ], [ 9.22009944915777, 46.215545654296903 ], [ 9.220723152160639, 46.217525482177699 ], [ 9.22081470489508, 46.2182006835938 ], [ 9.220791816711481, 46.218757629394503 ], [ 9.22062492370611, 46.220790863037102 ], [ 9.222752571106071, 46.222019195556697 ], [ 9.22422981262218, 46.222782135009801 ], [ 9.22535419464111, 46.223461151122997 ], [ 9.22558784484858, 46.223602294921903 ], [ 9.227196693420471, 46.224250793457102 ], [ 9.22834491729731, 46.224967956542997 ], [ 9.230337142944339, 46.2258911132813 ], [ 9.231118202209471, 46.226169586181598 ], [ 9.232320785522569, 46.226478576660199 ], [ 9.233455657958929, 46.226680755615199 ], [ 9.23494815826416, 46.2267074584962 ], [ 9.238472938537649, 46.2262382507325 ], [ 9.24049186706549, 46.226078033447401 ], [ 9.242081642150939, 46.226020812988303 ], [ 9.242842674255479, 46.2261352539063 ], [ 9.243248939514221, 46.226268768310703 ], [ 9.243990898132321, 46.226634979248203 ], [ 9.24464225769043, 46.227100372314403 ], [ 9.24539279937756, 46.2279472351075 ], [ 9.245678901672481, 46.228637695312599 ], [ 9.24618625640869, 46.230796813964801 ], [ 9.24630546569824, 46.232295989990298 ], [ 9.246221542358461, 46.233497619628899 ], [ 9.245979309082029, 46.236976623535199 ], [ 9.24563789367676, 46.239330291747997 ], [ 9.245109558105529, 46.240921020507798 ], [ 9.24434375762951, 46.242927551269602 ], [ 9.24503040313726, 46.2435913085938 ], [ 9.2458295822143, 46.244392395019602 ], [ 9.246400833129879, 46.244861602783203 ], [ 9.246604919433651, 46.245029449462898 ], [ 9.246793746948301, 46.245269775390597 ], [ 9.247054100036729, 46.245807647705099 ], [ 9.247201919555661, 46.246387481689503 ], [ 9.247263908386291, 46.247268676757898 ], [ 9.247240066528381, 46.247463226318303 ], [ 9.247194290161129, 46.247829437256001 ], [ 9.24688625335688, 46.248756408691399 ], [ 9.246781349182131, 46.249267578125099 ], [ 9.24680233001715, 46.250148773193402 ], [ 9.246990203857539, 46.251064300537202 ], [ 9.247214317321889, 46.251674652099602 ], [ 9.24753379821783, 46.252246856689503 ], [ 9.248270034790149, 46.253284454345803 ], [ 9.249131202697811, 46.254814147949197 ], [ 9.249880790710449, 46.255649566650497 ], [ 9.249935150146481, 46.255710601806598 ], [ 9.25035285949718, 46.256473541259801 ], [ 9.25060939788824, 46.257347106933601 ], [ 9.2508430480957, 46.258632659912202 ], [ 9.251070022583059, 46.260475158691499 ], [ 9.25114727020275, 46.261852264404403 ], [ 9.251669883728029, 46.262569427490199 ], [ 9.252328872680661, 46.2632446289062 ], [ 9.252616882324331, 46.263538360595703 ], [ 9.253501892089901, 46.2648124694825 ], [ 9.25570487976074, 46.2666625976562 ], [ 9.2563295364381, 46.267475128173899 ], [ 9.256709098815859, 46.268123626708999 ], [ 9.25696277618408, 46.268791198730497 ], [ 9.2574462890625, 46.271228790283303 ], [ 9.25763607025146, 46.2719116210938 ], [ 9.258137702941889, 46.272899627685497 ], [ 9.25875854492188, 46.273719787597699 ], [ 9.26030158996576, 46.274936676025298 ], [ 9.26172924041748, 46.2757987976075 ], [ 9.2623720169068, 46.276107788086001 ], [ 9.264199256897029, 46.276676177978501 ], [ 9.266181945800721, 46.2776908874512 ], [ 9.267054557800289, 46.278274536132798 ], [ 9.267758369445859, 46.279056549072301 ], [ 9.26857376098633, 46.280666351318402 ], [ 9.269449234008899, 46.282009124755902 ], [ 9.270258903503359, 46.283897399902401 ], [ 9.27030563354492, 46.284004211425803 ], [ 9.270908355712891, 46.284969329833999 ], [ 9.271369934082029, 46.285541534423899 ], [ 9.27201557159418, 46.286048889160298 ], [ 9.27411651611334, 46.287311553955199 ], [ 9.27472686767589, 46.287677764892699 ], [ 9.275533676147459, 46.288246154785199 ], [ 9.276424407958981, 46.2887573242187 ], [ 9.27722454071051, 46.289337158203097 ], [ 9.27811145782465, 46.289848327636797 ], [ 9.278915405273549, 46.2904243469238 ], [ 9.283309936523549, 46.293083190917997 ], [ 9.28390502929682, 46.293613433837997 ], [ 9.284244537353519, 46.294227600097699 ], [ 9.284403800964361, 46.295219421386797 ], [ 9.28417778015142, 46.296920776367301 ], [ 9.284164428710939, 46.297576904296903 ], [ 9.28411769866943, 46.299758911132898 ], [ 9.28390693664562, 46.300994873046903 ], [ 9.28382015228277, 46.301506042480597 ], [ 9.283774375915581, 46.302207946777401 ], [ 9.283846855163571, 46.304008483886797 ], [ 9.28410625457769, 46.305797576904403 ], [ 9.28431510925293, 46.306491851806697 ], [ 9.284996986389221, 46.308204650878999 ], [ 9.2855043411256, 46.309196472167997 ], [ 9.28648471832275, 46.310218811035199 ], [ 9.28891658782959, 46.312274932861399 ], [ 9.29026031494141, 46.312255859375 ], [ 9.290868759155391, 46.312305450439602 ], [ 9.29217624664307, 46.312591552734503 ], [ 9.292937278747621, 46.3128471374513 ], [ 9.294920921325801, 46.313838958740199 ], [ 9.295676231384389, 46.314281463622997 ], [ 9.29649639129644, 46.314952850341903 ], [ 9.29692268371576, 46.315475463867202 ], [ 9.297103881835939, 46.315807342529297 ], [ 9.297397613525391, 46.316848754882798 ], [ 9.297622680664171, 46.318996429443303 ], [ 9.297830581665149, 46.320060729980497 ], [ 9.2982969284057, 46.321014404296903 ], [ 9.29940891265869, 46.322353363037202 ], [ 9.299748420715391, 46.322967529296903 ], [ 9.299924850463871, 46.323642730712898 ], [ 9.299917221069339, 46.324649810791101 ], [ 9.29971885681152, 46.325267791748203 ], [ 9.299544334411619, 46.3255424499512 ], [ 9.298842430114799, 46.326206207275497 ], [ 9.296666145324711, 46.328605651855597 ], [ 9.295674324035589, 46.3295516967775 ], [ 9.29551410675049, 46.329769134521499 ], [ 9.295229911804141, 46.330360412597699 ], [ 9.29475021362305, 46.331768035888601 ], [ 9.29454517364502, 46.332370758056598 ], [ 9.29444599151617, 46.333084106445398 ], [ 9.29446029663097, 46.334159851074197 ], [ 9.294590950012211, 46.334854125976598 ], [ 9.29481601715082, 46.335418701171903 ], [ 9.295239448547481, 46.336128234863303 ], [ 9.29547786712658, 46.336414337158203 ], [ 9.295674324035589, 46.336643218994197 ], [ 9.29724121093761, 46.337799072265597 ], [ 9.298098564147891, 46.338291168212898 ], [ 9.29938983917242, 46.339233398437599 ], [ 9.299889564514221, 46.339687347412202 ], [ 9.30037498474127, 46.340446472167898 ], [ 9.30068588256842, 46.341220855712898 ], [ 9.30076789855957, 46.341907501220703 ], [ 9.30072116851801, 46.342605590820298 ], [ 9.300271987915099, 46.344352722167997 ], [ 9.299912452697869, 46.346477508544901 ], [ 9.29886627197271, 46.350326538086001 ], [ 9.298674583435121, 46.351264953613402 ], [ 9.298526763916019, 46.351985931396399 ], [ 9.298308372497621, 46.352596282958999 ], [ 9.29813003540033, 46.352874755859403 ], [ 9.297567367553819, 46.353317260742202 ], [ 9.295833587646429, 46.353923797607401 ], [ 9.29491710662842, 46.354366302490298 ], [ 9.293033599853519, 46.354873657226598 ], [ 9.29140281677252, 46.355556488037202 ], [ 9.28988075256342, 46.355949401855497 ], [ 9.28861141204845, 46.356521606445298 ], [ 9.287165641784719, 46.356971740722699 ], [ 9.286455154418951, 46.3572807312013 ], [ 9.285902976989799, 46.357734680175803 ], [ 9.284641265869141, 46.359188079834098 ], [ 9.28351020812994, 46.360969543457102 ], [ 9.28322124481195, 46.361423492431697 ], [ 9.282692909240779, 46.362655639648501 ], [ 9.282359123230041, 46.3632011413575 ], [ 9.281655311584419, 46.363868713378999 ], [ 9.280739784240721, 46.364913940429702 ], [ 9.280057907104441, 46.3655395507813 ], [ 9.27979564666742, 46.367706298828203 ], [ 9.279714584350589, 46.368373870849702 ], [ 9.27957153320312, 46.370853424072401 ], [ 9.27956581115717, 46.372970581054702 ], [ 9.279788017272891, 46.374324798583999 ], [ 9.28005981445324, 46.374923706054801 ], [ 9.28048706054682, 46.3755912780763 ], [ 9.28072166442877, 46.375961303710902 ], [ 9.281416893005311, 46.377513885498203 ], [ 9.28237533569342, 46.3786010742187 ], [ 9.283060073852541, 46.380157470703097 ], [ 9.28389358520513, 46.3814506530762 ], [ 9.28453922271729, 46.383152008056697 ], [ 9.285227775573791, 46.384441375732401 ], [ 9.28537082672125, 46.3852157592775 ], [ 9.28524875640881, 46.385730743408303 ], [ 9.28486347198486, 46.386329650878999 ], [ 9.283183097839469, 46.387969970703097 ], [ 9.28304481506348, 46.388031005859403 ], [ 9.282130241394039, 46.388954162597699 ], [ 9.281689643859981, 46.389301300048899 ], [ 9.28107261657715, 46.389785766601598 ], [ 9.279707908630369, 46.391399383545 ], [ 9.279368400573841, 46.391937255859503 ], [ 9.27873611450195, 46.393241882324297 ], [ 9.278084754943849, 46.393939971923899 ], [ 9.277811050415149, 46.3943481445313 ], [ 9.2776899337768, 46.395095825195398 ], [ 9.277826309204221, 46.395580291748097 ], [ 9.27797126770025, 46.395801544189602 ], [ 9.27939128875744, 46.396965026855497 ], [ 9.28017807006847, 46.397518157959098 ], [ 9.281232833862299, 46.399017333984403 ], [ 9.28201198577881, 46.399570465087898 ], [ 9.282633781433219, 46.400081634521499 ], [ 9.28322887420649, 46.4005737304688 ], [ 9.28352069854736, 46.400951385498203 ], [ 9.283602714538519, 46.401187896728601 ], [ 9.283633232116699, 46.401679992675703 ], [ 9.28350734710688, 46.402156829833899 ], [ 9.282676696777401, 46.403236389160099 ], [ 9.282511711120611, 46.404010772705199 ], [ 9.28268432617193, 46.404827117919901 ], [ 9.283749580383359, 46.406356811523501 ], [ 9.283902168273929, 46.4068412780762 ], [ 9.28380012512207, 46.409904479980497 ], [ 9.283664703369141, 46.410923004150298 ], [ 9.283480644226071, 46.4115829467775 ], [ 9.282690048217891, 46.413295745849702 ], [ 9.281968116760311, 46.414375305175803 ], [ 9.28161716461193, 46.414756774902401 ], [ 9.280789375305121, 46.415359497070398 ], [ 9.279512405395559, 46.416469573974602 ], [ 9.27917575836176, 46.416877746582102 ], [ 9.27896213531505, 46.417404174804702 ], [ 9.27859020233166, 46.418834686279403 ], [ 9.27825260162354, 46.419387817382898 ], [ 9.27780723571777, 46.419765472412102 ], [ 9.277164459228519, 46.420070648193501 ], [ 9.276375770568849, 46.420272827148501 ], [ 9.27619171142584, 46.420303344726598 ], [ 9.27540111541742, 46.420433044433601 ], [ 9.27058506011957, 46.421211242675803 ], [ 9.26765823364258, 46.422206878662102 ], [ 9.267580986022891, 46.422233581543097 ], [ 9.26689529418945, 46.422538757324297 ], [ 9.26597213745123, 46.423141479492202 ], [ 9.26496601104731, 46.424121856689503 ], [ 9.264117240905881, 46.424762725830099 ], [ 9.263186454772891, 46.425697326660298 ], [ 9.26307964324957, 46.425777435302798 ], [ 9.2624950408935, 46.426212310791001 ], [ 9.2608842849732, 46.427040100097599 ], [ 9.260045051574711, 46.427639007568402 ], [ 9.2591056823731, 46.428131103515703 ], [ 9.25824737548834, 46.428676605224602 ], [ 9.25627326965343, 46.429290771484503 ], [ 9.256086349487299, 46.429397583007798 ], [ 9.255722045898439, 46.429599761962997 ], [ 9.25329589843756, 46.432056427002102 ], [ 9.25247859954834, 46.432662963867202 ], [ 9.251003265380801, 46.433956146240298 ], [ 9.250802993774411, 46.434253692626903 ], [ 9.25062847137451, 46.434513092041101 ], [ 9.25036716461176, 46.435134887695398 ], [ 9.24988365173351, 46.436496734619098 ], [ 9.24965953826899, 46.4377059936525 ], [ 9.249583244323791, 46.439384460449297 ], [ 9.24952602386486, 46.4478569030762 ], [ 9.249717712402459, 46.449039459228601 ], [ 9.250065803527949, 46.449756622314503 ], [ 9.250327110290471, 46.4500541687012 ], [ 9.25094509124756, 46.450523376464801 ], [ 9.25213432312017, 46.451267242431697 ], [ 9.252815246581971, 46.451618194580099 ], [ 9.254411697387701, 46.452213287353601 ], [ 9.255428314208981, 46.452526092529297 ], [ 9.258454322815, 46.452968597412202 ], [ 9.261226654052789, 46.453544616699297 ], [ 9.262759208679309, 46.453998565673899 ], [ 9.264279365539609, 46.454696655273402 ], [ 9.265971183776911, 46.455108642578097 ], [ 9.267257690429741, 46.455650329589801 ], [ 9.269431114196779, 46.4561347961425 ], [ 9.270500183105529, 46.456539154052699 ], [ 9.27134418487555, 46.457118988037102 ], [ 9.27206516265881, 46.4578437805175 ], [ 9.27282142639166, 46.458469390869098 ], [ 9.273798942565969, 46.460021972656399 ], [ 9.27604389190674, 46.461765289306697 ], [ 9.27637863159174, 46.462184906006001 ], [ 9.27690982818604, 46.463085174560597 ], [ 9.277615547180179, 46.463771820068402 ], [ 9.277915954589901, 46.464065551757798 ], [ 9.27813720703136, 46.464462280273402 ], [ 9.27833461761486, 46.465072631836001 ], [ 9.27832603454584, 46.465496063232401 ], [ 9.278189659118651, 46.465908050537102 ], [ 9.27804088592541, 46.466148376464801 ], [ 9.27768707275391, 46.466724395752003 ], [ 9.27671527862555, 46.467555999756001 ], [ 9.27536201477062, 46.469196319580099 ], [ 9.274925231933709, 46.470130920410298 ], [ 9.274759292602649, 46.471145629882798 ], [ 9.274758338928329, 46.472171783447301 ], [ 9.27490901947033, 46.473178863525398 ], [ 9.27513599395752, 46.4738159179688 ], [ 9.27596378326416, 46.475147247314602 ], [ 9.276206016540639, 46.475715637207003 ], [ 9.277031898498651, 46.478183746337898 ], [ 9.277400016784719, 46.479679107666101 ], [ 9.27782154083258, 46.481014251708999 ], [ 9.27792453765875, 46.481681823730497 ], [ 9.277956962585501, 46.483043670654297 ], [ 9.277839660644529, 46.484066009521499 ], [ 9.277523994445909, 46.485057830810597 ], [ 9.27669143676763, 46.486461639404197 ], [ 9.27645492553717, 46.487113952636797 ], [ 9.27629470825201, 46.488121032714801 ], [ 9.27633190155041, 46.489429473877003 ], [ 9.276589393615779, 46.490303039550803 ], [ 9.27674388885492, 46.490547180175902 ], [ 9.277376174926809, 46.491203308105497 ], [ 9.277757644653381, 46.491912841796903 ], [ 9.278488159179741, 46.4939956665038 ], [ 9.278817176818849, 46.495494842529403 ], [ 9.27948760986339, 46.497676849365298 ], [ 9.27985858917236, 46.498531341552699 ], [ 9.28058433532726, 46.499340057373097 ], [ 9.28199005126964, 46.500503540039098 ], [ 9.282931327819879, 46.501422882080099 ], [ 9.28387260437006, 46.502124786377003 ], [ 9.284689903259279, 46.503185272216903 ], [ 9.285234451294, 46.5042533874512 ], [ 9.287236213684199, 46.503822326660199 ], [ 9.28887939453119, 46.503589630127102 ], [ 9.29037284851074, 46.503547668457003 ], [ 9.292833328247131, 46.503669738769602 ], [ 9.29401874542236, 46.503803253173899 ], [ 9.29709625244141, 46.503822326660199 ], [ 9.29831695556646, 46.503982543945398 ], [ 9.30053901672375, 46.504623413086001 ], [ 9.301973342895559, 46.505233764648601 ], [ 9.30355930328381, 46.505527496337798 ], [ 9.3050298690797, 46.506072998046903 ], [ 9.30690288543701, 46.506458282470803 ], [ 9.30803966522217, 46.506984710693402 ], [ 9.309897422790529, 46.507537841796797 ], [ 9.31107807159435, 46.5077514648438 ], [ 9.311992645263789, 46.507778167724702 ], [ 9.317244529724229, 46.507442474365199 ], [ 9.31964015960699, 46.507503509521499 ], [ 9.32107639312756, 46.507453918457102 ], [ 9.327976226806699, 46.506862640380803 ], [ 9.329415321350149, 46.506828308105497 ], [ 9.33179378509521, 46.506927490234503 ], [ 9.33409595489508, 46.506771087646499 ], [ 9.335405349731561, 46.506546020507898 ], [ 9.33618164062494, 46.506305694580099 ], [ 9.33675575256359, 46.506004333496001 ], [ 9.33903217315674, 46.504451751708999 ], [ 9.33969116210943, 46.504219055175803 ], [ 9.3404359817506, 46.504096984863203 ], [ 9.34159660339361, 46.504100799560597 ], [ 9.34341335296631, 46.504463195800902 ], [ 9.34370231628429, 46.504501342773402 ], [ 9.3442010879516, 46.504562377929702 ], [ 9.34769916534435, 46.5047836303712 ], [ 9.34949398040766, 46.504688262939503 ], [ 9.3504400253297, 46.504570007324297 ], [ 9.350828170776371, 46.504524230957003 ], [ 9.3526411056518, 46.504203796386797 ], [ 9.353694915771481, 46.504154205322401 ], [ 9.354476928710881, 46.504272460937599 ], [ 9.35488796234131, 46.504394531250099 ], [ 9.35544490814209, 46.504623413086001 ], [ 9.355653762817489, 46.504711151123203 ], [ 9.356728553772029, 46.505287170410199 ], [ 9.35910511016851, 46.5068168640138 ], [ 9.36125373840332, 46.508598327636797 ], [ 9.362419128418029, 46.507362365722699 ], [ 9.36322879791271, 46.506748199462898 ], [ 9.364430427551319, 46.505981445312599 ], [ 9.365688323974609, 46.505283355712997 ], [ 9.366658210754389, 46.504840850830099 ], [ 9.3681383132934, 46.504337310791101 ], [ 9.36905002593994, 46.503852844238402 ], [ 9.371085166931151, 46.503269195556598 ], [ 9.37287425994867, 46.5026054382325 ], [ 9.37155151367193, 46.500583648681598 ], [ 9.371397972107051, 46.500350952148402 ], [ 9.370089530944879, 46.498798370361399 ], [ 9.369367599487299, 46.498157501220703 ], [ 9.36903095245367, 46.497776031494098 ], [ 9.36878395080578, 46.497303009033303 ], [ 9.368160247802731, 46.495620727539098 ], [ 9.367980003357051, 46.494426727295 ], [ 9.368098258972109, 46.4932250976562 ], [ 9.36829662322992, 46.4926528930663 ], [ 9.36853694915783, 46.492237091064503 ], [ 9.368953704833981, 46.491649627685497 ], [ 9.36929988861095, 46.49129486084 ], [ 9.371732711792051, 46.489650726318501 ], [ 9.374245643615779, 46.4871826171875 ], [ 9.37583541870123, 46.486072540283097 ], [ 9.376689910888789, 46.485591888427798 ], [ 9.37746143341076, 46.485061645507798 ], [ 9.37929534912109, 46.484180450439503 ], [ 9.38001346588146, 46.484016418457102 ], [ 9.38295745849609, 46.483749389648402 ], [ 9.383740425109981, 46.483531951904403 ], [ 9.38466072082514, 46.483009338378999 ], [ 9.385083198547481, 46.482559204101598 ], [ 9.38587093353277, 46.481197357177798 ], [ 9.38665866851812, 46.480346679687599 ], [ 9.387344360351561, 46.478843688964901 ], [ 9.387975692749141, 46.477882385253999 ], [ 9.388162612915041, 46.477596282958999 ], [ 9.388359069824279, 46.477138519287102 ], [ 9.388735771179199, 46.476261138916101 ], [ 9.389048576355091, 46.4757499694825 ], [ 9.389505386352541, 46.475299835205099 ], [ 9.390366554260201, 46.474765777587997 ], [ 9.392123222351019, 46.474010467529403 ], [ 9.392680168151969, 46.473770141601499 ], [ 9.394362449646, 46.473423004150398 ], [ 9.39562034606945, 46.472938537597699 ], [ 9.397610664367731, 46.472499847412202 ], [ 9.39921855926513, 46.471912384033303 ], [ 9.40149593353277, 46.471504211425803 ], [ 9.40375423431402, 46.470893859863402 ], [ 9.40586090087891, 46.470508575439503 ], [ 9.406810760498161, 46.470417022705199 ], [ 9.408773422241319, 46.470405578613303 ], [ 9.410246849060121, 46.470500946044901 ], [ 9.411209106445369, 46.470638275146499 ], [ 9.41213226318359, 46.470878601074297 ], [ 9.41271591186535, 46.4711303710938 ], [ 9.412895202636721, 46.4712104797363 ], [ 9.41385459899908, 46.4718208312988 ], [ 9.414311408996531, 46.472198486328203 ], [ 9.41524028778076, 46.473152160644602 ], [ 9.41608333587646, 46.473762512207102 ], [ 9.416831016540471, 46.474403381347599 ], [ 9.41769504547119, 46.474964141845803 ], [ 9.41845798492432, 46.4756050109863 ], [ 9.41932487487793, 46.4762191772462 ], [ 9.42169952392584, 46.478824615478501 ], [ 9.422702789306641, 46.479701995849702 ], [ 9.423043251037599, 46.480113983154403 ], [ 9.423698425293081, 46.481243133545 ], [ 9.42397689819347, 46.482250213623203 ], [ 9.42428779602062, 46.487945556640597 ], [ 9.424416542053279, 46.488647460937401 ], [ 9.4249267578125, 46.490413665771598 ], [ 9.42524433135986, 46.492725372314602 ], [ 9.425577163696349, 46.493618011474702 ], [ 9.42577266693127, 46.493885040283303 ], [ 9.426180839538629, 46.494247436523402 ], [ 9.42747306823742, 46.495235443115199 ], [ 9.429430007934631, 46.4962387084962 ], [ 9.4329948425293, 46.498348236083999 ], [ 9.433451652526911, 46.4987564086913 ], [ 9.43441200256359, 46.500186920166001 ], [ 9.436240196228139, 46.501918792724602 ], [ 9.437211036682189, 46.5025444030762 ], [ 9.437974929809631, 46.502864837646399 ], [ 9.439901351928709, 46.503433227539098 ], [ 9.44159412384033, 46.504230499267599 ], [ 9.44336891174328, 46.504787445068402 ], [ 9.445012092590281, 46.5055961608887 ], [ 9.44677734375011, 46.506168365478501 ], [ 9.44842624664312, 46.506980895996101 ], [ 9.4502010345459, 46.507541656494197 ], [ 9.45185089111334, 46.508350372314602 ], [ 9.453261375427189, 46.508800506591797 ], [ 9.45391941070557, 46.509075164795 ], [ 9.45576858520513, 46.510265350341903 ], [ 9.45656585693359, 46.510929107666001 ], [ 9.45745944976818, 46.5115356445312 ], [ 9.458234786987299, 46.512214660644602 ], [ 9.45912075042736, 46.512832641601698 ], [ 9.459932327270559, 46.513523101806797 ], [ 9.46043968200695, 46.513828277587898 ], [ 9.461070060730041, 46.514057159423899 ], [ 9.46176815032965, 46.514194488525398 ], [ 9.464389801025501, 46.514347076416001 ], [ 9.46436882019043, 46.512626647949297 ], [ 9.46383094787592, 46.510364532470703 ], [ 9.463631629943849, 46.508491516113203 ], [ 9.46367168426514, 46.506252288818501 ], [ 9.464119911193899, 46.504066467285298 ], [ 9.464194297790529, 46.50252532959 ], [ 9.46399879455578, 46.496231079101698 ], [ 9.463882446289119, 46.495105743408203 ], [ 9.463582992553709, 46.4940795898438 ], [ 9.463445663452211, 46.493900299072202 ], [ 9.46277523040783, 46.493038177490298 ], [ 9.461901664734, 46.491653442382898 ], [ 9.46140670776367, 46.491184234619297 ], [ 9.460849761962891, 46.4908676147462 ], [ 9.460397720336861, 46.490699768066499 ], [ 9.45942974090587, 46.490478515625099 ], [ 9.452268600463981, 46.489463806152301 ], [ 9.451395034790149, 46.489166259765703 ], [ 9.45101547241217, 46.488929748535199 ], [ 9.450729370117241, 46.488639831543097 ], [ 9.450546264648491, 46.488330841064602 ], [ 9.450419425964411, 46.487693786621001 ], [ 9.45052528381348, 46.487064361572301 ], [ 9.451027870178169, 46.485988616943402 ], [ 9.450941085815369, 46.484008789062599 ], [ 9.45078086853027, 46.482704162597798 ], [ 9.450235366821399, 46.481006622314503 ], [ 9.449794769287109, 46.479122161865298 ], [ 9.44939708709717, 46.478305816650398 ], [ 9.448726654052789, 46.477573394775398 ], [ 9.44856739044195, 46.477321624755902 ], [ 9.44833946228027, 46.476760864257898 ], [ 9.447817802429141, 46.474891662597798 ], [ 9.44748687744146, 46.474296569824297 ], [ 9.44629001617432, 46.472782135009801 ], [ 9.445924758911129, 46.472377777099602 ], [ 9.445115089416451, 46.471683502197301 ], [ 9.444775581359981, 46.471221923828203 ], [ 9.444222450256349, 46.470245361328203 ], [ 9.443139076232971, 46.469074249267699 ], [ 9.442354202270559, 46.467414855957102 ], [ 9.441609382629389, 46.466293334961101 ], [ 9.441301345825311, 46.465690612792997 ], [ 9.440792083740179, 46.463832855224702 ], [ 9.44056510925299, 46.463279724121001 ], [ 9.44040584564215, 46.4630317687988 ], [ 9.439748764038089, 46.462314605712898 ], [ 9.43947124481201, 46.4617919921875 ], [ 9.439267158508409, 46.460891723632898 ], [ 9.439102172851619, 46.457939147949197 ], [ 9.438902854919551, 46.456630706787202 ], [ 9.438671112060661, 46.456005096435497 ], [ 9.43782424926763, 46.454624176025398 ], [ 9.437514305114799, 46.453670501708999 ], [ 9.437374114990231, 46.452339172363303 ], [ 9.43729209899908, 46.449001312255902 ], [ 9.437068939209039, 46.4477729797363 ], [ 9.436794281005801, 46.447254180908303 ], [ 9.43615818023682, 46.446567535400497 ], [ 9.436009407043571, 46.44633102417 ], [ 9.43579769134527, 46.445804595947401 ], [ 9.435495376586969, 46.444679260253999 ], [ 9.43527317047125, 46.444152832031399 ], [ 9.434950828552189, 46.4437446594238 ], [ 9.434440612792971, 46.443256378173899 ], [ 9.43414497375494, 46.442821502685497 ], [ 9.433657646179309, 46.441890716552699 ], [ 9.4328498840332, 46.4410209655763 ], [ 9.43269062042242, 46.4407768249512 ], [ 9.4324245452882, 46.439918518066499 ], [ 9.432237625122131, 46.438331604003899 ], [ 9.432028770446831, 46.4373779296875 ], [ 9.431759834289609, 46.436798095703097 ], [ 9.431112289428651, 46.435733795166001 ], [ 9.430897712707459, 46.4351196289062 ], [ 9.43070602416992, 46.4335136413575 ], [ 9.430727958679199, 46.428192138671797 ], [ 9.43081092834484, 46.4265747070313 ], [ 9.431003570556699, 46.425685882568402 ], [ 9.43128013610851, 46.425182342529403 ], [ 9.43203830719, 46.424381256103601 ], [ 9.43253231048584, 46.423366546630902 ], [ 9.43281459808361, 46.422988891601698 ], [ 9.434089660644529, 46.422065734863402 ], [ 9.434638977050779, 46.421871185302798 ], [ 9.4349622726441, 46.421840667724602 ], [ 9.435633659362789, 46.421913146972599 ], [ 9.43630313873302, 46.422206878662102 ], [ 9.43680953979492, 46.422645568847798 ], [ 9.437118530273439, 46.423152923583999 ], [ 9.437248229980581, 46.423671722412202 ], [ 9.43729305267334, 46.424480438232401 ], [ 9.43709754943859, 46.428756713867102 ], [ 9.43709182739263, 46.430728912353601 ], [ 9.43718814849859, 46.431694030761797 ], [ 9.43734741210943, 46.432319641113303 ], [ 9.43762874603266, 46.432895660400398 ], [ 9.43832492828375, 46.433933258056697 ], [ 9.439040184021049, 46.435497283935703 ], [ 9.43986320495617, 46.436386108398402 ], [ 9.44001579284674, 46.436618804931697 ], [ 9.44022941589367, 46.437145233154403 ], [ 9.44051456451427, 46.438274383545 ], [ 9.44072437286383, 46.438808441162102 ], [ 9.44167613983166, 46.4399642944337 ], [ 9.442404747009279, 46.442169189453097 ], [ 9.442558288574331, 46.442409515380902 ], [ 9.443203926086481, 46.443103790283303 ], [ 9.44346523284918, 46.443592071533203 ], [ 9.443617820739799, 46.444141387939403 ], [ 9.443886756897029, 46.445892333984503 ], [ 9.44404220581049, 46.446437835693402 ], [ 9.444302558898929, 46.446926116943501 ], [ 9.444951057434141, 46.447635650634801 ], [ 9.445219993591421, 46.448146820068402 ], [ 9.44542217254644, 46.449028015136697 ], [ 9.445592880249141, 46.450920104980497 ], [ 9.44575119018549, 46.451828002929801 ], [ 9.446117401123161, 46.452621459960902 ], [ 9.4467830657959, 46.453334808349602 ], [ 9.446947097778381, 46.453582763671903 ], [ 9.447171211242679, 46.454151153564503 ], [ 9.44730091094965, 46.454776763916101 ], [ 9.447429656982539, 46.456439971923899 ], [ 9.447555541992131, 46.4615898132325 ], [ 9.447648048400881, 46.462581634521598 ], [ 9.44787311553949, 46.463508605957003 ], [ 9.44817066192633, 46.4640502929687 ], [ 9.44885730743408, 46.464767456054801 ], [ 9.449020385742241, 46.465011596679702 ], [ 9.449826240539551, 46.467269897461001 ], [ 9.450827598571779, 46.468490600585902 ], [ 9.451053619384879, 46.469051361084098 ], [ 9.45144271850597, 46.470611572265703 ], [ 9.451707839965881, 46.471233367919901 ], [ 9.45209217071533, 46.471790313720703 ], [ 9.45324897766119, 46.473213195800803 ], [ 9.45404529571533, 46.473918914794901 ], [ 9.45442008972168, 46.474330902099702 ], [ 9.45523738861084, 46.475959777832102 ], [ 9.456241607665961, 46.477329254150398 ], [ 9.457238197326721, 46.479053497314503 ], [ 9.458065986633359, 46.480819702148601 ], [ 9.45836162567139, 46.482067108154197 ], [ 9.458625793456971, 46.485630035400398 ], [ 9.45901107788092, 46.488277435302798 ], [ 9.4620790481568, 46.4871215820312 ], [ 9.462903022766231, 46.4867362976075 ], [ 9.463595390319879, 46.4862060546875 ], [ 9.464055061340449, 46.485542297363402 ], [ 9.464321136474609, 46.484428405761797 ], [ 9.4644021987915, 46.481285095214901 ], [ 9.46484375, 46.478622436523501 ], [ 9.46485614776606, 46.4762573242187 ], [ 9.46469116210949, 46.474731445312401 ], [ 9.464359283447321, 46.4736938476563 ], [ 9.463344573974609, 46.472373962402401 ], [ 9.46251773834229, 46.470825195312599 ], [ 9.461367607116641, 46.469146728515703 ], [ 9.460665702819821, 46.467746734619297 ], [ 9.4605913162232, 46.467460632324297 ], [ 9.45951652526867, 46.463375091552699 ], [ 9.45929527282726, 46.461780548095803 ], [ 9.459134101867621, 46.457893371582102 ], [ 9.45907592773437, 46.456504821777401 ], [ 9.458868026733461, 46.454502105712898 ], [ 9.458327293396049, 46.452632904052798 ], [ 9.457798004150391, 46.450107574462898 ], [ 9.45726299285894, 46.4482421875 ], [ 9.456814765930289, 46.444297790527401 ], [ 9.45620822906494, 46.442005157470803 ], [ 9.45571899414074, 46.4388236999512 ], [ 9.455194473266721, 46.436923980712898 ], [ 9.45472526550304, 46.432987213134801 ], [ 9.4540519714356, 46.430324554443501 ], [ 9.45390510559076, 46.428352355957102 ], [ 9.454025268554799, 46.426422119140703 ], [ 9.454538345336911, 46.424533843994098 ], [ 9.45488929748535, 46.423244476318402 ], [ 9.45585918426513, 46.421249389648501 ], [ 9.4572639465332, 46.420150756836101 ], [ 9.458348274231071, 46.419116973877102 ], [ 9.45922374725353, 46.418476104736399 ], [ 9.46059513092041, 46.416961669921903 ], [ 9.460955619812131, 46.416431427002102 ], [ 9.46114444732666, 46.416156768798899 ], [ 9.461898803710939, 46.414436340332102 ], [ 9.46277427673334, 46.413074493408203 ], [ 9.463120460510311, 46.412139892578203 ], [ 9.46356105804438, 46.410221099853501 ], [ 9.464108467102051, 46.408535003662202 ], [ 9.46457576751709, 46.405517578125 ], [ 9.465188980102541, 46.403472900390703 ], [ 9.46552753448492, 46.400760650634901 ], [ 9.46572780609131, 46.399803161621101 ], [ 9.4661436080932, 46.398971557617301 ], [ 9.46682739257807, 46.398284912109403 ], [ 9.46715259552002, 46.397827148437599 ], [ 9.467749595642029, 46.396705627441499 ], [ 9.46784782409674, 46.396522521972599 ], [ 9.46852397918707, 46.395503997802699 ], [ 9.46871757507324, 46.394985198974702 ], [ 9.46868419647217, 46.394233703613203 ], [ 9.468411445617731, 46.393753051757898 ], [ 9.46825218200695, 46.393470764160099 ], [ 9.46754360198986, 46.392623901367202 ], [ 9.467153549194281, 46.392269134521499 ], [ 9.465896606445311, 46.391544342041101 ], [ 9.465146064758359, 46.390914916992202 ], [ 9.464792251586911, 46.390384674072301 ], [ 9.464587211609, 46.389785766601598 ], [ 9.46403026580805, 46.386573791503999 ], [ 9.464035987854, 46.385658264160099 ], [ 9.464155197143549, 46.385051727294901 ], [ 9.4643611907959, 46.384513854980398 ], [ 9.46500396728521, 46.383316040039198 ], [ 9.465367317199821, 46.3828125 ], [ 9.46700382232677, 46.381069183349702 ], [ 9.468667030334529, 46.379878997802699 ], [ 9.469101905822869, 46.3796195983888 ], [ 9.47047328948975, 46.378799438476598 ], [ 9.471042633056699, 46.3785629272462 ], [ 9.47262191772472, 46.378089904785199 ], [ 9.4751291275025, 46.377593994140703 ], [ 9.47656917572021, 46.377456665038999 ], [ 9.479421615600589, 46.3773193359375 ], [ 9.480692863464361, 46.377113342285199 ], [ 9.48132514953625, 46.376865386962898 ], [ 9.482674598693791, 46.376056671142599 ], [ 9.4842157363891, 46.374778747558501 ], [ 9.48484992980957, 46.374401092529403 ], [ 9.48552227020269, 46.374103546142699 ], [ 9.4888124465943, 46.3729476928712 ], [ 9.490920066833549, 46.372421264648501 ], [ 9.493354797363279, 46.371898651123097 ], [ 9.495591163635311, 46.371421813964901 ], [ 9.497580528259279, 46.370944976806697 ], [ 9.49824523925793, 46.369892120361399 ], [ 9.49950504302979, 46.368255615234503 ], [ 9.50080299377453, 46.3662910461425 ], [ 9.501512527465881, 46.364719390869297 ], [ 9.501803398132269, 46.364261627197301 ], [ 9.50250244140619, 46.363597869873203 ], [ 9.50463199615479, 46.361114501953097 ], [ 9.50734901428223, 46.359020233154403 ], [ 9.508582115173279, 46.357460021972599 ], [ 9.508875846862789, 46.356918334960902 ], [ 9.50947093963623, 46.355213165283303 ], [ 9.51007270812994, 46.354141235351698 ], [ 9.510316848755, 46.353565216064403 ], [ 9.510744094848571, 46.351058959961001 ], [ 9.511675834655881, 46.348354339599702 ], [ 9.512089729309141, 46.345851898193501 ], [ 9.512431144714469, 46.344966888427699 ], [ 9.513853073120231, 46.342727661132898 ], [ 9.515250205993601, 46.3411674499512 ], [ 9.51590061187744, 46.340724945068501 ], [ 9.51746368408209, 46.340141296386797 ], [ 9.51783561706549, 46.338874816894602 ], [ 9.517948150634821, 46.338230133056797 ], [ 9.518070220947269, 46.335391998291001 ], [ 9.518202781677299, 46.334827423095597 ], [ 9.518486976623651, 46.334339141845803 ], [ 9.51994609832764, 46.333141326904297 ], [ 9.52079963684093, 46.332633972167898 ], [ 9.52228260040283, 46.331447601318402 ], [ 9.522586822509879, 46.331016540527401 ], [ 9.52305316925049, 46.330085754394602 ], [ 9.523402214050289, 46.329715728759801 ], [ 9.523989677429199, 46.329288482666001 ], [ 9.524700164795039, 46.328666687011697 ], [ 9.52556228637701, 46.3281478881837 ], [ 9.526304244995121, 46.327548980712997 ], [ 9.52716732025152, 46.327030181884801 ], [ 9.528647422790529, 46.325817108154403 ], [ 9.52958965301519, 46.324234008788999 ], [ 9.53106975555426, 46.323013305664098 ], [ 9.531929969787599, 46.3224906921387 ], [ 9.532671928405881, 46.321884155273501 ], [ 9.533540725708059, 46.321361541748097 ], [ 9.53428363800043, 46.320755004882898 ], [ 9.53514957427979, 46.3202323913575 ], [ 9.535891532898059, 46.319622039794901 ], [ 9.5367546081543, 46.319095611572301 ], [ 9.537496566772569, 46.318485260009801 ], [ 9.53836154937756, 46.317958831787202 ], [ 9.53910541534424, 46.3173446655275 ], [ 9.539970397949279, 46.316818237304702 ], [ 9.540713310241641, 46.316207885742301 ], [ 9.54157829284668, 46.315681457519503 ], [ 9.54232215881353, 46.315071105957102 ], [ 9.54318809509283, 46.314540863037202 ], [ 9.543930053710939, 46.3139266967775 ], [ 9.54479789733881, 46.313392639160099 ], [ 9.545535087585449, 46.312774658203203 ], [ 9.546380996704221, 46.312232971191399 ], [ 9.547104835510369, 46.31160736084 ], [ 9.54873752593994, 46.310508728027301 ], [ 9.54927539825445, 46.310310363769503 ], [ 9.55011558532726, 46.310157775878899 ], [ 9.55068969726568, 46.310169219970803 ], [ 9.55121612548834, 46.310329437255902 ], [ 9.55162334442139, 46.310596466064403 ], [ 9.552108764648439, 46.311046600341797 ], [ 9.55290699005133, 46.311588287353501 ], [ 9.55361366271984, 46.312217712402301 ], [ 9.55511760711676, 46.313167572021499 ], [ 9.555718421936151, 46.313430786132798 ], [ 9.556509971618651, 46.313594818115298 ], [ 9.557804107666071, 46.313713073730597 ], [ 9.559473991394039, 46.313762664795 ], [ 9.56036376953131, 46.313694000244098 ], [ 9.56064414978027, 46.313613891601598 ], [ 9.56112003326416, 46.313369750976499 ], [ 9.562554359436151, 46.312118530273501 ], [ 9.562838554382269, 46.311653137207003 ], [ 9.563255310058651, 46.310604095458899 ], [ 9.563407897949221, 46.310344696045 ], [ 9.563832283019959, 46.309860229492202 ], [ 9.56437301635753, 46.309440612792997 ], [ 9.56571865081793, 46.3087387084962 ], [ 9.56661510467541, 46.308158874511797 ], [ 9.5692253112793, 46.307144165039098 ], [ 9.57002735137945, 46.306930541992202 ], [ 9.572542190551699, 46.306480407715 ], [ 9.57496356964111, 46.305572509765597 ], [ 9.57549381256109, 46.3053169250488 ], [ 9.578006744384821, 46.303596496582102 ], [ 9.57853317260742, 46.303337097167997 ], [ 9.58055973052979, 46.302555084228601 ], [ 9.581846237182621, 46.3022689819337 ], [ 9.584635734558111, 46.302013397216697 ], [ 9.58554744720465, 46.301883697509801 ], [ 9.588125228881839, 46.301357269287202 ], [ 9.58906555175793, 46.301166534423899 ], [ 9.589974403381399, 46.301052093506001 ], [ 9.590889930725099, 46.3010063171388 ], [ 9.5922203063966, 46.301055908203203 ], [ 9.59302139282226, 46.3011894226075 ], [ 9.593375205993709, 46.301296234130902 ], [ 9.59461784362793, 46.301864624023601 ], [ 9.596569061279411, 46.302425384521499 ], [ 9.59751701354986, 46.302883148193402 ], [ 9.598257064819339, 46.303073883056697 ], [ 9.5991029739381, 46.303157806396399 ], [ 9.60045909881592, 46.3031616210938 ], [ 9.6013755798341, 46.3030815124512 ], [ 9.60580539703375, 46.302238464355497 ], [ 9.609013557434199, 46.301910400390703 ], [ 9.609873771667541, 46.301704406738402 ], [ 9.610245704650991, 46.301559448242202 ], [ 9.610902786254879, 46.301204681396598 ], [ 9.61143684387218, 46.300792694091903 ], [ 9.61217117309576, 46.300075531006001 ], [ 9.61300182342524, 46.299495697021598 ], [ 9.61372184753424, 46.298866271972599 ], [ 9.614555358886779, 46.2983207702637 ], [ 9.61527729034429, 46.297691345215 ], [ 9.616114616394039, 46.297111511230597 ], [ 9.61711502075201, 46.296184539795 ], [ 9.61771297454834, 46.2957992553712 ], [ 9.618421554565369, 46.295482635498203 ], [ 9.618797302246209, 46.295372009277401 ], [ 9.62072658538813, 46.295028686523601 ], [ 9.62457561492926, 46.295158386230497 ], [ 9.6279182434082, 46.295078277587898 ], [ 9.62946224212658, 46.294918060302798 ], [ 9.635067939758359, 46.294067382812599 ], [ 9.63715553283703, 46.293979644775497 ], [ 9.638199806213381, 46.294036865234403 ], [ 9.63920974731445, 46.294185638427798 ], [ 9.64115238189709, 46.2947387695312 ], [ 9.64294242858892, 46.295131683349702 ], [ 9.64372062683111, 46.295394897461101 ], [ 9.646379470825201, 46.296928405761797 ], [ 9.64858436584478, 46.297641754150398 ], [ 9.651241302490231, 46.299171447753999 ], [ 9.651973724365231, 46.299423217773601 ], [ 9.653153419494741, 46.299720764160199 ], [ 9.654466629028381, 46.300308227539098 ], [ 9.65672111511242, 46.300987243652301 ], [ 9.6590633392334, 46.302341461181797 ], [ 9.659768104553279, 46.302642822265703 ], [ 9.66063404083258, 46.302825927734503 ], [ 9.663082122802789, 46.303184509277401 ], [ 9.666097640991151, 46.303432464599702 ], [ 9.667049407958981, 46.303600311279297 ], [ 9.66749000549328, 46.303749084472699 ], [ 9.66803073883068, 46.304039001464801 ], [ 9.668519020080559, 46.304485321045 ], [ 9.6697216033935, 46.3062553405762 ], [ 9.67012405395508, 46.306713104248097 ], [ 9.670549392700311, 46.307037353515703 ], [ 9.67209625244141, 46.307941436767599 ], [ 9.672775268554799, 46.308254241943501 ], [ 9.67470741271978, 46.308792114257798 ], [ 9.67615509033209, 46.309436798095803 ], [ 9.676943778991699, 46.309638977050803 ], [ 9.678673744201721, 46.309951782226598 ], [ 9.678806304931751, 46.309230804443501 ], [ 9.67898178100597, 46.308784484863203 ], [ 9.6797447204591, 46.307769775390703 ], [ 9.68048763275146, 46.306236267089901 ], [ 9.680990219116209, 46.305637359619098 ], [ 9.68161678314209, 46.3050727844238 ], [ 9.68304538726812, 46.304027557373097 ], [ 9.6845645904541, 46.303108215332003 ], [ 9.68606758117676, 46.302402496337798 ], [ 9.68737125396729, 46.301670074462898 ], [ 9.68997764587402, 46.300704956054702 ], [ 9.69286441802973, 46.300113677978501 ], [ 9.695273399353139, 46.299373626708999 ], [ 9.69775390625011, 46.298847198486399 ], [ 9.701378822326721, 46.298507690429702 ], [ 9.703450202941839, 46.298210144042997 ], [ 9.70449161529552, 46.298133850097699 ], [ 9.706060409545961, 46.298095703125099 ], [ 9.70720958709728, 46.298149108886697 ], [ 9.70756340026861, 46.298164367675803 ], [ 9.70847415924084, 46.298297882080099 ], [ 9.708879470825311, 46.298412322997997 ], [ 9.70987892150873, 46.298831939697301 ], [ 9.71140003204351, 46.299228668212898 ], [ 9.71215438842785, 46.2994804382325 ], [ 9.71422195434576, 46.300708770751903 ], [ 9.71459197998041, 46.301090240478501 ], [ 9.714779853820801, 46.301399230957003 ], [ 9.715000152587949, 46.302066802978501 ], [ 9.715096473693899, 46.302772521972699 ], [ 9.71524620056158, 46.305702209472798 ], [ 9.71539306640625, 46.3064193725587 ], [ 9.716036796569821, 46.308544158935497 ], [ 9.716313362121641, 46.309223175048899 ], [ 9.7171573638916, 46.310554504394503 ], [ 9.717817306518549, 46.311920166015703 ], [ 9.71831035614014, 46.312488555908303 ], [ 9.72037506103516, 46.314140319824197 ], [ 9.72143554687511, 46.315647125244197 ], [ 9.723953247070311, 46.317600250244297 ], [ 9.724764823913519, 46.318874359130902 ], [ 9.72496128082275, 46.319557189941499 ], [ 9.72504901885986, 46.319862365722699 ], [ 9.725186347961539, 46.321250915527301 ], [ 9.725218772888301, 46.323360443115298 ], [ 9.72511196136475, 46.324390411377003 ], [ 9.724905967712401, 46.325050354003899 ], [ 9.724698066711429, 46.325366973877003 ], [ 9.72451114654552, 46.325649261474702 ], [ 9.72363185882574, 46.326389312744297 ], [ 9.722927093505859, 46.326786041259901 ], [ 9.72126483917236, 46.3274154663087 ], [ 9.72052192688, 46.327774047851598 ], [ 9.71984767913824, 46.32820892334 ], [ 9.71928119659418, 46.328716278076101 ], [ 9.71889209747326, 46.329307556152401 ], [ 9.71865367889416, 46.330257415771499 ], [ 9.71868228912354, 46.331218719482401 ], [ 9.71894836425793, 46.332145690917997 ], [ 9.719478607177731, 46.333007812499901 ], [ 9.71999740600597, 46.333587646484297 ], [ 9.72164821624756, 46.334728240966903 ], [ 9.72254943847668, 46.335208892822202 ], [ 9.72334671020513, 46.335762023925803 ], [ 9.724443435669, 46.3363876342775 ], [ 9.725778579711969, 46.337417602539098 ], [ 9.7261257171632, 46.337944030761797 ], [ 9.7263126373291, 46.338550567627003 ], [ 9.72640800476074, 46.339202880859403 ], [ 9.726487159729, 46.341991424560597 ], [ 9.72638797760021, 46.3444633483887 ], [ 9.726011276245121, 46.346763610839801 ], [ 9.72608661651617, 46.347274780273601 ], [ 9.726366043090881, 46.347835540771499 ], [ 9.726873397827211, 46.348396301269602 ], [ 9.72783374786388, 46.349170684814503 ], [ 9.734453201294061, 46.3536186218262 ], [ 9.73593711853027, 46.354492187500099 ], [ 9.737435340881399, 46.355155944824197 ], [ 9.73840808868408, 46.355655670166001 ], [ 9.73915290832525, 46.3558578491212 ], [ 9.740403175354, 46.355995178222699 ], [ 9.74329662322998, 46.356128692627102 ], [ 9.743940353393549, 46.356082916259801 ], [ 9.745466232299799, 46.355724334716903 ], [ 9.746952056884769, 46.354984283447401 ], [ 9.74830818176275, 46.3546142578125 ], [ 9.748940467834419, 46.354377746582003 ], [ 9.751579284668081, 46.352752685546903 ], [ 9.75387573242182, 46.3520317077637 ], [ 9.756546974182241, 46.350433349609403 ], [ 9.75814819335938, 46.349922180175803 ], [ 9.758740425109981, 46.349636077880902 ], [ 9.75914573669445, 46.349216461181697 ], [ 9.759828567505, 46.348079681396499 ], [ 9.760680198669551, 46.347206115722699 ], [ 9.76119995117188, 46.3462524414063 ], [ 9.76158237457275, 46.3458061218262 ], [ 9.76234817504894, 46.345375061035298 ], [ 9.76542568206793, 46.3440170288087 ], [ 9.76624202728283, 46.343433380127003 ], [ 9.76710987091076, 46.342922210693402 ], [ 9.76803207397467, 46.342197418212898 ], [ 9.76953411102301, 46.341308593750099 ], [ 9.770229339599609, 46.341098785400497 ], [ 9.771457672119199, 46.340942382812599 ], [ 9.77458667755138, 46.340770721435497 ], [ 9.7764692306518, 46.340564727783203 ], [ 9.777596473693849, 46.340591430664198 ], [ 9.778349876403871, 46.340740203857401 ], [ 9.77906227111828, 46.340984344482401 ], [ 9.781821250915581, 46.342155456543097 ], [ 9.78356933593756, 46.343288421630902 ], [ 9.78470611572271, 46.344367980957102 ], [ 9.78589725494396, 46.345317840576101 ], [ 9.787735939025881, 46.346061706542997 ], [ 9.788352012634389, 46.346397399902301 ], [ 9.789102554321349, 46.346916198730597 ], [ 9.789634704589901, 46.347187042236399 ], [ 9.79124832153326, 46.347686767578203 ], [ 9.79246425628668, 46.348278045654403 ], [ 9.79312705993647, 46.348487854003899 ], [ 9.79652214050304, 46.349067687988303 ], [ 9.800329208374141, 46.349246978759801 ], [ 9.801717758178651, 46.349369049072301 ], [ 9.8024787902832, 46.349521636962898 ], [ 9.803689002990669, 46.349887847900298 ], [ 9.80422592163092, 46.350124359130902 ], [ 9.805661201477159, 46.3510971069337 ], [ 9.806558609008899, 46.351856231689503 ], [ 9.808396339416561, 46.353157043457102 ], [ 9.810990333557131, 46.354419708252102 ], [ 9.811795234680121, 46.354713439941499 ], [ 9.813150405883849, 46.354938507080099 ], [ 9.816447257995661, 46.355079650878999 ], [ 9.817300796508791, 46.355167388916101 ], [ 9.817825317382811, 46.355224609375099 ], [ 9.819510459899901, 46.355617523193303 ], [ 9.82061767578136, 46.356006622314403 ], [ 9.821787834167541, 46.3566703796387 ], [ 9.82319831848144, 46.357700347900497 ], [ 9.82442569732677, 46.358783721923899 ], [ 9.825368881225531, 46.359821319580099 ], [ 9.826169013977051, 46.360408782958999 ], [ 9.827842712402459, 46.361801147461101 ], [ 9.82927989959728, 46.363658905029297 ], [ 9.8302373886109, 46.365562438964901 ], [ 9.830698013305719, 46.366714477539198 ], [ 9.833753585815369, 46.366458892822401 ], [ 9.835787773132269, 46.366367340087898 ], [ 9.83831977844244, 46.366336822509801 ], [ 9.840302467346129, 46.366405487060597 ], [ 9.841252326965391, 46.366512298583999 ], [ 9.844018936157219, 46.366992950439503 ], [ 9.844791412353519, 46.367214202881001 ], [ 9.84574699401867, 46.367652893066499 ], [ 9.846519470214901, 46.367870330810497 ], [ 9.8492860794068, 46.3683471679687 ], [ 9.85077857971203, 46.368480682373097 ], [ 9.858095169067379, 46.3685302734375 ], [ 9.86207389831549, 46.368831634521499 ], [ 9.86352825164801, 46.368724822998203 ], [ 9.866336822509769, 46.368041992187599 ], [ 9.8677978515625, 46.367996215820398 ], [ 9.86876106262201, 46.368141174316399 ], [ 9.869975090026861, 46.368610382080099 ], [ 9.873122215271, 46.370304107666001 ], [ 9.877090454101509, 46.373100280761697 ], [ 9.878616333007759, 46.373996734619197 ], [ 9.87932777404791, 46.374660491943501 ], [ 9.880143165588491, 46.3757934570312 ], [ 9.8809690475465, 46.376728057861399 ], [ 9.88176822662354, 46.377445220947301 ], [ 9.882516860961911, 46.377754211425803 ], [ 9.884222030639711, 46.378158569336001 ], [ 9.88604640960688, 46.378707885742202 ], [ 9.888201713562131, 46.379146575927798 ], [ 9.88951492309576, 46.379703521728501 ], [ 9.891341209411729, 46.380233764648501 ], [ 9.891964912414551, 46.380538940429702 ], [ 9.894192695617621, 46.38187789917 ], [ 9.89629459381109, 46.382579803466797 ], [ 9.898997306823791, 46.384239196777401 ], [ 9.90239906311041, 46.3855590820313 ], [ 9.90322780609131, 46.3847885131837 ], [ 9.904196739196779, 46.3841323852538 ], [ 9.90577983856195, 46.382869720459098 ], [ 9.906021118164119, 46.382602691650398 ], [ 9.908203125, 46.380157470703097 ], [ 9.90974235534674, 46.378921508789198 ], [ 9.91056632995617, 46.378372192382898 ], [ 9.911307334899959, 46.377761840820398 ], [ 9.912156105041561, 46.377204895019602 ], [ 9.91297054290771, 46.376571655273501 ], [ 9.913455009460449, 46.376293182373097 ], [ 9.914141654968381, 46.3760375976563 ], [ 9.916672706604, 46.375492095947301 ], [ 9.91766357421881, 46.375186920166101 ], [ 9.918394088745231, 46.3748779296875 ], [ 9.919962882995611, 46.373680114746101 ], [ 9.92027378082275, 46.373184204101598 ], [ 9.920584678649901, 46.372692108154403 ], [ 9.921010971069389, 46.372203826904197 ], [ 9.92123603820801, 46.372085571289198 ], [ 9.92168045043945, 46.3718490600587 ], [ 9.92232131958013, 46.371658325195398 ], [ 9.92291927337646, 46.371570587158303 ], [ 9.923812866211049, 46.3716430664063 ], [ 9.924605369567869, 46.371852874755902 ], [ 9.92498683929443, 46.372024536132898 ], [ 9.925437927246151, 46.372360229492202 ], [ 9.925785064697379, 46.372867584228601 ], [ 9.92589092254644, 46.3731880187988 ], [ 9.926057815551809, 46.375568389892599 ], [ 9.92621612548834, 46.376220703125099 ], [ 9.926508903503469, 46.376720428466903 ], [ 9.92686176300049, 46.377067565917898 ], [ 9.928433418273981, 46.378200531005902 ], [ 9.929839134216371, 46.379013061523402 ], [ 9.93050479888927, 46.379306793212898 ], [ 9.932600021362299, 46.379764556884801 ], [ 9.93490219116217, 46.380382537841903 ], [ 9.937271118164119, 46.380725860595803 ], [ 9.941081047058111, 46.381435394287202 ], [ 9.944955825805719, 46.381908416748203 ], [ 9.947984695434631, 46.381984710693402 ], [ 9.9546880722047, 46.381820678711101 ], [ 9.954356193542541, 46.3814697265625 ], [ 9.953379631042541, 46.380435943603501 ], [ 9.95194244384771, 46.378223419189503 ], [ 9.95169544219976, 46.377399444580099 ], [ 9.95180034637451, 46.376590728759702 ], [ 9.951915740966911, 46.3763427734375 ], [ 9.95225715637218, 46.375942230224702 ], [ 9.95431613922131, 46.374355316162102 ], [ 9.954655647277781, 46.373939514160199 ], [ 9.955368041992189, 46.3728256225587 ], [ 9.956216812133849, 46.371971130371101 ], [ 9.95673942565929, 46.371044158935703 ], [ 9.957065582275501, 46.37060546875 ], [ 9.95908737182617, 46.368812561035298 ], [ 9.95967388153082, 46.368438720703203 ], [ 9.96056842803949, 46.367992401123203 ], [ 9.96103477478027, 46.367759704589801 ], [ 9.96188354492193, 46.3671875 ], [ 9.963686943054251, 46.366176605224702 ], [ 9.96595573425293, 46.365493774414098 ], [ 9.96689605712902, 46.3649711608887 ], [ 9.96829891204834, 46.3643188476562 ], [ 9.96915817260742, 46.363739013671903 ], [ 9.97015666961676, 46.362812042236399 ], [ 9.97101497650152, 46.362239837646598 ], [ 9.971775054931751, 46.361637115478601 ], [ 9.972666740417541, 46.361118316650497 ], [ 9.97351646423351, 46.3605346679688 ], [ 9.97570705413818, 46.359458923339901 ], [ 9.97893238067627, 46.357475280761697 ], [ 9.981767654419, 46.3561210632325 ], [ 9.982143402099609, 46.356006622314403 ], [ 9.982981681823841, 46.355861663818402 ], [ 9.98484134674084, 46.355796813964901 ], [ 9.986747741699331, 46.355907440185597 ], [ 9.989033699035639, 46.356246948242301 ], [ 9.99022769927973, 46.356239318847798 ], [ 9.99098014831543, 46.356071472168097 ], [ 9.991316795349061, 46.355907440185597 ], [ 9.991610527038519, 46.355663299560497 ], [ 9.99193191528326, 46.355102539062599 ], [ 9.992099761962949, 46.353828430175803 ], [ 9.992100715637211, 46.352893829345803 ], [ 9.992103576660099, 46.349239349365298 ], [ 9.99201583862299, 46.348213195800902 ], [ 9.9917421340943, 46.347343444824197 ], [ 9.99125862121582, 46.346508026122997 ], [ 9.990939140319879, 46.346134185791001 ], [ 9.98841667175304, 46.344264984130902 ], [ 9.98764228820801, 46.343456268310497 ], [ 9.98565006256098, 46.341728210449297 ], [ 9.984914779663139, 46.340892791748203 ], [ 9.98420333862299, 46.340248107910298 ], [ 9.983877182006839, 46.339855194091903 ], [ 9.983230590820369, 46.338317871093899 ], [ 9.98246955871582, 46.3370170593262 ], [ 9.981908798217891, 46.335315704345803 ], [ 9.98101902008068, 46.333713531494098 ], [ 9.98029136657715, 46.331741333007798 ], [ 9.97952365875256, 46.3304252624513 ], [ 9.979342460632379, 46.329822540283303 ], [ 9.979289054870661, 46.328899383545 ], [ 9.979482650756781, 46.3280258178712 ], [ 9.979619026184199, 46.327758789062599 ], [ 9.97999191284174, 46.327346801757798 ], [ 9.981326103210449, 46.326320648193402 ], [ 9.98220443725592, 46.325817108154403 ], [ 9.9829826354981, 46.325241088867202 ], [ 9.9838628768922, 46.324737548828203 ], [ 9.98463630676275, 46.324150085449297 ], [ 9.98550987243658, 46.3236312866212 ], [ 9.98594951629638, 46.323295593261697 ], [ 9.98627758026117, 46.323040008544901 ], [ 9.98714447021479, 46.322521209716903 ], [ 9.987900733947869, 46.321926116943402 ], [ 9.988759994506889, 46.321407318115298 ], [ 9.98952198028576, 46.320816040039098 ], [ 9.99129676818853, 46.3197631835938 ], [ 9.99185657501215, 46.319549560546903 ], [ 9.99341106414801, 46.319149017334098 ], [ 9.995388984680231, 46.318855285644602 ], [ 9.996149063110471, 46.318664550781399 ], [ 9.99680709838867, 46.3183403015137 ], [ 9.99707698822021, 46.318138122558501 ], [ 9.9974565505982, 46.317661285400298 ], [ 9.997563362121531, 46.317237854003899 ], [ 9.997550964355529, 46.316471099853601 ], [ 9.997323036193849, 46.315013885497997 ], [ 9.996940612792971, 46.314258575439503 ], [ 9.99628353118891, 46.3136405944825 ], [ 9.996035575866699, 46.313270568847699 ], [ 9.99575042724609, 46.3124809265138 ], [ 9.99576377868658, 46.312068939209098 ], [ 9.99599456787109, 46.311470031738303 ], [ 9.99623394012451, 46.311073303222599 ], [ 9.99728870391851, 46.3100814819337 ], [ 9.998021125793461, 46.308967590332102 ], [ 9.9986944198609, 46.308319091796903 ], [ 9.99898624420177, 46.307929992675803 ], [ 9.99913978576666, 46.307193756103501 ], [ 9.99902534484858, 46.306713104248097 ], [ 9.998734474182189, 46.306324005127003 ], [ 9.99752044677734, 46.305332183837898 ], [ 9.99669361114508, 46.304832458496101 ], [ 9.995963096618651, 46.304252624511697 ], [ 9.99536132812494, 46.303878784179702 ], [ 9.995114326477051, 46.303726196289098 ], [ 9.99413108825695, 46.302951812744297 ], [ 9.993646621704221, 46.302700042724702 ], [ 9.991670608520559, 46.302032470703203 ], [ 9.99089908599859, 46.301681518554801 ], [ 9.99048614501959, 46.3012886047363 ], [ 9.99028873443604, 46.300777435302798 ], [ 9.990291595458929, 46.3002319335938 ], [ 9.99046230316168, 46.299678802490298 ], [ 9.99131488800049, 46.298404693603501 ], [ 9.99224281311041, 46.296432495117202 ], [ 9.99295043945318, 46.295368194580099 ], [ 9.99323368072521, 46.294792175292997 ], [ 9.993802070617679, 46.2922973632813 ], [ 9.99413585662842, 46.291538238525398 ], [ 9.99469566345226, 46.290641784668097 ], [ 9.99487304687506, 46.290466308593899 ], [ 9.99510002136242, 46.290241241455099 ], [ 9.995897293090881, 46.2897758483888 ], [ 9.997922897338981, 46.289043426513601 ], [ 9.99870681762695, 46.288818359375 ], [ 9.999588012695311, 46.288665771484403 ], [ 10.002737045288001, 46.2883529663087 ], [ 10.0055551528931, 46.287670135498203 ], [ 10.008694648742701, 46.287330627441499 ], [ 10.0095682144166, 46.287178039550902 ], [ 10.010576248169, 46.286888122558601 ], [ 10.0115070343018, 46.286621093750099 ], [ 10.0143814086915, 46.286079406738402 ], [ 10.016308784484901, 46.2855033874512 ], [ 10.018780708313001, 46.285049438476598 ], [ 10.0211172103882, 46.284385681152301 ], [ 10.023599624633899, 46.283939361572301 ], [ 10.0259513854982, 46.283283233642699 ], [ 10.0284233093263, 46.282829284668097 ], [ 10.029208183288601, 46.2826156616212 ], [ 10.031517982483001, 46.281742095947401 ], [ 10.032976150512599, 46.280941009521499 ], [ 10.036608695984, 46.279388427734503 ], [ 10.037449836731, 46.278812408447301 ], [ 10.0383291244507, 46.278297424316399 ], [ 10.039088249206699, 46.2777099609375 ], [ 10.0410690307618, 46.276489257812599 ], [ 10.043359756469799, 46.275608062744197 ], [ 10.044127464294499, 46.275394439697301 ], [ 10.046008110046399, 46.275001525878999 ], [ 10.047616958618301, 46.274345397949297 ], [ 10.0493021011354, 46.273921966552798 ], [ 10.052436828613301, 46.272460937500099 ], [ 10.053149223327701, 46.27201461792 ], [ 10.053807258606099, 46.271522521972699 ], [ 10.054369926452599, 46.270973205566499 ], [ 10.0547580718994, 46.270374298095703 ], [ 10.0549716949463, 46.269760131836001 ], [ 10.055448532104499, 46.267589569091903 ], [ 10.0565357208253, 46.264900207519602 ], [ 10.057053565979, 46.262397766113402 ], [ 10.0582790374756, 46.259414672851598 ], [ 10.0583753585815, 46.2589111328125 ], [ 10.0587673187257, 46.256877899169901 ], [ 10.059386253356999, 46.255214691162202 ], [ 10.0585336685181, 46.253784179687599 ], [ 10.057491302490201, 46.252803802490199 ], [ 10.0566358566285, 46.251388549804702 ], [ 10.0555305480956, 46.250343322753999 ], [ 10.0541973114015, 46.248722076416101 ], [ 10.0538520812988, 46.2482109069825 ], [ 10.0530748367309, 46.246738433837898 ], [ 10.052368164062599, 46.244945526123203 ], [ 10.052216529846101, 46.244274139404297 ], [ 10.051980018615801, 46.2419242858888 ], [ 10.051781654358001, 46.2413330078125 ], [ 10.051614761352701, 46.241065979003999 ], [ 10.051103591918899, 46.240661621093899 ], [ 10.049246788025, 46.240081787109503 ], [ 10.048301696777401, 46.239597320556797 ], [ 10.046771049499499, 46.239006042480497 ], [ 10.0460271835328, 46.238616943359403 ], [ 10.0453329086304, 46.238166809082102 ], [ 10.044730186462299, 46.2376518249512 ], [ 10.044299125671399, 46.237049102783303 ], [ 10.0441761016847, 46.236503601074197 ], [ 10.0442695617675, 46.235950469970803 ], [ 10.044636726379499, 46.235351562499901 ], [ 10.045470237731999, 46.2345809936525 ], [ 10.0464839935303, 46.233898162841903 ], [ 10.0476341247559, 46.233329772949297 ], [ 10.0489044189454, 46.232986450195398 ], [ 10.0510425567628, 46.232669830322301 ], [ 10.053108215332101, 46.232299804687401 ], [ 10.053655624389799, 46.2322006225587 ], [ 10.0546989440919, 46.2318954467775 ], [ 10.0564861297609, 46.230823516845803 ], [ 10.057295799255501, 46.230209350585902 ], [ 10.058911323547401, 46.229297637939602 ], [ 10.059443473816, 46.228874206542898 ], [ 10.060397148132401, 46.227890014648601 ], [ 10.0612392425538, 46.227260589599602 ], [ 10.0619974136353, 46.2265434265137 ], [ 10.062441825866699, 46.226211547851598 ], [ 10.0646018981934, 46.22513961792 ], [ 10.0669898986816, 46.223663330078203 ], [ 10.067741394043001, 46.223335266113203 ], [ 10.068157196044901, 46.223220825195398 ], [ 10.0689058303832, 46.223136901855597 ], [ 10.0696563720704, 46.223201751709098 ], [ 10.0704851150513, 46.223457336425803 ], [ 10.071221351623601, 46.223831176757898 ], [ 10.073966979980501, 46.225597381591797 ], [ 10.07572555542, 46.2265625 ], [ 10.0770568847656, 46.227809906006001 ], [ 10.078609466552701, 46.229015350341797 ], [ 10.0809898376465, 46.230663299560703 ], [ 10.0824594497681, 46.231479644775398 ], [ 10.083197593689, 46.231765747070298 ], [ 10.0861530303956, 46.232711791992202 ], [ 10.087036132812599, 46.232868194580099 ], [ 10.08962059021, 46.233154296875099 ], [ 10.0903310775757, 46.233329772949297 ], [ 10.091048240661699, 46.233638763427798 ], [ 10.0916357040406, 46.2338256835937 ], [ 10.0923833847047, 46.233924865722699 ], [ 10.0931901931763, 46.233940124511797 ], [ 10.0964660644531, 46.233596801757898 ], [ 10.1009902954103, 46.233467102050803 ], [ 10.1011190414429, 46.233455657958999 ], [ 10.102436065673899, 46.233341217041101 ], [ 10.1032199859619, 46.233184814453203 ], [ 10.1044616699218, 46.232822418212898 ], [ 10.1050157546997, 46.232601165771499 ], [ 10.1061916351318, 46.231948852539098 ], [ 10.108050346374601, 46.231403350830199 ], [ 10.108941078186101, 46.231273651122997 ], [ 10.109873771667401, 46.231208801269503 ], [ 10.115217208862401, 46.231166839599702 ], [ 10.1170854568482, 46.231025695800803 ], [ 10.117854118347299, 46.230865478515703 ], [ 10.1190948486329, 46.230499267578203 ], [ 10.1196393966675, 46.230274200439602 ], [ 10.1205244064332, 46.2297554016113 ], [ 10.121067047119199, 46.229564666747997 ], [ 10.12193775177, 46.229370117187599 ], [ 10.1228275299072, 46.229335784912202 ], [ 10.123696327209601, 46.229480743408303 ], [ 10.1242685317994, 46.229629516601499 ], [ 10.1254558563232, 46.2301864624025 ], [ 10.126210212707599, 46.230384826660298 ], [ 10.127561569213899, 46.230518341064503 ], [ 10.1315174102784, 46.230625152587997 ], [ 10.1324825286865, 46.2307319641113 ], [ 10.133349418640099, 46.230934143066499 ], [ 10.135098457336399, 46.2316093444825 ], [ 10.1356658935547, 46.231826782226598 ], [ 10.136746406555201, 46.232551574707003 ], [ 10.1384887695313, 46.233592987060497 ], [ 10.140729904174901, 46.234287261962997 ], [ 10.143369674682599, 46.235816955566499 ], [ 10.144931793213001, 46.2363052368163 ], [ 10.145511627197401, 46.236583709716903 ], [ 10.145920753479, 46.236984252929702 ], [ 10.1466150283815, 46.238090515136697 ], [ 10.147445678711, 46.238983154296797 ], [ 10.1481227874756, 46.2406005859375 ], [ 10.1489620208741, 46.241939544677699 ], [ 10.149681091308601, 46.243534088134801 ], [ 10.150048255920501, 46.243923187255902 ], [ 10.1511735916138, 46.244831085205099 ], [ 10.152235984802299, 46.245498657226598 ], [ 10.1529941558838, 46.246089935302798 ], [ 10.153870582580501, 46.246608734130902 ], [ 10.1546306610107, 46.247203826904403 ], [ 10.155502319336, 46.247726440429801 ], [ 10.156257629394601, 46.248329162597599 ], [ 10.157127380371101, 46.248851776122997 ], [ 10.1578760147094, 46.249454498291101 ], [ 10.158740043640099, 46.249973297119098 ], [ 10.1594944000244, 46.25057220459 ], [ 10.1603813171388, 46.251083374023501 ], [ 10.1612148284913, 46.251674652099602 ], [ 10.162667274475099, 46.252357482910199 ], [ 10.1637248992919, 46.252956390381001 ], [ 10.167920112609901, 46.255691528320398 ], [ 10.168626785278301, 46.256080627441499 ], [ 10.170081138610801, 46.256759643554702 ], [ 10.170918464660801, 46.257343292236399 ], [ 10.171814918518001, 46.257846832275398 ], [ 10.172575950622599, 46.258430480957003 ], [ 10.173440933227599, 46.258937835693402 ], [ 10.1743192672731, 46.259654998779403 ], [ 10.1749305725097, 46.260154724121001 ], [ 10.175111770629901, 46.260398864746101 ], [ 10.1753396987916, 46.260955810546903 ], [ 10.175482749939, 46.261890411377003 ], [ 10.175503730774, 46.262992858886797 ], [ 10.1755142211915, 46.263557434082102 ], [ 10.175468444824199, 46.2643051147462 ], [ 10.1754112243653, 46.265243530273601 ], [ 10.1752872467041, 46.265899658203097 ], [ 10.175062179565501, 46.266532897949297 ], [ 10.17422580719, 46.2678833007813 ], [ 10.173514366149901, 46.269477844238402 ], [ 10.172676086425801, 46.270370483398501 ], [ 10.1720342636109, 46.271514892578203 ], [ 10.171710968017599, 46.271949768066499 ], [ 10.1702098846435, 46.273155212402301 ], [ 10.1693477630616, 46.273677825927798 ], [ 10.1685876846313, 46.2742691040038 ], [ 10.1676845550538, 46.274776458740199 ], [ 10.1668367385865, 46.2753524780275 ], [ 10.166263580322299, 46.275611877441399 ], [ 10.1653995513916, 46.276004791259801 ], [ 10.1644229888916, 46.276573181152301 ], [ 10.1635360717775, 46.277248382568402 ], [ 10.162845611572299, 46.278030395507898 ], [ 10.1624851226806, 46.278964996337898 ], [ 10.1621866226197, 46.280887603759801 ], [ 10.1618175506591, 46.2822494506837 ], [ 10.161660194397101, 46.284046173095803 ], [ 10.1615753173829, 46.285011291503899 ], [ 10.161496162414601, 46.285911560058601 ], [ 10.1607475280762, 46.287979125976698 ], [ 10.1604232788087, 46.288444519042997 ], [ 10.1601858139038, 46.288639068603601 ], [ 10.159589767456101, 46.288906097412102 ], [ 10.158021926879901, 46.289340972900398 ], [ 10.1565046310425, 46.290157318115298 ], [ 10.1559600830078, 46.290603637695398 ], [ 10.1558504104615, 46.2907905578613 ], [ 10.155769348144499, 46.291175842285199 ], [ 10.155871391296399, 46.293510437011797 ], [ 10.1558589935304, 46.293697357177798 ], [ 10.155831336975099, 46.294139862060703 ], [ 10.1557006835938, 46.294727325439602 ], [ 10.1554250717163, 46.295253753662202 ], [ 10.154720306396401, 46.295906066894602 ], [ 10.153655052185099, 46.2971000671387 ], [ 10.1525850296022, 46.298084259033303 ], [ 10.152108192444, 46.298393249511797 ], [ 10.1517534255981, 46.298526763916101 ], [ 10.1509599685669, 46.298690795898402 ], [ 10.1487693786622, 46.29887008667 ], [ 10.147891044616699, 46.298999786377003 ], [ 10.1471118927003, 46.299201965332102 ], [ 10.1451406478882, 46.299869537353601 ], [ 10.143161773681699, 46.300998687744197 ], [ 10.142413139343301, 46.301548004150398 ], [ 10.141527175903301, 46.302009582519602 ], [ 10.1406812667847, 46.302539825439602 ], [ 10.138861656189, 46.303211212158203 ], [ 10.1383275985719, 46.303436279297003 ], [ 10.136878013610801, 46.304054260253899 ], [ 10.1372737884521, 46.304557800293097 ], [ 10.137467384338301, 46.304904937744098 ], [ 10.137602806091399, 46.305145263672003 ], [ 10.137804985046399, 46.305812835693501 ], [ 10.1378517150879, 46.3062133789063 ], [ 10.1378841400147, 46.306488037109503 ], [ 10.137848854064901, 46.307163238525298 ], [ 10.1376581192016, 46.307819366455099 ], [ 10.137475967407299, 46.308132171630902 ], [ 10.136982917785801, 46.30863571167 ], [ 10.1363439559937, 46.309028625488303 ], [ 10.1359815597535, 46.309177398681697 ], [ 10.1352138519288, 46.3093872070312 ], [ 10.1337375640869, 46.309684753418097 ], [ 10.1324262619019, 46.310230255126903 ], [ 10.1307582855225, 46.310672760009801 ], [ 10.1301250457765, 46.310897827148402 ], [ 10.130027770996101, 46.3109550476075 ], [ 10.128363609314, 46.3119506835938 ], [ 10.1276063919069, 46.312557220458999 ], [ 10.1267442703247, 46.3130912780762 ], [ 10.1259822845459, 46.313697814941499 ], [ 10.124418258667101, 46.314697265624901 ], [ 10.124225616455099, 46.314819335937599 ], [ 10.120261192321699, 46.316535949707102 ], [ 10.118487358093301, 46.317638397216903 ], [ 10.117713928222701, 46.318233489990199 ], [ 10.1168518066406, 46.318759918212997 ], [ 10.115345001220801, 46.319995880127003 ], [ 10.1150150299072, 46.320457458496101 ], [ 10.1144199371337, 46.321792602539098 ], [ 10.1135816574097, 46.323143005371101 ], [ 10.1129274368287, 46.324901580810497 ], [ 10.1119604110718, 46.326557159423899 ], [ 10.1111717224122, 46.328605651855597 ], [ 10.110333442688001, 46.329952239990298 ], [ 10.1095867156982, 46.331531524658303 ], [ 10.1092176437378, 46.331920623779403 ], [ 10.107876777648899, 46.332981109619098 ], [ 10.1069946289062, 46.333496093750099 ], [ 10.1062107086181, 46.334072113037102 ], [ 10.1053142547609, 46.334571838378899 ], [ 10.104536056518601, 46.3351440429688 ], [ 10.103691101074199, 46.335662841797003 ], [ 10.1033630371094, 46.335990905761797 ], [ 10.1031799316406, 46.336383819580099 ], [ 10.1031541824341, 46.337074279785199 ], [ 10.1032810211182, 46.338619232177798 ], [ 10.1034612655641, 46.339584350586001 ], [ 10.103920936584499, 46.340923309326101 ], [ 10.1043033599853, 46.342437744140703 ], [ 10.104738235473601, 46.343776702881001 ], [ 10.105258941650501, 46.346340179443402 ], [ 10.1055345535278, 46.346923828125099 ], [ 10.106211662292599, 46.348007202148501 ], [ 10.1068954467775, 46.349746704101698 ], [ 10.1076879501343, 46.351123809814503 ], [ 10.107949256896999, 46.3517265319825 ], [ 10.1081275939943, 46.352737426757898 ], [ 10.108233451843301, 46.355079650878999 ], [ 10.1083717346191, 46.3556938171387 ], [ 10.108692169189601, 46.356243133544901 ], [ 10.1089611053468, 46.356479644775398 ], [ 10.1096496582031, 46.356773376464901 ], [ 10.110429763793899, 46.356922149658303 ], [ 10.112520217895501, 46.357181549072301 ], [ 10.113299369811999, 46.357414245605597 ], [ 10.113965988159199, 46.357742309570398 ], [ 10.1145238876344, 46.3581352233887 ], [ 10.1152963638307, 46.358837127685703 ], [ 10.116138458252101, 46.359424591064403 ], [ 10.117410659790099, 46.360511779785199 ], [ 10.117755889892599, 46.360866546630902 ], [ 10.118515014648599, 46.361942291259801 ], [ 10.119048118591399, 46.362293243408097 ], [ 10.119732856750501, 46.362522125244098 ], [ 10.1212730407715, 46.362861633300803 ], [ 10.123204231262299, 46.363414764404403 ], [ 10.125512123107899, 46.3638725280762 ], [ 10.1260957717897, 46.364124298095803 ], [ 10.127123832702701, 46.364814758300902 ], [ 10.1275072097778, 46.365150451660199 ], [ 10.127670288086099, 46.365386962890703 ], [ 10.127845764160201, 46.365913391113303 ], [ 10.127835273742599, 46.366760253906399 ], [ 10.126646995544499, 46.370559692382898 ], [ 10.126425743103001, 46.371589660644503 ], [ 10.1263170242309, 46.373371124267599 ], [ 10.1263341903688, 46.376251220703203 ], [ 10.1265172958375, 46.37801361084 ], [ 10.1273288726807, 46.380874633789198 ], [ 10.1279497146607, 46.382038116455099 ], [ 10.128432273864901, 46.382640838623203 ], [ 10.130002975463899, 46.383846282958899 ], [ 10.1308698654175, 46.384368896484403 ], [ 10.1316452026368, 46.384960174560703 ], [ 10.1325464248657, 46.385475158691399 ], [ 10.1334085464478, 46.386058807373097 ], [ 10.1370706558229, 46.387649536132898 ], [ 10.1397209167481, 46.389278411865298 ], [ 10.1402902603151, 46.389533996582003 ], [ 10.1410198211669, 46.389717102050803 ], [ 10.143297195434601, 46.390087127685703 ], [ 10.1449613571166, 46.390224456787202 ], [ 10.146289825439601, 46.390171051025398 ], [ 10.1487455368043, 46.389850616455099 ], [ 10.150769233703601, 46.389739990234403 ], [ 10.1543712615966, 46.389701843261697 ], [ 10.1552963256837, 46.389739990234403 ], [ 10.1558856964112, 46.389766693115199 ], [ 10.156864166259799, 46.389881134033303 ], [ 10.158122062683001, 46.390213012695398 ], [ 10.160348892211999, 46.391078948974702 ], [ 10.1621770858766, 46.392204284667997 ], [ 10.1627607345581, 46.392757415771598 ], [ 10.1630668640138, 46.393375396728501 ], [ 10.1632480621337, 46.394386291503999 ], [ 10.163242340088001, 46.398353576660199 ], [ 10.163068771362401, 46.4008598327637 ], [ 10.1625890731813, 46.402606964111399 ], [ 10.162432670593301, 46.403629302978601 ], [ 10.1623649597168, 46.405029296875099 ], [ 10.1624202728271, 46.406425476074297 ], [ 10.162523269653301, 46.407108306884702 ], [ 10.162722587585399, 46.4077758789062 ], [ 10.1633462905884, 46.408969879150497 ], [ 10.1638765335084, 46.409725189209098 ], [ 10.1650905609131, 46.411064147949197 ], [ 10.1654043197632, 46.411651611328097 ], [ 10.1655359268188, 46.412250518798899 ], [ 10.1655187606812, 46.412857055664098 ], [ 10.1653242111207, 46.413375854492202 ], [ 10.165192604064901, 46.413726806640597 ], [ 10.1639490127565, 46.415332794189503 ], [ 10.162864685058601, 46.416374206542997 ], [ 10.162052154541099, 46.417747497558601 ], [ 10.160547256469799, 46.419063568115298 ], [ 10.1600465774537, 46.419364929199297 ], [ 10.1593427658082, 46.419609069824197 ], [ 10.1584672927857, 46.419750213622997 ], [ 10.157550811767701, 46.419795989990298 ], [ 10.1566219329835, 46.419769287109503 ], [ 10.1557073593141, 46.419666290283303 ], [ 10.154934883117599, 46.419502258300803 ], [ 10.153693199157701, 46.419113159179702 ], [ 10.1531400680543, 46.4188842773438 ], [ 10.1522188186647, 46.4183578491212 ], [ 10.1515579223632, 46.418144226074197 ], [ 10.151150703430201, 46.418064117431697 ], [ 10.1508359909059, 46.418006896972699 ], [ 10.149764060974199, 46.4179077148438 ], [ 10.149188041686999, 46.417922973632798 ], [ 10.148594856262299, 46.418083190917898 ], [ 10.148344039916999, 46.418224334716797 ], [ 10.1479349136354, 46.418655395507699 ], [ 10.147729873657299, 46.419223785400398 ], [ 10.1476202011109, 46.421058654785199 ], [ 10.147575378418001, 46.421825408935497 ], [ 10.147192955017101, 46.423549652099602 ], [ 10.1469068527222, 46.425861358642599 ], [ 10.1467571258544, 46.426498413085902 ], [ 10.146024703979499, 46.428592681884801 ], [ 10.145531654357899, 46.429233551025298 ], [ 10.143548965454199, 46.430900573730497 ], [ 10.142630577087401, 46.4321479797363 ], [ 10.142038345336999, 46.432502746582102 ], [ 10.1416492462159, 46.4326171875 ], [ 10.1403312683106, 46.432773590087898 ], [ 10.136915206909199, 46.432861328125099 ], [ 10.1354675292969, 46.433029174804702 ], [ 10.1350088119507, 46.433135986328203 ], [ 10.1341600418091, 46.433448791503999 ], [ 10.1323852539063, 46.434333801269503 ], [ 10.1322250366212, 46.434410095214901 ], [ 10.1313810348512, 46.434715270996101 ], [ 10.1301021575929, 46.434902191162202 ], [ 10.1288003921509, 46.434852600097798 ], [ 10.12797164917, 46.4346923828125 ], [ 10.125979423523001, 46.434169769287202 ], [ 10.121823310852101, 46.433712005615298 ], [ 10.119818687439, 46.433177947998097 ], [ 10.119235038757299, 46.432914733886797 ], [ 10.1187648773193, 46.4325981140137 ], [ 10.1180067062378, 46.431896209716903 ], [ 10.117195129394601, 46.4312744140625 ], [ 10.116285324096699, 46.430343627929702 ], [ 10.1157283782959, 46.429988861084098 ], [ 10.115058898925801, 46.429740905761697 ], [ 10.114417076110801, 46.429676055908203 ], [ 10.1138200759888, 46.429752349853601 ], [ 10.1126575469972, 46.430255889892599 ], [ 10.1110534667969, 46.430702209472699 ], [ 10.109867095947401, 46.431205749511797 ], [ 10.1095743179322, 46.431262969970803 ], [ 10.1089277267456, 46.4312744140625 ], [ 10.108182907104601, 46.431114196777301 ], [ 10.107430458068899, 46.430770874023501 ], [ 10.106741905212401, 46.430335998535199 ], [ 10.104679107666099, 46.428684234619098 ], [ 10.1039838790894, 46.428428649902301 ], [ 10.1016788482666, 46.427963256836101 ], [ 10.1010456085206, 46.427692413330199 ], [ 10.100643157959, 46.427303314209098 ], [ 10.1000881195068, 46.426418304443402 ], [ 10.099688529968301, 46.426025390625099 ], [ 10.0991725921631, 46.425739288330099 ], [ 10.098407745361399, 46.425529479980497 ], [ 10.0975790023804, 46.425453186035199 ], [ 10.0967292785644, 46.425468444824297 ], [ 10.0943279266357, 46.425769805908303 ], [ 10.091810226440399, 46.425891876220803 ], [ 10.0887145996094, 46.425907135009801 ], [ 10.082545280456699, 46.425819396972699 ], [ 10.080606460571399, 46.425903320312401 ], [ 10.079709053039601, 46.426071166992301 ], [ 10.0792951583863, 46.426216125488303 ], [ 10.0790138244629, 46.426364898681797 ], [ 10.078560829162599, 46.426727294921903 ], [ 10.0782260894775, 46.42724609375 ], [ 10.077790260314901, 46.428638458252102 ], [ 10.077375411987299, 46.429576873779403 ], [ 10.0771293640137, 46.430057525634801 ], [ 10.076760292053301, 46.430549621582102 ], [ 10.075956344604601, 46.431209564208999 ], [ 10.0756187438965, 46.431381225586101 ], [ 10.0736665725707, 46.432373046875099 ], [ 10.0729665756225, 46.432521820068402 ], [ 10.0718641281129, 46.432502746582102 ], [ 10.0711917877197, 46.432350158691499 ], [ 10.070255279541, 46.431907653808601 ], [ 10.0692234039306, 46.4316177368163 ], [ 10.0665845870972, 46.431129455566499 ], [ 10.0657052993776, 46.431030273437599 ], [ 10.0648040771484, 46.431003570556598 ], [ 10.063459396362299, 46.431102752685703 ], [ 10.0613260269166, 46.431594848632898 ], [ 10.060154914856, 46.432075500488303 ], [ 10.0590419769287, 46.432773590087898 ], [ 10.058427810669, 46.433284759521499 ], [ 10.0579080581666, 46.4338607788087 ], [ 10.0575218200684, 46.434520721435703 ], [ 10.057061195373601, 46.435573577880902 ], [ 10.0568580627441, 46.436656951904403 ], [ 10.056831359863301, 46.440021514892599 ], [ 10.0566854476929, 46.441108703613402 ], [ 10.0564994812012, 46.441699981689503 ], [ 10.0560522079468, 46.443126678466903 ], [ 10.0556421279907, 46.443710327148501 ], [ 10.055175781250099, 46.444038391113303 ], [ 10.054471015930201, 46.444282531738303 ], [ 10.054035186767599, 46.444347381591797 ], [ 10.0522527694703, 46.444335937500099 ], [ 10.0513401031494, 46.444423675537202 ], [ 10.0510768890381, 46.444499969482401 ], [ 10.048053741455201, 46.445350646972599 ], [ 10.046510696411101, 46.4458618164063 ], [ 10.045092582702701, 46.446140289306697 ], [ 10.0440425872803, 46.4462280273438 ], [ 10.0424346923829, 46.446266174316499 ], [ 10.038875579834, 46.446144104003899 ], [ 10.0386638641357, 46.447536468506001 ], [ 10.038186073303301, 46.4492797851563 ], [ 10.038064956665099, 46.450668334961101 ], [ 10.0381412506104, 46.452774047851698 ], [ 10.038272857666099, 46.453456878662102 ], [ 10.0385293960571, 46.454109191894602 ], [ 10.038891792297401, 46.454654693603501 ], [ 10.0399942398072, 46.4560165405275 ], [ 10.041107177734499, 46.457057952881001 ], [ 10.0416488647462, 46.457981109619297 ], [ 10.0419874191284, 46.458408355712997 ], [ 10.0435180664063, 46.4596176147462 ], [ 10.0443906784059, 46.460140228271399 ], [ 10.045164108276399, 46.460750579833999 ], [ 10.046051979065, 46.4613227844238 ], [ 10.0488834381104, 46.463916778564602 ], [ 10.04935836792, 46.464519500732401 ], [ 10.049522399902299, 46.464839935302798 ], [ 10.049780845642101, 46.465839385986399 ], [ 10.0498399734497, 46.466865539550902 ], [ 10.049783706665, 46.467891693115298 ], [ 10.049675941467299, 46.468559265136797 ], [ 10.0492210388185, 46.470283508300902 ], [ 10.0490026474, 46.473007202148402 ], [ 10.0487642288209, 46.473976135253899 ], [ 10.047998428344799, 46.475276947021499 ], [ 10.0455188751222, 46.477268218994297 ], [ 10.045193672180201, 46.477691650390703 ], [ 10.0446729660034, 46.478622436523501 ], [ 10.0437135696412, 46.479560852050803 ], [ 10.0431690216065, 46.480319976806697 ], [ 10.0422773361207, 46.481891632080099 ], [ 10.0418787002565, 46.482910156250099 ], [ 10.0413446426391, 46.4852294921875 ], [ 10.0413217544557, 46.486148834228601 ], [ 10.0416059494019, 46.486927032470803 ], [ 10.042099952697701, 46.487689971923899 ], [ 10.0445899963379, 46.489692687988303 ], [ 10.044848442077599, 46.490230560302798 ], [ 10.0448579788209, 46.490806579589801 ], [ 10.044614791870201, 46.491344451904403 ], [ 10.044402122497599, 46.491565704345803 ], [ 10.042152404785201, 46.493366241455099 ], [ 10.041498184204199, 46.4943656921387 ], [ 10.041256904601999, 46.494937896728601 ], [ 10.0411014556885, 46.495651245117301 ], [ 10.041075706481999, 46.497501373291101 ], [ 10.0411920547485, 46.4982299804688 ], [ 10.0414228439331, 46.4989242553712 ], [ 10.0422096252441, 46.500152587890597 ], [ 10.042456626892101, 46.500400543212898 ], [ 10.044578552246101, 46.501979827880902 ], [ 10.0450353622437, 46.502456665039098 ], [ 10.045378684997599, 46.503330230712898 ], [ 10.0454330444337, 46.504104614257798 ], [ 10.0451679229737, 46.504692077636697 ], [ 10.0447692871094, 46.504993438720703 ], [ 10.0440616607666, 46.505252838134801 ], [ 10.042941093444799, 46.505512237548899 ], [ 10.0422630310059, 46.505779266357401 ], [ 10.0406694412231, 46.506637573242202 ], [ 10.040053367614799, 46.5071830749512 ], [ 10.0396976470947, 46.507823944091697 ], [ 10.0395202636719, 46.508518218994197 ], [ 10.039435386657701, 46.509613037109503 ], [ 10.0394954681397, 46.510711669921903 ], [ 10.039633750915501, 46.511421203613303 ], [ 10.039916038513301, 46.512100219726698 ], [ 10.040143013000501, 46.512413024902401 ], [ 10.040576934814499, 46.512802124023501 ], [ 10.0412206649781, 46.513156890869098 ], [ 10.0449209213256, 46.514617919921903 ], [ 10.047272682189901, 46.515842437744098 ], [ 10.0478506088257, 46.516246795654297 ], [ 10.048342704773001, 46.5167236328125 ], [ 10.0487689971925, 46.517349243164098 ], [ 10.0492820739746, 46.518379211425902 ], [ 10.0495767593384, 46.519824981689602 ], [ 10.049590110778899, 46.5228271484375 ], [ 10.049450874328601, 46.524307250976698 ], [ 10.048989295959499, 46.526130676269602 ], [ 10.048875808715801, 46.526893615722699 ], [ 10.0487909317016, 46.529251098632898 ], [ 10.0489835739137, 46.5324096679688 ], [ 10.0494356155397, 46.534244537353601 ], [ 10.0495281219482, 46.534927368164098 ], [ 10.0493650436403, 46.535915374755902 ], [ 10.049204826354901, 46.536216735839901 ], [ 10.0488471984863, 46.536613464355497 ], [ 10.046811103820801, 46.537891387939503 ], [ 10.045424461364799, 46.538551330566499 ], [ 10.044831275939901, 46.538940429687599 ], [ 10.0441198349, 46.539615631103601 ], [ 10.0428056716919, 46.541316986083999 ], [ 10.042400360107401, 46.542076110839801 ], [ 10.042124748230099, 46.543014526367102 ], [ 10.0421695709229, 46.543708801269602 ], [ 10.042496681213301, 46.544666290283203 ], [ 10.042984008789199, 46.545444488525398 ], [ 10.0442810058594, 46.5471000671388 ], [ 10.0451612472535, 46.5477523803712 ], [ 10.045632362365801, 46.5479545593262 ], [ 10.045905113220201, 46.548072814941499 ], [ 10.0468454360963, 46.548282623291001 ], [ 10.0483312606813, 46.548385620117202 ], [ 10.054018020629901, 46.548328399658303 ], [ 10.056049346923899, 46.548431396484403 ], [ 10.057415008545, 46.548709869384801 ], [ 10.059464454650801, 46.549476623535298 ], [ 10.0600023269653, 46.549736022949197 ], [ 10.064981460571399, 46.553108215332102 ], [ 10.0664663314819, 46.554359436035199 ], [ 10.06680393219, 46.5549125671388 ], [ 10.067391395568899, 46.556751251220803 ], [ 10.068275451660201, 46.558021545410298 ], [ 10.0690212249756, 46.5606880187988 ], [ 10.070138931274499, 46.562328338623203 ], [ 10.070896148681699, 46.563156127929702 ], [ 10.071869850158601, 46.563735961914098 ], [ 10.0727233886719, 46.563999176025398 ], [ 10.0756683349609, 46.564350128173899 ], [ 10.076990127563599, 46.564682006836001 ], [ 10.0779590606691, 46.5652084350587 ], [ 10.07976436615, 46.566772460937599 ], [ 10.080595016479499, 46.568119049072301 ], [ 10.0814018249512, 46.569046020507898 ], [ 10.0815629959106, 46.569324493408303 ], [ 10.081744194030801, 46.569942474365298 ], [ 10.0817708969116, 46.570590972900398 ], [ 10.0816459655763, 46.571224212646499 ], [ 10.0813302993775, 46.571784973144602 ], [ 10.079345703125, 46.5734062194825 ], [ 10.078870773315399, 46.573883056640703 ], [ 10.0785455703735, 46.574474334716903 ], [ 10.077963829040501, 46.575897216796903 ], [ 10.0777053833009, 46.576828002929702 ], [ 10.077693939209, 46.577854156494098 ], [ 10.0778903961182, 46.578498840332003 ], [ 10.0780906677246, 46.578800201416001 ], [ 10.0783910751343, 46.579067230224702 ], [ 10.0787801742554, 46.579277038574197 ], [ 10.0792093276978, 46.579414367675902 ], [ 10.080618858337401, 46.579582214355597 ], [ 10.088697433471699, 46.5794486999512 ], [ 10.090280532836999, 46.579490661621101 ], [ 10.091284751892101, 46.579593658447301 ], [ 10.0922136306763, 46.579811096191499 ], [ 10.092779159545801, 46.580062866210902 ], [ 10.094388961791999, 46.581264495849602 ], [ 10.0949144363403, 46.581737518310597 ], [ 10.0961112976075, 46.583297729492202 ], [ 10.0964374542237, 46.5839042663575 ], [ 10.0970115661622, 46.585624694824297 ], [ 10.098032951354901, 46.588092803955199 ], [ 10.0982208251953, 46.588809967041101 ], [ 10.098352432251099, 46.589912414550902 ], [ 10.098368644714499, 46.591022491455099 ], [ 10.0982656478882, 46.592094421386697 ], [ 10.098086357116699, 46.592758178711101 ], [ 10.097752571106, 46.593334197997997 ], [ 10.0968065261841, 46.594242095947301 ], [ 10.095863342285099, 46.595447540283303 ], [ 10.0956115722657, 46.595932006836001 ], [ 10.0955724716187, 46.596519470214901 ], [ 10.0956649780275, 46.596794128417898 ], [ 10.0963497161866, 46.597690582275398 ], [ 10.0969552993775, 46.598758697509901 ], [ 10.0980529785157, 46.599899291992202 ], [ 10.0986862182618, 46.600978851318402 ], [ 10.0994997024537, 46.601913452148601 ], [ 10.0997829437257, 46.602497100830099 ], [ 10.099907875061, 46.603157043457003 ], [ 10.0999202728272, 46.603851318359297 ], [ 10.0998344421387, 46.604557037353501 ], [ 10.099428176879901, 46.605987548828097 ], [ 10.0993041992187, 46.606708526611399 ], [ 10.099219322204601, 46.609321594238303 ], [ 10.0993995666503, 46.610790252685703 ], [ 10.0999488830568, 46.612583160400398 ], [ 10.1003742218018, 46.614597320556797 ], [ 10.1023178100587, 46.614574432373203 ], [ 10.103659629821699, 46.614490509033203 ], [ 10.1064920425416, 46.614055633544901 ], [ 10.1073513031006, 46.613849639892699 ], [ 10.108054161071699, 46.613533020019602 ], [ 10.109204292297401, 46.612842559814503 ], [ 10.1102352142335, 46.612075805664098 ], [ 10.11168384552, 46.6112251281738 ], [ 10.112408638000501, 46.610927581787202 ], [ 10.113298416137701, 46.610755920410099 ], [ 10.1173839569091, 46.610485076904297 ], [ 10.1200141906738, 46.610187530517699 ], [ 10.122159004211399, 46.610122680664198 ], [ 10.1248273849488, 46.6102294921875 ], [ 10.1289529800415, 46.610763549804702 ], [ 10.129797935485801, 46.610931396484403 ], [ 10.131397247314601, 46.611366271972699 ], [ 10.132235527038601, 46.611709594726598 ], [ 10.1329355239868, 46.612133026123203 ], [ 10.133527755737401, 46.612617492675902 ], [ 10.1339883804322, 46.613147735595703 ], [ 10.134605407714799, 46.614353179931697 ], [ 10.1350183486938, 46.614921569824197 ], [ 10.1354713439941, 46.615264892578203 ], [ 10.1361789703369, 46.615562438964901 ], [ 10.137622833251999, 46.615802764892599 ], [ 10.1418209075928, 46.615917205810703 ], [ 10.1433429718018, 46.616077423095803 ], [ 10.145159721374499, 46.616542816162102 ], [ 10.1468667984009, 46.617301940917997 ], [ 10.1487693786622, 46.617889404296903 ], [ 10.1501121520997, 46.618526458740298 ], [ 10.151570320129499, 46.618942260742202 ], [ 10.152874946594199, 46.619190216064602 ], [ 10.1590251922607, 46.620029449462898 ], [ 10.164828300476101, 46.621189117431697 ], [ 10.1698284149169, 46.623344421386697 ], [ 10.1711540222168, 46.624019622802699 ], [ 10.173089981079199, 46.624591827392599 ], [ 10.1747903823853, 46.625301361084098 ], [ 10.176727294921999, 46.625873565673899 ], [ 10.1776943206787, 46.6263847351075 ], [ 10.181640625000099, 46.628078460693402 ], [ 10.182638168335, 46.628589630127003 ], [ 10.183464050293001, 46.628837585449197 ], [ 10.1860084533691, 46.629249572753899 ], [ 10.187266349792599, 46.629341125488303 ], [ 10.188633918762299, 46.6292533874512 ], [ 10.190391540527401, 46.628940582275298 ], [ 10.188249588012701, 46.6270141601563 ], [ 10.187712669372599, 46.626735687255902 ], [ 10.1845560073854, 46.625358581543097 ], [ 10.1842966079712, 46.625209808349702 ], [ 10.183871269226, 46.624843597412202 ], [ 10.1824207305909, 46.623188018798899 ], [ 10.181831359863301, 46.622222900390597 ], [ 10.1808891296387, 46.620891571045 ], [ 10.180194854736399, 46.619274139404297 ], [ 10.1800327301025, 46.619052886962898 ], [ 10.1793403625488, 46.618396759033303 ], [ 10.179050445556699, 46.617946624755902 ], [ 10.178566932678301, 46.616992950439503 ], [ 10.1784019470215, 46.616779327392599 ], [ 10.177692413330099, 46.616142272949297 ], [ 10.177392005920399, 46.615699768066399 ], [ 10.1772556304932, 46.615425109863303 ], [ 10.176913261413601, 46.614738464355497 ], [ 10.176073074340801, 46.613864898681598 ], [ 10.1759262084962, 46.6136474609375 ], [ 10.175724029541, 46.613159179687599 ], [ 10.1754112243653, 46.6118392944337 ], [ 10.1752176284791, 46.611351013183601 ], [ 10.1742820739747, 46.610237121582102 ], [ 10.1740837097169, 46.609752655029403 ], [ 10.173765182495201, 46.608432769775398 ], [ 10.1735658645631, 46.607944488525497 ], [ 10.1726226806641, 46.606838226318402 ], [ 10.172423362731999, 46.606349945068402 ], [ 10.1720952987672, 46.605037689209098 ], [ 10.1718969345094, 46.6045532226563 ], [ 10.171755790710501, 46.604335784912102 ], [ 10.1711072921753, 46.603656768798899 ], [ 10.170850753784199, 46.603168487548899 ], [ 10.1707067489625, 46.602615356445398 ], [ 10.1704759597779, 46.600837707519503 ], [ 10.170220375061101, 46.600032806396499 ], [ 10.1700754165651, 46.599807739257898 ], [ 10.169426918029799, 46.599136352539098 ], [ 10.1691598892212, 46.598636627197301 ], [ 10.168966293335, 46.597763061523402 ], [ 10.168897628784199, 46.596813201904297 ], [ 10.168883323669499, 46.591514587402301 ], [ 10.167989730835, 46.590709686279403 ], [ 10.167640686035201, 46.590263366699297 ], [ 10.167510032653899, 46.590011596679702 ], [ 10.1672983169556, 46.589210510253899 ], [ 10.167215347290201, 46.588111877441499 ], [ 10.166527748107899, 46.587520599365298 ], [ 10.1661319732666, 46.587093353271499 ], [ 10.1658220291138, 46.586589813232401 ], [ 10.1657161712647, 46.586303710937401 ], [ 10.1655893325806, 46.585712432861399 ], [ 10.1655368804931, 46.585109710693402 ], [ 10.1655359268188, 46.583572387695398 ], [ 10.165017127990801, 46.583412170410298 ], [ 10.1645345687866, 46.583164215087798 ], [ 10.1643171310425, 46.582958221435703 ], [ 10.164033889770501, 46.582462310791001 ], [ 10.163890838623001, 46.581897735595803 ], [ 10.1638298034669, 46.581291198730597 ], [ 10.1638584136963, 46.579036712646499 ], [ 10.1632623672485, 46.578884124755902 ], [ 10.162715911865201, 46.578662872314503 ], [ 10.1624870300294, 46.578510284423899 ], [ 10.161704063415501, 46.577732086181697 ], [ 10.160951614379799, 46.577098846435497 ], [ 10.158317565918001, 46.575206756591797 ], [ 10.157092094421399, 46.574405670166001 ], [ 10.1561546325684, 46.573867797851698 ], [ 10.1543893814087, 46.573093414306598 ], [ 10.153593063354601, 46.572483062744098 ], [ 10.1527462005616, 46.571914672851598 ], [ 10.152443885803301, 46.571510314941499 ], [ 10.151823043823301, 46.570087432861399 ], [ 10.151048660278301, 46.5690307617188 ], [ 10.150847434997599, 46.568546295166101 ], [ 10.150840759277299, 46.568023681640597 ], [ 10.1509313583375, 46.567764282226698 ], [ 10.1512680053712, 46.5673217773438 ], [ 10.1517648696901, 46.566970825195398 ], [ 10.1524009704591, 46.566730499267699 ], [ 10.152777671814, 46.566665649413999 ], [ 10.1531591415406, 46.566646575927798 ], [ 10.153904914856, 46.566730499267699 ], [ 10.1548357009888, 46.567047119140597 ], [ 10.156551361084, 46.5677719116212 ], [ 10.157040596008301, 46.568058013916101 ], [ 10.1576700210572, 46.568515777587898 ], [ 10.159130096435501, 46.5691528320312 ], [ 10.1597766876222, 46.5694999694825 ], [ 10.1613521575928, 46.570503234863303 ], [ 10.162247657776, 46.571155548095703 ], [ 10.1627960205079, 46.571605682373097 ], [ 10.1632690429688, 46.572086334228601 ], [ 10.163456916809199, 46.572338104247997 ], [ 10.1641807556153, 46.573974609375 ], [ 10.164319992065399, 46.574161529541101 ], [ 10.165019989013601, 46.574798583984403 ], [ 10.1652784347535, 46.575248718261697 ], [ 10.165415763855, 46.57576751709 ], [ 10.1654977798463, 46.576622009277301 ], [ 10.165495872497599, 46.579036712646499 ], [ 10.166015625000099, 46.579200744628999 ], [ 10.166496276855501, 46.5794486999512 ], [ 10.166714668274, 46.579654693603601 ], [ 10.1669979095459, 46.580150604247997 ], [ 10.1671409606934, 46.580715179443402 ], [ 10.167202949523899, 46.5813217163087 ], [ 10.1671762466432, 46.583576202392599 ], [ 10.1676950454712, 46.583740234375099 ], [ 10.1681728363037, 46.583992004394602 ], [ 10.168561935424799, 46.584461212158303 ], [ 10.1688032150268, 46.585342407226698 ], [ 10.1688451766969, 46.586978912353501 ], [ 10.169363975525, 46.587146759033303 ], [ 10.169842720031699, 46.587394714355597 ], [ 10.1702308654785, 46.587867736816399 ], [ 10.170472145080501, 46.588745117187599 ], [ 10.1705141067506, 46.590385437011797 ], [ 10.1713266372681, 46.590652465820398 ], [ 10.171792030334601, 46.590976715087798 ], [ 10.172664642334, 46.592311859130803 ], [ 10.1731882095337, 46.592792510986399 ], [ 10.1735038757325, 46.593189239502003 ], [ 10.1737051010132, 46.593681335449297 ], [ 10.1740217208862, 46.595001220703203 ], [ 10.174218177795501, 46.595485687255902 ], [ 10.174358367919901, 46.595703125 ], [ 10.1750116348268, 46.596374511718899 ], [ 10.175153732299901, 46.596595764160298 ], [ 10.175335884094199, 46.597099304199297 ], [ 10.175439834594799, 46.598220825195398 ], [ 10.1752519607544, 46.600021362304801 ], [ 10.1754703521728, 46.601253509521598 ], [ 10.1757030487062, 46.6020698547363 ], [ 10.175984382629499, 46.602546691894503 ], [ 10.1766757965088, 46.603206634521499 ], [ 10.176838874816999, 46.603427886962898 ], [ 10.177559852600099, 46.605037689209098 ], [ 10.1784620285035, 46.6063652038575 ], [ 10.179167747497701, 46.607978820800803 ], [ 10.1801862716675, 46.609096527099602 ], [ 10.1808891296387, 46.610706329345803 ], [ 10.181788444519, 46.612037658691499 ], [ 10.1824855804443, 46.613655090332102 ], [ 10.182645797729499, 46.613880157470703 ], [ 10.1833190917969, 46.614551544189503 ], [ 10.183461189270099, 46.614768981933601 ], [ 10.1836547851562, 46.6152572631837 ], [ 10.183958053588899, 46.616573333740199 ], [ 10.184152603149499, 46.617061614990298 ], [ 10.1842966079712, 46.617279052734403 ], [ 10.1851263046265, 46.618148803711101 ], [ 10.1854476928712, 46.618778228759901 ], [ 10.1857328414918, 46.619335174560597 ], [ 10.186083793640201, 46.619724273681797 ], [ 10.1866779327394, 46.620189666747997 ], [ 10.187604904174799, 46.621215820312401 ], [ 10.188138008117701, 46.621688842773501 ], [ 10.1893672943116, 46.622608184814602 ], [ 10.190711021423301, 46.623470306396499 ], [ 10.191427230835, 46.623859405517599 ], [ 10.1921892166138, 46.624183654785199 ], [ 10.194444656372101, 46.624847412109403 ], [ 10.1973428726197, 46.6259155273438 ], [ 10.202561378479, 46.625278472900497 ], [ 10.211953163146999, 46.622959136962898 ], [ 10.214481353759799, 46.622486114502003 ], [ 10.2167768478394, 46.622207641601598 ], [ 10.217625617981099, 46.6235961914063 ], [ 10.2186222076416, 46.625022888183501 ], [ 10.219737052917401, 46.626235961914098 ], [ 10.2204742431641, 46.627777099609403 ], [ 10.2219848632812, 46.630069732666101 ], [ 10.223447799682599, 46.631992340087798 ], [ 10.2242021560669, 46.632755279541001 ], [ 10.225097656250099, 46.633335113525398 ], [ 10.2271232604981, 46.634365081787202 ], [ 10.2291212081909, 46.6349296569825 ], [ 10.230781555175801, 46.635627746582102 ], [ 10.232366561889799, 46.636043548583999 ], [ 10.234043121338001, 46.636795043945398 ], [ 10.235589027404799, 46.637241363525398 ], [ 10.2368383407593, 46.637825012207003 ], [ 10.237582206726101, 46.638011932373097 ], [ 10.238395690918001, 46.6380615234375 ], [ 10.2392187118531, 46.637969970703203 ], [ 10.2399787902831, 46.637664794921903 ], [ 10.240267753601101, 46.637409210205099 ], [ 10.240457534790201, 46.6371269226075 ], [ 10.240653991699199, 46.636512756347599 ], [ 10.240783691406399, 46.633022308349702 ], [ 10.240895271301399, 46.632446289062599 ], [ 10.240917205810501, 46.632331848144503 ], [ 10.2411394119262, 46.631771087646598 ], [ 10.241564750671399, 46.6310424804688 ], [ 10.2420043945312, 46.6305160522462 ], [ 10.244342803955201, 46.628692626953097 ], [ 10.2447261810303, 46.628166198730497 ], [ 10.2451610565185, 46.627285003662102 ], [ 10.2456016540528, 46.626602172851598 ], [ 10.2475337982178, 46.625232696533303 ], [ 10.249014854431101, 46.624393463134801 ], [ 10.2492628097535, 46.624256134033303 ], [ 10.250769615173301, 46.623039245605497 ], [ 10.2510719299316, 46.622604370117202 ] ], [ [ 10.2209815979004, 46.617794036865298 ], [ 10.221678733825801, 46.617679595947202 ], [ 10.2212276458741, 46.618659973144602 ], [ 10.2207498550416, 46.6192016601563 ], [ 10.219797134399499, 46.619895935058601 ], [ 10.2190589904785, 46.620265960693402 ], [ 10.218415260314901, 46.620510101318501 ], [ 10.218534469604499, 46.6197319030763 ], [ 10.2187042236328, 46.619232177734403 ], [ 10.2190542221069, 46.618732452392599 ], [ 10.219311714172401, 46.618499755859503 ], [ 10.2199411392212, 46.618114471435497 ], [ 10.220301628112701, 46.617969512939503 ], [ 10.2209815979004, 46.617794036865298 ] ], [ [ 10.2249031066894, 46.613143920898501 ], [ 10.2273359298707, 46.611446380615199 ], [ 10.2276620864869, 46.612071990966903 ], [ 10.2277402877807, 46.612548828125099 ], [ 10.2277164459228, 46.612789154052699 ], [ 10.227650642395, 46.613025665283303 ], [ 10.227413177490201, 46.613433837890597 ], [ 10.2265653610231, 46.614284515380902 ], [ 10.224744796753001, 46.615367889404403 ], [ 10.223301887512299, 46.615982055664098 ], [ 10.223524093628001, 46.614921569824197 ], [ 10.2237462997437, 46.614410400390597 ], [ 10.2241468429565, 46.613880157470703 ], [ 10.2249031066894, 46.613143920898501 ] ], [ [ 9.290723800659119, 44.7021713256837 ], [ 9.29091072082525, 44.701774597167997 ], [ 9.29201030731201, 44.701869964599702 ], [ 9.29324913024902, 44.702102661132798 ], [ 9.30277633666998, 44.7040405273438 ], [ 9.30360126495367, 44.704208374023501 ], [ 9.302584648132379, 44.704780578613303 ], [ 9.301621437072869, 44.7053031921387 ], [ 9.300724983215391, 44.705467224121001 ], [ 9.299886703491151, 44.705482482910199 ], [ 9.29941272735601, 44.705478668212898 ], [ 9.298670768737731, 44.705387115478501 ], [ 9.298387527465881, 44.705421447753999 ], [ 9.29734992980957, 44.7055473327638 ], [ 9.296689987182621, 44.705776214599602 ], [ 9.29385662078869, 44.706844329834098 ], [ 9.2937383651734, 44.706821441650398 ], [ 9.292338371276969, 44.706535339355497 ], [ 9.291994094848629, 44.706111907959098 ], [ 9.290723800659119, 44.7021713256837 ] ], [ [ 9.300233840942379, 44.693412780761797 ], [ 9.300827026367241, 44.693386077880902 ], [ 9.301711082458549, 44.693454742431697 ], [ 9.30230808258057, 44.693588256836001 ], [ 9.30403614044201, 44.6939888000488 ], [ 9.304656028747671, 44.694301605224702 ], [ 9.30516338348383, 44.694652557373203 ], [ 9.30564498901373, 44.695217132568501 ], [ 9.305750846862789, 44.696243286132898 ], [ 9.30570793151861, 44.696601867675803 ], [ 9.30569076538092, 44.696739196777301 ], [ 9.30524158477783, 44.697502136230497 ], [ 9.30455112457275, 44.696971893310703 ], [ 9.303176879882759, 44.696083068847798 ], [ 9.30271625518793, 44.695858001708999 ], [ 9.30246734619141, 44.6957397460937 ], [ 9.302081108093381, 44.695568084716903 ], [ 9.30107498168951, 44.695163726806697 ], [ 9.30048942565918, 44.694946289062599 ], [ 9.29998874664307, 44.694675445556697 ], [ 9.299715995788629, 44.694065093994297 ], [ 9.299681663513301, 44.693973541259801 ], [ 9.299906730651911, 44.693603515625099 ], [ 9.300233840942379, 44.693412780761797 ] ] ] ] } }
]
}
