{
"type": "FeatureCollection",
"name": "Emilia_Romagna",
"features": [
{ "type": "Feature", "properties": { "cartodb_id": 6, "ccn_1": 0, "id_1": 6, "id_0": 112, "varname_1": "Emilia Romagna|Emilia|Emilia-Romaña|Émilie-Romagne", "engtype_1": "Region", "type_1": "Regione", "cca_1": 8, "name_1": "Emilia-Romagna", "name_0": "Italy", "iso": "ITA" }, "geometry": { "type": "MultiPolygon", "coordinates": [ [ [ [ 12.4058962, 43.8997459, 0.0 ], [ 12.4059973, 43.8998222, 0.0 ], [ 12.4060946, 43.899971, 0.0 ], [ 12.4061928, 43.9001198, 0.0 ], [ 12.4062881, 43.9002686, 0.0 ], [ 12.4064875, 43.9004974, 0.0 ], [ 12.4065847, 43.9006462, 0.0 ], [ 12.4067831, 43.9008713, 0.0 ], [ 12.4069786, 43.9011002, 0.0 ], [ 12.4070768, 43.9012489, 0.0 ], [ 12.4072752, 43.901474, 0.0 ], [ 12.4074707, 43.9017029, 0.0 ], [ 12.4074669, 43.9019127, 0.0 ], [ 12.407567, 43.9019928, 0.0 ], [ 12.4075556, 43.9025574, 0.0 ], [ 12.4076538, 43.9026337, 0.0 ], [ 12.4076509, 43.9027748, 0.0 ], [ 12.4077492, 43.9028549, 0.0 ], [ 12.4078474, 43.9030037, 0.0 ], [ 12.4079447, 43.9031525, 0.0 ], [ 12.4080429, 43.9033012, 0.0 ], [ 12.4081411, 43.90345, 0.0 ], [ 12.4082394, 43.9035988, 0.0 ], [ 12.4083366, 43.9037476, 0.0 ], [ 12.4085722, 43.904026, 0.0 ], [ 12.4080009, 43.9042549, 0.0 ], [ 12.4055138, 43.9072609, 0.0 ], [ 12.389823, 43.9024467, 0.0 ], [ 12.3898773, 43.9021759, 0.0 ], [ 12.3902159, 43.9016533, 0.0 ], [ 12.3929138, 43.898777, 0.0 ], [ 12.3954201, 43.8966751, 0.0 ], [ 12.3998089, 43.8933678, 0.0 ], [ 12.4022732, 43.8925552, 0.0 ], [ 12.4029188, 43.8925438, 0.0 ], [ 12.4035749, 43.8927994, 0.0 ], [ 12.4036627, 43.8929558, 0.0 ], [ 12.4038877, 43.8933678, 0.0 ], [ 12.4063702, 43.8959579, 0.0 ], [ 12.4104509, 43.8983955, 0.0 ], [ 12.4103642, 43.8984489, 0.0 ], [ 12.4100599, 43.8984299, 0.0 ], [ 12.4099579, 43.8984909, 0.0 ], [ 12.4098577, 43.8984833, 0.0 ], [ 12.4096546, 43.8986092, 0.0 ], [ 12.4095516, 43.8986015, 0.0 ], [ 12.4092474, 43.8987923, 0.0 ], [ 12.4091463, 43.8987846, 0.0 ], [ 12.4088392, 43.8989754, 0.0 ], [ 12.4087381, 43.8989677, 0.0 ], [ 12.4084311, 43.8991547, 0.0 ], [ 12.4083309, 43.899147, 0.0 ], [ 12.4081249, 43.8992729, 0.0 ], [ 12.4080248, 43.8992653, 0.0 ], [ 12.4078197, 43.899395, 0.0 ], [ 12.4077196, 43.8993874, 0.0 ], [ 12.4076195, 43.8994484, 0.0 ], [ 12.4075174, 43.8994408, 0.0 ], [ 12.4074144, 43.8995056, 0.0 ], [ 12.4073143, 43.899498, 0.0 ], [ 12.4072113, 43.899559, 0.0 ], [ 12.407011, 43.8995438, 0.0 ], [ 12.406908, 43.8996086, 0.0 ], [ 12.4067078, 43.8995934, 0.0 ], [ 12.4066048, 43.8996544, 0.0 ], [ 12.4064054, 43.8996429, 0.0 ], [ 12.4063025, 43.899704, 0.0 ], [ 12.4059992, 43.8996811, 0.0 ], [ 12.4058962, 43.8997459, 0.0 ] ] ], [ [ [ 10.4818096, 44.1904449, 0.0 ], [ 10.4820871, 44.1905212, 0.0 ], [ 10.4824028, 44.1906281, 0.0 ], [ 10.4826937, 44.1907654, 0.0 ], [ 10.4828348, 44.1909103, 0.0 ], [ 10.4828682, 44.1912346, 0.0 ], [ 10.4828091, 44.1913605, 0.0 ], [ 10.4825659, 44.1914597, 0.0 ], [ 10.4823093, 44.1914024, 0.0 ], [ 10.4816523, 44.191124, 0.0 ], [ 10.4815683, 44.1910324, 0.0 ], [ 10.4814329, 44.1908913, 0.0 ], [ 10.481329, 44.1907387, 0.0 ], [ 10.4813271, 44.1906242, 0.0 ], [ 10.4814224, 44.1904488, 0.0 ], [ 10.4816341, 44.1904106, 0.0 ], [ 10.4818096, 44.1904449, 0.0 ] ] ], [ [ [ 9.3017111, 44.6934547, 0.0 ], [ 9.3023081, 44.6935883, 0.0 ], [ 9.3040361, 44.6939888, 0.0 ], [ 9.304656, 44.6943016, 0.0 ], [ 9.3051634, 44.6946526, 0.0 ], [ 9.305645, 44.6952171, 0.0 ], [ 9.3057508, 44.6962433, 0.0 ], [ 9.3057079, 44.6966019, 0.0 ], [ 9.3056908, 44.6967392, 0.0 ], [ 9.3052416, 44.6975021, 0.0 ], [ 9.3045511, 44.6969719, 0.0 ], [ 9.3031769, 44.6960831, 0.0 ], [ 9.3027163, 44.695858, 0.0 ], [ 9.3024673, 44.6957397, 0.0 ], [ 9.3020811, 44.6955681, 0.0 ], [ 9.301075, 44.6951637, 0.0 ], [ 9.3004894, 44.6949463, 0.0 ], [ 9.2999887, 44.6946754, 0.0 ], [ 9.299716, 44.6940651, 0.0 ], [ 9.2996817, 44.6939735, 0.0 ], [ 9.2999067, 44.6936035, 0.0 ], [ 9.3002338, 44.6934128, 0.0 ], [ 9.300827, 44.6933861, 0.0 ], [ 9.3017111, 44.6934547, 0.0 ] ] ], [ [ [ 9.2983875, 44.7054214, 0.0 ], [ 9.2973499, 44.7055473, 0.0 ], [ 9.29669, 44.7057762, 0.0 ], [ 9.2938566, 44.7068443, 0.0 ], [ 9.2937384, 44.7068214, 0.0 ], [ 9.2923384, 44.7065353, 0.0 ], [ 9.2919941, 44.7061119, 0.0 ], [ 9.2907238, 44.7021713, 0.0 ], [ 9.2909107, 44.7017746, 0.0 ], [ 9.2920103, 44.70187, 0.0 ], [ 9.2932491, 44.7021027, 0.0 ], [ 9.3027763, 44.7040405, 0.0 ], [ 9.3036013, 44.7042084, 0.0 ], [ 9.3025846, 44.7047806, 0.0 ], [ 9.3016214, 44.7053032, 0.0 ], [ 9.300725, 44.7054672, 0.0 ], [ 9.2998867, 44.7054825, 0.0 ], [ 9.2994127, 44.7054787, 0.0 ], [ 9.2986708, 44.7053871, 0.0 ], [ 9.2983875, 44.7054214, 0.0 ] ] ], [ [ [ 12.3695831, 44.7906952, 0.0 ], [ 12.3681946, 44.7906952, 0.0 ], [ 12.3681946, 44.7901382, 0.0 ], [ 12.3684731, 44.7901382, 0.0 ], [ 12.3684731, 44.7898598, 0.0 ], [ 12.369029, 44.7898598, 0.0 ], [ 12.369029, 44.7895851, 0.0 ], [ 12.3693047, 44.7895851, 0.0 ], [ 12.3693047, 44.7893066, 0.0 ], [ 12.3698606, 44.7893066, 0.0 ], [ 12.3698606, 44.7890282, 0.0 ], [ 12.3701391, 44.7890282, 0.0 ], [ 12.3701391, 44.7889252, 0.0 ], [ 12.3701391, 44.7887497, 0.0 ], [ 12.3706608, 44.7887497, 0.0 ], [ 12.3706951, 44.7884712, 0.0 ], [ 12.3714876, 44.7884712, 0.0 ], [ 12.3734713, 44.7884712, 0.0 ], [ 12.3734713, 44.7881927, 0.0 ], [ 12.3740273, 44.7881927, 0.0 ], [ 12.3740273, 44.7884712, 0.0 ], [ 12.3743048, 44.7884712, 0.0 ], [ 12.3743048, 44.7887497, 0.0 ], [ 12.3734713, 44.7887497, 0.0 ], [ 12.3734713, 44.7890282, 0.0 ], [ 12.3729172, 44.7890282, 0.0 ], [ 12.3729172, 44.7893066, 0.0 ], [ 12.3723612, 44.7893066, 0.0 ], [ 12.3723612, 44.7895851, 0.0 ], [ 12.3718052, 44.7895851, 0.0 ], [ 12.3718052, 44.7898598, 0.0 ], [ 12.3715267, 44.7898598, 0.0 ], [ 12.3715267, 44.7901382, 0.0 ], [ 12.3709726, 44.7901382, 0.0 ], [ 12.3709726, 44.7904167, 0.0 ], [ 12.3695831, 44.7904167, 0.0 ], [ 12.3695831, 44.7906952, 0.0 ] ] ], [ [ [ 12.36236, 44.7923622, 0.0 ], [ 12.3618069, 44.7923622, 0.0 ], [ 12.3618069, 44.7920837, 0.0 ], [ 12.3615284, 44.7920837, 0.0 ], [ 12.3615284, 44.7918205, 0.0 ], [ 12.3618069, 44.7918053, 0.0 ], [ 12.3618069, 44.7917252, 0.0 ], [ 12.3618069, 44.7915268, 0.0 ], [ 12.3620815, 44.7915268, 0.0 ], [ 12.3620815, 44.7912483, 0.0 ], [ 12.36236, 44.7912483, 0.0 ], [ 12.36236, 44.7909737, 0.0 ], [ 12.3631954, 44.7909737, 0.0 ], [ 12.3631954, 44.7906952, 0.0 ], [ 12.3643036, 44.7906952, 0.0 ], [ 12.3643036, 44.7904167, 0.0 ], [ 12.364583, 44.7904167, 0.0 ], [ 12.364583, 44.7901382, 0.0 ], [ 12.3648605, 44.7901382, 0.0 ], [ 12.3648605, 44.7904167, 0.0 ], [ 12.365139, 44.7904167, 0.0 ], [ 12.365139, 44.7906075, 0.0 ], [ 12.365139, 44.7909737, 0.0 ], [ 12.3654165, 44.7909737, 0.0 ], [ 12.3654165, 44.7912483, 0.0 ], [ 12.365139, 44.7912483, 0.0 ], [ 12.365139, 44.7915268, 0.0 ], [ 12.3648605, 44.7915268, 0.0 ], [ 12.3648605, 44.7918053, 0.0 ], [ 12.3637514, 44.7918053, 0.0 ], [ 12.3637514, 44.7920837, 0.0 ], [ 12.362916, 44.7920837, 0.0 ], [ 12.362916, 44.7918053, 0.0 ], [ 12.3626385, 44.7918053, 0.0 ], [ 12.3626385, 44.7920837, 0.0 ], [ 12.36236, 44.7920837, 0.0 ], [ 12.36236, 44.7923622, 0.0 ] ] ], [ [ [ 12.3687487, 44.7937508, 0.0 ], [ 12.367837, 44.7937508, 0.0 ], [ 12.3634729, 44.7937508, 0.0 ], [ 12.3634729, 44.7934723, 0.0 ], [ 12.365139, 44.7934723, 0.0 ], [ 12.365139, 44.7931938, 0.0 ], [ 12.3668051, 44.7931938, 0.0 ], [ 12.366807, 44.7929153, 0.0 ], [ 12.3674088, 44.7929153, 0.0 ], [ 12.3695831, 44.7929153, 0.0 ], [ 12.3695831, 44.7931938, 0.0 ], [ 12.369029, 44.7931938, 0.0 ], [ 12.369029, 44.7934723, 0.0 ], [ 12.3687487, 44.7934723, 0.0 ], [ 12.3687487, 44.7937508, 0.0 ] ] ], [ [ [ 12.3554163, 44.7945824, 0.0 ], [ 12.3548622, 44.7945824, 0.0 ], [ 12.3548622, 44.7943039, 0.0 ], [ 12.3545837, 44.7943039, 0.0 ], [ 12.3545837, 44.7941437, 0.0 ], [ 12.3545837, 44.7940292, 0.0 ], [ 12.3548622, 44.7940292, 0.0 ], [ 12.3548622, 44.7937508, 0.0 ], [ 12.3554163, 44.7937508, 0.0 ], [ 12.3554163, 44.7934723, 0.0 ], [ 12.3556938, 44.7934723, 0.0 ], [ 12.3556938, 44.7931938, 0.0 ], [ 12.3559723, 44.7931938, 0.0 ], [ 12.3559723, 44.7929153, 0.0 ], [ 12.3565283, 44.7929153, 0.0 ], [ 12.3565283, 44.7926407, 0.0 ], [ 12.3568058, 44.7926407, 0.0 ], [ 12.3568058, 44.7923622, 0.0 ], [ 12.3573599, 44.7923622, 0.0 ], [ 12.3573599, 44.7920837, 0.0 ], [ 12.3576403, 44.7920837, 0.0 ], [ 12.3576403, 44.7918053, 0.0 ], [ 12.3581944, 44.7918053, 0.0 ], [ 12.3581944, 44.7920837, 0.0 ], [ 12.3587503, 44.7920837, 0.0 ], [ 12.3587503, 44.7923622, 0.0 ], [ 12.3590279, 44.7923622, 0.0 ], [ 12.3590279, 44.7926598, 0.0 ], [ 12.3590279, 44.7929153, 0.0 ], [ 12.3587503, 44.7929153, 0.0 ], [ 12.3587503, 44.7931938, 0.0 ], [ 12.3581944, 44.7931938, 0.0 ], [ 12.3581944, 44.7929382, 0.0 ], [ 12.3573599, 44.7929153, 0.0 ], [ 12.3573599, 44.7931938, 0.0 ], [ 12.3570843, 44.7931938, 0.0 ], [ 12.3570843, 44.7933083, 0.0 ], [ 12.3570843, 44.7934723, 0.0 ], [ 12.3565283, 44.7934952, 0.0 ], [ 12.3565283, 44.7937508, 0.0 ], [ 12.3559723, 44.7937508, 0.0 ], [ 12.3559723, 44.7940292, 0.0 ], [ 12.3556938, 44.7940292, 0.0 ], [ 12.3556938, 44.7943039, 0.0 ], [ 12.3554163, 44.7943039, 0.0 ], [ 12.3554163, 44.7945824, 0.0 ] ] ], [ [ [ 12.3529158, 44.7970848, 0.0 ], [ 12.3509722, 44.7970848, 0.0 ], [ 12.3509722, 44.7965279, 0.0 ], [ 12.3506956, 44.7965279, 0.0 ], [ 12.3506956, 44.7962494, 0.0 ], [ 12.3504181, 44.7962494, 0.0 ], [ 12.3504152, 44.7959709, 0.0 ], [ 12.3501396, 44.7959709, 0.0 ], [ 12.3501396, 44.7956963, 0.0 ], [ 12.3504152, 44.7956963, 0.0 ], [ 12.3504171, 44.795536, 0.0 ], [ 12.3504181, 44.7954178, 0.0 ], [ 12.3507748, 44.7954178, 0.0 ], [ 12.3543062, 44.7954178, 0.0 ], [ 12.3543062, 44.7956963, 0.0 ], [ 12.3545837, 44.7956963, 0.0 ], [ 12.3545837, 44.7962494, 0.0 ], [ 12.3543062, 44.7962494, 0.0 ], [ 12.3543062, 44.7965279, 0.0 ], [ 12.3534718, 44.7965279, 0.0 ], [ 12.3534718, 44.7968063, 0.0 ], [ 12.3529158, 44.7968063, 0.0 ], [ 12.3529158, 44.7970848, 0.0 ] ] ], [ [ [ 12.3576403, 44.7998619, 0.0 ], [ 12.3554163, 44.7998619, 0.0 ], [ 12.3554163, 44.7990265, 0.0 ], [ 12.3565283, 44.7990265, 0.0 ], [ 12.3565283, 44.7987518, 0.0 ], [ 12.3576403, 44.7987518, 0.0 ], [ 12.3576403, 44.7984734, 0.0 ], [ 12.3584719, 44.7984734, 0.0 ], [ 12.3584719, 44.7987518, 0.0 ], [ 12.3587503, 44.7987518, 0.0 ], [ 12.3587503, 44.799305, 0.0 ], [ 12.3584719, 44.799305, 0.0 ], [ 12.3584719, 44.7995834, 0.0 ], [ 12.3576403, 44.7995834, 0.0 ], [ 12.3576403, 44.7998619, 0.0 ] ] ], [ [ [ 12.3001385, 44.8023605, 0.0 ], [ 12.2995844, 44.8023605, 0.0 ], [ 12.2995844, 44.8020821, 0.0 ], [ 12.2993059, 44.8020821, 0.0 ], [ 12.2993059, 44.8015289, 0.0 ], [ 12.2990284, 44.8015289, 0.0 ], [ 12.2990284, 44.8012505, 0.0 ], [ 12.2998619, 44.8012505, 0.0 ], [ 12.2998619, 44.800972, 0.0 ], [ 12.3004179, 44.800972, 0.0 ], [ 12.3004179, 44.8006935, 0.0 ], [ 12.3012505, 44.8006935, 0.0 ], [ 12.3012505, 44.800415, 0.0 ], [ 12.3026381, 44.800415, 0.0 ], [ 12.3026381, 44.8001404, 0.0 ], [ 12.304306, 44.8001404, 0.0 ], [ 12.304306, 44.7998619, 0.0 ], [ 12.3081942, 44.7998619, 0.0 ], [ 12.3081942, 44.8001404, 0.0 ], [ 12.3106947, 44.8001404, 0.0 ], [ 12.3106947, 44.800415, 0.0 ], [ 12.3115292, 44.800415, 0.0 ], [ 12.3115292, 44.8006935, 0.0 ], [ 12.312397, 44.8006935, 0.0 ], [ 12.3129168, 44.8006935, 0.0 ], [ 12.3129168, 44.8005066, 0.0 ], [ 12.3129168, 44.800415, 0.0 ], [ 12.3131752, 44.800415, 0.0 ], [ 12.3145828, 44.800415, 0.0 ], [ 12.3145828, 44.8006935, 0.0 ], [ 12.3143053, 44.8006935, 0.0 ], [ 12.3143053, 44.800972, 0.0 ], [ 12.3140268, 44.800972, 0.0 ], [ 12.3140268, 44.8012505, 0.0 ], [ 12.3137512, 44.8012505, 0.0 ], [ 12.3137512, 44.8015289, 0.0 ], [ 12.3104792, 44.8015289, 0.0 ], [ 12.3079157, 44.8015289, 0.0 ], [ 12.3079157, 44.8012505, 0.0 ], [ 12.3076382, 44.8012505, 0.0 ], [ 12.3076382, 44.800972, 0.0 ], [ 12.3073597, 44.800972, 0.0 ], [ 12.3073597, 44.8006935, 0.0 ], [ 12.3070822, 44.8006935, 0.0 ], [ 12.3070822, 44.800415, 0.0 ], [ 12.30375, 44.800415, 0.0 ], [ 12.30375, 44.8006935, 0.0 ], [ 12.303194, 44.8006935, 0.0 ], [ 12.303194, 44.800972, 0.0 ], [ 12.3023624, 44.800972, 0.0 ], [ 12.3023624, 44.8012505, 0.0 ], [ 12.3018064, 44.8012505, 0.0 ], [ 12.3018064, 44.8015289, 0.0 ], [ 12.300972, 44.8015289, 0.0 ], [ 12.300972, 44.8018074, 0.0 ], [ 12.3004179, 44.8018074, 0.0 ], [ 12.3004179, 44.8020821, 0.0 ], [ 12.3001385, 44.8020821, 0.0 ], [ 12.3001385, 44.8023605, 0.0 ] ] ], [ [ [ 12.2968063, 44.8029175, 0.0 ], [ 12.2951403, 44.8029175, 0.0 ], [ 12.2951403, 44.8023605, 0.0 ], [ 12.2948608, 44.8023605, 0.0 ], [ 12.2948608, 44.8020821, 0.0 ], [ 12.2951403, 44.8020821, 0.0 ], [ 12.2951403, 44.8018074, 0.0 ], [ 12.2956934, 44.8018074, 0.0 ], [ 12.2956934, 44.8015289, 0.0 ], [ 12.2962494, 44.8015289, 0.0 ], [ 12.2962494, 44.8012505, 0.0 ], [ 12.2976398, 44.8012505, 0.0 ], [ 12.2976398, 44.802639, 0.0 ], [ 12.2968063, 44.802639, 0.0 ], [ 12.2968063, 44.8029175, 0.0 ] ] ], [ [ [ 9.9184427, 45.1005707, 0.0 ], [ 9.9177465, 45.1007385, 0.0 ], [ 9.9168491, 45.101017, 0.0 ], [ 9.9162455, 45.1013641, 0.0 ], [ 9.9155865, 45.1022873, 0.0 ], [ 9.9149914, 45.1032639, 0.0 ], [ 9.9144764, 45.1044006, 0.0 ], [ 9.9144955, 45.1055794, 0.0 ], [ 9.9152126, 45.1092033, 0.0 ], [ 9.9154863, 45.1103439, 0.0 ], [ 9.9159279, 45.1109695, 0.0 ], [ 9.9169931, 45.1115723, 0.0 ], [ 9.9185934, 45.1122894, 0.0 ], [ 9.919631, 45.112812, 0.0 ], [ 9.9205809, 45.1133804, 0.0 ], [ 9.9215832, 45.1140137, 0.0 ], [ 9.9226017, 45.1149597, 0.0 ], [ 9.9231796, 45.1160889, 0.0 ], [ 9.9275513, 45.1253319, 0.0 ], [ 9.9281111, 45.1269302, 0.0 ], [ 9.9282351, 45.1284065, 0.0 ], [ 9.9280367, 45.1302338, 0.0 ], [ 9.9278536, 45.1314964, 0.0 ], [ 9.9272919, 45.1329041, 0.0 ], [ 9.9265957, 45.1339188, 0.0 ], [ 9.9257364, 45.1349869, 0.0 ], [ 9.9248619, 45.1359673, 0.0 ], [ 9.9236431, 45.1368752, 0.0 ], [ 9.9222937, 45.137661, 0.0 ], [ 9.9207573, 45.1385307, 0.0 ], [ 9.9195948, 45.1390076, 0.0 ], [ 9.916544, 45.1399307, 0.0 ], [ 9.9157696, 45.1400566, 0.0 ], [ 9.9147282, 45.1400719, 0.0 ], [ 9.9135532, 45.1397858, 0.0 ], [ 9.9123373, 45.1392708, 0.0 ], [ 9.9114866, 45.1386299, 0.0 ], [ 9.9091082, 45.1366043, 0.0 ], [ 9.8921032, 45.1318398, 0.0 ], [ 9.8909626, 45.1314392, 0.0 ], [ 9.8831329, 45.1283684, 0.0 ], [ 9.8820705, 45.1279411, 0.0 ], [ 9.8810692, 45.1273003, 0.0 ], [ 9.8787003, 45.1253662, 0.0 ], [ 9.8772421, 45.1240005, 0.0 ], [ 9.8768091, 45.1235123, 0.0 ], [ 9.87675, 45.1234474, 0.0 ], [ 9.8764572, 45.1226387, 0.0 ], [ 9.8763285, 45.1215439, 0.0 ], [ 9.8762741, 45.1205597, 0.0 ], [ 9.8765106, 45.1194077, 0.0 ], [ 9.8768463, 45.1180801, 0.0 ], [ 9.8774137, 45.1169891, 0.0 ], [ 9.8788633, 45.1144638, 0.0 ], [ 9.8795977, 45.1134872, 0.0 ], [ 9.8804264, 45.1127777, 0.0 ], [ 9.8847876, 45.1095848, 0.0 ], [ 9.8868151, 45.1082993, 0.0 ], [ 9.8877974, 45.1077003, 0.0 ], [ 9.892642, 45.1045837, 0.0 ], [ 9.894063, 45.1035995, 0.0 ], [ 9.8952446, 45.1027527, 0.0 ], [ 9.8963852, 45.1017265, 0.0 ], [ 9.8984404, 45.099865, 0.0 ], [ 9.8994293, 45.098896, 0.0 ], [ 9.9000921, 45.0982132, 0.0 ], [ 9.9008923, 45.0973434, 0.0 ], [ 9.9016638, 45.0963745, 0.0 ], [ 9.9018679, 45.0956268, 0.0 ], [ 9.9021416, 45.0896378, 0.0 ], [ 9.9020576, 45.0890274, 0.0 ], [ 9.9019079, 45.0884514, 0.0 ], [ 9.9016933, 45.0877228, 0.0 ], [ 9.9014406, 45.0870247, 0.0 ], [ 9.9011259, 45.0863876, 0.0 ], [ 9.9006147, 45.085392, 0.0 ], [ 9.9003401, 45.0848999, 0.0 ], [ 9.9000015, 45.0844269, 0.0 ], [ 9.8984575, 45.0823326, 0.0 ], [ 9.897809, 45.0814819, 0.0 ], [ 9.8967915, 45.0805893, 0.0 ], [ 9.895854, 45.0799294, 0.0 ], [ 9.8947124, 45.0792274, 0.0 ], [ 9.8937082, 45.0786552, 0.0 ], [ 9.8935575, 45.0785713, 0.0 ], [ 9.8920603, 45.0778427, 0.0 ], [ 9.8907042, 45.0772057, 0.0 ], [ 9.8895683, 45.0768814, 0.0 ], [ 9.8874893, 45.0763206, 0.0 ], [ 9.8853722, 45.0758247, 0.0 ], [ 9.8848219, 45.0756035, 0.0 ], [ 9.8838797, 45.0754509, 0.0 ], [ 9.8827763, 45.0755119, 0.0 ], [ 9.8816872, 45.075737, 0.0 ], [ 9.8805475, 45.0760803, 0.0 ], [ 9.8792229, 45.0766182, 0.0 ], [ 9.8783417, 45.0771866, 0.0 ], [ 9.877223, 45.0779686, 0.0 ], [ 9.8764343, 45.0786858, 0.0 ], [ 9.8754816, 45.0804138, 0.0 ], [ 9.8743439, 45.0824471, 0.0 ], [ 9.8721857, 45.0858917, 0.0 ], [ 9.8717012, 45.0865784, 0.0 ], [ 9.8702526, 45.0882645, 0.0 ], [ 9.8685112, 45.0898895, 0.0 ], [ 9.865325, 45.0926781, 0.0 ], [ 9.8644724, 45.0934143, 0.0 ], [ 9.8636293, 45.0939484, 0.0 ], [ 9.8625574, 45.0944977, 0.0 ], [ 9.8624001, 45.0945663, 0.0 ], [ 9.8615093, 45.0949554, 0.0 ], [ 9.8603458, 45.0953331, 0.0 ], [ 9.8590298, 45.0957565, 0.0 ], [ 9.8576746, 45.0960579, 0.0 ], [ 9.8564463, 45.096283, 0.0 ], [ 9.8486366, 45.0974464, 0.0 ], [ 9.847393, 45.0976982, 0.0 ], [ 9.8464909, 45.0977707, 0.0 ], [ 9.846159, 45.0977669, 0.0 ], [ 9.8450422, 45.0977516, 0.0 ], [ 9.8437567, 45.0976448, 0.0 ], [ 9.8422289, 45.0974045, 0.0 ], [ 9.8408632, 45.0970383, 0.0 ], [ 9.8393946, 45.0965881, 0.0 ], [ 9.8364487, 45.0949974, 0.0 ], [ 9.8358078, 45.0945282, 0.0 ], [ 9.8353834, 45.0942154, 0.0 ], [ 9.8340778, 45.0927582, 0.0 ], [ 9.8336201, 45.0918694, 0.0 ], [ 9.8333168, 45.0910797, 0.0 ], [ 9.8331919, 45.0903625, 0.0 ], [ 9.832427, 45.0848999, 0.0 ], [ 9.8323526, 45.084156, 0.0 ], [ 9.8322868, 45.0831375, 0.0 ], [ 9.8324213, 45.0820312, 0.0 ], [ 9.832633, 45.0807419, 0.0 ], [ 9.833106, 45.079216, 0.0 ], [ 9.8336983, 45.0779953, 0.0 ], [ 9.8351698, 45.075222, 0.0 ], [ 9.835988, 45.0738487, 0.0 ], [ 9.836544, 45.0728188, 0.0 ], [ 9.8364735, 45.0714607, 0.0 ], [ 9.8361979, 45.0699844, 0.0 ], [ 9.8350391, 45.063694, 0.0 ], [ 9.8347979, 45.0626259, 0.0 ], [ 9.8342562, 45.0613136, 0.0 ], [ 9.8333864, 45.060051, 0.0 ], [ 9.8323126, 45.0587082, 0.0 ], [ 9.831255, 45.0576096, 0.0 ], [ 9.8292322, 45.0555878, 0.0 ], [ 9.8287916, 45.0551567, 0.0 ], [ 9.8281498, 45.0545235, 0.0 ], [ 9.8247957, 45.0535316, 0.0 ], [ 9.8215523, 45.0540237, 0.0 ], [ 9.8205767, 45.054184, 0.0 ], [ 9.8198042, 45.0543327, 0.0 ], [ 9.8188295, 45.0545769, 0.0 ], [ 9.8181238, 45.0549583, 0.0 ], [ 9.8175974, 45.0554047, 0.0 ], [ 9.81738, 45.0562248, 0.0 ], [ 9.8170099, 45.0578995, 0.0 ], [ 9.8168583, 45.0587654, 0.0 ], [ 9.8168087, 45.0607071, 0.0 ], [ 9.8172569, 45.0662537, 0.0 ], [ 9.8173285, 45.0669174, 0.0 ], [ 9.8176832, 45.0675812, 0.0 ], [ 9.8179617, 45.0694618, 0.0 ], [ 9.8179636, 45.0704956, 0.0 ], [ 9.8178797, 45.0716133, 0.0 ], [ 9.8166018, 45.0764999, 0.0 ], [ 9.8162279, 45.0772209, 0.0 ], [ 9.8161573, 45.0773582, 0.0 ], [ 9.8142996, 45.0790443, 0.0 ], [ 9.8135958, 45.0795746, 0.0 ], [ 9.8128881, 45.0799332, 0.0 ], [ 9.8122215, 45.0802765, 0.0 ], [ 9.8111362, 45.0807953, 0.0 ], [ 9.8101616, 45.0811005, 0.0 ], [ 9.8070221, 45.0818443, 0.0 ], [ 9.8004808, 45.0829582, 0.0 ], [ 9.7987928, 45.0830727, 0.0 ], [ 9.7892332, 45.0854149, 0.0 ], [ 9.7800007, 45.0905266, 0.0 ], [ 9.7783852, 45.0922241, 0.0 ], [ 9.7777853, 45.0929375, 0.0 ], [ 9.777298, 45.0935783, 0.0 ], [ 9.7758894, 45.0955696, 0.0 ], [ 9.775054, 45.0968018, 0.0 ], [ 9.7746048, 45.0974617, 0.0 ], [ 9.7743359, 45.0982285, 0.0 ], [ 9.7741537, 45.0988846, 0.0 ], [ 9.7737341, 45.0997429, 0.0 ], [ 9.7724543, 45.1018944, 0.0 ], [ 9.7712698, 45.1036301, 0.0 ], [ 9.7708464, 45.1042557, 0.0 ], [ 9.7681093, 45.1077194, 0.0 ], [ 9.7677021, 45.1082039, 0.0 ], [ 9.7585783, 45.1134834, 0.0 ], [ 9.7577019, 45.1137238, 0.0 ], [ 9.7561932, 45.1140633, 0.0 ], [ 9.7547092, 45.1142998, 0.0 ], [ 9.7528296, 45.1144676, 0.0 ], [ 9.7509718, 45.1143608, 0.0 ], [ 9.7496099, 45.1142159, 0.0 ], [ 9.7483997, 45.1139832, 0.0 ], [ 9.747324, 45.1134033, 0.0 ], [ 9.7464895, 45.1128044, 0.0 ], [ 9.746109, 45.1118813, 0.0 ], [ 9.7458782, 45.1106529, 0.0 ], [ 9.7460938, 45.1067696, 0.0 ], [ 9.752367, 45.0926857, 0.0 ], [ 9.7541409, 45.0875435, 0.0 ], [ 9.7527304, 45.0826454, 0.0 ], [ 9.7521658, 45.0813637, 0.0 ], [ 9.7514114, 45.0799904, 0.0 ], [ 9.7506332, 45.0787811, 0.0 ], [ 9.7498331, 45.0777931, 0.0 ], [ 9.748764, 45.0766678, 0.0 ], [ 9.7479582, 45.0762596, 0.0 ], [ 9.7469387, 45.0760422, 0.0 ], [ 9.7463837, 45.0760231, 0.0 ], [ 9.7456036, 45.0759964, 0.0 ], [ 9.7443848, 45.0760231, 0.0 ], [ 9.7430849, 45.0757332, 0.0 ], [ 9.7415171, 45.0752754, 0.0 ], [ 9.7407341, 45.0750351, 0.0 ], [ 9.740037, 45.0748253, 0.0 ], [ 9.7388716, 45.0741386, 0.0 ], [ 9.7373962, 45.0729065, 0.0 ], [ 9.7357512, 45.0714226, 0.0 ], [ 9.7343607, 45.0700111, 0.0 ], [ 9.7326212, 45.0671043, 0.0 ], [ 9.7321501, 45.0662155, 0.0 ], [ 9.7318792, 45.0657043, 0.0 ], [ 9.731102, 45.0645218, 0.0 ], [ 9.7299757, 45.0638351, 0.0 ], [ 9.7287207, 45.0630798, 0.0 ], [ 9.7258825, 45.0616112, 0.0 ], [ 9.7232647, 45.0604324, 0.0 ], [ 9.7222443, 45.0600586, 0.0 ], [ 9.7212868, 45.059761, 0.0 ], [ 9.7201672, 45.0594978, 0.0 ], [ 9.7176218, 45.0591621, 0.0 ], [ 9.7160349, 45.0591812, 0.0 ], [ 9.7147675, 45.0593414, 0.0 ], [ 9.7135782, 45.0597076, 0.0 ], [ 9.6916189, 45.068161, 0.0 ], [ 9.6907845, 45.0684929, 0.0 ], [ 9.6891804, 45.0691948, 0.0 ], [ 9.684721, 45.0712814, 0.0 ], [ 9.6839762, 45.071682, 0.0 ], [ 9.683321, 45.072155, 0.0 ], [ 9.6827822, 45.0727882, 0.0 ], [ 9.6779337, 45.0785522, 0.0 ], [ 9.6753769, 45.0793037, 0.0 ], [ 9.6658163, 45.0820084, 0.0 ], [ 9.6639671, 45.0824966, 0.0 ], [ 9.6622038, 45.0828094, 0.0 ], [ 9.6605797, 45.0830345, 0.0 ], [ 9.659399, 45.0830154, 0.0 ], [ 9.6558104, 45.0825691, 0.0 ], [ 9.6544991, 45.0823059, 0.0 ], [ 9.652997, 45.0820885, 0.0 ], [ 9.6499949, 45.0817833, 0.0 ], [ 9.6479731, 45.0815773, 0.0 ], [ 9.6444263, 45.0814018, 0.0 ], [ 9.6433477, 45.081604, 0.0 ], [ 9.641448, 45.0820923, 0.0 ], [ 9.6400309, 45.0826569, 0.0 ], [ 9.6381989, 45.0836143, 0.0 ], [ 9.6373911, 45.0840607, 0.0 ], [ 9.636344, 45.0846939, 0.0 ], [ 9.6359777, 45.0849228, 0.0 ], [ 9.6333218, 45.0872154, 0.0 ], [ 9.6328697, 45.0877113, 0.0 ], [ 9.6328115, 45.0878563, 0.0 ], [ 9.6324615, 45.0887413, 0.0 ], [ 9.6324253, 45.0898857, 0.0 ], [ 9.6325407, 45.0913239, 0.0 ], [ 9.6328201, 45.0923767, 0.0 ], [ 9.6334209, 45.0938492, 0.0 ], [ 9.638607, 45.1053429, 0.0 ], [ 9.6384497, 45.1082954, 0.0 ], [ 9.638586, 45.1103287, 0.0 ], [ 9.6386776, 45.1112862, 0.0 ], [ 9.6386862, 45.1113701, 0.0 ], [ 9.638958, 45.1140099, 0.0 ], [ 9.6391678, 45.1146164, 0.0 ], [ 9.6398506, 45.1154175, 0.0 ], [ 9.6407881, 45.1162758, 0.0 ], [ 9.6409197, 45.1163902, 0.0 ], [ 9.641571, 45.1169624, 0.0 ], [ 9.6419582, 45.1175652, 0.0 ], [ 9.6418438, 45.1185188, 0.0 ], [ 9.6406069, 45.1228027, 0.0 ], [ 9.6400232, 45.1240578, 0.0 ], [ 9.6393499, 45.125248, 0.0 ], [ 9.6384611, 45.1264305, 0.0 ], [ 9.6376133, 45.1273499, 0.0 ], [ 9.6347179, 45.1300774, 0.0 ], [ 9.6329584, 45.1313438, 0.0 ], [ 9.631671, 45.1321945, 0.0 ], [ 9.6303949, 45.1329765, 0.0 ], [ 9.6288509, 45.1336327, 0.0 ], [ 9.6274176, 45.1340714, 0.0 ], [ 9.6260872, 45.1344299, 0.0 ], [ 9.6248312, 45.1347008, 0.0 ], [ 9.6234474, 45.134922, 0.0 ], [ 9.6220112, 45.1349564, 0.0 ], [ 9.6208897, 45.1348114, 0.0 ], [ 9.6200094, 45.134491, 0.0 ], [ 9.6194563, 45.1339645, 0.0 ], [ 9.6190786, 45.1332092, 0.0 ], [ 9.617259, 45.129528, 0.0 ], [ 9.6161394, 45.1270943, 0.0 ], [ 9.6154423, 45.1237411, 0.0 ], [ 9.6150942, 45.1209793, 0.0 ], [ 9.6149426, 45.1187553, 0.0 ], [ 9.6148691, 45.1181068, 0.0 ], [ 9.6148453, 45.1178932, 0.0 ], [ 9.6143684, 45.1148529, 0.0 ], [ 9.6141834, 45.1141701, 0.0 ], [ 9.6137028, 45.1132812, 0.0 ], [ 9.6130066, 45.1124382, 0.0 ], [ 9.6101017, 45.1093674, 0.0 ], [ 9.609375, 45.1088753, 0.0 ], [ 9.609128, 45.1087074, 0.0 ], [ 9.6046391, 45.1060486, 0.0 ], [ 9.6029253, 45.1050835, 0.0 ], [ 9.6014194, 45.104454, 0.0 ], [ 9.5988016, 45.1034241, 0.0 ], [ 9.5972586, 45.1029282, 0.0 ], [ 9.5958691, 45.1024857, 0.0 ], [ 9.5942373, 45.1019783, 0.0 ], [ 9.5916243, 45.1012268, 0.0 ], [ 9.589509, 45.1007347, 0.0 ], [ 9.5884914, 45.1005707, 0.0 ], [ 9.5686808, 45.1108055, 0.0 ], [ 9.5681086, 45.1121216, 0.0 ], [ 9.5675869, 45.1133118, 0.0 ], [ 9.5654202, 45.1177063, 0.0 ], [ 9.5644093, 45.1195831, 0.0 ], [ 9.5633965, 45.121254, 0.0 ], [ 9.561842, 45.1234398, 0.0 ], [ 9.5576458, 45.1284943, 0.0 ], [ 9.5564871, 45.1296501, 0.0 ], [ 9.5557556, 45.1303558, 0.0 ], [ 9.5540466, 45.1315842, 0.0 ], [ 9.5497112, 45.1335907, 0.0 ], [ 9.5382538, 45.1269913, 0.0 ], [ 9.5373735, 45.1249733, 0.0 ], [ 9.5302839, 45.1227264, 0.0 ], [ 9.5333643, 45.1228981, 0.0 ], [ 9.5367947, 45.1229401, 0.0 ], [ 9.537096, 45.1211586, 0.0 ], [ 9.5372391, 45.1201668, 0.0 ], [ 9.5374708, 45.1191292, 0.0 ], [ 9.5375509, 45.1187859, 0.0 ], [ 9.537715, 45.118084, 0.0 ], [ 9.5380106, 45.1170845, 0.0 ], [ 9.5384808, 45.115818, 0.0 ], [ 9.5389929, 45.1149178, 0.0 ], [ 9.5401201, 45.1131134, 0.0 ], [ 9.5465498, 45.10355, 0.0 ], [ 9.5516491, 45.0961723, 0.0 ], [ 9.5521851, 45.0950966, 0.0 ], [ 9.5524035, 45.0940247, 0.0 ], [ 9.5523682, 45.0930519, 0.0 ], [ 9.5520382, 45.091732, 0.0 ], [ 9.5515203, 45.090744, 0.0 ], [ 9.5509529, 45.0899353, 0.0 ], [ 9.5497856, 45.0887375, 0.0 ], [ 9.5484409, 45.0875893, 0.0 ], [ 9.5459204, 45.0856209, 0.0 ], [ 9.5447168, 45.0848007, 0.0 ], [ 9.5426807, 45.0835114, 0.0 ], [ 9.5417738, 45.0829582, 0.0 ], [ 9.5408297, 45.0824165, 0.0 ], [ 9.5400515, 45.0819855, 0.0 ], [ 9.5390062, 45.0815239, 0.0 ], [ 9.5344563, 45.0798454, 0.0 ], [ 9.5336142, 45.0795517, 0.0 ], [ 9.5334511, 45.0794983, 0.0 ], [ 9.5330687, 45.0793724, 0.0 ], [ 9.5310984, 45.0793114, 0.0 ], [ 9.5303736, 45.0793457, 0.0 ], [ 9.5291567, 45.0796356, 0.0 ], [ 9.5285511, 45.0798988, 0.0 ], [ 9.5265293, 45.0810776, 0.0 ], [ 9.5256958, 45.0817184, 0.0 ], [ 9.5250406, 45.0823555, 0.0 ], [ 9.5244646, 45.0830688, 0.0 ], [ 9.5240393, 45.0836906, 0.0 ], [ 9.5240145, 45.0842094, 0.0 ], [ 9.5240078, 45.0843315, 0.0 ], [ 9.5240364, 45.0845909, 0.0 ], [ 9.5239372, 45.0849152, 0.0 ], [ 9.5232258, 45.0864029, 0.0 ], [ 9.5226498, 45.0872955, 0.0 ], [ 9.5213947, 45.0890503, 0.0 ], [ 9.5206804, 45.0899353, 0.0 ], [ 9.5192575, 45.0915337, 0.0 ], [ 9.5099592, 45.1001358, 0.0 ], [ 9.5087481, 45.1011314, 0.0 ], [ 9.5071211, 45.1024094, 0.0 ], [ 9.5060968, 45.1030159, 0.0 ], [ 9.5059204, 45.1031151, 0.0 ], [ 9.5056953, 45.1032143, 0.0 ], [ 9.5044022, 45.1037788, 0.0 ], [ 9.5025148, 45.1045074, 0.0 ], [ 9.5005856, 45.1048203, 0.0 ], [ 9.5003319, 45.1048584, 0.0 ], [ 9.4988451, 45.1048393, 0.0 ], [ 9.4970388, 45.10466, 0.0 ], [ 9.4947491, 45.1043167, 0.0 ], [ 9.4923553, 45.1036987, 0.0 ], [ 9.4904938, 45.103138, 0.0 ], [ 9.490201, 45.1030502, 0.0 ], [ 9.4886456, 45.1025238, 0.0 ], [ 9.4812517, 45.0997467, 0.0 ], [ 9.4763174, 45.0975189, 0.0 ], [ 9.4737062, 45.0967827, 0.0 ], [ 9.4724445, 45.0964355, 0.0 ], [ 9.4687815, 45.0958214, 0.0 ], [ 9.4669371, 45.0956306, 0.0 ], [ 9.4568062, 45.0949249, 0.0 ], [ 9.4542494, 45.0947723, 0.0 ], [ 9.453928, 45.0947571, 0.0 ], [ 9.4537697, 45.0947495, 0.0 ], [ 9.4400568, 45.0943871, 0.0 ], [ 9.4401169, 45.0938644, 0.0 ], [ 9.440238, 45.0913696, 0.0 ], [ 9.4400005, 45.0870781, 0.0 ], [ 9.4398451, 45.0866013, 0.0 ], [ 9.4397287, 45.0863228, 0.0 ], [ 9.4372606, 45.0832977, 0.0 ], [ 9.4370012, 45.0830421, 0.0 ], [ 9.4366417, 45.0827713, 0.0 ], [ 9.4358778, 45.0826492, 0.0 ], [ 9.4355116, 45.0826492, 0.0 ], [ 9.434824, 45.082653, 0.0 ], [ 9.4285097, 45.0827866, 0.0 ], [ 9.4274616, 45.0835571, 0.0 ], [ 9.4275169, 45.0843048, 0.0 ], [ 9.4274702, 45.0845299, 0.0 ], [ 9.4245882, 45.0849571, 0.0 ], [ 9.4234409, 45.0850449, 0.0 ], [ 9.4137039, 45.0845947, 0.0 ], [ 9.4132843, 45.0844955, 0.0 ], [ 9.4118166, 45.0837097, 0.0 ], [ 9.4118214, 45.0833893, 0.0 ], [ 9.413599, 45.0798492, 0.0 ], [ 9.406951, 45.0738029, 0.0 ], [ 9.3903379, 45.064991, 0.0 ], [ 9.3897867, 45.0625954, 0.0 ], [ 9.3889847, 45.0611115, 0.0 ], [ 9.3886337, 45.0608444, 0.0 ], [ 9.3856745, 45.0593262, 0.0 ], [ 9.3718576, 45.0490952, 0.0 ], [ 9.3731766, 45.0469818, 0.0 ], [ 9.3764009, 45.0407104, 0.0 ], [ 9.3748074, 45.0370216, 0.0 ], [ 9.3726149, 45.0315475, 0.0 ], [ 9.3704891, 45.0246735, 0.0 ], [ 9.3766499, 45.0208664, 0.0 ], [ 9.3722649, 45.0138855, 0.0 ], [ 9.3672514, 45.0045586, 0.0 ], [ 9.3669825, 45.0041008, 0.0 ], [ 9.3669176, 45.0039902, 0.0 ], [ 9.3664713, 45.003624, 0.0 ], [ 9.3661261, 45.0033646, 0.0 ], [ 9.3618326, 45.0005493, 0.0 ], [ 9.3614912, 45.0006256, 0.0 ], [ 9.3607693, 45.0008507, 0.0 ], [ 9.3600101, 45.0011978, 0.0 ], [ 9.3592634, 45.0016937, 0.0 ], [ 9.3545599, 45.002018, 0.0 ], [ 9.3542547, 45.0019646, 0.0 ], [ 9.3538103, 45.0017319, 0.0 ], [ 9.3518991, 45.0006905, 0.0 ], [ 9.3485088, 44.9983559, 0.0 ], [ 9.3484068, 44.9980087, 0.0 ], [ 9.3468752, 44.9965096, 0.0 ], [ 9.3464918, 44.9960709, 0.0 ], [ 9.3450203, 44.9938622, 0.0 ], [ 9.3447762, 44.9934731, 0.0 ], [ 9.3441477, 44.9923515, 0.0 ], [ 9.3375359, 44.9788132, 0.0 ], [ 9.3373175, 44.9782486, 0.0 ], [ 9.336503, 44.9756851, 0.0 ], [ 9.3362045, 44.9746857, 0.0 ], [ 9.3361826, 44.9709053, 0.0 ], [ 9.3361921, 44.9702034, 0.0 ], [ 9.3362513, 44.9695625, 0.0 ], [ 9.3363619, 44.9690323, 0.0 ], [ 9.3366642, 44.9685173, 0.0 ], [ 9.3370028, 44.9680061, 0.0 ], [ 9.3373299, 44.9675179, 0.0 ], [ 9.3376198, 44.9671936, 0.0 ], [ 9.3380728, 44.9667244, 0.0 ], [ 9.3385906, 44.9663277, 0.0 ], [ 9.3360672, 44.9640007, 0.0 ], [ 9.3286266, 44.9600449, 0.0 ], [ 9.3256359, 44.9570007, 0.0 ], [ 9.3239965, 44.9505997, 0.0 ], [ 9.3239298, 44.9499855, 0.0 ], [ 9.3233881, 44.9460907, 0.0 ], [ 9.3228626, 44.9450455, 0.0 ], [ 9.3190889, 44.9411125, 0.0 ], [ 9.3162994, 44.9384384, 0.0 ], [ 9.3155718, 44.937767, 0.0 ], [ 9.3151026, 44.9376144, 0.0 ], [ 9.3120937, 44.9366684, 0.0 ], [ 9.3108587, 44.936367, 0.0 ], [ 9.3066864, 44.9349098, 0.0 ], [ 9.3064861, 44.9354973, 0.0 ], [ 9.3051872, 44.9366608, 0.0 ], [ 9.3044147, 44.9368706, 0.0 ], [ 9.303668, 44.9370079, 0.0 ], [ 9.2904139, 44.9350166, 0.0 ], [ 9.2873974, 44.9348984, 0.0 ], [ 9.2923393, 44.9260216, 0.0 ], [ 9.2955227, 44.9239769, 0.0 ], [ 9.2910423, 44.9111137, 0.0 ], [ 9.2874413, 44.9072723, 0.0 ], [ 9.2871714, 44.9044647, 0.0 ], [ 9.2871237, 44.9041519, 0.0 ], [ 9.2794466, 44.8977318, 0.0 ], [ 9.2781525, 44.8966827, 0.0 ], [ 9.2820654, 44.8969841, 0.0 ], [ 9.282383, 44.8969307, 0.0 ], [ 9.2833061, 44.8967209, 0.0 ], [ 9.284214, 44.8963928, 0.0 ], [ 9.2844696, 44.8962975, 0.0 ], [ 9.284543, 44.8962631, 0.0 ], [ 9.2853413, 44.8959084, 0.0 ], [ 9.2862263, 44.895462, 0.0 ], [ 9.2912645, 44.8927155, 0.0 ], [ 9.2938662, 44.8912659, 0.0 ], [ 9.2941551, 44.8907433, 0.0 ], [ 9.2937822, 44.8896561, 0.0 ], [ 9.2931309, 44.8886414, 0.0 ], [ 9.292531, 44.8876801, 0.0 ], [ 9.2919674, 44.8863831, 0.0 ], [ 9.2915182, 44.8852234, 0.0 ], [ 9.2910948, 44.8841019, 0.0 ], [ 9.290926, 44.8833351, 0.0 ], [ 9.291153, 44.8831558, 0.0 ], [ 9.2967644, 44.8809242, 0.0 ], [ 9.2979898, 44.8804893, 0.0 ], [ 9.3082771, 44.8770866, 0.0 ], [ 9.3097448, 44.8768501, 0.0 ], [ 9.3106184, 44.8768272, 0.0 ], [ 9.3115807, 44.8769989, 0.0 ], [ 9.3126202, 44.8771935, 0.0 ], [ 9.3141155, 44.8774834, 0.0 ], [ 9.3190479, 44.8787498, 0.0 ], [ 9.3191757, 44.8789749, 0.0 ], [ 9.3193951, 44.8796959, 0.0 ], [ 9.3194227, 44.8802071, 0.0 ], [ 9.3275042, 44.8738251, 0.0 ], [ 9.3409586, 44.8716125, 0.0 ], [ 9.3427143, 44.8707619, 0.0 ], [ 9.3458967, 44.8611984, 0.0 ], [ 9.3488255, 44.8450699, 0.0 ], [ 9.3490572, 44.8415565, 0.0 ], [ 9.3493547, 44.8407173, 0.0 ], [ 9.349906, 44.8397446, 0.0 ], [ 9.3505201, 44.8388252, 0.0 ], [ 9.3589582, 44.8263855, 0.0 ], [ 9.3641424, 44.8233566, 0.0 ], [ 9.3635349, 44.8221016, 0.0 ], [ 9.3614836, 44.8196716, 0.0 ], [ 9.3597507, 44.8176498, 0.0 ], [ 9.3552322, 44.8128128, 0.0 ], [ 9.345273, 44.8075218, 0.0 ], [ 9.3423176, 44.8061256, 0.0 ], [ 9.3309078, 44.8009415, 0.0 ], [ 9.3294144, 44.800457, 0.0 ], [ 9.3272238, 44.7999763, 0.0 ], [ 9.3263378, 44.7999191, 0.0 ], [ 9.3254662, 44.7999458, 0.0 ], [ 9.3243551, 44.8001862, 0.0 ], [ 9.323308, 44.8006287, 0.0 ], [ 9.3225756, 44.8009834, 0.0 ], [ 9.3219433, 44.7998238, 0.0 ], [ 9.3201656, 44.792717, 0.0 ], [ 9.3189096, 44.7871666, 0.0 ], [ 9.3189049, 44.7862663, 0.0 ], [ 9.3186121, 44.7858429, 0.0 ], [ 9.3182802, 44.7853851, 0.0 ], [ 9.3177967, 44.7849007, 0.0 ], [ 9.3169355, 44.7844772, 0.0 ], [ 9.3117142, 44.7819824, 0.0 ], [ 9.2958422, 44.7751732, 0.0 ], [ 9.2880144, 44.7734489, 0.0 ], [ 9.2869349, 44.7603798, 0.0 ], [ 9.2875509, 44.7596283, 0.0 ], [ 9.2884693, 44.758934, 0.0 ], [ 9.289237, 44.7583923, 0.0 ], [ 9.2952967, 44.7550201, 0.0 ], [ 9.2967215, 44.7542953, 0.0 ], [ 9.2991028, 44.753109, 0.0 ], [ 9.3003626, 44.7525291, 0.0 ], [ 9.3154602, 44.7456017, 0.0 ], [ 9.3295841, 44.737011, 0.0 ], [ 9.3313742, 44.7365456, 0.0 ], [ 9.3327112, 44.7362099, 0.0 ], [ 9.3336229, 44.7359924, 0.0 ], [ 9.3315964, 44.7310562, 0.0 ], [ 9.3311987, 44.7302017, 0.0 ], [ 9.3306236, 44.7290154, 0.0 ], [ 9.3296309, 44.7274857, 0.0 ], [ 9.3269587, 44.7240486, 0.0 ], [ 9.326376, 44.7235718, 0.0 ], [ 9.3254395, 44.723053, 0.0 ], [ 9.3242111, 44.7224808, 0.0 ], [ 9.3233633, 44.722168, 0.0 ], [ 9.3222618, 44.7217751, 0.0 ], [ 9.3182783, 44.7204437, 0.0 ], [ 9.3159637, 44.7198372, 0.0 ], [ 9.3154068, 44.7196045, 0.0 ], [ 9.3148108, 44.7190933, 0.0 ], [ 9.3136311, 44.7180519, 0.0 ], [ 9.3134651, 44.7176666, 0.0 ], [ 9.3095303, 44.7065887, 0.0 ], [ 9.3094893, 44.7060738, 0.0 ], [ 9.3096237, 44.7052727, 0.0 ], [ 9.3104839, 44.7032967, 0.0 ], [ 9.3111868, 44.702549, 0.0 ], [ 9.3176918, 44.6965446, 0.0 ], [ 9.3180571, 44.696228, 0.0 ], [ 9.3187618, 44.696064, 0.0 ], [ 9.3197708, 44.695919, 0.0 ], [ 9.3231506, 44.6955109, 0.0 ], [ 9.3263922, 44.6950378, 0.0 ], [ 9.3269587, 44.6948814, 0.0 ], [ 9.327198, 44.6947632, 0.0 ], [ 9.3271446, 44.6943054, 0.0 ], [ 9.3267851, 44.6930428, 0.0 ], [ 9.3261585, 44.6916962, 0.0 ], [ 9.3258533, 44.6912117, 0.0 ], [ 9.325675, 44.6909676, 0.0 ], [ 9.3215542, 44.6897087, 0.0 ], [ 9.3207712, 44.6895256, 0.0 ], [ 9.3117828, 44.6889992, 0.0 ], [ 9.3106976, 44.6889572, 0.0 ], [ 9.3077202, 44.6891098, 0.0 ], [ 9.2995443, 44.6819725, 0.0 ], [ 9.2919226, 44.6818695, 0.0 ], [ 9.2871981, 44.6858482, 0.0 ], [ 9.286871, 44.686039, 0.0 ], [ 9.2840633, 44.6869278, 0.0 ], [ 9.2701035, 44.6865044, 0.0 ], [ 9.2642889, 44.6817284, 0.0 ], [ 9.2614336, 44.6808968, 0.0 ], [ 9.2605247, 44.6809006, 0.0 ], [ 9.2602062, 44.6810722, 0.0 ], [ 9.2594929, 44.6814766, 0.0 ], [ 9.258626, 44.6821747, 0.0 ], [ 9.2566023, 44.6867599, 0.0 ], [ 9.2563028, 44.6875725, 0.0 ], [ 9.2553358, 44.6914787, 0.0 ], [ 9.2552128, 44.6922264, 0.0 ], [ 9.2553682, 44.6930809, 0.0 ], [ 9.2554102, 44.6939621, 0.0 ], [ 9.2554274, 44.6950989, 0.0 ], [ 9.2552929, 44.696125, 0.0 ], [ 9.254981, 44.6969643, 0.0 ], [ 9.2403326, 44.7133179, 0.0 ], [ 9.2393389, 44.7142982, 0.0 ], [ 9.23734, 44.7162476, 0.0 ], [ 9.236661, 44.7168808, 0.0 ], [ 9.2361317, 44.7173119, 0.0 ], [ 9.2344255, 44.7106171, 0.0 ], [ 9.2342587, 44.7098808, 0.0 ], [ 9.2333288, 44.704689, 0.0 ], [ 9.2330971, 44.7032852, 0.0 ], [ 9.2332458, 44.7027512, 0.0 ], [ 9.2345371, 44.7006187, 0.0 ], [ 9.2410688, 44.6899529, 0.0 ], [ 9.2415333, 44.6892586, 0.0 ], [ 9.2381372, 44.6860695, 0.0 ], [ 9.2248383, 44.6843605, 0.0 ], [ 9.2189636, 44.6844254, 0.0 ], [ 9.2184677, 44.6844482, 0.0 ], [ 9.2178535, 44.6844826, 0.0 ], [ 9.213604, 44.6850548, 0.0 ], [ 9.2128801, 44.6851692, 0.0 ], [ 9.2120399, 44.6853027, 0.0 ], [ 9.2051916, 44.6865044, 0.0 ], [ 9.2041712, 44.6867142, 0.0 ], [ 9.2030344, 44.6869583, 0.0 ], [ 9.201375, 44.6873589, 0.0 ], [ 9.2010956, 44.6870689, 0.0 ], [ 9.2029762, 44.6725731, 0.0 ], [ 9.2041435, 44.6717606, 0.0 ], [ 9.2046604, 44.6713448, 0.0 ], [ 9.2050619, 44.6709137, 0.0 ], [ 9.206439, 44.6679535, 0.0 ], [ 9.2074308, 44.6617393, 0.0 ], [ 9.2074776, 44.6611633, 0.0 ], [ 9.2073755, 44.6605492, 0.0 ], [ 9.2070942, 44.6594887, 0.0 ], [ 9.2049475, 44.6551437, 0.0 ], [ 9.2046556, 44.6547394, 0.0 ], [ 9.2010374, 44.6512527, 0.0 ], [ 9.1990871, 44.6507874, 0.0 ], [ 9.1997213, 44.6497078, 0.0 ], [ 9.2004375, 44.6461067, 0.0 ], [ 9.200635, 44.6449394, 0.0 ], [ 9.2002516, 44.6434708, 0.0 ], [ 9.2000647, 44.6429825, 0.0 ], [ 9.1997309, 44.6421204, 0.0 ], [ 9.1995249, 44.6407166, 0.0 ], [ 9.1997461, 44.6355476, 0.0 ], [ 9.1998167, 44.6346703, 0.0 ], [ 9.2012806, 44.6172981, 0.0 ], [ 9.2014647, 44.6162834, 0.0 ], [ 9.2040167, 44.6144447, 0.0 ], [ 9.2045364, 44.6151466, 0.0 ], [ 9.2049398, 44.6155205, 0.0 ], [ 9.205534, 44.6159096, 0.0 ], [ 9.2062149, 44.6161423, 0.0 ], [ 9.2298193, 44.6197777, 0.0 ], [ 9.2458525, 44.6206703, 0.0 ], [ 9.2465448, 44.6205978, 0.0 ], [ 9.2529926, 44.6168404, 0.0 ], [ 9.2538853, 44.6161346, 0.0 ], [ 9.2554283, 44.614727, 0.0 ], [ 9.256155, 44.6138077, 0.0 ], [ 9.2571936, 44.6124649, 0.0 ], [ 9.2575331, 44.6119423, 0.0 ], [ 9.2575798, 44.6115532, 0.0 ], [ 9.2574034, 44.6111565, 0.0 ], [ 9.2568579, 44.6105995, 0.0 ], [ 9.254138, 44.6080055, 0.0 ], [ 9.2528992, 44.6070976, 0.0 ], [ 9.2517242, 44.6063995, 0.0 ], [ 9.2505112, 44.6055832, 0.0 ], [ 9.2486029, 44.6042824, 0.0 ], [ 9.2471352, 44.6028442, 0.0 ], [ 9.2465267, 44.6021652, 0.0 ], [ 9.2462492, 44.6013527, 0.0 ], [ 9.246685, 44.6006622, 0.0 ], [ 9.2472868, 44.6002197, 0.0 ], [ 9.2478657, 44.6001396, 0.0 ], [ 9.2732716, 44.5968666, 0.0 ], [ 9.277442, 44.5968246, 0.0 ], [ 9.2799606, 44.5969162, 0.0 ], [ 9.2812719, 44.5971222, 0.0 ], [ 9.2824831, 44.5973511, 0.0 ], [ 9.283493, 44.5977478, 0.0 ], [ 9.2843523, 44.5982018, 0.0 ], [ 9.2851992, 44.5988045, 0.0 ], [ 9.2857695, 44.5994339, 0.0 ], [ 9.2860994, 44.5999374, 0.0 ], [ 9.2864552, 44.6007271, 0.0 ], [ 9.2881651, 44.6050186, 0.0 ], [ 9.288269, 44.6056099, 0.0 ], [ 9.2882719, 44.6063499, 0.0 ], [ 9.2882385, 44.6072388, 0.0 ], [ 9.2882061, 44.6079063, 0.0 ], [ 9.2883329, 44.6083183, 0.0 ], [ 9.2885494, 44.6085548, 0.0 ], [ 9.2891302, 44.6088142, 0.0 ], [ 9.2898874, 44.6090813, 0.0 ], [ 9.2908335, 44.6092682, 0.0 ], [ 9.2919798, 44.6094093, 0.0 ], [ 9.2930889, 44.6094856, 0.0 ], [ 9.2941217, 44.6094589, 0.0 ], [ 9.2948017, 44.6093941, 0.0 ], [ 9.2984791, 44.6076736, 0.0 ], [ 9.300127, 44.6084785, 0.0 ], [ 9.3010111, 44.6087914, 0.0 ], [ 9.3014507, 44.6087265, 0.0 ], [ 9.3022814, 44.6083908, 0.0 ], [ 9.3033371, 44.6078758, 0.0 ], [ 9.3046675, 44.6069527, 0.0 ], [ 9.3059597, 44.6060066, 0.0 ], [ 9.3066864, 44.6051865, 0.0 ], [ 9.308363, 44.6030197, 0.0 ], [ 9.3087873, 44.6022987, 0.0 ], [ 9.3089476, 44.6016579, 0.0 ], [ 9.3090057, 44.6010818, 0.0 ], [ 9.3135738, 44.5978203, 0.0 ], [ 9.3288584, 44.58992, 0.0 ], [ 9.333066, 44.5867653, 0.0 ], [ 9.3355227, 44.5847206, 0.0 ], [ 9.3378429, 44.5823822, 0.0 ], [ 9.3395481, 44.5809746, 0.0 ], [ 9.3411903, 44.5796204, 0.0 ], [ 9.3432627, 44.5787315, 0.0 ], [ 9.3440428, 44.5786476, 0.0 ], [ 9.3448753, 44.5788155, 0.0 ], [ 9.3457212, 44.5791016, 0.0 ], [ 9.3465424, 44.5794411, 0.0 ], [ 9.347208, 44.5797768, 0.0 ], [ 9.3475695, 44.580204, 0.0 ], [ 9.347744, 44.5804749, 0.0 ], [ 9.3480186, 44.5809021, 0.0 ], [ 9.3482771, 44.5812416, 0.0 ], [ 9.3486223, 44.5815735, 0.0 ], [ 9.3507814, 44.5832481, 0.0 ], [ 9.351099, 44.583477, 0.0 ], [ 9.3512611, 44.5835648, 0.0 ], [ 9.3515282, 44.5836754, 0.0 ], [ 9.3564644, 44.5853615, 0.0 ], [ 9.3567219, 44.5854149, 0.0 ], [ 9.3575983, 44.5854988, 0.0 ], [ 9.3620901, 44.5859184, 0.0 ], [ 9.3652086, 44.5856781, 0.0 ], [ 9.366787, 44.5855255, 0.0 ], [ 9.3704643, 44.5840683, 0.0 ], [ 9.3708267, 44.5838966, 0.0 ], [ 9.3725958, 44.5827408, 0.0 ], [ 9.3729553, 44.5824127, 0.0 ], [ 9.3758278, 44.5805206, 0.0 ], [ 9.3785257, 44.5790329, 0.0 ], [ 9.3790159, 44.5788269, 0.0 ], [ 9.3797073, 44.5785332, 0.0 ], [ 9.3821096, 44.5777016, 0.0 ], [ 9.3857069, 44.5852242, 0.0 ], [ 9.3859234, 44.5855751, 0.0 ], [ 9.3898239, 44.5907135, 0.0 ], [ 9.3904066, 44.5911789, 0.0 ], [ 9.3908587, 44.5910225, 0.0 ], [ 9.3915253, 44.5906715, 0.0 ], [ 9.392993, 44.5897636, 0.0 ], [ 9.3938198, 44.5891876, 0.0 ], [ 9.3948116, 44.5887222, 0.0 ], [ 9.3959179, 44.5884857, 0.0 ], [ 9.399332, 44.5883827, 0.0 ], [ 9.3998108, 44.5884705, 0.0 ], [ 9.4025726, 44.5908203, 0.0 ], [ 9.4036617, 44.5917435, 0.0 ], [ 9.4041834, 44.5924072, 0.0 ], [ 9.4065304, 44.5982933, 0.0 ], [ 9.4066629, 44.6017609, 0.0 ], [ 9.4176731, 44.5973892, 0.0 ], [ 9.4196568, 44.5965691, 0.0 ], [ 9.4201088, 44.5962372, 0.0 ], [ 9.4223442, 44.5935555, 0.0 ], [ 9.4223042, 44.593132, 0.0 ], [ 9.4211683, 44.5877686, 0.0 ], [ 9.4208117, 44.5872383, 0.0 ], [ 9.4204178, 44.5867805, 0.0 ], [ 9.4199867, 44.5863647, 0.0 ], [ 9.4197979, 44.5860634, 0.0 ], [ 9.4205008, 44.5809784, 0.0 ], [ 9.4220963, 44.578598, 0.0 ], [ 9.4241152, 44.5755692, 0.0 ], [ 9.4252653, 44.5761757, 0.0 ], [ 9.4257832, 44.5764465, 0.0 ], [ 9.4262505, 44.5765877, 0.0 ], [ 9.4322081, 44.5751801, 0.0 ], [ 9.4325733, 44.5750694, 0.0 ], [ 9.4444399, 44.5691261, 0.0 ], [ 9.4523106, 44.5693474, 0.0 ], [ 9.4715986, 44.5670166, 0.0 ], [ 9.4775724, 44.5661469, 0.0 ], [ 9.4780493, 44.5659981, 0.0 ], [ 9.485178, 44.5633698, 0.0 ], [ 9.4918079, 44.5598946, 0.0 ], [ 9.4926462, 44.5591164, 0.0 ], [ 9.4932938, 44.5583763, 0.0 ], [ 9.4943714, 44.5568275, 0.0 ], [ 9.4921322, 44.5549316, 0.0 ], [ 9.4917116, 44.5543785, 0.0 ], [ 9.4893398, 44.549305, 0.0 ], [ 9.4890823, 44.5485497, 0.0 ], [ 9.4890251, 44.5477867, 0.0 ], [ 9.4889946, 44.5471992, 0.0 ], [ 9.4892159, 44.546524, 0.0 ], [ 9.4914856, 44.5441208, 0.0 ], [ 9.4959393, 44.5423355, 0.0 ], [ 9.4975452, 44.5418129, 0.0 ], [ 9.4983864, 44.5416183, 0.0 ], [ 9.5005484, 44.5398369, 0.0 ], [ 9.5012827, 44.5389938, 0.0 ], [ 9.5019312, 44.5381355, 0.0 ], [ 9.5056419, 44.5309143, 0.0 ], [ 9.5056314, 44.529583, 0.0 ], [ 9.5032034, 44.5137177, 0.0 ], [ 9.5026703, 44.5131798, 0.0 ], [ 9.5020361, 44.5126343, 0.0 ], [ 9.5003567, 44.5104637, 0.0 ], [ 9.4965668, 44.5040855, 0.0 ], [ 9.4962978, 44.5035019, 0.0 ], [ 9.4956694, 44.501358, 0.0 ], [ 9.4956131, 44.4999847, 0.0 ], [ 9.4956732, 44.4988365, 0.0 ], [ 9.4956999, 44.4983292, 0.0 ], [ 9.4968901, 44.4874725, 0.0 ], [ 9.4971313, 44.4857712, 0.0 ], [ 9.4973583, 44.4849052, 0.0 ], [ 9.497838, 44.4836845, 0.0 ], [ 9.4931326, 44.4820023, 0.0 ], [ 9.491848, 44.4816895, 0.0 ], [ 9.4878445, 44.480835, 0.0 ], [ 9.4866734, 44.4806671, 0.0 ], [ 9.4832888, 44.4802437, 0.0 ], [ 9.4828529, 44.4803085, 0.0 ], [ 9.4825583, 44.4803543, 0.0 ], [ 9.4822712, 44.4804001, 0.0 ], [ 9.4810419, 44.4807205, 0.0 ], [ 9.4797897, 44.4814072, 0.0 ], [ 9.4786148, 44.4822235, 0.0 ], [ 9.4771013, 44.483078, 0.0 ], [ 9.4764528, 44.4832268, 0.0 ], [ 9.4756832, 44.4834061, 0.0 ], [ 9.4744997, 44.4833755, 0.0 ], [ 9.4721994, 44.4831238, 0.0 ], [ 9.4699078, 44.4828377, 0.0 ], [ 9.4698267, 44.4821968, 0.0 ], [ 9.4701118, 44.4801369, 0.0 ], [ 9.4707222, 44.4778023, 0.0 ], [ 9.4712696, 44.4742241, 0.0 ], [ 9.4674911, 44.4669037, 0.0 ], [ 9.460659, 44.451725, 0.0 ], [ 9.4592342, 44.443161, 0.0 ], [ 9.4583864, 44.4424706, 0.0 ], [ 9.4573174, 44.4421806, 0.0 ], [ 9.4561214, 44.4418755, 0.0 ], [ 9.455265, 44.4417191, 0.0 ], [ 9.4546614, 44.4416237, 0.0 ], [ 9.4533014, 44.4413872, 0.0 ], [ 9.450633, 44.4408646, 0.0 ], [ 9.4498034, 44.4405899, 0.0 ], [ 9.4474344, 44.439724, 0.0 ], [ 9.446866, 44.4393768, 0.0 ], [ 9.4465542, 44.4389954, 0.0 ], [ 9.4460421, 44.4383698, 0.0 ], [ 9.4406338, 44.4310379, 0.0 ], [ 9.4401989, 44.4300308, 0.0 ], [ 9.4398394, 44.4288254, 0.0 ], [ 9.4394035, 44.4213104, 0.0 ], [ 9.4394283, 44.4194984, 0.0 ], [ 9.4437542, 44.417572, 0.0 ], [ 9.4438629, 44.4177017, 0.0 ], [ 9.4439554, 44.4177971, 0.0 ], [ 9.4447813, 44.4181824, 0.0 ], [ 9.4650764, 44.4258995, 0.0 ], [ 9.4659548, 44.4258652, 0.0 ], [ 9.4691811, 44.4257278, 0.0 ], [ 9.4735994, 44.4252434, 0.0 ], [ 9.4735279, 44.4242325, 0.0 ], [ 9.4733286, 44.4228935, 0.0 ], [ 9.4732189, 44.4173737, 0.0 ], [ 9.4748096, 44.4137726, 0.0 ], [ 9.4752073, 44.413208, 0.0 ], [ 9.4767551, 44.4120293, 0.0 ], [ 9.4783278, 44.4109459, 0.0 ], [ 9.4800682, 44.4102173, 0.0 ], [ 9.4807997, 44.4106712, 0.0 ], [ 9.4815073, 44.4111214, 0.0 ], [ 9.4820127, 44.4115219, 0.0 ], [ 9.4823551, 44.4118462, 0.0 ], [ 9.4835463, 44.4147835, 0.0 ], [ 9.4837646, 44.416935, 0.0 ], [ 9.4832907, 44.4173851, 0.0 ], [ 9.4830427, 44.4177399, 0.0 ], [ 9.482913, 44.418045, 0.0 ], [ 9.4839449, 44.4188499, 0.0 ], [ 9.484767, 44.4194794, 0.0 ], [ 9.494936, 44.4248543, 0.0 ], [ 9.4962177, 44.4250641, 0.0 ], [ 9.5351267, 44.4302177, 0.0 ], [ 9.5358562, 44.4301605, 0.0 ], [ 9.5368061, 44.4298248, 0.0 ], [ 9.5382948, 44.4292297, 0.0 ], [ 9.553236, 44.4351654, 0.0 ], [ 9.5569172, 44.4377403, 0.0 ], [ 9.5602093, 44.4390907, 0.0 ], [ 9.5743456, 44.4357262, 0.0 ], [ 9.5788469, 44.4345512, 0.0 ], [ 9.5798273, 44.4336281, 0.0 ], [ 9.583765, 44.429081, 0.0 ], [ 9.584609, 44.4281921, 0.0 ], [ 9.5941563, 44.4331322, 0.0 ], [ 9.5952311, 44.4338913, 0.0 ], [ 9.6077013, 44.432312, 0.0 ], [ 9.6084938, 44.4312096, 0.0 ], [ 9.6096134, 44.4301338, 0.0 ], [ 9.6106815, 44.4291, 0.0 ], [ 9.6128883, 44.4274673, 0.0 ], [ 9.6139994, 44.426815, 0.0 ], [ 9.6221275, 44.4234581, 0.0 ], [ 9.6245556, 44.4225693, 0.0 ], [ 9.6370687, 44.4148598, 0.0 ], [ 9.6449308, 44.412735, 0.0 ], [ 9.6462975, 44.4124832, 0.0 ], [ 9.6470356, 44.4124718, 0.0 ], [ 9.6479416, 44.4124565, 0.0 ], [ 9.6493263, 44.4127388, 0.0 ], [ 9.650259, 44.4130821, 0.0 ], [ 9.6513424, 44.4133186, 0.0 ], [ 9.6523714, 44.4132614, 0.0 ], [ 9.6560583, 44.4128342, 0.0 ], [ 9.6563187, 44.4126167, 0.0 ], [ 9.664031, 44.4016151, 0.0 ], [ 9.6648378, 44.399704, 0.0 ], [ 9.6653118, 44.3982849, 0.0 ], [ 9.6679296, 44.3857765, 0.0 ], [ 9.6723671, 44.3721085, 0.0 ], [ 9.6726217, 44.3714066, 0.0 ], [ 9.6730757, 44.3704681, 0.0 ], [ 9.6734934, 44.3696556, 0.0 ], [ 9.6739597, 44.3687439, 0.0 ], [ 9.674365, 44.3679771, 0.0 ], [ 9.6760082, 44.3656693, 0.0 ], [ 9.6877289, 44.3668976, 0.0 ], [ 9.6884832, 44.3680801, 0.0 ], [ 9.689168, 44.3687859, 0.0 ], [ 9.6900673, 44.3694649, 0.0 ], [ 9.6910162, 44.3700905, 0.0 ], [ 9.717926, 44.3841324, 0.0 ], [ 9.7196836, 44.384201, 0.0 ], [ 9.7238684, 44.3835983, 0.0 ], [ 9.7254705, 44.3833351, 0.0 ], [ 9.7264605, 44.3831406, 0.0 ], [ 9.727643, 44.382412, 0.0 ], [ 9.7287531, 44.3817596, 0.0 ], [ 9.7301502, 44.3811073, 0.0 ], [ 9.7317867, 44.3805962, 0.0 ], [ 9.7331018, 44.3803329, 0.0 ], [ 9.7343569, 44.3804436, 0.0 ], [ 9.7437687, 44.3813477, 0.0 ], [ 9.744401, 44.3817024, 0.0 ], [ 9.7449579, 44.3820839, 0.0 ], [ 9.745389, 44.3824158, 0.0 ], [ 9.7453318, 44.3828392, 0.0 ], [ 9.7451982, 44.3832283, 0.0 ], [ 9.7449017, 44.3836327, 0.0 ], [ 9.7446718, 44.384285, 0.0 ], [ 9.7443104, 44.3864479, 0.0 ], [ 9.7439795, 44.3890152, 0.0 ], [ 9.7440395, 44.3897972, 0.0 ], [ 9.7442808, 44.390049, 0.0 ], [ 9.7448759, 44.3904419, 0.0 ], [ 9.759882, 44.3910065, 0.0 ], [ 9.7615023, 44.3910065, 0.0 ], [ 9.7577572, 44.3926163, 0.0 ], [ 9.7563372, 44.3934364, 0.0 ], [ 9.7560787, 44.3938942, 0.0 ], [ 9.7543926, 44.3984184, 0.0 ], [ 9.7538414, 44.4014282, 0.0 ], [ 9.7539091, 44.4018135, 0.0 ], [ 9.7566118, 44.4059906, 0.0 ], [ 9.757493, 44.4071274, 0.0 ], [ 9.7584105, 44.4081116, 0.0 ], [ 9.7590866, 44.4080772, 0.0 ], [ 9.7623482, 44.4087219, 0.0 ], [ 9.7640839, 44.4090691, 0.0 ], [ 9.7733192, 44.4171295, 0.0 ], [ 9.7821894, 44.4258957, 0.0 ], [ 9.7841797, 44.4282951, 0.0 ], [ 9.7853546, 44.429718, 0.0 ], [ 9.7863522, 44.4310341, 0.0 ], [ 9.7872629, 44.4324684, 0.0 ], [ 9.7883034, 44.4341431, 0.0 ], [ 9.790679, 44.437088, 0.0 ], [ 9.7915068, 44.4378853, 0.0 ], [ 9.7978058, 44.4429474, 0.0 ], [ 9.7992668, 44.4440956, 0.0 ], [ 9.8009796, 44.4453087, 0.0 ], [ 9.8098297, 44.4511604, 0.0 ], [ 9.8112984, 44.4519234, 0.0 ], [ 9.8170118, 44.4615974, 0.0 ], [ 9.8168774, 44.4627419, 0.0 ], [ 9.8170967, 44.463192, 0.0 ], [ 9.8209629, 44.4673767, 0.0 ], [ 9.8287439, 44.4692307, 0.0 ], [ 9.8546839, 44.4715538, 0.0 ], [ 9.86343, 44.4722366, 0.0 ], [ 9.8662663, 44.4719086, 0.0 ], [ 9.8678274, 44.4712181, 0.0 ], [ 9.8697186, 44.4707375, 0.0 ], [ 9.8712788, 44.4705353, 0.0 ], [ 9.8721771, 44.4704208, 0.0 ], [ 9.8742619, 44.4703445, 0.0 ], [ 9.8846617, 44.4706306, 0.0 ], [ 9.8864479, 44.4706993, 0.0 ], [ 9.8936701, 44.4711723, 0.0 ], [ 9.8948317, 44.4715347, 0.0 ], [ 9.9009752, 44.4736595, 0.0 ], [ 9.9025364, 44.4722328, 0.0 ], [ 9.9066525, 44.470211, 0.0 ], [ 9.9098263, 44.4689827, 0.0 ], [ 9.9102516, 44.468914, 0.0 ], [ 9.9173241, 44.4709625, 0.0 ], [ 9.9181585, 44.4712715, 0.0 ], [ 9.9192219, 44.4717407, 0.0 ], [ 9.9201078, 44.4721298, 0.0 ], [ 9.9212599, 44.4726143, 0.0 ], [ 9.9221697, 44.4729614, 0.0 ], [ 9.9230804, 44.4732399, 0.0 ], [ 9.924325, 44.4733276, 0.0 ], [ 9.9253302, 44.47332, 0.0 ], [ 9.9319458, 44.4727173, 0.0 ], [ 9.9580202, 44.4683075, 0.0 ], [ 9.9711599, 44.4655495, 0.0 ], [ 9.9714327, 44.4654732, 0.0 ], [ 9.971736, 44.4653931, 0.0 ], [ 9.9720268, 44.4647942, 0.0 ], [ 9.9722815, 44.4641991, 0.0 ], [ 9.9708338, 44.4587631, 0.0 ], [ 9.9724722, 44.4531403, 0.0 ], [ 9.9729986, 44.4523544, 0.0 ], [ 9.9739285, 44.4515533, 0.0 ], [ 9.9771767, 44.4488716, 0.0 ], [ 9.9816904, 44.4459953, 0.0 ], [ 9.989459, 44.4463081, 0.0 ], [ 9.9939623, 44.4464912, 0.0 ], [ 9.9946079, 44.446804, 0.0 ], [ 9.9951916, 44.4471664, 0.0 ], [ 9.9960909, 44.4475746, 0.0 ], [ 9.9970636, 44.4479141, 0.0 ], [ 9.9973516, 44.4478416, 0.0 ], [ 9.997961, 44.4474487, 0.0 ], [ 10.0014095, 44.4448242, 0.0 ], [ 10.0020399, 44.4441986, 0.0 ], [ 10.0038557, 44.4409943, 0.0 ], [ 10.0053406, 44.438282, 0.0 ], [ 10.0057287, 44.4374619, 0.0 ], [ 10.0079584, 44.4326859, 0.0 ], [ 10.0080652, 44.4323044, 0.0 ], [ 10.0079813, 44.431778, 0.0 ], [ 10.0077782, 44.4309425, 0.0 ], [ 10.0031376, 44.4219627, 0.0 ], [ 9.9996881, 44.4185448, 0.0 ], [ 9.9981079, 44.4172363, 0.0 ], [ 9.9975491, 44.4168625, 0.0 ], [ 9.994873, 44.4146423, 0.0 ], [ 9.9936171, 44.4131699, 0.0 ], [ 9.9933586, 44.4127579, 0.0 ], [ 9.9920216, 44.410202, 0.0 ], [ 9.9903069, 44.4052849, 0.0 ], [ 9.9912691, 44.4050598, 0.0 ], [ 9.9918795, 44.4047127, 0.0 ], [ 9.994463, 44.4030876, 0.0 ], [ 9.994997, 44.4027061, 0.0 ], [ 9.9968596, 44.4007797, 0.0 ], [ 9.9972143, 44.4001923, 0.0 ], [ 9.9975863, 44.3992233, 0.0 ], [ 9.9976931, 44.3980827, 0.0 ], [ 10.0110645, 44.3901138, 0.0 ], [ 10.0132351, 44.3892822, 0.0 ], [ 10.0167589, 44.3881264, 0.0 ], [ 10.0175047, 44.3879051, 0.0 ], [ 10.0220242, 44.384407, 0.0 ], [ 10.0227184, 44.3838882, 0.0 ], [ 10.0233536, 44.3836136, 0.0 ], [ 10.0433846, 44.3750114, 0.0 ], [ 10.0440969, 44.3747826, 0.0 ], [ 10.0467253, 44.3743896, 0.0 ], [ 10.0541983, 44.3739853, 0.0 ], [ 10.0581245, 44.3725014, 0.0 ], [ 10.059206, 44.3719139, 0.0 ], [ 10.0635338, 44.3690491, 0.0 ], [ 10.0791121, 44.3576584, 0.0 ], [ 10.0798683, 44.35783, 0.0 ], [ 10.0809011, 44.3580093, 0.0 ], [ 10.0817537, 44.3580818, 0.0 ], [ 10.0853291, 44.3566971, 0.0 ], [ 10.0913801, 44.3541756, 0.0 ], [ 10.0930452, 44.3533401, 0.0 ], [ 10.0936975, 44.3526917, 0.0 ], [ 10.0942907, 44.3515549, 0.0 ], [ 10.0951843, 44.3503036, 0.0 ], [ 10.0959682, 44.3493309, 0.0 ], [ 10.096797, 44.3487015, 0.0 ], [ 10.0981112, 44.3478432, 0.0 ], [ 10.0992908, 44.3472481, 0.0 ], [ 10.1000051, 44.3471222, 0.0 ], [ 10.1002665, 44.3470764, 0.0 ], [ 10.1026917, 44.3493843, 0.0 ], [ 10.1032381, 44.3497124, 0.0 ], [ 10.1040354, 44.3500443, 0.0 ], [ 10.1050835, 44.3504486, 0.0 ], [ 10.1060801, 44.3507576, 0.0 ], [ 10.11339, 44.3526459, 0.0 ], [ 10.1208115, 44.3543396, 0.0 ], [ 10.1221313, 44.3544693, 0.0 ], [ 10.1278086, 44.3548813, 0.0 ], [ 10.1342773, 44.3552246, 0.0 ], [ 10.1430492, 44.3548203, 0.0 ], [ 10.1472931, 44.3530846, 0.0 ], [ 10.1619883, 44.3450775, 0.0 ], [ 10.1629658, 44.344429, 0.0 ], [ 10.1635799, 44.3437729, 0.0 ], [ 10.1640329, 44.3431778, 0.0 ], [ 10.1645088, 44.3425217, 0.0 ], [ 10.1648684, 44.3417435, 0.0 ], [ 10.1650057, 44.341114, 0.0 ], [ 10.1649933, 44.3404541, 0.0 ], [ 10.1647453, 44.339901, 0.0 ], [ 10.1643972, 44.3393898, 0.0 ], [ 10.1640997, 44.3389893, 0.0 ], [ 10.1638794, 44.3385696, 0.0 ], [ 10.163846, 44.3381729, 0.0 ], [ 10.1639099, 44.3376045, 0.0 ], [ 10.1645432, 44.3366241, 0.0 ], [ 10.1689157, 44.330864, 0.0 ], [ 10.1695318, 44.3303452, 0.0 ], [ 10.180213, 44.3239975, 0.0 ], [ 10.181406, 44.3234253, 0.0 ], [ 10.1841888, 44.3227921, 0.0 ], [ 10.1853619, 44.3225746, 0.0 ], [ 10.1882391, 44.3220596, 0.0 ], [ 10.1881466, 44.3208427, 0.0 ], [ 10.1880531, 44.3192787, 0.0 ], [ 10.1886787, 44.3179855, 0.0 ], [ 10.1893444, 44.316761, 0.0 ], [ 10.1906166, 44.3152618, 0.0 ], [ 10.1915503, 44.3149185, 0.0 ], [ 10.192277, 44.3148956, 0.0 ], [ 10.1931877, 44.3152924, 0.0 ], [ 10.1942186, 44.3160629, 0.0 ], [ 10.1955748, 44.316761, 0.0 ], [ 10.19627, 44.3168755, 0.0 ], [ 10.1982517, 44.3158951, 0.0 ], [ 10.2002115, 44.3148842, 0.0 ], [ 10.2026997, 44.3133354, 0.0 ], [ 10.2033024, 44.3127174, 0.0 ], [ 10.2043228, 44.3111916, 0.0 ], [ 10.2088919, 44.3036003, 0.0 ], [ 10.2093096, 44.3031998, 0.0 ], [ 10.209856, 44.3029366, 0.0 ], [ 10.2106037, 44.3027992, 0.0 ], [ 10.2113066, 44.302803, 0.0 ], [ 10.2121029, 44.3031082, 0.0 ], [ 10.2133818, 44.3037529, 0.0 ], [ 10.2149868, 44.3044205, 0.0 ], [ 10.2172766, 44.3053436, 0.0 ], [ 10.2179375, 44.3055267, 0.0 ], [ 10.2187386, 44.305645, 0.0 ], [ 10.2191534, 44.3056412, 0.0 ], [ 10.2215071, 44.3045197, 0.0 ], [ 10.2221889, 44.3041649, 0.0 ], [ 10.2228947, 44.3037491, 0.0 ], [ 10.2272854, 44.3009224, 0.0 ], [ 10.227726, 44.3004379, 0.0 ], [ 10.2295752, 44.2984123, 0.0 ], [ 10.2301989, 44.2976837, 0.0 ], [ 10.2308311, 44.2967415, 0.0 ], [ 10.2313528, 44.2959251, 0.0 ], [ 10.2319069, 44.2948418, 0.0 ], [ 10.2323236, 44.2932587, 0.0 ], [ 10.234271, 44.2892876, 0.0 ], [ 10.2347641, 44.2882919, 0.0 ], [ 10.2371101, 44.2837105, 0.0 ], [ 10.2380524, 44.2826004, 0.0 ], [ 10.2396612, 44.2810898, 0.0 ], [ 10.2530909, 44.270546, 0.0 ], [ 10.2548723, 44.2695351, 0.0 ], [ 10.2592201, 44.2707024, 0.0 ], [ 10.2706938, 44.2741852, 0.0 ], [ 10.2756758, 44.2773972, 0.0 ], [ 10.2823267, 44.2807999, 0.0 ], [ 10.2859659, 44.2821541, 0.0 ], [ 10.2884789, 44.2825356, 0.0 ], [ 10.2898464, 44.2825584, 0.0 ], [ 10.290988, 44.2826653, 0.0 ], [ 10.2918472, 44.2830124, 0.0 ], [ 10.2949133, 44.2845001, 0.0 ], [ 10.2961931, 44.2851791, 0.0 ], [ 10.2968407, 44.2855873, 0.0 ], [ 10.2974167, 44.286129, 0.0 ], [ 10.297636, 44.2864151, 0.0 ], [ 10.2977848, 44.2869263, 0.0 ], [ 10.3081226, 44.2852783, 0.0 ], [ 10.3091078, 44.2850494, 0.0 ], [ 10.3099689, 44.2843552, 0.0 ], [ 10.3116922, 44.2829056, 0.0 ], [ 10.3125019, 44.2821846, 0.0 ], [ 10.3139763, 44.2808342, 0.0 ], [ 10.3286695, 44.2752991, 0.0 ], [ 10.3437595, 44.2705841, 0.0 ], [ 10.3449697, 44.2703362, 0.0 ], [ 10.3493032, 44.2700424, 0.0 ], [ 10.3503399, 44.2701569, 0.0 ], [ 10.3511581, 44.2702904, 0.0 ], [ 10.3621254, 44.2721863, 0.0 ], [ 10.3726053, 44.2703323, 0.0 ], [ 10.3798523, 44.2657356, 0.0 ], [ 10.3914251, 44.2587967, 0.0 ], [ 10.402277, 44.2522736, 0.0 ], [ 10.4084082, 44.250267, 0.0 ], [ 10.4100122, 44.2463226, 0.0 ], [ 10.4134321, 44.2416496, 0.0 ], [ 10.4136467, 44.2412071, 0.0 ], [ 10.4147978, 44.2385635, 0.0 ], [ 10.4149799, 44.2372475, 0.0 ], [ 10.4150419, 44.2367935, 0.0 ], [ 10.4156923, 44.2361374, 0.0 ], [ 10.4160719, 44.2358246, 0.0 ], [ 10.4315081, 44.2280083, 0.0 ], [ 10.4367332, 44.2271843, 0.0 ], [ 10.4443102, 44.2298546, 0.0 ], [ 10.446209, 44.2302055, 0.0 ], [ 10.4507246, 44.2307205, 0.0 ], [ 10.4617538, 44.2309456, 0.0 ], [ 10.4674053, 44.2306213, 0.0 ], [ 10.4711351, 44.2270088, 0.0 ], [ 10.4720068, 44.226368, 0.0 ], [ 10.4739256, 44.2250099, 0.0 ], [ 10.4748697, 44.2247467, 0.0 ], [ 10.4791069, 44.2244453, 0.0 ], [ 10.4804955, 44.2243576, 0.0 ], [ 10.4816332, 44.2243233, 0.0 ], [ 10.4838076, 44.2241821, 0.0 ], [ 10.4847813, 44.224041, 0.0 ], [ 10.4856129, 44.2237778, 0.0 ], [ 10.4881353, 44.2224846, 0.0 ], [ 10.4893951, 44.2218208, 0.0 ], [ 10.4898005, 44.2214928, 0.0 ], [ 10.4939041, 44.2179527, 0.0 ], [ 10.4939928, 44.2175369, 0.0 ], [ 10.4936819, 44.217083, 0.0 ], [ 10.4900713, 44.2128906, 0.0 ], [ 10.4862003, 44.2057991, 0.0 ], [ 10.4862156, 44.2054482, 0.0 ], [ 10.491004, 44.1977882, 0.0 ], [ 10.4912472, 44.197506, 0.0 ], [ 10.5074139, 44.1886253, 0.0 ], [ 10.5080194, 44.1883278, 0.0 ], [ 10.5088243, 44.1880112, 0.0 ], [ 10.5100203, 44.1877975, 0.0 ], [ 10.5104227, 44.187767, 0.0 ], [ 10.5110168, 44.1878662, 0.0 ], [ 10.523941, 44.1757889, 0.0 ], [ 10.5207033, 44.1681366, 0.0 ], [ 10.5259409, 44.157959, 0.0 ], [ 10.5437632, 44.1508331, 0.0 ], [ 10.5528297, 44.1466293, 0.0 ], [ 10.5785189, 44.1328545, 0.0 ], [ 10.5788126, 44.1326256, 0.0 ], [ 10.5815153, 44.1303291, 0.0 ], [ 10.5820427, 44.1290512, 0.0 ], [ 10.5844955, 44.1212196, 0.0 ], [ 10.5850887, 44.1205025, 0.0 ], [ 10.5857391, 44.1200256, 0.0 ], [ 10.5865383, 44.119545, 0.0 ], [ 10.5874271, 44.1191177, 0.0 ], [ 10.5905647, 44.1177711, 0.0 ], [ 10.5912809, 44.1174736, 0.0 ], [ 10.5926657, 44.1169014, 0.0 ], [ 10.593544, 44.1165657, 0.0 ], [ 10.5941086, 44.1163712, 0.0 ], [ 10.6012716, 44.1158218, 0.0 ], [ 10.6047783, 44.1156349, 0.0 ], [ 10.6060905, 44.1156425, 0.0 ], [ 10.6065254, 44.1159973, 0.0 ], [ 10.6108456, 44.1195641, 0.0 ], [ 10.6250629, 44.1213188, 0.0 ], [ 10.625248, 44.1215668, 0.0 ], [ 10.6256742, 44.1225243, 0.0 ], [ 10.6258726, 44.1234131, 0.0 ], [ 10.6263313, 44.1278, 0.0 ], [ 10.6256618, 44.1353073, 0.0 ], [ 10.6255302, 44.142334, 0.0 ], [ 10.6422186, 44.1607857, 0.0 ], [ 10.6437521, 44.1610413, 0.0 ], [ 10.6449776, 44.1610489, 0.0 ], [ 10.6594162, 44.1572495, 0.0 ], [ 10.6603441, 44.1569138, 0.0 ], [ 10.661396, 44.1562424, 0.0 ], [ 10.6624889, 44.1553421, 0.0 ], [ 10.6735125, 44.1555748, 0.0 ], [ 10.6799898, 44.1573639, 0.0 ], [ 10.6812229, 44.1576233, 0.0 ], [ 10.6925631, 44.1584282, 0.0 ], [ 10.694994, 44.1585999, 0.0 ], [ 10.7099295, 44.1559105, 0.0 ], [ 10.7159758, 44.1567917, 0.0 ], [ 10.7339153, 44.1574669, 0.0 ], [ 10.735342, 44.1575089, 0.0 ], [ 10.7443037, 44.1573715, 0.0 ], [ 10.7529306, 44.1556168, 0.0 ], [ 10.7552671, 44.1550941, 0.0 ], [ 10.7571554, 44.1542664, 0.0 ], [ 10.7586861, 44.1535683, 0.0 ], [ 10.7599602, 44.152729, 0.0 ], [ 10.7607756, 44.1519661, 0.0 ], [ 10.7615023, 44.151165, 0.0 ], [ 10.7658577, 44.145462, 0.0 ], [ 10.7734146, 44.1364594, 0.0 ], [ 10.7742586, 44.1356125, 0.0 ], [ 10.7754831, 44.1349487, 0.0 ], [ 10.7803421, 44.1323357, 0.0 ], [ 10.7817965, 44.1316452, 0.0 ], [ 10.7833138, 44.131012, 0.0 ], [ 10.784709, 44.1304817, 0.0 ], [ 10.7923126, 44.1288986, 0.0 ], [ 10.8043509, 44.1200256, 0.0 ], [ 10.8051147, 44.1195679, 0.0 ], [ 10.8062029, 44.1191635, 0.0 ], [ 10.8072062, 44.1188583, 0.0 ], [ 10.8160324, 44.116581, 0.0 ], [ 10.8236351, 44.1154747, 0.0 ], [ 10.8307829, 44.1179161, 0.0 ], [ 10.8313179, 44.1177673, 0.0 ], [ 10.831872, 44.1175385, 0.0 ], [ 10.8438139, 44.1105766, 0.0 ], [ 10.8469648, 44.1034241, 0.0 ], [ 10.8471594, 44.1028252, 0.0 ], [ 10.8477278, 44.1018333, 0.0 ], [ 10.8493719, 44.0992622, 0.0 ], [ 10.8496761, 44.0990028, 0.0 ], [ 10.8549099, 44.0993881, 0.0 ], [ 10.8560133, 44.099514, 0.0 ], [ 10.8567753, 44.0996895, 0.0 ], [ 10.8568869, 44.0997276, 0.0 ], [ 10.8577156, 44.1000252, 0.0 ], [ 10.8584843, 44.1002121, 0.0 ], [ 10.8594513, 44.1003952, 0.0 ], [ 10.860569, 44.100563, 0.0 ], [ 10.8677711, 44.1015549, 0.0 ], [ 10.8765221, 44.1009521, 0.0 ], [ 10.8772573, 44.1008759, 0.0 ], [ 10.8780489, 44.100647, 0.0 ], [ 10.8797045, 44.0995712, 0.0 ], [ 10.882369, 44.0986786, 0.0 ], [ 10.883297, 44.0975266, 0.0 ], [ 10.8837252, 44.0972137, 0.0 ], [ 10.8843994, 44.0968056, 0.0 ], [ 10.8849754, 44.0964622, 0.0 ], [ 10.8953505, 44.0911865, 0.0 ], [ 10.9037981, 44.0870399, 0.0 ], [ 10.9040775, 44.0868111, 0.0 ], [ 10.9043674, 44.086483, 0.0 ], [ 10.9046173, 44.0861015, 0.0 ], [ 10.9047699, 44.0858002, 0.0 ], [ 10.9050388, 44.0852127, 0.0 ], [ 10.9065437, 44.080368, 0.0 ], [ 10.90662, 44.079628, 0.0 ], [ 10.9062777, 44.0790672, 0.0 ], [ 10.9029226, 44.0737686, 0.0 ], [ 10.9004593, 44.0681801, 0.0 ], [ 10.900135, 44.0674286, 0.0 ], [ 10.9002047, 44.0668907, 0.0 ], [ 10.9003305, 44.0666695, 0.0 ], [ 10.9005127, 44.0663528, 0.0 ], [ 10.9012556, 44.0657921, 0.0 ], [ 10.9019432, 44.0653915, 0.0 ], [ 10.902791, 44.0649834, 0.0 ], [ 10.9036942, 44.064724, 0.0 ], [ 10.9057245, 44.0642052, 0.0 ], [ 10.9110594, 44.0634956, 0.0 ], [ 10.9118929, 44.0634155, 0.0 ], [ 10.9130011, 44.0633354, 0.0 ], [ 10.9141235, 44.0632896, 0.0 ], [ 10.9162312, 44.0632095, 0.0 ], [ 10.9171438, 44.0632477, 0.0 ], [ 10.9179487, 44.0634422, 0.0 ], [ 10.9187078, 44.063736, 0.0 ], [ 10.91924, 44.0639687, 0.0 ], [ 10.9198036, 44.0644379, 0.0 ], [ 10.9206181, 44.0652962, 0.0 ], [ 10.9213095, 44.066185, 0.0 ], [ 10.9249516, 44.0718689, 0.0 ], [ 10.9278717, 44.0764389, 0.0 ], [ 10.9285383, 44.0769463, 0.0 ], [ 10.9344826, 44.0788651, 0.0 ], [ 10.9352274, 44.0791016, 0.0 ], [ 10.9364748, 44.0793114, 0.0 ], [ 10.9382553, 44.0796471, 0.0 ], [ 10.9386454, 44.0797691, 0.0 ], [ 10.9393282, 44.0799866, 0.0 ], [ 10.9436235, 44.0815277, 0.0 ], [ 10.9444466, 44.0818558, 0.0 ], [ 10.9451323, 44.0821838, 0.0 ], [ 10.9457207, 44.082634, 0.0 ], [ 10.953042, 44.0894623, 0.0 ], [ 10.9706039, 44.1075783, 0.0 ], [ 10.9708443, 44.1080322, 0.0 ], [ 10.9716053, 44.1113777, 0.0 ], [ 10.9715548, 44.1117401, 0.0 ], [ 10.9714108, 44.1119156, 0.0 ], [ 10.9712315, 44.1121407, 0.0 ], [ 10.9738588, 44.1175346, 0.0 ], [ 10.9793835, 44.1231537, 0.0 ], [ 10.9806347, 44.1243477, 0.0 ], [ 10.98353, 44.1256828, 0.0 ], [ 10.9853001, 44.1263008, 0.0 ], [ 10.9891777, 44.1278801, 0.0 ], [ 10.9944553, 44.1301765, 0.0 ], [ 10.9950294, 44.1305161, 0.0 ], [ 10.9955301, 44.1309395, 0.0 ], [ 10.9958057, 44.131321, 0.0 ], [ 10.9958916, 44.131588, 0.0 ], [ 10.995945, 44.131752, 0.0 ], [ 10.9959641, 44.1323013, 0.0 ], [ 10.9958639, 44.132679, 0.0 ], [ 10.9956188, 44.1331902, 0.0 ], [ 10.9952002, 44.1337624, 0.0 ], [ 10.9945478, 44.1344223, 0.0 ], [ 10.9941235, 44.1347809, 0.0 ], [ 10.9937449, 44.1350937, 0.0 ], [ 10.993371, 44.1355057, 0.0 ], [ 10.9932623, 44.1359253, 0.0 ], [ 10.9932842, 44.1362343, 0.0 ], [ 10.9936028, 44.1364555, 0.0 ], [ 11.007947, 44.1394958, 0.0 ], [ 11.0133696, 44.1391258, 0.0 ], [ 11.0153008, 44.1384354, 0.0 ], [ 11.0154209, 44.1382332, 0.0 ], [ 11.0155449, 44.1380043, 0.0 ], [ 11.0163412, 44.1338425, 0.0 ], [ 11.0160122, 44.1271324, 0.0 ], [ 11.0159292, 44.1261597, 0.0 ], [ 11.0157394, 44.1253281, 0.0 ], [ 11.0155382, 44.1249428, 0.0 ], [ 11.0152035, 44.1246414, 0.0 ], [ 11.0145264, 44.1242065, 0.0 ], [ 11.0137672, 44.1239395, 0.0 ], [ 11.0129461, 44.1236839, 0.0 ], [ 11.0103817, 44.1229095, 0.0 ], [ 11.0092983, 44.1226311, 0.0 ], [ 11.0082951, 44.122551, 0.0 ], [ 11.0071678, 44.1224632, 0.0 ], [ 11.0052509, 44.1186256, 0.0 ], [ 11.0026035, 44.1127815, 0.0 ], [ 11.0028124, 44.1122856, 0.0 ], [ 11.0030079, 44.1118431, 0.0 ], [ 11.012454, 44.1053314, 0.0 ], [ 11.0136824, 44.1045494, 0.0 ], [ 11.0249796, 44.0984077, 0.0 ], [ 11.0286703, 44.0970726, 0.0 ], [ 11.0293245, 44.0968895, 0.0 ], [ 11.0300961, 44.0967674, 0.0 ], [ 11.0309687, 44.0967445, 0.0 ], [ 11.0324697, 44.0967789, 0.0 ], [ 11.0331793, 44.0969658, 0.0 ], [ 11.0373621, 44.0973663, 0.0 ], [ 11.0431271, 44.0968132, 0.0 ], [ 11.04813, 44.0958977, 0.0 ], [ 11.0504284, 44.0911903, 0.0 ], [ 11.0510378, 44.0914879, 0.0 ], [ 11.0519371, 44.0918312, 0.0 ], [ 11.052619, 44.0920525, 0.0 ], [ 11.0534611, 44.0922165, 0.0 ], [ 11.0552807, 44.0924454, 0.0 ], [ 11.0682344, 44.0927963, 0.0 ], [ 11.0776949, 44.0925789, 0.0 ], [ 11.0838852, 44.0910072, 0.0 ], [ 11.0904274, 44.0908966, 0.0 ], [ 11.0908566, 44.0910606, 0.0 ], [ 11.0912304, 44.091362, 0.0 ], [ 11.0931215, 44.0932999, 0.0 ], [ 11.0933962, 44.0936165, 0.0 ], [ 11.0937529, 44.0941162, 0.0 ], [ 11.094224, 44.0954056, 0.0 ], [ 11.1001234, 44.0973473, 0.0 ], [ 11.1009846, 44.097683, 0.0 ], [ 11.1161251, 44.1039658, 0.0 ], [ 11.1249857, 44.1078796, 0.0 ], [ 11.1256084, 44.1081543, 0.0 ], [ 11.1264095, 44.1085625, 0.0 ], [ 11.1273603, 44.1092758, 0.0 ], [ 11.1280413, 44.1097946, 0.0 ], [ 11.1284475, 44.1103439, 0.0 ], [ 11.1286383, 44.1106339, 0.0 ], [ 11.1315165, 44.1097488, 0.0 ], [ 11.1323586, 44.1095695, 0.0 ], [ 11.1334734, 44.1094055, 0.0 ], [ 11.1397982, 44.1087685, 0.0 ], [ 11.1404057, 44.1087532, 0.0 ], [ 11.140851, 44.1089211, 0.0 ], [ 11.1411543, 44.1092262, 0.0 ], [ 11.1412935, 44.1094513, 0.0 ], [ 11.1415071, 44.109951, 0.0 ], [ 11.1417542, 44.1104736, 0.0 ], [ 11.1421299, 44.110981, 0.0 ], [ 11.1427288, 44.1111794, 0.0 ], [ 11.1435642, 44.1113205, 0.0 ], [ 11.1601896, 44.113369, 0.0 ], [ 11.1613312, 44.1133461, 0.0 ], [ 11.1621161, 44.1133041, 0.0 ], [ 11.1626959, 44.1132088, 0.0 ], [ 11.163415, 44.1129456, 0.0 ], [ 11.1639938, 44.1126289, 0.0 ], [ 11.1649113, 44.1116066, 0.0 ], [ 11.1650238, 44.1114502, 0.0 ], [ 11.1653795, 44.110939, 0.0 ], [ 11.1658592, 44.1103592, 0.0 ], [ 11.1662588, 44.1100197, 0.0 ], [ 11.1712894, 44.1085129, 0.0 ], [ 11.171896, 44.1083641, 0.0 ], [ 11.1738749, 44.1081467, 0.0 ], [ 11.1744099, 44.1080933, 0.0 ], [ 11.1762409, 44.1079292, 0.0 ], [ 11.187315, 44.1070175, 0.0 ], [ 11.195962, 44.1046829, 0.0 ], [ 11.2033968, 44.1016884, 0.0 ], [ 11.2035751, 44.1016235, 0.0 ], [ 11.2095556, 44.1000366, 0.0 ], [ 11.2107916, 44.0998192, 0.0 ], [ 11.2145691, 44.0996819, 0.0 ], [ 11.2364321, 44.1022568, 0.0 ], [ 11.2525177, 44.1049995, 0.0 ], [ 11.2646723, 44.1052246, 0.0 ], [ 11.2639322, 44.1089897, 0.0 ], [ 11.2629824, 44.1126823, 0.0 ], [ 11.2616482, 44.1158791, 0.0 ], [ 11.2612143, 44.116787, 0.0 ], [ 11.2594843, 44.1163788, 0.0 ], [ 11.2583523, 44.1161613, 0.0 ], [ 11.2561512, 44.1159935, 0.0 ], [ 11.2560186, 44.1160164, 0.0 ], [ 11.2517967, 44.1168289, 0.0 ], [ 11.2516174, 44.1169167, 0.0 ], [ 11.243968, 44.1207657, 0.0 ], [ 11.2420368, 44.1226196, 0.0 ], [ 11.2413969, 44.1234665, 0.0 ], [ 11.2254534, 44.1292305, 0.0 ], [ 11.212245, 44.1351089, 0.0 ], [ 11.2009134, 44.1412239, 0.0 ], [ 11.196846, 44.1444893, 0.0 ], [ 11.1948309, 44.1465569, 0.0 ], [ 11.1946487, 44.1473465, 0.0 ], [ 11.1945925, 44.1476097, 0.0 ], [ 11.1948748, 44.1485825, 0.0 ], [ 11.1967201, 44.1523628, 0.0 ], [ 11.2002687, 44.1527176, 0.0 ], [ 11.209321, 44.1511688, 0.0 ], [ 11.2150059, 44.1511002, 0.0 ], [ 11.2174597, 44.1516685, 0.0 ], [ 11.2278395, 44.1545105, 0.0 ], [ 11.2312832, 44.1559448, 0.0 ], [ 11.2348347, 44.1588783, 0.0 ], [ 11.23563, 44.1593628, 0.0 ], [ 11.2402811, 44.1598701, 0.0 ], [ 11.2724838, 44.1601562, 0.0 ], [ 11.2742481, 44.1595993, 0.0 ], [ 11.2760296, 44.1588173, 0.0 ], [ 11.2777319, 44.1580009, 0.0 ], [ 11.2791824, 44.1566696, 0.0 ], [ 11.2817039, 44.156292, 0.0 ], [ 11.2990866, 44.1688766, 0.0 ], [ 11.2990284, 44.1692772, 0.0 ], [ 11.2981892, 44.1710701, 0.0 ], [ 11.2976255, 44.1718407, 0.0 ], [ 11.2969379, 44.1725044, 0.0 ], [ 11.3085136, 44.1732597, 0.0 ], [ 11.3096628, 44.1735344, 0.0 ], [ 11.309885, 44.1736031, 0.0 ], [ 11.310071, 44.1736603, 0.0 ], [ 11.3105116, 44.1737976, 0.0 ], [ 11.3116531, 44.1742058, 0.0 ], [ 11.3128338, 44.1746483, 0.0 ], [ 11.3136187, 44.175209, 0.0 ], [ 11.3148298, 44.176075, 0.0 ], [ 11.3177671, 44.1782494, 0.0 ], [ 11.318387, 44.1787567, 0.0 ], [ 11.3236027, 44.1831932, 0.0 ], [ 11.3242054, 44.1860886, 0.0 ], [ 11.3251162, 44.1911049, 0.0 ], [ 11.3252468, 44.1918945, 0.0 ], [ 11.3253241, 44.1932259, 0.0 ], [ 11.3252249, 44.193882, 0.0 ], [ 11.3251257, 44.1945343, 0.0 ], [ 11.3252106, 44.195118, 0.0 ], [ 11.3253918, 44.195591, 0.0 ], [ 11.3258457, 44.1959877, 0.0 ], [ 11.3311024, 44.199173, 0.0 ], [ 11.3434935, 44.2061615, 0.0 ], [ 11.3638334, 44.2050095, 0.0 ], [ 11.3645296, 44.2049141, 0.0 ], [ 11.3662014, 44.2044945, 0.0 ], [ 11.3684006, 44.2037811, 0.0 ], [ 11.3693218, 44.2033577, 0.0 ], [ 11.3704767, 44.2028198, 0.0 ], [ 11.3721352, 44.2020302, 0.0 ], [ 11.3730049, 44.201561, 0.0 ], [ 11.373765, 44.2011948, 0.0 ], [ 11.374691, 44.2008858, 0.0 ], [ 11.3765945, 44.2003059, 0.0 ], [ 11.3777523, 44.2001381, 0.0 ], [ 11.3787651, 44.200119, 0.0 ], [ 11.3798742, 44.2003098, 0.0 ], [ 11.3808384, 44.2006226, 0.0 ], [ 11.3815269, 44.2009506, 0.0 ], [ 11.3831844, 44.202034, 0.0 ], [ 11.3840218, 44.2026176, 0.0 ], [ 11.3847561, 44.2031517, 0.0 ], [ 11.3854942, 44.2037392, 0.0 ], [ 11.3880434, 44.2058372, 0.0 ], [ 11.3883686, 44.2061729, 0.0 ], [ 11.3885679, 44.2067566, 0.0 ], [ 11.3900433, 44.2135658, 0.0 ], [ 11.3902225, 44.2134094, 0.0 ], [ 11.3909636, 44.213974, 0.0 ], [ 11.3917007, 44.2145538, 0.0 ], [ 11.3941221, 44.2168617, 0.0 ], [ 11.3942442, 44.217041, 0.0 ], [ 11.3944416, 44.2173309, 0.0 ], [ 11.3952923, 44.2191582, 0.0 ], [ 11.3955679, 44.2207184, 0.0 ], [ 11.3993168, 44.2236252, 0.0 ], [ 11.4147711, 44.2341881, 0.0 ], [ 11.4154119, 44.2345619, 0.0 ], [ 11.4187899, 44.2360191, 0.0 ], [ 11.4220619, 44.2401886, 0.0 ], [ 11.42869, 44.2351685, 0.0 ], [ 11.4425344, 44.2277527, 0.0 ], [ 11.4460621, 44.2258492, 0.0 ], [ 11.4518671, 44.2223396, 0.0 ], [ 11.4530582, 44.2160378, 0.0 ], [ 11.4533024, 44.2105713, 0.0 ], [ 11.4515877, 44.2093506, 0.0 ], [ 11.4477959, 44.2048569, 0.0 ], [ 11.4475899, 44.2043915, 0.0 ], [ 11.4472399, 44.2027206, 0.0 ], [ 11.4486132, 44.2004356, 0.0 ], [ 11.468854, 44.1857491, 0.0 ], [ 11.4727221, 44.1845245, 0.0 ], [ 11.4811478, 44.1847382, 0.0 ], [ 11.4883318, 44.1803741, 0.0 ], [ 11.4884396, 44.1762657, 0.0 ], [ 11.4985361, 44.1696548, 0.0 ], [ 11.5171165, 44.1585007, 0.0 ], [ 11.5233526, 44.156311, 0.0 ], [ 11.524951, 44.1572495, 0.0 ], [ 11.5259371, 44.1586189, 0.0 ], [ 11.5270672, 44.1588287, 0.0 ], [ 11.5289822, 44.1591644, 0.0 ], [ 11.5294456, 44.1592064, 0.0 ], [ 11.5299082, 44.1591988, 0.0 ], [ 11.5364523, 44.1566467, 0.0 ], [ 11.5371017, 44.1563721, 0.0 ], [ 11.5383711, 44.155632, 0.0 ], [ 11.5390053, 44.1552582, 0.0 ], [ 11.5395479, 44.1548042, 0.0 ], [ 11.5403585, 44.1544724, 0.0 ], [ 11.5412216, 44.1541824, 0.0 ], [ 11.5423603, 44.1539001, 0.0 ], [ 11.5432911, 44.1537285, 0.0 ], [ 11.5454054, 44.1534805, 0.0 ], [ 11.5458078, 44.1535645, 0.0 ], [ 11.5529127, 44.1594086, 0.0 ], [ 11.5536528, 44.1602135, 0.0 ], [ 11.5544844, 44.1616249, 0.0 ], [ 11.5546188, 44.1629982, 0.0 ], [ 11.5540209, 44.1645088, 0.0 ], [ 11.5536184, 44.1655807, 0.0 ], [ 11.5534229, 44.166275, 0.0 ], [ 11.5539656, 44.1666946, 0.0 ], [ 11.5641603, 44.1687546, 0.0 ], [ 11.5694656, 44.1676865, 0.0 ], [ 11.5719442, 44.1648483, 0.0 ], [ 11.5808611, 44.1625748, 0.0 ], [ 11.5933437, 44.1626358, 0.0 ], [ 11.6118011, 44.1609344, 0.0 ], [ 11.6163378, 44.1591911, 0.0 ], [ 11.6169062, 44.1533661, 0.0 ], [ 11.613307, 44.1426697, 0.0 ], [ 11.6127071, 44.1426773, 0.0 ], [ 11.6119823, 44.1426659, 0.0 ], [ 11.6113443, 44.1423645, 0.0 ], [ 11.6070709, 44.1395912, 0.0 ], [ 11.6048584, 44.1367416, 0.0 ], [ 11.6031647, 44.1332054, 0.0 ], [ 11.598278, 44.1261063, 0.0 ], [ 11.5927572, 44.1256027, 0.0 ], [ 11.5912752, 44.1254272, 0.0 ], [ 11.5896149, 44.1251945, 0.0 ], [ 11.5888166, 44.1246567, 0.0 ], [ 11.5851288, 44.1177559, 0.0 ], [ 11.5848656, 44.1171837, 0.0 ], [ 11.5847311, 44.1163597, 0.0 ], [ 11.5848989, 44.1153564, 0.0 ], [ 11.5852499, 44.1136742, 0.0 ], [ 11.5855503, 44.1131477, 0.0 ], [ 11.5874414, 44.1134987, 0.0 ], [ 11.591836, 44.1145515, 0.0 ], [ 11.5976896, 44.1172523, 0.0 ], [ 11.5985651, 44.1178284, 0.0 ], [ 11.6049967, 44.1197243, 0.0 ], [ 11.6101484, 44.1200905, 0.0 ], [ 11.6171408, 44.1194267, 0.0 ], [ 11.6235018, 44.1180115, 0.0 ], [ 11.6385727, 44.1124344, 0.0 ], [ 11.6446514, 44.1074409, 0.0 ], [ 11.6535692, 44.1016541, 0.0 ], [ 11.6749763, 44.1142502, 0.0 ], [ 11.6790018, 44.1231346, 0.0 ], [ 11.6793289, 44.1236572, 0.0 ], [ 11.6797829, 44.123848, 0.0 ], [ 11.6804609, 44.1239014, 0.0 ], [ 11.6906137, 44.1234741, 0.0 ], [ 11.6914587, 44.1233635, 0.0 ], [ 11.7068577, 44.1212425, 0.0 ], [ 11.7168674, 44.1235046, 0.0 ], [ 11.7172499, 44.1230316, 0.0 ], [ 11.7176495, 44.1227341, 0.0 ], [ 11.7183828, 44.1223831, 0.0 ], [ 11.7192535, 44.1220207, 0.0 ], [ 11.7199917, 44.1217575, 0.0 ], [ 11.7212868, 44.1216545, 0.0 ], [ 11.7231483, 44.1219368, 0.0 ], [ 11.7249413, 44.1223335, 0.0 ], [ 11.7265205, 44.1227112, 0.0 ], [ 11.7288647, 44.1236916, 0.0 ], [ 11.7304754, 44.1244431, 0.0 ], [ 11.7325754, 44.1252594, 0.0 ], [ 11.7363758, 44.1261024, 0.0 ], [ 11.7451677, 44.127018, 0.0 ], [ 11.7458401, 44.1269722, 0.0 ], [ 11.7494678, 44.1256905, 0.0 ], [ 11.753623, 44.1223412, 0.0 ], [ 11.7538662, 44.1219368, 0.0 ], [ 11.7539234, 44.121479, 0.0 ], [ 11.7533684, 44.1212349, 0.0 ], [ 11.7525463, 44.1203766, 0.0 ], [ 11.7520609, 44.1193695, 0.0 ], [ 11.7494602, 44.1101952, 0.0 ], [ 11.7422676, 44.1011047, 0.0 ], [ 11.7383537, 44.0902061, 0.0 ], [ 11.7380247, 44.089016, 0.0 ], [ 11.7374802, 44.0883026, 0.0 ], [ 11.7364902, 44.0871544, 0.0 ], [ 11.7356062, 44.0864105, 0.0 ], [ 11.7250938, 44.0786247, 0.0 ], [ 11.7156706, 44.0716629, 0.0 ], [ 11.7150402, 44.0712471, 0.0 ], [ 11.714262, 44.0706635, 0.0 ], [ 11.7108107, 44.067894, 0.0 ], [ 11.710412, 44.0675468, 0.0 ], [ 11.7016792, 44.0565109, 0.0 ], [ 11.6983318, 44.0512505, 0.0 ], [ 11.6970387, 44.0453224, 0.0 ], [ 11.6968117, 44.0400505, 0.0 ], [ 11.6970072, 44.0393982, 0.0 ], [ 11.6969166, 44.0382385, 0.0 ], [ 11.6964645, 44.0370789, 0.0 ], [ 11.6958933, 44.036293, 0.0 ], [ 11.6948528, 44.0353813, 0.0 ], [ 11.6938143, 44.0344772, 0.0 ], [ 11.6927834, 44.0337639, 0.0 ], [ 11.6916561, 44.0331421, 0.0 ], [ 11.6904869, 44.0326843, 0.0 ], [ 11.6893959, 44.0322762, 0.0 ], [ 11.6884966, 44.0316925, 0.0 ], [ 11.687603, 44.0309601, 0.0 ], [ 11.6867361, 44.0299988, 0.0 ], [ 11.6860981, 44.0291481, 0.0 ], [ 11.6854715, 44.0279846, 0.0 ], [ 11.6850014, 44.0269585, 0.0 ], [ 11.682868, 44.0221558, 0.0 ], [ 11.6798897, 44.0223541, 0.0 ], [ 11.6714916, 44.0225945, 0.0 ], [ 11.6703777, 44.0225143, 0.0 ], [ 11.6638479, 44.0212784, 0.0 ], [ 11.6629391, 44.0210495, 0.0 ], [ 11.6616726, 44.0206451, 0.0 ], [ 11.6606646, 44.0201302, 0.0 ], [ 11.6575031, 44.0184212, 0.0 ], [ 11.657444, 44.0182114, 0.0 ], [ 11.6573591, 44.0179024, 0.0 ], [ 11.6579218, 44.0173759, 0.0 ], [ 11.6594734, 44.0158005, 0.0 ], [ 11.6613092, 44.0136223, 0.0 ], [ 11.66187, 44.0127716, 0.0 ], [ 11.6625624, 44.0115166, 0.0 ], [ 11.6648359, 44.0071564, 0.0 ], [ 11.6649313, 44.0065079, 0.0 ], [ 11.6644993, 44.006031, 0.0 ], [ 11.6621561, 44.0046806, 0.0 ], [ 11.6540136, 44.0005493, 0.0 ], [ 11.6496, 43.9957848, 0.0 ], [ 11.6479979, 43.9939995, 0.0 ], [ 11.6477175, 43.9936104, 0.0 ], [ 11.6472893, 43.9929466, 0.0 ], [ 11.6469946, 43.9916306, 0.0 ], [ 11.646533, 43.9908028, 0.0 ], [ 11.6466227, 43.9903336, 0.0 ], [ 11.651288, 43.9806099, 0.0 ], [ 11.6522312, 43.9791107, 0.0 ], [ 11.6543579, 43.9767914, 0.0 ], [ 11.6549797, 43.9762115, 0.0 ], [ 11.6559153, 43.9756508, 0.0 ], [ 11.6818771, 43.962059, 0.0 ], [ 11.682621, 43.9616928, 0.0 ], [ 11.6836996, 43.9612885, 0.0 ], [ 11.6844101, 43.9610291, 0.0 ], [ 11.6854277, 43.9609604, 0.0 ], [ 11.6865273, 43.9609947, 0.0 ], [ 11.6872482, 43.9609718, 0.0 ], [ 11.6897707, 43.9599762, 0.0 ], [ 11.6918669, 43.9578094, 0.0 ], [ 11.6922274, 43.9572258, 0.0 ], [ 11.6933022, 43.9551201, 0.0 ], [ 11.6935282, 43.9545937, 0.0 ], [ 11.6935844, 43.9541931, 0.0 ], [ 11.6900244, 43.9509926, 0.0 ], [ 11.683362, 43.9392204, 0.0 ], [ 11.6831808, 43.9388008, 0.0 ], [ 11.6838856, 43.9375877, 0.0 ], [ 11.6842651, 43.9371452, 0.0 ], [ 11.6851873, 43.9360809, 0.0 ], [ 11.6935558, 43.9305191, 0.0 ], [ 11.6973228, 43.9290047, 0.0 ], [ 11.6975946, 43.9289398, 0.0 ], [ 11.700736, 43.9289894, 0.0 ], [ 11.7035875, 43.9293442, 0.0 ], [ 11.7102232, 43.9267654, 0.0 ], [ 11.7180138, 43.9227715, 0.0 ], [ 11.7185888, 43.9209328, 0.0 ], [ 11.7164555, 43.9041557, 0.0 ], [ 11.7153158, 43.9007339, 0.0 ], [ 11.7149096, 43.8996124, 0.0 ], [ 11.7143688, 43.8990822, 0.0 ], [ 11.7133026, 43.8978119, 0.0 ], [ 11.7129478, 43.8973885, 0.0 ], [ 11.7114258, 43.8948555, 0.0 ], [ 11.7113018, 43.8943291, 0.0 ], [ 11.7107487, 43.8900948, 0.0 ], [ 11.7101841, 43.8853264, 0.0 ], [ 11.711154, 43.8784065, 0.0 ], [ 11.7115993, 43.8783684, 0.0 ], [ 11.7169466, 43.8777351, 0.0 ], [ 11.7186441, 43.8773003, 0.0 ], [ 11.7194777, 43.8770218, 0.0 ], [ 11.7210274, 43.8763275, 0.0 ], [ 11.7219038, 43.8759193, 0.0 ], [ 11.722641, 43.8754616, 0.0 ], [ 11.7228613, 43.8753281, 0.0 ], [ 11.7252111, 43.8725624, 0.0 ], [ 11.7257757, 43.8718567, 0.0 ], [ 11.7263756, 43.8710823, 0.0 ], [ 11.7266483, 43.8705025, 0.0 ], [ 11.7270441, 43.8699074, 0.0 ], [ 11.7295351, 43.8674889, 0.0 ], [ 11.7302189, 43.8668251, 0.0 ], [ 11.7304401, 43.8666115, 0.0 ], [ 11.7323532, 43.8648911, 0.0 ], [ 11.7327471, 43.8645401, 0.0 ], [ 11.7329988, 43.8643265, 0.0 ], [ 11.733449, 43.864109, 0.0 ], [ 11.7339897, 43.8639717, 0.0 ], [ 11.7389803, 43.8631477, 0.0 ], [ 11.7427073, 43.862484, 0.0 ], [ 11.7435703, 43.8623009, 0.0 ], [ 11.7444906, 43.8620338, 0.0 ], [ 11.7581511, 43.8576813, 0.0 ], [ 11.7586956, 43.8573456, 0.0 ], [ 11.75916, 43.8568802, 0.0 ], [ 11.7599974, 43.8558807, 0.0 ], [ 11.760087, 43.8557701, 0.0 ], [ 11.7734632, 43.8524857, 0.0 ], [ 11.7743349, 43.8522377, 0.0 ], [ 11.7749243, 43.8520622, 0.0 ], [ 11.7854328, 43.8485184, 0.0 ], [ 11.7860546, 43.8482513, 0.0 ], [ 11.7867012, 43.8479652, 0.0 ], [ 11.7874651, 43.8475533, 0.0 ], [ 11.7879829, 43.8471794, 0.0 ], [ 11.7894344, 43.8460274, 0.0 ], [ 11.7935753, 43.8412094, 0.0 ], [ 11.8054218, 43.8325729, 0.0 ], [ 11.8081589, 43.8298874, 0.0 ], [ 11.8176279, 43.8231697, 0.0 ], [ 11.8426323, 43.8089676, 0.0 ], [ 11.8430824, 43.80896, 0.0 ], [ 11.846405, 43.8101578, 0.0 ], [ 11.8518171, 43.8123283, 0.0 ], [ 11.8529892, 43.8139725, 0.0 ], [ 11.8542442, 43.8152542, 0.0 ], [ 11.8547363, 43.8156776, 0.0 ], [ 11.8563356, 43.8166161, 0.0 ], [ 11.8570299, 43.8168411, 0.0 ], [ 11.8683805, 43.8178558, 0.0 ], [ 11.8689651, 43.8178482, 0.0 ], [ 11.8700266, 43.8177071, 0.0 ], [ 11.8711109, 43.8174973, 0.0 ], [ 11.8716364, 43.8170357, 0.0 ], [ 11.8719606, 43.8162956, 0.0 ], [ 11.8723097, 43.8152695, 0.0 ], [ 11.8728638, 43.8146362, 0.0 ], [ 11.8771257, 43.8114777, 0.0 ], [ 11.8881407, 43.8096695, 0.0 ], [ 11.8973942, 43.8087234, 0.0 ], [ 11.8980837, 43.8088493, 0.0 ], [ 11.9040232, 43.8110924, 0.0 ], [ 11.9099894, 43.8133621, 0.0 ], [ 11.9107122, 43.8136597, 0.0 ], [ 11.9143991, 43.8076782, 0.0 ], [ 11.9134464, 43.8044357, 0.0 ], [ 11.9133368, 43.8034554, 0.0 ], [ 11.9132538, 43.8025284, 0.0 ], [ 11.9133043, 43.8017731, 0.0 ], [ 11.9134398, 43.800724, 0.0 ], [ 11.9140673, 43.7998734, 0.0 ], [ 11.9179478, 43.797081, 0.0 ], [ 11.9220524, 43.7950935, 0.0 ], [ 11.933486, 43.7938118, 0.0 ], [ 11.9480286, 43.7918167, 0.0 ], [ 11.9487877, 43.7915802, 0.0 ], [ 11.9492483, 43.7913246, 0.0 ], [ 11.9506044, 43.7898407, 0.0 ], [ 11.951498, 43.7888184, 0.0 ], [ 11.9521456, 43.7879333, 0.0 ], [ 11.9520798, 43.7799339, 0.0 ], [ 11.9521837, 43.7790337, 0.0 ], [ 11.9524317, 43.778511, 0.0 ], [ 11.9536257, 43.7775192, 0.0 ], [ 11.9543467, 43.7770309, 0.0 ], [ 11.9691057, 43.7707253, 0.0 ], [ 11.970068, 43.7703209, 0.0 ], [ 11.9711695, 43.7699776, 0.0 ], [ 11.9760036, 43.768528, 0.0 ], [ 11.9801426, 43.7665634, 0.0 ], [ 11.9838057, 43.7647858, 0.0 ], [ 11.9874783, 43.7628708, 0.0 ], [ 11.9996662, 43.7649574, 0.0 ], [ 12.0107412, 43.7648354, 0.0 ], [ 12.0265703, 43.7622643, 0.0 ], [ 12.0451212, 43.7566071, 0.0 ], [ 12.0454407, 43.7592773, 0.0 ], [ 12.0458889, 43.7595367, 0.0 ], [ 12.0462627, 43.7595634, 0.0 ], [ 12.0468454, 43.7595291, 0.0 ], [ 12.0522118, 43.7583427, 0.0 ], [ 12.0539675, 43.7579269, 0.0 ], [ 12.0546732, 43.7576294, 0.0 ], [ 12.0613613, 43.7545853, 0.0 ], [ 12.0620394, 43.7542343, 0.0 ], [ 12.0623617, 43.7539825, 0.0 ], [ 12.0625486, 43.7535172, 0.0 ], [ 12.0626364, 43.7530403, 0.0 ], [ 12.0624943, 43.751709, 0.0 ], [ 12.0622339, 43.7502594, 0.0 ], [ 12.0621405, 43.7498932, 0.0 ], [ 12.0620441, 43.7494164, 0.0 ], [ 12.0653267, 43.7442055, 0.0 ], [ 12.0655584, 43.743866, 0.0 ], [ 12.0659933, 43.7436295, 0.0 ], [ 12.0675583, 43.7429047, 0.0 ], [ 12.0681896, 43.7426262, 0.0 ], [ 12.0715075, 43.7416916, 0.0 ], [ 12.0721378, 43.7416382, 0.0 ], [ 12.0780182, 43.7416, 0.0 ], [ 12.0836678, 43.7453957, 0.0 ], [ 12.0859337, 43.7467232, 0.0 ], [ 12.0868797, 43.7472458, 0.0 ], [ 12.0883427, 43.7479172, 0.0 ], [ 12.0890293, 43.7482224, 0.0 ], [ 12.1032667, 43.7526512, 0.0 ], [ 12.1084156, 43.7547264, 0.0 ], [ 12.101779, 43.7613525, 0.0 ], [ 12.1002569, 43.7629166, 0.0 ], [ 12.0971632, 43.7662582, 0.0 ], [ 12.0971355, 43.7668381, 0.0 ], [ 12.0971651, 43.7671623, 0.0 ], [ 12.0972481, 43.7674904, 0.0 ], [ 12.0974789, 43.7681503, 0.0 ], [ 12.1011, 43.7761192, 0.0 ], [ 12.1038294, 43.7892342, 0.0 ], [ 12.1170969, 43.8063164, 0.0 ], [ 12.1211805, 43.8137627, 0.0 ], [ 12.1215601, 43.8144417, 0.0 ], [ 12.1220579, 43.8150864, 0.0 ], [ 12.1224298, 43.8155136, 0.0 ], [ 12.1226273, 43.815731, 0.0 ], [ 12.1317682, 43.8256989, 0.0 ], [ 12.1409369, 43.8285103, 0.0 ], [ 12.1416016, 43.8286247, 0.0 ], [ 12.1455307, 43.8295517, 0.0 ], [ 12.1462383, 43.8297577, 0.0 ], [ 12.1466551, 43.8298912, 0.0 ], [ 12.1471863, 43.8301697, 0.0 ], [ 12.1475201, 43.8303833, 0.0 ], [ 12.1480236, 43.8307114, 0.0 ], [ 12.148675, 43.8313065, 0.0 ], [ 12.1492853, 43.8319511, 0.0 ], [ 12.1494904, 43.8323059, 0.0 ], [ 12.1496372, 43.8325806, 0.0 ], [ 12.1498203, 43.8329239, 0.0 ], [ 12.1504288, 43.8342514, 0.0 ], [ 12.1513128, 43.8378181, 0.0 ], [ 12.1483574, 43.8414574, 0.0 ], [ 12.1420612, 43.8464012, 0.0 ], [ 12.1392279, 43.8485947, 0.0 ], [ 12.1431684, 43.8527145, 0.0 ], [ 12.1440334, 43.8595924, 0.0 ], [ 12.1509562, 43.8681602, 0.0 ], [ 12.1513805, 43.8681946, 0.0 ], [ 12.1516657, 43.8682747, 0.0 ], [ 12.1518936, 43.8684311, 0.0 ], [ 12.1530037, 43.8692245, 0.0 ], [ 12.1534061, 43.8696022, 0.0 ], [ 12.157115, 43.8746605, 0.0 ], [ 12.1596003, 43.8784103, 0.0 ], [ 12.1601915, 43.8796234, 0.0 ], [ 12.1615496, 43.8825073, 0.0 ], [ 12.1686554, 43.8976517, 0.0 ], [ 12.1690102, 43.8984947, 0.0 ], [ 12.168829, 43.8986435, 0.0 ], [ 12.1663141, 43.8997879, 0.0 ], [ 12.1645021, 43.9003525, 0.0 ], [ 12.1641331, 43.9004326, 0.0 ], [ 12.1638708, 43.9006538, 0.0 ], [ 12.1614132, 43.9037933, 0.0 ], [ 12.1598616, 43.9066887, 0.0 ], [ 12.1591883, 43.9089546, 0.0 ], [ 12.1590462, 43.9100685, 0.0 ], [ 12.1589918, 43.910553, 0.0 ], [ 12.1593952, 43.9198837, 0.0 ], [ 12.1594181, 43.9201889, 0.0 ], [ 12.1597481, 43.9212761, 0.0 ], [ 12.1601973, 43.9223671, 0.0 ], [ 12.1604691, 43.9227028, 0.0 ], [ 12.1651268, 43.9252205, 0.0 ], [ 12.1653719, 43.9253502, 0.0 ], [ 12.1657352, 43.9255219, 0.0 ], [ 12.1665907, 43.925705, 0.0 ], [ 12.1712484, 43.9262962, 0.0 ], [ 12.1734934, 43.9231415, 0.0 ], [ 12.1737852, 43.9229736, 0.0 ], [ 12.1747036, 43.9224319, 0.0 ], [ 12.176981, 43.9213562, 0.0 ], [ 12.1847868, 43.9188881, 0.0 ], [ 12.1882391, 43.9182587, 0.0 ], [ 12.1928177, 43.9175262, 0.0 ], [ 12.1931982, 43.9175911, 0.0 ], [ 12.1952105, 43.9179306, 0.0 ], [ 12.1955814, 43.9179649, 0.0 ], [ 12.1959066, 43.917984, 0.0 ], [ 12.1961279, 43.9179802, 0.0 ], [ 12.196413, 43.9179802, 0.0 ], [ 12.2030897, 43.9177017, 0.0 ], [ 12.2041664, 43.9174461, 0.0 ], [ 12.2045774, 43.9138832, 0.0 ], [ 12.2061176, 43.9132271, 0.0 ], [ 12.213438, 43.9104347, 0.0 ], [ 12.2200584, 43.9090004, 0.0 ], [ 12.2233191, 43.9098129, 0.0 ], [ 12.2228231, 43.9126167, 0.0 ], [ 12.2225847, 43.9134674, 0.0 ], [ 12.2226601, 43.9142532, 0.0 ], [ 12.2228327, 43.9157944, 0.0 ], [ 12.2232046, 43.9162445, 0.0 ], [ 12.2357712, 43.9179115, 0.0 ], [ 12.2366524, 43.9178772, 0.0 ], [ 12.2374773, 43.917717, 0.0 ], [ 12.2407045, 43.9172478, 0.0 ], [ 12.2489643, 43.913372, 0.0 ], [ 12.2557135, 43.9132729, 0.0 ], [ 12.256011, 43.919239, 0.0 ], [ 12.2560883, 43.9196968, 0.0 ], [ 12.2564001, 43.9208221, 0.0 ], [ 12.256587, 43.9212952, 0.0 ], [ 12.2571115, 43.9218674, 0.0 ], [ 12.2650013, 43.9266281, 0.0 ], [ 12.2669582, 43.9277153, 0.0 ], [ 12.2695951, 43.9290047, 0.0 ], [ 12.271143, 43.9296455, 0.0 ], [ 12.2743378, 43.9304924, 0.0 ], [ 12.2889795, 43.9305992, 0.0 ], [ 12.2947416, 43.9293709, 0.0 ], [ 12.2957211, 43.929142, 0.0 ], [ 12.2962971, 43.9305038, 0.0 ], [ 12.2976904, 43.9326248, 0.0 ], [ 12.2985535, 43.9335938, 0.0 ], [ 12.2986565, 43.9336891, 0.0 ], [ 12.2996311, 43.9345512, 0.0 ], [ 12.3007021, 43.9354439, 0.0 ], [ 12.3018475, 43.9362907, 0.0 ], [ 12.3038998, 43.9372864, 0.0 ], [ 12.3053455, 43.9379044, 0.0 ], [ 12.307395, 43.9387054, 0.0 ], [ 12.3093224, 43.9393082, 0.0 ], [ 12.3114281, 43.9400711, 0.0 ], [ 12.3129005, 43.9408226, 0.0 ], [ 12.313488, 43.941185, 0.0 ], [ 12.3208313, 43.9560051, 0.0 ], [ 12.323802, 43.9615479, 0.0 ], [ 12.3288956, 43.9627228, 0.0 ], [ 12.3367119, 43.9630699, 0.0 ], [ 12.3378839, 43.9624939, 0.0 ], [ 12.3385963, 43.9610252, 0.0 ], [ 12.3399324, 43.9595108, 0.0 ], [ 12.3414783, 43.9582672, 0.0 ], [ 12.3431168, 43.9572639, 0.0 ], [ 12.3533821, 43.9514008, 0.0 ], [ 12.3602581, 43.9550171, 0.0 ], [ 12.3616581, 43.9568367, 0.0 ], [ 12.3629227, 43.9582748, 0.0 ], [ 12.3642483, 43.9596672, 0.0 ], [ 12.3667984, 43.9622879, 0.0 ], [ 12.3681793, 43.962986, 0.0 ], [ 12.3697424, 43.9635086, 0.0 ], [ 12.3708124, 43.9635506, 0.0 ], [ 12.3710527, 43.9635582, 0.0 ], [ 12.3728294, 43.9634438, 0.0 ], [ 12.3742476, 43.9631844, 0.0 ], [ 12.3759422, 43.9627304, 0.0 ], [ 12.3786173, 43.9617615, 0.0 ], [ 12.3801584, 43.9610291, 0.0 ], [ 12.3813353, 43.9606895, 0.0 ], [ 12.3823977, 43.9605141, 0.0 ], [ 12.3890848, 43.9608536, 0.0 ], [ 12.3895893, 43.9609222, 0.0 ], [ 12.391057, 43.961113, 0.0 ], [ 12.3924809, 43.9613953, 0.0 ], [ 12.3987675, 43.9632034, 0.0 ], [ 12.4055452, 43.9566345, 0.0 ], [ 12.4048042, 43.9540482, 0.0 ], [ 12.404645, 43.9530144, 0.0 ], [ 12.4045639, 43.9520264, 0.0 ], [ 12.4048891, 43.9499741, 0.0 ], [ 12.4050674, 43.9499855, 0.0 ], [ 12.4051685, 43.9499207, 0.0 ], [ 12.4054718, 43.9499435, 0.0 ], [ 12.4055729, 43.9498787, 0.0 ], [ 12.405776, 43.949894, 0.0 ], [ 12.4058781, 43.9498329, 0.0 ], [ 12.4061794, 43.9498558, 0.0 ], [ 12.4062824, 43.949791, 0.0 ], [ 12.4064837, 43.9498062, 0.0 ], [ 12.4065847, 43.9497452, 0.0 ], [ 12.4067879, 43.9497566, 0.0 ], [ 12.406888, 43.9496956, 0.0 ], [ 12.4069901, 43.9497032, 0.0 ], [ 12.407093, 43.9496384, 0.0 ], [ 12.4071932, 43.949646, 0.0 ], [ 12.4074993, 43.9494591, 0.0 ], [ 12.4076014, 43.9494667, 0.0 ], [ 12.4078035, 43.9493408, 0.0 ], [ 12.4079065, 43.9493484, 0.0 ], [ 12.4081087, 43.9492188, 0.0 ], [ 12.4082098, 43.9492264, 0.0 ], [ 12.4083118, 43.9491653, 0.0 ], [ 12.4090166, 43.9492188, 0.0 ], [ 12.4091167, 43.949295, 0.0 ], [ 12.4092188, 43.9493027, 0.0 ], [ 12.4093857, 43.9493866, 0.0 ], [ 12.4096184, 43.9494019, 0.0 ], [ 12.4097214, 43.9493408, 0.0 ], [ 12.4099236, 43.9493561, 0.0 ], [ 12.4100256, 43.9492912, 0.0 ], [ 12.4106302, 43.949337, 0.0 ], [ 12.4108276, 43.9494934, 0.0 ], [ 12.4109287, 43.9495735, 0.0 ], [ 12.410924, 43.9497147, 0.0 ], [ 12.4110241, 43.949791, 0.0 ], [ 12.4110146, 43.9501457, 0.0 ], [ 12.4111156, 43.950222, 0.0 ], [ 12.4114189, 43.9502449, 0.0 ], [ 12.411521, 43.9501839, 0.0 ], [ 12.4116192, 43.9502602, 0.0 ], [ 12.4119225, 43.9502831, 0.0 ], [ 12.4120226, 43.9503593, 0.0 ], [ 12.412324, 43.9503822, 0.0 ], [ 12.4124241, 43.9504623, 0.0 ], [ 12.4125242, 43.95047, 0.0 ], [ 12.4126272, 43.9504051, 0.0 ], [ 12.4135323, 43.9504738, 0.0 ], [ 12.4136324, 43.9505501, 0.0 ], [ 12.4137297, 43.9506989, 0.0 ], [ 12.413928, 43.9509277, 0.0 ], [ 12.4140244, 43.9510765, 0.0 ], [ 12.4141216, 43.9512253, 0.0 ], [ 12.4142199, 43.9513741, 0.0 ], [ 12.4144182, 43.9515991, 0.0 ], [ 12.4146137, 43.951828, 0.0 ], [ 12.4147053, 43.9519653, 0.0 ], [ 12.4151087, 43.9523582, 0.0 ], [ 12.4156027, 43.9528198, 0.0 ], [ 12.4159002, 43.953125, 0.0 ], [ 12.4160976, 43.9533539, 0.0 ], [ 12.4163942, 43.9536591, 0.0 ], [ 12.4165897, 43.9538841, 0.0 ], [ 12.4167862, 43.954113, 0.0 ], [ 12.4169836, 43.9543381, 0.0 ], [ 12.4171829, 43.954567, 0.0 ], [ 12.4173794, 43.954792, 0.0 ], [ 12.4174767, 43.9549408, 0.0 ], [ 12.4175749, 43.9550209, 0.0 ], [ 12.417675, 43.9550972, 0.0 ], [ 12.4181786, 43.9551353, 0.0 ], [ 12.4182787, 43.9552155, 0.0 ], [ 12.4184799, 43.9552307, 0.0 ], [ 12.418582, 43.9551659, 0.0 ], [ 12.4190865, 43.955204, 0.0 ], [ 12.4191875, 43.9551392, 0.0 ], [ 12.419692, 43.9551773, 0.0 ], [ 12.419795, 43.9551163, 0.0 ], [ 12.4198952, 43.9551239, 0.0 ], [ 12.4199972, 43.9550591, 0.0 ], [ 12.4200983, 43.9550667, 0.0 ], [ 12.4202003, 43.9550018, 0.0 ], [ 12.4203014, 43.9550095, 0.0 ], [ 12.4204025, 43.9549484, 0.0 ], [ 12.4205027, 43.9549561, 0.0 ], [ 12.4206724, 43.9548531, 0.0 ], [ 12.4208088, 43.9548378, 0.0 ], [ 12.4209108, 43.9547729, 0.0 ], [ 12.4210119, 43.9547806, 0.0 ], [ 12.421114, 43.9547195, 0.0 ], [ 12.4233303, 43.9548836, 0.0 ], [ 12.4234324, 43.9548187, 0.0 ], [ 12.4258499, 43.9550018, 0.0 ], [ 12.4259529, 43.954937, 0.0 ], [ 12.4268599, 43.9550056, 0.0 ], [ 12.4269619, 43.9549408, 0.0 ], [ 12.4277668, 43.9550018, 0.0 ], [ 12.4278698, 43.9549408, 0.0 ], [ 12.4286757, 43.954998, 0.0 ], [ 12.4287767, 43.954937, 0.0 ], [ 12.4294853, 43.9549904, 0.0 ], [ 12.4295864, 43.9549255, 0.0 ], [ 12.4303904, 43.9549866, 0.0 ], [ 12.4304934, 43.9549217, 0.0 ], [ 12.4338179, 43.9551697, 0.0 ], [ 12.4339161, 43.9552498, 0.0 ], [ 12.4341173, 43.9554062, 0.0 ], [ 12.434411, 43.9557114, 0.0 ], [ 12.4346094, 43.9559364, 0.0 ], [ 12.4349051, 43.9562416, 0.0 ], [ 12.4351044, 43.9564705, 0.0 ], [ 12.4354, 43.9567757, 0.0 ], [ 12.4355984, 43.9568596, 0.0 ], [ 12.4356976, 43.9569397, 0.0 ], [ 12.4357986, 43.9569473, 0.0 ], [ 12.4358988, 43.9570236, 0.0 ], [ 12.4361019, 43.9570389, 0.0 ], [ 12.4362001, 43.9571152, 0.0 ], [ 12.4363003, 43.9571228, 0.0 ], [ 12.4365988, 43.9573593, 0.0 ], [ 12.4366884, 43.9574509, 0.0 ], [ 12.4368954, 43.9576645, 0.0 ], [ 12.4371891, 43.9579697, 0.0 ], [ 12.4374876, 43.9582748, 0.0 ], [ 12.4377842, 43.95858, 0.0 ], [ 12.4380798, 43.9588852, 0.0 ], [ 12.4383764, 43.9591904, 0.0 ], [ 12.4385748, 43.9594154, 0.0 ], [ 12.4388714, 43.9597206, 0.0 ], [ 12.439167, 43.9600258, 0.0 ], [ 12.4394636, 43.960331, 0.0 ], [ 12.4397602, 43.9606361, 0.0 ], [ 12.4400558, 43.9609413, 0.0 ], [ 12.4403524, 43.9612465, 0.0 ], [ 12.4406509, 43.9615517, 0.0 ], [ 12.4409447, 43.9618568, 0.0 ], [ 12.4412413, 43.962162, 0.0 ], [ 12.4414396, 43.9623909, 0.0 ], [ 12.4417362, 43.9626961, 0.0 ], [ 12.4420319, 43.9629974, 0.0 ], [ 12.4423285, 43.9633026, 0.0 ], [ 12.442625, 43.9636078, 0.0 ], [ 12.4429207, 43.963913, 0.0 ], [ 12.4432173, 43.9642181, 0.0 ], [ 12.4435158, 43.9645233, 0.0 ], [ 12.4437122, 43.9647522, 0.0 ], [ 12.4439116, 43.9648361, 0.0 ], [ 12.4440098, 43.9649162, 0.0 ], [ 12.4441128, 43.9649239, 0.0 ], [ 12.444211, 43.9650002, 0.0 ], [ 12.4443111, 43.9650078, 0.0 ], [ 12.4444122, 43.9650879, 0.0 ], [ 12.4445124, 43.9650955, 0.0 ], [ 12.4446096, 43.9651718, 0.0 ], [ 12.445013, 43.9652023, 0.0 ], [ 12.4451132, 43.9652824, 0.0 ], [ 12.4455166, 43.9653091, 0.0 ], [ 12.4456148, 43.9653893, 0.0 ], [ 12.4460182, 43.9654198, 0.0 ], [ 12.4461164, 43.9654961, 0.0 ], [ 12.4464188, 43.965519, 0.0 ], [ 12.4467201, 43.965683, 0.0 ], [ 12.4467163, 43.9658241, 0.0 ], [ 12.4478102, 43.9666862, 0.0 ], [ 12.448801, 43.9675369, 0.0 ], [ 12.4497929, 43.9683876, 0.0 ], [ 12.4498882, 43.9685364, 0.0 ], [ 12.4499912, 43.968544, 0.0 ], [ 12.4501886, 43.9687004, 0.0 ], [ 12.4502888, 43.968708, 0.0 ], [ 12.4505882, 43.9689445, 0.0 ], [ 12.4506884, 43.9689522, 0.0 ], [ 12.4508867, 43.9691086, 0.0 ], [ 12.4509869, 43.9691162, 0.0 ], [ 12.4512854, 43.9693489, 0.0 ], [ 12.4513865, 43.9693565, 0.0 ], [ 12.4515839, 43.9695129, 0.0 ], [ 12.4516869, 43.9695206, 0.0 ], [ 12.4519835, 43.9697533, 0.0 ], [ 12.4520845, 43.9697609, 0.0 ], [ 12.4522839, 43.9699173, 0.0 ], [ 12.452384, 43.9699249, 0.0 ], [ 12.4526834, 43.9701614, 0.0 ], [ 12.4527826, 43.9701691, 0.0 ], [ 12.452981, 43.9703255, 0.0 ], [ 12.4530811, 43.9703331, 0.0 ], [ 12.4533796, 43.9705658, 0.0 ], [ 12.4534798, 43.9705734, 0.0 ], [ 12.4536781, 43.9707298, 0.0 ], [ 12.4537792, 43.9707375, 0.0 ], [ 12.4540052, 43.9709167, 0.0 ], [ 12.4541779, 43.9709816, 0.0 ], [ 12.4543781, 43.971138, 0.0 ], [ 12.4544764, 43.9711456, 0.0 ], [ 12.4547844, 43.9713669, 0.0 ], [ 12.4550762, 43.9715424, 0.0 ], [ 12.4551764, 43.97155, 0.0 ], [ 12.4554739, 43.9717827, 0.0 ], [ 12.455575, 43.9717903, 0.0 ], [ 12.4557734, 43.9719467, 0.0 ], [ 12.4558725, 43.9719543, 0.0 ], [ 12.4561701, 43.9721909, 0.0 ], [ 12.4562721, 43.9721985, 0.0 ], [ 12.4564695, 43.9723549, 0.0 ], [ 12.4565706, 43.9723625, 0.0 ], [ 12.4568691, 43.9725952, 0.0 ], [ 12.4569702, 43.9726028, 0.0 ], [ 12.4571676, 43.9727592, 0.0 ], [ 12.4572697, 43.9727669, 0.0 ], [ 12.4575672, 43.9729996, 0.0 ], [ 12.4576693, 43.9730072, 0.0 ], [ 12.4578676, 43.9731636, 0.0 ], [ 12.4579678, 43.9731712, 0.0 ], [ 12.4582663, 43.9734077, 0.0 ], [ 12.4583673, 43.9734154, 0.0 ], [ 12.4585648, 43.9735718, 0.0 ], [ 12.4586649, 43.9735794, 0.0 ], [ 12.4589643, 43.9738121, 0.0 ], [ 12.4590635, 43.9738197, 0.0 ], [ 12.4592619, 43.9739761, 0.0 ], [ 12.4593649, 43.9739838, 0.0 ], [ 12.4596605, 43.9742203, 0.0 ], [ 12.4597616, 43.9742279, 0.0 ], [ 12.4599619, 43.9743843, 0.0 ], [ 12.460062, 43.9743919, 0.0 ], [ 12.4603586, 43.9746246, 0.0 ], [ 12.4604588, 43.9746323, 0.0 ], [ 12.4606619, 43.9747887, 0.0 ], [ 12.4610577, 43.975029, 0.0 ], [ 12.4611588, 43.9750366, 0.0 ], [ 12.4613571, 43.975193, 0.0 ], [ 12.4614573, 43.9752007, 0.0 ], [ 12.4617558, 43.9754372, 0.0 ], [ 12.4618559, 43.9754448, 0.0 ], [ 12.4621515, 43.9756775, 0.0 ], [ 12.4622545, 43.9756851, 0.0 ], [ 12.4624529, 43.9758415, 0.0 ], [ 12.462553, 43.9758492, 0.0 ], [ 12.4628515, 43.9760857, 0.0 ], [ 12.4629517, 43.9760933, 0.0 ], [ 12.4631529, 43.9762459, 0.0 ], [ 12.463253, 43.9762535, 0.0 ], [ 12.4635487, 43.97649, 0.0 ], [ 12.4636497, 43.9764977, 0.0 ], [ 12.4638481, 43.9766541, 0.0 ], [ 12.4639511, 43.9766617, 0.0 ], [ 12.4642467, 43.9768944, 0.0 ], [ 12.4643488, 43.976902, 0.0 ], [ 12.4645481, 43.9770584, 0.0 ], [ 12.4646482, 43.977066, 0.0 ], [ 12.4649467, 43.9773026, 0.0 ], [ 12.4650469, 43.9773102, 0.0 ], [ 12.465147, 43.9773865, 0.0 ], [ 12.4652452, 43.9773941, 0.0 ], [ 12.4653454, 43.9774742, 0.0 ], [ 12.4654465, 43.9774818, 0.0 ], [ 12.4660435, 43.9779472, 0.0 ], [ 12.4661427, 43.9779549, 0.0 ], [ 12.4665375, 43.9782715, 0.0 ], [ 12.4666424, 43.9782753, 0.0 ], [ 12.466938, 43.9785118, 0.0 ], [ 12.467041, 43.9785194, 0.0 ], [ 12.4672394, 43.9786758, 0.0 ], [ 12.4673405, 43.9786835, 0.0 ], [ 12.4674377, 43.9787598, 0.0 ], [ 12.4675379, 43.9787674, 0.0 ], [ 12.4676399, 43.9788475, 0.0 ], [ 12.4678411, 43.9788628, 0.0 ], [ 12.4679394, 43.9789391, 0.0 ], [ 12.4681396, 43.9789543, 0.0 ], [ 12.468338, 43.9791107, 0.0 ], [ 12.4684401, 43.9791183, 0.0 ], [ 12.4686394, 43.9792747, 0.0 ], [ 12.4687414, 43.9792824, 0.0 ], [ 12.4688387, 43.9793587, 0.0 ], [ 12.4689398, 43.9793663, 0.0 ], [ 12.4690399, 43.9794464, 0.0 ], [ 12.4692402, 43.9794617, 0.0 ], [ 12.4693384, 43.979538, 0.0 ], [ 12.4695406, 43.9795532, 0.0 ], [ 12.4696388, 43.9796333, 0.0 ], [ 12.4702463, 43.9796791, 0.0 ], [ 12.4703436, 43.9797554, 0.0 ], [ 12.4704437, 43.979763, 0.0 ], [ 12.4705439, 43.9798431, 0.0 ], [ 12.470644, 43.979847, 0.0 ], [ 12.4708433, 43.9800034, 0.0 ], [ 12.4709454, 43.980011, 0.0 ], [ 12.4711409, 43.9801674, 0.0 ], [ 12.471508, 43.9805107, 0.0 ], [ 12.4716358, 43.980629, 0.0 ], [ 12.4717379, 43.9806366, 0.0 ], [ 12.4718361, 43.9807167, 0.0 ], [ 12.4719391, 43.9807243, 0.0 ], [ 12.4720392, 43.9808006, 0.0 ], [ 12.4722404, 43.9808159, 0.0 ], [ 12.4723377, 43.980896, 0.0 ], [ 12.4724398, 43.9809036, 0.0 ], [ 12.472538, 43.9809799, 0.0 ], [ 12.4727411, 43.9809952, 0.0 ], [ 12.4728394, 43.9810753, 0.0 ], [ 12.4729385, 43.9810829, 0.0 ], [ 12.4730396, 43.9811592, 0.0 ], [ 12.4731398, 43.9811668, 0.0 ], [ 12.473238, 43.9812431, 0.0 ], [ 12.4733429, 43.9812508, 0.0 ], [ 12.4734392, 43.9813309, 0.0 ], [ 12.4736414, 43.9813461, 0.0 ], [ 12.4737387, 43.9814224, 0.0 ], [ 12.4743233, 43.9814682, 0.0 ], [ 12.4753532, 43.9815445, 0.0 ], [ 12.4754515, 43.9816208, 0.0 ], [ 12.4757538, 43.9816437, 0.0 ], [ 12.475852, 43.9817238, 0.0 ], [ 12.475955, 43.9817314, 0.0 ], [ 12.4762506, 43.9819641, 0.0 ], [ 12.4763536, 43.9819717, 0.0 ], [ 12.4764519, 43.9820518, 0.0 ], [ 12.4767551, 43.9820747, 0.0 ], [ 12.4768534, 43.982151, 0.0 ], [ 12.4772558, 43.9821815, 0.0 ], [ 12.4773626, 43.9822464, 0.0 ], [ 12.4775553, 43.9823456, 0.0 ], [ 12.4776573, 43.9823532, 0.0 ], [ 12.4779539, 43.9825859, 0.0 ], [ 12.478054, 43.9825935, 0.0 ], [ 12.4782543, 43.9827499, 0.0 ], [ 12.4783554, 43.9827576, 0.0 ], [ 12.4784527, 43.9828377, 0.0 ], [ 12.4786558, 43.9828529, 0.0 ], [ 12.478754, 43.9829292, 0.0 ], [ 12.4798632, 43.9830132, 0.0 ], [ 12.4799662, 43.9829483, 0.0 ], [ 12.4803667, 43.9829788, 0.0 ], [ 12.4804697, 43.9829178, 0.0 ], [ 12.4820833, 43.983036, 0.0 ], [ 12.4821806, 43.9831161, 0.0 ], [ 12.4826851, 43.9831505, 0.0 ], [ 12.4827852, 43.9832306, 0.0 ], [ 12.4830856, 43.9832535, 0.0 ], [ 12.4831858, 43.9833298, 0.0 ], [ 12.483387, 43.983345, 0.0 ], [ 12.4834871, 43.9834251, 0.0 ], [ 12.4835854, 43.9835014, 0.0 ], [ 12.4836864, 43.9835091, 0.0 ], [ 12.4838858, 43.9836655, 0.0 ], [ 12.4839859, 43.9836731, 0.0 ], [ 12.4842854, 43.9839096, 0.0 ], [ 12.4843845, 43.9839172, 0.0 ], [ 12.4847822, 43.98423, 0.0 ], [ 12.4848824, 43.9842377, 0.0 ], [ 12.4852858, 43.9845428, 0.0 ], [ 12.4858828, 43.9849396, 0.0 ], [ 12.4863749, 43.9852676, 0.0 ], [ 12.486475, 43.9852753, 0.0 ], [ 12.4866743, 43.9854317, 0.0 ], [ 12.4867764, 43.9854393, 0.0 ], [ 12.4868736, 43.9855156, 0.0 ], [ 12.4869738, 43.9855232, 0.0 ], [ 12.4870749, 43.9856033, 0.0 ], [ 12.4882832, 43.9856911, 0.0 ], [ 12.4883852, 43.98563, 0.0 ], [ 12.4886885, 43.9856529, 0.0 ], [ 12.4887886, 43.9855881, 0.0 ], [ 12.4890919, 43.985611, 0.0 ], [ 12.4891939, 43.9855461, 0.0 ], [ 12.489397, 43.9854927, 0.0 ], [ 12.4898014, 43.9855232, 0.0 ], [ 12.4898987, 43.9855995, 0.0 ], [ 12.4900007, 43.9856071, 0.0 ], [ 12.490099, 43.9856873, 0.0 ], [ 12.490694, 43.9862251, 0.0 ], [ 12.4907942, 43.9862328, 0.0 ], [ 12.4909916, 43.9863892, 0.0 ], [ 12.4910946, 43.9863968, 0.0 ], [ 12.4911928, 43.9864769, 0.0 ], [ 12.491293, 43.9864845, 0.0 ], [ 12.491394, 43.9865608, 0.0 ], [ 12.4914942, 43.9865685, 0.0 ], [ 12.4916916, 43.9867249, 0.0 ], [ 12.4917946, 43.9867325, 0.0 ], [ 12.4918928, 43.9868088, 0.0 ], [ 12.491991, 43.9869576, 0.0 ], [ 12.4920893, 43.9871063, 0.0 ], [ 12.4921865, 43.9872551, 0.0 ], [ 12.4922848, 43.9874039, 0.0 ], [ 12.4923801, 43.9875526, 0.0 ], [ 12.4924526, 43.9876328, 0.0 ], [ 12.4925795, 43.9877815, 0.0 ], [ 12.4926767, 43.9879303, 0.0 ], [ 12.492775, 43.9880791, 0.0 ], [ 12.4933701, 43.9886169, 0.0 ], [ 12.4934702, 43.9886246, 0.0 ], [ 12.4936676, 43.988781, 0.0 ], [ 12.4937706, 43.9887886, 0.0 ], [ 12.4938688, 43.9888687, 0.0 ], [ 12.4951792, 43.9889641, 0.0 ], [ 12.4952803, 43.988903, 0.0 ], [ 12.4957829, 43.9889412, 0.0 ], [ 12.4958839, 43.9890175, 0.0 ], [ 12.4959822, 43.9890976, 0.0 ], [ 12.4960842, 43.9891052, 0.0 ], [ 12.4966793, 43.9895744, 0.0 ], [ 12.4967823, 43.9895821, 0.0 ], [ 12.4968796, 43.9896584, 0.0 ], [ 12.4982901, 43.9897652, 0.0 ], [ 12.4983883, 43.9898415, 0.0 ], [ 12.4985914, 43.9898567, 0.0 ], [ 12.4986887, 43.9899368, 0.0 ], [ 12.4988918, 43.9899483, 0.0 ], [ 12.498992, 43.9900284, 0.0 ], [ 12.4990902, 43.9901047, 0.0 ], [ 12.4991913, 43.9901123, 0.0 ], [ 12.4994888, 43.9903488, 0.0 ], [ 12.4995871, 43.9904976, 0.0 ], [ 12.4996853, 43.9906464, 0.0 ], [ 12.5001802, 43.9911079, 0.0 ], [ 12.5002785, 43.9912567, 0.0 ], [ 12.5002728, 43.9914665, 0.0 ], [ 12.4998646, 43.9917221, 0.0 ], [ 12.4998608, 43.9918633, 0.0 ], [ 12.4999609, 43.9919395, 0.0 ], [ 12.4999561, 43.9920807, 0.0 ], [ 12.5000572, 43.9921608, 0.0 ], [ 12.5001574, 43.9921684, 0.0 ], [ 12.5002565, 43.9922447, 0.0 ], [ 12.5003567, 43.9922523, 0.0 ], [ 12.5004578, 43.9923325, 0.0 ], [ 12.5009613, 43.9923668, 0.0 ], [ 12.5010586, 43.9924469, 0.0 ], [ 12.5011568, 43.9925957, 0.0 ], [ 12.5012531, 43.9927444, 0.0 ], [ 12.5012531, 43.9928856, 0.0 ], [ 12.5013533, 43.9929619, 0.0 ], [ 12.5013466, 43.9931755, 0.0 ], [ 12.5014467, 43.9932518, 0.0 ], [ 12.501442, 43.9933929, 0.0 ], [ 12.501545, 43.9934006, 0.0 ], [ 12.5016432, 43.9935493, 0.0 ], [ 12.5017433, 43.993557, 0.0 ], [ 12.5018435, 43.9936371, 0.0 ], [ 12.5019436, 43.9936447, 0.0 ], [ 12.5020418, 43.993721, 0.0 ], [ 12.5027475, 43.9937744, 0.0 ], [ 12.5028505, 43.9937134, 0.0 ], [ 12.5031538, 43.9937363, 0.0 ], [ 12.5034504, 43.993969, 0.0 ], [ 12.5034475, 43.9941101, 0.0 ], [ 12.5035458, 43.9941902, 0.0 ], [ 12.5037441, 43.9944153, 0.0 ], [ 12.5039396, 43.9946404, 0.0 ], [ 12.5042429, 43.9946632, 0.0 ], [ 12.5043459, 43.9946022, 0.0 ], [ 12.504446, 43.9946098, 0.0 ], [ 12.504549, 43.994545, 0.0 ], [ 12.5046492, 43.9945526, 0.0 ], [ 12.5047522, 43.9944916, 0.0 ], [ 12.5050516, 43.9945145, 0.0 ], [ 12.5051527, 43.9945908, 0.0 ], [ 12.5052509, 43.9947395, 0.0 ], [ 12.5054493, 43.9949684, 0.0 ], [ 12.5055447, 43.9951172, 0.0 ], [ 12.5058432, 43.9954224, 0.0 ], [ 12.5061436, 43.9954414, 0.0 ], [ 12.5062466, 43.9953079, 0.0 ], [ 12.5063524, 43.9951744, 0.0 ], [ 12.5063543, 43.9950333, 0.0 ], [ 12.5064564, 43.9949722, 0.0 ], [ 12.5064611, 43.9947586, 0.0 ], [ 12.5065641, 43.9946976, 0.0 ], [ 12.5066662, 43.9945641, 0.0 ], [ 12.5069761, 43.9943008, 0.0 ], [ 12.5070763, 43.9943085, 0.0 ], [ 12.5071793, 43.9942474, 0.0 ], [ 12.5073786, 43.9942627, 0.0 ], [ 12.5074797, 43.994339, 0.0 ], [ 12.507678, 43.9944954, 0.0 ], [ 12.5078735, 43.9947243, 0.0 ], [ 12.5085812, 43.9947777, 0.0 ], [ 12.5086918, 43.9947472, 0.0 ], [ 12.5088844, 43.9946556, 0.0 ], [ 12.5089865, 43.9946632, 0.0 ], [ 12.5094967, 43.994278, 0.0 ], [ 12.5096998, 43.9942932, 0.0 ], [ 12.5098, 43.9942322, 0.0 ], [ 12.5101032, 43.9942513, 0.0 ], [ 12.5102062, 43.9941902, 0.0 ], [ 12.5103064, 43.9942665, 0.0 ], [ 12.5105057, 43.9942818, 0.0 ], [ 12.5106068, 43.9943619, 0.0 ], [ 12.5107021, 43.9945107, 0.0 ], [ 12.5106983, 43.9947929, 0.0 ], [ 12.5108004, 43.9948006, 0.0 ], [ 12.5107851, 43.9955063, 0.0 ], [ 12.5108852, 43.9955139, 0.0 ], [ 12.5110846, 43.9955978, 0.0 ], [ 12.5113859, 43.9956932, 0.0 ], [ 12.5115891, 43.995636, 0.0 ], [ 12.511692, 43.995575, 0.0 ], [ 12.5117922, 43.9955826, 0.0 ], [ 12.5118942, 43.9955177, 0.0 ], [ 12.5119953, 43.9955254, 0.0 ], [ 12.5120106, 43.9948196, 0.0 ], [ 12.5120182, 43.9943962, 0.0 ], [ 12.5121202, 43.9943314, 0.0 ], [ 12.5121269, 43.9939804, 0.0 ], [ 12.512229, 43.9939156, 0.0 ], [ 12.5122414, 43.9934235, 0.0 ], [ 12.5123434, 43.9933586, 0.0 ], [ 12.5123501, 43.9928627, 0.0 ], [ 12.512455, 43.9928017, 0.0 ], [ 12.5124674, 43.9921951, 0.0 ], [ 12.5124693, 43.9920959, 0.0 ], [ 12.5125713, 43.9920311, 0.0 ], [ 12.5125904, 43.9911842, 0.0 ], [ 12.5126896, 43.9911194, 0.0 ], [ 12.5127077, 43.9902725, 0.0 ], [ 12.5128107, 43.9902115, 0.0 ], [ 12.5128126, 43.990097, 0.0 ], [ 12.5129223, 43.9899406, 0.0 ], [ 12.5129223, 43.9896507, 0.0 ], [ 12.5130253, 43.9895897, 0.0 ], [ 12.5130386, 43.9889526, 0.0 ], [ 12.5131407, 43.9888916, 0.0 ], [ 12.5131464, 43.9886093, 0.0 ], [ 12.5130453, 43.9886017, 0.0 ], [ 12.5129452, 43.9885216, 0.0 ], [ 12.5119381, 43.9884453, 0.0 ], [ 12.5118399, 43.988369, 0.0 ], [ 12.5116367, 43.9883537, 0.0 ], [ 12.5115395, 43.9882774, 0.0 ], [ 12.5114365, 43.9882698, 0.0 ], [ 12.5113382, 43.9881897, 0.0 ], [ 12.5112381, 43.9881821, 0.0 ], [ 12.511138, 43.9881058, 0.0 ], [ 12.5110369, 43.9880981, 0.0 ], [ 12.5109386, 43.988018, 0.0 ], [ 12.5108366, 43.9880104, 0.0 ], [ 12.5106392, 43.987854, 0.0 ], [ 12.5105381, 43.9878464, 0.0 ], [ 12.5100422, 43.9874573, 0.0 ], [ 12.5098457, 43.9872284, 0.0 ], [ 12.5097485, 43.9870796, 0.0 ], [ 12.5097523, 43.9868698, 0.0 ], [ 12.5096521, 43.9867897, 0.0 ], [ 12.509654, 43.9866486, 0.0 ], [ 12.5095558, 43.9865723, 0.0 ], [ 12.5094576, 43.9864235, 0.0 ], [ 12.5090609, 43.9860382, 0.0 ], [ 12.5088654, 43.9858131, 0.0 ], [ 12.5087652, 43.9858055, 0.0 ], [ 12.5083656, 43.9854927, 0.0 ], [ 12.5082664, 43.9854851, 0.0 ], [ 12.5080681, 43.9853287, 0.0 ], [ 12.5079699, 43.9851799, 0.0 ], [ 12.5078716, 43.9850311, 0.0 ], [ 12.5078735, 43.98489, 0.0 ], [ 12.5077763, 43.9848099, 0.0 ], [ 12.507678, 43.9846611, 0.0 ], [ 12.5076799, 43.98452, 0.0 ], [ 12.5077829, 43.9844589, 0.0 ], [ 12.5077848, 43.984333, 0.0 ], [ 12.5078878, 43.9842529, 0.0 ], [ 12.5079927, 43.9841194, 0.0 ], [ 12.5079947, 43.9839783, 0.0 ], [ 12.5080967, 43.9839172, 0.0 ], [ 12.5080996, 43.9837761, 0.0 ], [ 12.5082016, 43.9837112, 0.0 ], [ 12.5082092, 43.9833565, 0.0 ], [ 12.5083122, 43.9832954, 0.0 ], [ 12.5083227, 43.9827309, 0.0 ], [ 12.5084257, 43.982666, 0.0 ], [ 12.5084324, 43.9823151, 0.0 ], [ 12.5085354, 43.9822502, 0.0 ], [ 12.5085421, 43.9818954, 0.0 ], [ 12.5086441, 43.9818344, 0.0 ], [ 12.5086508, 43.9814796, 0.0 ], [ 12.5087538, 43.9814186, 0.0 ], [ 12.5087738, 43.9804306, 0.0 ], [ 12.5088768, 43.9803658, 0.0 ], [ 12.508893, 43.9795876, 0.0 ], [ 12.5089931, 43.9795265, 0.0 ], [ 12.5090408, 43.9794006, 0.0 ], [ 12.5091028, 43.9791794, 0.0 ], [ 12.509203, 43.9791183, 0.0 ], [ 12.5092068, 43.9789772, 0.0 ], [ 12.5093098, 43.9789124, 0.0 ], [ 12.5093117, 43.9787712, 0.0 ], [ 12.5094147, 43.9787064, 0.0 ], [ 12.5094166, 43.9785652, 0.0 ], [ 12.5095196, 43.9785042, 0.0 ], [ 12.5095224, 43.978363, 0.0 ], [ 12.5096235, 43.9782982, 0.0 ], [ 12.5097294, 43.9781647, 0.0 ], [ 12.5097322, 43.9780235, 0.0 ], [ 12.5098343, 43.9779625, 0.0 ], [ 12.5098362, 43.9778214, 0.0 ], [ 12.5099392, 43.9777565, 0.0 ], [ 12.5099554, 43.9769783, 0.0 ], [ 12.5098553, 43.976902, 0.0 ], [ 12.5092258, 43.9764023, 0.0 ], [ 12.5090609, 43.9762764, 0.0 ], [ 12.5088587, 43.9762611, 0.0 ], [ 12.5087614, 43.9761848, 0.0 ], [ 12.5086603, 43.9761772, 0.0 ], [ 12.5085602, 43.9760971, 0.0 ], [ 12.508357, 43.9760818, 0.0 ], [ 12.5079613, 43.975769, 0.0 ], [ 12.5078602, 43.9757614, 0.0 ], [ 12.5069666, 43.9750595, 0.0 ], [ 12.5064774, 43.9750214, 0.0 ], [ 12.5063629, 43.9750137, 0.0 ], [ 12.5062628, 43.9749374, 0.0 ], [ 12.5052547, 43.9748611, 0.0 ], [ 12.5051546, 43.974781, 0.0 ], [ 12.5041475, 43.9747086, 0.0 ], [ 12.5042534, 43.974575, 0.0 ], [ 12.5042572, 43.9743843, 0.0 ], [ 12.5043602, 43.9742279, 0.0 ], [ 12.504364, 43.9740143, 0.0 ], [ 12.504467, 43.9739532, 0.0 ], [ 12.5044708, 43.9737396, 0.0 ], [ 12.5045738, 43.9736786, 0.0 ], [ 12.5045776, 43.973465, 0.0 ], [ 12.5046787, 43.9734039, 0.0 ], [ 12.5046864, 43.9731216, 0.0 ], [ 12.5047884, 43.9730568, 0.0 ], [ 12.5047951, 43.9727745, 0.0 ], [ 12.5048952, 43.9727097, 0.0 ], [ 12.5049019, 43.9723892, 0.0 ], [ 12.5050049, 43.9722939, 0.0 ], [ 12.5050144, 43.9718704, 0.0 ], [ 12.5051165, 43.9718094, 0.0 ], [ 12.5051231, 43.9714546, 0.0 ], [ 12.5052261, 43.9713898, 0.0 ], [ 12.5052347, 43.9709663, 0.0 ], [ 12.5053368, 43.9709053, 0.0 ], [ 12.5053463, 43.9704819, 0.0 ], [ 12.5054493, 43.970417, 0.0 ], [ 12.5054579, 43.9699249, 0.0 ], [ 12.5055609, 43.9698601, 0.0 ], [ 12.5055704, 43.9693642, 0.0 ], [ 12.5056725, 43.9693031, 0.0 ], [ 12.5056877, 43.9685249, 0.0 ], [ 12.5057039, 43.9677467, 0.0 ], [ 12.5058069, 43.9676857, 0.0 ], [ 12.506012, 43.9674873, 0.0 ], [ 12.5061169, 43.9673538, 0.0 ], [ 12.5063219, 43.9671593, 0.0 ], [ 12.5065269, 43.9669609, 0.0 ], [ 12.5066319, 43.9668274, 0.0 ], [ 12.5068369, 43.966629, 0.0 ], [ 12.5070419, 43.9664345, 0.0 ], [ 12.5071468, 43.966301, 0.0 ], [ 12.5071487, 43.9661598, 0.0 ], [ 12.5070515, 43.9660797, 0.0 ], [ 12.5070543, 43.9659386, 0.0 ], [ 12.5069532, 43.9658623, 0.0 ], [ 12.506855, 43.9657135, 0.0 ], [ 12.5068598, 43.9655724, 0.0 ], [ 12.5067596, 43.9654922, 0.0 ], [ 12.5066624, 43.9653435, 0.0 ], [ 12.5066643, 43.9652023, 0.0 ], [ 12.506566, 43.965126, 0.0 ], [ 12.5064678, 43.9649773, 0.0 ], [ 12.5064697, 43.9648361, 0.0 ], [ 12.5063696, 43.964756, 0.0 ], [ 12.5062742, 43.9646072, 0.0 ], [ 12.5062761, 43.9644661, 0.0 ], [ 12.5061779, 43.9643898, 0.0 ], [ 12.5060778, 43.964241, 0.0 ], [ 12.5060825, 43.9640961, 0.0 ], [ 12.5059824, 43.9640198, 0.0 ], [ 12.5058823, 43.963871, 0.0 ], [ 12.5058889, 43.9637299, 0.0 ], [ 12.5057888, 43.9636497, 0.0 ], [ 12.5056906, 43.963501, 0.0 ], [ 12.5056934, 43.9633598, 0.0 ], [ 12.5055952, 43.9632835, 0.0 ], [ 12.5055971, 43.9631424, 0.0 ], [ 12.505497, 43.9630623, 0.0 ], [ 12.5053988, 43.9629135, 0.0 ], [ 12.5054026, 43.9627724, 0.0 ], [ 12.5053034, 43.9626961, 0.0 ], [ 12.5052052, 43.9625473, 0.0 ], [ 12.5052099, 43.9624062, 0.0 ], [ 12.5051088, 43.962326, 0.0 ], [ 12.5050106, 43.9621773, 0.0 ], [ 12.5050144, 43.9620361, 0.0 ], [ 12.5049162, 43.9619598, 0.0 ], [ 12.5048151, 43.9618111, 0.0 ], [ 12.50492, 43.9616776, 0.0 ], [ 12.5051279, 43.9614792, 0.0 ], [ 12.505228, 43.9613457, 0.0 ], [ 12.505435, 43.9611473, 0.0 ], [ 12.5055399, 43.9610138, 0.0 ], [ 12.5057449, 43.9608192, 0.0 ], [ 12.5058479, 43.9606857, 0.0 ], [ 12.5059528, 43.9605522, 0.0 ], [ 12.5061579, 43.9603539, 0.0 ], [ 12.5062628, 43.9602203, 0.0 ], [ 12.5064678, 43.960022, 0.0 ], [ 12.5065727, 43.9598885, 0.0 ], [ 12.5067778, 43.9596939, 0.0 ], [ 12.5068827, 43.9595604, 0.0 ], [ 12.5070877, 43.959362, 0.0 ], [ 12.5071898, 43.9592285, 0.0 ], [ 12.5073977, 43.9590302, 0.0 ], [ 12.5075026, 43.9588966, 0.0 ], [ 12.5076027, 43.9587631, 0.0 ], [ 12.5078096, 43.9585686, 0.0 ], [ 12.5079126, 43.9584351, 0.0 ], [ 12.5081196, 43.9582367, 0.0 ], [ 12.5082226, 43.9581032, 0.0 ], [ 12.5084276, 43.9579048, 0.0 ], [ 12.5085325, 43.9577713, 0.0 ], [ 12.5087376, 43.9575768, 0.0 ], [ 12.5088396, 43.9574394, 0.0 ], [ 12.5090485, 43.9572449, 0.0 ], [ 12.5091496, 43.9571114, 0.0 ], [ 12.5092554, 43.9569778, 0.0 ], [ 12.5094604, 43.9567795, 0.0 ], [ 12.5095654, 43.956646, 0.0 ], [ 12.5097704, 43.9564476, 0.0 ], [ 12.5098734, 43.9563141, 0.0 ], [ 12.5100803, 43.9560471, 0.0 ], [ 12.5101833, 43.955986, 0.0 ], [ 12.5103903, 43.9557877, 0.0 ], [ 12.5104933, 43.9556541, 0.0 ], [ 12.5106983, 43.9554558, 0.0 ], [ 12.5108032, 43.9553223, 0.0 ], [ 12.5109053, 43.9551888, 0.0 ], [ 12.5111132, 43.9549942, 0.0 ], [ 12.5111771, 43.9549103, 0.0 ], [ 12.5114202, 43.9546623, 0.0 ], [ 12.5115252, 43.9545288, 0.0 ], [ 12.5117302, 43.9543304, 0.0 ], [ 12.5118351, 43.9541969, 0.0 ], [ 12.5118351, 43.9540558, 0.0 ], [ 12.51194, 43.9539948, 0.0 ], [ 12.5119438, 43.9538307, 0.0 ], [ 12.5120449, 43.9537201, 0.0 ], [ 12.5120516, 43.9535065, 0.0 ], [ 12.5121517, 43.9534416, 0.0 ], [ 12.5121574, 43.9532318, 0.0 ], [ 12.5122585, 43.953167, 0.0 ], [ 12.5122643, 43.9529572, 0.0 ], [ 12.5123663, 43.9528923, 0.0 ], [ 12.5123711, 43.9526825, 0.0 ], [ 12.5124712, 43.9526176, 0.0 ], [ 12.5124779, 43.9524078, 0.0 ], [ 12.5125799, 43.952343, 0.0 ], [ 12.5125847, 43.9520607, 0.0 ], [ 12.5126877, 43.9519958, 0.0 ], [ 12.5126925, 43.951786, 0.0 ], [ 12.5127916, 43.9517212, 0.0 ], [ 12.5127993, 43.9515114, 0.0 ], [ 12.5129004, 43.9514465, 0.0 ], [ 12.5129042, 43.9512367, 0.0 ], [ 12.5130072, 43.9511719, 0.0 ], [ 12.513011, 43.9509621, 0.0 ], [ 12.513114, 43.9508972, 0.0 ], [ 12.5131178, 43.9506874, 0.0 ], [ 12.5132208, 43.9506226, 0.0 ], [ 12.5132227, 43.9504089, 0.0 ], [ 12.5133257, 43.9503479, 0.0 ], [ 12.5133305, 43.9501343, 0.0 ], [ 12.5134335, 43.9500732, 0.0 ], [ 12.5134373, 43.949791, 0.0 ], [ 12.5135422, 43.9497261, 0.0 ], [ 12.513545, 43.9495163, 0.0 ], [ 12.5136471, 43.9494514, 0.0 ], [ 12.5136518, 43.9492378, 0.0 ], [ 12.5137539, 43.9491768, 0.0 ], [ 12.5137587, 43.9489632, 0.0 ], [ 12.5138607, 43.9489021, 0.0 ], [ 12.5138664, 43.9486198, 0.0 ], [ 12.5139685, 43.948555, 0.0 ], [ 12.5139837, 43.9477806, 0.0 ], [ 12.5140867, 43.9477158, 0.0 ], [ 12.514123, 43.9458809, 0.0 ], [ 12.5140247, 43.9458008, 0.0 ], [ 12.5140305, 43.9455185, 0.0 ], [ 12.5139322, 43.9454384, 0.0 ], [ 12.5139389, 43.9452286, 0.0 ], [ 12.5138359, 43.9451485, 0.0 ], [ 12.5138407, 43.9449387, 0.0 ], [ 12.5137405, 43.9448586, 0.0 ], [ 12.5137472, 43.9445763, 0.0 ], [ 12.513649, 43.9445, 0.0 ], [ 12.5136538, 43.9442177, 0.0 ], [ 12.5135536, 43.9441376, 0.0 ], [ 12.5135584, 43.9439278, 0.0 ], [ 12.5134602, 43.9438477, 0.0 ], [ 12.5134649, 43.9437065, 0.0 ], [ 12.5133619, 43.9436302, 0.0 ], [ 12.5133667, 43.9434891, 0.0 ], [ 12.5132656, 43.943409, 0.0 ], [ 12.5132694, 43.9432678, 0.0 ], [ 12.5131712, 43.9431915, 0.0 ], [ 12.5131731, 43.9430504, 0.0 ], [ 12.5130749, 43.9429703, 0.0 ], [ 12.5130768, 43.9428291, 0.0 ], [ 12.5129766, 43.9427528, 0.0 ], [ 12.5129824, 43.9426117, 0.0 ], [ 12.5128813, 43.9425316, 0.0 ], [ 12.5128078, 43.9423866, 0.0 ], [ 12.511776, 43.9423065, 0.0 ], [ 12.5116758, 43.9422302, 0.0 ], [ 12.5110722, 43.9421844, 0.0 ], [ 12.5109739, 43.9421082, 0.0 ], [ 12.5107708, 43.9420929, 0.0 ], [ 12.5106726, 43.9420128, 0.0 ], [ 12.5105734, 43.9420052, 0.0 ], [ 12.5098753, 43.9414597, 0.0 ], [ 12.5095787, 43.9411545, 0.0 ], [ 12.5093832, 43.9409256, 0.0 ], [ 12.509285, 43.9407768, 0.0 ], [ 12.5091867, 43.9406281, 0.0 ], [ 12.5090895, 43.9404793, 0.0 ], [ 12.5090933, 43.9403381, 0.0 ], [ 12.5089931, 43.9402618, 0.0 ], [ 12.5089951, 43.940155, 0.0 ], [ 12.5088968, 43.9400406, 0.0 ], [ 12.5087986, 43.9398918, 0.0 ], [ 12.5087013, 43.939743, 0.0 ], [ 12.508503, 43.939518, 0.0 ], [ 12.5083075, 43.9392891, 0.0 ], [ 12.5076141, 43.9386711, 0.0 ], [ 12.5075121, 43.9386635, 0.0 ], [ 12.5074139, 43.9385872, 0.0 ], [ 12.5073109, 43.9385796, 0.0 ], [ 12.5071135, 43.9384232, 0.0 ], [ 12.5070133, 43.9384155, 0.0 ], [ 12.5067911, 43.9382935, 0.0 ], [ 12.5065126, 43.9380951, 0.0 ], [ 12.5062809, 43.9378548, 0.0 ], [ 12.5061207, 43.9376411, 0.0 ], [ 12.506135, 43.9369164, 0.0 ], [ 12.5061369, 43.9367943, 0.0 ], [ 12.5060387, 43.9367142, 0.0 ], [ 12.5059414, 43.9365654, 0.0 ], [ 12.5058479, 43.9364166, 0.0 ], [ 12.5053492, 43.935955, 0.0 ], [ 12.5051498, 43.93573, 0.0 ], [ 12.5051527, 43.9355888, 0.0 ], [ 12.5050554, 43.9355087, 0.0 ], [ 12.5049572, 43.93536, 0.0 ], [ 12.5049591, 43.9352188, 0.0 ], [ 12.5047607, 43.9350624, 0.0 ], [ 12.5046635, 43.9349136, 0.0 ], [ 12.5043659, 43.9346085, 0.0 ], [ 12.5042658, 43.9346008, 0.0 ], [ 12.5040684, 43.9343758, 0.0 ], [ 12.5039721, 43.934227, 0.0 ], [ 12.5038719, 43.9340782, 0.0 ], [ 12.5038738, 43.9339371, 0.0 ], [ 12.5037756, 43.933857, 0.0 ], [ 12.5036783, 43.9337082, 0.0 ], [ 12.5036802, 43.933567, 0.0 ], [ 12.5035801, 43.9334908, 0.0 ], [ 12.5035849, 43.9333496, 0.0 ], [ 12.5034866, 43.9332695, 0.0 ], [ 12.5034914, 43.9329872, 0.0 ], [ 12.5033932, 43.9329109, 0.0 ], [ 12.5033998, 43.9325562, 0.0 ], [ 12.5032997, 43.9324799, 0.0 ], [ 12.5033035, 43.9323387, 0.0 ], [ 12.5032043, 43.9322586, 0.0 ], [ 12.5031061, 43.9321098, 0.0 ], [ 12.5030079, 43.9319611, 0.0 ], [ 12.5029097, 43.9318123, 0.0 ], [ 12.5028124, 43.9316635, 0.0 ], [ 12.5027142, 43.9315147, 0.0 ], [ 12.5027189, 43.9313736, 0.0 ], [ 12.5026178, 43.9312973, 0.0 ], [ 12.5026302, 43.9307365, 0.0 ], [ 12.5026484, 43.9298134, 0.0 ], [ 12.5025501, 43.9297333, 0.0 ], [ 12.502552, 43.9295921, 0.0 ], [ 12.5024519, 43.9295158, 0.0 ], [ 12.5024567, 43.9293747, 0.0 ], [ 12.5023556, 43.9292946, 0.0 ], [ 12.5022583, 43.9291458, 0.0 ], [ 12.5022631, 43.9290047, 0.0 ], [ 12.5021629, 43.9289284, 0.0 ], [ 12.5021648, 43.9287872, 0.0 ], [ 12.5020647, 43.9287071, 0.0 ], [ 12.5019693, 43.9285583, 0.0 ], [ 12.5018711, 43.9284096, 0.0 ], [ 12.5017729, 43.9282608, 0.0 ], [ 12.5016747, 43.928112, 0.0 ], [ 12.5005741, 43.9272079, 0.0 ], [ 12.5003834, 43.9270973, 0.0 ], [ 12.5001822, 43.9270821, 0.0 ], [ 12.5000839, 43.927002, 0.0 ], [ 12.4996815, 43.9269753, 0.0 ], [ 12.4995804, 43.9268951, 0.0 ], [ 12.4992771, 43.9268723, 0.0 ], [ 12.4991789, 43.926796, 0.0 ], [ 12.4990788, 43.9267883, 0.0 ], [ 12.4989786, 43.9267082, 0.0 ], [ 12.4988775, 43.9267006, 0.0 ], [ 12.4987803, 43.9266243, 0.0 ], [ 12.4985771, 43.926609, 0.0 ], [ 12.498477, 43.9265289, 0.0 ], [ 12.4981756, 43.926506, 0.0 ], [ 12.4980736, 43.9265709, 0.0 ], [ 12.4971666, 43.9265022, 0.0 ], [ 12.4970655, 43.9264259, 0.0 ], [ 12.4966631, 43.9263954, 0.0 ], [ 12.4965668, 43.9263153, 0.0 ], [ 12.4963636, 43.9263, 0.0 ], [ 12.4962645, 43.9262238, 0.0 ], [ 12.4960642, 43.9262085, 0.0 ], [ 12.4959631, 43.9261322, 0.0 ], [ 12.4957628, 43.9261169, 0.0 ], [ 12.4956646, 43.9260368, 0.0 ], [ 12.4955616, 43.9260292, 0.0 ], [ 12.4954643, 43.9259529, 0.0 ], [ 12.4953623, 43.9259453, 0.0 ], [ 12.4945679, 43.9253197, 0.0 ], [ 12.4944696, 43.9251709, 0.0 ], [ 12.4942722, 43.924942, 0.0 ], [ 12.4938784, 43.9245605, 0.0 ], [ 12.4935818, 43.9242554, 0.0 ], [ 12.4934835, 43.9241066, 0.0 ], [ 12.4934864, 43.9239655, 0.0 ], [ 12.4933863, 43.9238853, 0.0 ], [ 12.4933901, 43.9236031, 0.0 ], [ 12.4932919, 43.9235268, 0.0 ], [ 12.4931936, 43.9234467, 0.0 ], [ 12.4930944, 43.9233704, 0.0 ], [ 12.4929943, 43.9233627, 0.0 ], [ 12.4926949, 43.9231262, 0.0 ], [ 12.4926357, 43.9230347, 0.0 ], [ 12.4925013, 43.9228287, 0.0 ], [ 12.4923029, 43.9226036, 0.0 ], [ 12.4922047, 43.9224548, 0.0 ], [ 12.4920073, 43.922226, 0.0 ], [ 12.4919109, 43.9220772, 0.0 ], [ 12.4919128, 43.921936, 0.0 ], [ 12.4918127, 43.9218597, 0.0 ], [ 12.4917173, 43.921711, 0.0 ], [ 12.4913206, 43.9213257, 0.0 ], [ 12.4912233, 43.9211769, 0.0 ], [ 12.49123, 43.920826, 0.0 ], [ 12.4913321, 43.9207611, 0.0 ], [ 12.4913464, 43.9200554, 0.0 ], [ 12.4914484, 43.9199905, 0.0 ], [ 12.4914618, 43.9192848, 0.0 ], [ 12.4915667, 43.9192238, 0.0 ], [ 12.4915686, 43.9190826, 0.0 ], [ 12.4917698, 43.9190979, 0.0 ], [ 12.4918718, 43.9190331, 0.0 ], [ 12.4919729, 43.9190407, 0.0 ], [ 12.4919786, 43.9187584, 0.0 ], [ 12.4920816, 43.9186935, 0.0 ], [ 12.4919825, 43.9186172, 0.0 ], [ 12.4919844, 43.9184761, 0.0 ], [ 12.4918861, 43.918396, 0.0 ], [ 12.4917879, 43.9182472, 0.0 ], [ 12.4917898, 43.9181061, 0.0 ], [ 12.4916897, 43.9180298, 0.0 ], [ 12.4916992, 43.9176064, 0.0 ], [ 12.4918022, 43.9175415, 0.0 ], [ 12.491806, 43.9173317, 0.0 ], [ 12.491909, 43.9172668, 0.0 ], [ 12.4919128, 43.9169846, 0.0 ], [ 12.4920158, 43.9169922, 0.0 ], [ 12.4920177, 43.916851, 0.0 ], [ 12.4919176, 43.9167747, 0.0 ], [ 12.4919443, 43.9154701, 0.0 ], [ 12.4921961, 43.9155579, 0.0 ], [ 12.493597, 43.9160767, 0.0 ], [ 12.4949007, 43.9165077, 0.0 ], [ 12.495348, 43.9166489, 0.0 ], [ 12.4958067, 43.916687, 0.0 ], [ 12.4963207, 43.9166183, 0.0 ], [ 12.4975252, 43.9164085, 0.0 ], [ 12.4979763, 43.9163284, 0.0 ], [ 12.4997158, 43.9159317, 0.0 ], [ 12.501008, 43.9156189, 0.0 ], [ 12.501626, 43.9154205, 0.0 ], [ 12.5022583, 43.9152069, 0.0 ], [ 12.5027533, 43.9149742, 0.0 ], [ 12.5031357, 43.9147301, 0.0 ], [ 12.5097437, 43.9098969, 0.0 ], [ 12.5149031, 43.903656, 0.0 ], [ 12.515419, 43.9031372, 0.0 ], [ 12.5185738, 43.9011955, 0.0 ], [ 12.5219164, 43.8992844, 0.0 ], [ 12.5226192, 43.8992691, 0.0 ], [ 12.5323181, 43.8995438, 0.0 ], [ 12.5368195, 43.8981667, 0.0 ], [ 12.5377693, 43.8940086, 0.0 ], [ 12.5380507, 43.8934822, 0.0 ], [ 12.538393, 43.8930931, 0.0 ], [ 12.5389071, 43.8927956, 0.0 ], [ 12.5393114, 43.8926315, 0.0 ], [ 12.5397224, 43.8924751, 0.0 ], [ 12.5403967, 43.8922806, 0.0 ], [ 12.5411673, 43.891861, 0.0 ], [ 12.5426817, 43.8907394, 0.0 ], [ 12.5435495, 43.8900261, 0.0 ], [ 12.5434742, 43.8894882, 0.0 ], [ 12.5433321, 43.8890648, 0.0 ], [ 12.5431662, 43.8886604, 0.0 ], [ 12.537468, 43.8823853, 0.0 ], [ 12.5371332, 43.8823891, 0.0 ], [ 12.5339451, 43.8825493, 0.0 ], [ 12.5337162, 43.8826675, 0.0 ], [ 12.5333586, 43.8828773, 0.0 ], [ 12.5331974, 43.8831902, 0.0 ], [ 12.5328159, 43.8836784, 0.0 ], [ 12.5326347, 43.8838348, 0.0 ], [ 12.5323811, 43.8839531, 0.0 ], [ 12.5321064, 43.8839836, 0.0 ], [ 12.5318213, 43.8839531, 0.0 ], [ 12.5317049, 43.8834457, 0.0 ], [ 12.531291, 43.8793068, 0.0 ], [ 12.5312529, 43.8787003, 0.0 ], [ 12.5312262, 43.8781662, 0.0 ], [ 12.5312557, 43.8777351, 0.0 ], [ 12.5314398, 43.8771973, 0.0 ], [ 12.5316057, 43.8768044, 0.0 ], [ 12.5318384, 43.8763161, 0.0 ], [ 12.5320797, 43.8758621, 0.0 ], [ 12.5350857, 43.8715134, 0.0 ], [ 12.5357161, 43.8694687, 0.0 ], [ 12.5359755, 43.8692398, 0.0 ], [ 12.5361681, 43.8691025, 0.0 ], [ 12.5426464, 43.8649712, 0.0 ], [ 12.550209, 43.8665733, 0.0 ], [ 12.5504303, 43.8666344, 0.0 ], [ 12.5506268, 43.8666916, 0.0 ], [ 12.5507746, 43.866745, 0.0 ], [ 12.5520449, 43.8673286, 0.0 ], [ 12.562439, 43.870285, 0.0 ], [ 12.5630198, 43.870491, 0.0 ], [ 12.563406, 43.8707619, 0.0 ], [ 12.5635729, 43.8709526, 0.0 ], [ 12.5639362, 43.8714638, 0.0 ], [ 12.5643816, 43.8722382, 0.0 ], [ 12.5650721, 43.8737984, 0.0 ], [ 12.5652533, 43.8742752, 0.0 ], [ 12.5653791, 43.8747864, 0.0 ], [ 12.5655022, 43.8753891, 0.0 ], [ 12.5656672, 43.8775787, 0.0 ], [ 12.565733, 43.8791428, 0.0 ], [ 12.5657301, 43.8800163, 0.0 ], [ 12.5655746, 43.8803673, 0.0 ], [ 12.5656061, 43.8808899, 0.0 ], [ 12.5656729, 43.8815994, 0.0 ], [ 12.5658007, 43.8819695, 0.0 ], [ 12.5660572, 43.8824234, 0.0 ], [ 12.5664434, 43.8828812, 0.0 ], [ 12.5668497, 43.8831863, 0.0 ], [ 12.5734081, 43.8857994, 0.0 ], [ 12.5758715, 43.8858414, 0.0 ], [ 12.5765467, 43.885849, 0.0 ], [ 12.5798283, 43.8855362, 0.0 ], [ 12.5899906, 43.8864517, 0.0 ], [ 12.5903683, 43.8863258, 0.0 ], [ 12.5916424, 43.8852615, 0.0 ], [ 12.5916967, 43.8850937, 0.0 ], [ 12.5935097, 43.8774872, 0.0 ], [ 12.5939732, 43.8741035, 0.0 ], [ 12.5930166, 43.8711357, 0.0 ], [ 12.5929413, 43.8709602, 0.0 ], [ 12.590313, 43.8661957, 0.0 ], [ 12.5909576, 43.8663406, 0.0 ], [ 12.5914297, 43.8664093, 0.0 ], [ 12.5922146, 43.8663712, 0.0 ], [ 12.6035137, 43.8643799, 0.0 ], [ 12.6039181, 43.8637543, 0.0 ], [ 12.6047134, 43.8575706, 0.0 ], [ 12.6047306, 43.8570671, 0.0 ], [ 12.6047277, 43.8565979, 0.0 ], [ 12.6046352, 43.8562317, 0.0 ], [ 12.6043205, 43.8559113, 0.0 ], [ 12.6038179, 43.8556252, 0.0 ], [ 12.6037064, 43.8555679, 0.0 ], [ 12.6031542, 43.855278, 0.0 ], [ 12.6030397, 43.8552132, 0.0 ], [ 12.6026926, 43.8550224, 0.0 ], [ 12.602397, 43.854702, 0.0 ], [ 12.6021662, 43.8543091, 0.0 ], [ 12.6020546, 43.8538818, 0.0 ], [ 12.6020107, 43.8535347, 0.0 ], [ 12.6019545, 43.8514519, 0.0 ], [ 12.60571, 43.8469315, 0.0 ], [ 12.6060877, 43.8465424, 0.0 ], [ 12.6065369, 43.8462067, 0.0 ], [ 12.6070147, 43.846077, 0.0 ], [ 12.607523, 43.8459549, 0.0 ], [ 12.6079369, 43.8459206, 0.0 ], [ 12.6083012, 43.8459702, 0.0 ], [ 12.6099091, 43.8462372, 0.0 ], [ 12.6168089, 43.8474083, 0.0 ], [ 12.619853, 43.8435707, 0.0 ], [ 12.6174088, 43.8423424, 0.0 ], [ 12.6112919, 43.8380394, 0.0 ], [ 12.6111259, 43.837883, 0.0 ], [ 12.6109657, 43.8375092, 0.0 ], [ 12.6109438, 43.8371048, 0.0 ], [ 12.61096, 43.8350143, 0.0 ], [ 12.6109667, 43.8348465, 0.0 ], [ 12.6121788, 43.8317299, 0.0 ], [ 12.6198997, 43.8273544, 0.0 ], [ 12.6241512, 43.8236694, 0.0 ], [ 12.6503744, 43.8263893, 0.0 ], [ 12.6698656, 43.8242226, 0.0 ], [ 12.6701651, 43.8241882, 0.0 ], [ 12.6703157, 43.8241959, 0.0 ], [ 12.670742, 43.8242149, 0.0 ], [ 12.6708956, 43.8242226, 0.0 ], [ 12.6733541, 43.8244858, 0.0 ], [ 12.6735191, 43.8245087, 0.0 ], [ 12.6738338, 43.8245964, 0.0 ], [ 12.6739798, 43.824646, 0.0 ], [ 12.6744099, 43.8248405, 0.0 ], [ 12.6822701, 43.8290138, 0.0 ], [ 12.6810579, 43.8331833, 0.0 ], [ 12.6791, 43.8406105, 0.0 ], [ 12.6826925, 43.8516769, 0.0 ], [ 12.6835155, 43.8538246, 0.0 ], [ 12.6861, 43.8532219, 0.0 ], [ 12.6875753, 43.8532104, 0.0 ], [ 12.6932173, 43.8534279, 0.0 ], [ 12.697753, 43.8537064, 0.0 ], [ 12.6994457, 43.8551407, 0.0 ], [ 12.6997919, 43.8554497, 0.0 ], [ 12.6998997, 43.8555717, 0.0 ], [ 12.7000751, 43.8557701, 0.0 ], [ 12.7003345, 43.8561745, 0.0 ], [ 12.7002649, 43.8563805, 0.0 ], [ 12.699954, 43.8567009, 0.0 ], [ 12.699832, 43.856945, 0.0 ], [ 12.6998692, 43.8572922, 0.0 ], [ 12.699913, 43.8575935, 0.0 ], [ 12.6999331, 43.8576965, 0.0 ], [ 12.7001324, 43.8579941, 0.0 ], [ 12.7002964, 43.8582115, 0.0 ], [ 12.7008066, 43.8587646, 0.0 ], [ 12.7010956, 43.8590317, 0.0 ], [ 12.7014704, 43.8593369, 0.0 ], [ 12.7018242, 43.8595085, 0.0 ], [ 12.702013, 43.8595505, 0.0 ], [ 12.7021666, 43.8595772, 0.0 ], [ 12.7023563, 43.8596115, 0.0 ], [ 12.7051888, 43.859684, 0.0 ], [ 12.7233477, 43.8618813, 0.0 ], [ 12.7239742, 43.8620186, 0.0 ], [ 12.7243843, 43.8621254, 0.0 ], [ 12.7245817, 43.8621826, 0.0 ], [ 12.7249527, 43.8623161, 0.0 ], [ 12.7251291, 43.8623924, 0.0 ], [ 12.7257605, 43.8626823, 0.0 ], [ 12.7259216, 43.8627663, 0.0 ], [ 12.7266417, 43.8631821, 0.0 ], [ 12.7281609, 43.8641624, 0.0 ], [ 12.7282982, 43.8642654, 0.0 ], [ 12.7289772, 43.8648033, 0.0 ], [ 12.7295389, 43.8654175, 0.0 ], [ 12.7338457, 43.8703156, 0.0 ], [ 12.7344952, 43.8708954, 0.0 ], [ 12.7349405, 43.8712006, 0.0 ], [ 12.7347755, 43.8715858, 0.0 ], [ 12.7346821, 43.8717728, 0.0 ], [ 12.7345228, 43.8720398, 0.0 ], [ 12.7343111, 43.8723793, 0.0 ], [ 12.7331038, 43.8736839, 0.0 ], [ 12.7318983, 43.8746758, 0.0 ], [ 12.7282267, 43.8773308, 0.0 ], [ 12.7237272, 43.882019, 0.0 ], [ 12.7250004, 43.8831367, 0.0 ], [ 12.7251225, 43.8832512, 0.0 ], [ 12.725543, 43.8837471, 0.0 ], [ 12.7352629, 43.8961525, 0.0 ], [ 12.7354517, 43.8964195, 0.0 ], [ 12.7356291, 43.8966827, 0.0 ], [ 12.7357807, 43.8969688, 0.0 ], [ 12.7356501, 43.897438, 0.0 ], [ 12.7343016, 43.9017944, 0.0 ], [ 12.7296457, 43.9100456, 0.0 ], [ 12.7280684, 43.9126511, 0.0 ], [ 12.7296057, 43.9128952, 0.0 ], [ 12.7299452, 43.9129562, 0.0 ], [ 12.7302694, 43.9130936, 0.0 ], [ 12.7306442, 43.9133568, 0.0 ], [ 12.7309971, 43.9140472, 0.0 ], [ 12.7308226, 43.9177589, 0.0 ], [ 12.7297258, 43.921917, 0.0 ], [ 12.728858, 43.9251251, 0.0 ], [ 12.7294645, 43.9259262, 0.0 ], [ 12.7341738, 43.9305496, 0.0 ], [ 12.7342911, 43.9306488, 0.0 ], [ 12.7344971, 43.9307442, 0.0 ], [ 12.7424192, 43.9418678, 0.0 ], [ 12.749259, 43.9539337, 0.0 ], [ 12.750967, 43.9555244, 0.0 ], [ 12.7565928, 43.9628944, 0.0 ], [ 12.7565899, 43.9634476, 0.0 ], [ 12.7565584, 43.9636726, 0.0 ], [ 12.7564306, 43.9640846, 0.0 ], [ 12.7556963, 43.9653931, 0.0 ], [ 12.7553921, 43.9658623, 0.0 ], [ 12.7529373, 43.9681931, 0.0 ], [ 12.7526398, 43.9681931, 0.0 ], [ 12.7526398, 43.9684715, 0.0 ], [ 12.7509708, 43.9684715, 0.0 ], [ 12.7509708, 43.96875, 0.0 ], [ 12.7495832, 43.96875, 0.0 ], [ 12.7495832, 43.9690285, 0.0 ], [ 12.7484732, 43.9690285, 0.0 ], [ 12.7484732, 43.96875, 0.0 ], [ 12.7481947, 43.96875, 0.0 ], [ 12.7481947, 43.9684982, 0.0 ], [ 12.7470827, 43.9684715, 0.0 ], [ 12.7470827, 43.9681931, 0.0 ], [ 12.7448606, 43.9681931, 0.0 ], [ 12.7448606, 43.9679184, 0.0 ], [ 12.7401381, 43.9679184, 0.0 ], [ 12.7401381, 43.9676399, 0.0 ], [ 12.7398596, 43.9676399, 0.0 ], [ 12.7398596, 43.9673615, 0.0 ], [ 12.7365284, 43.9673615, 0.0 ], [ 12.7365284, 43.9676399, 0.0 ], [ 12.7351379, 43.9676399, 0.0 ], [ 12.7351379, 43.9679184, 0.0 ], [ 12.7348623, 43.9679184, 0.0 ], [ 12.7348623, 43.9681931, 0.0 ], [ 12.7326403, 43.9681931, 0.0 ], [ 12.7326403, 43.9684715, 0.0 ], [ 12.7320843, 43.9684715, 0.0 ], [ 12.7320843, 43.96875, 0.0 ], [ 12.7309723, 43.96875, 0.0 ], [ 12.7309723, 43.9690285, 0.0 ], [ 12.7304163, 43.9690285, 0.0 ], [ 12.7304163, 43.9693069, 0.0 ], [ 12.7295837, 43.9693069, 0.0 ], [ 12.7295837, 43.9695816, 0.0 ], [ 12.7281942, 43.9695816, 0.0 ], [ 12.7281942, 43.9698601, 0.0 ], [ 12.7279177, 43.9698601, 0.0 ], [ 12.7279177, 43.970417, 0.0 ], [ 12.7251387, 43.970417, 0.0 ], [ 12.7251387, 43.9706955, 0.0 ], [ 12.7248611, 43.9706955, 0.0 ], [ 12.7248611, 43.970974, 0.0 ], [ 12.7237492, 43.970974, 0.0 ], [ 12.7237492, 43.9712486, 0.0 ], [ 12.7231932, 43.9712486, 0.0 ], [ 12.7231932, 43.9718056, 0.0 ], [ 12.7226391, 43.9718056, 0.0 ], [ 12.7226391, 43.9726372, 0.0 ], [ 12.7220831, 43.9726372, 0.0 ], [ 12.7220831, 43.9723625, 0.0 ], [ 12.7218046, 43.9723625, 0.0 ], [ 12.7218046, 43.9726372, 0.0 ], [ 12.7210989, 43.9726372, 0.0 ], [ 12.7190266, 43.9726372, 0.0 ], [ 12.7190266, 43.9729156, 0.0 ], [ 12.718751, 43.9729156, 0.0 ], [ 12.718751, 43.9726372, 0.0 ], [ 12.717083, 43.9726372, 0.0 ], [ 12.717083, 43.9729156, 0.0 ], [ 12.7168055, 43.9729156, 0.0 ], [ 12.7168055, 43.9734726, 0.0 ], [ 12.7154169, 43.9734726, 0.0 ], [ 12.7154169, 43.9737511, 0.0 ], [ 12.7151394, 43.9737511, 0.0 ], [ 12.7151394, 43.9740295, 0.0 ], [ 12.7148609, 43.9740295, 0.0 ], [ 12.7148609, 43.9743042, 0.0 ], [ 12.7143068, 43.9743042, 0.0 ], [ 12.7143068, 43.9748611, 0.0 ], [ 12.7137508, 43.9748611, 0.0 ], [ 12.7137508, 43.9751396, 0.0 ], [ 12.7118044, 43.9751396, 0.0 ], [ 12.7118044, 43.9754181, 0.0 ], [ 12.7106943, 43.9754181, 0.0 ], [ 12.7106943, 43.9756927, 0.0 ], [ 12.7104158, 43.9756927, 0.0 ], [ 12.7104158, 43.9759712, 0.0 ], [ 12.7101383, 43.9759712, 0.0 ], [ 12.7101383, 43.9762497, 0.0 ], [ 12.7098598, 43.9762497, 0.0 ], [ 12.7098598, 43.9765282, 0.0 ], [ 12.7095842, 43.9765282, 0.0 ], [ 12.7095842, 43.9768066, 0.0 ], [ 12.7093058, 43.9768066, 0.0 ], [ 12.7093058, 43.9770851, 0.0 ], [ 12.7090282, 43.9770851, 0.0 ], [ 12.7090282, 43.9773598, 0.0 ], [ 12.7076378, 43.9773598, 0.0 ], [ 12.7076378, 43.9776382, 0.0 ], [ 12.7059717, 43.9776382, 0.0 ], [ 12.7059717, 43.9779167, 0.0 ], [ 12.7056942, 43.9779167, 0.0 ], [ 12.7056942, 43.9781952, 0.0 ], [ 12.7054157, 43.9781952, 0.0 ], [ 12.7054157, 43.9784737, 0.0 ], [ 12.7051401, 43.9784737, 0.0 ], [ 12.7051401, 43.9787483, 0.0 ], [ 12.7045841, 43.9787483, 0.0 ], [ 12.7045841, 43.9790268, 0.0 ], [ 12.7037497, 43.9790268, 0.0 ], [ 12.7037497, 43.9793053, 0.0 ], [ 12.7034721, 43.9793053, 0.0 ], [ 12.7034721, 43.9795837, 0.0 ], [ 12.7031937, 43.9795837, 0.0 ], [ 12.7031937, 43.9798622, 0.0 ], [ 12.7030659, 43.9798622, 0.0 ], [ 12.7026377, 43.9798622, 0.0 ], [ 12.7026377, 43.9800224, 0.0 ], [ 12.7026377, 43.9801407, 0.0 ], [ 12.7023211, 43.9801407, 0.0 ], [ 12.7018061, 43.9801407, 0.0 ], [ 12.7018061, 43.9804153, 0.0 ], [ 12.7015848, 43.9804153, 0.0 ], [ 12.7009716, 43.9804153, 0.0 ], [ 12.7009716, 43.9806938, 0.0 ], [ 12.7008419, 43.9807205, 0.0 ], [ 12.7006931, 43.9807472, 0.0 ], [ 12.7006931, 43.9809723, 0.0 ], [ 12.7004147, 43.9809723, 0.0 ], [ 12.7004147, 43.9812508, 0.0 ], [ 12.6998615, 43.9812508, 0.0 ], [ 12.6998615, 43.9815292, 0.0 ], [ 12.6993046, 43.9815292, 0.0 ], [ 12.6993046, 43.9818039, 0.0 ], [ 12.6990271, 43.9818039, 0.0 ], [ 12.6990271, 43.9820824, 0.0 ], [ 12.6984711, 43.9820824, 0.0 ], [ 12.6984711, 43.9818039, 0.0 ], [ 12.6978645, 43.9818039, 0.0 ], [ 12.6976395, 43.9818039, 0.0 ], [ 12.6976395, 43.9818878, 0.0 ], [ 12.6976395, 43.9820824, 0.0 ], [ 12.6970835, 43.9820938, 0.0 ], [ 12.6970835, 43.9826393, 0.0 ], [ 12.696249, 43.9826393, 0.0 ], [ 12.696249, 43.9829178, 0.0 ], [ 12.6959734, 43.9829178, 0.0 ], [ 12.6959734, 43.9831963, 0.0 ], [ 12.6954174, 43.9831963, 0.0 ], [ 12.6954174, 43.9834709, 0.0 ], [ 12.6948614, 43.9834709, 0.0 ], [ 12.6948614, 43.9837494, 0.0 ], [ 12.6943054, 43.9837494, 0.0 ], [ 12.6943054, 43.9840279, 0.0 ], [ 12.6937513, 43.9840279, 0.0 ], [ 12.6937513, 43.9843063, 0.0 ], [ 12.6931953, 43.9843063, 0.0 ], [ 12.6931953, 43.9845848, 0.0 ], [ 12.6929169, 43.9845848, 0.0 ], [ 12.6929169, 43.9848595, 0.0 ], [ 12.6920834, 43.9848595, 0.0 ], [ 12.6920834, 43.9851379, 0.0 ], [ 12.6915274, 43.9851379, 0.0 ], [ 12.6915274, 43.9854164, 0.0 ], [ 12.6906948, 43.9854164, 0.0 ], [ 12.6906948, 43.9856949, 0.0 ], [ 12.6901388, 43.9856949, 0.0 ], [ 12.6901388, 43.9859734, 0.0 ], [ 12.6898613, 43.9859734, 0.0 ], [ 12.6898613, 43.9862518, 0.0 ], [ 12.6890287, 43.9862976, 0.0 ], [ 12.6890287, 43.9865265, 0.0 ], [ 12.6887512, 43.9865265, 0.0 ], [ 12.6887512, 43.986805, 0.0 ], [ 12.6881952, 43.986805, 0.0 ], [ 12.6881952, 43.9870834, 0.0 ], [ 12.6870823, 43.9870834, 0.0 ], [ 12.6870823, 43.9873619, 0.0 ], [ 12.6865292, 43.9873619, 0.0 ], [ 12.6865292, 43.9876404, 0.0 ], [ 12.6856937, 43.9876404, 0.0 ], [ 12.6856937, 43.9881935, 0.0 ], [ 12.6851377, 43.9881935, 0.0 ], [ 12.6851377, 43.988472, 0.0 ], [ 12.6845846, 43.988472, 0.0 ], [ 12.6845846, 43.9887505, 0.0 ], [ 12.6843042, 43.9887505, 0.0 ], [ 12.6843042, 43.9890289, 0.0 ], [ 12.6837502, 43.9890289, 0.0 ], [ 12.6837502, 43.9893074, 0.0 ], [ 12.6834717, 43.9893074, 0.0 ], [ 12.6834717, 43.9895821, 0.0 ], [ 12.6829157, 43.9895821, 0.0 ], [ 12.6829157, 43.9898605, 0.0 ], [ 12.6826382, 43.9898605, 0.0 ], [ 12.6826382, 43.990139, 0.0 ], [ 12.6823597, 43.990139, 0.0 ], [ 12.6823597, 43.9904175, 0.0 ], [ 12.6818056, 43.9904175, 0.0 ], [ 12.6818056, 43.990696, 0.0 ], [ 12.6812496, 43.990696, 0.0 ], [ 12.6812496, 43.9909706, 0.0 ], [ 12.6806936, 43.9909706, 0.0 ], [ 12.6806936, 43.9912491, 0.0 ], [ 12.6804161, 43.9912491, 0.0 ], [ 12.6804161, 43.9915276, 0.0 ], [ 12.679862, 43.9915276, 0.0 ], [ 12.679862, 43.9920845, 0.0 ], [ 12.679306, 43.9920845, 0.0 ], [ 12.679306, 43.992363, 0.0 ], [ 12.6790276, 43.992363, 0.0 ], [ 12.6790276, 43.9926376, 0.0 ], [ 12.6784716, 43.9926376, 0.0 ], [ 12.6784716, 43.9929161, 0.0 ], [ 12.6778774, 43.9929161, 0.0 ], [ 12.67764, 43.9929161, 0.0 ], [ 12.6775694, 43.9931946, 0.0 ], [ 12.677084, 43.9931946, 0.0 ], [ 12.677084, 43.9934731, 0.0 ], [ 12.6768064, 43.9934731, 0.0 ], [ 12.6768064, 43.9937515, 0.0 ], [ 12.676528, 43.9937515, 0.0 ], [ 12.676528, 43.9940262, 0.0 ], [ 12.6762505, 43.9940262, 0.0 ], [ 12.6762505, 43.9943047, 0.0 ], [ 12.675972, 43.9943047, 0.0 ], [ 12.675972, 43.9945831, 0.0 ], [ 12.6754179, 43.9945831, 0.0 ], [ 12.6754179, 43.9948616, 0.0 ], [ 12.6751385, 43.9948616, 0.0 ], [ 12.6751385, 43.9951401, 0.0 ], [ 12.6745844, 43.9951401, 0.0 ], [ 12.6745844, 43.9954147, 0.0 ], [ 12.6743059, 43.9954185, 0.0 ], [ 12.6743059, 43.9956932, 0.0 ], [ 12.6737499, 43.9956932, 0.0 ], [ 12.6737499, 43.9962502, 0.0 ], [ 12.6731958, 43.9962502, 0.0 ], [ 12.6731958, 43.9965286, 0.0 ], [ 12.6720829, 43.9965286, 0.0 ], [ 12.6720829, 43.9968071, 0.0 ], [ 12.6718054, 43.9968071, 0.0 ], [ 12.6718054, 43.9970818, 0.0 ], [ 12.6712494, 43.9970818, 0.0 ], [ 12.6712494, 43.9973602, 0.0 ], [ 12.6709709, 43.9973602, 0.0 ], [ 12.6709709, 43.9976387, 0.0 ], [ 12.6704168, 43.9976387, 0.0 ], [ 12.6704168, 43.9979172, 0.0 ], [ 12.6698608, 43.9979172, 0.0 ], [ 12.6698608, 43.9981956, 0.0 ], [ 12.6695833, 43.9981956, 0.0 ], [ 12.6695833, 43.9984703, 0.0 ], [ 12.6687489, 43.9984741, 0.0 ], [ 12.6687489, 43.9987488, 0.0 ], [ 12.6684732, 43.9987488, 0.0 ], [ 12.6684732, 43.9990273, 0.0 ], [ 12.6681948, 43.9990273, 0.0 ], [ 12.6681948, 43.9993057, 0.0 ], [ 12.6679173, 43.9993057, 0.0 ], [ 12.6679173, 43.9995842, 0.0 ], [ 12.6676388, 43.9995842, 0.0 ], [ 12.6676388, 43.9998627, 0.0 ], [ 12.6673613, 43.9998627, 0.0 ], [ 12.6673613, 44.0006943, 0.0 ], [ 12.6670828, 44.0006943, 0.0 ], [ 12.6670828, 44.0009727, 0.0 ], [ 12.6665268, 44.0009727, 0.0 ], [ 12.6665268, 44.0012512, 0.0 ], [ 12.6662512, 44.0012512, 0.0 ], [ 12.6662512, 44.0015259, 0.0 ], [ 12.6659708, 44.0015259, 0.0 ], [ 12.6659708, 44.0018044, 0.0 ], [ 12.6654167, 44.0018044, 0.0 ], [ 12.6654167, 44.0020828, 0.0 ], [ 12.6645832, 44.0020828, 0.0 ], [ 12.6645832, 44.0023613, 0.0 ], [ 12.6643047, 44.0023613, 0.0 ], [ 12.6643047, 44.0026398, 0.0 ], [ 12.6637487, 44.0026398, 0.0 ], [ 12.6637487, 44.0031929, 0.0 ], [ 12.6631947, 44.0031929, 0.0 ], [ 12.6631947, 44.0034714, 0.0 ], [ 12.6626387, 44.0034714, 0.0 ], [ 12.6626387, 44.0037498, 0.0 ], [ 12.6620827, 44.0037498, 0.0 ], [ 12.6620827, 44.0040283, 0.0 ], [ 12.6615267, 44.0040283, 0.0 ], [ 12.6615267, 44.0043068, 0.0 ], [ 12.6612511, 44.0043068, 0.0 ], [ 12.6612511, 44.0045815, 0.0 ], [ 12.6606951, 44.0045815, 0.0 ], [ 12.6606951, 44.0048599, 0.0 ], [ 12.6604166, 44.0048599, 0.0 ], [ 12.6604166, 44.0051384, 0.0 ], [ 12.6601391, 44.0051384, 0.0 ], [ 12.6601391, 44.0054169, 0.0 ], [ 12.6598597, 44.0054169, 0.0 ], [ 12.6598597, 44.0056953, 0.0 ], [ 12.6593065, 44.0056953, 0.0 ], [ 12.6593065, 44.0059738, 0.0 ], [ 12.659029, 44.0059738, 0.0 ], [ 12.659029, 44.0062485, 0.0 ], [ 12.6587505, 44.0062485, 0.0 ], [ 12.6587505, 44.0065269, 0.0 ], [ 12.658473, 44.0065269, 0.0 ], [ 12.658473, 44.0068054, 0.0 ], [ 12.6581936, 44.0068054, 0.0 ], [ 12.6581936, 44.0070839, 0.0 ], [ 12.6576376, 44.0070839, 0.0 ], [ 12.6576376, 44.0073624, 0.0 ], [ 12.6573601, 44.0073624, 0.0 ], [ 12.6573601, 44.007637, 0.0 ], [ 12.6570854, 44.007637, 0.0 ], [ 12.6570854, 44.0079155, 0.0 ], [ 12.65625, 44.0079155, 0.0 ], [ 12.65625, 44.008194, 0.0 ], [ 12.655694, 44.008194, 0.0 ], [ 12.655694, 44.0084724, 0.0 ], [ 12.6548624, 44.0084724, 0.0 ], [ 12.6548624, 44.0087509, 0.0 ], [ 12.6543064, 44.0087509, 0.0 ], [ 12.6543064, 44.0090294, 0.0 ], [ 12.6540279, 44.0090294, 0.0 ], [ 12.6540279, 44.009304, 0.0 ], [ 12.6534719, 44.009304, 0.0 ], [ 12.6534719, 44.0095825, 0.0 ], [ 12.6531944, 44.0095825, 0.0 ], [ 12.6531944, 44.009861, 0.0 ], [ 12.6526384, 44.009861, 0.0 ], [ 12.6526384, 44.0101395, 0.0 ], [ 12.65236, 44.0101395, 0.0 ], [ 12.65236, 44.0104179, 0.0 ], [ 12.6520844, 44.0104179, 0.0 ], [ 12.6520844, 44.0106926, 0.0 ], [ 12.6515284, 44.0106926, 0.0 ], [ 12.6515284, 44.0109711, 0.0 ], [ 12.6512499, 44.0109711, 0.0 ], [ 12.6512499, 44.0112495, 0.0 ], [ 12.6509724, 44.0112495, 0.0 ], [ 12.6509724, 44.011528, 0.0 ], [ 12.6504164, 44.011528, 0.0 ], [ 12.6504164, 44.0118065, 0.0 ], [ 12.6501398, 44.0118065, 0.0 ], [ 12.6501398, 44.012085, 0.0 ], [ 12.6498623, 44.012085, 0.0 ], [ 12.6498623, 44.0123596, 0.0 ], [ 12.6493063, 44.0123596, 0.0 ], [ 12.6493063, 44.0126381, 0.0 ], [ 12.6490278, 44.0126381, 0.0 ], [ 12.6490278, 44.0129166, 0.0 ], [ 12.6484718, 44.0129166, 0.0 ], [ 12.6484718, 44.013195, 0.0 ], [ 12.6481943, 44.013195, 0.0 ], [ 12.6481943, 44.0134735, 0.0 ], [ 12.6476402, 44.0134735, 0.0 ], [ 12.6476402, 44.0137482, 0.0 ], [ 12.6473618, 44.0137482, 0.0 ], [ 12.6473618, 44.0140266, 0.0 ], [ 12.6468058, 44.0140266, 0.0 ], [ 12.6468058, 44.0143051, 0.0 ], [ 12.6465282, 44.0143051, 0.0 ], [ 12.6465282, 44.0145836, 0.0 ], [ 12.6459713, 44.0145836, 0.0 ], [ 12.6459713, 44.0148621, 0.0 ], [ 12.6456957, 44.0148621, 0.0 ], [ 12.6456957, 44.0151405, 0.0 ], [ 12.6454153, 44.0151405, 0.0 ], [ 12.6454153, 44.0154152, 0.0 ], [ 12.6448622, 44.0154152, 0.0 ], [ 12.6448622, 44.0156937, 0.0 ], [ 12.6445827, 44.0156937, 0.0 ], [ 12.6445827, 44.0159721, 0.0 ], [ 12.6443052, 44.0159721, 0.0 ], [ 12.6443052, 44.0162506, 0.0 ], [ 12.6437492, 44.0162506, 0.0 ], [ 12.6437492, 44.0165291, 0.0 ], [ 12.6434736, 44.0165291, 0.0 ], [ 12.6434708, 44.0168037, 0.0 ], [ 12.6431932, 44.0168037, 0.0 ], [ 12.6431932, 44.0170822, 0.0 ], [ 12.6429167, 44.0170822, 0.0 ], [ 12.6429167, 44.0173607, 0.0 ], [ 12.6423607, 44.0173607, 0.0 ], [ 12.6423607, 44.0176392, 0.0 ], [ 12.6420832, 44.0176392, 0.0 ], [ 12.6420832, 44.0179176, 0.0 ], [ 12.6418047, 44.0179176, 0.0 ], [ 12.6418047, 44.0181961, 0.0 ], [ 12.6412487, 44.0181961, 0.0 ], [ 12.6412487, 44.0184708, 0.0 ], [ 12.6409712, 44.0184708, 0.0 ], [ 12.6409712, 44.0187492, 0.0 ], [ 12.6406946, 44.0187492, 0.0 ], [ 12.6406946, 44.0190277, 0.0 ], [ 12.6401386, 44.0190277, 0.0 ], [ 12.6401386, 44.0193062, 0.0 ], [ 12.6398611, 44.0193062, 0.0 ], [ 12.6398611, 44.0195847, 0.0 ], [ 12.6395826, 44.0195847, 0.0 ], [ 12.6395826, 44.0198593, 0.0 ], [ 12.6390266, 44.0198593, 0.0 ], [ 12.6390266, 44.0201378, 0.0 ], [ 12.638751, 44.0201378, 0.0 ], [ 12.638751, 44.0204163, 0.0 ], [ 12.638195, 44.0204163, 0.0 ], [ 12.638195, 44.0206947, 0.0 ], [ 12.6379166, 44.0206947, 0.0 ], [ 12.6379166, 44.0209732, 0.0 ], [ 12.6373606, 44.0209732, 0.0 ], [ 12.6373606, 44.0212517, 0.0 ], [ 12.6368046, 44.0212517, 0.0 ], [ 12.6368046, 44.0215263, 0.0 ], [ 12.636529, 44.0215263, 0.0 ], [ 12.636529, 44.0218048, 0.0 ], [ 12.635973, 44.0218048, 0.0 ], [ 12.635973, 44.0220833, 0.0 ], [ 12.6356955, 44.0220833, 0.0 ], [ 12.6356955, 44.0223618, 0.0 ], [ 12.6351395, 44.0223618, 0.0 ], [ 12.6351395, 44.0226402, 0.0 ], [ 12.634861, 44.0226402, 0.0 ], [ 12.634861, 44.0229149, 0.0 ], [ 12.6345835, 44.0229149, 0.0 ], [ 12.6345835, 44.0231934, 0.0 ], [ 12.6340256, 44.0231934, 0.0 ], [ 12.6340256, 44.0234718, 0.0 ], [ 12.6337509, 44.0234718, 0.0 ], [ 12.6337509, 44.0237503, 0.0 ], [ 12.6334734, 44.0237503, 0.0 ], [ 12.6334734, 44.0240288, 0.0 ], [ 12.6331949, 44.0240288, 0.0 ], [ 12.6331949, 44.0243073, 0.0 ], [ 12.6329174, 44.0243073, 0.0 ], [ 12.6329174, 44.0245819, 0.0 ], [ 12.632638, 44.0245819, 0.0 ], [ 12.632638, 44.0248604, 0.0 ], [ 12.632082, 44.0248604, 0.0 ], [ 12.632082, 44.0251389, 0.0 ], [ 12.6318045, 44.0251389, 0.0 ], [ 12.6318045, 44.0254173, 0.0 ], [ 12.6315289, 44.0254173, 0.0 ], [ 12.6315289, 44.0256958, 0.0 ], [ 12.6309719, 44.0256958, 0.0 ], [ 12.6309719, 44.0259705, 0.0 ], [ 12.6306944, 44.0259705, 0.0 ], [ 12.6306944, 44.0262489, 0.0 ], [ 12.6301384, 44.0262489, 0.0 ], [ 12.6301384, 44.0265274, 0.0 ], [ 12.6298599, 44.0265274, 0.0 ], [ 12.6298599, 44.0268059, 0.0 ], [ 12.6293058, 44.0268059, 0.0 ], [ 12.6293058, 44.0270844, 0.0 ], [ 12.6290283, 44.0270844, 0.0 ], [ 12.6290283, 44.0273628, 0.0 ], [ 12.6284723, 44.0273628, 0.0 ], [ 12.6284723, 44.0276375, 0.0 ], [ 12.6281939, 44.0276375, 0.0 ], [ 12.6281939, 44.027916, 0.0 ], [ 12.6279163, 44.027916, 0.0 ], [ 12.6279163, 44.0281944, 0.0 ], [ 12.6273623, 44.0281944, 0.0 ], [ 12.6273623, 44.0284729, 0.0 ], [ 12.6270838, 44.0284729, 0.0 ], [ 12.6270838, 44.0287514, 0.0 ], [ 12.6268063, 44.0287514, 0.0 ], [ 12.6268063, 44.029026, 0.0 ], [ 12.6265278, 44.029026, 0.0 ], [ 12.6265278, 44.0293045, 0.0 ], [ 12.6262503, 44.0293045, 0.0 ], [ 12.6262503, 44.029583, 0.0 ], [ 12.6259718, 44.029583, 0.0 ], [ 12.6259718, 44.0298615, 0.0 ], [ 12.6256943, 44.0298615, 0.0 ], [ 12.6256943, 44.0301399, 0.0 ], [ 12.6254158, 44.0301399, 0.0 ], [ 12.6254158, 44.0304184, 0.0 ], [ 12.6248598, 44.0304184, 0.0 ], [ 12.6248598, 44.0306931, 0.0 ], [ 12.6245842, 44.0306931, 0.0 ], [ 12.6245842, 44.0309715, 0.0 ], [ 12.6243057, 44.0309715, 0.0 ], [ 12.6243057, 44.03125, 0.0 ], [ 12.6240282, 44.03125, 0.0 ], [ 12.6240282, 44.0315285, 0.0 ], [ 12.6237497, 44.0315285, 0.0 ], [ 12.6237497, 44.0318069, 0.0 ], [ 12.6234722, 44.0318069, 0.0 ], [ 12.6234722, 44.0320816, 0.0 ], [ 12.6231937, 44.0320816, 0.0 ], [ 12.6231937, 44.0323601, 0.0 ], [ 12.6229162, 44.0323601, 0.0 ], [ 12.6229162, 44.0326385, 0.0 ], [ 12.6223621, 44.0326385, 0.0 ], [ 12.6223621, 44.032917, 0.0 ], [ 12.6220837, 44.032917, 0.0 ], [ 12.6220837, 44.0331955, 0.0 ], [ 12.6218061, 44.0331955, 0.0 ], [ 12.6218061, 44.033474, 0.0 ], [ 12.6215277, 44.033474, 0.0 ], [ 12.6215277, 44.0337486, 0.0 ], [ 12.6209717, 44.0337486, 0.0 ], [ 12.6209717, 44.0340271, 0.0 ], [ 12.6206942, 44.0340271, 0.0 ], [ 12.6206942, 44.0343056, 0.0 ], [ 12.6204176, 44.0343056, 0.0 ], [ 12.6204176, 44.034584, 0.0 ], [ 12.6201401, 44.034584, 0.0 ], [ 12.6201401, 44.0348625, 0.0 ], [ 12.6195841, 44.0348625, 0.0 ], [ 12.6195841, 44.0351372, 0.0 ], [ 12.6193056, 44.0351372, 0.0 ], [ 12.6193056, 44.0354156, 0.0 ], [ 12.6190281, 44.0354156, 0.0 ], [ 12.6190281, 44.0356941, 0.0 ], [ 12.6187487, 44.0356941, 0.0 ], [ 12.6187487, 44.0359726, 0.0 ], [ 12.6181955, 44.0359726, 0.0 ], [ 12.6181955, 44.0362511, 0.0 ], [ 12.617918, 44.0362511, 0.0 ], [ 12.617918, 44.0365295, 0.0 ], [ 12.6176395, 44.0365295, 0.0 ], [ 12.6176395, 44.0368042, 0.0 ], [ 12.6170826, 44.0368042, 0.0 ], [ 12.6170826, 44.0370827, 0.0 ], [ 12.6168051, 44.0370827, 0.0 ], [ 12.6168051, 44.0373611, 0.0 ], [ 12.6165266, 44.0373611, 0.0 ], [ 12.6165266, 44.0376396, 0.0 ], [ 12.6162491, 44.0376396, 0.0 ], [ 12.6162491, 44.0379181, 0.0 ], [ 12.6156931, 44.0379181, 0.0 ], [ 12.6156931, 44.0381927, 0.0 ], [ 12.6154165, 44.0381927, 0.0 ], [ 12.6154165, 44.0384712, 0.0 ], [ 12.615139, 44.0384712, 0.0 ], [ 12.615139, 44.0390282, 0.0 ], [ 12.6148605, 44.0390282, 0.0 ], [ 12.6148605, 44.0393066, 0.0 ], [ 12.614583, 44.0393066, 0.0 ], [ 12.614583, 44.0398598, 0.0 ], [ 12.6143045, 44.0398598, 0.0 ], [ 12.6143045, 44.0401382, 0.0 ], [ 12.6137514, 44.0401382, 0.0 ], [ 12.6137486, 44.0404167, 0.0 ], [ 12.613471, 44.0404167, 0.0 ], [ 12.613471, 44.0406952, 0.0 ], [ 12.6129169, 44.0406952, 0.0 ], [ 12.6129169, 44.0409737, 0.0 ], [ 12.612361, 44.0409737, 0.0 ], [ 12.612361, 44.0412483, 0.0 ], [ 12.6120834, 44.0412483, 0.0 ], [ 12.6120834, 44.0415268, 0.0 ], [ 12.6115274, 44.0415268, 0.0 ], [ 12.6115274, 44.0418053, 0.0 ], [ 12.611249, 44.0418053, 0.0 ], [ 12.611249, 44.0420837, 0.0 ], [ 12.6106949, 44.0420837, 0.0 ], [ 12.6106949, 44.0423622, 0.0 ], [ 12.6104174, 44.0423622, 0.0 ], [ 12.6104174, 44.0426407, 0.0 ], [ 12.6101389, 44.0426407, 0.0 ], [ 12.6101389, 44.0429153, 0.0 ], [ 12.6098614, 44.0429153, 0.0 ], [ 12.6098614, 44.0431938, 0.0 ], [ 12.6093054, 44.0431938, 0.0 ], [ 12.6093054, 44.0434723, 0.0 ], [ 12.6090288, 44.0434723, 0.0 ], [ 12.6090288, 44.0437508, 0.0 ], [ 12.6087513, 44.0437508, 0.0 ], [ 12.6087513, 44.0440292, 0.0 ], [ 12.6084728, 44.0440292, 0.0 ], [ 12.6084728, 44.0443039, 0.0 ], [ 12.6079168, 44.0443039, 0.0 ], [ 12.6079168, 44.0445824, 0.0 ], [ 12.6076393, 44.0445824, 0.0 ], [ 12.6076393, 44.0448608, 0.0 ], [ 12.6073608, 44.0448608, 0.0 ], [ 12.6073608, 44.0451393, 0.0 ], [ 12.6070833, 44.0451393, 0.0 ], [ 12.6070833, 44.0454178, 0.0 ], [ 12.6065264, 44.0454178, 0.0 ], [ 12.6065264, 44.0456963, 0.0 ], [ 12.6062508, 44.0456963, 0.0 ], [ 12.6062508, 44.0459709, 0.0 ], [ 12.6056948, 44.0459709, 0.0 ], [ 12.6056948, 44.0462494, 0.0 ], [ 12.6054173, 44.0462494, 0.0 ], [ 12.6054173, 44.0465279, 0.0 ], [ 12.6051378, 44.0465279, 0.0 ], [ 12.6051378, 44.0468063, 0.0 ], [ 12.6048603, 44.0468063, 0.0 ], [ 12.6048603, 44.0470848, 0.0 ], [ 12.6045847, 44.0470848, 0.0 ], [ 12.6045847, 44.0473595, 0.0 ], [ 12.6043043, 44.0473595, 0.0 ], [ 12.6043043, 44.0476379, 0.0 ], [ 12.6040287, 44.0476379, 0.0 ], [ 12.6040287, 44.0479164, 0.0 ], [ 12.6037502, 44.0479164, 0.0 ], [ 12.6037502, 44.0481949, 0.0 ], [ 12.6034718, 44.0481949, 0.0 ], [ 12.6034718, 44.0484734, 0.0 ], [ 12.6031942, 44.0484734, 0.0 ], [ 12.6031942, 44.0487518, 0.0 ], [ 12.6029158, 44.0487518, 0.0 ], [ 12.6029158, 44.0490265, 0.0 ], [ 12.6026382, 44.0490265, 0.0 ], [ 12.6026382, 44.049305, 0.0 ], [ 12.6020823, 44.049305, 0.0 ], [ 12.6020823, 44.0495834, 0.0 ], [ 12.6018057, 44.0495834, 0.0 ], [ 12.6018057, 44.0498619, 0.0 ], [ 12.6015282, 44.0498619, 0.0 ], [ 12.6015282, 44.0501404, 0.0 ], [ 12.6012497, 44.0501404, 0.0 ], [ 12.6012497, 44.050415, 0.0 ], [ 12.6009722, 44.050415, 0.0 ], [ 12.6009722, 44.0506935, 0.0 ], [ 12.6006937, 44.0506935, 0.0 ], [ 12.6006937, 44.050972, 0.0 ], [ 12.6004162, 44.050972, 0.0 ], [ 12.6004162, 44.0512505, 0.0 ], [ 12.6001377, 44.0512505, 0.0 ], [ 12.6001377, 44.0515289, 0.0 ], [ 12.5998621, 44.0515289, 0.0 ], [ 12.5998621, 44.0518074, 0.0 ], [ 12.5993061, 44.0518074, 0.0 ], [ 12.5993061, 44.0520821, 0.0 ], [ 12.5990276, 44.0520821, 0.0 ], [ 12.5990276, 44.0523605, 0.0 ], [ 12.5987501, 44.0523605, 0.0 ], [ 12.5987501, 44.0529175, 0.0 ], [ 12.5984716, 44.0529175, 0.0 ], [ 12.5984716, 44.053196, 0.0 ], [ 12.5981941, 44.053196, 0.0 ], [ 12.5981941, 44.0534706, 0.0 ], [ 12.5979156, 44.0534706, 0.0 ], [ 12.5979156, 44.0537491, 0.0 ], [ 12.59764, 44.0537491, 0.0 ], [ 12.59764, 44.0540276, 0.0 ], [ 12.5973616, 44.0540276, 0.0 ], [ 12.5973597, 44.054306, 0.0 ], [ 12.597084, 44.054306, 0.0 ], [ 12.597084, 44.0545845, 0.0 ], [ 12.5968056, 44.0545845, 0.0 ], [ 12.5968056, 44.054863, 0.0 ], [ 12.5965281, 44.054863, 0.0 ], [ 12.5965281, 44.0551376, 0.0 ], [ 12.5959721, 44.0551376, 0.0 ], [ 12.5959721, 44.0554161, 0.0 ], [ 12.5956936, 44.0554161, 0.0 ], [ 12.5956936, 44.0556946, 0.0 ], [ 12.5951376, 44.0556946, 0.0 ], [ 12.5951376, 44.0559731, 0.0 ], [ 12.594862, 44.0559731, 0.0 ], [ 12.594862, 44.0562515, 0.0 ], [ 12.5945845, 44.0562515, 0.0 ], [ 12.5945845, 44.0565262, 0.0 ], [ 12.594306, 44.0565262, 0.0 ], [ 12.594306, 44.0568047, 0.0 ], [ 12.5940285, 44.0568047, 0.0 ], [ 12.5940285, 44.0570831, 0.0 ], [ 12.59375, 44.0570831, 0.0 ], [ 12.59375, 44.0573616, 0.0 ], [ 12.5934715, 44.0573616, 0.0 ], [ 12.5934715, 44.0576401, 0.0 ], [ 12.5931931, 44.0576401, 0.0 ], [ 12.5931931, 44.0579147, 0.0 ], [ 12.5929146, 44.0579185, 0.0 ], [ 12.5929146, 44.0581932, 0.0 ], [ 12.5926399, 44.0581932, 0.0 ], [ 12.5926399, 44.0584717, 0.0 ], [ 12.5923624, 44.0584717, 0.0 ], [ 12.5923624, 44.0587502, 0.0 ], [ 12.5920839, 44.0587502, 0.0 ], [ 12.5920839, 44.0590286, 0.0 ], [ 12.5918064, 44.0590286, 0.0 ], [ 12.5918064, 44.0593071, 0.0 ], [ 12.591527, 44.0593071, 0.0 ], [ 12.591527, 44.0595818, 0.0 ], [ 12.5912495, 44.0595818, 0.0 ], [ 12.5912495, 44.0598602, 0.0 ], [ 12.590971, 44.0598602, 0.0 ], [ 12.590971, 44.0601387, 0.0 ], [ 12.5906963, 44.0601387, 0.0 ], [ 12.5906963, 44.0604172, 0.0 ], [ 12.5904179, 44.0604172, 0.0 ], [ 12.5904179, 44.0606956, 0.0 ], [ 12.5901394, 44.0606956, 0.0 ], [ 12.5901394, 44.0609703, 0.0 ], [ 12.5898609, 44.0609741, 0.0 ], [ 12.5898609, 44.0615273, 0.0 ], [ 12.5895834, 44.0615273, 0.0 ], [ 12.5895834, 44.0618057, 0.0 ], [ 12.5893049, 44.0618057, 0.0 ], [ 12.5893049, 44.0620842, 0.0 ], [ 12.5890274, 44.0620842, 0.0 ], [ 12.5890274, 44.0623627, 0.0 ], [ 12.5887489, 44.0623627, 0.0 ], [ 12.5887489, 44.0626373, 0.0 ], [ 12.5884733, 44.0626373, 0.0 ], [ 12.5884733, 44.0629158, 0.0 ], [ 12.5881948, 44.0629158, 0.0 ], [ 12.5881948, 44.0631943, 0.0 ], [ 12.5879173, 44.0631943, 0.0 ], [ 12.5879173, 44.0634727, 0.0 ], [ 12.5876389, 44.0634727, 0.0 ], [ 12.5876389, 44.0637512, 0.0 ], [ 12.5873613, 44.0637512, 0.0 ], [ 12.5873613, 44.0643044, 0.0 ], [ 12.5870829, 44.0643044, 0.0 ], [ 12.5870829, 44.0645828, 0.0 ], [ 12.5868053, 44.0645828, 0.0 ], [ 12.5868053, 44.0648613, 0.0 ], [ 12.5865269, 44.0648613, 0.0 ], [ 12.5865269, 44.0651398, 0.0 ], [ 12.5862513, 44.0651398, 0.0 ], [ 12.5862513, 44.0654182, 0.0 ], [ 12.5859709, 44.0654182, 0.0 ], [ 12.5859709, 44.0656929, 0.0 ], [ 12.5856953, 44.0656929, 0.0 ], [ 12.5856953, 44.0659714, 0.0 ], [ 12.5851393, 44.0659714, 0.0 ], [ 12.5851393, 44.0662498, 0.0 ], [ 12.5840292, 44.0662498, 0.0 ], [ 12.5840273, 44.0665283, 0.0 ], [ 12.5837488, 44.0665283, 0.0 ], [ 12.5837488, 44.0668068, 0.0 ], [ 12.5831947, 44.0668068, 0.0 ], [ 12.5831947, 44.0670815, 0.0 ], [ 12.5829172, 44.0670815, 0.0 ], [ 12.5829172, 44.0679169, 0.0 ], [ 12.5826387, 44.0679169, 0.0 ], [ 12.5826387, 44.0687485, 0.0 ], [ 12.5823612, 44.0687485, 0.0 ], [ 12.5823612, 44.0690269, 0.0 ], [ 12.5812511, 44.0690269, 0.0 ], [ 12.5812511, 44.0693054, 0.0 ], [ 12.5809727, 44.0693054, 0.0 ], [ 12.5809727, 44.0695839, 0.0 ], [ 12.5806952, 44.0695839, 0.0 ], [ 12.5806952, 44.071804, 0.0 ], [ 12.5804167, 44.071804, 0.0 ], [ 12.5804167, 44.0720825, 0.0 ], [ 12.5787506, 44.0720825, 0.0 ], [ 12.5787506, 44.072361, 0.0 ], [ 12.5781946, 44.072361, 0.0 ], [ 12.5781946, 44.0726395, 0.0 ], [ 12.5779161, 44.0726395, 0.0 ], [ 12.5779161, 44.0731926, 0.0 ], [ 12.5781946, 44.0731926, 0.0 ], [ 12.5781946, 44.0743065, 0.0 ], [ 12.5784731, 44.0743065, 0.0 ], [ 12.5784731, 44.074585, 0.0 ], [ 12.5781946, 44.074585, 0.0 ], [ 12.5781946, 44.0748596, 0.0 ], [ 12.5779161, 44.0748596, 0.0 ], [ 12.5779161, 44.0751381, 0.0 ], [ 12.5776377, 44.0751381, 0.0 ], [ 12.5776377, 44.0754166, 0.0 ], [ 12.5773602, 44.0754166, 0.0 ], [ 12.5773602, 44.075695, 0.0 ], [ 12.5770845, 44.075695, 0.0 ], [ 12.5770845, 44.0762482, 0.0 ], [ 12.5768042, 44.0762482, 0.0 ], [ 12.5768042, 44.0765266, 0.0 ], [ 12.5759716, 44.0765266, 0.0 ], [ 12.5759716, 44.0768051, 0.0 ], [ 12.5756941, 44.0768051, 0.0 ], [ 12.5756941, 44.0776405, 0.0 ], [ 12.5754156, 44.0776405, 0.0 ], [ 12.5754156, 44.0781937, 0.0 ], [ 12.5751381, 44.0781937, 0.0 ], [ 12.5751381, 44.0784721, 0.0 ], [ 12.5748615, 44.0784721, 0.0 ], [ 12.5748615, 44.0787506, 0.0 ], [ 12.5743055, 44.0787506, 0.0 ], [ 12.5743055, 44.0785027, 0.0 ], [ 12.5743055, 44.0781937, 0.0 ], [ 12.574028, 44.0781937, 0.0 ], [ 12.574028, 44.0768166, 0.0 ], [ 12.574028, 44.0759735, 0.0 ], [ 12.57236, 44.0759735, 0.0 ], [ 12.57236, 44.075695, 0.0 ], [ 12.5715284, 44.075695, 0.0 ], [ 12.5715284, 44.0754166, 0.0 ], [ 12.5709724, 44.0754166, 0.0 ], [ 12.5709724, 44.0751381, 0.0 ], [ 12.5704165, 44.0751381, 0.0 ], [ 12.5704165, 44.0748596, 0.0 ], [ 12.5695839, 44.0748596, 0.0 ], [ 12.5695839, 44.074585, 0.0 ], [ 12.5670843, 44.074585, 0.0 ], [ 12.5670843, 44.0748596, 0.0 ], [ 12.5648623, 44.0748596, 0.0 ], [ 12.5648623, 44.0751381, 0.0 ], [ 12.5634708, 44.0751381, 0.0 ], [ 12.5634708, 44.0748596, 0.0 ], [ 12.5631933, 44.0748596, 0.0 ], [ 12.5631933, 44.074585, 0.0 ], [ 12.5629168, 44.074585, 0.0 ], [ 12.5629168, 44.0743065, 0.0 ], [ 12.5626392, 44.0743065, 0.0 ], [ 12.5626392, 44.074028, 0.0 ], [ 12.5623608, 44.074028, 0.0 ], [ 12.5623608, 44.0737495, 0.0 ], [ 12.5620832, 44.0737495, 0.0 ], [ 12.5620832, 44.0734711, 0.0 ], [ 12.5618048, 44.0734711, 0.0 ], [ 12.5618048, 44.0731926, 0.0 ], [ 12.5615273, 44.0731926, 0.0 ], [ 12.5615273, 44.0729179, 0.0 ], [ 12.5609713, 44.0729179, 0.0 ], [ 12.5609713, 44.0726395, 0.0 ], [ 12.5606947, 44.0726395, 0.0 ], [ 12.5606947, 44.072361, 0.0 ], [ 12.5604172, 44.072361, 0.0 ], [ 12.5604172, 44.0720825, 0.0 ], [ 12.5601387, 44.0720825, 0.0 ], [ 12.5601387, 44.071804, 0.0 ], [ 12.5598612, 44.071804, 0.0 ], [ 12.5598612, 44.0715294, 0.0 ], [ 12.5595827, 44.0715294, 0.0 ], [ 12.5595827, 44.0712509, 0.0 ], [ 12.5593052, 44.0712509, 0.0 ], [ 12.5593052, 44.070694, 0.0 ], [ 12.5590267, 44.070694, 0.0 ], [ 12.5590267, 44.070137, 0.0 ], [ 12.5587511, 44.070137, 0.0 ], [ 12.5587511, 44.0695839, 0.0 ], [ 12.5584726, 44.0695839, 0.0 ], [ 12.5584726, 44.0690269, 0.0 ], [ 12.5579166, 44.0690269, 0.0 ], [ 12.5579166, 44.0687485, 0.0 ], [ 12.5576391, 44.0687485, 0.0 ], [ 12.5576391, 44.0684738, 0.0 ], [ 12.5570831, 44.0684738, 0.0 ], [ 12.5570831, 44.0681953, 0.0 ], [ 12.556529, 44.0681953, 0.0 ], [ 12.556529, 44.0679169, 0.0 ], [ 12.5551386, 44.0679169, 0.0 ], [ 12.5551386, 44.0681953, 0.0 ], [ 12.5548611, 44.0681953, 0.0 ], [ 12.5548611, 44.0684738, 0.0 ], [ 12.556529, 44.0684738, 0.0 ], [ 12.556529, 44.0687485, 0.0 ], [ 12.5568047, 44.0687485, 0.0 ], [ 12.5568047, 44.0690269, 0.0 ], [ 12.5570831, 44.0690269, 0.0 ], [ 12.5570831, 44.0693054, 0.0 ], [ 12.5573606, 44.0693054, 0.0 ], [ 12.5573606, 44.0695839, 0.0 ], [ 12.5576391, 44.0695839, 0.0 ], [ 12.5576391, 44.0698624, 0.0 ], [ 12.5579166, 44.0698624, 0.0 ], [ 12.5579166, 44.0704155, 0.0 ], [ 12.5581951, 44.0704155, 0.0 ], [ 12.5581951, 44.0709724, 0.0 ], [ 12.5584726, 44.0709724, 0.0 ], [ 12.5584726, 44.0715294, 0.0 ], [ 12.5587511, 44.0715294, 0.0 ], [ 12.5587511, 44.0720825, 0.0 ], [ 12.5590267, 44.0720825, 0.0 ], [ 12.5590267, 44.0726395, 0.0 ], [ 12.5593052, 44.0726395, 0.0 ], [ 12.5593052, 44.0729179, 0.0 ], [ 12.5595827, 44.0729179, 0.0 ], [ 12.5595827, 44.0731926, 0.0 ], [ 12.5598612, 44.0731926, 0.0 ], [ 12.5598612, 44.0734711, 0.0 ], [ 12.5601387, 44.0734711, 0.0 ], [ 12.5601387, 44.0737495, 0.0 ], [ 12.5604172, 44.0737495, 0.0 ], [ 12.5604172, 44.074028, 0.0 ], [ 12.5606947, 44.074028, 0.0 ], [ 12.5606947, 44.0743065, 0.0 ], [ 12.5609713, 44.0743065, 0.0 ], [ 12.5609713, 44.074585, 0.0 ], [ 12.5612488, 44.074585, 0.0 ], [ 12.5612488, 44.0748596, 0.0 ], [ 12.5615273, 44.0748596, 0.0 ], [ 12.5615273, 44.0751381, 0.0 ], [ 12.5618048, 44.0751381, 0.0 ], [ 12.5618048, 44.0754166, 0.0 ], [ 12.5620832, 44.0754166, 0.0 ], [ 12.5620832, 44.075695, 0.0 ], [ 12.5615273, 44.075695, 0.0 ], [ 12.5615273, 44.0759735, 0.0 ], [ 12.5604172, 44.0759735, 0.0 ], [ 12.5604172, 44.0762482, 0.0 ], [ 12.5593052, 44.0762482, 0.0 ], [ 12.5593052, 44.0765266, 0.0 ], [ 12.5587511, 44.0765266, 0.0 ], [ 12.5587511, 44.0768051, 0.0 ], [ 12.5579166, 44.0768051, 0.0 ], [ 12.5579166, 44.0770836, 0.0 ], [ 12.5573606, 44.0770836, 0.0 ], [ 12.5573606, 44.0773621, 0.0 ], [ 12.5568047, 44.0773621, 0.0 ], [ 12.5568047, 44.0776405, 0.0 ], [ 12.5562487, 44.0776405, 0.0 ], [ 12.5562487, 44.0779152, 0.0 ], [ 12.5554171, 44.0779152, 0.0 ], [ 12.5554171, 44.0781937, 0.0 ], [ 12.5548611, 44.0781937, 0.0 ], [ 12.5548611, 44.0784721, 0.0 ], [ 12.554307, 44.0784721, 0.0 ], [ 12.5543051, 44.0787506, 0.0 ], [ 12.553751, 44.0787506, 0.0 ], [ 12.553751, 44.0790291, 0.0 ], [ 12.5534735, 44.0790291, 0.0 ], [ 12.5534735, 44.0793037, 0.0 ], [ 12.5529165, 44.0793037, 0.0 ], [ 12.5529165, 44.0795822, 0.0 ], [ 12.552639, 44.0795822, 0.0 ], [ 12.552639, 44.0798607, 0.0 ], [ 12.5520821, 44.0798607, 0.0 ], [ 12.5520821, 44.0801392, 0.0 ], [ 12.5518036, 44.0801392, 0.0 ], [ 12.5518036, 44.0804176, 0.0 ], [ 12.5512514, 44.0804176, 0.0 ], [ 12.5512514, 44.0806961, 0.0 ], [ 12.5509729, 44.0806961, 0.0 ], [ 12.5509729, 44.0809708, 0.0 ], [ 12.550416, 44.0809708, 0.0 ], [ 12.550416, 44.0812492, 0.0 ], [ 12.5501385, 44.0812492, 0.0 ], [ 12.5501385, 44.0815277, 0.0 ], [ 12.5495853, 44.0815277, 0.0 ], [ 12.5495853, 44.0818062, 0.0 ], [ 12.5487499, 44.0818062, 0.0 ], [ 12.5487499, 44.0820847, 0.0 ], [ 12.5484724, 44.0820847, 0.0 ], [ 12.5484724, 44.0823593, 0.0 ], [ 12.5479164, 44.0823593, 0.0 ], [ 12.5479164, 44.0826378, 0.0 ], [ 12.5476379, 44.0826378, 0.0 ], [ 12.5476379, 44.0829163, 0.0 ], [ 12.5470819, 44.0829163, 0.0 ], [ 12.5470819, 44.0831947, 0.0 ], [ 12.5468063, 44.0831947, 0.0 ], [ 12.5468063, 44.0834732, 0.0 ], [ 12.5462503, 44.0834732, 0.0 ], [ 12.5462503, 44.0837517, 0.0 ], [ 12.5456944, 44.0837517, 0.0 ], [ 12.5456944, 44.0840263, 0.0 ], [ 12.5454159, 44.0840263, 0.0 ], [ 12.5454159, 44.0843048, 0.0 ], [ 12.5448599, 44.0843048, 0.0 ], [ 12.5448599, 44.0845833, 0.0 ], [ 12.5445843, 44.0845833, 0.0 ], [ 12.5445843, 44.0848618, 0.0 ], [ 12.5440283, 44.0848618, 0.0 ], [ 12.5440283, 44.0851402, 0.0 ], [ 12.5434723, 44.0851402, 0.0 ], [ 12.5434723, 44.0854149, 0.0 ], [ 12.5431938, 44.0854149, 0.0 ], [ 12.5431938, 44.0856934, 0.0 ], [ 12.5426378, 44.0856934, 0.0 ], [ 12.5426378, 44.0859718, 0.0 ], [ 12.5423622, 44.0859718, 0.0 ], [ 12.5423622, 44.0862503, 0.0 ], [ 12.5418062, 44.0862503, 0.0 ], [ 12.5418062, 44.0865288, 0.0 ], [ 12.5415277, 44.0865288, 0.0 ], [ 12.5415277, 44.0868073, 0.0 ], [ 12.5412502, 44.0868073, 0.0 ], [ 12.5412502, 44.0870819, 0.0 ], [ 12.5406942, 44.0870819, 0.0 ], [ 12.5406942, 44.0873604, 0.0 ], [ 12.5404177, 44.0873604, 0.0 ], [ 12.5404177, 44.0876389, 0.0 ], [ 12.5398617, 44.0876389, 0.0 ], [ 12.5398617, 44.0879173, 0.0 ], [ 12.5395842, 44.0879173, 0.0 ], [ 12.5395842, 44.0881958, 0.0 ], [ 12.5390282, 44.0881958, 0.0 ], [ 12.5390282, 44.0884705, 0.0 ], [ 12.5387497, 44.0884705, 0.0 ], [ 12.5387497, 44.0887489, 0.0 ], [ 12.5381956, 44.0887489, 0.0 ], [ 12.5381956, 44.0890274, 0.0 ], [ 12.5379181, 44.0890274, 0.0 ], [ 12.5379152, 44.0893059, 0.0 ], [ 12.5373621, 44.0893059, 0.0 ], [ 12.5373621, 44.0895844, 0.0 ], [ 12.5370827, 44.0895844, 0.0 ], [ 12.5370827, 44.0898628, 0.0 ], [ 12.5365267, 44.0898628, 0.0 ], [ 12.5365267, 44.0901375, 0.0 ], [ 12.5362492, 44.0901375, 0.0 ], [ 12.5362492, 44.090416, 0.0 ], [ 12.5356932, 44.090416, 0.0 ], [ 12.5356932, 44.0906944, 0.0 ], [ 12.5354166, 44.0906944, 0.0 ], [ 12.5354166, 44.0909729, 0.0 ], [ 12.5348606, 44.0909729, 0.0 ], [ 12.5348606, 44.0912514, 0.0 ], [ 12.5345831, 44.0912514, 0.0 ], [ 12.5345831, 44.091526, 0.0 ], [ 12.5343046, 44.091526, 0.0 ], [ 12.5343046, 44.0918045, 0.0 ], [ 12.5340271, 44.0918045, 0.0 ], [ 12.5340271, 44.092083, 0.0 ], [ 12.5334711, 44.092083, 0.0 ], [ 12.5334711, 44.0923615, 0.0 ], [ 12.5331945, 44.0923615, 0.0 ], [ 12.5331945, 44.0926399, 0.0 ], [ 12.532917, 44.0926399, 0.0 ], [ 12.532917, 44.0929184, 0.0 ], [ 12.532361, 44.0929184, 0.0 ], [ 12.532361, 44.0931931, 0.0 ], [ 12.5320826, 44.0931931, 0.0 ], [ 12.5320826, 44.0934715, 0.0 ], [ 12.531805, 44.0934715, 0.0 ], [ 12.531805, 44.09375, 0.0 ], [ 12.531249, 44.09375, 0.0 ], [ 12.531249, 44.0940285, 0.0 ], [ 12.5309734, 44.0940285, 0.0 ], [ 12.5309734, 44.0943069, 0.0 ], [ 12.530695, 44.0943069, 0.0 ], [ 12.530695, 44.0945816, 0.0 ], [ 12.530139, 44.0945816, 0.0 ], [ 12.530139, 44.0948601, 0.0 ], [ 12.5298615, 44.0948601, 0.0 ], [ 12.5298615, 44.0951385, 0.0 ], [ 12.529583, 44.0951385, 0.0 ], [ 12.529583, 44.095417, 0.0 ], [ 12.5290289, 44.095417, 0.0 ], [ 12.5290289, 44.0956955, 0.0 ], [ 12.5287514, 44.0956955, 0.0 ], [ 12.5287514, 44.095974, 0.0 ], [ 12.5284729, 44.095974, 0.0 ], [ 12.5284729, 44.0962486, 0.0 ], [ 12.5281954, 44.0962486, 0.0 ], [ 12.5281954, 44.0965271, 0.0 ], [ 12.5276394, 44.0965271, 0.0 ], [ 12.5276394, 44.0968056, 0.0 ], [ 12.5273609, 44.0968056, 0.0 ], [ 12.5273609, 44.097084, 0.0 ], [ 12.5270834, 44.097084, 0.0 ], [ 12.5270834, 44.0973625, 0.0 ], [ 12.5265274, 44.0973625, 0.0 ], [ 12.5265274, 44.0976372, 0.0 ], [ 12.5262508, 44.0976372, 0.0 ], [ 12.5262508, 44.0979156, 0.0 ], [ 12.5259733, 44.0979156, 0.0 ], [ 12.5259733, 44.0981941, 0.0 ], [ 12.5254173, 44.0981941, 0.0 ], [ 12.5254173, 44.0984726, 0.0 ], [ 12.5251389, 44.0984726, 0.0 ], [ 12.5251389, 44.0987511, 0.0 ], [ 12.5248604, 44.0987511, 0.0 ], [ 12.5248604, 44.0990295, 0.0 ], [ 12.5243044, 44.0990295, 0.0 ], [ 12.5243044, 44.0993042, 0.0 ], [ 12.5240288, 44.0993042, 0.0 ], [ 12.5240288, 44.0995827, 0.0 ], [ 12.5237513, 44.0995827, 0.0 ], [ 12.5237513, 44.0998611, 0.0 ], [ 12.5231943, 44.0998611, 0.0 ], [ 12.5231943, 44.1001396, 0.0 ], [ 12.5229158, 44.1001396, 0.0 ], [ 12.5229158, 44.1004181, 0.0 ], [ 12.5226383, 44.1004181, 0.0 ], [ 12.5226383, 44.1006927, 0.0 ], [ 12.5220823, 44.1006927, 0.0 ], [ 12.5220823, 44.1009712, 0.0 ], [ 12.5218058, 44.1009712, 0.0 ], [ 12.5218058, 44.1012497, 0.0 ], [ 12.5215282, 44.1012497, 0.0 ], [ 12.5215282, 44.1015282, 0.0 ], [ 12.5209723, 44.1015282, 0.0 ], [ 12.5209723, 44.1018066, 0.0 ], [ 12.5206938, 44.1018066, 0.0 ], [ 12.5206938, 44.1020851, 0.0 ], [ 12.5204163, 44.1020851, 0.0 ], [ 12.5204163, 44.1023598, 0.0 ], [ 12.5198622, 44.1023598, 0.0 ], [ 12.5198622, 44.1026382, 0.0 ], [ 12.5195837, 44.1026382, 0.0 ], [ 12.5195837, 44.1029167, 0.0 ], [ 12.5193062, 44.1029167, 0.0 ], [ 12.5193062, 44.1031952, 0.0 ], [ 12.5187502, 44.1031952, 0.0 ], [ 12.5187502, 44.1034737, 0.0 ], [ 12.5184717, 44.1034737, 0.0 ], [ 12.5184717, 44.1037483, 0.0 ], [ 12.5181942, 44.1037483, 0.0 ], [ 12.5181942, 44.1040268, 0.0 ], [ 12.5176401, 44.1040268, 0.0 ], [ 12.5176401, 44.1043053, 0.0 ], [ 12.5173597, 44.1043053, 0.0 ], [ 12.5173597, 44.1045837, 0.0 ], [ 12.5170841, 44.1045837, 0.0 ], [ 12.5170841, 44.1048622, 0.0 ], [ 12.5165281, 44.1048622, 0.0 ], [ 12.5165281, 44.1051407, 0.0 ], [ 12.5162497, 44.1051407, 0.0 ], [ 12.5162497, 44.1054153, 0.0 ], [ 12.5159721, 44.1054153, 0.0 ], [ 12.5159721, 44.1056938, 0.0 ], [ 12.5154181, 44.1056938, 0.0 ], [ 12.5154181, 44.1059723, 0.0 ], [ 12.5151377, 44.1059723, 0.0 ], [ 12.5151377, 44.1062508, 0.0 ], [ 12.5148621, 44.1062508, 0.0 ], [ 12.5148621, 44.1065292, 0.0 ], [ 12.5143061, 44.1065292, 0.0 ], [ 12.5143061, 44.1068039, 0.0 ], [ 12.5140276, 44.1068039, 0.0 ], [ 12.5140276, 44.1070824, 0.0 ], [ 12.5137501, 44.1070824, 0.0 ], [ 12.5137501, 44.1073608, 0.0 ], [ 12.5134716, 44.1073608, 0.0 ], [ 12.5134716, 44.1076393, 0.0 ], [ 12.5129156, 44.1076393, 0.0 ], [ 12.5129156, 44.1079178, 0.0 ], [ 12.51264, 44.1079178, 0.0 ], [ 12.51264, 44.1081963, 0.0 ], [ 12.5123615, 44.1081963, 0.0 ], [ 12.5123615, 44.1084709, 0.0 ], [ 12.512084, 44.1084709, 0.0 ], [ 12.512084, 44.1087494, 0.0 ], [ 12.511528, 44.1087494, 0.0 ], [ 12.511528, 44.1090279, 0.0 ], [ 12.5112486, 44.1090279, 0.0 ], [ 12.5112486, 44.1093063, 0.0 ], [ 12.5109711, 44.1093063, 0.0 ], [ 12.5109711, 44.1095848, 0.0 ], [ 12.5106964, 44.1095848, 0.0 ], [ 12.5106964, 44.1098595, 0.0 ], [ 12.5101404, 44.1098595, 0.0 ], [ 12.5101404, 44.1101379, 0.0 ], [ 12.509861, 44.1101379, 0.0 ], [ 12.509861, 44.1104164, 0.0 ], [ 12.5095835, 44.1104164, 0.0 ], [ 12.5095835, 44.1106949, 0.0 ], [ 12.5090265, 44.1106949, 0.0 ], [ 12.5090265, 44.1109734, 0.0 ], [ 12.508749, 44.1109734, 0.0 ], [ 12.508749, 44.1112518, 0.0 ], [ 12.5084734, 44.1112518, 0.0 ], [ 12.5084734, 44.1115265, 0.0 ], [ 12.508193, 44.1115265, 0.0 ], [ 12.508193, 44.111805, 0.0 ], [ 12.5076389, 44.111805, 0.0 ], [ 12.5076389, 44.1120834, 0.0 ], [ 12.5073614, 44.1120834, 0.0 ], [ 12.5073614, 44.1123619, 0.0 ], [ 12.5070829, 44.1123619, 0.0 ], [ 12.5070829, 44.1126404, 0.0 ], [ 12.5068054, 44.1126404, 0.0 ], [ 12.5068054, 44.112915, 0.0 ], [ 12.5062513, 44.112915, 0.0 ], [ 12.5062513, 44.1131935, 0.0 ], [ 12.505971, 44.1131935, 0.0 ], [ 12.505971, 44.113472, 0.0 ], [ 12.5056953, 44.113472, 0.0 ], [ 12.5056953, 44.1137505, 0.0 ], [ 12.5054169, 44.1137505, 0.0 ], [ 12.5054169, 44.1140289, 0.0 ], [ 12.5048609, 44.1140289, 0.0 ], [ 12.5048609, 44.1143074, 0.0 ], [ 12.5045834, 44.1143074, 0.0 ], [ 12.5045834, 44.1145821, 0.0 ], [ 12.5043049, 44.1145821, 0.0 ], [ 12.5043049, 44.1148605, 0.0 ], [ 12.5040274, 44.1148605, 0.0 ], [ 12.5040274, 44.115139, 0.0 ], [ 12.5034733, 44.115139, 0.0 ], [ 12.5034733, 44.1154175, 0.0 ], [ 12.5031948, 44.1154175, 0.0 ], [ 12.5031948, 44.115696, 0.0 ], [ 12.5029173, 44.115696, 0.0 ], [ 12.5029173, 44.1159706, 0.0 ], [ 12.5026388, 44.1159706, 0.0 ], [ 12.5026388, 44.1162491, 0.0 ], [ 12.5023613, 44.1162491, 0.0 ], [ 12.5023613, 44.1165276, 0.0 ], [ 12.5020828, 44.1165276, 0.0 ], [ 12.5020828, 44.116806, 0.0 ], [ 12.5018053, 44.116806, 0.0 ], [ 12.5018053, 44.1170845, 0.0 ], [ 12.5015268, 44.1170845, 0.0 ], [ 12.5015268, 44.117363, 0.0 ], [ 12.5012512, 44.117363, 0.0 ], [ 12.5012512, 44.1179161, 0.0 ], [ 12.5009727, 44.1179161, 0.0 ], [ 12.5009727, 44.1181946, 0.0 ], [ 12.5006952, 44.1181946, 0.0 ], [ 12.5006952, 44.1184731, 0.0 ], [ 12.5004168, 44.1184731, 0.0 ], [ 12.5004168, 44.1187515, 0.0 ], [ 12.5001392, 44.1187515, 0.0 ], [ 12.5001392, 44.1190262, 0.0 ], [ 12.4998608, 44.1190262, 0.0 ], [ 12.4998608, 44.1193047, 0.0 ], [ 12.4995832, 44.1193047, 0.0 ], [ 12.4995832, 44.1195831, 0.0 ], [ 12.4993067, 44.1195831, 0.0 ], [ 12.4993067, 44.1198616, 0.0 ], [ 12.4990292, 44.1198616, 0.0 ], [ 12.4990292, 44.1201401, 0.0 ], [ 12.4987507, 44.1201401, 0.0 ], [ 12.4987507, 44.1204147, 0.0 ], [ 12.4984732, 44.1204185, 0.0 ], [ 12.4984732, 44.1206932, 0.0 ], [ 12.4981947, 44.1206932, 0.0 ], [ 12.4981947, 44.1209717, 0.0 ], [ 12.4979172, 44.1209717, 0.0 ], [ 12.4979172, 44.1212502, 0.0 ], [ 12.4976377, 44.1212502, 0.0 ], [ 12.4976377, 44.1215286, 0.0 ], [ 12.4970846, 44.1215286, 0.0 ], [ 12.4970846, 44.1218071, 0.0 ], [ 12.4968042, 44.1218071, 0.0 ], [ 12.4968042, 44.1220818, 0.0 ], [ 12.4965286, 44.1220818, 0.0 ], [ 12.4965286, 44.1223602, 0.0 ], [ 12.4962502, 44.1223602, 0.0 ], [ 12.4962502, 44.1226387, 0.0 ], [ 12.4959717, 44.1226387, 0.0 ], [ 12.4959717, 44.1229172, 0.0 ], [ 12.4956942, 44.1229172, 0.0 ], [ 12.4956942, 44.1231956, 0.0 ], [ 12.4954157, 44.1231956, 0.0 ], [ 12.4954157, 44.1234703, 0.0 ], [ 12.4951382, 44.1234741, 0.0 ], [ 12.4951382, 44.1237488, 0.0 ], [ 12.4945822, 44.1237488, 0.0 ], [ 12.4945822, 44.1240273, 0.0 ], [ 12.4943056, 44.1240273, 0.0 ], [ 12.4943056, 44.1243057, 0.0 ], [ 12.4931936, 44.1243057, 0.0 ], [ 12.4931936, 44.1245842, 0.0 ], [ 12.4929161, 44.1245842, 0.0 ], [ 12.4929161, 44.1248627, 0.0 ], [ 12.4923601, 44.1248627, 0.0 ], [ 12.4923601, 44.1251373, 0.0 ], [ 12.4920835, 44.1251373, 0.0 ], [ 12.4920835, 44.1254158, 0.0 ], [ 12.491806, 44.1254158, 0.0 ], [ 12.491806, 44.1259727, 0.0 ], [ 12.4920835, 44.1259727, 0.0 ], [ 12.4920835, 44.1262512, 0.0 ], [ 12.4909716, 44.1262512, 0.0 ], [ 12.4909716, 44.1265259, 0.0 ], [ 12.4904156, 44.1265259, 0.0 ], [ 12.4904156, 44.1268044, 0.0 ], [ 12.49014, 44.1268044, 0.0 ], [ 12.49014, 44.1281929, 0.0 ], [ 12.4898624, 44.1281929, 0.0 ], [ 12.4898624, 44.1284714, 0.0 ], [ 12.489584, 44.1284714, 0.0 ], [ 12.489584, 44.1287498, 0.0 ], [ 12.489028, 44.1287498, 0.0 ], [ 12.489028, 44.1290283, 0.0 ], [ 12.4887505, 44.1290283, 0.0 ], [ 12.4887505, 44.1293068, 0.0 ], [ 12.488472, 44.1293068, 0.0 ], [ 12.488472, 44.1295815, 0.0 ], [ 12.4881945, 44.1295815, 0.0 ], [ 12.4881945, 44.1298599, 0.0 ], [ 12.4879179, 44.1298599, 0.0 ], [ 12.4879179, 44.1301384, 0.0 ], [ 12.4876385, 44.1301384, 0.0 ], [ 12.4876385, 44.1304169, 0.0 ], [ 12.4873619, 44.1304169, 0.0 ], [ 12.4873619, 44.1306953, 0.0 ], [ 12.4870844, 44.1306953, 0.0 ], [ 12.4870844, 44.1309738, 0.0 ], [ 12.4868059, 44.1309738, 0.0 ], [ 12.4868059, 44.1312485, 0.0 ], [ 12.4865284, 44.1312485, 0.0 ], [ 12.4865284, 44.1315269, 0.0 ], [ 12.4862499, 44.1315269, 0.0 ], [ 12.4862499, 44.1318054, 0.0 ], [ 12.4859724, 44.1318054, 0.0 ], [ 12.4859724, 44.1320839, 0.0 ], [ 12.4856958, 44.1320839, 0.0 ], [ 12.4856958, 44.1323624, 0.0 ], [ 12.4854155, 44.1323624, 0.0 ], [ 12.4854155, 44.132637, 0.0 ], [ 12.4851398, 44.132637, 0.0 ], [ 12.4851398, 44.1329155, 0.0 ], [ 12.4848623, 44.1329155, 0.0 ], [ 12.4848623, 44.133194, 0.0 ], [ 12.4845839, 44.133194, 0.0 ], [ 12.4845839, 44.1334724, 0.0 ], [ 12.4843063, 44.1334724, 0.0 ], [ 12.4843063, 44.1337509, 0.0 ], [ 12.4837494, 44.1337509, 0.0 ], [ 12.4837494, 44.1340294, 0.0 ], [ 12.4834709, 44.1340294, 0.0 ], [ 12.4834709, 44.134304, 0.0 ], [ 12.4831934, 44.134304, 0.0 ], [ 12.4831934, 44.1345825, 0.0 ], [ 12.4829178, 44.1345825, 0.0 ], [ 12.4829178, 44.134861, 0.0 ], [ 12.4826393, 44.134861, 0.0 ], [ 12.4826393, 44.1351395, 0.0 ], [ 12.4823608, 44.1351395, 0.0 ], [ 12.4823608, 44.1354179, 0.0 ], [ 12.4820833, 44.1354179, 0.0 ], [ 12.4820833, 44.1356926, 0.0 ], [ 12.4818048, 44.1356926, 0.0 ], [ 12.4818048, 44.1359711, 0.0 ], [ 12.4815273, 44.1359711, 0.0 ], [ 12.4815273, 44.1362495, 0.0 ], [ 12.4812489, 44.1362495, 0.0 ], [ 12.4812489, 44.136528, 0.0 ], [ 12.4806948, 44.136528, 0.0 ], [ 12.4806948, 44.1368065, 0.0 ], [ 12.4804173, 44.1368065, 0.0 ], [ 12.4804173, 44.137085, 0.0 ], [ 12.4801388, 44.137085, 0.0 ], [ 12.4801388, 44.1373596, 0.0 ], [ 12.4798613, 44.1373596, 0.0 ], [ 12.4798613, 44.1376381, 0.0 ], [ 12.4795828, 44.1376381, 0.0 ], [ 12.4795828, 44.1379166, 0.0 ], [ 12.4793053, 44.1379166, 0.0 ], [ 12.4793053, 44.138195, 0.0 ], [ 12.4790268, 44.138195, 0.0 ], [ 12.4790268, 44.1384735, 0.0 ], [ 12.4787512, 44.1384735, 0.0 ], [ 12.4787512, 44.1387482, 0.0 ], [ 12.4784708, 44.1387482, 0.0 ], [ 12.4784708, 44.1390266, 0.0 ], [ 12.4781952, 44.1390266, 0.0 ], [ 12.4781952, 44.1393051, 0.0 ], [ 12.4779167, 44.1393051, 0.0 ], [ 12.4779167, 44.1395836, 0.0 ], [ 12.4776392, 44.1395836, 0.0 ], [ 12.4776392, 44.1398621, 0.0 ], [ 12.4773607, 44.1398621, 0.0 ], [ 12.4773607, 44.1401405, 0.0 ], [ 12.4770832, 44.1401405, 0.0 ], [ 12.4770832, 44.1404152, 0.0 ], [ 12.4768047, 44.1404152, 0.0 ], [ 12.4768047, 44.1406937, 0.0 ], [ 12.4765291, 44.1406937, 0.0 ], [ 12.4765291, 44.1409721, 0.0 ], [ 12.4762487, 44.1409721, 0.0 ], [ 12.4762487, 44.1412506, 0.0 ], [ 12.4759731, 44.1412506, 0.0 ], [ 12.4759731, 44.1415291, 0.0 ], [ 12.4756947, 44.1415291, 0.0 ], [ 12.4756947, 44.1418037, 0.0 ], [ 12.4754171, 44.1418037, 0.0 ], [ 12.4754171, 44.1420822, 0.0 ], [ 12.4751387, 44.1420822, 0.0 ], [ 12.4751387, 44.1423607, 0.0 ], [ 12.4734726, 44.1423607, 0.0 ], [ 12.4734726, 44.1426392, 0.0 ], [ 12.4731951, 44.1426392, 0.0 ], [ 12.4731951, 44.1429176, 0.0 ], [ 12.4729166, 44.1429176, 0.0 ], [ 12.4729166, 44.1431961, 0.0 ], [ 12.4726391, 44.1431961, 0.0 ], [ 12.4726391, 44.1437492, 0.0 ], [ 12.4729166, 44.1437492, 0.0 ], [ 12.4729166, 44.1440277, 0.0 ], [ 12.4726391, 44.1440277, 0.0 ], [ 12.4726391, 44.1443062, 0.0 ], [ 12.4720831, 44.1443062, 0.0 ], [ 12.4720831, 44.1440277, 0.0 ], [ 12.471529, 44.1440277, 0.0 ], [ 12.471529, 44.1443062, 0.0 ], [ 12.4712505, 44.1443062, 0.0 ], [ 12.4712505, 44.1451378, 0.0 ], [ 12.4706945, 44.1451378, 0.0 ], [ 12.4706945, 44.1454163, 0.0 ], [ 12.4704161, 44.1454163, 0.0 ], [ 12.4704161, 44.1456947, 0.0 ], [ 12.4701376, 44.1456947, 0.0 ], [ 12.4701376, 44.1459732, 0.0 ], [ 12.4698601, 44.1459732, 0.0 ], [ 12.4698601, 44.1462517, 0.0 ], [ 12.4695854, 44.1462517, 0.0 ], [ 12.4695854, 44.1465263, 0.0 ], [ 12.4693069, 44.1465263, 0.0 ], [ 12.4693069, 44.1468048, 0.0 ], [ 12.46875, 44.1468048, 0.0 ], [ 12.46875, 44.1470833, 0.0 ], [ 12.4684715, 44.1470833, 0.0 ], [ 12.4684715, 44.1473618, 0.0 ], [ 12.4679155, 44.1473618, 0.0 ], [ 12.4679155, 44.1476402, 0.0 ], [ 12.467638, 44.1476402, 0.0 ], [ 12.467638, 44.1479149, 0.0 ], [ 12.467082, 44.1479149, 0.0 ], [ 12.467082, 44.1481934, 0.0 ], [ 12.4668064, 44.1481934, 0.0 ], [ 12.4668064, 44.1484718, 0.0 ], [ 12.4665279, 44.1484718, 0.0 ], [ 12.4665279, 44.1487503, 0.0 ], [ 12.4659719, 44.1487503, 0.0 ], [ 12.4659719, 44.1490288, 0.0 ], [ 12.4656944, 44.1490288, 0.0 ], [ 12.4656944, 44.1493073, 0.0 ], [ 12.465416, 44.1493073, 0.0 ], [ 12.465416, 44.1495819, 0.0 ], [ 12.4651384, 44.1495819, 0.0 ], [ 12.4651384, 44.1498604, 0.0 ], [ 12.46486, 44.1498604, 0.0 ], [ 12.46486, 44.1501389, 0.0 ], [ 12.4645844, 44.1501389, 0.0 ], [ 12.4645844, 44.1504173, 0.0 ], [ 12.4640284, 44.1504173, 0.0 ], [ 12.4640284, 44.1506958, 0.0 ], [ 12.4637499, 44.1506958, 0.0 ], [ 12.4637499, 44.1509705, 0.0 ], [ 12.4634724, 44.1509705, 0.0 ], [ 12.4634724, 44.1512489, 0.0 ], [ 12.4631939, 44.1512489, 0.0 ], [ 12.4631939, 44.1515274, 0.0 ], [ 12.4629164, 44.1515274, 0.0 ], [ 12.4629164, 44.1518059, 0.0 ], [ 12.4626379, 44.1518059, 0.0 ], [ 12.4626379, 44.1520844, 0.0 ], [ 12.4620838, 44.1520844, 0.0 ], [ 12.4620838, 44.1523628, 0.0 ], [ 12.4618063, 44.1523628, 0.0 ], [ 12.4618063, 44.1526375, 0.0 ], [ 12.4615278, 44.1526375, 0.0 ], [ 12.4615278, 44.152916, 0.0 ], [ 12.4612503, 44.152916, 0.0 ], [ 12.4612503, 44.1531944, 0.0 ], [ 12.4609718, 44.1531944, 0.0 ], [ 12.4609718, 44.1534729, 0.0 ], [ 12.4606943, 44.1534729, 0.0 ], [ 12.4606943, 44.1537514, 0.0 ], [ 12.4604177, 44.1537514, 0.0 ], [ 12.4604177, 44.154026, 0.0 ], [ 12.4601402, 44.154026, 0.0 ], [ 12.4601402, 44.1543045, 0.0 ], [ 12.4598618, 44.1543045, 0.0 ], [ 12.4598618, 44.154583, 0.0 ], [ 12.4595842, 44.154583, 0.0 ], [ 12.4595842, 44.1548615, 0.0 ], [ 12.4590282, 44.1548615, 0.0 ], [ 12.4590282, 44.1551399, 0.0 ], [ 12.4587498, 44.1551399, 0.0 ], [ 12.4587498, 44.1554184, 0.0 ], [ 12.4584723, 44.1554184, 0.0 ], [ 12.4584723, 44.1556931, 0.0 ], [ 12.4581957, 44.1556931, 0.0 ], [ 12.4581957, 44.1559715, 0.0 ], [ 12.4579153, 44.1559715, 0.0 ], [ 12.4579153, 44.15625, 0.0 ], [ 12.4576397, 44.15625, 0.0 ], [ 12.4576397, 44.1565285, 0.0 ], [ 12.4573622, 44.1565285, 0.0 ], [ 12.4573622, 44.1568069, 0.0 ], [ 12.4570837, 44.1568069, 0.0 ], [ 12.4570837, 44.1570816, 0.0 ], [ 12.4565268, 44.1570816, 0.0 ], [ 12.4565268, 44.1573601, 0.0 ], [ 12.4562492, 44.1573601, 0.0 ], [ 12.4562492, 44.1576385, 0.0 ], [ 12.4556932, 44.1576385, 0.0 ], [ 12.4556932, 44.157917, 0.0 ], [ 12.4554167, 44.157917, 0.0 ], [ 12.4554167, 44.1581955, 0.0 ], [ 12.4548607, 44.1581955, 0.0 ], [ 12.4548607, 44.158474, 0.0 ], [ 12.4545832, 44.158474, 0.0 ], [ 12.4545832, 44.1587486, 0.0 ], [ 12.4543047, 44.1587486, 0.0 ], [ 12.4543047, 44.1590271, 0.0 ], [ 12.4537487, 44.1590271, 0.0 ], [ 12.4537487, 44.1593056, 0.0 ], [ 12.4534712, 44.1593056, 0.0 ], [ 12.4534712, 44.159584, 0.0 ], [ 12.4529171, 44.159584, 0.0 ], [ 12.4529171, 44.1598625, 0.0 ], [ 12.4526386, 44.1598625, 0.0 ], [ 12.4526386, 44.1601372, 0.0 ], [ 12.4523611, 44.1601372, 0.0 ], [ 12.4523611, 44.1604156, 0.0 ], [ 12.4520826, 44.1604156, 0.0 ], [ 12.4520826, 44.1606941, 0.0 ], [ 12.4518051, 44.1606941, 0.0 ], [ 12.4518051, 44.1612511, 0.0 ], [ 12.4515266, 44.1612511, 0.0 ], [ 12.4515266, 44.1615295, 0.0 ], [ 12.451251, 44.1615295, 0.0 ], [ 12.451251, 44.1618042, 0.0 ], [ 12.4509726, 44.1618042, 0.0 ], [ 12.4509726, 44.1620827, 0.0 ], [ 12.450695, 44.1620827, 0.0 ], [ 12.450695, 44.1623611, 0.0 ], [ 12.4509726, 44.1623611, 0.0 ], [ 12.4509726, 44.1626396, 0.0 ], [ 12.451251, 44.1626396, 0.0 ], [ 12.4512262, 44.1631927, 0.0 ], [ 12.4509726, 44.1631927, 0.0 ], [ 12.4509726, 44.1630974, 0.0 ], [ 12.4509726, 44.1629181, 0.0 ], [ 12.4492512, 44.1629181, 0.0 ], [ 12.4490318, 44.1628952, 0.0 ], [ 12.449029, 44.1631927, 0.0 ], [ 12.4481955, 44.1631927, 0.0 ], [ 12.4481955, 44.1634712, 0.0 ], [ 12.447917, 44.1634712, 0.0 ], [ 12.447917, 44.1640282, 0.0 ], [ 12.4476395, 44.1640282, 0.0 ], [ 12.4476395, 44.1648598, 0.0 ], [ 12.4470835, 44.1648598, 0.0 ], [ 12.4470835, 44.1651382, 0.0 ], [ 12.4468069, 44.1651382, 0.0 ], [ 12.4468069, 44.1654167, 0.0 ], [ 12.4462509, 44.1654167, 0.0 ], [ 12.4462509, 44.1656952, 0.0 ], [ 12.4459734, 44.1656952, 0.0 ], [ 12.4459734, 44.1659737, 0.0 ], [ 12.4456949, 44.1659737, 0.0 ], [ 12.4456949, 44.1662483, 0.0 ], [ 12.4454174, 44.1662483, 0.0 ], [ 12.4454174, 44.1665268, 0.0 ], [ 12.4451389, 44.1665268, 0.0 ], [ 12.4451389, 44.1668053, 0.0 ], [ 12.4448614, 44.1668053, 0.0 ], [ 12.4448614, 44.1669464, 0.0 ], [ 12.4448614, 44.1670837, 0.0 ], [ 12.4443045, 44.1670837, 0.0 ], [ 12.4443045, 44.1673622, 0.0 ], [ 12.4440289, 44.1673622, 0.0 ], [ 12.4440289, 44.1676407, 0.0 ], [ 12.4437513, 44.1676407, 0.0 ], [ 12.4437513, 44.1679153, 0.0 ], [ 12.4434729, 44.1679153, 0.0 ], [ 12.4434729, 44.1681938, 0.0 ], [ 12.4431944, 44.1681938, 0.0 ], [ 12.4431944, 44.1684723, 0.0 ], [ 12.4429159, 44.1684723, 0.0 ], [ 12.4429159, 44.1687508, 0.0 ], [ 12.442625, 44.1687737, 0.0 ], [ 12.4426384, 44.1690292, 0.0 ], [ 12.4423599, 44.1690292, 0.0 ], [ 12.4423599, 44.1693039, 0.0 ], [ 12.4420824, 44.1693039, 0.0 ], [ 12.4420824, 44.1695824, 0.0 ], [ 12.4418058, 44.1695824, 0.0 ], [ 12.4418058, 44.1701393, 0.0 ], [ 12.4415283, 44.1701393, 0.0 ], [ 12.4415283, 44.1704178, 0.0 ], [ 12.4412498, 44.1704178, 0.0 ], [ 12.4412498, 44.1706963, 0.0 ], [ 12.4409723, 44.1706963, 0.0 ], [ 12.4409723, 44.1709709, 0.0 ], [ 12.4406939, 44.1709709, 0.0 ], [ 12.4406939, 44.1712494, 0.0 ], [ 12.4404163, 44.1712494, 0.0 ], [ 12.4404163, 44.1715279, 0.0 ], [ 12.4398623, 44.1715279, 0.0 ], [ 12.4398623, 44.1718063, 0.0 ], [ 12.4395838, 44.1718063, 0.0 ], [ 12.4395838, 44.1720848, 0.0 ], [ 12.4390278, 44.1720848, 0.0 ], [ 12.4390278, 44.1723595, 0.0 ], [ 12.4387503, 44.1723595, 0.0 ], [ 12.4387503, 44.1729164, 0.0 ], [ 12.4384718, 44.1729164, 0.0 ], [ 12.4384718, 44.1731949, 0.0 ], [ 12.4379158, 44.1731949, 0.0 ], [ 12.4379158, 44.1734734, 0.0 ], [ 12.4376402, 44.1734734, 0.0 ], [ 12.4376402, 44.1737518, 0.0 ], [ 12.4370842, 44.1737518, 0.0 ], [ 12.4370842, 44.1740265, 0.0 ], [ 12.4368057, 44.1740265, 0.0 ], [ 12.4368057, 44.174305, 0.0 ], [ 12.4366922, 44.174305, 0.0 ], [ 12.4365282, 44.174305, 0.0 ], [ 12.4365282, 44.1745834, 0.0 ], [ 12.4359722, 44.1745834, 0.0 ], [ 12.4359722, 44.1748619, 0.0 ], [ 12.4356937, 44.1748619, 0.0 ], [ 12.4356937, 44.1751404, 0.0 ], [ 12.4351377, 44.1751404, 0.0 ], [ 12.4351377, 44.175415, 0.0 ], [ 12.4348621, 44.175415, 0.0 ], [ 12.4348621, 44.1756935, 0.0 ], [ 12.4345837, 44.1756935, 0.0 ], [ 12.4345837, 44.175972, 0.0 ], [ 12.4340277, 44.175972, 0.0 ], [ 12.4340277, 44.1762505, 0.0 ], [ 12.4337502, 44.1762505, 0.0 ], [ 12.4337502, 44.1765289, 0.0 ], [ 12.4331942, 44.1765289, 0.0 ], [ 12.4331942, 44.1768074, 0.0 ], [ 12.4329157, 44.1768074, 0.0 ], [ 12.4329157, 44.1770821, 0.0 ], [ 12.4326401, 44.1770821, 0.0 ], [ 12.4326401, 44.1773605, 0.0 ], [ 12.4320841, 44.1773605, 0.0 ], [ 12.4320841, 44.177639, 0.0 ], [ 12.4318056, 44.177639, 0.0 ], [ 12.4318056, 44.1779175, 0.0 ], [ 12.4312496, 44.1779175, 0.0 ], [ 12.4312496, 44.178196, 0.0 ], [ 12.4309711, 44.178196, 0.0 ], [ 12.4309711, 44.1784706, 0.0 ], [ 12.4306955, 44.1784706, 0.0 ], [ 12.4306955, 44.1787491, 0.0 ], [ 12.4301395, 44.1787491, 0.0 ], [ 12.4301395, 44.1790276, 0.0 ], [ 12.429862, 44.1790276, 0.0 ], [ 12.429862, 44.179306, 0.0 ], [ 12.4293051, 44.179306, 0.0 ], [ 12.4293051, 44.1795845, 0.0 ], [ 12.4290266, 44.1795845, 0.0 ], [ 12.4290266, 44.179863, 0.0 ], [ 12.4287491, 44.179863, 0.0 ], [ 12.4287491, 44.1801376, 0.0 ], [ 12.4281931, 44.1801376, 0.0 ], [ 12.4281931, 44.1804161, 0.0 ], [ 12.4279165, 44.1804161, 0.0 ], [ 12.4279165, 44.1806946, 0.0 ], [ 12.4273605, 44.1806946, 0.0 ], [ 12.4273605, 44.1809731, 0.0 ], [ 12.4272518, 44.1809731, 0.0 ], [ 12.427083, 44.1809731, 0.0 ], [ 12.427083, 44.1812515, 0.0 ], [ 12.4268045, 44.1812515, 0.0 ], [ 12.4268045, 44.1815262, 0.0 ], [ 12.426527, 44.1815262, 0.0 ], [ 12.426527, 44.1818047, 0.0 ], [ 12.425971, 44.1818047, 0.0 ], [ 12.425971, 44.1820831, 0.0 ], [ 12.4256954, 44.1820831, 0.0 ], [ 12.4256954, 44.1823616, 0.0 ], [ 12.4251394, 44.1823616, 0.0 ], [ 12.4251394, 44.1826401, 0.0 ], [ 12.4254169, 44.1826401, 0.0 ], [ 12.4254169, 44.1829147, 0.0 ], [ 12.4251394, 44.1829185, 0.0 ], [ 12.4251394, 44.1831932, 0.0 ], [ 12.424861, 44.1831932, 0.0 ], [ 12.424861, 44.1834717, 0.0 ], [ 12.4245834, 44.1834717, 0.0 ], [ 12.4245834, 44.1837502, 0.0 ], [ 12.424305, 44.1837502, 0.0 ], [ 12.424305, 44.1840286, 0.0 ], [ 12.4240274, 44.1840286, 0.0 ], [ 12.4240274, 44.1843071, 0.0 ], [ 12.423749, 44.1843071, 0.0 ], [ 12.423749, 44.1845818, 0.0 ], [ 12.4234734, 44.1845818, 0.0 ], [ 12.4234734, 44.1848602, 0.0 ], [ 12.4231949, 44.1848602, 0.0 ], [ 12.4231949, 44.1851387, 0.0 ], [ 12.4229174, 44.1851387, 0.0 ], [ 12.4229174, 44.1854172, 0.0 ], [ 12.4226389, 44.1854172, 0.0 ], [ 12.4226389, 44.1856956, 0.0 ], [ 12.4223614, 44.1856956, 0.0 ], [ 12.4223614, 44.1859703, 0.0 ], [ 12.4220829, 44.1859741, 0.0 ], [ 12.4220829, 44.1862488, 0.0 ], [ 12.4218054, 44.1862488, 0.0 ], [ 12.4218054, 44.1865273, 0.0 ], [ 12.4215288, 44.1865273, 0.0 ], [ 12.4215288, 44.1868057, 0.0 ], [ 12.4212513, 44.1868057, 0.0 ], [ 12.4212513, 44.1870842, 0.0 ], [ 12.4209728, 44.1870842, 0.0 ], [ 12.4209728, 44.1873627, 0.0 ], [ 12.4204168, 44.1873627, 0.0 ], [ 12.4204168, 44.1876373, 0.0 ], [ 12.4198608, 44.1876373, 0.0 ], [ 12.4198608, 44.1879158, 0.0 ], [ 12.4190273, 44.1879158, 0.0 ], [ 12.4190273, 44.1881943, 0.0 ], [ 12.4187508, 44.1881943, 0.0 ], [ 12.4187508, 44.1887512, 0.0 ], [ 12.4184732, 44.1887512, 0.0 ], [ 12.4184732, 44.1893044, 0.0 ], [ 12.4181948, 44.1893044, 0.0 ], [ 12.4181948, 44.1898613, 0.0 ], [ 12.4179173, 44.1898613, 0.0 ], [ 12.4179173, 44.1904182, 0.0 ], [ 12.4176388, 44.1904182, 0.0 ], [ 12.4176388, 44.1906929, 0.0 ], [ 12.4173603, 44.1906929, 0.0 ], [ 12.4173603, 44.1909714, 0.0 ], [ 12.4170847, 44.1909714, 0.0 ], [ 12.4170847, 44.1912498, 0.0 ], [ 12.4168043, 44.1912498, 0.0 ], [ 12.4168043, 44.1915283, 0.0 ], [ 12.4165287, 44.1915283, 0.0 ], [ 12.4165287, 44.1918068, 0.0 ], [ 12.4162512, 44.1918068, 0.0 ], [ 12.4162512, 44.1920815, 0.0 ], [ 12.4159718, 44.1920815, 0.0 ], [ 12.4159718, 44.1923599, 0.0 ], [ 12.4148598, 44.1923599, 0.0 ], [ 12.4148598, 44.1931953, 0.0 ], [ 12.4145823, 44.1931953, 0.0 ], [ 12.4145823, 44.1940269, 0.0 ], [ 12.4143057, 44.1940269, 0.0 ], [ 12.4143057, 44.1943054, 0.0 ], [ 12.4140282, 44.1943054, 0.0 ], [ 12.4140282, 44.1945839, 0.0 ], [ 12.4137497, 44.1945839, 0.0 ], [ 12.4137497, 44.1948624, 0.0 ], [ 12.4134722, 44.1948624, 0.0 ], [ 12.4134722, 44.195137, 0.0 ], [ 12.4131937, 44.195137, 0.0 ], [ 12.4131937, 44.1954155, 0.0 ], [ 12.4129162, 44.1954155, 0.0 ], [ 12.4129162, 44.195694, 0.0 ], [ 12.4126377, 44.195694, 0.0 ], [ 12.4126377, 44.1959724, 0.0 ], [ 12.4123602, 44.1959724, 0.0 ], [ 12.4123602, 44.1965294, 0.0 ], [ 12.4120836, 44.1965294, 0.0 ], [ 12.4120836, 44.196804, 0.0 ], [ 12.4118061, 44.196804, 0.0 ], [ 12.4118061, 44.1970825, 0.0 ], [ 12.4115276, 44.1970825, 0.0 ], [ 12.4115276, 44.197361, 0.0 ], [ 12.4112501, 44.197361, 0.0 ], [ 12.4112501, 44.1976395, 0.0 ], [ 12.4109716, 44.1976395, 0.0 ], [ 12.4109716, 44.1979179, 0.0 ], [ 12.4106941, 44.1979179, 0.0 ], [ 12.4106941, 44.1981926, 0.0 ], [ 12.4104156, 44.1981926, 0.0 ], [ 12.4104156, 44.1984711, 0.0 ], [ 12.41014, 44.1984711, 0.0 ], [ 12.41014, 44.199028, 0.0 ], [ 12.4098616, 44.199028, 0.0 ], [ 12.4098597, 44.1993065, 0.0 ], [ 12.409584, 44.1993065, 0.0 ], [ 12.409584, 44.199585, 0.0 ], [ 12.4093056, 44.199585, 0.0 ], [ 12.4093056, 44.1998596, 0.0 ], [ 12.4090281, 44.1998596, 0.0 ], [ 12.4090281, 44.2001381, 0.0 ], [ 12.4087496, 44.2001381, 0.0 ], [ 12.4087496, 44.2004166, 0.0 ], [ 12.4084721, 44.2004166, 0.0 ], [ 12.4084721, 44.200695, 0.0 ], [ 12.4081936, 44.200695, 0.0 ], [ 12.4081936, 44.2009735, 0.0 ], [ 12.407918, 44.2009735, 0.0 ], [ 12.407918, 44.2012482, 0.0 ], [ 12.4076376, 44.2012482, 0.0 ], [ 12.4076376, 44.2015266, 0.0 ], [ 12.407362, 44.2015266, 0.0 ], [ 12.407362, 44.2018051, 0.0 ], [ 12.4070845, 44.2018051, 0.0 ], [ 12.4070845, 44.2023621, 0.0 ], [ 12.406806, 44.2023621, 0.0 ], [ 12.406806, 44.2026405, 0.0 ], [ 12.4065285, 44.2026405, 0.0 ], [ 12.4065285, 44.2029152, 0.0 ], [ 12.40625, 44.2029152, 0.0 ], [ 12.40625, 44.2031937, 0.0 ], [ 12.4059715, 44.2031937, 0.0 ], [ 12.4059715, 44.2037506, 0.0 ], [ 12.405694, 44.2037506, 0.0 ], [ 12.405694, 44.2043037, 0.0 ], [ 12.4054155, 44.2043037, 0.0 ], [ 12.4054155, 44.2048607, 0.0 ], [ 12.4051399, 44.2048607, 0.0 ], [ 12.4051399, 44.2054176, 0.0 ], [ 12.4040279, 44.2054176, 0.0 ], [ 12.4040279, 44.2051392, 0.0 ], [ 12.4031935, 44.2051392, 0.0 ], [ 12.4031935, 44.2054176, 0.0 ], [ 12.4026403, 44.2054176, 0.0 ], [ 12.4026403, 44.2056961, 0.0 ], [ 12.4023609, 44.2056961, 0.0 ], [ 12.4023609, 44.2059708, 0.0 ], [ 12.4018049, 44.2059708, 0.0 ], [ 12.4018049, 44.2062492, 0.0 ], [ 12.4015274, 44.2062492, 0.0 ], [ 12.4015274, 44.2065277, 0.0 ], [ 12.4009733, 44.2065277, 0.0 ], [ 12.4009733, 44.2068062, 0.0 ], [ 12.4004173, 44.2068062, 0.0 ], [ 12.4004173, 44.2070847, 0.0 ], [ 12.3998613, 44.2070847, 0.0 ], [ 12.3998613, 44.2073593, 0.0 ], [ 12.3993053, 44.2073593, 0.0 ], [ 12.3993053, 44.2076378, 0.0 ], [ 12.3987513, 44.2076378, 0.0 ], [ 12.3987513, 44.2079163, 0.0 ], [ 12.3981953, 44.2079163, 0.0 ], [ 12.3981953, 44.2081947, 0.0 ], [ 12.3976393, 44.2081947, 0.0 ], [ 12.3976393, 44.2084732, 0.0 ], [ 12.3970833, 44.2084732, 0.0 ], [ 12.3970833, 44.2087517, 0.0 ], [ 12.3968048, 44.2087517, 0.0 ], [ 12.3968048, 44.2090263, 0.0 ], [ 12.3962488, 44.2090263, 0.0 ], [ 12.3962488, 44.2093048, 0.0 ], [ 12.3956947, 44.2093048, 0.0 ], [ 12.3956947, 44.2095833, 0.0 ], [ 12.3954172, 44.2095833, 0.0 ], [ 12.3954172, 44.2098618, 0.0 ], [ 12.3951387, 44.2098618, 0.0 ], [ 12.3951387, 44.2101402, 0.0 ], [ 12.3945827, 44.2101402, 0.0 ], [ 12.3945827, 44.2104149, 0.0 ], [ 12.3943052, 44.2104149, 0.0 ], [ 12.3943052, 44.2106934, 0.0 ], [ 12.3940268, 44.2106934, 0.0 ], [ 12.3940268, 44.2109718, 0.0 ], [ 12.3937511, 44.2109718, 0.0 ], [ 12.3937511, 44.2112503, 0.0 ], [ 12.3934727, 44.2112503, 0.0 ], [ 12.3934727, 44.2115288, 0.0 ], [ 12.3931952, 44.2115288, 0.0 ], [ 12.3931952, 44.2118073, 0.0 ], [ 12.3929167, 44.2118073, 0.0 ], [ 12.3929167, 44.2120819, 0.0 ], [ 12.3923607, 44.2120819, 0.0 ], [ 12.3923607, 44.2123604, 0.0 ], [ 12.3920832, 44.2123604, 0.0 ], [ 12.3920832, 44.2126389, 0.0 ], [ 12.3918047, 44.2126389, 0.0 ], [ 12.3918047, 44.2129173, 0.0 ], [ 12.3915291, 44.2129173, 0.0 ], [ 12.3915291, 44.2134705, 0.0 ], [ 12.3912506, 44.2134705, 0.0 ], [ 12.3912506, 44.2137489, 0.0 ], [ 12.3909731, 44.2137489, 0.0 ], [ 12.3909731, 44.2140274, 0.0 ], [ 12.3906946, 44.2140274, 0.0 ], [ 12.3906946, 44.2145844, 0.0 ], [ 12.3904171, 44.2145844, 0.0 ], [ 12.3904171, 44.2148628, 0.0 ], [ 12.3901377, 44.2148628, 0.0 ], [ 12.3901377, 44.215416, 0.0 ], [ 12.3898602, 44.215416, 0.0 ], [ 12.3898602, 44.2156944, 0.0 ], [ 12.3895845, 44.2156944, 0.0 ], [ 12.3895845, 44.2162514, 0.0 ], [ 12.3893042, 44.2162514, 0.0 ], [ 12.3893042, 44.216526, 0.0 ], [ 12.3890285, 44.216526, 0.0 ], [ 12.3890285, 44.217083, 0.0 ], [ 12.3887501, 44.217083, 0.0 ], [ 12.3887501, 44.2173615, 0.0 ], [ 12.3884716, 44.2173615, 0.0 ], [ 12.3884716, 44.2176399, 0.0 ], [ 12.3881941, 44.2176399, 0.0 ], [ 12.3881941, 44.2181931, 0.0 ], [ 12.3879156, 44.2181931, 0.0 ], [ 12.3879156, 44.2184715, 0.0 ], [ 12.3876381, 44.2184715, 0.0 ], [ 12.3876381, 44.21875, 0.0 ], [ 12.3873615, 44.21875, 0.0 ], [ 12.3873615, 44.2193069, 0.0 ], [ 12.3870821, 44.2193069, 0.0 ], [ 12.3870821, 44.2195816, 0.0 ], [ 12.3868055, 44.2195816, 0.0 ], [ 12.3868055, 44.2201385, 0.0 ], [ 12.386528, 44.2201385, 0.0 ], [ 12.386528, 44.220417, 0.0 ], [ 12.3862495, 44.220417, 0.0 ], [ 12.3862495, 44.220974, 0.0 ], [ 12.385972, 44.220974, 0.0 ], [ 12.385972, 44.2212486, 0.0 ], [ 12.3856936, 44.2212486, 0.0 ], [ 12.3856936, 44.2215271, 0.0 ], [ 12.385416, 44.2215271, 0.0 ], [ 12.385416, 44.222084, 0.0 ], [ 12.3851376, 44.222084, 0.0 ], [ 12.3851376, 44.2223625, 0.0 ], [ 12.38486, 44.2223625, 0.0 ], [ 12.38486, 44.2229156, 0.0 ], [ 12.3845844, 44.2229156, 0.0 ], [ 12.3845844, 44.2231941, 0.0 ], [ 12.384306, 44.2231941, 0.0 ], [ 12.384306, 44.2237511, 0.0 ], [ 12.3840284, 44.2237511, 0.0 ], [ 12.3840284, 44.2240295, 0.0 ], [ 12.38375, 44.2240295, 0.0 ], [ 12.38375, 44.2243042, 0.0 ], [ 12.3834724, 44.2243042, 0.0 ], [ 12.3834724, 44.2247276, 0.0 ], [ 12.3834724, 44.2248611, 0.0 ], [ 12.383194, 44.2248611, 0.0 ], [ 12.383194, 44.2251396, 0.0 ], [ 12.3829165, 44.2251396, 0.0 ], [ 12.3829165, 44.2256927, 0.0 ], [ 12.382638, 44.2256927, 0.0 ], [ 12.382638, 44.2259712, 0.0 ], [ 12.3823624, 44.2259712, 0.0 ], [ 12.3823624, 44.2265282, 0.0 ], [ 12.3820839, 44.2265282, 0.0 ], [ 12.3820839, 44.2268066, 0.0 ], [ 12.3818064, 44.2268066, 0.0 ], [ 12.3818064, 44.2270851, 0.0 ], [ 12.3815279, 44.2270851, 0.0 ], [ 12.3815279, 44.2276382, 0.0 ], [ 12.3812504, 44.2276382, 0.0 ], [ 12.3812504, 44.2279167, 0.0 ], [ 12.3809719, 44.2279167, 0.0 ], [ 12.3809719, 44.2284737, 0.0 ], [ 12.3806944, 44.2284737, 0.0 ], [ 12.3806944, 44.2287483, 0.0 ], [ 12.3804178, 44.2287483, 0.0 ], [ 12.3804178, 44.2293053, 0.0 ], [ 12.3801403, 44.2293053, 0.0 ], [ 12.3801384, 44.2295837, 0.0 ], [ 12.3798618, 44.2295837, 0.0 ], [ 12.3798618, 44.2301407, 0.0 ], [ 12.3795843, 44.2301407, 0.0 ], [ 12.3795843, 44.2304153, 0.0 ], [ 12.3793058, 44.2304153, 0.0 ], [ 12.3793058, 44.2306938, 0.0 ], [ 12.3790283, 44.2306938, 0.0 ], [ 12.3790283, 44.2312508, 0.0 ], [ 12.3787498, 44.2312508, 0.0 ], [ 12.3787498, 44.2315292, 0.0 ], [ 12.3784723, 44.2315292, 0.0 ], [ 12.3784723, 44.2320824, 0.0 ], [ 12.3781958, 44.2320824, 0.0 ], [ 12.3781958, 44.2323608, 0.0 ], [ 12.3779154, 44.2323608, 0.0 ], [ 12.3779154, 44.2329178, 0.0 ], [ 12.3776398, 44.2329178, 0.0 ], [ 12.3776398, 44.2331963, 0.0 ], [ 12.3773623, 44.2331963, 0.0 ], [ 12.3773623, 44.2334709, 0.0 ], [ 12.3770838, 44.2334709, 0.0 ], [ 12.3770838, 44.2340279, 0.0 ], [ 12.3768063, 44.2340279, 0.0 ], [ 12.3768063, 44.2343063, 0.0 ], [ 12.3765268, 44.2343063, 0.0 ], [ 12.3765268, 44.2348595, 0.0 ], [ 12.3762493, 44.2348595, 0.0 ], [ 12.3762493, 44.2351379, 0.0 ], [ 12.3759708, 44.2351379, 0.0 ], [ 12.3759708, 44.2356949, 0.0 ], [ 12.3756933, 44.2356949, 0.0 ], [ 12.3756933, 44.2359734, 0.0 ], [ 12.3754177, 44.2359734, 0.0 ], [ 12.3754177, 44.2365265, 0.0 ], [ 12.3751392, 44.2365265, 0.0 ], [ 12.3751392, 44.236805, 0.0 ], [ 12.3748608, 44.236805, 0.0 ], [ 12.3748608, 44.2370834, 0.0 ], [ 12.3745832, 44.2370834, 0.0 ], [ 12.3745832, 44.2376404, 0.0 ], [ 12.3743048, 44.2376404, 0.0 ], [ 12.3743048, 44.237915, 0.0 ], [ 12.3740273, 44.237915, 0.0 ], [ 12.3739786, 44.238472, 0.0 ], [ 12.3737488, 44.238472, 0.0 ], [ 12.3737488, 44.2387505, 0.0 ], [ 12.3734713, 44.2387505, 0.0 ], [ 12.3734713, 44.2393074, 0.0 ], [ 12.3731947, 44.2393074, 0.0 ], [ 12.3731947, 44.2395821, 0.0 ], [ 12.3729172, 44.2395821, 0.0 ], [ 12.3729172, 44.240139, 0.0 ], [ 12.3726387, 44.240139, 0.0 ], [ 12.3726387, 44.2404175, 0.0 ], [ 12.3723612, 44.2404175, 0.0 ], [ 12.3723612, 44.2409706, 0.0 ], [ 12.3720827, 44.2409706, 0.0 ], [ 12.3720827, 44.2412491, 0.0 ], [ 12.3718052, 44.2412491, 0.0 ], [ 12.3718052, 44.241806, 0.0 ], [ 12.3715267, 44.241806, 0.0 ], [ 12.3715267, 44.2420845, 0.0 ], [ 12.3712511, 44.2420845, 0.0 ], [ 12.3712511, 44.2426376, 0.0 ], [ 12.3709726, 44.2426376, 0.0 ], [ 12.3709726, 44.2431946, 0.0 ], [ 12.3706951, 44.2431946, 0.0 ], [ 12.3706951, 44.2437515, 0.0 ], [ 12.3704166, 44.2437515, 0.0 ], [ 12.3704166, 44.2443047, 0.0 ], [ 12.3701391, 44.2443047, 0.0 ], [ 12.3701391, 44.2445831, 0.0 ], [ 12.3698606, 44.2445831, 0.0 ], [ 12.3698606, 44.2451401, 0.0 ], [ 12.3695831, 44.2451401, 0.0 ], [ 12.3695831, 44.2456932, 0.0 ], [ 12.3693047, 44.2456932, 0.0 ], [ 12.3693047, 44.2462502, 0.0 ], [ 12.369029, 44.2462502, 0.0 ], [ 12.369029, 44.2468071, 0.0 ], [ 12.3687487, 44.2468071, 0.0 ], [ 12.3687487, 44.2473602, 0.0 ], [ 12.3684731, 44.2473602, 0.0 ], [ 12.3684731, 44.2476387, 0.0 ], [ 12.3681946, 44.2476387, 0.0 ], [ 12.3681946, 44.2481956, 0.0 ], [ 12.3679171, 44.2481956, 0.0 ], [ 12.3679171, 44.2487488, 0.0 ], [ 12.3676386, 44.2487488, 0.0 ], [ 12.3676386, 44.2493057, 0.0 ], [ 12.3673611, 44.2493057, 0.0 ], [ 12.3673611, 44.2498627, 0.0 ], [ 12.3670826, 44.2498627, 0.0 ], [ 12.3670826, 44.2504158, 0.0 ], [ 12.366807, 44.2504158, 0.0 ], [ 12.3668051, 44.2509727, 0.0 ], [ 12.3665266, 44.2509727, 0.0 ], [ 12.3665266, 44.2512512, 0.0 ], [ 12.366251, 44.2512512, 0.0 ], [ 12.366251, 44.2518044, 0.0 ], [ 12.3659735, 44.2518044, 0.0 ], [ 12.3659735, 44.2523613, 0.0 ], [ 12.365695, 44.2523613, 0.0 ], [ 12.365695, 44.2529182, 0.0 ], [ 12.3654165, 44.2529182, 0.0 ], [ 12.3654165, 44.2534714, 0.0 ], [ 12.365139, 44.2534714, 0.0 ], [ 12.365139, 44.2540283, 0.0 ], [ 12.3648605, 44.2540283, 0.0 ], [ 12.3648605, 44.2543068, 0.0 ], [ 12.364583, 44.2543068, 0.0 ], [ 12.364583, 44.2548599, 0.0 ], [ 12.3643036, 44.2548599, 0.0 ], [ 12.3643036, 44.2554169, 0.0 ], [ 12.3640289, 44.2554169, 0.0 ], [ 12.3640289, 44.2559738, 0.0 ], [ 12.3637514, 44.2559738, 0.0 ], [ 12.3637514, 44.2565269, 0.0 ], [ 12.3634729, 44.2565269, 0.0 ], [ 12.3634729, 44.2570839, 0.0 ], [ 12.3631954, 44.2570839, 0.0 ], [ 12.3631954, 44.257637, 0.0 ], [ 12.362916, 44.257637, 0.0 ], [ 12.362916, 44.2579155, 0.0 ], [ 12.3626385, 44.2579155, 0.0 ], [ 12.3626385, 44.2584724, 0.0 ], [ 12.36236, 44.2584724, 0.0 ], [ 12.36236, 44.2590294, 0.0 ], [ 12.3620815, 44.2590294, 0.0 ], [ 12.3620815, 44.2595825, 0.0 ], [ 12.3618069, 44.2595825, 0.0 ], [ 12.3618069, 44.2601395, 0.0 ], [ 12.3615284, 44.2601395, 0.0 ], [ 12.3615284, 44.2606926, 0.0 ], [ 12.3612499, 44.2606926, 0.0 ], [ 12.3612499, 44.2612495, 0.0 ], [ 12.3609724, 44.2612495, 0.0 ], [ 12.3609724, 44.2618065, 0.0 ], [ 12.3606939, 44.2618065, 0.0 ], [ 12.3606939, 44.262085, 0.0 ], [ 12.3604164, 44.262085, 0.0 ], [ 12.3604164, 44.2626381, 0.0 ], [ 12.3601379, 44.2626381, 0.0 ], [ 12.3601379, 44.263195, 0.0 ], [ 12.3598623, 44.263195, 0.0 ], [ 12.3598623, 44.2640266, 0.0 ], [ 12.3595819, 44.2640266, 0.0 ], [ 12.3595819, 44.2643051, 0.0 ], [ 12.3593063, 44.2643051, 0.0 ], [ 12.3593063, 44.2648621, 0.0 ], [ 12.3590279, 44.2648621, 0.0 ], [ 12.3590279, 44.2656937, 0.0 ], [ 12.3593063, 44.2656937, 0.0 ], [ 12.3593063, 44.2659721, 0.0 ], [ 12.3601379, 44.2659721, 0.0 ], [ 12.3601379, 44.2662506, 0.0 ], [ 12.3606939, 44.2662506, 0.0 ], [ 12.3606939, 44.2665291, 0.0 ], [ 12.3612499, 44.2665291, 0.0 ], [ 12.3612499, 44.2676392, 0.0 ], [ 12.3609724, 44.2676392, 0.0 ], [ 12.3609724, 44.2681961, 0.0 ], [ 12.3606939, 44.2681961, 0.0 ], [ 12.3606939, 44.2687492, 0.0 ], [ 12.3604164, 44.2687492, 0.0 ], [ 12.3604164, 44.2693062, 0.0 ], [ 12.3592014, 44.2693062, 0.0 ], [ 12.3590279, 44.2693062, 0.0 ], [ 12.3590279, 44.2690277, 0.0 ], [ 12.3584719, 44.2690277, 0.0 ], [ 12.3584719, 44.2687492, 0.0 ], [ 12.3581944, 44.2687492, 0.0 ], [ 12.3581944, 44.2690277, 0.0 ], [ 12.3579159, 44.2690277, 0.0 ], [ 12.3579159, 44.2695847, 0.0 ], [ 12.3576403, 44.2695847, 0.0 ], [ 12.3576403, 44.2701378, 0.0 ], [ 12.3573599, 44.2701378, 0.0 ], [ 12.3573599, 44.2706947, 0.0 ], [ 12.3570843, 44.2706947, 0.0 ], [ 12.3570843, 44.2715263, 0.0 ], [ 12.3568058, 44.2715263, 0.0 ], [ 12.3568058, 44.2720833, 0.0 ], [ 12.3565283, 44.2720833, 0.0 ], [ 12.3565283, 44.2729149, 0.0 ], [ 12.3562498, 44.2729149, 0.0 ], [ 12.3562498, 44.2734718, 0.0 ], [ 12.3559723, 44.2734718, 0.0 ], [ 12.3559723, 44.2743073, 0.0 ], [ 12.3556938, 44.2743073, 0.0 ], [ 12.3556938, 44.2748604, 0.0 ], [ 12.3554163, 44.2748604, 0.0 ], [ 12.3554163, 44.2756958, 0.0 ], [ 12.3551378, 44.2756958, 0.0 ], [ 12.3551378, 44.2762489, 0.0 ], [ 12.3548622, 44.2762489, 0.0 ], [ 12.3548622, 44.2770844, 0.0 ], [ 12.3545837, 44.2770844, 0.0 ], [ 12.3545837, 44.277916, 0.0 ], [ 12.3543062, 44.277916, 0.0 ], [ 12.3543062, 44.2784729, 0.0 ], [ 12.3540277, 44.2784729, 0.0 ], [ 12.3540277, 44.2793045, 0.0 ], [ 12.3537502, 44.2793045, 0.0 ], [ 12.3537502, 44.2798615, 0.0 ], [ 12.3534718, 44.2798615, 0.0 ], [ 12.3534718, 44.2806931, 0.0 ], [ 12.3531942, 44.2806931, 0.0 ], [ 12.3531942, 44.2815285, 0.0 ], [ 12.3529158, 44.2815285, 0.0 ], [ 12.3529158, 44.2823601, 0.0 ], [ 12.3526402, 44.2823601, 0.0 ], [ 12.3526402, 44.2831955, 0.0 ], [ 12.3523617, 44.2831955, 0.0 ], [ 12.3523617, 44.2843056, 0.0 ], [ 12.3520842, 44.2843056, 0.0 ], [ 12.3520842, 44.2851372, 0.0 ], [ 12.3518057, 44.2851372, 0.0 ], [ 12.3518057, 44.2859726, 0.0 ], [ 12.3515282, 44.2859726, 0.0 ], [ 12.3515282, 44.2870827, 0.0 ], [ 12.3512497, 44.2870827, 0.0 ], [ 12.3512497, 44.2879181, 0.0 ], [ 12.3509722, 44.2879181, 0.0 ], [ 12.3509722, 44.2890282, 0.0 ], [ 12.3506956, 44.2890282, 0.0 ], [ 12.3506956, 44.2893066, 0.0 ], [ 12.3504181, 44.2893066, 0.0 ], [ 12.3504152, 44.2898598, 0.0 ], [ 12.3501396, 44.2898598, 0.0 ], [ 12.3501396, 44.2906952, 0.0 ], [ 12.3498621, 44.2906952, 0.0 ], [ 12.3498621, 44.2920837, 0.0 ], [ 12.3495836, 44.2920837, 0.0 ], [ 12.3495836, 44.2926407, 0.0 ], [ 12.3493052, 44.2926407, 0.0 ], [ 12.3493052, 44.2934723, 0.0 ], [ 12.3490267, 44.2934723, 0.0 ], [ 12.3490267, 44.2945824, 0.0 ], [ 12.3487492, 44.2945824, 0.0 ], [ 12.3487492, 44.2954178, 0.0 ], [ 12.3484735, 44.2954178, 0.0 ], [ 12.3484735, 44.2962494, 0.0 ], [ 12.3487492, 44.2962494, 0.0 ], [ 12.3487492, 44.2970848, 0.0 ], [ 12.3484735, 44.2970848, 0.0 ], [ 12.3484735, 44.2981949, 0.0 ], [ 12.3481932, 44.2981949, 0.0 ], [ 12.3481932, 44.2987518, 0.0 ], [ 12.3479166, 44.2987518, 0.0 ], [ 12.3479166, 44.3001404, 0.0 ], [ 12.3476391, 44.3001404, 0.0 ], [ 12.3476391, 44.3012505, 0.0 ], [ 12.3473606, 44.3012505, 0.0 ], [ 12.3473606, 44.3019104, 0.0 ], [ 12.3473606, 44.3023605, 0.0 ], [ 12.3470831, 44.3023605, 0.0 ], [ 12.3470831, 44.3034706, 0.0 ], [ 12.3468046, 44.3034706, 0.0 ], [ 12.3468046, 44.3045845, 0.0 ], [ 12.3465271, 44.3045845, 0.0 ], [ 12.3465271, 44.3056946, 0.0 ], [ 12.3462486, 44.3056946, 0.0 ], [ 12.3462486, 44.3068047, 0.0 ], [ 12.3459711, 44.3068047, 0.0 ], [ 12.3459711, 44.3081932, 0.0 ], [ 12.3456945, 44.3081932, 0.0 ], [ 12.3456945, 44.3093071, 0.0 ], [ 12.345417, 44.3093071, 0.0 ], [ 12.345417, 44.3106956, 0.0 ], [ 12.3451385, 44.3106956, 0.0 ], [ 12.3451385, 44.3123627, 0.0 ], [ 12.344861, 44.3123627, 0.0 ], [ 12.344861, 44.3129158, 0.0 ], [ 12.3445826, 44.3129158, 0.0 ], [ 12.3445826, 44.3134727, 0.0 ], [ 12.344305, 44.3134727, 0.0 ], [ 12.344305, 44.3140259, 0.0 ], [ 12.3440266, 44.3140259, 0.0 ], [ 12.3440266, 44.3148613, 0.0 ], [ 12.343749, 44.3148613, 0.0 ], [ 12.343749, 44.3154182, 0.0 ], [ 12.3434734, 44.3154182, 0.0 ], [ 12.3434734, 44.3159714, 0.0 ], [ 12.343195, 44.3159714, 0.0 ], [ 12.343195, 44.3165283, 0.0 ], [ 12.3429174, 44.3165283, 0.0 ], [ 12.3429174, 44.3173599, 0.0 ], [ 12.342639, 44.3173599, 0.0 ], [ 12.342639, 44.3179169, 0.0 ], [ 12.3423615, 44.3179169, 0.0 ], [ 12.3423615, 44.3184738, 0.0 ], [ 12.342083, 44.3184738, 0.0 ], [ 12.342083, 44.3193054, 0.0 ], [ 12.3418055, 44.3193054, 0.0 ], [ 12.3418055, 44.3198624, 0.0 ], [ 12.3415289, 44.3198624, 0.0 ], [ 12.3415289, 44.3204155, 0.0 ], [ 12.3412514, 44.3204155, 0.0 ], [ 12.3412514, 44.320694, 0.0 ], [ 12.3415289, 44.320694, 0.0 ], [ 12.3415289, 44.3220825, 0.0 ], [ 12.3412514, 44.3220825, 0.0 ], [ 12.3412514, 44.322361, 0.0 ], [ 12.3404169, 44.322361, 0.0 ], [ 12.3404169, 44.3226395, 0.0 ], [ 12.3401394, 44.3226395, 0.0 ], [ 12.3401394, 44.3231926, 0.0 ], [ 12.3398609, 44.3231926, 0.0 ], [ 12.3398609, 44.3237495, 0.0 ], [ 12.3395834, 44.3237495, 0.0 ], [ 12.3395834, 44.3243065, 0.0 ], [ 12.3393068, 44.3243065, 0.0 ], [ 12.3393068, 44.3251381, 0.0 ], [ 12.3390274, 44.3251381, 0.0 ], [ 12.3390274, 44.325695, 0.0 ], [ 12.3387508, 44.325695, 0.0 ], [ 12.3387508, 44.3265266, 0.0 ], [ 12.3384733, 44.3265266, 0.0 ], [ 12.3384733, 44.3273621, 0.0 ], [ 12.3381948, 44.3273621, 0.0 ], [ 12.3381948, 44.3279152, 0.0 ], [ 12.3379173, 44.3279152, 0.0 ], [ 12.3379173, 44.3287506, 0.0 ], [ 12.3376389, 44.3287506, 0.0 ], [ 12.3376389, 44.3293037, 0.0 ], [ 12.3373613, 44.3293037, 0.0 ], [ 12.3373613, 44.3298607, 0.0 ], [ 12.3370819, 44.3298607, 0.0 ], [ 12.3370819, 44.3301392, 0.0 ], [ 12.3368044, 44.3301392, 0.0 ], [ 12.3368044, 44.3306961, 0.0 ], [ 12.3365288, 44.3306961, 0.0 ], [ 12.3365288, 44.3309708, 0.0 ], [ 12.3362513, 44.3309708, 0.0 ], [ 12.3362513, 44.3315277, 0.0 ], [ 12.3359728, 44.3315277, 0.0 ], [ 12.3359728, 44.3318062, 0.0 ], [ 12.3356943, 44.3318062, 0.0 ], [ 12.3356943, 44.3323593, 0.0 ], [ 12.3354158, 44.3323593, 0.0 ], [ 12.3354158, 44.3329163, 0.0 ], [ 12.3351383, 44.3329163, 0.0 ], [ 12.3351383, 44.3334732, 0.0 ], [ 12.3348598, 44.3334732, 0.0 ], [ 12.3348598, 44.3340263, 0.0 ], [ 12.3345823, 44.3340263, 0.0 ], [ 12.3345823, 44.3345833, 0.0 ], [ 12.3343058, 44.3345833, 0.0 ], [ 12.3343058, 44.3351402, 0.0 ], [ 12.3340282, 44.3351402, 0.0 ], [ 12.3340282, 44.3356934, 0.0 ], [ 12.3337498, 44.3356934, 0.0 ], [ 12.3337498, 44.3362503, 0.0 ], [ 12.3334723, 44.3362503, 0.0 ], [ 12.3334723, 44.3368073, 0.0 ], [ 12.3331938, 44.3368073, 0.0 ], [ 12.3331938, 44.3373604, 0.0 ], [ 12.3329163, 44.3373604, 0.0 ], [ 12.3329163, 44.3379173, 0.0 ], [ 12.3326378, 44.3379173, 0.0 ], [ 12.3326378, 44.3387489, 0.0 ], [ 12.3323603, 44.3387489, 0.0 ], [ 12.3323603, 44.3395844, 0.0 ], [ 12.3315277, 44.3395844, 0.0 ], [ 12.3315277, 44.3398628, 0.0 ], [ 12.3312502, 44.3398628, 0.0 ], [ 12.3312502, 44.3412514, 0.0 ], [ 12.3309717, 44.3412514, 0.0 ], [ 12.3309717, 44.342083, 0.0 ], [ 12.3306942, 44.342083, 0.0 ], [ 12.3306942, 44.3429184, 0.0 ], [ 12.3304157, 44.3429184, 0.0 ], [ 12.3304157, 44.34375, 0.0 ], [ 12.3301401, 44.34375, 0.0 ], [ 12.3301401, 44.3448601, 0.0 ], [ 12.3298597, 44.3448601, 0.0 ], [ 12.3298597, 44.3451385, 0.0 ], [ 12.3295841, 44.3451385, 0.0 ], [ 12.3295841, 44.345417, 0.0 ], [ 12.3293056, 44.345417, 0.0 ], [ 12.3293056, 44.3462486, 0.0 ], [ 12.3290281, 44.3462486, 0.0 ], [ 12.3290281, 44.3479156, 0.0 ], [ 12.3287497, 44.3479156, 0.0 ], [ 12.3287497, 44.3487511, 0.0 ], [ 12.3284721, 44.3487511, 0.0 ], [ 12.3284721, 44.3490295, 0.0 ], [ 12.3281937, 44.3490295, 0.0 ], [ 12.3281937, 44.3493042, 0.0 ], [ 12.3279181, 44.3493042, 0.0 ], [ 12.3279181, 44.3515282, 0.0 ], [ 12.3276377, 44.3515282, 0.0 ], [ 12.3276377, 44.3526382, 0.0 ], [ 12.3273621, 44.3526382, 0.0 ], [ 12.3273621, 44.3534737, 0.0 ], [ 12.3270836, 44.3534737, 0.0 ], [ 12.3270836, 44.3537483, 0.0 ], [ 12.3268061, 44.3537483, 0.0 ], [ 12.3268061, 44.3548622, 0.0 ], [ 12.3265276, 44.3548622, 0.0 ], [ 12.3265276, 44.3554153, 0.0 ], [ 12.3262501, 44.3554153, 0.0 ], [ 12.3262501, 44.3556938, 0.0 ], [ 12.3259716, 44.3556938, 0.0 ], [ 12.3259716, 44.3568039, 0.0 ], [ 12.3256941, 44.3568039, 0.0 ], [ 12.3256941, 44.3570824, 0.0 ], [ 12.32514, 44.3570824, 0.0 ], [ 12.32514, 44.3573608, 0.0 ], [ 12.3248615, 44.3573608, 0.0 ], [ 12.3248615, 44.3577042, 0.0 ], [ 12.3248615, 44.3581963, 0.0 ], [ 12.324584, 44.3581963, 0.0 ], [ 12.324584, 44.3590279, 0.0 ], [ 12.3243055, 44.3590279, 0.0 ], [ 12.3243055, 44.3593063, 0.0 ], [ 12.3237495, 44.3593063, 0.0 ], [ 12.3237495, 44.3595848, 0.0 ], [ 12.3234711, 44.3595848, 0.0 ], [ 12.3234711, 44.3601379, 0.0 ], [ 12.3231926, 44.3601379, 0.0 ], [ 12.3231926, 44.3609734, 0.0 ], [ 12.3234711, 44.3609734, 0.0 ], [ 12.3234711, 44.3612518, 0.0 ], [ 12.3237495, 44.3612518, 0.0 ], [ 12.3237495, 44.361805, 0.0 ], [ 12.324028, 44.361805, 0.0 ], [ 12.324028, 44.3623619, 0.0 ], [ 12.3237495, 44.3623619, 0.0 ], [ 12.3237495, 44.3648605, 0.0 ], [ 12.3234711, 44.3648605, 0.0 ], [ 12.3234711, 44.3654175, 0.0 ], [ 12.3231926, 44.3654175, 0.0 ], [ 12.3231926, 44.3670845, 0.0 ], [ 12.3229179, 44.3671379, 0.0 ], [ 12.3229179, 44.3693047, 0.0 ], [ 12.3226404, 44.3693047, 0.0 ], [ 12.3226404, 44.3695831, 0.0 ], [ 12.3223619, 44.3695831, 0.0 ], [ 12.3223619, 44.3706932, 0.0 ], [ 12.3226404, 44.3706932, 0.0 ], [ 12.3226404, 44.3712502, 0.0 ], [ 12.3220835, 44.3712502, 0.0 ], [ 12.3220835, 44.3718071, 0.0 ], [ 12.321805, 44.3718071, 0.0 ], [ 12.321805, 44.3734703, 0.0 ], [ 12.3215265, 44.3734741, 0.0 ], [ 12.3215265, 44.3737488, 0.0 ], [ 12.321249, 44.3737488, 0.0 ], [ 12.321249, 44.3756943, 0.0 ], [ 12.3209743, 44.3756943, 0.0 ], [ 12.3209743, 44.3762512, 0.0 ], [ 12.320693, 44.3762512, 0.0 ], [ 12.320693, 44.3787498, 0.0 ], [ 12.3204174, 44.3787498, 0.0 ], [ 12.3204174, 44.3801384, 0.0 ], [ 12.3201389, 44.3801384, 0.0 ], [ 12.3201389, 44.3812485, 0.0 ], [ 12.3204174, 44.3812485, 0.0 ], [ 12.3204174, 44.3818054, 0.0 ], [ 12.320693, 44.3818054, 0.0 ], [ 12.320693, 44.3823624, 0.0 ], [ 12.3204174, 44.3823624, 0.0 ], [ 12.3204174, 44.3829155, 0.0 ], [ 12.3201389, 44.3829155, 0.0 ], [ 12.3201389, 44.3840294, 0.0 ], [ 12.3198614, 44.3840294, 0.0 ], [ 12.3198614, 44.3862495, 0.0 ], [ 12.3195829, 44.3862495, 0.0 ], [ 12.3195829, 44.387085, 0.0 ], [ 12.3193054, 44.387085, 0.0 ], [ 12.3193054, 44.3879166, 0.0 ], [ 12.3187513, 44.3879166, 0.0 ], [ 12.3187513, 44.388195, 0.0 ], [ 12.3179169, 44.388195, 0.0 ], [ 12.3179169, 44.3884735, 0.0 ], [ 12.3176394, 44.3884735, 0.0 ], [ 12.3176394, 44.3887482, 0.0 ], [ 12.3173609, 44.3887482, 0.0 ], [ 12.3173609, 44.3893051, 0.0 ], [ 12.3170834, 44.3893051, 0.0 ], [ 12.3170834, 44.3895836, 0.0 ], [ 12.3168049, 44.3895836, 0.0 ], [ 12.3168049, 44.3901405, 0.0 ], [ 12.3165274, 44.3901405, 0.0 ], [ 12.3165274, 44.3915291, 0.0 ], [ 12.3162489, 44.3915291, 0.0 ], [ 12.3162489, 44.3918037, 0.0 ], [ 12.3159733, 44.3918037, 0.0 ], [ 12.3159733, 44.3929176, 0.0 ], [ 12.3162489, 44.3929176, 0.0 ], [ 12.3162489, 44.3931961, 0.0 ], [ 12.3165274, 44.3931961, 0.0 ], [ 12.3165274, 44.3943062, 0.0 ], [ 12.3162489, 44.3943062, 0.0 ], [ 12.3162489, 44.3945847, 0.0 ], [ 12.3159733, 44.3945847, 0.0 ], [ 12.3159733, 44.3954163, 0.0 ], [ 12.3162489, 44.3954163, 0.0 ], [ 12.3162489, 44.3962517, 0.0 ], [ 12.3165274, 44.3962517, 0.0 ], [ 12.3165274, 44.3970833, 0.0 ], [ 12.3168049, 44.3970833, 0.0 ], [ 12.3168049, 44.3976402, 0.0 ], [ 12.3170834, 44.3976402, 0.0 ], [ 12.3170834, 44.3984718, 0.0 ], [ 12.3168049, 44.3984718, 0.0 ], [ 12.3168049, 44.3987503, 0.0 ], [ 12.3165274, 44.3987503, 0.0 ], [ 12.3165274, 44.3993073, 0.0 ], [ 12.3162489, 44.3993073, 0.0 ], [ 12.3162489, 44.4006958, 0.0 ], [ 12.3159733, 44.4006958, 0.0 ], [ 12.3159733, 44.402916, 0.0 ], [ 12.3156948, 44.402916, 0.0 ], [ 12.3156948, 44.4031944, 0.0 ], [ 12.3151388, 44.4031944, 0.0 ], [ 12.3151388, 44.4034729, 0.0 ], [ 12.3148613, 44.4034729, 0.0 ], [ 12.3148613, 44.4048615, 0.0 ], [ 12.3151388, 44.4048615, 0.0 ], [ 12.3151388, 44.4051399, 0.0 ], [ 12.3156948, 44.4051399, 0.0 ], [ 12.3156948, 44.4059715, 0.0 ], [ 12.3154173, 44.4059715, 0.0 ], [ 12.3154173, 44.4068069, 0.0 ], [ 12.3151388, 44.4068069, 0.0 ], [ 12.3151388, 44.4073601, 0.0 ], [ 12.3148613, 44.4073601, 0.0 ], [ 12.3148613, 44.4081955, 0.0 ], [ 12.3145828, 44.4081955, 0.0 ], [ 12.3145828, 44.408474, 0.0 ], [ 12.3143053, 44.408474, 0.0 ], [ 12.3143053, 44.4090271, 0.0 ], [ 12.3140268, 44.4090271, 0.0 ], [ 12.3140268, 44.4093056, 0.0 ], [ 12.3137512, 44.4093056, 0.0 ], [ 12.3137512, 44.4098625, 0.0 ], [ 12.3134727, 44.4098625, 0.0 ], [ 12.3134727, 44.4101372, 0.0 ], [ 12.3131952, 44.4101372, 0.0 ], [ 12.3131952, 44.4106941, 0.0 ], [ 12.3129168, 44.4106941, 0.0 ], [ 12.3129168, 44.4112511, 0.0 ], [ 12.3126392, 44.4112511, 0.0 ], [ 12.3126392, 44.4118042, 0.0 ], [ 12.3123608, 44.4118042, 0.0 ], [ 12.3123608, 44.4123611, 0.0 ], [ 12.3120832, 44.4123611, 0.0 ], [ 12.3120832, 44.4129181, 0.0 ], [ 12.3118067, 44.4129181, 0.0 ], [ 12.3118067, 44.4131927, 0.0 ], [ 12.3115292, 44.4131927, 0.0 ], [ 12.3115292, 44.4134712, 0.0 ], [ 12.3112507, 44.4134712, 0.0 ], [ 12.3112507, 44.4140282, 0.0 ], [ 12.3109732, 44.4140282, 0.0 ], [ 12.3109732, 44.4145851, 0.0 ], [ 12.3106947, 44.4145851, 0.0 ], [ 12.3106947, 44.4151382, 0.0 ], [ 12.3104172, 44.4151382, 0.0 ], [ 12.3104172, 44.4156952, 0.0 ], [ 12.3101387, 44.4156952, 0.0 ], [ 12.3101387, 44.4162483, 0.0 ], [ 12.3098602, 44.4162483, 0.0 ], [ 12.3098602, 44.4168053, 0.0 ], [ 12.3095846, 44.4168053, 0.0 ], [ 12.3095846, 44.4173622, 0.0 ], [ 12.3093042, 44.4173622, 0.0 ], [ 12.3093042, 44.4179153, 0.0 ], [ 12.3090286, 44.4179153, 0.0 ], [ 12.3090286, 44.4184723, 0.0 ], [ 12.3087511, 44.4184723, 0.0 ], [ 12.3087511, 44.4190292, 0.0 ], [ 12.3084717, 44.4190292, 0.0 ], [ 12.3084717, 44.4193039, 0.0 ], [ 12.3081942, 44.4193039, 0.0 ], [ 12.3081942, 44.4195824, 0.0 ], [ 12.3076382, 44.4195824, 0.0 ], [ 12.3076382, 44.4198608, 0.0 ], [ 12.3070822, 44.4198608, 0.0 ], [ 12.3070822, 44.4201393, 0.0 ], [ 12.3068056, 44.4201393, 0.0 ], [ 12.3068056, 44.4204178, 0.0 ], [ 12.3065281, 44.4204178, 0.0 ], [ 12.3065281, 44.4206963, 0.0 ], [ 12.3062496, 44.4206963, 0.0 ], [ 12.3062496, 44.4209709, 0.0 ], [ 12.3059721, 44.4209709, 0.0 ], [ 12.3059721, 44.4212494, 0.0 ], [ 12.3056936, 44.4212494, 0.0 ], [ 12.3056936, 44.4223595, 0.0 ], [ 12.3054161, 44.4223595, 0.0 ], [ 12.3054161, 44.4234734, 0.0 ], [ 12.3051376, 44.4234734, 0.0 ], [ 12.3051376, 44.4245834, 0.0 ], [ 12.3054161, 44.4245834, 0.0 ], [ 12.3054161, 44.4248619, 0.0 ], [ 12.3051376, 44.4248619, 0.0 ], [ 12.3051376, 44.4251404, 0.0 ], [ 12.3045835, 44.4251404, 0.0 ], [ 12.3045835, 44.425415, 0.0 ], [ 12.3040276, 44.425415, 0.0 ], [ 12.3040276, 44.4256935, 0.0 ], [ 12.30375, 44.4256935, 0.0 ], [ 12.30375, 44.425972, 0.0 ], [ 12.3034716, 44.425972, 0.0 ], [ 12.3034716, 44.4270821, 0.0 ], [ 12.30375, 44.4270821, 0.0 ], [ 12.30375, 44.4273605, 0.0 ], [ 12.3040276, 44.4273605, 0.0 ], [ 12.3040276, 44.427639, 0.0 ], [ 12.304306, 44.427639, 0.0 ], [ 12.304306, 44.4279175, 0.0 ], [ 12.3040276, 44.4279175, 0.0 ], [ 12.3040276, 44.428196, 0.0 ], [ 12.30375, 44.428196, 0.0 ], [ 12.30375, 44.4284706, 0.0 ], [ 12.3034716, 44.4284706, 0.0 ], [ 12.3034716, 44.4287491, 0.0 ], [ 12.303194, 44.4287491, 0.0 ], [ 12.303194, 44.4290276, 0.0 ], [ 12.3029156, 44.4290276, 0.0 ], [ 12.3029156, 44.4312515, 0.0 ], [ 12.3026381, 44.4312515, 0.0 ], [ 12.3026381, 44.4318047, 0.0 ], [ 12.3023624, 44.4318047, 0.0 ], [ 12.3023624, 44.4320831, 0.0 ], [ 12.302084, 44.4320831, 0.0 ], [ 12.302084, 44.4323616, 0.0 ], [ 12.3018064, 44.4323616, 0.0 ], [ 12.3018064, 44.4337502, 0.0 ], [ 12.301528, 44.4337502, 0.0 ], [ 12.301528, 44.4343071, 0.0 ], [ 12.3012505, 44.4343071, 0.0 ], [ 12.3012505, 44.4348602, 0.0 ], [ 12.300972, 44.4348602, 0.0 ], [ 12.300972, 44.4356956, 0.0 ], [ 12.3006945, 44.4356956, 0.0 ], [ 12.3006945, 44.4362488, 0.0 ], [ 12.3004179, 44.4362488, 0.0 ], [ 12.3004179, 44.4365273, 0.0 ], [ 12.3001385, 44.4365273, 0.0 ], [ 12.3001385, 44.4370842, 0.0 ], [ 12.2998619, 44.4370842, 0.0 ], [ 12.2998619, 44.4373627, 0.0 ], [ 12.2995844, 44.4373627, 0.0 ], [ 12.2995844, 44.4381943, 0.0 ], [ 12.2993059, 44.4381943, 0.0 ], [ 12.2993059, 44.4390259, 0.0 ], [ 12.2990284, 44.4390259, 0.0 ], [ 12.2990284, 44.4395828, 0.0 ], [ 12.2987499, 44.4395828, 0.0 ], [ 12.2987499, 44.4401398, 0.0 ], [ 12.2984724, 44.4401398, 0.0 ], [ 12.2984724, 44.4406929, 0.0 ], [ 12.2981958, 44.4406929, 0.0 ], [ 12.2981958, 44.4409714, 0.0 ], [ 12.2979164, 44.4409714, 0.0 ], [ 12.2979164, 44.4412498, 0.0 ], [ 12.2973623, 44.4412498, 0.0 ], [ 12.2973623, 44.4415283, 0.0 ], [ 12.2970839, 44.4415283, 0.0 ], [ 12.2970839, 44.4418068, 0.0 ], [ 12.2973623, 44.4418068, 0.0 ], [ 12.2973623, 44.4420815, 0.0 ], [ 12.2976398, 44.4420853, 0.0 ], [ 12.2976398, 44.4423599, 0.0 ], [ 12.2973623, 44.4423599, 0.0 ], [ 12.2973623, 44.4429169, 0.0 ], [ 12.2970839, 44.4429169, 0.0 ], [ 12.2970839, 44.4434738, 0.0 ], [ 12.2968063, 44.4434738, 0.0 ], [ 12.2968063, 44.4440269, 0.0 ], [ 12.2965279, 44.4440269, 0.0 ], [ 12.2965279, 44.4443054, 0.0 ], [ 12.2962494, 44.4443054, 0.0 ], [ 12.2962494, 44.4448624, 0.0 ], [ 12.2959709, 44.4448624, 0.0 ], [ 12.2959709, 44.4454155, 0.0 ], [ 12.2956934, 44.4454155, 0.0 ], [ 12.2956934, 44.4459724, 0.0 ], [ 12.2954178, 44.4459724, 0.0 ], [ 12.2954178, 44.4462509, 0.0 ], [ 12.2951403, 44.4462509, 0.0 ], [ 12.2951403, 44.446804, 0.0 ], [ 12.2948608, 44.446804, 0.0 ], [ 12.2948608, 44.447361, 0.0 ], [ 12.2945833, 44.447361, 0.0 ], [ 12.2945833, 44.4479179, 0.0 ], [ 12.2943048, 44.4479179, 0.0 ], [ 12.2943048, 44.4484711, 0.0 ], [ 12.2940273, 44.4484711, 0.0 ], [ 12.2940273, 44.4493065, 0.0 ], [ 12.2937489, 44.4493065, 0.0 ], [ 12.2937489, 44.4498596, 0.0 ], [ 12.2934713, 44.4498596, 0.0 ], [ 12.2934713, 44.450695, 0.0 ], [ 12.2931948, 44.450695, 0.0 ], [ 12.2931948, 44.4512482, 0.0 ], [ 12.2929173, 44.4512482, 0.0 ], [ 12.2929173, 44.4518051, 0.0 ], [ 12.2926388, 44.4518051, 0.0 ], [ 12.2926388, 44.4526405, 0.0 ], [ 12.2923613, 44.4526405, 0.0 ], [ 12.2923613, 44.4531937, 0.0 ], [ 12.2920828, 44.4531937, 0.0 ], [ 12.2920828, 44.4540291, 0.0 ], [ 12.2918053, 44.4540291, 0.0 ], [ 12.2918053, 44.4545822, 0.0 ], [ 12.2915268, 44.4545822, 0.0 ], [ 12.2915268, 44.4554176, 0.0 ], [ 12.2912512, 44.4554176, 0.0 ], [ 12.2912512, 44.4559708, 0.0 ], [ 12.2909708, 44.4559708, 0.0 ], [ 12.2909708, 44.4568062, 0.0 ], [ 12.2906952, 44.4568062, 0.0 ], [ 12.2906952, 44.4573593, 0.0 ], [ 12.2904167, 44.4573593, 0.0 ], [ 12.2904167, 44.4579163, 0.0 ], [ 12.2901392, 44.4579163, 0.0 ], [ 12.2901392, 44.4587517, 0.0 ], [ 12.2898607, 44.4587517, 0.0 ], [ 12.2898607, 44.4593048, 0.0 ], [ 12.2895832, 44.4593048, 0.0 ], [ 12.2895832, 44.4601402, 0.0 ], [ 12.2893047, 44.4601402, 0.0 ], [ 12.2893047, 44.4606934, 0.0 ], [ 12.2890291, 44.4606934, 0.0 ], [ 12.2890291, 44.4612503, 0.0 ], [ 12.2887487, 44.4612503, 0.0 ], [ 12.2887487, 44.4615288, 0.0 ], [ 12.2884731, 44.4615288, 0.0 ], [ 12.2884731, 44.4634705, 0.0 ], [ 12.2881947, 44.4634705, 0.0 ], [ 12.2881947, 44.4643059, 0.0 ], [ 12.2879171, 44.4643059, 0.0 ], [ 12.2879171, 44.4651375, 0.0 ], [ 12.2876387, 44.4651375, 0.0 ], [ 12.2876387, 44.4659729, 0.0 ], [ 12.2873611, 44.4659729, 0.0 ], [ 12.2873611, 44.4668045, 0.0 ], [ 12.2870827, 44.4668045, 0.0 ], [ 12.2870827, 44.4679184, 0.0 ], [ 12.2868052, 44.4679184, 0.0 ], [ 12.2868052, 44.4690285, 0.0 ], [ 12.2865267, 44.4690285, 0.0 ], [ 12.2865267, 44.4701385, 0.0 ], [ 12.2862511, 44.4701385, 0.0 ], [ 12.2862511, 44.4712486, 0.0 ], [ 12.2859726, 44.4712486, 0.0 ], [ 12.2859726, 44.4726372, 0.0 ], [ 12.2856951, 44.4726372, 0.0 ], [ 12.2856951, 44.4737511, 0.0 ], [ 12.2854166, 44.4737511, 0.0 ], [ 12.2854166, 44.4751396, 0.0 ], [ 12.2851391, 44.4751396, 0.0 ], [ 12.2851391, 44.4765282, 0.0 ], [ 12.2848606, 44.4765282, 0.0 ], [ 12.2848606, 44.4776382, 0.0 ], [ 12.2845831, 44.4776382, 0.0 ], [ 12.2845831, 44.4843063, 0.0 ], [ 12.2843046, 44.4843063, 0.0 ], [ 12.2843046, 44.4859734, 0.0 ], [ 12.2845831, 44.4859734, 0.0 ], [ 12.2845831, 44.4862518, 0.0 ], [ 12.2859726, 44.4862518, 0.0 ], [ 12.2859726, 44.4865265, 0.0 ], [ 12.2865267, 44.4865265, 0.0 ], [ 12.2865267, 44.486805, 0.0 ], [ 12.2862511, 44.486805, 0.0 ], [ 12.2862511, 44.4876404, 0.0 ], [ 12.2859726, 44.4876404, 0.0 ], [ 12.2859726, 44.4881935, 0.0 ], [ 12.2856951, 44.4881935, 0.0 ], [ 12.2856951, 44.4890289, 0.0 ], [ 12.2859726, 44.4890289, 0.0 ], [ 12.2859726, 44.4893074, 0.0 ], [ 12.2863121, 44.4893074, 0.0 ], [ 12.287035, 44.4893074, 0.0 ], [ 12.2873611, 44.4893074, 0.0 ], [ 12.2873611, 44.4890289, 0.0 ], [ 12.2876387, 44.4890289, 0.0 ], [ 12.2876387, 44.4881935, 0.0 ], [ 12.2879171, 44.4881935, 0.0 ], [ 12.2879171, 44.487915, 0.0 ], [ 12.2881947, 44.487915, 0.0 ], [ 12.2881947, 44.4873619, 0.0 ], [ 12.2890291, 44.4873619, 0.0 ], [ 12.2890291, 44.487915, 0.0 ], [ 12.2893047, 44.487915, 0.0 ], [ 12.2893047, 44.4890289, 0.0 ], [ 12.2895832, 44.4890289, 0.0 ], [ 12.2895832, 44.4898605, 0.0 ], [ 12.2898607, 44.4898605, 0.0 ], [ 12.2898607, 44.491806, 0.0 ], [ 12.2895832, 44.491806, 0.0 ], [ 12.2895832, 44.4931946, 0.0 ], [ 12.2873611, 44.4931946, 0.0 ], [ 12.2873611, 44.4929161, 0.0 ], [ 12.2859516, 44.4929161, 0.0 ], [ 12.2856798, 44.4929161, 0.0 ], [ 12.2823601, 44.4929161, 0.0 ], [ 12.2823601, 44.4931946, 0.0 ], [ 12.2820854, 44.4931946, 0.0 ], [ 12.2820854, 44.4945831, 0.0 ], [ 12.2818069, 44.4945831, 0.0 ], [ 12.2818069, 44.4954147, 0.0 ], [ 12.2815294, 44.4954147, 0.0 ], [ 12.2815294, 44.4951401, 0.0 ], [ 12.280694, 44.4951401, 0.0 ], [ 12.280694, 44.4948616, 0.0 ], [ 12.2798624, 44.4948616, 0.0 ], [ 12.2798624, 44.4951401, 0.0 ], [ 12.279582, 44.4951401, 0.0 ], [ 12.279582, 44.4956932, 0.0 ], [ 12.2798624, 44.4956932, 0.0 ], [ 12.2798624, 44.4959717, 0.0 ], [ 12.280138, 44.4959717, 0.0 ], [ 12.280138, 44.4962502, 0.0 ], [ 12.28125, 44.4962502, 0.0 ], [ 12.28125, 44.4965286, 0.0 ], [ 12.2815294, 44.4965286, 0.0 ], [ 12.2815294, 44.4979172, 0.0 ], [ 12.28125, 44.4979172, 0.0 ], [ 12.28125, 44.5001373, 0.0 ], [ 12.2809715, 44.5001373, 0.0 ], [ 12.2809715, 44.5029182, 0.0 ], [ 12.280694, 44.5029182, 0.0 ], [ 12.280694, 44.5051384, 0.0 ], [ 12.2804155, 44.5051384, 0.0 ], [ 12.2804155, 44.5073624, 0.0 ], [ 12.280138, 44.5073624, 0.0 ], [ 12.280138, 44.509304, 0.0 ], [ 12.2798624, 44.509304, 0.0 ], [ 12.2798624, 44.511528, 0.0 ], [ 12.279582, 44.511528, 0.0 ], [ 12.279582, 44.5137482, 0.0 ], [ 12.2793064, 44.5137482, 0.0 ], [ 12.2793064, 44.5170822, 0.0 ], [ 12.279582, 44.5170822, 0.0 ], [ 12.279582, 44.5209732, 0.0 ], [ 12.2798624, 44.5209732, 0.0 ], [ 12.2798624, 44.5226402, 0.0 ], [ 12.279582, 44.5226402, 0.0 ], [ 12.279582, 44.5234718, 0.0 ], [ 12.2798624, 44.5234718, 0.0 ], [ 12.2798624, 44.5243073, 0.0 ], [ 12.280138, 44.5243073, 0.0 ], [ 12.280138, 44.5248604, 0.0 ], [ 12.2798624, 44.5248604, 0.0 ], [ 12.2798624, 44.5256958, 0.0 ], [ 12.280138, 44.5256958, 0.0 ], [ 12.280138, 44.5276375, 0.0 ], [ 12.2804155, 44.5276375, 0.0 ], [ 12.2804155, 44.5356941, 0.0 ], [ 12.280694, 44.5356941, 0.0 ], [ 12.280694, 44.5398598, 0.0 ], [ 12.2809715, 44.5398598, 0.0 ], [ 12.2809715, 44.5420837, 0.0 ], [ 12.28125, 44.5420837, 0.0 ], [ 12.28125, 44.5429153, 0.0 ], [ 12.2809715, 44.5429153, 0.0 ], [ 12.2809715, 44.5440292, 0.0 ], [ 12.28125, 44.5440292, 0.0 ], [ 12.28125, 44.5443039, 0.0 ], [ 12.2809715, 44.5443039, 0.0 ], [ 12.2809715, 44.5445824, 0.0 ], [ 12.28125, 44.5445824, 0.0 ], [ 12.28125, 44.5456963, 0.0 ], [ 12.2815294, 44.5456963, 0.0 ], [ 12.2815294, 44.5473595, 0.0 ], [ 12.28125, 44.5473595, 0.0 ], [ 12.28125, 44.5476379, 0.0 ], [ 12.2815294, 44.5476379, 0.0 ], [ 12.2815294, 44.5481949, 0.0 ], [ 12.2818069, 44.5481949, 0.0 ], [ 12.2818069, 44.5490265, 0.0 ], [ 12.2820854, 44.5490265, 0.0 ], [ 12.2820854, 44.5495834, 0.0 ], [ 12.282239, 44.5495834, 0.0 ], [ 12.2823601, 44.5495834, 0.0 ], [ 12.2823601, 44.5501404, 0.0 ], [ 12.2826376, 44.5501404, 0.0 ], [ 12.2826376, 44.550972, 0.0 ], [ 12.282917, 44.550972, 0.0 ], [ 12.282917, 44.5518074, 0.0 ], [ 12.2831945, 44.5518074, 0.0 ], [ 12.2831945, 44.5537491, 0.0 ], [ 12.283473, 44.5537491, 0.0 ], [ 12.283473, 44.5559731, 0.0 ], [ 12.2831945, 44.5559731, 0.0 ], [ 12.2831945, 44.5561409, 0.0 ], [ 12.2831945, 44.5584717, 0.0 ], [ 12.282917, 44.5584717, 0.0 ], [ 12.282917, 44.5651398, 0.0 ], [ 12.2831945, 44.5651398, 0.0 ], [ 12.2831945, 44.5843048, 0.0 ], [ 12.282917, 44.5843048, 0.0 ], [ 12.282917, 44.5856934, 0.0 ], [ 12.2826376, 44.5856934, 0.0 ], [ 12.2826376, 44.5906944, 0.0 ], [ 12.2823601, 44.5906944, 0.0 ], [ 12.2823601, 44.592083, 0.0 ], [ 12.2826376, 44.592083, 0.0 ], [ 12.2826376, 44.5934715, 0.0 ], [ 12.282917, 44.5934715, 0.0 ], [ 12.282917, 44.5951385, 0.0 ], [ 12.2831945, 44.5951385, 0.0 ], [ 12.2831945, 44.595417, 0.0 ], [ 12.283473, 44.595417, 0.0 ], [ 12.283473, 44.595974, 0.0 ], [ 12.2826376, 44.595974, 0.0 ], [ 12.2826376, 44.5962486, 0.0 ], [ 12.2823601, 44.5962486, 0.0 ], [ 12.2823601, 44.5968056, 0.0 ], [ 12.2809715, 44.5968056, 0.0 ], [ 12.2809715, 44.5965271, 0.0 ], [ 12.280138, 44.5965271, 0.0 ], [ 12.280138, 44.5962486, 0.0 ], [ 12.2798624, 44.5962486, 0.0 ], [ 12.2798624, 44.5965271, 0.0 ], [ 12.279582, 44.5965271, 0.0 ], [ 12.279582, 44.5968056, 0.0 ], [ 12.2793064, 44.5968056, 0.0 ], [ 12.2793064, 44.597084, 0.0 ], [ 12.2790279, 44.597084, 0.0 ], [ 12.2790279, 44.5987511, 0.0 ], [ 12.2784719, 44.5987511, 0.0 ], [ 12.2784719, 44.5990295, 0.0 ], [ 12.2781944, 44.5990295, 0.0 ], [ 12.2781944, 44.5995827, 0.0 ], [ 12.2784719, 44.5995827, 0.0 ], [ 12.2784719, 44.6023598, 0.0 ], [ 12.2781944, 44.6023598, 0.0 ], [ 12.2781944, 44.6031952, 0.0 ], [ 12.277916, 44.6031952, 0.0 ], [ 12.277916, 44.6040268, 0.0 ], [ 12.2781944, 44.6040268, 0.0 ], [ 12.2781944, 44.6043053, 0.0 ], [ 12.2787504, 44.6043053, 0.0 ], [ 12.2787504, 44.6048622, 0.0 ], [ 12.2784719, 44.6048622, 0.0 ], [ 12.2784719, 44.6051407, 0.0 ], [ 12.2781944, 44.6051407, 0.0 ], [ 12.2781944, 44.6054153, 0.0 ], [ 12.277916, 44.6054153, 0.0 ], [ 12.277916, 44.6056938, 0.0 ], [ 12.2776384, 44.6056938, 0.0 ], [ 12.2776384, 44.6065292, 0.0 ], [ 12.27736, 44.6065292, 0.0 ], [ 12.27736, 44.6076393, 0.0 ], [ 12.2770844, 44.6076393, 0.0 ], [ 12.2770844, 44.6087494, 0.0 ], [ 12.2768059, 44.6087494, 0.0 ], [ 12.2768059, 44.6101379, 0.0 ], [ 12.2765284, 44.6101379, 0.0 ], [ 12.2765284, 44.6115265, 0.0 ], [ 12.2762499, 44.6115265, 0.0 ], [ 12.2762499, 44.612915, 0.0 ], [ 12.2759724, 44.612915, 0.0 ], [ 12.2759724, 44.6143074, 0.0 ], [ 12.2756939, 44.6143074, 0.0 ], [ 12.2756939, 44.615696, 0.0 ], [ 12.2754164, 44.615696, 0.0 ], [ 12.2754164, 44.6165276, 0.0 ], [ 12.2756939, 44.6165276, 0.0 ], [ 12.2756939, 44.616806, 0.0 ], [ 12.2762499, 44.616806, 0.0 ], [ 12.2762499, 44.6154175, 0.0 ], [ 12.2765284, 44.6154175, 0.0 ], [ 12.2765284, 44.615139, 0.0 ], [ 12.2768059, 44.615139, 0.0 ], [ 12.2768059, 44.6148605, 0.0 ], [ 12.27736, 44.6148605, 0.0 ], [ 12.27736, 44.615696, 0.0 ], [ 12.277916, 44.615696, 0.0 ], [ 12.277916, 44.6159706, 0.0 ], [ 12.2784719, 44.6159706, 0.0 ], [ 12.2784719, 44.6162491, 0.0 ], [ 12.2787504, 44.6162491, 0.0 ], [ 12.2787504, 44.6165276, 0.0 ], [ 12.2793064, 44.6165276, 0.0 ], [ 12.2793064, 44.617363, 0.0 ], [ 12.2790279, 44.617363, 0.0 ], [ 12.2790279, 44.6176376, 0.0 ], [ 12.2787504, 44.6176376, 0.0 ], [ 12.2787504, 44.6179008, 0.0 ], [ 12.2787504, 44.6181946, 0.0 ], [ 12.2784719, 44.6181946, 0.0 ], [ 12.2784719, 44.6184731, 0.0 ], [ 12.2781076, 44.6184731, 0.0 ], [ 12.2762499, 44.6184731, 0.0 ], [ 12.2762499, 44.6187515, 0.0 ], [ 12.2759724, 44.6187515, 0.0 ], [ 12.2759724, 44.6198616, 0.0 ], [ 12.2756939, 44.6198616, 0.0 ], [ 12.2756939, 44.6204147, 0.0 ], [ 12.2754164, 44.6204185, 0.0 ], [ 12.2754164, 44.6212502, 0.0 ], [ 12.2751379, 44.6212502, 0.0 ], [ 12.2751379, 44.6220818, 0.0 ], [ 12.2748623, 44.6220818, 0.0 ], [ 12.2748623, 44.6226387, 0.0 ], [ 12.2745819, 44.6226387, 0.0 ], [ 12.2745819, 44.6231956, 0.0 ], [ 12.2743063, 44.6231956, 0.0 ], [ 12.2743063, 44.6237488, 0.0 ], [ 12.2740278, 44.6237488, 0.0 ], [ 12.2740278, 44.6240273, 0.0 ], [ 12.2737503, 44.6240273, 0.0 ], [ 12.2737503, 44.6245842, 0.0 ], [ 12.2734718, 44.6245842, 0.0 ], [ 12.2734718, 44.6248627, 0.0 ], [ 12.2731943, 44.6248627, 0.0 ], [ 12.2731943, 44.6251373, 0.0 ], [ 12.2729158, 44.6251373, 0.0 ], [ 12.2729158, 44.6256943, 0.0 ], [ 12.2726402, 44.6256943, 0.0 ], [ 12.2726402, 44.6259727, 0.0 ], [ 12.2723618, 44.6259727, 0.0 ], [ 12.2723618, 44.6265259, 0.0 ], [ 12.2720842, 44.6265259, 0.0 ], [ 12.2720842, 44.6268044, 0.0 ], [ 12.2718058, 44.6268044, 0.0 ], [ 12.2718058, 44.6273613, 0.0 ], [ 12.2715282, 44.6273613, 0.0 ], [ 12.2715282, 44.6276398, 0.0 ], [ 12.2712498, 44.6276398, 0.0 ], [ 12.2712498, 44.6281929, 0.0 ], [ 12.2709723, 44.6281929, 0.0 ], [ 12.2709723, 44.6287498, 0.0 ], [ 12.2706957, 44.6287498, 0.0 ], [ 12.2706957, 44.6290283, 0.0 ], [ 12.2704153, 44.6290283, 0.0 ], [ 12.2704153, 44.629509, 0.0 ], [ 12.2704153, 44.6295815, 0.0 ], [ 12.2698622, 44.6295815, 0.0 ], [ 12.2698622, 44.6304169, 0.0 ], [ 12.2695837, 44.6304169, 0.0 ], [ 12.2695837, 44.6309738, 0.0 ], [ 12.2690268, 44.6309738, 0.0 ], [ 12.2690268, 44.6312485, 0.0 ], [ 12.2687492, 44.6312485, 0.0 ], [ 12.2687492, 44.6315269, 0.0 ], [ 12.2684736, 44.6315269, 0.0 ], [ 12.2684708, 44.6318054, 0.0 ], [ 12.2679176, 44.6318054, 0.0 ], [ 12.2679176, 44.6320839, 0.0 ], [ 12.2676392, 44.6320839, 0.0 ], [ 12.2676392, 44.6323624, 0.0 ], [ 12.2673607, 44.6323624, 0.0 ], [ 12.2673607, 44.6329155, 0.0 ], [ 12.2670832, 44.6329155, 0.0 ], [ 12.2670832, 44.6334724, 0.0 ], [ 12.2668047, 44.6334724, 0.0 ], [ 12.2668047, 44.6337509, 0.0 ], [ 12.2665272, 44.6337509, 0.0 ], [ 12.2665272, 44.6340294, 0.0 ], [ 12.2662487, 44.6340294, 0.0 ], [ 12.2662487, 44.634304, 0.0 ], [ 12.2659712, 44.634304, 0.0 ], [ 12.2659712, 44.6351395, 0.0 ], [ 12.2656946, 44.6351395, 0.0 ], [ 12.2656946, 44.6356926, 0.0 ], [ 12.2651386, 44.6356926, 0.0 ], [ 12.2651386, 44.6362495, 0.0 ], [ 12.2640266, 44.6362495, 0.0 ], [ 12.2640266, 44.636528, 0.0 ], [ 12.2637491, 44.636528, 0.0 ], [ 12.2637491, 44.6368065, 0.0 ], [ 12.2634726, 44.6368065, 0.0 ], [ 12.2634726, 44.637085, 0.0 ], [ 12.263195, 44.637085, 0.0 ], [ 12.263195, 44.6373596, 0.0 ], [ 12.2629166, 44.6373596, 0.0 ], [ 12.2629166, 44.6376381, 0.0 ], [ 12.2623606, 44.6376381, 0.0 ], [ 12.2623606, 44.6379166, 0.0 ], [ 12.2620831, 44.6379166, 0.0 ], [ 12.2620831, 44.638195, 0.0 ], [ 12.2618046, 44.638195, 0.0 ], [ 12.2618046, 44.6384735, 0.0 ], [ 12.261529, 44.6384735, 0.0 ], [ 12.261529, 44.6387482, 0.0 ], [ 12.2612486, 44.6387482, 0.0 ], [ 12.2612486, 44.6390266, 0.0 ], [ 12.260973, 44.6390266, 0.0 ], [ 12.260973, 44.6393051, 0.0 ], [ 12.2606955, 44.6393051, 0.0 ], [ 12.2606955, 44.6398621, 0.0 ], [ 12.260417, 44.6398621, 0.0 ], [ 12.260417, 44.6401405, 0.0 ], [ 12.2601395, 44.6401405, 0.0 ], [ 12.2601395, 44.6406937, 0.0 ], [ 12.2595835, 44.6406937, 0.0 ], [ 12.2595835, 44.6409721, 0.0 ], [ 12.2590265, 44.6409721, 0.0 ], [ 12.2590265, 44.6415291, 0.0 ], [ 12.2587509, 44.6415291, 0.0 ], [ 12.2587509, 44.6420822, 0.0 ], [ 12.2584734, 44.6420822, 0.0 ], [ 12.2584734, 44.6426392, 0.0 ], [ 12.2581949, 44.6426392, 0.0 ], [ 12.2581949, 44.6429176, 0.0 ], [ 12.2579174, 44.6429176, 0.0 ], [ 12.2579174, 44.6431961, 0.0 ], [ 12.2576389, 44.6431961, 0.0 ], [ 12.2576389, 44.6434708, 0.0 ], [ 12.2573614, 44.6434708, 0.0 ], [ 12.2573614, 44.6437492, 0.0 ], [ 12.2570829, 44.6437492, 0.0 ], [ 12.2570829, 44.6443062, 0.0 ], [ 12.2568045, 44.6443062, 0.0 ], [ 12.2568045, 44.6451378, 0.0 ], [ 12.2565289, 44.6451378, 0.0 ], [ 12.2565289, 44.6456947, 0.0 ], [ 12.2562513, 44.6456947, 0.0 ], [ 12.2562513, 44.6462517, 0.0 ], [ 12.2556953, 44.6462517, 0.0 ], [ 12.2556953, 44.6465263, 0.0 ], [ 12.2554159, 44.6465263, 0.0 ], [ 12.2554159, 44.6468048, 0.0 ], [ 12.2551384, 44.6468048, 0.0 ], [ 12.2551384, 44.6470833, 0.0 ], [ 12.2548599, 44.6470833, 0.0 ], [ 12.2548599, 44.6473618, 0.0 ], [ 12.2545824, 44.6473618, 0.0 ], [ 12.2545824, 44.6481934, 0.0 ], [ 12.2543068, 44.6481934, 0.0 ], [ 12.2543068, 44.6487503, 0.0 ], [ 12.2540283, 44.6487503, 0.0 ], [ 12.2540283, 44.6493073, 0.0 ], [ 12.2537498, 44.6493073, 0.0 ], [ 12.2537498, 44.6504173, 0.0 ], [ 12.2534723, 44.6504173, 0.0 ], [ 12.2534723, 44.6506958, 0.0 ], [ 12.2531939, 44.6506958, 0.0 ], [ 12.2531939, 44.6509705, 0.0 ], [ 12.2529163, 44.6509705, 0.0 ], [ 12.2529163, 44.6512489, 0.0 ], [ 12.2526379, 44.6512489, 0.0 ], [ 12.2526379, 44.6523628, 0.0 ], [ 12.2523623, 44.6523628, 0.0 ], [ 12.2523623, 44.652916, 0.0 ], [ 12.2520838, 44.652916, 0.0 ], [ 12.2520838, 44.6537514, 0.0 ], [ 12.2518063, 44.6537514, 0.0 ], [ 12.2518063, 44.654026, 0.0 ], [ 12.2515278, 44.654026, 0.0 ], [ 12.2515278, 44.6543045, 0.0 ], [ 12.2512503, 44.6543045, 0.0 ], [ 12.2512503, 44.654583, 0.0 ], [ 12.2509718, 44.654583, 0.0 ], [ 12.2509718, 44.6551399, 0.0 ], [ 12.2506943, 44.6551399, 0.0 ], [ 12.2506943, 44.6554184, 0.0 ], [ 12.2509718, 44.6554184, 0.0 ], [ 12.2509718, 44.65625, 0.0 ], [ 12.2512503, 44.65625, 0.0 ], [ 12.2512503, 44.6568069, 0.0 ], [ 12.2509718, 44.6568069, 0.0 ], [ 12.2509718, 44.657917, 0.0 ], [ 12.2504158, 44.657917, 0.0 ], [ 12.2504158, 44.6581955, 0.0 ], [ 12.2501402, 44.6581955, 0.0 ], [ 12.2501402, 44.6587486, 0.0 ], [ 12.2498598, 44.6587486, 0.0 ], [ 12.2498598, 44.6590271, 0.0 ], [ 12.2495842, 44.6590271, 0.0 ], [ 12.2495842, 44.6598625, 0.0 ], [ 12.2493057, 44.6598625, 0.0 ], [ 12.2493057, 44.6604156, 0.0 ], [ 12.2495842, 44.6604156, 0.0 ], [ 12.2495842, 44.6620827, 0.0 ], [ 12.2493057, 44.6620827, 0.0 ], [ 12.2493057, 44.6631927, 0.0 ], [ 12.2490282, 44.6631927, 0.0 ], [ 12.2490282, 44.6645851, 0.0 ], [ 12.2487497, 44.6645851, 0.0 ], [ 12.2487497, 44.6651382, 0.0 ], [ 12.2484722, 44.6651382, 0.0 ], [ 12.2484722, 44.6656952, 0.0 ], [ 12.2487497, 44.6656952, 0.0 ], [ 12.2487497, 44.6662483, 0.0 ], [ 12.2484722, 44.6662483, 0.0 ], [ 12.2484722, 44.6676407, 0.0 ], [ 12.2481937, 44.6676407, 0.0 ], [ 12.2481937, 44.6693039, 0.0 ], [ 12.2479162, 44.6693039, 0.0 ], [ 12.2479162, 44.6721497, 0.0 ], [ 12.2479162, 44.6723595, 0.0 ], [ 12.2478371, 44.6723595, 0.0 ], [ 12.2476377, 44.6723595, 0.0 ], [ 12.2476377, 44.6728859, 0.0 ], [ 12.2476377, 44.6748619, 0.0 ], [ 12.2473621, 44.6748619, 0.0 ], [ 12.2473621, 44.675415, 0.0 ], [ 12.2470837, 44.675415, 0.0 ], [ 12.2470837, 44.6756935, 0.0 ], [ 12.2468061, 44.6756935, 0.0 ], [ 12.2468061, 44.675972, 0.0 ], [ 12.2465277, 44.675972, 0.0 ], [ 12.2465277, 44.6765289, 0.0 ], [ 12.2462616, 44.6765289, 0.0 ], [ 12.2456942, 44.6765289, 0.0 ], [ 12.2456942, 44.6768074, 0.0 ], [ 12.2454157, 44.6768074, 0.0 ], [ 12.2454157, 44.6773605, 0.0 ], [ 12.2451401, 44.6773605, 0.0 ], [ 12.2451401, 44.677639, 0.0 ], [ 12.2448597, 44.677639, 0.0 ], [ 12.2448597, 44.6779175, 0.0 ], [ 12.2440281, 44.6779175, 0.0 ], [ 12.2440281, 44.6784706, 0.0 ], [ 12.2437496, 44.6784706, 0.0 ], [ 12.2437496, 44.6787491, 0.0 ], [ 12.2434721, 44.6787491, 0.0 ], [ 12.2434721, 44.6790276, 0.0 ], [ 12.2431927, 44.6790276, 0.0 ], [ 12.2431927, 44.679306, 0.0 ], [ 12.242918, 44.679306, 0.0 ], [ 12.242918, 44.679863, 0.0 ], [ 12.2426395, 44.679863, 0.0 ], [ 12.2426395, 44.6804161, 0.0 ], [ 12.242362, 44.6804161, 0.0 ], [ 12.242362, 44.6818047, 0.0 ], [ 12.2420835, 44.6818047, 0.0 ], [ 12.2420835, 44.6843071, 0.0 ], [ 12.2418051, 44.6843071, 0.0 ], [ 12.2418051, 44.6845818, 0.0 ], [ 12.2415266, 44.6845818, 0.0 ], [ 12.2415266, 44.6848602, 0.0 ], [ 12.2412491, 44.6848602, 0.0 ], [ 12.2412491, 44.6854172, 0.0 ], [ 12.2409744, 44.6854172, 0.0 ], [ 12.2409744, 44.6859703, 0.0 ], [ 12.2406931, 44.6859741, 0.0 ], [ 12.2406931, 44.6870842, 0.0 ], [ 12.2404165, 44.6870842, 0.0 ], [ 12.2404165, 44.6901398, 0.0 ], [ 12.240139, 44.6901398, 0.0 ], [ 12.240139, 44.6909714, 0.0 ], [ 12.2398605, 44.6909714, 0.0 ], [ 12.2398605, 44.6912498, 0.0 ], [ 12.240139, 44.6912498, 0.0 ], [ 12.240139, 44.6943054, 0.0 ], [ 12.2398605, 44.6943054, 0.0 ], [ 12.2398605, 44.695137, 0.0 ], [ 12.239583, 44.695137, 0.0 ], [ 12.239583, 44.695694, 0.0 ], [ 12.2398605, 44.695694, 0.0 ], [ 12.2398605, 44.6965294, 0.0 ], [ 12.240139, 44.6965294, 0.0 ], [ 12.240139, 44.6979179, 0.0 ], [ 12.2404165, 44.6979179, 0.0 ], [ 12.2404165, 44.699585, 0.0 ], [ 12.2406931, 44.699585, 0.0 ], [ 12.2406931, 44.7015266, 0.0 ], [ 12.2404165, 44.7015266, 0.0 ], [ 12.2404165, 44.7037506, 0.0 ], [ 12.2406931, 44.7037506, 0.0 ], [ 12.2406931, 44.7040291, 0.0 ], [ 12.2404165, 44.7040291, 0.0 ], [ 12.2404165, 44.7043037, 0.0 ], [ 12.2406931, 44.7043037, 0.0 ], [ 12.2406931, 44.7048607, 0.0 ], [ 12.2409744, 44.7048607, 0.0 ], [ 12.2409744, 44.7054176, 0.0 ], [ 12.2406931, 44.7054176, 0.0 ], [ 12.2406931, 44.7062492, 0.0 ], [ 12.2409744, 44.7062492, 0.0 ], [ 12.2409744, 44.7104149, 0.0 ], [ 12.2406931, 44.7104149, 0.0 ], [ 12.2406931, 44.7112503, 0.0 ], [ 12.2409744, 44.7112503, 0.0 ], [ 12.2409744, 44.7123604, 0.0 ], [ 12.2412491, 44.7123604, 0.0 ], [ 12.2412491, 44.7148628, 0.0 ], [ 12.2415266, 44.7148628, 0.0 ], [ 12.2415266, 44.7193069, 0.0 ], [ 12.2418051, 44.7193069, 0.0 ], [ 12.2418051, 44.7229156, 0.0 ], [ 12.2420835, 44.7229156, 0.0 ], [ 12.2420835, 44.7262497, 0.0 ], [ 12.242362, 44.7262497, 0.0 ], [ 12.242362, 44.7295837, 0.0 ], [ 12.2426395, 44.7295837, 0.0 ], [ 12.2426395, 44.7320824, 0.0 ], [ 12.242918, 44.7320824, 0.0 ], [ 12.242918, 44.7337494, 0.0 ], [ 12.2431927, 44.7337494, 0.0 ], [ 12.2431927, 44.7354164, 0.0 ], [ 12.2434721, 44.7354164, 0.0 ], [ 12.2434721, 44.7387505, 0.0 ], [ 12.2437496, 44.7387505, 0.0 ], [ 12.2437496, 44.740139, 0.0 ], [ 12.2440281, 44.740139, 0.0 ], [ 12.2440281, 44.7409706, 0.0 ], [ 12.2443056, 44.7409706, 0.0 ], [ 12.2443056, 44.7415276, 0.0 ], [ 12.2445841, 44.7415276, 0.0 ], [ 12.2445841, 44.742363, 0.0 ], [ 12.2448597, 44.742363, 0.0 ], [ 12.2448597, 44.7431946, 0.0 ], [ 12.2451401, 44.7431946, 0.0 ], [ 12.2451401, 44.7437515, 0.0 ], [ 12.2454157, 44.7437515, 0.0 ], [ 12.2454157, 44.7445831, 0.0 ], [ 12.2456942, 44.7445831, 0.0 ], [ 12.2456942, 44.7454185, 0.0 ], [ 12.2459717, 44.7454185, 0.0 ], [ 12.2459717, 44.7465286, 0.0 ], [ 12.2462502, 44.7465286, 0.0 ], [ 12.2462502, 44.7484741, 0.0 ], [ 12.2465277, 44.7484741, 0.0 ], [ 12.2465277, 44.7490273, 0.0 ], [ 12.2468061, 44.7490273, 0.0 ], [ 12.2468061, 44.7498627, 0.0 ], [ 12.2470837, 44.7498627, 0.0 ], [ 12.2470837, 44.7509727, 0.0 ], [ 12.2473621, 44.7509727, 0.0 ], [ 12.2473621, 44.7520828, 0.0 ], [ 12.2476377, 44.7520828, 0.0 ], [ 12.2476377, 44.7531929, 0.0 ], [ 12.2479162, 44.7531929, 0.0 ], [ 12.2479162, 44.7551384, 0.0 ], [ 12.2481937, 44.7551384, 0.0 ], [ 12.2481937, 44.7570839, 0.0 ], [ 12.2484722, 44.7570839, 0.0 ], [ 12.2484722, 44.757637, 0.0 ], [ 12.2481937, 44.757637, 0.0 ], [ 12.2481937, 44.7584724, 0.0 ], [ 12.2479162, 44.7584724, 0.0 ], [ 12.2479162, 44.7587509, 0.0 ], [ 12.2481937, 44.7587509, 0.0 ], [ 12.2481937, 44.759861, 0.0 ], [ 12.2483997, 44.759861, 0.0 ], [ 12.2484722, 44.759861, 0.0 ], [ 12.2484722, 44.7601738, 0.0 ], [ 12.2484722, 44.7609711, 0.0 ], [ 12.2486563, 44.7609711, 0.0 ], [ 12.2487497, 44.7609711, 0.0 ], [ 12.2487497, 44.7613792, 0.0 ], [ 12.2487497, 44.7623596, 0.0 ], [ 12.2490282, 44.7623596, 0.0 ], [ 12.2490282, 44.7625809, 0.0 ], [ 12.2490282, 44.7637482, 0.0 ], [ 12.2493057, 44.7637482, 0.0 ], [ 12.2493057, 44.7648621, 0.0 ], [ 12.2495842, 44.7648621, 0.0 ], [ 12.2495842, 44.7651405, 0.0 ], [ 12.2498598, 44.7651405, 0.0 ], [ 12.2498598, 44.7654152, 0.0 ], [ 12.2501688, 44.7654152, 0.0 ], [ 12.2504158, 44.7654152, 0.0 ], [ 12.2504158, 44.7656937, 0.0 ], [ 12.2509718, 44.7656937, 0.0 ], [ 12.2509718, 44.7659721, 0.0 ], [ 12.2512503, 44.7659721, 0.0 ], [ 12.2512503, 44.7662506, 0.0 ], [ 12.2515278, 44.7662506, 0.0 ], [ 12.2515278, 44.7665291, 0.0 ], [ 12.2518063, 44.7665291, 0.0 ], [ 12.2518063, 44.7670822, 0.0 ], [ 12.2520838, 44.7670822, 0.0 ], [ 12.2520838, 44.7676392, 0.0 ], [ 12.2523623, 44.7676392, 0.0 ], [ 12.2523623, 44.7681961, 0.0 ], [ 12.2526379, 44.7681961, 0.0 ], [ 12.2526379, 44.7693062, 0.0 ], [ 12.2529163, 44.7693062, 0.0 ], [ 12.2529163, 44.7698593, 0.0 ], [ 12.2531939, 44.7698593, 0.0 ], [ 12.2531939, 44.7706947, 0.0 ], [ 12.2534723, 44.7706947, 0.0 ], [ 12.2534723, 44.7712517, 0.0 ], [ 12.2537498, 44.7712517, 0.0 ], [ 12.2537498, 44.7715263, 0.0 ], [ 12.2540283, 44.7715263, 0.0 ], [ 12.2540283, 44.7720833, 0.0 ], [ 12.2543068, 44.7720833, 0.0 ], [ 12.2543068, 44.7726402, 0.0 ], [ 12.2545824, 44.7726402, 0.0 ], [ 12.2545824, 44.7731934, 0.0 ], [ 12.2548599, 44.7731934, 0.0 ], [ 12.2548599, 44.7737503, 0.0 ], [ 12.2551384, 44.7737503, 0.0 ], [ 12.2551384, 44.7743073, 0.0 ], [ 12.2554159, 44.7743073, 0.0 ], [ 12.2554159, 44.7748604, 0.0 ], [ 12.2556953, 44.7748604, 0.0 ], [ 12.2556953, 44.7754173, 0.0 ], [ 12.2559729, 44.7754173, 0.0 ], [ 12.2559729, 44.7767143, 0.0 ], [ 12.2559729, 44.7768059, 0.0 ], [ 12.2562513, 44.7768059, 0.0 ], [ 12.2562513, 44.777256, 0.0 ], [ 12.2562513, 44.777916, 0.0 ], [ 12.2565289, 44.777916, 0.0 ], [ 12.2565289, 44.7781944, 0.0 ], [ 12.2568045, 44.7781944, 0.0 ], [ 12.2568045, 44.7783356, 0.0 ], [ 12.2568045, 44.7787514, 0.0 ], [ 12.2570829, 44.7787514, 0.0 ], [ 12.2570829, 44.7788773, 0.0 ], [ 12.2570829, 44.779026, 0.0 ], [ 12.2571592, 44.779026, 0.0 ], [ 12.2573614, 44.779026, 0.0 ], [ 12.2573614, 44.7794189, 0.0 ], [ 12.2573614, 44.7801399, 0.0 ], [ 12.2576389, 44.7801399, 0.0 ], [ 12.2576389, 44.7804184, 0.0 ], [ 12.2579174, 44.7804184, 0.0 ], [ 12.2579174, 44.7805023, 0.0 ], [ 12.2579174, 44.7806931, 0.0 ], [ 12.2580156, 44.7806931, 0.0 ], [ 12.2581949, 44.7806931, 0.0 ], [ 12.2581949, 44.7809715, 0.0 ], [ 12.2584734, 44.7809715, 0.0 ], [ 12.2584734, 44.781311, 0.0 ], [ 12.2584734, 44.7815285, 0.0 ], [ 12.2586432, 44.7815285, 0.0 ], [ 12.2587509, 44.7815285, 0.0 ], [ 12.2587509, 44.7816658, 0.0 ], [ 12.2587509, 44.7818069, 0.0 ], [ 12.2588644, 44.7818069, 0.0 ], [ 12.2590265, 44.7818069, 0.0 ], [ 12.2590265, 44.7820816, 0.0 ], [ 12.2593069, 44.7820816, 0.0 ], [ 12.2593069, 44.7823715, 0.0 ], [ 12.2593069, 44.7826385, 0.0 ], [ 12.2595835, 44.7826385, 0.0 ], [ 12.2595835, 44.7827187, 0.0 ], [ 12.2595835, 44.782917, 0.0 ], [ 12.2597389, 44.782917, 0.0 ], [ 12.259861, 44.782917, 0.0 ], [ 12.259861, 44.7830734, 0.0 ], [ 12.259861, 44.783474, 0.0 ], [ 12.2601395, 44.783474, 0.0 ], [ 12.2601395, 44.7837486, 0.0 ], [ 12.260417, 44.7837639, 0.0 ], [ 12.260417, 44.7843056, 0.0 ], [ 12.2606955, 44.7843056, 0.0 ], [ 12.2606955, 44.784584, 0.0 ], [ 12.260973, 44.784584, 0.0 ], [ 12.260973, 44.7848625, 0.0 ], [ 12.2612486, 44.7848625, 0.0 ], [ 12.2612486, 44.7854156, 0.0 ], [ 12.261529, 44.7854156, 0.0 ], [ 12.261529, 44.7856941, 0.0 ], [ 12.2618046, 44.7856941, 0.0 ], [ 12.2618046, 44.7862511, 0.0 ], [ 12.2620831, 44.7862511, 0.0 ], [ 12.2620831, 44.7865295, 0.0 ], [ 12.2623606, 44.7865295, 0.0 ], [ 12.2623606, 44.7868042, 0.0 ], [ 12.262639, 44.7868042, 0.0 ], [ 12.262639, 44.7873611, 0.0 ], [ 12.2629166, 44.7873611, 0.0 ], [ 12.2629166, 44.7876396, 0.0 ], [ 12.263195, 44.7876396, 0.0 ], [ 12.263195, 44.7881927, 0.0 ], [ 12.2634726, 44.7881927, 0.0 ], [ 12.2634726, 44.7884712, 0.0 ], [ 12.2637491, 44.7884712, 0.0 ], [ 12.2637491, 44.7890282, 0.0 ], [ 12.2640266, 44.7890282, 0.0 ], [ 12.2640266, 44.7893066, 0.0 ], [ 12.2645826, 44.7893066, 0.0 ], [ 12.2645826, 44.7895851, 0.0 ], [ 12.2648611, 44.7895851, 0.0 ], [ 12.2648611, 44.7898598, 0.0 ], [ 12.2651386, 44.7898598, 0.0 ], [ 12.2651386, 44.7904167, 0.0 ], [ 12.2654171, 44.7904167, 0.0 ], [ 12.2654171, 44.7906952, 0.0 ], [ 12.2656946, 44.7906952, 0.0 ], [ 12.2656946, 44.7909737, 0.0 ], [ 12.2659712, 44.7909737, 0.0 ], [ 12.2659712, 44.7912483, 0.0 ], [ 12.2662411, 44.7912598, 0.0 ], [ 12.2662487, 44.7923622, 0.0 ], [ 12.2665272, 44.7923622, 0.0 ], [ 12.2665272, 44.7926407, 0.0 ], [ 12.2668047, 44.7926407, 0.0 ], [ 12.2668047, 44.7929153, 0.0 ], [ 12.2670832, 44.7929153, 0.0 ], [ 12.2670832, 44.7931938, 0.0 ], [ 12.2673607, 44.7931938, 0.0 ], [ 12.2673607, 44.7937508, 0.0 ], [ 12.2676392, 44.7937508, 0.0 ], [ 12.2676392, 44.7940292, 0.0 ], [ 12.2679176, 44.7940292, 0.0 ], [ 12.2679176, 44.7943039, 0.0 ], [ 12.2681932, 44.7943039, 0.0 ], [ 12.2681932, 44.7948608, 0.0 ], [ 12.2684708, 44.7948608, 0.0 ], [ 12.2684736, 44.7951393, 0.0 ], [ 12.2687492, 44.7951393, 0.0 ], [ 12.2687492, 44.7954178, 0.0 ], [ 12.2690268, 44.7954178, 0.0 ], [ 12.2690268, 44.7959709, 0.0 ], [ 12.2693062, 44.7959709, 0.0 ], [ 12.2693062, 44.7962494, 0.0 ], [ 12.2695837, 44.7962494, 0.0 ], [ 12.2695837, 44.7965279, 0.0 ], [ 12.2698622, 44.7965279, 0.0 ], [ 12.2698622, 44.7966614, 0.0 ], [ 12.2698622, 44.7968063, 0.0 ], [ 12.2701397, 44.7968063, 0.0 ], [ 12.2701397, 44.7973595, 0.0 ], [ 12.2704153, 44.7973595, 0.0 ], [ 12.2704153, 44.7976379, 0.0 ], [ 12.2706957, 44.7976379, 0.0 ], [ 12.2706957, 44.7979164, 0.0 ], [ 12.2709723, 44.7979164, 0.0 ], [ 12.2709723, 44.7984734, 0.0 ], [ 12.2712498, 44.7984734, 0.0 ], [ 12.2712498, 44.7987518, 0.0 ], [ 12.2715282, 44.7987518, 0.0 ], [ 12.2715282, 44.799305, 0.0 ], [ 12.2718058, 44.799305, 0.0 ], [ 12.2718058, 44.7997551, 0.0 ], [ 12.2718058, 44.7998619, 0.0 ], [ 12.2719107, 44.7998619, 0.0 ], [ 12.2720842, 44.7998619, 0.0 ], [ 12.2720842, 44.8000374, 0.0 ], [ 12.2720842, 44.800415, 0.0 ], [ 12.2723618, 44.800415, 0.0 ], [ 12.2723618, 44.8012505, 0.0 ], [ 12.2726402, 44.8012505, 0.0 ], [ 12.2726402, 44.8018074, 0.0 ], [ 12.2729158, 44.8018074, 0.0 ], [ 12.2729158, 44.8023605, 0.0 ], [ 12.2731943, 44.8023605, 0.0 ], [ 12.2731943, 44.8029175, 0.0 ], [ 12.2734718, 44.8029175, 0.0 ], [ 12.2734718, 44.803196, 0.0 ], [ 12.2737503, 44.803196, 0.0 ], [ 12.2737503, 44.8037491, 0.0 ], [ 12.2740278, 44.8037491, 0.0 ], [ 12.2740278, 44.8040276, 0.0 ], [ 12.2743063, 44.8040276, 0.0 ], [ 12.2743063, 44.804306, 0.0 ], [ 12.2745676, 44.804306, 0.0 ], [ 12.2745819, 44.8043861, 0.0 ], [ 12.2745819, 44.804863, 0.0 ], [ 12.2747498, 44.804863, 0.0 ], [ 12.2748623, 44.804863, 0.0 ], [ 12.2748623, 44.8051376, 0.0 ], [ 12.2751379, 44.8051376, 0.0 ], [ 12.2751379, 44.8054161, 0.0 ], [ 12.2754164, 44.8054161, 0.0 ], [ 12.2754164, 44.8059731, 0.0 ], [ 12.2756939, 44.8059731, 0.0 ], [ 12.2756939, 44.8062515, 0.0 ], [ 12.2759724, 44.8062515, 0.0 ], [ 12.2759724, 44.8065262, 0.0 ], [ 12.2762499, 44.8065262, 0.0 ], [ 12.2762499, 44.8070831, 0.0 ], [ 12.2765284, 44.8070831, 0.0 ], [ 12.2765284, 44.8073616, 0.0 ], [ 12.2770844, 44.8073616, 0.0 ], [ 12.2770844, 44.8076401, 0.0 ], [ 12.27736, 44.8076401, 0.0 ], [ 12.27736, 44.8079185, 0.0 ], [ 12.277916, 44.8079185, 0.0 ], [ 12.277916, 44.8081932, 0.0 ], [ 12.2781944, 44.8081932, 0.0 ], [ 12.2781944, 44.8084717, 0.0 ], [ 12.2787504, 44.8084717, 0.0 ], [ 12.2787504, 44.8087502, 0.0 ], [ 12.2790279, 44.8087502, 0.0 ], [ 12.2790279, 44.8090286, 0.0 ], [ 12.279582, 44.8090286, 0.0 ], [ 12.279582, 44.8093071, 0.0 ], [ 12.2798624, 44.8093071, 0.0 ], [ 12.2798624, 44.8095818, 0.0 ], [ 12.2804155, 44.8095818, 0.0 ], [ 12.2804155, 44.8098602, 0.0 ], [ 12.280694, 44.8098602, 0.0 ], [ 12.280694, 44.8101387, 0.0 ], [ 12.28125, 44.8101387, 0.0 ], [ 12.28125, 44.8104172, 0.0 ], [ 12.2815294, 44.8104172, 0.0 ], [ 12.2815294, 44.8106956, 0.0 ], [ 12.2818069, 44.8106956, 0.0 ], [ 12.2818069, 44.8109741, 0.0 ], [ 12.2820854, 44.8109741, 0.0 ], [ 12.2820854, 44.8118057, 0.0 ], [ 12.2826376, 44.8118057, 0.0 ], [ 12.2826376, 44.8120842, 0.0 ], [ 12.282917, 44.8120842, 0.0 ], [ 12.282917, 44.8123627, 0.0 ], [ 12.2831945, 44.8123627, 0.0 ], [ 12.2831945, 44.8129158, 0.0 ], [ 12.283473, 44.8129158, 0.0 ], [ 12.283473, 44.8134727, 0.0 ], [ 12.2837505, 44.8134727, 0.0 ], [ 12.2837505, 44.8139229, 0.0 ], [ 12.2837505, 44.8140259, 0.0 ], [ 12.2838383, 44.8140259, 0.0 ], [ 12.284029, 44.8140297, 0.0 ], [ 12.284029, 44.8143044, 0.0 ], [ 12.2843046, 44.8143044, 0.0 ], [ 12.2843046, 44.8145828, 0.0 ], [ 12.2845831, 44.8145828, 0.0 ], [ 12.2845831, 44.8149033, 0.0 ], [ 12.2845831, 44.8151398, 0.0 ], [ 12.2847853, 44.8151398, 0.0 ], [ 12.2848606, 44.8151398, 0.0 ], [ 12.2848606, 44.8152275, 0.0 ], [ 12.2848606, 44.8154182, 0.0 ], [ 12.2850208, 44.8154182, 0.0 ], [ 12.2851391, 44.8154182, 0.0 ], [ 12.2851391, 44.8155556, 0.0 ], [ 12.2851391, 44.8156929, 0.0 ], [ 12.2852535, 44.8156929, 0.0 ], [ 12.2854166, 44.8156929, 0.0 ], [ 12.2854166, 44.8158836, 0.0 ], [ 12.2854166, 44.8159714, 0.0 ], [ 12.2854919, 44.8159714, 0.0 ], [ 12.2856951, 44.8159714, 0.0 ], [ 12.2856951, 44.8162498, 0.0 ], [ 12.2862511, 44.8162498, 0.0 ], [ 12.2862511, 44.8165283, 0.0 ], [ 12.2859726, 44.8165359, 0.0 ], [ 12.2859726, 44.8170815, 0.0 ], [ 12.2856951, 44.8170815, 0.0 ], [ 12.2856951, 44.8176384, 0.0 ], [ 12.2848606, 44.8176384, 0.0 ], [ 12.2848606, 44.8179169, 0.0 ], [ 12.2845831, 44.8179169, 0.0 ], [ 12.2845831, 44.8181953, 0.0 ], [ 12.282917, 44.8181953, 0.0 ], [ 12.282917, 44.8179169, 0.0 ], [ 12.2826376, 44.8179169, 0.0 ], [ 12.2826376, 44.8176384, 0.0 ], [ 12.2823601, 44.8176384, 0.0 ], [ 12.2823601, 44.8173599, 0.0 ], [ 12.2815294, 44.8173599, 0.0 ], [ 12.2815294, 44.8170815, 0.0 ], [ 12.2809715, 44.8170815, 0.0 ], [ 12.2809715, 44.8168068, 0.0 ], [ 12.280138, 44.8168068, 0.0 ], [ 12.280138, 44.8165283, 0.0 ], [ 12.2798624, 44.8165283, 0.0 ], [ 12.2798624, 44.8159714, 0.0 ], [ 12.279582, 44.8159714, 0.0 ], [ 12.279582, 44.8157272, 0.0 ], [ 12.279582, 44.8151398, 0.0 ], [ 12.2790279, 44.8151398, 0.0 ], [ 12.2790279, 44.8148613, 0.0 ], [ 12.2787504, 44.8148613, 0.0 ], [ 12.2787504, 44.8145828, 0.0 ], [ 12.2784719, 44.8145828, 0.0 ], [ 12.2784719, 44.8140259, 0.0 ], [ 12.2781944, 44.8140259, 0.0 ], [ 12.2781944, 44.8129158, 0.0 ], [ 12.277916, 44.8129158, 0.0 ], [ 12.277916, 44.8123627, 0.0 ], [ 12.2770844, 44.8123627, 0.0 ], [ 12.2770844, 44.8131943, 0.0 ], [ 12.2768059, 44.8131943, 0.0 ], [ 12.2768059, 44.8129158, 0.0 ], [ 12.2762499, 44.8129158, 0.0 ], [ 12.2762499, 44.8126373, 0.0 ], [ 12.2756939, 44.8126373, 0.0 ], [ 12.2756939, 44.8123627, 0.0 ], [ 12.2754164, 44.8123627, 0.0 ], [ 12.2754164, 44.8118057, 0.0 ], [ 12.2751379, 44.8118057, 0.0 ], [ 12.2751379, 44.8115273, 0.0 ], [ 12.2745838, 44.8115273, 0.0 ], [ 12.2745819, 44.8112488, 0.0 ], [ 12.2737503, 44.8112488, 0.0 ], [ 12.2737503, 44.8109741, 0.0 ], [ 12.2734718, 44.8109703, 0.0 ], [ 12.2734718, 44.8106956, 0.0 ], [ 12.2731943, 44.8106956, 0.0 ], [ 12.2731943, 44.8104172, 0.0 ], [ 12.2726402, 44.8104172, 0.0 ], [ 12.2726402, 44.8098602, 0.0 ], [ 12.2723618, 44.8098602, 0.0 ], [ 12.2723618, 44.8093071, 0.0 ], [ 12.2720842, 44.8093071, 0.0 ], [ 12.2720842, 44.8090286, 0.0 ], [ 12.2713633, 44.8090286, 0.0 ], [ 12.2712498, 44.8090286, 0.0 ], [ 12.2712498, 44.8088837, 0.0 ], [ 12.2712498, 44.8087502, 0.0 ], [ 12.2711439, 44.8087502, 0.0 ], [ 12.2709723, 44.8087502, 0.0 ], [ 12.2709723, 44.8085327, 0.0 ], [ 12.2709236, 44.8084717, 0.0 ], [ 12.2704153, 44.8084717, 0.0 ], [ 12.2704153, 44.807827, 0.0 ], [ 12.2704153, 44.8076401, 0.0 ], [ 12.2702665, 44.8076401, 0.0 ], [ 12.2701397, 44.8076401, 0.0 ], [ 12.2701397, 44.8074799, 0.0 ], [ 12.2701397, 44.8070831, 0.0 ], [ 12.2698622, 44.8070831, 0.0 ], [ 12.2698622, 44.8065262, 0.0 ], [ 12.2695837, 44.8065262, 0.0 ], [ 12.2695837, 44.8056946, 0.0 ], [ 12.2693062, 44.8056946, 0.0 ], [ 12.2693062, 44.8054161, 0.0 ], [ 12.2690268, 44.8054161, 0.0 ], [ 12.2690268, 44.8045845, 0.0 ], [ 12.2687492, 44.8045845, 0.0 ], [ 12.2687492, 44.804306, 0.0 ], [ 12.2670832, 44.804306, 0.0 ], [ 12.2670832, 44.8040276, 0.0 ], [ 12.2654171, 44.8040276, 0.0 ], [ 12.2654171, 44.8037491, 0.0 ], [ 12.2634726, 44.8037491, 0.0 ], [ 12.2634726, 44.8034706, 0.0 ], [ 12.2629166, 44.8034706, 0.0 ], [ 12.2629166, 44.803196, 0.0 ], [ 12.2623606, 44.803196, 0.0 ], [ 12.2623606, 44.8029175, 0.0 ], [ 12.2618046, 44.8029175, 0.0 ], [ 12.2618046, 44.802639, 0.0 ], [ 12.260973, 44.802639, 0.0 ], [ 12.260973, 44.8029175, 0.0 ], [ 12.2606955, 44.8029175, 0.0 ], [ 12.2606955, 44.8034706, 0.0 ], [ 12.260973, 44.8034706, 0.0 ], [ 12.260973, 44.8037491, 0.0 ], [ 12.261529, 44.8037491, 0.0 ], [ 12.261529, 44.8040276, 0.0 ], [ 12.2620831, 44.8040276, 0.0 ], [ 12.2620831, 44.804306, 0.0 ], [ 12.262639, 44.804306, 0.0 ], [ 12.262639, 44.8045845, 0.0 ], [ 12.2628946, 44.8045845, 0.0 ], [ 12.263195, 44.8046303, 0.0 ], [ 12.263195, 44.804863, 0.0 ], [ 12.2646761, 44.804863, 0.0 ], [ 12.2651272, 44.8049355, 0.0 ], [ 12.2651386, 44.8051376, 0.0 ], [ 12.2664127, 44.8051376, 0.0 ], [ 12.2668047, 44.8051987, 0.0 ], [ 12.2668047, 44.8054161, 0.0 ], [ 12.2676334, 44.8054161, 0.0 ], [ 12.2679176, 44.8054161, 0.0 ], [ 12.2679176, 44.8055305, 0.0 ], [ 12.2679176, 44.8056946, 0.0 ], [ 12.2681932, 44.8056946, 0.0 ], [ 12.2681932, 44.8062515, 0.0 ], [ 12.2684708, 44.8062515, 0.0 ], [ 12.2684736, 44.8093071, 0.0 ], [ 12.2687492, 44.8093071, 0.0 ], [ 12.2687492, 44.8101387, 0.0 ], [ 12.2690268, 44.8101387, 0.0 ], [ 12.2690268, 44.8106956, 0.0 ], [ 12.2693062, 44.8106956, 0.0 ], [ 12.2693062, 44.8112488, 0.0 ], [ 12.2701397, 44.8112488, 0.0 ], [ 12.2701397, 44.8115273, 0.0 ], [ 12.2704153, 44.8115273, 0.0 ], [ 12.2704153, 44.8112488, 0.0 ], [ 12.2709723, 44.8112488, 0.0 ], [ 12.2709723, 44.8115273, 0.0 ], [ 12.2715282, 44.8115273, 0.0 ], [ 12.2715282, 44.8118057, 0.0 ], [ 12.2718058, 44.8118057, 0.0 ], [ 12.2718058, 44.8120842, 0.0 ], [ 12.2723618, 44.8120842, 0.0 ], [ 12.2723618, 44.8123627, 0.0 ], [ 12.2726402, 44.8123627, 0.0 ], [ 12.2726402, 44.8129158, 0.0 ], [ 12.2729158, 44.8129158, 0.0 ], [ 12.2729158, 44.8131943, 0.0 ], [ 12.2731943, 44.8131943, 0.0 ], [ 12.2731943, 44.8137512, 0.0 ], [ 12.2737503, 44.8137512, 0.0 ], [ 12.2737503, 44.8143044, 0.0 ], [ 12.2740278, 44.8143044, 0.0 ], [ 12.2740278, 44.8145828, 0.0 ], [ 12.2743063, 44.8145828, 0.0 ], [ 12.2743063, 44.8148613, 0.0 ], [ 12.2745819, 44.8148613, 0.0 ], [ 12.2745819, 44.8151398, 0.0 ], [ 12.2748623, 44.8151398, 0.0 ], [ 12.2748623, 44.8156929, 0.0 ], [ 12.2751379, 44.8156929, 0.0 ], [ 12.2751379, 44.8159714, 0.0 ], [ 12.2754164, 44.8159714, 0.0 ], [ 12.2754164, 44.8162498, 0.0 ], [ 12.2756939, 44.8162498, 0.0 ], [ 12.2756939, 44.8165283, 0.0 ], [ 12.2762499, 44.8165283, 0.0 ], [ 12.2762499, 44.8170815, 0.0 ], [ 12.2768059, 44.8170853, 0.0 ], [ 12.2768059, 44.8173599, 0.0 ], [ 12.2762499, 44.8173599, 0.0 ], [ 12.2762499, 44.8179169, 0.0 ], [ 12.2756939, 44.8179169, 0.0 ], [ 12.2756939, 44.8176384, 0.0 ], [ 12.2751379, 44.8176384, 0.0 ], [ 12.2751379, 44.8168068, 0.0 ], [ 12.2750578, 44.8168068, 0.0 ], [ 12.2745838, 44.8168068, 0.0 ], [ 12.2745819, 44.8165283, 0.0 ], [ 12.2743063, 44.8165283, 0.0 ], [ 12.2743063, 44.8162498, 0.0 ], [ 12.2740278, 44.8162498, 0.0 ], [ 12.2740278, 44.8159714, 0.0 ], [ 12.2737503, 44.8159714, 0.0 ], [ 12.2737503, 44.8156929, 0.0 ], [ 12.2731943, 44.8156929, 0.0 ], [ 12.2731943, 44.8165283, 0.0 ], [ 12.2734718, 44.8165283, 0.0 ], [ 12.2734718, 44.8176384, 0.0 ], [ 12.2709723, 44.8176384, 0.0 ], [ 12.2709723, 44.8173599, 0.0 ], [ 12.2704153, 44.8173599, 0.0 ], [ 12.2704153, 44.8170815, 0.0 ], [ 12.2695837, 44.8170815, 0.0 ], [ 12.2695837, 44.8168068, 0.0 ], [ 12.2687492, 44.8168068, 0.0 ], [ 12.2687492, 44.8159714, 0.0 ], [ 12.2684736, 44.8159714, 0.0 ], [ 12.2684736, 44.8156929, 0.0 ], [ 12.2681932, 44.8156929, 0.0 ], [ 12.2681932, 44.8154182, 0.0 ], [ 12.2679176, 44.8154182, 0.0 ], [ 12.2679176, 44.8151398, 0.0 ], [ 12.2676392, 44.8151398, 0.0 ], [ 12.2676392, 44.8148613, 0.0 ], [ 12.2668047, 44.8148613, 0.0 ], [ 12.2668047, 44.8145828, 0.0 ], [ 12.2662487, 44.8145828, 0.0 ], [ 12.2662487, 44.8143044, 0.0 ], [ 12.2654171, 44.8143044, 0.0 ], [ 12.2654171, 44.8140259, 0.0 ], [ 12.2643051, 44.8140259, 0.0 ], [ 12.2643051, 44.8137512, 0.0 ], [ 12.259861, 44.8137512, 0.0 ], [ 12.259861, 44.8140259, 0.0 ], [ 12.2595835, 44.8140259, 0.0 ], [ 12.2595835, 44.8145828, 0.0 ], [ 12.2593069, 44.8145828, 0.0 ], [ 12.2593069, 44.8154182, 0.0 ], [ 12.2601395, 44.8154182, 0.0 ], [ 12.2601452, 44.8157082, 0.0 ], [ 12.2606955, 44.8156929, 0.0 ], [ 12.2606955, 44.8159714, 0.0 ], [ 12.261529, 44.8159714, 0.0 ], [ 12.261529, 44.8162498, 0.0 ], [ 12.2623606, 44.8162498, 0.0 ], [ 12.2623606, 44.8170815, 0.0 ], [ 12.2620831, 44.8170815, 0.0 ], [ 12.2620831, 44.8173599, 0.0 ], [ 12.2623606, 44.8173599, 0.0 ], [ 12.2623606, 44.8176384, 0.0 ], [ 12.262639, 44.8176384, 0.0 ], [ 12.262639, 44.8184738, 0.0 ], [ 12.2629166, 44.8184738, 0.0 ], [ 12.2629166, 44.8193054, 0.0 ], [ 12.263195, 44.8193054, 0.0 ], [ 12.263195, 44.8198624, 0.0 ], [ 12.2634726, 44.8198624, 0.0 ], [ 12.2634726, 44.820137, 0.0 ], [ 12.2637491, 44.820137, 0.0 ], [ 12.2637491, 44.8204155, 0.0 ], [ 12.2640266, 44.8204155, 0.0 ], [ 12.2640266, 44.820694, 0.0 ], [ 12.2643051, 44.820694, 0.0 ], [ 12.2643051, 44.8212509, 0.0 ], [ 12.2645826, 44.8212509, 0.0 ], [ 12.2645826, 44.8216553, 0.0 ], [ 12.2645826, 44.821804, 0.0 ], [ 12.26472, 44.821804, 0.0 ], [ 12.2648611, 44.821804, 0.0 ], [ 12.2648611, 44.8219566, 0.0 ], [ 12.2648611, 44.8220825, 0.0 ], [ 12.2649746, 44.8220825, 0.0 ], [ 12.2651386, 44.8220825, 0.0 ], [ 12.2651386, 44.8222618, 0.0 ], [ 12.2651386, 44.8226395, 0.0 ], [ 12.2654171, 44.8226395, 0.0 ], [ 12.2654171, 44.8229179, 0.0 ], [ 12.2656946, 44.8229179, 0.0 ], [ 12.2656946, 44.8231926, 0.0 ], [ 12.2659712, 44.8231926, 0.0 ], [ 12.2659712, 44.8234711, 0.0 ], [ 12.2662487, 44.8234711, 0.0 ], [ 12.2662487, 44.8237495, 0.0 ], [ 12.2665272, 44.8237495, 0.0 ], [ 12.2665272, 44.824028, 0.0 ], [ 12.2668047, 44.824028, 0.0 ], [ 12.2668047, 44.8243065, 0.0 ], [ 12.2671442, 44.8243065, 0.0 ], [ 12.2676392, 44.8243065, 0.0 ], [ 12.2676392, 44.824585, 0.0 ], [ 12.2677717, 44.824585, 0.0 ], [ 12.2681932, 44.824585, 0.0 ], [ 12.2681932, 44.8248596, 0.0 ], [ 12.2684708, 44.8248596, 0.0 ], [ 12.2684736, 44.8251381, 0.0 ], [ 12.2687492, 44.8251381, 0.0 ], [ 12.2687492, 44.8254166, 0.0 ], [ 12.2690268, 44.8254166, 0.0 ], [ 12.2690268, 44.825695, 0.0 ], [ 12.2693062, 44.825695, 0.0 ], [ 12.2693062, 44.8259735, 0.0 ], [ 12.2695837, 44.8259735, 0.0 ], [ 12.2695837, 44.8262482, 0.0 ], [ 12.2701397, 44.8262482, 0.0 ], [ 12.2701397, 44.8265266, 0.0 ], [ 12.2704153, 44.8265266, 0.0 ], [ 12.2704153, 44.8268051, 0.0 ], [ 12.2706957, 44.8268051, 0.0 ], [ 12.2706957, 44.8270836, 0.0 ], [ 12.2709723, 44.8270836, 0.0 ], [ 12.2709723, 44.8273621, 0.0 ], [ 12.2718058, 44.8273621, 0.0 ], [ 12.2718058, 44.8276405, 0.0 ], [ 12.2720842, 44.8276405, 0.0 ], [ 12.2720842, 44.8279152, 0.0 ], [ 12.2726402, 44.8279152, 0.0 ], [ 12.2726402, 44.8283081, 0.0 ], [ 12.2726402, 44.8284721, 0.0 ], [ 12.2729158, 44.8284721, 0.0 ], [ 12.2729158, 44.8287506, 0.0 ], [ 12.2731943, 44.8287506, 0.0 ], [ 12.2731943, 44.8290291, 0.0 ], [ 12.2734718, 44.8290291, 0.0 ], [ 12.2734718, 44.8293037, 0.0 ], [ 12.2737503, 44.8293037, 0.0 ], [ 12.2737503, 44.8295822, 0.0 ], [ 12.2740278, 44.8295822, 0.0 ], [ 12.2740278, 44.8298607, 0.0 ], [ 12.2743063, 44.8298607, 0.0 ], [ 12.2743063, 44.8301392, 0.0 ], [ 12.2745819, 44.8301392, 0.0 ], [ 12.2745819, 44.8304176, 0.0 ], [ 12.2748623, 44.8304176, 0.0 ], [ 12.2748623, 44.8306961, 0.0 ], [ 12.2751379, 44.8306961, 0.0 ], [ 12.2751379, 44.8309708, 0.0 ], [ 12.2756939, 44.8309708, 0.0 ], [ 12.2756939, 44.8312492, 0.0 ], [ 12.2759724, 44.8312492, 0.0 ], [ 12.2759724, 44.8315277, 0.0 ], [ 12.2762499, 44.8315277, 0.0 ], [ 12.2762499, 44.8318062, 0.0 ], [ 12.2768059, 44.8318062, 0.0 ], [ 12.2768059, 44.8320847, 0.0 ], [ 12.2770844, 44.8320847, 0.0 ], [ 12.2770844, 44.8323593, 0.0 ], [ 12.2776384, 44.8323593, 0.0 ], [ 12.2776384, 44.8326378, 0.0 ], [ 12.2781944, 44.8326378, 0.0 ], [ 12.2781944, 44.8329163, 0.0 ], [ 12.2784719, 44.8329163, 0.0 ], [ 12.2784719, 44.8331947, 0.0 ], [ 12.2790279, 44.8331947, 0.0 ], [ 12.2790279, 44.8334732, 0.0 ], [ 12.2793064, 44.8334732, 0.0 ], [ 12.2793064, 44.8337517, 0.0 ], [ 12.2798624, 44.8337517, 0.0 ], [ 12.2798624, 44.8340263, 0.0 ], [ 12.280694, 44.8340263, 0.0 ], [ 12.280694, 44.8343048, 0.0 ], [ 12.2809715, 44.8343048, 0.0 ], [ 12.2809715, 44.8345833, 0.0 ], [ 12.28125, 44.8345833, 0.0 ], [ 12.28125, 44.8348618, 0.0 ], [ 12.2818069, 44.8348618, 0.0 ], [ 12.2818069, 44.8351402, 0.0 ], [ 12.2823601, 44.8351402, 0.0 ], [ 12.2823601, 44.8354149, 0.0 ], [ 12.2831945, 44.8354149, 0.0 ], [ 12.2831945, 44.8356934, 0.0 ], [ 12.283473, 44.8356934, 0.0 ], [ 12.283473, 44.8359718, 0.0 ], [ 12.2837505, 44.8359718, 0.0 ], [ 12.2837505, 44.8362503, 0.0 ], [ 12.2845831, 44.8362503, 0.0 ], [ 12.2845831, 44.8368073, 0.0 ], [ 12.2848606, 44.8368073, 0.0 ], [ 12.2848606, 44.8376389, 0.0 ], [ 12.2851391, 44.8376389, 0.0 ], [ 12.2851391, 44.8390274, 0.0 ], [ 12.2854166, 44.8390274, 0.0 ], [ 12.2854166, 44.8395844, 0.0 ], [ 12.2856951, 44.8395844, 0.0 ], [ 12.2856951, 44.840416, 0.0 ], [ 12.2859726, 44.840416, 0.0 ], [ 12.2859726, 44.8412514, 0.0 ], [ 12.2865267, 44.8412514, 0.0 ], [ 12.2865267, 44.841526, 0.0 ], [ 12.2868052, 44.841526, 0.0 ], [ 12.2868052, 44.8418045, 0.0 ], [ 12.2870827, 44.8418045, 0.0 ], [ 12.2870827, 44.842083, 0.0 ], [ 12.2879171, 44.842083, 0.0 ], [ 12.2879171, 44.8418045, 0.0 ], [ 12.2893047, 44.8418045, 0.0 ], [ 12.2893047, 44.841526, 0.0 ], [ 12.2895832, 44.841526, 0.0 ], [ 12.2895832, 44.8409729, 0.0 ], [ 12.2901392, 44.8409729, 0.0 ], [ 12.2901392, 44.8423615, 0.0 ], [ 12.2904167, 44.8423615, 0.0 ], [ 12.2904167, 44.8430138, 0.0 ], [ 12.2904167, 44.8431931, 0.0 ], [ 12.2906952, 44.8431931, 0.0 ], [ 12.2906952, 44.84375, 0.0 ], [ 12.2909708, 44.84375, 0.0 ], [ 12.2909708, 44.8440285, 0.0 ], [ 12.2918053, 44.8440285, 0.0 ], [ 12.2918053, 44.8445816, 0.0 ], [ 12.2920828, 44.8445816, 0.0 ], [ 12.2920828, 44.845974, 0.0 ], [ 12.2923613, 44.845974, 0.0 ], [ 12.2923613, 44.8465271, 0.0 ], [ 12.2920828, 44.8465271, 0.0 ], [ 12.2920828, 44.847084, 0.0 ], [ 12.2923613, 44.847084, 0.0 ], [ 12.2923613, 44.8473625, 0.0 ], [ 12.2926388, 44.8473625, 0.0 ], [ 12.2926388, 44.847084, 0.0 ], [ 12.2929173, 44.847084, 0.0 ], [ 12.2929173, 44.8445816, 0.0 ], [ 12.2926388, 44.8445816, 0.0 ], [ 12.2926388, 44.84375, 0.0 ], [ 12.2923613, 44.84375, 0.0 ], [ 12.2923613, 44.8434715, 0.0 ], [ 12.2920828, 44.8434715, 0.0 ], [ 12.2920828, 44.8431931, 0.0 ], [ 12.2912512, 44.8431931, 0.0 ], [ 12.2912512, 44.8429565, 0.0 ], [ 12.2912512, 44.8423615, 0.0 ], [ 12.2906952, 44.8423615, 0.0 ], [ 12.2906952, 44.8412514, 0.0 ], [ 12.2904167, 44.8412514, 0.0 ], [ 12.2904167, 44.840416, 0.0 ], [ 12.2929173, 44.840416, 0.0 ], [ 12.2929173, 44.8406944, 0.0 ], [ 12.293189, 44.8406944, 0.0 ], [ 12.2937489, 44.8406944, 0.0 ], [ 12.2937489, 44.8409729, 0.0 ], [ 12.2943048, 44.8409729, 0.0 ], [ 12.2943048, 44.8412514, 0.0 ], [ 12.2951403, 44.8412514, 0.0 ], [ 12.2951403, 44.841526, 0.0 ], [ 12.3054161, 44.841526, 0.0 ], [ 12.3054161, 44.8418045, 0.0 ], [ 12.3090286, 44.8418045, 0.0 ], [ 12.3090286, 44.842083, 0.0 ], [ 12.3093042, 44.842083, 0.0 ], [ 12.3093042, 44.8423615, 0.0 ], [ 12.3095846, 44.8423615, 0.0 ], [ 12.3095846, 44.842083, 0.0 ], [ 12.3101387, 44.842083, 0.0 ], [ 12.3101387, 44.8423615, 0.0 ], [ 12.3104172, 44.8423615, 0.0 ], [ 12.3104172, 44.8427467, 0.0 ], [ 12.3104172, 44.8431931, 0.0 ], [ 12.3106947, 44.8431931, 0.0 ], [ 12.3106947, 44.8434715, 0.0 ], [ 12.3134727, 44.8434715, 0.0 ], [ 12.3134727, 44.8431931, 0.0 ], [ 12.3143053, 44.8431931, 0.0 ], [ 12.3143053, 44.8430519, 0.0 ], [ 12.3143053, 44.8429184, 0.0 ], [ 12.3154602, 44.8429184, 0.0 ], [ 12.3162489, 44.8429184, 0.0 ], [ 12.3162489, 44.8426399, 0.0 ], [ 12.3165274, 44.8426399, 0.0 ], [ 12.3165274, 44.8414917, 0.0 ], [ 12.3165274, 44.8412514, 0.0 ], [ 12.3168049, 44.8412514, 0.0 ], [ 12.3168049, 44.8411179, 0.0 ], [ 12.3168049, 44.8398628, 0.0 ], [ 12.3165274, 44.8398628, 0.0 ], [ 12.3165274, 44.8387489, 0.0 ], [ 12.3162489, 44.8387489, 0.0 ], [ 12.3162489, 44.8379173, 0.0 ], [ 12.3168049, 44.8379173, 0.0 ], [ 12.3168049, 44.8376389, 0.0 ], [ 12.3170834, 44.8376389, 0.0 ], [ 12.3170834, 44.8373604, 0.0 ], [ 12.3176394, 44.8373604, 0.0 ], [ 12.3176394, 44.8370819, 0.0 ], [ 12.3179169, 44.8370819, 0.0 ], [ 12.3179169, 44.8368073, 0.0 ], [ 12.318471, 44.8368073, 0.0 ], [ 12.318471, 44.8365288, 0.0 ], [ 12.3190269, 44.8365288, 0.0 ], [ 12.3190269, 44.8362503, 0.0 ], [ 12.3195829, 44.8362503, 0.0 ], [ 12.3195829, 44.8359718, 0.0 ], [ 12.3201389, 44.8359718, 0.0 ], [ 12.3201389, 44.8356934, 0.0 ], [ 12.3204174, 44.8356934, 0.0 ], [ 12.3204174, 44.8354149, 0.0 ], [ 12.3210716, 44.8354149, 0.0 ], [ 12.321249, 44.8354149, 0.0 ], [ 12.321249, 44.8351746, 0.0 ], [ 12.321805, 44.8351402, 0.0 ], [ 12.321805, 44.8348618, 0.0 ], [ 12.3223619, 44.8348618, 0.0 ], [ 12.3223619, 44.8345833, 0.0 ], [ 12.3226404, 44.8345833, 0.0 ], [ 12.3226404, 44.8343048, 0.0 ], [ 12.3231926, 44.8343048, 0.0 ], [ 12.3231926, 44.8340263, 0.0 ], [ 12.3237495, 44.8340263, 0.0 ], [ 12.3237495, 44.8334732, 0.0 ], [ 12.3243055, 44.8334732, 0.0 ], [ 12.3243055, 44.8331947, 0.0 ], [ 12.324584, 44.8331947, 0.0 ], [ 12.324584, 44.8329163, 0.0 ], [ 12.3254156, 44.8329163, 0.0 ], [ 12.3254156, 44.8326378, 0.0 ], [ 12.3259716, 44.8326378, 0.0 ], [ 12.3259716, 44.8323593, 0.0 ], [ 12.3262501, 44.8323593, 0.0 ], [ 12.3262501, 44.8320847, 0.0 ], [ 12.3268061, 44.8320847, 0.0 ], [ 12.3268061, 44.8318062, 0.0 ], [ 12.3273621, 44.8318062, 0.0 ], [ 12.3273621, 44.8315277, 0.0 ], [ 12.3279181, 44.8315277, 0.0 ], [ 12.3279181, 44.8312492, 0.0 ], [ 12.3281937, 44.8312492, 0.0 ], [ 12.3281937, 44.8309708, 0.0 ], [ 12.3287497, 44.8309708, 0.0 ], [ 12.3287497, 44.8306961, 0.0 ], [ 12.3293056, 44.8306961, 0.0 ], [ 12.3293056, 44.8304176, 0.0 ], [ 12.3295841, 44.8304176, 0.0 ], [ 12.3295841, 44.8301392, 0.0 ], [ 12.3301401, 44.8301392, 0.0 ], [ 12.3301401, 44.8298607, 0.0 ], [ 12.3306942, 44.8298607, 0.0 ], [ 12.3306942, 44.8295822, 0.0 ], [ 12.3309717, 44.8295822, 0.0 ], [ 12.3309717, 44.8293037, 0.0 ], [ 12.3315277, 44.8293037, 0.0 ], [ 12.3315277, 44.8290291, 0.0 ], [ 12.3318062, 44.8290291, 0.0 ], [ 12.3318062, 44.8287506, 0.0 ], [ 12.3320837, 44.8287506, 0.0 ], [ 12.3320837, 44.8284721, 0.0 ], [ 12.3323603, 44.8284721, 0.0 ], [ 12.3323603, 44.8281937, 0.0 ], [ 12.3326378, 44.8281937, 0.0 ], [ 12.3326378, 44.8268051, 0.0 ], [ 12.3329163, 44.8268051, 0.0 ], [ 12.3329163, 44.8259735, 0.0 ], [ 12.3331938, 44.8259735, 0.0 ], [ 12.3331938, 44.8254166, 0.0 ], [ 12.3334723, 44.8254166, 0.0 ], [ 12.3334723, 44.8248596, 0.0 ], [ 12.3337498, 44.8248596, 0.0 ], [ 12.3337498, 44.8246155, 0.0 ], [ 12.3340282, 44.824585, 0.0 ], [ 12.3340282, 44.8244247, 0.0 ], [ 12.3340282, 44.8243065, 0.0 ], [ 12.334199, 44.8243065, 0.0 ], [ 12.3343058, 44.8243065, 0.0 ], [ 12.3343058, 44.824028, 0.0 ], [ 12.3346004, 44.824028, 0.0 ], [ 12.3348598, 44.824028, 0.0 ], [ 12.3348598, 44.8237495, 0.0 ], [ 12.3350039, 44.8237495, 0.0 ], [ 12.3354158, 44.8237495, 0.0 ], [ 12.3354158, 44.8234711, 0.0 ], [ 12.3368044, 44.8234711, 0.0 ], [ 12.3368044, 44.8231926, 0.0 ], [ 12.3370819, 44.8231926, 0.0 ], [ 12.3370848, 44.8223076, 0.0 ], [ 12.3370848, 44.8220825, 0.0 ], [ 12.3373613, 44.8220825, 0.0 ], [ 12.3373613, 44.8215294, 0.0 ], [ 12.3376389, 44.8215294, 0.0 ], [ 12.3376389, 44.8209724, 0.0 ], [ 12.3379173, 44.8209724, 0.0 ], [ 12.3379173, 44.8204155, 0.0 ], [ 12.3381948, 44.8204155, 0.0 ], [ 12.3381948, 44.8198624, 0.0 ], [ 12.3384733, 44.8198624, 0.0 ], [ 12.3384733, 44.8193054, 0.0 ], [ 12.3387508, 44.8193054, 0.0 ], [ 12.3387508, 44.8187485, 0.0 ], [ 12.3390274, 44.8187485, 0.0 ], [ 12.3390274, 44.818409, 0.0 ], [ 12.3390274, 44.8179169, 0.0 ], [ 12.3393068, 44.8179169, 0.0 ], [ 12.3393068, 44.8170853, 0.0 ], [ 12.3401394, 44.8170853, 0.0 ], [ 12.3401394, 44.8173599, 0.0 ], [ 12.3406954, 44.8173599, 0.0 ], [ 12.3406954, 44.8176384, 0.0 ], [ 12.3409729, 44.8176384, 0.0 ], [ 12.3409729, 44.8173599, 0.0 ], [ 12.3415289, 44.8173599, 0.0 ], [ 12.3415289, 44.8176384, 0.0 ], [ 12.342083, 44.8176384, 0.0 ], [ 12.342083, 44.8181953, 0.0 ], [ 12.342639, 44.8181953, 0.0 ], [ 12.342639, 44.8184738, 0.0 ], [ 12.3465271, 44.8184738, 0.0 ], [ 12.3465271, 44.8181953, 0.0 ], [ 12.3484735, 44.8181953, 0.0 ], [ 12.3484735, 44.8179169, 0.0 ], [ 12.3487492, 44.8179169, 0.0 ], [ 12.3487492, 44.8176384, 0.0 ], [ 12.3493052, 44.8176384, 0.0 ], [ 12.3493052, 44.8173599, 0.0 ], [ 12.3495836, 44.8173599, 0.0 ], [ 12.3495836, 44.8170853, 0.0 ], [ 12.3504181, 44.8170815, 0.0 ], [ 12.3504181, 44.8168068, 0.0 ], [ 12.3509722, 44.8168068, 0.0 ], [ 12.3509722, 44.8165283, 0.0 ], [ 12.3512497, 44.8165283, 0.0 ], [ 12.3512497, 44.8162498, 0.0 ], [ 12.3515282, 44.8162498, 0.0 ], [ 12.3515282, 44.8156929, 0.0 ], [ 12.3520842, 44.8156929, 0.0 ], [ 12.3520842, 44.8154182, 0.0 ], [ 12.3523617, 44.8154182, 0.0 ], [ 12.3523617, 44.8148613, 0.0 ], [ 12.3526402, 44.8148613, 0.0 ], [ 12.3526402, 44.8145828, 0.0 ], [ 12.3529158, 44.8145828, 0.0 ], [ 12.3529158, 44.8143044, 0.0 ], [ 12.3531942, 44.8143044, 0.0 ], [ 12.3531942, 44.8140297, 0.0 ], [ 12.3534718, 44.8140259, 0.0 ], [ 12.3534718, 44.8137512, 0.0 ], [ 12.3537502, 44.8137512, 0.0 ], [ 12.3537502, 44.8134727, 0.0 ], [ 12.3540277, 44.8134727, 0.0 ], [ 12.3540277, 44.8131943, 0.0 ], [ 12.3545837, 44.8131943, 0.0 ], [ 12.3545837, 44.8129158, 0.0 ], [ 12.3548622, 44.8129158, 0.0 ], [ 12.3548622, 44.8115273, 0.0 ], [ 12.3570843, 44.8115273, 0.0 ], [ 12.3570843, 44.8112488, 0.0 ], [ 12.3576403, 44.8112488, 0.0 ], [ 12.3576403, 44.8109741, 0.0 ], [ 12.3593063, 44.8109741, 0.0 ], [ 12.3593063, 44.8106956, 0.0 ], [ 12.3598623, 44.8106956, 0.0 ], [ 12.3598623, 44.8104172, 0.0 ], [ 12.3612499, 44.8104172, 0.0 ], [ 12.3612499, 44.8101387, 0.0 ], [ 12.3620815, 44.8101387, 0.0 ], [ 12.3620815, 44.8095818, 0.0 ], [ 12.3631954, 44.8095818, 0.0 ], [ 12.3631954, 44.8093071, 0.0 ], [ 12.3637514, 44.8093071, 0.0 ], [ 12.3637514, 44.8090286, 0.0 ], [ 12.3640289, 44.8090286, 0.0 ], [ 12.3640289, 44.8087502, 0.0 ], [ 12.3643036, 44.8087502, 0.0 ], [ 12.3643036, 44.8084717, 0.0 ], [ 12.3648605, 44.8084717, 0.0 ], [ 12.3648605, 44.8081932, 0.0 ], [ 12.365139, 44.8081932, 0.0 ], [ 12.365139, 44.8079185, 0.0 ], [ 12.365695, 44.8079185, 0.0 ], [ 12.365695, 44.8076401, 0.0 ], [ 12.3659735, 44.8076401, 0.0 ], [ 12.3659735, 44.8073616, 0.0 ], [ 12.366251, 44.8073616, 0.0 ], [ 12.366251, 44.8070831, 0.0 ], [ 12.366807, 44.8070831, 0.0 ], [ 12.366807, 44.8068047, 0.0 ], [ 12.3670826, 44.8068047, 0.0 ], [ 12.3670826, 44.8065262, 0.0 ], [ 12.3676386, 44.8065262, 0.0 ], [ 12.3676386, 44.8062515, 0.0 ], [ 12.3679171, 44.8062515, 0.0 ], [ 12.3679171, 44.8059731, 0.0 ], [ 12.3676386, 44.8059731, 0.0 ], [ 12.3676386, 44.8056946, 0.0 ], [ 12.3679171, 44.8056946, 0.0 ], [ 12.3679171, 44.8054161, 0.0 ], [ 12.3681946, 44.8054161, 0.0 ], [ 12.3681946, 44.8051376, 0.0 ], [ 12.3684731, 44.8051376, 0.0 ], [ 12.3684731, 44.804863, 0.0 ], [ 12.3687487, 44.804863, 0.0 ], [ 12.3687487, 44.8045845, 0.0 ], [ 12.3693047, 44.8045845, 0.0 ], [ 12.3693047, 44.804306, 0.0 ], [ 12.3695831, 44.804306, 0.0 ], [ 12.3695831, 44.8040276, 0.0 ], [ 12.3698606, 44.8040276, 0.0 ], [ 12.3698606, 44.8037491, 0.0 ], [ 12.3701391, 44.8037491, 0.0 ], [ 12.3701391, 44.8034706, 0.0 ], [ 12.3706951, 44.8034706, 0.0 ], [ 12.3706951, 44.803196, 0.0 ], [ 12.3709726, 44.803196, 0.0 ], [ 12.3709726, 44.8029175, 0.0 ], [ 12.3715267, 44.8029175, 0.0 ], [ 12.3715267, 44.802639, 0.0 ], [ 12.3718052, 44.802639, 0.0 ], [ 12.3718052, 44.8023605, 0.0 ], [ 12.3723612, 44.8023605, 0.0 ], [ 12.3723612, 44.8020821, 0.0 ], [ 12.3726387, 44.8020821, 0.0 ], [ 12.3726387, 44.8018074, 0.0 ], [ 12.3731947, 44.8018074, 0.0 ], [ 12.3731947, 44.8015289, 0.0 ], [ 12.3734713, 44.8015289, 0.0 ], [ 12.3734713, 44.8012505, 0.0 ], [ 12.3740273, 44.8012505, 0.0 ], [ 12.3740273, 44.800972, 0.0 ], [ 12.3743048, 44.800972, 0.0 ], [ 12.3743048, 44.8006935, 0.0 ], [ 12.3745832, 44.8006935, 0.0 ], [ 12.3745832, 44.800415, 0.0 ], [ 12.3748608, 44.800415, 0.0 ], [ 12.3748608, 44.7998619, 0.0 ], [ 12.3751392, 44.7998619, 0.0 ], [ 12.3751392, 44.7995834, 0.0 ], [ 12.3754177, 44.7995834, 0.0 ], [ 12.3754177, 44.7990265, 0.0 ], [ 12.3737488, 44.7990265, 0.0 ], [ 12.3737488, 44.7987518, 0.0 ], [ 12.3734713, 44.7987518, 0.0 ], [ 12.3734713, 44.7981949, 0.0 ], [ 12.3729172, 44.7981949, 0.0 ], [ 12.3729172, 44.7979164, 0.0 ], [ 12.3723612, 44.7979164, 0.0 ], [ 12.3723612, 44.7976379, 0.0 ], [ 12.3715267, 44.7976379, 0.0 ], [ 12.3715267, 44.7973595, 0.0 ], [ 12.3709726, 44.7973595, 0.0 ], [ 12.3709726, 44.7968063, 0.0 ], [ 12.3712511, 44.7968063, 0.0 ], [ 12.3712511, 44.7965279, 0.0 ], [ 12.3718052, 44.7965279, 0.0 ], [ 12.3718052, 44.7962494, 0.0 ], [ 12.3723612, 44.7962494, 0.0 ], [ 12.3723612, 44.7959709, 0.0 ], [ 12.3729172, 44.7959709, 0.0 ], [ 12.3729172, 44.7954178, 0.0 ], [ 12.3726387, 44.7954178, 0.0 ], [ 12.3726387, 44.7943039, 0.0 ], [ 12.3723612, 44.7943039, 0.0 ], [ 12.3723612, 44.7934723, 0.0 ], [ 12.3720827, 44.7934723, 0.0 ], [ 12.3720827, 44.7929153, 0.0 ], [ 12.3723612, 44.7929153, 0.0 ], [ 12.3723612, 44.7926407, 0.0 ], [ 12.3726387, 44.7926407, 0.0 ], [ 12.3726387, 44.7923622, 0.0 ], [ 12.3729172, 44.7923622, 0.0 ], [ 12.3729172, 44.7920837, 0.0 ], [ 12.3734713, 44.7920837, 0.0 ], [ 12.3734713, 44.7918053, 0.0 ], [ 12.3737488, 44.7918053, 0.0 ], [ 12.3737488, 44.7912483, 0.0 ], [ 12.3740273, 44.7912483, 0.0 ], [ 12.3740273, 44.7909737, 0.0 ], [ 12.3759708, 44.7909737, 0.0 ], [ 12.3759708, 44.7906952, 0.0 ], [ 12.3776398, 44.7906952, 0.0 ], [ 12.3776398, 44.7904167, 0.0 ], [ 12.3795843, 44.7904167, 0.0 ], [ 12.3795843, 44.7901382, 0.0 ], [ 12.3804178, 44.7901382, 0.0 ], [ 12.3804178, 44.7898598, 0.0 ], [ 12.3812504, 44.7898598, 0.0 ], [ 12.3812504, 44.7901382, 0.0 ], [ 12.3815279, 44.7901382, 0.0 ], [ 12.3815279, 44.7898598, 0.0 ], [ 12.3845844, 44.7898598, 0.0 ], [ 12.3845844, 44.7895851, 0.0 ], [ 12.38486, 44.7895851, 0.0 ], [ 12.38486, 44.7898598, 0.0 ], [ 12.3851376, 44.7898598, 0.0 ], [ 12.3851376, 44.7895851, 0.0 ], [ 12.386528, 44.7895851, 0.0 ], [ 12.386528, 44.7893066, 0.0 ], [ 12.3868055, 44.7893066, 0.0 ], [ 12.3868055, 44.7890282, 0.0 ], [ 12.3870821, 44.7890282, 0.0 ], [ 12.3870821, 44.7884712, 0.0 ], [ 12.3873615, 44.7884712, 0.0 ], [ 12.3873615, 44.7881927, 0.0 ], [ 12.3884716, 44.7881927, 0.0 ], [ 12.3884716, 44.7879181, 0.0 ], [ 12.3887501, 44.7879181, 0.0 ], [ 12.3887501, 44.7873611, 0.0 ], [ 12.3881941, 44.7873611, 0.0 ], [ 12.3881941, 44.7870827, 0.0 ], [ 12.3876381, 44.7870827, 0.0 ], [ 12.3876381, 44.7868042, 0.0 ], [ 12.3873615, 44.7868042, 0.0 ], [ 12.3873615, 44.7865295, 0.0 ], [ 12.3870821, 44.7865295, 0.0 ], [ 12.3870821, 44.7862511, 0.0 ], [ 12.3868055, 44.7862511, 0.0 ], [ 12.3868055, 44.7859726, 0.0 ], [ 12.3856936, 44.7859726, 0.0 ], [ 12.3856936, 44.7857971, 0.0 ], [ 12.3856936, 44.7856941, 0.0 ], [ 12.382638, 44.7856941, 0.0 ], [ 12.382638, 44.7854156, 0.0 ], [ 12.3815279, 44.7854156, 0.0 ], [ 12.3815279, 44.7851372, 0.0 ], [ 12.3798618, 44.7851372, 0.0 ], [ 12.3798618, 44.7854156, 0.0 ], [ 12.3770838, 44.7854156, 0.0 ], [ 12.3770838, 44.7856941, 0.0 ], [ 12.3754177, 44.7856941, 0.0 ], [ 12.3754177, 44.7854156, 0.0 ], [ 12.3731947, 44.7854156, 0.0 ], [ 12.3731947, 44.7856941, 0.0 ], [ 12.3720827, 44.7856941, 0.0 ], [ 12.3720827, 44.7859726, 0.0 ], [ 12.3715267, 44.7859726, 0.0 ], [ 12.3715267, 44.7862511, 0.0 ], [ 12.3701391, 44.7862511, 0.0 ], [ 12.3701391, 44.7865295, 0.0 ], [ 12.3681946, 44.7865295, 0.0 ], [ 12.3681946, 44.7868042, 0.0 ], [ 12.366807, 44.7868042, 0.0 ], [ 12.3668051, 44.7870827, 0.0 ], [ 12.3648605, 44.7870827, 0.0 ], [ 12.3648605, 44.7868042, 0.0 ], [ 12.3640289, 44.7868042, 0.0 ], [ 12.3640289, 44.7870827, 0.0 ], [ 12.3637514, 44.7870827, 0.0 ], [ 12.3637514, 44.7873611, 0.0 ], [ 12.362916, 44.7873611, 0.0 ], [ 12.362916, 44.7876396, 0.0 ], [ 12.36236, 44.7876396, 0.0 ], [ 12.36236, 44.7873611, 0.0 ], [ 12.3615284, 44.7873611, 0.0 ], [ 12.3615284, 44.7876396, 0.0 ], [ 12.3604164, 44.7876396, 0.0 ], [ 12.3604164, 44.7879181, 0.0 ], [ 12.3590279, 44.7879181, 0.0 ], [ 12.3590279, 44.7881927, 0.0 ], [ 12.3579159, 44.7881927, 0.0 ], [ 12.3579159, 44.7884712, 0.0 ], [ 12.3554163, 44.7884712, 0.0 ], [ 12.3554163, 44.7887497, 0.0 ], [ 12.3534718, 44.7887497, 0.0 ], [ 12.3534718, 44.7890282, 0.0 ], [ 12.3523617, 44.7890282, 0.0 ], [ 12.3523617, 44.7893066, 0.0 ], [ 12.3515282, 44.7893066, 0.0 ], [ 12.3515282, 44.7895851, 0.0 ], [ 12.3498621, 44.7895851, 0.0 ], [ 12.3498621, 44.7898598, 0.0 ], [ 12.3484735, 44.7898598, 0.0 ], [ 12.3484735, 44.7901382, 0.0 ], [ 12.3473606, 44.7901382, 0.0 ], [ 12.3473606, 44.7904167, 0.0 ], [ 12.3468046, 44.7904167, 0.0 ], [ 12.3468046, 44.7906952, 0.0 ], [ 12.3462486, 44.7906952, 0.0 ], [ 12.3462486, 44.7909737, 0.0 ], [ 12.344861, 44.7909737, 0.0 ], [ 12.344861, 44.7912483, 0.0 ], [ 12.343749, 44.7912483, 0.0 ], [ 12.343749, 44.7915268, 0.0 ], [ 12.3434734, 44.7915268, 0.0 ], [ 12.3434734, 44.7918053, 0.0 ], [ 12.343195, 44.7918053, 0.0 ], [ 12.343195, 44.7920837, 0.0 ], [ 12.342639, 44.7920837, 0.0 ], [ 12.342639, 44.7923622, 0.0 ], [ 12.342083, 44.7923622, 0.0 ], [ 12.342083, 44.7920837, 0.0 ], [ 12.3415289, 44.7920837, 0.0 ], [ 12.3415289, 44.7923622, 0.0 ], [ 12.3409729, 44.7923622, 0.0 ], [ 12.3409729, 44.7926407, 0.0 ], [ 12.3384733, 44.7926407, 0.0 ], [ 12.3384733, 44.7929153, 0.0 ], [ 12.3376389, 44.7929153, 0.0 ], [ 12.3376389, 44.7931938, 0.0 ], [ 12.3365288, 44.7931938, 0.0 ], [ 12.3365288, 44.7934723, 0.0 ], [ 12.3354158, 44.7934723, 0.0 ], [ 12.3354158, 44.7937508, 0.0 ], [ 12.3348598, 44.7937508, 0.0 ], [ 12.3348598, 44.7940292, 0.0 ], [ 12.3331938, 44.7940292, 0.0 ], [ 12.3331938, 44.7943039, 0.0 ], [ 12.3326378, 44.7943039, 0.0 ], [ 12.3326378, 44.7945824, 0.0 ], [ 12.3320837, 44.7945824, 0.0 ], [ 12.3320837, 44.7948608, 0.0 ], [ 12.3315277, 44.7948608, 0.0 ], [ 12.3315277, 44.7951393, 0.0 ], [ 12.3309717, 44.7951393, 0.0 ], [ 12.3309717, 44.7954178, 0.0 ], [ 12.3295841, 44.7954178, 0.0 ], [ 12.3295841, 44.7956963, 0.0 ], [ 12.3293056, 44.7956963, 0.0 ], [ 12.3293056, 44.7959709, 0.0 ], [ 12.3281937, 44.7959709, 0.0 ], [ 12.3281937, 44.7962494, 0.0 ], [ 12.3276377, 44.7962494, 0.0 ], [ 12.3276377, 44.7965279, 0.0 ], [ 12.3270836, 44.7965279, 0.0 ], [ 12.3270836, 44.7968063, 0.0 ], [ 12.3265276, 44.7968063, 0.0 ], [ 12.3265276, 44.7965279, 0.0 ], [ 12.3256941, 44.7965279, 0.0 ], [ 12.3256941, 44.7962494, 0.0 ], [ 12.3259716, 44.7962494, 0.0 ], [ 12.3259716, 44.7959709, 0.0 ], [ 12.3265276, 44.7959709, 0.0 ], [ 12.3265276, 44.7956963, 0.0 ], [ 12.3273621, 44.7956963, 0.0 ], [ 12.3273621, 44.7954178, 0.0 ], [ 12.3287497, 44.7954178, 0.0 ], [ 12.3287497, 44.7951393, 0.0 ], [ 12.3293056, 44.7951393, 0.0 ], [ 12.3293056, 44.7948608, 0.0 ], [ 12.3295841, 44.7948608, 0.0 ], [ 12.3295841, 44.7945824, 0.0 ], [ 12.3298597, 44.7945824, 0.0 ], [ 12.3298597, 44.7943039, 0.0 ], [ 12.3301401, 44.7943039, 0.0 ], [ 12.3301401, 44.7940292, 0.0 ], [ 12.3306942, 44.7940292, 0.0 ], [ 12.3306942, 44.7937508, 0.0 ], [ 12.3312502, 44.7937508, 0.0 ], [ 12.3312502, 44.7934723, 0.0 ], [ 12.3320837, 44.7934723, 0.0 ], [ 12.3320837, 44.7931938, 0.0 ], [ 12.3329163, 44.7931938, 0.0 ], [ 12.3329163, 44.7929153, 0.0 ], [ 12.3343058, 44.7929153, 0.0 ], [ 12.3343058, 44.7926407, 0.0 ], [ 12.3351383, 44.7926407, 0.0 ], [ 12.3351383, 44.7923622, 0.0 ], [ 12.3362513, 44.7923622, 0.0 ], [ 12.3362513, 44.7920837, 0.0 ], [ 12.3373613, 44.7920837, 0.0 ], [ 12.3373613, 44.7918053, 0.0 ], [ 12.3381948, 44.7918053, 0.0 ], [ 12.3381948, 44.7915268, 0.0 ], [ 12.3395834, 44.7915268, 0.0 ], [ 12.3395834, 44.7912483, 0.0 ], [ 12.3401394, 44.7912483, 0.0 ], [ 12.3401394, 44.7909737, 0.0 ], [ 12.3412514, 44.7909737, 0.0 ], [ 12.3412514, 44.7906952, 0.0 ], [ 12.3418055, 44.7906952, 0.0 ], [ 12.3418055, 44.7904167, 0.0 ], [ 12.342639, 44.7904167, 0.0 ], [ 12.342639, 44.7901382, 0.0 ], [ 12.3445826, 44.7901382, 0.0 ], [ 12.3445826, 44.7898598, 0.0 ], [ 12.3459711, 44.7898598, 0.0 ], [ 12.3459711, 44.7895851, 0.0 ], [ 12.3462486, 44.7895851, 0.0 ], [ 12.3462486, 44.7893066, 0.0 ], [ 12.3468046, 44.7893066, 0.0 ], [ 12.3468046, 44.7890282, 0.0 ], [ 12.3481932, 44.7890282, 0.0 ], [ 12.3481932, 44.7887497, 0.0 ], [ 12.3495836, 44.7887497, 0.0 ], [ 12.3495836, 44.7884712, 0.0 ], [ 12.3504181, 44.7884712, 0.0 ], [ 12.3504181, 44.7881927, 0.0 ], [ 12.3512497, 44.7881927, 0.0 ], [ 12.3512497, 44.7879181, 0.0 ], [ 12.3523617, 44.7879181, 0.0 ], [ 12.3523617, 44.7876396, 0.0 ], [ 12.3526402, 44.7876396, 0.0 ], [ 12.3526402, 44.7873611, 0.0 ], [ 12.3529158, 44.7873611, 0.0 ], [ 12.3529158, 44.7870827, 0.0 ], [ 12.3534718, 44.7870827, 0.0 ], [ 12.3534718, 44.7868042, 0.0 ], [ 12.3543062, 44.7868042, 0.0 ], [ 12.3543062, 44.7862511, 0.0 ], [ 12.3520842, 44.7862511, 0.0 ], [ 12.3520842, 44.7865295, 0.0 ], [ 12.3515282, 44.7865295, 0.0 ], [ 12.3515282, 44.7868042, 0.0 ], [ 12.3512497, 44.7868042, 0.0 ], [ 12.3512497, 44.7870827, 0.0 ], [ 12.3493052, 44.7870827, 0.0 ], [ 12.3493052, 44.7873611, 0.0 ], [ 12.3476391, 44.7873611, 0.0 ], [ 12.3476391, 44.7876396, 0.0 ], [ 12.3473606, 44.7876396, 0.0 ], [ 12.3473606, 44.7879181, 0.0 ], [ 12.3470831, 44.7879181, 0.0 ], [ 12.3470831, 44.7881927, 0.0 ], [ 12.3465271, 44.7881927, 0.0 ], [ 12.3465271, 44.7884712, 0.0 ], [ 12.3459711, 44.7884712, 0.0 ], [ 12.3459711, 44.7887497, 0.0 ], [ 12.3456945, 44.7887497, 0.0 ], [ 12.3456945, 44.7890282, 0.0 ], [ 12.345417, 44.7890282, 0.0 ], [ 12.345417, 44.7893066, 0.0 ], [ 12.344861, 44.7893066, 0.0 ], [ 12.344861, 44.7895851, 0.0 ], [ 12.344305, 44.7895851, 0.0 ], [ 12.344305, 44.7893066, 0.0 ], [ 12.3440266, 44.7893066, 0.0 ], [ 12.3440266, 44.7890282, 0.0 ], [ 12.344305, 44.7890282, 0.0 ], [ 12.344305, 44.7887497, 0.0 ], [ 12.344861, 44.7887497, 0.0 ], [ 12.344861, 44.7884712, 0.0 ], [ 12.3451385, 44.7884712, 0.0 ], [ 12.3451385, 44.7881927, 0.0 ], [ 12.3456945, 44.7881927, 0.0 ], [ 12.3456945, 44.7879181, 0.0 ], [ 12.3459711, 44.7879181, 0.0 ], [ 12.3459711, 44.7876396, 0.0 ], [ 12.3465271, 44.7876396, 0.0 ], [ 12.3465271, 44.7873611, 0.0 ], [ 12.3468046, 44.7873611, 0.0 ], [ 12.3468046, 44.7870827, 0.0 ], [ 12.3470831, 44.7870827, 0.0 ], [ 12.3470831, 44.7868042, 0.0 ], [ 12.344861, 44.7868042, 0.0 ], [ 12.344861, 44.7870827, 0.0 ], [ 12.3440266, 44.7870827, 0.0 ], [ 12.3440266, 44.7873611, 0.0 ], [ 12.3434734, 44.7873611, 0.0 ], [ 12.3434734, 44.7876396, 0.0 ], [ 12.3429174, 44.7876396, 0.0 ], [ 12.3429174, 44.7879181, 0.0 ], [ 12.342639, 44.7879181, 0.0 ], [ 12.342639, 44.7881927, 0.0 ], [ 12.3418055, 44.7881927, 0.0 ], [ 12.3418055, 44.7884712, 0.0 ], [ 12.3401394, 44.7884712, 0.0 ], [ 12.3401394, 44.7887497, 0.0 ], [ 12.3398609, 44.7887497, 0.0 ], [ 12.3398609, 44.7884712, 0.0 ], [ 12.3395834, 44.7884712, 0.0 ], [ 12.3395834, 44.7881927, 0.0 ], [ 12.3393068, 44.7881927, 0.0 ], [ 12.3393068, 44.7879181, 0.0 ], [ 12.3390274, 44.7879181, 0.0 ], [ 12.3390274, 44.7876396, 0.0 ], [ 12.3387508, 44.7876396, 0.0 ], [ 12.3387508, 44.7879181, 0.0 ], [ 12.3376389, 44.7879181, 0.0 ], [ 12.3376389, 44.7881927, 0.0 ], [ 12.3365288, 44.7881927, 0.0 ], [ 12.3365288, 44.7884712, 0.0 ], [ 12.3354158, 44.7884712, 0.0 ], [ 12.3354158, 44.7887497, 0.0 ], [ 12.3348598, 44.7887497, 0.0 ], [ 12.3348598, 44.7890282, 0.0 ], [ 12.3340282, 44.7890282, 0.0 ], [ 12.3340282, 44.7893066, 0.0 ], [ 12.3337498, 44.7893066, 0.0 ], [ 12.3337498, 44.7895851, 0.0 ], [ 12.3334723, 44.7895851, 0.0 ], [ 12.3334723, 44.7898598, 0.0 ], [ 12.3329163, 44.7898598, 0.0 ], [ 12.3329163, 44.7895851, 0.0 ], [ 12.3326378, 44.7895851, 0.0 ], [ 12.3326378, 44.7898598, 0.0 ], [ 12.3323603, 44.7898598, 0.0 ], [ 12.3323603, 44.7895851, 0.0 ], [ 12.3315277, 44.7895851, 0.0 ], [ 12.3315277, 44.7904167, 0.0 ], [ 12.3312502, 44.7904167, 0.0 ], [ 12.3312502, 44.7906952, 0.0 ], [ 12.3309717, 44.7906952, 0.0 ], [ 12.3309717, 44.7904167, 0.0 ], [ 12.3301401, 44.7904167, 0.0 ], [ 12.3301401, 44.7901382, 0.0 ], [ 12.3298597, 44.7901382, 0.0 ], [ 12.3298597, 44.7898598, 0.0 ], [ 12.3301401, 44.7898598, 0.0 ], [ 12.3301401, 44.7895851, 0.0 ], [ 12.3304157, 44.7895851, 0.0 ], [ 12.3304157, 44.7893066, 0.0 ], [ 12.3312502, 44.7893066, 0.0 ], [ 12.3312502, 44.7890282, 0.0 ], [ 12.3315277, 44.7890282, 0.0 ], [ 12.3315277, 44.7887497, 0.0 ], [ 12.3318062, 44.7887497, 0.0 ], [ 12.3318062, 44.7884712, 0.0 ], [ 12.3320837, 44.7884712, 0.0 ], [ 12.3320837, 44.7881927, 0.0 ], [ 12.3326378, 44.7881927, 0.0 ], [ 12.3326378, 44.7879181, 0.0 ], [ 12.3329163, 44.7879181, 0.0 ], [ 12.3329163, 44.7876396, 0.0 ], [ 12.3334723, 44.7876396, 0.0 ], [ 12.3334723, 44.7873611, 0.0 ], [ 12.3345823, 44.7873611, 0.0 ], [ 12.3345823, 44.7870827, 0.0 ], [ 12.3356943, 44.7870827, 0.0 ], [ 12.3356943, 44.7868042, 0.0 ], [ 12.3390274, 44.7868042, 0.0 ], [ 12.3390274, 44.7865295, 0.0 ], [ 12.3401394, 44.7865295, 0.0 ], [ 12.3401394, 44.7862511, 0.0 ], [ 12.3412514, 44.7862511, 0.0 ], [ 12.3412514, 44.7859726, 0.0 ], [ 12.3418055, 44.7859726, 0.0 ], [ 12.3418055, 44.7856941, 0.0 ], [ 12.3434734, 44.7856941, 0.0 ], [ 12.3434734, 44.7859726, 0.0 ], [ 12.344305, 44.7859726, 0.0 ], [ 12.344305, 44.7856941, 0.0 ], [ 12.3504181, 44.7856941, 0.0 ], [ 12.3504181, 44.7854156, 0.0 ], [ 12.3518057, 44.7854156, 0.0 ], [ 12.3518057, 44.7856941, 0.0 ], [ 12.3523617, 44.7856941, 0.0 ], [ 12.3523617, 44.7854156, 0.0 ], [ 12.3526402, 44.7854156, 0.0 ], [ 12.3526402, 44.7851372, 0.0 ], [ 12.3554163, 44.7851372, 0.0 ], [ 12.3554163, 44.7854156, 0.0 ], [ 12.3556938, 44.7854156, 0.0 ], [ 12.3556938, 44.7856941, 0.0 ], [ 12.3562498, 44.7856941, 0.0 ], [ 12.3562498, 44.7854156, 0.0 ], [ 12.3581944, 44.7854156, 0.0 ], [ 12.3581944, 44.7856941, 0.0 ], [ 12.3606939, 44.7856941, 0.0 ], [ 12.3606939, 44.7854156, 0.0 ], [ 12.3612499, 44.7854156, 0.0 ], [ 12.3612499, 44.7851372, 0.0 ], [ 12.3620815, 44.7851372, 0.0 ], [ 12.3620815, 44.7854156, 0.0 ], [ 12.36236, 44.7854156, 0.0 ], [ 12.36236, 44.7851372, 0.0 ], [ 12.3648605, 44.7851372, 0.0 ], [ 12.3648605, 44.7848625, 0.0 ], [ 12.3654165, 44.7848625, 0.0 ], [ 12.3654165, 44.7851372, 0.0 ], [ 12.365695, 44.7851372, 0.0 ], [ 12.365695, 44.7848625, 0.0 ], [ 12.3687487, 44.7848625, 0.0 ], [ 12.3687487, 44.784584, 0.0 ], [ 12.3748608, 44.784584, 0.0 ], [ 12.3748608, 44.7843056, 0.0 ], [ 12.3776398, 44.7843056, 0.0 ], [ 12.3776398, 44.7840271, 0.0 ], [ 12.3809719, 44.7840271, 0.0 ], [ 12.3809719, 44.7843056, 0.0 ], [ 12.3820839, 44.7843056, 0.0 ], [ 12.3820839, 44.7840271, 0.0 ], [ 12.382638, 44.7840271, 0.0 ], [ 12.382638, 44.7837486, 0.0 ], [ 12.38375, 44.7837486, 0.0 ], [ 12.38375, 44.7840271, 0.0 ], [ 12.3851376, 44.7840271, 0.0 ], [ 12.3851376, 44.7843056, 0.0 ], [ 12.3856936, 44.7843056, 0.0 ], [ 12.3856936, 44.784584, 0.0 ], [ 12.3870821, 44.784584, 0.0 ], [ 12.3870821, 44.7848625, 0.0 ], [ 12.3881941, 44.7848625, 0.0 ], [ 12.3881941, 44.7851372, 0.0 ], [ 12.3887501, 44.7851372, 0.0 ], [ 12.3887501, 44.7854156, 0.0 ], [ 12.3893042, 44.7854156, 0.0 ], [ 12.3893042, 44.7856941, 0.0 ], [ 12.3895845, 44.7856941, 0.0 ], [ 12.3895845, 44.7859726, 0.0 ], [ 12.3901377, 44.7859726, 0.0 ], [ 12.3901377, 44.7862511, 0.0 ], [ 12.3904171, 44.7862511, 0.0 ], [ 12.3904171, 44.7865295, 0.0 ], [ 12.3906946, 44.7865295, 0.0 ], [ 12.3906946, 44.7868042, 0.0 ], [ 12.3909731, 44.7868042, 0.0 ], [ 12.3909731, 44.7870827, 0.0 ], [ 12.3915291, 44.7870827, 0.0 ], [ 12.3915291, 44.7873611, 0.0 ], [ 12.3916817, 44.7873611, 0.0 ], [ 12.3918047, 44.7874107, 0.0 ], [ 12.3918047, 44.7876396, 0.0 ], [ 12.3923607, 44.7876396, 0.0 ], [ 12.3923607, 44.7879181, 0.0 ], [ 12.3926392, 44.7879181, 0.0 ], [ 12.3926392, 44.7881927, 0.0 ], [ 12.3929167, 44.7881927, 0.0 ], [ 12.3929167, 44.7884712, 0.0 ], [ 12.3940268, 44.7884712, 0.0 ], [ 12.3940268, 44.7887497, 0.0 ], [ 12.3945827, 44.7887497, 0.0 ], [ 12.3945827, 44.7890282, 0.0 ], [ 12.3948612, 44.7890282, 0.0 ], [ 12.3948612, 44.7893066, 0.0 ], [ 12.3951387, 44.7893066, 0.0 ], [ 12.3950796, 44.7895317, 0.0 ], [ 12.3954172, 44.7895851, 0.0 ], [ 12.3954172, 44.7898598, 0.0 ], [ 12.3959732, 44.7898598, 0.0 ], [ 12.3959732, 44.7901382, 0.0 ], [ 12.3967009, 44.7901382, 0.0 ], [ 12.3970833, 44.7901382, 0.0 ], [ 12.3970833, 44.7905426, 0.0 ], [ 12.3970833, 44.7909737, 0.0 ], [ 12.3973608, 44.7909737, 0.0 ], [ 12.3973608, 44.7918053, 0.0 ], [ 12.3979168, 44.7918053, 0.0 ], [ 12.3979168, 44.7920837, 0.0 ], [ 12.3981953, 44.7920914, 0.0 ], [ 12.3981953, 44.7923622, 0.0 ], [ 12.398344, 44.7923622, 0.0 ], [ 12.3984709, 44.7923622, 0.0 ], [ 12.3984966, 44.7926407, 0.0 ], [ 12.3990812, 44.7937012, 0.0 ], [ 12.3962021, 44.7950363, 0.0 ], [ 12.3952808, 44.7953606, 0.0 ], [ 12.394455, 44.7956543, 0.0 ], [ 12.3912001, 44.7968407, 0.0 ], [ 12.3892603, 44.7976036, 0.0 ], [ 12.3826666, 44.8007507, 0.0 ], [ 12.3803263, 44.8020172, 0.0 ], [ 12.358345, 44.8145218, 0.0 ], [ 12.3561668, 44.8159981, 0.0 ], [ 12.3542557, 44.8179474, 0.0 ], [ 12.3541412, 44.8181229, 0.0 ], [ 12.3527222, 44.8202782, 0.0 ], [ 12.3471203, 44.8303337, 0.0 ], [ 12.3458319, 44.8349991, 0.0 ], [ 12.3455315, 44.8360901, 0.0 ], [ 12.3448677, 44.8395004, 0.0 ], [ 12.3447151, 44.8409996, 0.0 ], [ 12.3446579, 44.8418579, 0.0 ], [ 12.3446007, 44.8427391, 0.0 ], [ 12.3445625, 44.8447227, 0.0 ], [ 12.344429, 44.8467522, 0.0 ], [ 12.3440666, 44.847744, 0.0 ], [ 12.343441, 44.8487358, 0.0 ], [ 12.3425503, 44.8499489, 0.0 ], [ 12.3415089, 44.8509865, 0.0 ], [ 12.3394051, 44.8522263, 0.0 ], [ 12.3372936, 44.8531532, 0.0 ], [ 12.3353672, 44.8535347, 0.0 ], [ 12.3334761, 44.853653, 0.0 ], [ 12.3314257, 44.8536606, 0.0 ], [ 12.3048124, 44.8563042, 0.0 ], [ 12.3029089, 44.8566551, 0.0 ], [ 12.3008308, 44.8572769, 0.0 ], [ 12.2988558, 44.8581505, 0.0 ], [ 12.2961264, 44.8602219, 0.0 ], [ 12.295085, 44.8612747, 0.0 ], [ 12.2888861, 44.8695374, 0.0 ], [ 12.2876282, 44.8712234, 0.0 ], [ 12.286973, 44.8732834, 0.0 ], [ 12.2863827, 44.8760376, 0.0 ], [ 12.2856817, 44.8792992, 0.0 ], [ 12.2850008, 44.8873482, 0.0 ], [ 12.2850285, 44.8895607, 0.0 ], [ 12.2855301, 44.8946152, 0.0 ], [ 12.2861347, 44.895443, 0.0 ], [ 12.2862587, 44.8965302, 0.0 ], [ 12.2861271, 44.8979836, 0.0 ], [ 12.2858582, 44.9003677, 0.0 ], [ 12.2849579, 44.9048042, 0.0 ], [ 12.2843695, 44.9064598, 0.0 ], [ 12.2833061, 44.9087143, 0.0 ], [ 12.2828512, 44.9109383, 0.0 ], [ 12.283164, 44.9124336, 0.0 ], [ 12.2842846, 44.9140968, 0.0 ], [ 12.2850676, 44.9151726, 0.0 ], [ 12.286047, 44.9161148, 0.0 ], [ 12.2884893, 44.9183426, 0.0 ], [ 12.2928877, 44.9225502, 0.0 ], [ 12.2941608, 44.9239807, 0.0 ], [ 12.2951117, 44.9253235, 0.0 ], [ 12.2957258, 44.9262962, 0.0 ], [ 12.2958488, 44.9271317, 0.0 ], [ 12.2957153, 44.9283295, 0.0 ], [ 12.2949877, 44.9300156, 0.0 ], [ 12.2942858, 44.9312515, 0.0 ], [ 12.2932568, 44.9325409, 0.0 ], [ 12.2848091, 44.940609, 0.0 ], [ 12.2840958, 44.9412231, 0.0 ], [ 12.2828321, 44.9421768, 0.0 ], [ 12.281847, 44.9426842, 0.0 ], [ 12.2799797, 44.9432869, 0.0 ], [ 12.2771425, 44.9442024, 0.0 ], [ 12.2754679, 44.9443855, 0.0 ], [ 12.2596693, 44.9438515, 0.0 ], [ 12.2587395, 44.9437599, 0.0 ], [ 12.2578831, 44.9436417, 0.0 ], [ 12.2571621, 44.9434433, 0.0 ], [ 12.2405443, 44.9359856, 0.0 ], [ 12.2397871, 44.9355927, 0.0 ], [ 12.2395229, 44.9354286, 0.0 ], [ 12.2385254, 44.9347916, 0.0 ], [ 12.2373972, 44.9336624, 0.0 ], [ 12.2367926, 44.9328423, 0.0 ], [ 12.2361298, 44.9318619, 0.0 ], [ 12.2348909, 44.9301147, 0.0 ], [ 12.2341661, 44.9291649, 0.0 ], [ 12.2326984, 44.9273987, 0.0 ], [ 12.2305698, 44.9255943, 0.0 ], [ 12.2294645, 44.9248695, 0.0 ], [ 12.2277412, 44.9241905, 0.0 ], [ 12.2259512, 44.9238968, 0.0 ], [ 12.1951542, 44.9262657, 0.0 ], [ 12.1922522, 44.9264908, 0.0 ], [ 12.1901197, 44.9268761, 0.0 ], [ 12.1886511, 44.9273491, 0.0 ], [ 12.1870337, 44.9281425, 0.0 ], [ 12.1851664, 44.929184, 0.0 ], [ 12.1841269, 44.929863, 0.0 ], [ 12.1831484, 44.9305, 0.0 ], [ 12.1816349, 44.9315605, 0.0 ], [ 12.1803198, 44.9327507, 0.0 ], [ 12.1788673, 44.9344444, 0.0 ], [ 12.1775389, 44.9363174, 0.0 ], [ 12.1768379, 44.9383087, 0.0 ], [ 12.1758718, 44.9403267, 0.0 ], [ 12.1745977, 44.9415932, 0.0 ], [ 12.1733074, 44.9425507, 0.0 ], [ 12.1716566, 44.9429626, 0.0 ], [ 12.170126, 44.9430046, 0.0 ], [ 12.1683207, 44.9424629, 0.0 ], [ 12.1676884, 44.9422112, 0.0 ], [ 12.1660147, 44.941555, 0.0 ], [ 12.1642294, 44.9406395, 0.0 ], [ 12.1620502, 44.9395142, 0.0 ], [ 12.1608582, 44.9385757, 0.0 ], [ 12.1601362, 44.9374313, 0.0 ], [ 12.1597052, 44.9355659, 0.0 ], [ 12.1515579, 44.9319077, 0.0 ], [ 12.1453238, 44.9291382, 0.0 ], [ 12.1434059, 44.9288216, 0.0 ], [ 12.1415854, 44.9293556, 0.0 ], [ 12.1398726, 44.9304848, 0.0 ], [ 12.1289444, 44.9380875, 0.0 ], [ 12.1234503, 44.9440346, 0.0 ], [ 12.1185141, 44.9521332, 0.0 ], [ 12.118515, 44.9540176, 0.0 ], [ 12.1184578, 44.9557457, 0.0 ], [ 12.118041, 44.9569626, 0.0 ], [ 12.1171656, 44.9585876, 0.0 ], [ 12.1159124, 44.9600182, 0.0 ], [ 12.1141167, 44.9612846, 0.0 ], [ 12.1122227, 44.9619026, 0.0 ], [ 12.1099463, 44.9624672, 0.0 ], [ 12.1080685, 44.9626732, 0.0 ], [ 12.102212, 44.9627419, 0.0 ], [ 12.1015759, 44.9701767, 0.0 ], [ 12.1007128, 44.971344, 0.0 ], [ 12.0989819, 44.9723969, 0.0 ], [ 12.0970278, 44.9726219, 0.0 ], [ 12.0957117, 44.9724312, 0.0 ], [ 12.0942612, 44.9721107, 0.0 ], [ 12.0932074, 44.9715996, 0.0 ], [ 12.0925474, 44.9711227, 0.0 ], [ 12.083848, 44.9706573, 0.0 ], [ 12.0650187, 44.9704437, 0.0 ], [ 12.0620413, 44.9704971, 0.0 ], [ 12.0600185, 44.9708672, 0.0 ], [ 12.0578728, 44.9715195, 0.0 ], [ 12.0563517, 44.9722443, 0.0 ], [ 12.054698, 44.9733315, 0.0 ], [ 12.053278, 44.9742966, 0.0 ], [ 12.0526199, 44.9747734, 0.0 ], [ 12.0517759, 44.9753914, 0.0 ], [ 12.0484867, 44.9778824, 0.0 ], [ 12.044095, 44.9776306, 0.0 ], [ 12.0178938, 44.9773903, 0.0 ], [ 12.0164404, 44.9774818, 0.0 ], [ 12.0141478, 44.9780388, 0.0 ], [ 12.0065851, 44.9803772, 0.0 ], [ 12.0034189, 44.9814339, 0.0 ], [ 12.0002527, 44.9824982, 0.0 ], [ 11.9975481, 44.9831657, 0.0 ], [ 11.9893894, 44.984314, 0.0 ], [ 11.9867868, 44.984642, 0.0 ], [ 11.9841499, 44.9852715, 0.0 ], [ 11.9759941, 44.9867516, 0.0 ], [ 11.9651604, 44.9877014, 0.0 ], [ 11.963666, 44.9877472, 0.0 ], [ 11.961977, 44.9874687, 0.0 ], [ 11.9598808, 44.9869194, 0.0 ], [ 11.9522276, 44.9843864, 0.0 ], [ 11.9513741, 44.9840508, 0.0 ], [ 11.9473124, 44.9822464, 0.0 ], [ 11.9458838, 44.9815903, 0.0 ], [ 11.944128, 44.9807243, 0.0 ], [ 11.9426241, 44.9800797, 0.0 ], [ 11.9397364, 44.9788933, 0.0 ], [ 11.9375839, 44.9782104, 0.0 ], [ 11.9332457, 44.9769287, 0.0 ], [ 11.9312296, 44.9764404, 0.0 ], [ 11.9287958, 44.9759369, 0.0 ], [ 11.9273653, 44.9757195, 0.0 ], [ 11.9255714, 44.9756012, 0.0 ], [ 11.9238558, 44.9755363, 0.0 ], [ 11.9221716, 44.9755783, 0.0 ], [ 11.9163818, 44.9761658, 0.0 ], [ 11.9123964, 44.9765739, 0.0 ], [ 11.910533, 44.9768486, 0.0 ], [ 11.9086723, 44.9771385, 0.0 ], [ 11.8926573, 44.9783897, 0.0 ], [ 11.8709927, 44.9757004, 0.0 ], [ 11.8543205, 44.9752197, 0.0 ], [ 11.8448801, 44.9741898, 0.0 ], [ 11.8393068, 44.9737167, 0.0 ], [ 11.8389177, 44.9737091, 0.0 ], [ 11.8378334, 44.9738274, 0.0 ], [ 11.8364477, 44.9740143, 0.0 ], [ 11.8346348, 44.9742775, 0.0 ], [ 11.8285742, 44.9756203, 0.0 ], [ 11.8265715, 44.9763298, 0.0 ], [ 11.8249989, 44.9768639, 0.0 ], [ 11.8205099, 44.9776306, 0.0 ], [ 11.8187466, 44.9779015, 0.0 ], [ 11.8168554, 44.9781075, 0.0 ], [ 11.8145885, 44.9781914, 0.0 ], [ 11.8122578, 44.9782219, 0.0 ], [ 11.8098097, 44.9782219, 0.0 ], [ 11.8074579, 44.9780884, 0.0 ], [ 11.8057108, 44.97789, 0.0 ], [ 11.8035698, 44.9774094, 0.0 ], [ 11.8016748, 44.9767723, 0.0 ], [ 11.8000612, 44.9759293, 0.0 ], [ 11.7990828, 44.9752846, 0.0 ], [ 11.7983074, 44.9747772, 0.0 ], [ 11.7965193, 44.9732285, 0.0 ], [ 11.7942638, 44.9711533, 0.0 ], [ 11.792594, 44.9696655, 0.0 ], [ 11.7910271, 44.9684715, 0.0 ], [ 11.7894382, 44.9673157, 0.0 ], [ 11.7880659, 44.9664574, 0.0 ], [ 11.7848177, 44.9651146, 0.0 ], [ 11.7835083, 44.9647675, 0.0 ], [ 11.7816648, 44.9643974, 0.0 ], [ 11.7732325, 44.9629021, 0.0 ], [ 11.7651739, 44.9610252, 0.0 ], [ 11.7634315, 44.9606628, 0.0 ], [ 11.7613649, 44.9603615, 0.0 ], [ 11.759428, 44.9601707, 0.0 ], [ 11.7573919, 44.9599876, 0.0 ], [ 11.757184, 44.9599838, 0.0 ], [ 11.7549801, 44.9599304, 0.0 ], [ 11.7531099, 44.9598045, 0.0 ], [ 11.7513037, 44.9596672, 0.0 ], [ 11.74967, 44.9594345, 0.0 ], [ 11.7495232, 44.9594002, 0.0 ], [ 11.7480278, 44.9590263, 0.0 ], [ 11.746623, 44.9582634, 0.0 ], [ 11.7449503, 44.9569511, 0.0 ], [ 11.7433491, 44.9555168, 0.0 ], [ 11.7422247, 44.9540215, 0.0 ], [ 11.741396, 44.9525566, 0.0 ], [ 11.7409954, 44.9510803, 0.0 ], [ 11.7409649, 44.9507027, 0.0 ], [ 11.7423153, 44.944973, 0.0 ], [ 11.7443895, 44.9411507, 0.0 ], [ 11.745019, 44.9397125, 0.0 ], [ 11.745738, 44.9380493, 0.0 ], [ 11.7458982, 44.9369011, 0.0 ], [ 11.7458763, 44.9365311, 0.0 ], [ 11.7458391, 44.9359016, 0.0 ], [ 11.7450151, 44.9345741, 0.0 ], [ 11.7440214, 44.9336586, 0.0 ], [ 11.7410336, 44.931591, 0.0 ], [ 11.7396994, 44.9306755, 0.0 ], [ 11.7380381, 44.9295998, 0.0 ], [ 11.7350636, 44.9280663, 0.0 ], [ 11.7339239, 44.9275398, 0.0 ], [ 11.7321796, 44.9273376, 0.0 ], [ 11.7306023, 44.9271965, 0.0 ], [ 11.728838, 44.9271393, 0.0 ], [ 11.7272043, 44.9271698, 0.0 ], [ 11.7263193, 44.9273872, 0.0 ], [ 11.7248001, 44.9276314, 0.0 ], [ 11.722435, 44.9276695, 0.0 ], [ 11.7194347, 44.9275894, 0.0 ], [ 11.7191162, 44.9275551, 0.0 ], [ 11.7165155, 44.9272652, 0.0 ], [ 11.7113218, 44.9261017, 0.0 ], [ 11.7085562, 44.9253922, 0.0 ], [ 11.7076473, 44.9250298, 0.0 ], [ 11.7023287, 44.9228668, 0.0 ], [ 11.7007399, 44.9221535, 0.0 ], [ 11.6997013, 44.9216385, 0.0 ], [ 11.6986818, 44.9210854, 0.0 ], [ 11.6971607, 44.9204788, 0.0 ], [ 11.6959295, 44.9200249, 0.0 ], [ 11.6948233, 44.919651, 0.0 ], [ 11.6904583, 44.918293, 0.0 ], [ 11.6885176, 44.917778, 0.0 ], [ 11.6790323, 44.9165459, 0.0 ], [ 11.6764011, 44.9162903, 0.0 ], [ 11.6738281, 44.9160957, 0.0 ], [ 11.6722708, 44.9156914, 0.0 ], [ 11.6705751, 44.9149895, 0.0 ], [ 11.6668692, 44.9130402, 0.0 ], [ 11.6655054, 44.9123154, 0.0 ], [ 11.6643782, 44.9117088, 0.0 ], [ 11.6579199, 44.9079895, 0.0 ], [ 11.6554193, 44.9069023, 0.0 ], [ 11.652441, 44.9052238, 0.0 ], [ 11.6440201, 44.9000473, 0.0 ], [ 11.6328077, 44.8938713, 0.0 ], [ 11.6258001, 44.8901558, 0.0 ], [ 11.6242599, 44.8897133, 0.0 ], [ 11.6224327, 44.8893242, 0.0 ], [ 11.6205816, 44.8889961, 0.0 ], [ 11.6183653, 44.8889656, 0.0 ], [ 11.6163731, 44.8890305, 0.0 ], [ 11.6156416, 44.8890572, 0.0 ], [ 11.6018429, 44.8899193, 0.0 ], [ 11.6002693, 44.8901443, 0.0 ], [ 11.5977697, 44.8906708, 0.0 ], [ 11.5961962, 44.8911629, 0.0 ], [ 11.5945282, 44.8918228, 0.0 ], [ 11.5930748, 44.8929672, 0.0 ], [ 11.5922499, 44.8941612, 0.0 ], [ 11.591218, 44.8960228, 0.0 ], [ 11.5903759, 44.8977242, 0.0 ], [ 11.5900745, 44.8983879, 0.0 ], [ 11.5898037, 44.8990021, 0.0 ], [ 11.589325, 44.9001884, 0.0 ], [ 11.5892782, 44.9008369, 0.0 ], [ 11.5891743, 44.9023628, 0.0 ], [ 11.5891266, 44.9030762, 0.0 ], [ 11.5891304, 44.9048157, 0.0 ], [ 11.5891266, 44.9057159, 0.0 ], [ 11.5891228, 44.9065742, 0.0 ], [ 11.5889101, 44.908062, 0.0 ], [ 11.588604, 44.9096985, 0.0 ], [ 11.5884848, 44.909996, 0.0 ], [ 11.5880671, 44.9110565, 0.0 ], [ 11.5874271, 44.912262, 0.0 ], [ 11.5864267, 44.9133759, 0.0 ], [ 11.5856829, 44.9141121, 0.0 ], [ 11.5843267, 44.9151306, 0.0 ], [ 11.5827065, 44.9161263, 0.0 ], [ 11.5799685, 44.9177818, 0.0 ], [ 11.5765696, 44.9186783, 0.0 ], [ 11.5737352, 44.9193268, 0.0 ], [ 11.572423, 44.9194565, 0.0 ], [ 11.571022, 44.9195671, 0.0 ], [ 11.5703106, 44.9195404, 0.0 ], [ 11.5674057, 44.9197388, 0.0 ], [ 11.5660934, 44.9198418, 0.0 ], [ 11.5647373, 44.9201164, 0.0 ], [ 11.5622005, 44.9209557, 0.0 ], [ 11.5610571, 44.9214401, 0.0 ], [ 11.559536, 44.9222832, 0.0 ], [ 11.5585995, 44.9228706, 0.0 ], [ 11.557457, 44.9236984, 0.0 ], [ 11.5556202, 44.9251251, 0.0 ], [ 11.5537968, 44.9266243, 0.0 ], [ 11.5527468, 44.9275131, 0.0 ], [ 11.5501032, 44.9297523, 0.0 ], [ 11.549386, 44.9303169, 0.0 ], [ 11.5468988, 44.9319916, 0.0 ], [ 11.5438099, 44.9337883, 0.0 ], [ 11.5427208, 44.9343719, 0.0 ], [ 11.5407763, 44.935379, 0.0 ], [ 11.5401173, 44.9356728, 0.0 ], [ 11.5388298, 44.9360962, 0.0 ], [ 11.5369682, 44.9366798, 0.0 ], [ 11.5329714, 44.937767, 0.0 ], [ 11.5306883, 44.938015, 0.0 ], [ 11.5278683, 44.9381561, 0.0 ], [ 11.524683, 44.9378319, 0.0 ], [ 11.5136642, 44.9376335, 0.0 ], [ 11.5074797, 44.9379425, 0.0 ], [ 11.5040636, 44.9380798, 0.0 ], [ 11.5008879, 44.9382019, 0.0 ], [ 11.4986963, 44.9382133, 0.0 ], [ 11.4910669, 44.9382286, 0.0 ], [ 11.4860277, 44.9380608, 0.0 ], [ 11.4810123, 44.9378166, 0.0 ], [ 11.4784212, 44.9376945, 0.0 ], [ 11.4705973, 44.9373055, 0.0 ], [ 11.4685116, 44.9371338, 0.0 ], [ 11.4668121, 44.9369278, 0.0 ], [ 11.4652214, 44.9366455, 0.0 ], [ 11.4536133, 44.934063, 0.0 ], [ 11.4350758, 44.9303284, 0.0 ], [ 11.4335556, 44.9300461, 0.0 ], [ 11.4320917, 44.9298859, 0.0 ], [ 11.4303722, 44.9299774, 0.0 ], [ 11.4287624, 44.9304199, 0.0 ], [ 11.4284945, 44.9304962, 0.0 ], [ 11.427351, 44.9310303, 0.0 ], [ 11.4265547, 44.9319839, 0.0 ], [ 11.425972, 44.9331932, 0.0 ], [ 11.4257288, 44.9340897, 0.0 ], [ 11.425621, 44.9344902, 0.0 ], [ 11.4249992, 44.9374924, 0.0 ], [ 11.4249296, 44.9388237, 0.0 ], [ 11.425066, 44.9402542, 0.0 ], [ 11.4252338, 44.9418602, 0.0 ], [ 11.4256716, 44.9447289, 0.0 ], [ 11.42593, 44.9457054, 0.0 ], [ 11.426055, 44.946125, 0.0 ], [ 11.4263716, 44.9471855, 0.0 ], [ 11.4271631, 44.9497147, 0.0 ], [ 11.4275179, 44.9505615, 0.0 ], [ 11.4277496, 44.9510078, 0.0 ], [ 11.4273071, 44.9530373, 0.0 ], [ 11.411025, 44.9511604, 0.0 ], [ 11.4098129, 44.9509697, 0.0 ], [ 11.4009428, 44.9548912, 0.0 ], [ 11.4001856, 44.9557571, 0.0 ], [ 11.3994732, 44.9559174, 0.0 ], [ 11.3791866, 44.9588585, 0.0 ], [ 11.3750734, 44.9587097, 0.0 ], [ 11.3738508, 44.9585991, 0.0 ], [ 11.3718939, 44.9581718, 0.0 ], [ 11.3637581, 44.956398, 0.0 ], [ 11.3631258, 44.9555092, 0.0 ], [ 11.3626938, 44.9548798, 0.0 ], [ 11.3622608, 44.9538994, 0.0 ], [ 11.3610363, 44.9518356, 0.0 ], [ 11.3603334, 44.9513893, 0.0 ], [ 11.3591146, 44.9510651, 0.0 ], [ 11.3581495, 44.9510117, 0.0 ], [ 11.3386059, 44.957283, 0.0 ], [ 11.337923, 44.9575882, 0.0 ], [ 11.3373976, 44.9578209, 0.0 ], [ 11.3283291, 44.9620094, 0.0 ], [ 11.3274994, 44.9631729, 0.0 ], [ 11.3211031, 44.9611359, 0.0 ], [ 11.3145351, 44.9592247, 0.0 ], [ 11.3134527, 44.959137, 0.0 ], [ 11.3124151, 44.9594803, 0.0 ], [ 11.3112297, 44.9602737, 0.0 ], [ 11.3096647, 44.9613838, 0.0 ], [ 11.3070574, 44.9630585, 0.0 ], [ 11.3053246, 44.9631805, 0.0 ], [ 11.3025789, 44.9632912, 0.0 ], [ 11.2853479, 44.9575424, 0.0 ], [ 11.2828913, 44.9536896, 0.0 ], [ 11.2807617, 44.9503479, 0.0 ], [ 11.2776995, 44.9457512, 0.0 ], [ 11.2761869, 44.9435425, 0.0 ], [ 11.2732534, 44.9392548, 0.0 ], [ 11.2512732, 44.9504623, 0.0 ], [ 11.2472029, 44.9523773, 0.0 ], [ 11.2440491, 44.9482346, 0.0 ], [ 11.2435083, 44.9476967, 0.0 ], [ 11.242919, 44.9472046, 0.0 ], [ 11.2424374, 44.9468727, 0.0 ], [ 11.2390194, 44.946003, 0.0 ], [ 11.2364159, 44.9455605, 0.0 ], [ 11.2343769, 44.9455795, 0.0 ], [ 11.2328014, 44.9458008, 0.0 ], [ 11.2308092, 44.9457588, 0.0 ], [ 11.2291708, 44.9457092, 0.0 ], [ 11.228817, 44.9456978, 0.0 ], [ 11.2268105, 44.9455833, 0.0 ], [ 11.2184505, 44.9450874, 0.0 ], [ 11.2141371, 44.9444427, 0.0 ], [ 11.2093201, 44.9432907, 0.0 ], [ 11.2075634, 44.9427605, 0.0 ], [ 11.2064209, 44.9423866, 0.0 ], [ 11.2046652, 44.9415474, 0.0 ], [ 11.204092, 44.9411507, 0.0 ], [ 11.2030869, 44.9404297, 0.0 ], [ 11.179821, 44.9388046, 0.0 ], [ 11.1534414, 44.9342003, 0.0 ], [ 11.1522932, 44.9342957, 0.0 ], [ 11.1496773, 44.9351921, 0.0 ], [ 11.1438656, 44.9383507, 0.0 ], [ 11.1304703, 44.9461098, 0.0 ], [ 11.1292419, 44.9471855, 0.0 ], [ 11.1288414, 44.9483261, 0.0 ], [ 11.1286697, 44.9491768, 0.0 ], [ 11.1280737, 44.9498634, 0.0 ], [ 11.1253405, 44.9523277, 0.0 ], [ 11.1232948, 44.9535713, 0.0 ], [ 11.1213913, 44.954525, 0.0 ], [ 11.119029, 44.9554214, 0.0 ], [ 11.1052866, 44.9591599, 0.0 ], [ 11.1049318, 44.9592438, 0.0 ], [ 11.1047335, 44.9592896, 0.0 ], [ 11.0991383, 44.9588165, 0.0 ], [ 11.0954599, 44.9591179, 0.0 ], [ 11.0933781, 44.959362, 0.0 ], [ 11.0902977, 44.9598198, 0.0 ], [ 11.0896692, 44.960228, 0.0 ], [ 11.0850592, 44.96101, 0.0 ], [ 11.074482, 44.9638786, 0.0 ], [ 11.0743046, 44.9637451, 0.0 ], [ 11.0731344, 44.9626617, 0.0 ], [ 11.0627728, 44.9525414, 0.0 ], [ 11.0613661, 44.9511337, 0.0 ], [ 11.0605803, 44.9502068, 0.0 ], [ 11.0605497, 44.9498482, 0.0 ], [ 11.05832, 44.9510651, 0.0 ], [ 11.0574694, 44.9513435, 0.0 ], [ 11.0470409, 44.9528427, 0.0 ], [ 11.0459547, 44.952961, 0.0 ], [ 11.0330763, 44.9529037, 0.0 ], [ 11.0236883, 44.9536247, 0.0 ], [ 11.0192699, 44.9539223, 0.0 ], [ 10.9990816, 44.9557991, 0.0 ], [ 10.9984818, 44.9560432, 0.0 ], [ 10.9977646, 44.9558487, 0.0 ], [ 10.9950171, 44.9548187, 0.0 ], [ 10.994297, 44.9545174, 0.0 ], [ 10.9916964, 44.9533539, 0.0 ], [ 10.9909086, 44.9529533, 0.0 ], [ 10.9898224, 44.9523239, 0.0 ], [ 10.9772158, 44.9428101, 0.0 ], [ 10.9681606, 44.9357262, 0.0 ], [ 10.967391, 44.9354362, 0.0 ], [ 10.9638548, 44.9350471, 0.0 ], [ 10.9575891, 44.9344673, 0.0 ], [ 10.9553652, 44.9342918, 0.0 ], [ 10.9536791, 44.9342003, 0.0 ], [ 10.9516077, 44.9342575, 0.0 ], [ 10.9523182, 44.9289131, 0.0 ], [ 10.9423828, 44.9228592, 0.0 ], [ 10.9383831, 44.9231949, 0.0 ], [ 10.9325495, 44.923687, 0.0 ], [ 10.9200897, 44.9247704, 0.0 ], [ 10.9180641, 44.9250679, 0.0 ], [ 10.9179792, 44.9250793, 0.0 ], [ 10.8913202, 44.9133987, 0.0 ], [ 10.8909903, 44.9136124, 0.0 ], [ 10.890008, 44.9142532, 0.0 ], [ 10.8894367, 44.9146996, 0.0 ], [ 10.8889036, 44.9152145, 0.0 ], [ 10.8889551, 44.9153709, 0.0 ], [ 10.8893843, 44.9166565, 0.0 ], [ 10.8898087, 44.9175072, 0.0 ], [ 10.8906889, 44.9184761, 0.0 ], [ 10.8951273, 44.9207878, 0.0 ], [ 10.89715, 44.9217987, 0.0 ], [ 10.8969612, 44.9223938, 0.0 ], [ 10.8928509, 44.9217224, 0.0 ], [ 10.8833075, 44.9197044, 0.0 ], [ 10.8829527, 44.9196205, 0.0 ], [ 10.8825798, 44.919529, 0.0 ], [ 10.8776512, 44.9179916, 0.0 ], [ 10.8750553, 44.9227638, 0.0 ], [ 10.871479, 44.9214516, 0.0 ], [ 10.8706388, 44.9213409, 0.0 ], [ 10.8696003, 44.9217072, 0.0 ], [ 10.8659906, 44.9245033, 0.0 ], [ 10.8658657, 44.9253616, 0.0 ], [ 10.8549738, 44.9286423, 0.0 ], [ 10.843565, 44.9301262, 0.0 ], [ 10.8316994, 44.9335289, 0.0 ], [ 10.8233538, 44.9373283, 0.0 ], [ 10.8126802, 44.9388275, 0.0 ], [ 10.811882, 44.9388313, 0.0 ], [ 10.8108444, 44.938488, 0.0 ], [ 10.810462, 44.9382858, 0.0 ], [ 10.8103294, 44.9382133, 0.0 ], [ 10.804286, 44.9370766, 0.0 ], [ 10.7778397, 44.9429092, 0.0 ], [ 10.7766962, 44.9431992, 0.0 ], [ 10.7757034, 44.9434853, 0.0 ], [ 10.7746763, 44.9438591, 0.0 ], [ 10.7722712, 44.9447899, 0.0 ], [ 10.7716532, 44.9450378, 0.0 ], [ 10.7652569, 44.9462929, 0.0 ], [ 10.7505598, 44.9485359, 0.0 ], [ 10.7494497, 44.9487152, 0.0 ], [ 10.7447348, 44.9499817, 0.0 ], [ 10.743866, 44.9539299, 0.0 ], [ 10.7438068, 44.9548683, 0.0 ], [ 10.7491703, 44.9636307, 0.0 ], [ 10.7484875, 44.9640884, 0.0 ], [ 10.7479916, 44.9645119, 0.0 ], [ 10.7430229, 44.9737167, 0.0 ], [ 10.7424736, 44.9748306, 0.0 ], [ 10.7422113, 44.9757309, 0.0 ], [ 10.7426453, 44.9767265, 0.0 ], [ 10.7431669, 44.9780922, 0.0 ], [ 10.7426786, 44.9815445, 0.0 ], [ 10.7396812, 44.9866753, 0.0 ], [ 10.732604, 44.9923325, 0.0 ], [ 10.7315788, 44.9928246, 0.0 ], [ 10.7284117, 44.9929619, 0.0 ], [ 10.7273159, 44.9927711, 0.0 ], [ 10.7262287, 44.9925003, 0.0 ], [ 10.7207193, 44.9906387, 0.0 ], [ 10.719614, 44.9901657, 0.0 ], [ 10.7175407, 44.9891891, 0.0 ], [ 10.7163553, 44.9885292, 0.0 ], [ 10.7155275, 44.9880486, 0.0 ], [ 10.714674, 44.987484, 0.0 ], [ 10.7141666, 44.9870605, 0.0 ], [ 10.7131767, 44.9861832, 0.0 ], [ 10.7128429, 44.9856148, 0.0 ], [ 10.7125673, 44.9848595, 0.0 ], [ 10.7124252, 44.9842567, 0.0 ], [ 10.7123489, 44.9839287, 0.0 ], [ 10.7123432, 44.9837227, 0.0 ], [ 10.7123241, 44.9826851, 0.0 ], [ 10.712348, 44.9822617, 0.0 ], [ 10.7123966, 44.9817123, 0.0 ], [ 10.7126408, 44.9801521, 0.0 ], [ 10.7127466, 44.9773407, 0.0 ], [ 10.7127323, 44.9764061, 0.0 ], [ 10.7125578, 44.9756813, 0.0 ], [ 10.7115335, 44.9740791, 0.0 ], [ 10.7035341, 44.9660416, 0.0 ], [ 10.7030697, 44.9657898, 0.0 ], [ 10.6993942, 44.9641075, 0.0 ], [ 10.6983805, 44.9637032, 0.0 ], [ 10.6974831, 44.9633751, 0.0 ], [ 10.696599, 44.9630547, 0.0 ], [ 10.6957569, 44.9628677, 0.0 ], [ 10.6946526, 44.962841, 0.0 ], [ 10.6939955, 44.9628944, 0.0 ], [ 10.6932116, 44.9630051, 0.0 ], [ 10.6925735, 44.9632759, 0.0 ], [ 10.6920137, 44.9636536, 0.0 ], [ 10.6894999, 44.966095, 0.0 ], [ 10.6890564, 44.9665222, 0.0 ], [ 10.6889782, 44.9668541, 0.0 ], [ 10.6893034, 44.9675827, 0.0 ], [ 10.6896801, 44.9680672, 0.0 ], [ 10.689724, 44.9681244, 0.0 ], [ 10.6900988, 44.9683647, 0.0 ], [ 10.6906376, 44.9685707, 0.0 ], [ 10.6913424, 44.9688034, 0.0 ], [ 10.6923018, 44.9691238, 0.0 ], [ 10.6932907, 44.9695358, 0.0 ], [ 10.6941423, 44.9700012, 0.0 ], [ 10.6946621, 44.9704437, 0.0 ], [ 10.6949663, 44.970871, 0.0 ], [ 10.6969748, 44.975399, 0.0 ], [ 10.6966629, 44.9759102, 0.0 ], [ 10.6943626, 44.979187, 0.0 ], [ 10.6924019, 44.981945, 0.0 ], [ 10.6900263, 44.9847679, 0.0 ], [ 10.6876965, 44.9875298, 0.0 ], [ 10.6815424, 44.9783554, 0.0 ], [ 10.680809, 44.9775925, 0.0 ], [ 10.6734056, 44.9739418, 0.0 ], [ 10.6648989, 44.9694939, 0.0 ], [ 10.6640072, 44.968895, 0.0 ], [ 10.6630926, 44.9679909, 0.0 ], [ 10.6614952, 44.966217, 0.0 ], [ 10.6594086, 44.9633865, 0.0 ], [ 10.6581993, 44.9609985, 0.0 ], [ 10.6572199, 44.9587173, 0.0 ], [ 10.6540709, 44.9529762, 0.0 ], [ 10.6513491, 44.9490242, 0.0 ], [ 10.6439514, 44.9434433, 0.0 ], [ 10.6431656, 44.9428139, 0.0 ], [ 10.6427841, 44.9425087, 0.0 ], [ 10.6405344, 44.9404831, 0.0 ], [ 10.6395397, 44.9394188, 0.0 ], [ 10.6351366, 44.9343491, 0.0 ], [ 10.6315241, 44.9298592, 0.0 ], [ 10.6288939, 44.9251518, 0.0 ], [ 10.6129284, 44.9220505, 0.0 ], [ 10.5934601, 44.9157639, 0.0 ], [ 10.5833817, 44.9136009, 0.0 ], [ 10.5826206, 44.9131889, 0.0 ], [ 10.5743599, 44.9099922, 0.0 ], [ 10.5733252, 44.9096756, 0.0 ], [ 10.5720892, 44.9094238, 0.0 ], [ 10.5708561, 44.9092789, 0.0 ], [ 10.5695763, 44.9092484, 0.0 ], [ 10.5680456, 44.9093323, 0.0 ], [ 10.5670853, 44.9094009, 0.0 ], [ 10.5654583, 44.9096642, 0.0 ], [ 10.5641356, 44.9099617, 0.0 ], [ 10.5628786, 44.9103241, 0.0 ], [ 10.5547066, 44.9116898, 0.0 ], [ 10.5386591, 44.9136467, 0.0 ], [ 10.5321674, 44.9139175, 0.0 ], [ 10.5278435, 44.913578, 0.0 ], [ 10.5265789, 44.9134064, 0.0 ], [ 10.5239677, 44.9133682, 0.0 ], [ 10.5208721, 44.913662, 0.0 ], [ 10.5182438, 44.9143906, 0.0 ], [ 10.5159883, 44.9153481, 0.0 ], [ 10.5145321, 44.9163475, 0.0 ], [ 10.5053234, 44.9233551, 0.0 ], [ 10.5021601, 44.9247665, 0.0 ], [ 10.5019541, 44.9248352, 0.0 ], [ 10.4996347, 44.9256363, 0.0 ], [ 10.4935646, 44.9275894, 0.0 ], [ 10.4896431, 44.9288025, 0.0 ], [ 10.4844894, 44.9303932, 0.0 ], [ 10.4822636, 44.9310799, 0.0 ], [ 10.4784851, 44.9324799, 0.0 ], [ 10.4763403, 44.9333458, 0.0 ], [ 10.4722023, 44.9350624, 0.0 ], [ 10.4650373, 44.938118, 0.0 ], [ 10.4640265, 44.9384613, 0.0 ], [ 10.4619646, 44.9391556, 0.0 ], [ 10.452651, 44.9414749, 0.0 ], [ 10.451827, 44.9414787, 0.0 ], [ 10.4498997, 44.9414215, 0.0 ], [ 10.4489851, 44.9413414, 0.0 ], [ 10.4476414, 44.9413147, 0.0 ], [ 10.4442873, 44.9414902, 0.0 ], [ 10.4426842, 44.9417648, 0.0 ], [ 10.4409828, 44.9421883, 0.0 ], [ 10.4387846, 44.9429741, 0.0 ], [ 10.4366951, 44.9440613, 0.0 ], [ 10.4350309, 44.9454422, 0.0 ], [ 10.4337502, 44.9469185, 0.0 ], [ 10.4328518, 44.9480171, 0.0 ], [ 10.4321947, 44.9496536, 0.0 ], [ 10.4317846, 44.9510117, 0.0 ], [ 10.4313898, 44.9524307, 0.0 ], [ 10.4310999, 44.9535103, 0.0 ], [ 10.4307795, 44.9543991, 0.0 ], [ 10.4300528, 44.9557686, 0.0 ], [ 10.4295006, 44.9565659, 0.0 ], [ 10.426177, 44.9611511, 0.0 ], [ 10.4256744, 44.9616928, 0.0 ], [ 10.4250755, 44.962635, 0.0 ], [ 10.4238968, 44.9647217, 0.0 ], [ 10.4231405, 44.9664383, 0.0 ], [ 10.4220428, 44.9692001, 0.0 ], [ 10.4206743, 44.9732056, 0.0 ], [ 10.4202728, 44.9745674, 0.0 ], [ 10.419549, 44.976078, 0.0 ], [ 10.4177971, 44.9785767, 0.0 ], [ 10.4156151, 44.9805679, 0.0 ], [ 10.4144459, 44.9815254, 0.0 ], [ 10.4126749, 44.9827538, 0.0 ], [ 10.4109383, 44.9838104, 0.0 ], [ 10.4090214, 44.9847603, 0.0 ], [ 10.406703, 44.9854202, 0.0 ], [ 10.4045153, 44.9856987, 0.0 ], [ 10.4023228, 44.9857635, 0.0 ], [ 10.4003143, 44.9855804, 0.0 ], [ 10.3982658, 44.9853439, 0.0 ], [ 10.3964186, 44.9850082, 0.0 ], [ 10.3942528, 44.984436, 0.0 ], [ 10.3927279, 44.9839554, 0.0 ], [ 10.3908215, 44.9832649, 0.0 ], [ 10.3887682, 44.9822998, 0.0 ], [ 10.3865232, 44.9812393, 0.0 ], [ 10.3858538, 44.9808655, 0.0 ], [ 10.3843889, 44.9800491, 0.0 ], [ 10.3831244, 44.9791298, 0.0 ], [ 10.3804102, 44.9769936, 0.0 ], [ 10.3772888, 44.9743309, 0.0 ], [ 10.3741426, 44.9716225, 0.0 ], [ 10.3703279, 44.9690552, 0.0 ], [ 10.3689919, 44.9682999, 0.0 ], [ 10.366312, 44.9670448, 0.0 ], [ 10.3644228, 44.9665527, 0.0 ], [ 10.3624544, 44.9663887, 0.0 ], [ 10.360981, 44.9662895, 0.0 ], [ 10.3598518, 44.9664268, 0.0 ], [ 10.35954, 44.9664764, 0.0 ], [ 10.3579245, 44.966774, 0.0 ], [ 10.356308, 44.9670982, 0.0 ], [ 10.3524466, 44.9684143, 0.0 ], [ 10.3510389, 44.9689369, 0.0 ], [ 10.3498859, 44.9695168, 0.0 ], [ 10.3482981, 44.9704895, 0.0 ], [ 10.3470154, 44.9714775, 0.0 ], [ 10.3455381, 44.9728622, 0.0 ], [ 10.3437977, 44.974369, 0.0 ], [ 10.340312, 44.9771461, 0.0 ], [ 10.3384504, 44.9783554, 0.0 ], [ 10.336998, 44.9791489, 0.0 ], [ 10.3337774, 44.9808311, 0.0 ], [ 10.3317938, 44.9817352, 0.0 ], [ 10.3300323, 44.9823151, 0.0 ], [ 10.3248177, 44.9839325, 0.0 ], [ 10.3225622, 44.9845543, 0.0 ], [ 10.3208408, 44.9846992, 0.0 ], [ 10.3192663, 44.984726, 0.0 ], [ 10.3181067, 44.9849472, 0.0 ], [ 10.3156061, 44.9859657, 0.0 ], [ 10.3118734, 44.9874954, 0.0 ], [ 10.309926, 44.9883194, 0.0 ], [ 10.3096828, 44.988678, 0.0 ], [ 10.3102169, 44.9905128, 0.0 ], [ 10.3109684, 44.9933662, 0.0 ], [ 10.3110304, 44.9939423, 0.0 ], [ 10.3107738, 44.9943581, 0.0 ], [ 10.3065701, 44.9991493, 0.0 ], [ 10.3057127, 44.9999771, 0.0 ], [ 10.3048077, 45.0003395, 0.0 ], [ 10.3040133, 45.0005455, 0.0 ], [ 10.3015509, 45.0010872, 0.0 ], [ 10.3008823, 45.0012207, 0.0 ], [ 10.2954044, 45.0013657, 0.0 ], [ 10.294528, 45.001339, 0.0 ], [ 10.2746058, 45.0000954, 0.0 ], [ 10.2739, 45.0008698, 0.0 ], [ 10.2716236, 45.002903, 0.0 ], [ 10.2706757, 45.0036583, 0.0 ], [ 10.2697392, 45.0043106, 0.0 ], [ 10.2689238, 45.0047684, 0.0 ], [ 10.2661409, 45.0057182, 0.0 ], [ 10.263608, 45.0105705, 0.0 ], [ 10.2618151, 45.0138474, 0.0 ], [ 10.2615948, 45.0142365, 0.0 ], [ 10.2610569, 45.0151711, 0.0 ], [ 10.259511, 45.0169983, 0.0 ], [ 10.2585373, 45.0177002, 0.0 ], [ 10.2575483, 45.0183411, 0.0 ], [ 10.2568836, 45.0187454, 0.0 ], [ 10.2551126, 45.0195923, 0.0 ], [ 10.2432108, 45.0237732, 0.0 ], [ 10.242734, 45.0240593, 0.0 ], [ 10.2420797, 45.0243378, 0.0 ], [ 10.2410603, 45.0247269, 0.0 ], [ 10.2235079, 45.0313873, 0.0 ], [ 10.2221975, 45.0318413, 0.0 ], [ 10.2193003, 45.0328445, 0.0 ], [ 10.2178116, 45.0333214, 0.0 ], [ 10.2156038, 45.0339622, 0.0 ], [ 10.2120953, 45.0349731, 0.0 ], [ 10.2081795, 45.0334206, 0.0 ], [ 10.2021418, 45.0312996, 0.0 ], [ 10.1949883, 45.0290947, 0.0 ], [ 10.1939316, 45.0290184, 0.0 ], [ 10.1921444, 45.0290642, 0.0 ], [ 10.1883249, 45.0291557, 0.0 ], [ 10.1854, 45.0301399, 0.0 ], [ 10.1837873, 45.0307083, 0.0 ], [ 10.1819773, 45.0313911, 0.0 ], [ 10.1811171, 45.0317535, 0.0 ], [ 10.1757803, 45.0351906, 0.0 ], [ 10.1759167, 45.0358238, 0.0 ], [ 10.1760998, 45.0366631, 0.0 ], [ 10.1758871, 45.0379372, 0.0 ], [ 10.1752777, 45.0392036, 0.0 ], [ 10.1735163, 45.0411835, 0.0 ], [ 10.17243, 45.0422173, 0.0 ], [ 10.1716347, 45.0429764, 0.0 ], [ 10.1700268, 45.0439682, 0.0 ], [ 10.1697788, 45.0441208, 0.0 ], [ 10.1688843, 45.0444069, 0.0 ], [ 10.165803, 45.0452499, 0.0 ], [ 10.1641026, 45.0453491, 0.0 ], [ 10.1620331, 45.0453072, 0.0 ], [ 10.1587505, 45.0450058, 0.0 ], [ 10.1574869, 45.0446587, 0.0 ], [ 10.1560745, 45.0439339, 0.0 ], [ 10.1546574, 45.0428505, 0.0 ], [ 10.1534405, 45.0417824, 0.0 ], [ 10.1499596, 45.0378227, 0.0 ], [ 10.1486883, 45.0364304, 0.0 ], [ 10.1477642, 45.0359268, 0.0 ], [ 10.1446667, 45.0347061, 0.0 ], [ 10.1433496, 45.0342064, 0.0 ], [ 10.1419449, 45.0337791, 0.0 ], [ 10.13169, 45.0307846, 0.0 ], [ 10.1215391, 45.0276222, 0.0 ], [ 10.1165314, 45.0266304, 0.0 ], [ 10.1102962, 45.0245514, 0.0 ], [ 10.1088858, 45.0238533, 0.0 ], [ 10.1072206, 45.0230598, 0.0 ], [ 10.1062584, 45.0231323, 0.0 ], [ 10.1038504, 45.0233345, 0.0 ], [ 10.0957708, 45.0243111, 0.0 ], [ 10.0939121, 45.0246887, 0.0 ], [ 10.0926991, 45.0256271, 0.0 ], [ 10.091465, 45.0268021, 0.0 ], [ 10.0901318, 45.0281181, 0.0 ], [ 10.0855198, 45.0333138, 0.0 ], [ 10.0851631, 45.0338554, 0.0 ], [ 10.0850344, 45.0344582, 0.0 ], [ 10.0849733, 45.0353165, 0.0 ], [ 10.0845003, 45.0449066, 0.0 ], [ 10.0833387, 45.0475464, 0.0 ], [ 10.0780401, 45.0467987, 0.0 ], [ 10.0775318, 45.0466652, 0.0 ], [ 10.075325, 45.046093, 0.0 ], [ 10.0710144, 45.0450974, 0.0 ], [ 10.0656328, 45.0438538, 0.0 ], [ 10.0599861, 45.0426369, 0.0 ], [ 10.0583811, 45.0423813, 0.0 ], [ 10.0567303, 45.0423126, 0.0 ], [ 10.0528049, 45.0422401, 0.0 ], [ 10.0512581, 45.0422211, 0.0 ], [ 10.051404, 45.0426865, 0.0 ], [ 10.0525618, 45.0463028, 0.0 ], [ 10.0539923, 45.0509415, 0.0 ], [ 10.0538902, 45.0515213, 0.0 ], [ 10.0533752, 45.0525436, 0.0 ], [ 10.0494061, 45.0584297, 0.0 ], [ 10.0479784, 45.0602188, 0.0 ], [ 10.0452681, 45.0634117, 0.0 ], [ 10.0445423, 45.0640106, 0.0 ], [ 10.0437717, 45.0642624, 0.0 ], [ 10.0417309, 45.0647049, 0.0 ], [ 10.0267324, 45.0712242, 0.0 ], [ 10.0263357, 45.0715599, 0.0 ], [ 10.0250721, 45.0726318, 0.0 ], [ 10.0239182, 45.0741348, 0.0 ], [ 10.0232944, 45.0754662, 0.0 ], [ 10.0226831, 45.0768318, 0.0 ], [ 10.0223522, 45.0781136, 0.0 ], [ 10.0227489, 45.0791054, 0.0 ], [ 10.0240097, 45.0814438, 0.0 ], [ 10.0245724, 45.0822754, 0.0 ], [ 10.0252476, 45.0831451, 0.0 ], [ 10.0260229, 45.0838661, 0.0 ], [ 10.0266666, 45.0843658, 0.0 ], [ 10.0273743, 45.0848083, 0.0 ], [ 10.0278463, 45.0850182, 0.0 ], [ 10.0287952, 45.0853996, 0.0 ], [ 10.0293922, 45.0861053, 0.0 ], [ 10.0305357, 45.0881805, 0.0 ], [ 10.0309658, 45.0909958, 0.0 ], [ 10.0309258, 45.0923119, 0.0 ], [ 10.0308304, 45.093338, 0.0 ], [ 10.0306339, 45.0944023, 0.0 ], [ 10.0302658, 45.0958366, 0.0 ], [ 10.0295649, 45.0971642, 0.0 ], [ 10.0284224, 45.0985909, 0.0 ], [ 10.0273371, 45.0997505, 0.0 ], [ 10.0262756, 45.1008148, 0.0 ], [ 10.0253773, 45.1017113, 0.0 ], [ 10.025115, 45.1019096, 0.0 ], [ 10.0244493, 45.1024055, 0.0 ], [ 10.021945, 45.1038513, 0.0 ], [ 10.0204687, 45.1044579, 0.0 ], [ 10.0188885, 45.1050072, 0.0 ], [ 10.0178061, 45.1055336, 0.0 ], [ 10.0169783, 45.1061707, 0.0 ], [ 10.0163546, 45.1066742, 0.0 ], [ 10.0157003, 45.1072006, 0.0 ], [ 10.0143471, 45.1083107, 0.0 ], [ 10.0132208, 45.1093292, 0.0 ], [ 10.01192, 45.1105003, 0.0 ], [ 10.0108223, 45.1116714, 0.0 ], [ 10.0104523, 45.1121864, 0.0 ], [ 10.0084648, 45.1149788, 0.0 ], [ 10.0074358, 45.1164894, 0.0 ], [ 10.0065804, 45.1177063, 0.0 ], [ 10.0000458, 45.1250153, 0.0 ], [ 9.993762, 45.1306877, 0.0 ], [ 9.9921417, 45.1318893, 0.0 ], [ 9.9899883, 45.1330452, 0.0 ], [ 9.9897213, 45.1331558, 0.0 ], [ 9.9870911, 45.1341858, 0.0 ], [ 9.9865007, 45.1343727, 0.0 ], [ 9.9847002, 45.1346741, 0.0 ], [ 9.9772367, 45.1347542, 0.0 ], [ 9.9752493, 45.1345139, 0.0 ], [ 9.9739952, 45.1341019, 0.0 ], [ 9.9722271, 45.1332855, 0.0 ], [ 9.9712372, 45.1326561, 0.0 ], [ 9.9702816, 45.131855, 0.0 ], [ 9.969635, 45.1311836, 0.0 ], [ 9.9690762, 45.1304855, 0.0 ], [ 9.9674559, 45.1284103, 0.0 ], [ 9.9671125, 45.1279488, 0.0 ], [ 9.9664793, 45.1273155, 0.0 ], [ 9.9641523, 45.1250305, 0.0 ], [ 9.9610434, 45.122345, 0.0 ], [ 9.9600258, 45.1215973, 0.0 ], [ 9.9590349, 45.1208763, 0.0 ], [ 9.9375038, 45.1057625, 0.0 ], [ 9.9368486, 45.1053467, 0.0 ], [ 9.9359264, 45.104866, 0.0 ], [ 9.9331589, 45.1035461, 0.0 ], [ 9.9323912, 45.1032219, 0.0 ], [ 9.9316273, 45.1029472, 0.0 ], [ 9.9313173, 45.1028328, 0.0 ], [ 9.9298868, 45.1024208, 0.0 ], [ 9.9266691, 45.1015282, 0.0 ], [ 9.9254704, 45.1012421, 0.0 ], [ 9.9237232, 45.100914, 0.0 ], [ 9.9195232, 45.100544, 0.0 ], [ 9.9184427, 45.1005707, 0.0 ] ] ] ] } }
]
}
