{
"type": "FeatureCollection",
"name": "Lison Pramaggiore DOC",
"crs": { "type": "name", "properties": { "name": "urn:ogc:def:crs:OGC:1.3:CRS84" } },
"features": [
{ "type": "Feature", "properties": { "denominazi": "LISON - PRAMAGGIORE", "codice": "B228", "zona": "X", "atto": "D. M. 22\/12\/2010", "GU": "n. 4 del 07\/01\/2011", "id": 27 }, "geometry": { "type": "MultiPolygon", "coordinates": [ [ [ [ 12.598809813441179, 45.821349671225228 ], [ 12.598668801943347, 45.821478691037939 ], [ 12.598452914082413, 45.82164040484647 ], [ 12.598157481092068, 45.821838289773389 ], [ 12.597814858964876, 45.8220510730157 ], [ 12.597653610233332, 45.822126858832739 ], [ 12.597492361055783, 45.822202644434043 ], [ 12.597249937327501, 45.822264381736915 ], [ 12.597261743531549, 45.822267789999408 ], [ 12.597916884636527, 45.822333546832347 ], [ 12.598142600932617, 45.82238403670123 ], [ 12.598178735531329, 45.822433302771692 ], [ 12.598214870195857, 45.822482568828434 ], [ 12.597892815368706, 45.822982374275128 ], [ 12.597570754984037, 45.823482178948836 ], [ 12.597228536320268, 45.823925011978758 ], [ 12.597016156677279, 45.824141338201144 ], [ 12.596919271449282, 45.824240071937844 ], [ 12.596654385230035, 45.824732311313831 ], [ 12.596510313087133, 45.82505368514289 ], [ 12.596233236007381, 45.825612554654583 ], [ 12.595880708900978, 45.826407105378195 ], [ 12.5957455928952, 45.826739717187436 ], [ 12.595554880404086, 45.827232497114267 ], [ 12.595471324181863, 45.82759804777735 ], [ 12.595449707196403, 45.82815750762996 ], [ 12.59548090723213, 45.828513682263718 ], [ 12.595473910441545, 45.828660798147091 ], [ 12.59520743939736, 45.829256774691849 ], [ 12.594760567859907, 45.830250154158932 ], [ 12.594652774254298, 45.83049549482395 ], [ 12.5943273502927, 45.831199897182813 ], [ 12.594840350924526, 45.83161578463924 ], [ 12.595692326498298, 45.832176526687824 ], [ 12.596191005440327, 45.832497809312542 ], [ 12.59703181739288, 45.833012808277317 ], [ 12.598311738455386, 45.833819269000934 ], [ 12.599031327574911, 45.834243025260662 ], [ 12.599572835625795, 45.834588865126157 ], [ 12.600147247855778, 45.83493366444106 ], [ 12.600683201227472, 45.835193265205845 ], [ 12.601220273337766, 45.835470109955608 ], [ 12.601798658761526, 45.835748528634475 ], [ 12.602648591348355, 45.836147986213824 ], [ 12.603295201965517, 45.836461687496843 ], [ 12.603568047839476, 45.836602848246955 ], [ 12.603870027664067, 45.836812215580942 ], [ 12.604429526114755, 45.837180506651315 ], [ 12.604697498561762, 45.837373664032945 ], [ 12.60497035239044, 45.837514821171254 ], [ 12.605679583665493, 45.83790429898113 ], [ 12.606380785865307, 45.838296906394966 ], [ 12.607012851742102, 45.838639849195303 ], [ 12.607064060456631, 45.838667033706905 ], [ 12.607212150212639, 45.838535619822018 ], [ 12.607368836040019, 45.838409694632169 ], [ 12.607363256858749, 45.838323461950971 ], [ 12.607152472311077, 45.838122742717729 ], [ 12.606863203901346, 45.837855376326466 ], [ 12.606608740248101, 45.83748897905398 ], [ 12.606530671770228, 45.837301346275225 ], [ 12.606628295983706, 45.83715424609403 ], [ 12.606742368933157, 45.837006625991606 ], [ 12.606790272676628, 45.836855336385653 ], [ 12.60684040740283, 45.836738539866559 ], [ 12.606964934833748, 45.836625152744517 ], [ 12.607133187746014, 45.836550707691657 ], [ 12.607228163210612, 45.836490099747159 ], [ 12.607257714165167, 45.836437320277213 ], [ 12.607135876629755, 45.83633748038261 ], [ 12.607010277610087, 45.83630688648249 ], [ 12.60685252442129, 45.836288829867136 ], [ 12.606700764732317, 45.836236020000733 ], [ 12.606579300456211, 45.836141928318135 ], [ 12.606473170077129, 45.836030070129461 ], [ 12.606423867711445, 45.835904894848674 ], [ 12.606417546847593, 45.835807164331783 ], [ 12.606660561680323, 45.835741878632128 ], [ 12.607006402747148, 45.835609975918487 ], [ 12.607410184740688, 45.835482001296377 ], [ 12.607533178587662, 45.835472352877794 ], [ 12.607711883329074, 45.835432140190228 ], [ 12.607885752315608, 45.835317192243195 ], [ 12.60796074252946, 45.835202489735842 ], [ 12.608238963000376, 45.834917184686574 ], [ 12.608213214723349, 45.834773983644524 ], [ 12.60820540304085, 45.83465325792563 ], [ 12.608309714404227, 45.83460963570537 ], [ 12.60851569260884, 45.834608883664409 ], [ 12.608761264496314, 45.834710570142597 ], [ 12.608912277612344, 45.834751879665561 ], [ 12.609083870915731, 45.834729171510403 ], [ 12.60922331122293, 45.834719001156778 ], [ 12.609307786374302, 45.834750893206291 ], [ 12.609423260301474, 45.834879735079127 ], [ 12.609567538547426, 45.83494429915595 ], [ 12.60978136996834, 45.83493753583825 ], [ 12.609915228169731, 45.834841132129064 ], [ 12.609903691196083, 45.834662918307828 ], [ 12.609946709880953, 45.834563627281824 ], [ 12.610083916499566, 45.834518962897739 ], [ 12.610187853857044, 45.834469590178337 ], [ 12.610308239433236, 45.834419697028679 ], [ 12.610573274990315, 45.83444011540125 ], [ 12.610748961182127, 45.834480641902068 ], [ 12.610898113681673, 45.834493204634391 ], [ 12.610934767573074, 45.834422917637703 ], [ 12.610899671765848, 45.834262731126003 ], [ 12.610944246361523, 45.833932966266907 ], [ 12.611070689041515, 45.833594850370872 ], [ 12.61113319944776, 45.833287560317565 ], [ 12.611146179234629, 45.832978957184451 ], [ 12.611050910495635, 45.832780350440267 ], [ 12.610995273128179, 45.832557447222719 ], [ 12.611007288586093, 45.832361206422611 ], [ 12.611119851623116, 45.832190587167801 ], [ 12.611378954011906, 45.831992288331314 ], [ 12.611667938222611, 45.831873691733939 ], [ 12.611892992436218, 45.831785920760808 ], [ 12.612102375211865, 45.831583433209609 ], [ 12.612375312158267, 45.831344369955382 ], [ 12.61263813010293, 45.831203556686262 ], [ 12.612867865755025, 45.831060909806212 ], [ 12.613116468415001, 45.830955109088599 ], [ 12.613460774091514, 45.830800192793795 ], [ 12.613759461160543, 45.830704326065948 ], [ 12.6140334763412, 45.830609239855107 ], [ 12.61437926748123, 45.830477316159858 ], [ 12.614619640967552, 45.830371772766149 ], [ 12.614910126037152, 45.83014942939851 ], [ 12.615256310031814, 45.829896517795234 ], [ 12.615588280060944, 45.829678619099333 ], [ 12.61596697900791, 45.829418914579207 ], [ 12.616315390161025, 45.829200492808205 ], [ 12.616574064962178, 45.829123168374721 ], [ 12.616907867602118, 45.829060744180666 ], [ 12.617326139944353, 45.829030205289186 ], [ 12.617783104593931, 45.828960994330394 ], [ 12.618069821318533, 45.828807889608974 ], [ 12.618391667299502, 45.828688234017292 ], [ 12.618637246869268, 45.828663165570248 ], [ 12.618876467934518, 45.828667101274327 ], [ 12.619019620816646, 45.828714407258111 ], [ 12.619189682029374, 45.828795423381926 ], [ 12.619328358851194, 45.828773743604287 ], [ 12.619667021343558, 45.828659311686749 ], [ 12.619985504728534, 45.828487912735923 ], [ 12.620272585854087, 45.828340551494641 ], [ 12.620528265343566, 45.828217228182972 ], [ 12.620834775532972, 45.8281153340169 ], [ 12.621093811717007, 45.82804374842766 ], [ 12.621373772545375, 45.828040625596344 ], [ 12.621596731093138, 45.828047951929591 ], [ 12.62192340728857, 45.828129754429078 ], [ 12.622294187097127, 45.82825624102648 ], [ 12.622581616364583, 45.828368090398243 ], [ 12.622985292015011, 45.828493530534253 ], [ 12.623337762716059, 45.828591791926968 ], [ 12.62357099440232, 45.828757205035203 ], [ 12.623702560180721, 45.828879760987583 ], [ 12.623950367495747, 45.829142640887248 ], [ 12.624021536154823, 45.829201587405713 ], [ 12.624124545845637, 45.829286885629855 ], [ 12.62459662927265, 45.829577205367357 ], [ 12.624965553040459, 45.829801672602564 ], [ 12.625198981473298, 45.829969956427519 ], [ 12.625429982278678, 45.830100872924952 ], [ 12.625617999972338, 45.830077618026102 ], [ 12.625832930180902, 45.830088071436521 ], [ 12.625964878699973, 45.830089639787126 ], [ 12.626155512484925, 45.830106625155231 ], [ 12.626257931393797, 45.83016097693843 ], [ 12.626204852435677, 45.830358524276562 ], [ 12.626460153455874, 45.830356172508949 ], [ 12.626779746694634, 45.830328734558634 ], [ 12.626988322318331, 45.830241457352422 ], [ 12.627203999051176, 45.830136672232108 ], [ 12.627494804689658, 45.829920047070587 ], [ 12.627610303123761, 45.829795402948434 ], [ 12.627540400518138, 45.829607524749377 ], [ 12.627566189556807, 45.829497253391061 ], [ 12.627733270370095, 45.829405533164632 ], [ 12.628034914915808, 45.829355619783158 ], [ 12.628334693366867, 45.829403695327557 ], [ 12.628771661107539, 45.829660550557627 ], [ 12.629193682442185, 45.829940921866118 ], [ 12.629410489877417, 45.830106845331102 ], [ 12.629538143166794, 45.830169032558906 ], [ 12.629726533099634, 45.830151519643358 ], [ 12.629804277286398, 45.830079919581905 ], [ 12.629905186694454, 45.829857806749366 ], [ 12.630004598696047, 45.829612699003306 ], [ 12.630215019787578, 45.829300693298279 ], [ 12.630341353360198, 45.829216026002598 ], [ 12.630440032403474, 45.829212886880363 ], [ 12.630567497554047, 45.8292721986369 ], [ 12.630709548178556, 45.829428976630474 ], [ 12.630819080647292, 45.829592549633389 ], [ 12.630917406745629, 45.829837127637511 ], [ 12.630990304543689, 45.829944259918207 ], [ 12.631102822359088, 45.830027089095175 ], [ 12.631293831268353, 45.830049814535897 ], [ 12.631521465269486, 45.830002246861255 ], [ 12.631719187999888, 45.82987498203682 ], [ 12.631860457167479, 45.829640061847684 ], [ 12.632021528220978, 45.82932962330726 ], [ 12.632096634716754, 45.829091047853069 ], [ 12.632109324478353, 45.828906304382002 ], [ 12.632014364320161, 45.828713465767805 ], [ 12.631866322630529, 45.82846471024569 ], [ 12.631725394432834, 45.828325179797851 ], [ 12.631508587632572, 45.828159260691081 ], [ 12.631326545777348, 45.828021038030641 ], [ 12.63119346886776, 45.827875496483145 ], [ 12.631074218988985, 45.827689190546685 ], [ 12.630999827294886, 45.82755906337767 ], [ 12.630872365743704, 45.827499751986323 ], [ 12.630574092626658, 45.827474677693914 ], [ 12.630315063872438, 45.827419551165391 ], [ 12.630113222340393, 45.827356844377107 ], [ 12.629891194089947, 45.827237173182837 ], [ 12.629773820504472, 45.827079609268473 ], [ 12.629762223281471, 45.826901399118029 ], [ 12.62979379819684, 45.826753499200208 ], [ 12.629939183794017, 45.826581817139903 ], [ 12.630104381383983, 45.826461350214053 ], [ 12.630331627923939, 45.826408036587424 ], [ 12.630590642786666, 45.826336430013775 ], [ 12.630873202773602, 45.826246791902982 ], [ 12.631088482526449, 45.826136251352729 ], [ 12.631168454633357, 45.825972409602187 ], [ 12.631180773168824, 45.825781917375728 ], [ 12.631070125174803, 45.82560109831693 ], [ 12.630898561008056, 45.825497105263572 ], [ 12.63070644539274, 45.825457132543043 ], [ 12.630434348008764, 45.825454267589492 ], [ 12.630168228564598, 45.825416648143758 ], [ 12.629964898161642, 45.825330945995645 ], [ 12.629967135206874, 45.825238705010122 ], [ 12.630082618900655, 45.825114058758935 ], [ 12.630315837882709, 45.825025991482008 ], [ 12.630724350383881, 45.824972671283469 ], [ 12.631084274753224, 45.824932416818854 ], [ 12.631496528215273, 45.824936580965762 ], [ 12.631915132767126, 45.824911738421676 ], [ 12.632216748816782, 45.824861814789926 ], [ 12.632344754097769, 45.824803014768705 ], [ 12.632396322668173, 45.824709203550746 ], [ 12.632374998129155, 45.824508260759174 ], [ 12.632287145022596, 45.824297914237995 ], [ 12.632204524871447, 45.824144197161843 ], [ 12.632174625176475, 45.82408835272382 ], [ 12.631968653003518, 45.823708946830678 ], [ 12.631890896639495, 45.82352708173557 ], [ 12.631933119708426, 45.823416286285095 ], [ 12.632092327254826, 45.823330570739003 ], [ 12.632533714780548, 45.823276197706228 ], [ 12.632967253379881, 45.823227833441358 ], [ 12.633077499111886, 45.823149435782227 ], [ 12.633027776483425, 45.823018524529971 ], [ 12.632831162072225, 45.82278283766 ], [ 12.632296463823819, 45.822163309388898 ], [ 12.631947728203976, 45.821742362306736 ], [ 12.631800829954914, 45.821510852011201 ], [ 12.631734293579298, 45.821374714643483 ], [ 12.631769041995623, 45.821275678330245 ], [ 12.6319768161772, 45.82105016251429 ], [ 12.632250364723296, 45.820822552858033 ], [ 12.632636572533404, 45.820427178873167 ], [ 12.632779687895306, 45.820221001581807 ], [ 12.632875356098015, 45.82017187121555 ], [ 12.633228897678395, 45.82016061616747 ], [ 12.633566369674471, 45.820155632290465 ], [ 12.633824602511623, 45.820072521913247 ], [ 12.633833183198064, 45.819951275703112 ], [ 12.63365152309766, 45.819692071537176 ], [ 12.633296818541895, 45.819305882253651 ], [ 12.633045271599384, 45.818985535293919 ], [ 12.633001154751613, 45.818814121186534 ], [ 12.633040939433098, 45.818665958861978 ], [ 12.633578658357365, 45.818193750337429 ], [ 12.634342077552652, 45.817645224239712 ], [ 12.635102503655617, 45.817177436986398 ], [ 12.635257587346617, 45.817155215097245 ], [ 12.635666805381605, 45.817240109416808 ], [ 12.636194496643634, 45.817373073015425 ], [ 12.636540193844562, 45.817494551857607 ], [ 12.63699539490224, 45.817652864170306 ], [ 12.637326901029232, 45.817809356614312 ], [ 12.637642715515394, 45.817977869514948 ], [ 12.637851276841293, 45.81814403992081 ], [ 12.638092001106177, 45.81842439701154 ], [ 12.638280586503559, 45.818663211198363 ], [ 12.6384286016805, 45.818785225847364 ], [ 12.638631919673845, 45.818870913310455 ], [ 12.638855779000359, 45.818892578609052 ], [ 12.639175298628539, 45.818865108037116 ], [ 12.639518732813496, 45.818825352646464 ], [ 12.639855069920058, 45.818803104440263 ], [ 12.64007145778017, 45.818836526890593 ], [ 12.64027552847022, 45.818933708653582 ], [ 12.640320823141939, 45.819249097907921 ], [ 12.640297029207929, 45.81976831269084 ], [ 12.640323600359739, 45.819923001828364 ], [ 12.640421917377559, 45.82004083857651 ], [ 12.640599452059199, 45.820110063151148 ], [ 12.640888341165519, 45.820118128656382 ], [ 12.641140216010479, 45.820064007604103 ], [ 12.641331536123799, 45.819965733226397 ], [ 12.641451453145191, 45.819783327648651 ], [ 12.641504094656524, 45.819580026203234 ], [ 12.64183330542596, 45.81944854777516 ], [ 12.642295562785044, 45.8193358645809 ], [ 12.642785485922227, 45.819268381359883 ], [ 12.643040170143069, 45.819257371064104 ], [ 12.643308143751007, 45.819323704307948 ], [ 12.643449451329545, 45.819468969065269 ], [ 12.643562115631568, 45.8200587159143 ], [ 12.643648876745868, 45.820251806896337 ], [ 12.64392061057899, 45.82037562484323 ], [ 12.644236044041119, 45.820411637372793 ], [ 12.644517048419983, 45.820298972435566 ], [ 12.644799888875117, 45.820088317615649 ], [ 12.645054347233554, 45.819947696074948 ], [ 12.645428040378867, 45.81986663202423 ], [ 12.64558199958822, 45.819827150137947 ], [ 12.645847351137178, 45.820083751659332 ], [ 12.646189914398995, 45.820341846052884 ], [ 12.646373980099959, 45.8205305658539 ], [ 12.646435505029956, 45.820565863993288 ], [ 12.646836073157862, 45.820354322635744 ], [ 12.647380597126798, 45.820080302732123 ], [ 12.647647532393997, 45.819906153035582 ], [ 12.647872701949655, 45.819729197325493 ], [ 12.647981979231124, 45.819589159458822 ], [ 12.647992412748279, 45.819477033881405 ], [ 12.647917144214217, 45.819322102956122 ], [ 12.647679758333901, 45.819131039511525 ], [ 12.647436330491786, 45.818940078672057 ], [ 12.647291233737139, 45.818803940914847 ], [ 12.647106552118769, 45.818696341002322 ], [ 12.64723669360008, 45.818331962900707 ], [ 12.647372268770718, 45.818141309743218 ], [ 12.647886265284132, 45.81785161120041 ], [ 12.648345488049184, 45.817629908585424 ], [ 12.648164633571614, 45.817399684789905 ], [ 12.647980302835325, 45.817206835855345 ], [ 12.647835749827999, 45.81707896228675 ], [ 12.647602375616991, 45.816860497471481 ], [ 12.647494358985755, 45.816748017435714 ], [ 12.647428786328721, 45.816650742518043 ], [ 12.647460696035431, 45.81650480695847 ], [ 12.647640296942962, 45.81626306090709 ], [ 12.64797943805333, 45.816016214739008 ], [ 12.648195756307587, 45.815883285966478 ], [ 12.6484309983966, 45.815768113764925 ], [ 12.648590234200961, 45.815667792505323 ], [ 12.648715602032937, 45.815502306711615 ], [ 12.648728970706085, 45.815344542236616 ], [ 12.648660425823751, 45.815201818111504 ], [ 12.648512399400055, 45.815111320472084 ], [ 12.648180658996656, 45.815018414909169 ], [ 12.64789781103303, 45.814948788196467 ], [ 12.647568233246853, 45.814888935308339 ], [ 12.647318949099734, 45.814789251217817 ], [ 12.647266277153477, 45.814708125668645 ], [ 12.647252806517741, 45.814592623634248 ], [ 12.647283997001377, 45.814526279698633 ], [ 12.647544188036925, 45.814339924298103 ], [ 12.647885209162627, 45.814122001392349 ], [ 12.648147557294482, 45.813968699235879 ], [ 12.648304627614579, 45.81383532398285 ], [ 12.648356150927283, 45.813717744228718 ], [ 12.648369790640794, 45.813564111551486 ], [ 12.648309318859475, 45.813454252690093 ], [ 12.647965197596733, 45.813262371529419 ], [ 12.647655213244487, 45.813139785828149 ], [ 12.647237853229925, 45.81300496936683 ], [ 12.64683843235621, 45.812872818456675 ], [ 12.646595337266579, 45.812777075446768 ], [ 12.646453229317874, 45.812686386002078 ], [ 12.646316999561545, 45.812504418675552 ], [ 12.64630029202543, 45.812339334538997 ], [ 12.646366304401978, 45.812171607325567 ], [ 12.646527424135421, 45.812100211853064 ], [ 12.646877378367632, 45.812109731179987 ], [ 12.647086607685853, 45.812140308709679 ], [ 12.647407322094615, 45.812245991213032 ], [ 12.64766706150119, 45.812324638678788 ], [ 12.647977817960451, 45.812368531126495 ], [ 12.648238064913897, 45.812364352073615 ], [ 12.648488351215615, 45.812298384133385 ], [ 12.648770001032167, 45.812078216200263 ], [ 12.64905512559632, 45.811820672402625 ], [ 12.649278262019864, 45.811701745007916 ], [ 12.649466522962982, 45.811683303287708 ], [ 12.649725992093934, 45.811757814252942 ], [ 12.649949740674193, 45.811829326666263 ], [ 12.650079997814174, 45.811829300907007 ], [ 12.650286757825546, 45.811731597581883 ], [ 12.650444087148419, 45.811602351490116 ], [ 12.650617845924495, 45.811362227600732 ], [ 12.650830435479648, 45.811082156970294 ], [ 12.6512476148985, 45.810671326664334 ], [ 12.65153511474527, 45.810359874722309 ], [ 12.651597763294401, 45.810231496317748 ], [ 12.651528677593491, 45.810080510245086 ], [ 12.651498246942518, 45.809886882755102 ], [ 12.651585170715613, 45.8096770788095 ], [ 12.651786513136443, 45.809496737046182 ], [ 12.651942520799693, 45.809437918802629 ], [ 12.652120578793216, 45.809444641890622 ], [ 12.652266432076621, 45.809502080813154 ], [ 12.65234436110017, 45.809607238453765 ], [ 12.652381513922242, 45.809813071936659 ], [ 12.652475045871936, 45.809975696424608 ], [ 12.652583869544232, 45.810100567330011 ], [ 12.652863223311829, 45.810207558307113 ], [ 12.65306437610341, 45.810205259762853 ], [ 12.653321907158903, 45.810159751492286 ], [ 12.653436556854652, 45.810102255216037 ], [ 12.653497989418899, 45.809955372661626 ], [ 12.653555634891971, 45.809750644997131 ], [ 12.653654908086331, 45.809548724980786 ], [ 12.653760943005594, 45.809450099670286 ], [ 12.654000204280113, 45.809396893901962 ], [ 12.654262600347327, 45.809425755846078 ], [ 12.654407914526793, 45.80947492838785 ], [ 12.654403227775395, 45.80922251091512 ], [ 12.65436670511078, 45.808664719469562 ], [ 12.654300301110736, 45.807831374645112 ], [ 12.654268607174881, 45.807256866652679 ], [ 12.654195429421524, 45.806681706779685 ], [ 12.654154301385891, 45.80659607423938 ], [ 12.653721130181433, 45.806580960845622 ], [ 12.653523734850149, 45.806550016655081 ], [ 12.653324404965472, 45.806399060921649 ], [ 12.653152764030136, 45.80630932524975 ], [ 12.652937687306606, 45.806370036027481 ], [ 12.652774429274915, 45.806408385483955 ], [ 12.65254645438049, 45.806452946565294 ], [ 12.652417291449163, 45.806469501959803 ], [ 12.652126992605348, 45.806466371477967 ], [ 12.651901140158516, 45.806452897002423 ], [ 12.651740043640697, 45.806524299422961 ], [ 12.651769971110278, 45.806800752067147 ], [ 12.651488551773193, 45.806842880785645 ], [ 12.651070294779464, 45.806422235814281 ], [ 12.65096627113291, 45.806189558096094 ], [ 12.651001064387403, 45.805906894161822 ], [ 12.651303140016784, 45.805185071426337 ], [ 12.651495886092118, 45.804783040812957 ], [ 12.651540522492793, 45.804288898576786 ], [ 12.651590602644513, 45.803968481161519 ], [ 12.651569868000193, 45.803832509666101 ], [ 12.651504575231272, 45.803739368477387 ], [ 12.651198419860204, 45.803222066606388 ], [ 12.650409002074118, 45.803371535065388 ], [ 12.649611240917862, 45.80348400078767 ], [ 12.649328215520363, 45.803501332847787 ], [ 12.649206482455183, 45.803269219796469 ], [ 12.649249892344129, 45.80302768532146 ], [ 12.649395961843149, 45.802726521701146 ], [ 12.649654436850271, 45.80242428329796 ], [ 12.65016824498249, 45.802043489722273 ], [ 12.650750773500887, 45.801627371727079 ], [ 12.651214373068379, 45.801293724601898 ], [ 12.651823837380547, 45.800837134875586 ], [ 12.65228846580543, 45.800428922204503 ], [ 12.652890982136322, 45.799956887335739 ], [ 12.653426211270164, 45.799542269534534 ], [ 12.65393969686658, 45.79915732859488 ], [ 12.653955181769399, 45.799142251169677 ], [ 12.654453173562471, 45.798805779275952 ], [ 12.655551764218655, 45.798224232498313 ], [ 12.656696669233602, 45.797672334403934 ], [ 12.657300761688054, 45.797296086019408 ], [ 12.657948694843698, 45.796813297485635 ], [ 12.658425617435173, 45.796629240195109 ], [ 12.659246710203728, 45.796269787018169 ], [ 12.659570395795969, 45.796170567370325 ], [ 12.659955086199968, 45.795936085490297 ], [ 12.660363814222533, 45.795679678928082 ], [ 12.660832972295918, 45.795473628088466 ], [ 12.661440495065923, 45.795054312749606 ], [ 12.661936023756054, 45.794669731516166 ], [ 12.661955429299066, 45.794384857271247 ], [ 12.66199404019452, 45.793910165716632 ], [ 12.662082691386511, 45.793325406241145 ], [ 12.662170840428882, 45.792927253498853 ], [ 12.662866594168658, 45.792884580993011 ], [ 12.663672924691358, 45.792832863586739 ], [ 12.664360106476895, 45.792806658950468 ], [ 12.665046313809208, 45.792770764224308 ], [ 12.665444892290186, 45.792973569794469 ], [ 12.665673517608834, 45.792804520308117 ], [ 12.665695137351291, 45.792612174689111 ], [ 12.665902445915409, 45.792509689566394 ], [ 12.666185771010506, 45.792261023528127 ], [ 12.666524669994098, 45.792076451265217 ], [ 12.667104258697039, 45.791776339809786 ], [ 12.667644657416933, 45.791531386851155 ], [ 12.669371483546161, 45.790841028770707 ], [ 12.669977162908674, 45.790677812937773 ], [ 12.670612101877509, 45.790699314806595 ], [ 12.671147274042113, 45.790765946470621 ], [ 12.671758156505362, 45.790812172266286 ], [ 12.672123749893922, 45.791033983138348 ], [ 12.672240518029351, 45.791377593336769 ], [ 12.672819986423496, 45.791466748059896 ], [ 12.673918339393706, 45.791635020989915 ], [ 12.674454310060662, 45.79171358961063 ], [ 12.674897879752457, 45.791819087816201 ], [ 12.675905912401396, 45.792469796960887 ], [ 12.676580922841438, 45.792974159730328 ], [ 12.678019280724877, 45.794120081677036 ], [ 12.678217230512905, 45.7942515218705 ], [ 12.678499955663428, 45.794254386650493 ], [ 12.678853666731614, 45.794165125776409 ], [ 12.679251874432651, 45.794751197371667 ], [ 12.679321918711052, 45.794904655556884 ], [ 12.679355425820393, 45.795023357174657 ], [ 12.679483548417764, 45.795408517482201 ], [ 12.679567257915677, 45.795639393168493 ], [ 12.679785305810471, 45.795830002309643 ], [ 12.679916735327931, 45.796005437024043 ], [ 12.680053558358065, 45.796132784862266 ], [ 12.68016699172388, 45.796165061280554 ], [ 12.680295271858844, 45.796292684335967 ], [ 12.680419219243793, 45.796354566905322 ], [ 12.680543166899566, 45.796416449331048 ], [ 12.680627547103445, 45.796527520626178 ], [ 12.680639831953634, 45.796702495019062 ], [ 12.68065578942435, 45.796826064603508 ], [ 12.680920505658939, 45.797075057277468 ], [ 12.681155651936656, 45.797265112245654 ], [ 12.681330597568085, 45.797451119730304 ], [ 12.681383563232865, 45.797605127578016 ], [ 12.681543661388543, 45.797695788156773 ], [ 12.681642375159347, 45.797764472576418 ], [ 12.681706912838539, 45.797834259555749 ], [ 12.681889097394734, 45.797870305182713 ], [ 12.682023832121008, 45.797836012385055 ], [ 12.682202863646355, 45.797824246464423 ], [ 12.682298819297701, 45.79785109562966 ], [ 12.682478372868742, 45.797977061679006 ], [ 12.682587603341913, 45.798075351390914 ], [ 12.682616911737098, 45.798260067596509 ], [ 12.682665151326372, 45.798342358189437 ], [ 12.682730085177599, 45.798418120900131 ], [ 12.682863676130649, 45.798579281807456 ], [ 12.682853723141553, 45.79869175548972 ], [ 12.682798299472207, 45.798774283166175 ], [ 12.682810267501102, 45.798865977151692 ], [ 12.682848842792303, 45.79893575008893 ], [ 12.682886378506772, 45.79903462979366 ], [ 12.682908910230569, 45.799118692025537 ], [ 12.682901924197735, 45.799143490222221 ], [ 12.682903599474507, 45.799143526164414 ], [ 12.682811503803137, 45.799288534195711 ], [ 12.682760190540222, 45.79937876006116 ], [ 12.682780839702737, 45.799453792061129 ], [ 12.68286099145055, 45.799521773141223 ], [ 12.683038816973166, 45.799525394975213 ], [ 12.683095258243691, 45.799592881007158 ], [ 12.683114492985441, 45.799701082274929 ], [ 12.683076102535765, 45.79976676850621 ], [ 12.683073748795263, 45.799824720899529 ], [ 12.683118463337808, 45.799891955333244 ], [ 12.68317722956926, 45.800191682067855 ], [ 12.683843220401327, 45.801001516618719 ], [ 12.684101077750782, 45.801073120999789 ], [ 12.684326550428773, 45.801069351909966 ], [ 12.68456635938149, 45.801007873126544 ], [ 12.684698052213069, 45.800977337968206 ], [ 12.684733844500995, 45.800969791532189 ], [ 12.684750737006809, 45.801136034575755 ], [ 12.684770688569948, 45.801227740579641 ], [ 12.684804836067602, 45.801261561815281 ], [ 12.684921620761541, 45.801305405988728 ], [ 12.685048841725347, 45.801382576761057 ], [ 12.685166693076583, 45.801401633492489 ], [ 12.6853679734129, 45.801405664380013 ], [ 12.685511650908516, 45.801375371300267 ], [ 12.685523378310767, 45.801375622611857 ], [ 12.68571341883292, 45.801371194920449 ], [ 12.685925623319251, 45.801400344812507 ], [ 12.686090769842938, 45.801420393202058 ], [ 12.686410506144432, 45.801435087439508 ], [ 12.686648066396707, 45.801423362427407 ], [ 12.686752991000869, 45.801466867804869 ], [ 12.686820369406457, 45.801559561469276 ], [ 12.686864833060323, 45.80162680253521 ], [ 12.686860364236628, 45.801734508850302 ], [ 12.686892297917325, 45.801826367416396 ], [ 12.686983960851697, 45.801902884664727 ], [ 12.687508267895279, 45.802129150215904 ], [ 12.687623868794059, 45.802197872628355 ], [ 12.68776577575967, 45.802208948504514 ], [ 12.687833156784123, 45.802301641482138 ], [ 12.687864964014281, 45.802393503859868 ], [ 12.688025641549103, 45.802521165790857 ], [ 12.688245022725825, 45.802666642347624 ], [ 12.688391434691146, 45.80276146114231 ], [ 12.688469333964592, 45.802830231154239 ], [ 12.688528660815214, 45.802863327413853 ], [ 12.688604862628484, 45.802857713947027 ], [ 12.688774234855114, 45.802797512974401 ], [ 12.689084827765644, 45.802626984700481 ], [ 12.689145520760778, 45.802628172940345 ], [ 12.689209406710326, 45.802671832644336 ], [ 12.689272971798589, 45.802726213873846 ], [ 12.689378670608553, 45.802859251735526 ], [ 12.689425964853109, 45.802938101581653 ], [ 12.689493762637468, 45.80301367820482 ], [ 12.689587812312249, 45.803058072635601 ], [ 12.689721489849804, 45.803131519041877 ], [ 12.689850032481321, 45.803201260898724 ], [ 12.689909514224667, 45.80323084104171 ], [ 12.689979497664126, 45.803249910443398 ], [ 12.690091780070217, 45.803227467537027 ], [ 12.690189617911741, 45.803187039580621 ], [ 12.690313189398152, 45.803132907916144 ], [ 12.690379543158743, 45.80311654050881 ], [ 12.690446178974229, 45.803096653551641 ], [ 12.690516623420917, 45.803105176546239 ], [ 12.690581586639416, 45.803124227915553 ], [ 12.690636005355254, 45.803157031763824 ], [ 12.69067497218507, 45.803189705264089 ], [ 12.6906734222023, 45.803228549696399 ], [ 12.690674924568455, 45.803313560539941 ], [ 12.690698025324417, 45.803367089429166 ], [ 12.690812253361399, 45.803418841120717 ], [ 12.690951624554664, 45.803471309626197 ], [ 12.691066313940562, 45.80351251497305 ], [ 12.691202300314803, 45.803529358693119 ], [ 12.691290384936647, 45.803598337373209 ], [ 12.691347408495117, 45.803688032938787 ], [ 12.691362890147612, 45.803801484771476 ], [ 12.691354642427845, 45.803879160151546 ], [ 12.691340299042219, 45.803981425416701 ], [ 12.691326896591313, 45.804058997508108 ], [ 12.691379189802545, 45.804141375242722 ], [ 12.691408258835448, 45.804170318217928 ], [ 12.691442605082692, 45.804199270493982 ], [ 12.691512749770869, 45.804214913358692 ], [ 12.6918007710283, 45.804220717340868 ], [ 12.692049061982013, 45.804211514235938 ], [ 12.692206224429379, 45.804204089008415 ], [ 12.692341783170667, 45.804228055993846 ], [ 12.692426981833208, 45.804247531676012 ], [ 12.692491486353589, 45.804277127966124 ], [ 12.692580796125689, 45.804317892880491 ], [ 12.692655174741015, 45.80435473040145 ], [ 12.692738997866364, 45.804405933874165 ], [ 12.69284666104994, 45.804496510245492 ], [ 12.692982504605549, 45.804633699802686 ], [ 12.6930941514347, 45.804745569393255 ], [ 12.693112689346533, 45.804788444261348 ], [ 12.693169732625607, 45.804876428082459 ], [ 12.693249097053236, 45.805037227608288 ], [ 12.693322238669241, 45.805222621182764 ], [ 12.693396117238022, 45.805393859290056 ], [ 12.693433667671913, 45.805465371983964 ], [ 12.693516405683784, 45.805544873133996 ], [ 12.693590504665931, 45.805585229482709 ], [ 12.693709778171689, 45.805637265006666 ], [ 12.69383893937195, 45.805692850771742 ], [ 12.694029435971402, 45.805732049292104 ], [ 12.694079931959473, 45.805736625337218 ], [ 12.694160132080906, 45.805752481117757 ], [ 12.694336611920427, 45.805766570052043 ], [ 12.694437040306761, 45.805782760871303 ], [ 12.694502302844505, 45.805794599517121 ], [ 12.694566662765398, 45.80582779971175 ], [ 12.694650944133654, 45.805868365762905 ], [ 12.694704950502064, 45.805908471823365 ], [ 12.694764272347072, 45.80594138497635 ], [ 12.694813706676296, 45.80597074781209 ], [ 12.694863460922365, 45.805989389081525 ], [ 12.694912895345253, 45.8060187518712 ], [ 12.694971788173348, 45.806058789594864 ], [ 12.694991242378697, 45.806080482142484 ], [ 12.695010709666313, 45.806098483854448 ], [ 12.695039553314754, 45.806131753677924 ], [ 12.69511843309585, 45.806349273864335 ], [ 12.695150647762095, 45.806505388115241 ], [ 12.695181039423234, 45.806626187470819 ], [ 12.695198205231099, 45.806700789933032 ], [ 12.695224950947598, 45.806789843810016 ], [ 12.695341025739138, 45.806915969394893 ], [ 12.695418742135999, 45.80699536174366 ], [ 12.695512772262489, 45.807043172291678 ], [ 12.695612724240542, 45.807073509068211 ], [ 12.695732935812822, 45.807100759353844 ], [ 12.695843063565084, 45.807131216420579 ], [ 12.695987769894217, 45.807176575205027 ], [ 12.696072213594224, 45.807213714567254 ], [ 12.696177340069219, 45.80724055288082 ], [ 12.696312300427335, 45.807278666091193 ], [ 12.696442713199382, 45.807302524856354 ], [ 12.696506738616709, 45.807346175944801 ], [ 12.696540813706843, 45.80737873586309 ], [ 12.696632614078764, 45.807482243872123 ], [ 12.696675350025066, 45.807550347151157 ], [ 12.696698759076568, 45.807596754038428 ], [ 12.696732074015703, 45.807646980476143 ], [ 12.696796124902432, 45.80768712018785 ], [ 12.69686990365013, 45.807738105951117 ], [ 12.69698402970233, 45.807790034774591 ], [ 12.697103580776702, 45.807838367343066 ], [ 12.697218179886326, 45.807876059032175 ], [ 12.697297746115355, 45.807909485084814 ], [ 12.697421876526938, 45.80796865016287 ], [ 12.697516063184716, 45.808012943596658 ], [ 12.697600202695073, 45.808057112459061 ], [ 12.697724327794539, 45.808116187369635 ], [ 12.697818367679316, 45.808164085707773 ], [ 12.697932029907445, 45.808226469766552 ], [ 12.69800548519458, 45.808288086450837 ], [ 12.698148829419386, 45.808365260146132 ], [ 12.698283309477951, 45.808417428140501 ], [ 12.698492055243092, 45.808506523352619 ], [ 12.698780982341525, 45.808614981708587 ], [ 12.698924610012815, 45.808688634851855 ], [ 12.69900465651352, 45.808707912581347 ], [ 12.699139078624187, 45.808759181344385 ], [ 12.69919824018284, 45.808799298178897 ], [ 12.699236431691384, 45.808853146217693 ], [ 12.699264416767811, 45.808910295438572 ], [ 12.699271994820952, 45.808974136865203 ], [ 12.699254626840638, 45.809147068950956 ], [ 12.699229490128802, 45.809266876969545 ], [ 12.699174818128379, 45.80936829027916 ], [ 12.699120777159003, 45.809452041155453 ], [ 12.699085304988852, 45.809575154500962 ], [ 12.699018759251384, 45.809718807252885 ], [ 12.698993493414816, 45.80983861939653 ], [ 12.698984190038569, 45.809940992242787 ], [ 12.698942621130511, 45.810090586064966 ], [ 12.698940164184355, 45.810150612327632 ], [ 12.698953222380736, 45.810203924987398 ], [ 12.698981207935766, 45.810261074255159 ], [ 12.698998864291037, 45.81032161867553 ], [ 12.69902091032286, 45.810399842768874 ], [ 12.699016308818962, 45.810512954402149 ], [ 12.698982680264539, 45.810590102870933 ], [ 12.698964511548061, 45.810667470283384 ], [ 12.698943640895077, 45.810805051912013 ], [ 12.698933902677892, 45.810914459613642 ], [ 12.698961104228639, 45.81099278663055 ], [ 12.698999884965625, 45.81103608447691 ], [ 12.699033963854243, 45.811068643519903 ], [ 12.69910792107423, 45.811112511256226 ], [ 12.699177310855857, 45.811145725813176 ], [ 12.699252162280331, 45.811172012531614 ], [ 12.69936717967628, 45.811206178111625 ], [ 12.699411937857384, 45.811221198939784 ], [ 12.699715253317374, 45.811346470377728 ], [ 12.699803942718669, 45.811404801673902 ], [ 12.699912109065121, 45.811481223467574 ], [ 12.700035509578342, 45.811554450907394 ], [ 12.700169123306393, 45.811624466729889 ], [ 12.700257329871478, 45.811696854878235 ], [ 12.700301182319992, 45.811733147070314 ], [ 12.700458486459141, 45.811845959162405 ], [ 12.700561046024088, 45.811932913296424 ], [ 12.70062474971219, 45.812107446934178 ], [ 12.700634326307217, 45.812242151265167 ], [ 12.700680402182837, 45.812352719406256 ], [ 12.700691638369275, 45.812448395611192 ], [ 12.70069984947823, 45.812494574448017 ], [ 12.700696587758967, 45.812540495277403 ], [ 12.700692215001526, 45.812647298846478 ], [ 12.700698769092154, 45.812689841012386 ], [ 12.70070065799678, 45.812745495898383 ], [ 12.700711789814379, 45.81277942867505 ], [ 12.700735577690427, 45.812812050913578 ], [ 12.700788790397533, 45.812843898903864 ], [ 12.700877182505089, 45.812882166789649 ], [ 12.701006867537798, 45.812931696767535 ], [ 12.701083242277107, 45.812959553056295 ], [ 12.701142704600517, 45.812988587897962 ], [ 12.701211808394429, 45.813036842147113 ], [ 12.70125432118787, 45.81307425753986 ], [ 12.701317230223145, 45.813122262600594 ], [ 12.701355048997437, 45.813168471159933 ], [ 12.701402598714575, 45.813235246375491 ], [ 12.701426171319831, 45.813272375947754 ], [ 12.701447515419549, 45.813310837938779 ], [ 12.701439137595752, 45.813456205676218 ], [ 12.701420114773986, 45.813547822733618 ], [ 12.701411850029036, 45.813628919716507 ], [ 12.701444573109011, 45.813693385522221 ], [ 12.701522779483961, 45.813758536219957 ], [ 12.70163504965117, 45.813859846010736 ], [ 12.70171126743104, 45.813974566538349 ], [ 12.701785509137341, 45.814135166163119 ], [ 12.701883155200209, 45.814345862097916 ], [ 12.701915261575056, 45.814424299307682 ], [ 12.70196761125224, 45.814503249926311 ], [ 12.702026040936021, 45.81455743057063 ], [ 12.702225520061374, 45.814628637551756 ], [ 12.702469290223139, 45.814729100532908 ], [ 12.702648551628897, 45.814796282227519 ], [ 12.702913037730612, 45.814883020651422 ], [ 12.70304756241727, 45.814931671182755 ], [ 12.703132022559446, 45.814968804772938 ], [ 12.703171408918713, 45.814997859972003 ], [ 12.703191187768299, 45.815008829394834 ], [ 12.703286991967177, 45.815259548289497 ], [ 12.703302636902681, 45.815373083123582 ], [ 12.703321334093662, 45.815532603971853 ], [ 12.703328636854982, 45.815599964415334 ], [ 12.703340184267432, 45.815688609463614 ], [ 12.703336374448764, 45.815780543205463 ], [ 12.703293122773426, 45.815850354367875 ], [ 12.703295245389263, 45.815921123276659 ], [ 12.703333446077226, 45.815974969619248 ], [ 12.703412575000021, 45.816019026756535 ], [ 12.703501752765346, 45.816063207759761 ], [ 12.703591364779554, 45.81610035382721 ], [ 12.703649498067429, 45.81616165403679 ], [ 12.703686464217972, 45.816247313822998 ], [ 12.703707308970102, 45.81635383907421 ], [ 12.703753547590736, 45.816460890273532 ], [ 12.703811357413548, 45.816532822065668 ], [ 12.703899325759917, 45.816605305119147 ], [ 12.703977373957596, 45.816677660049045 ], [ 12.704105183324655, 45.816768561921876 ], [ 12.704308819928196, 45.816857632283138 ], [ 12.704444713661394, 45.816874463229212 ], [ 12.704586245950022, 45.81687733944959 ], [ 12.704696568753864, 45.816900670847666 ], [ 12.704922259931637, 45.816947709569057 ], [ 12.705208965379631, 45.816988896339659 ], [ 12.705370430643287, 45.816999225263409 ], [ 12.705550637258053, 45.817041708986778 ], [ 12.705761546756365, 45.817081305169324 ], [ 12.705877209158704, 45.817097801292071 ], [ 12.705947215145333, 45.817116860155998 ], [ 12.706092107986148, 45.817158689664069 ], [ 12.706251253378632, 45.81722903927443 ], [ 12.706410600219218, 45.817288850961347 ], [ 12.706574651339002, 45.817359400821864 ], [ 12.706729423346484, 45.817408469461803 ], [ 12.706914108863515, 45.817466017214436 ], [ 12.707034299612793, 45.817500277031982 ], [ 12.707123793693796, 45.817537514161813 ], [ 12.707212830089782, 45.817585297248257 ], [ 12.707281774899165, 45.817629052478679 ], [ 12.707330921041489, 45.817665440007005 ], [ 12.707357619274408, 45.817687525155968 ], [ 12.707414149223258, 45.817734293929242 ], [ 12.707542747540078, 45.817804013988315 ], [ 12.707627819266403, 45.817826992820123 ], [ 12.707763416972623, 45.817850940207592 ], [ 12.707908593981163, 45.817889247786532 ], [ 12.707993354902348, 45.817919167206504 ], [ 12.708058035950124, 45.817945238553058 ], [ 12.708121807770317, 45.817992491734053 ], [ 12.708224671749642, 45.81807591867102 ], [ 12.708317200006265, 45.818162651718119 ], [ 12.708395884258593, 45.818217341011326 ], [ 12.708493739627203, 45.818297060045488 ], [ 12.708562698249176, 45.81834099407105 ], [ 12.708627050965903, 45.818377606922553 ], [ 12.708705430814804, 45.818439326666336 ], [ 12.708733888388943, 45.818485927014905 ], [ 12.708746049286674, 45.818560420013462 ], [ 12.708753505737855, 45.818624174709932 ], [ 12.708761572216563, 45.818673868036029 ], [ 12.708799926650363, 45.818724107148995 ], [ 12.708891910693669, 45.818947852468533 ], [ 12.708948345266771, 45.819055110224355 ], [ 12.709006329101733, 45.819119832928592 ], [ 12.709104497905228, 45.819192610485779 ], [ 12.709232784679108, 45.819273049937621 ], [ 12.709372200413505, 45.819325314433414 ], [ 12.709531684916033, 45.819385117279438 ], [ 12.709640812874643, 45.819436835847149 ], [ 12.709759691445733, 45.81949579815609 ], [ 12.709838653928839, 45.819546877009707 ], [ 12.709897255003646, 45.819597627660549 ], [ 12.709942599853148, 45.819725857716506 ], [ 12.709986737493544, 45.819882390104986 ], [ 12.710024319785946, 45.819953896238708 ], [ 12.710092062361202, 45.82002595195555 ], [ 12.71018138015679, 45.820070123174872 ], [ 12.710340867637301, 45.820129924790962 ], [ 12.710540101985982, 45.820204725566647 ], [ 12.710688321738706, 45.820292526112652 ], [ 12.7108762887131, 45.820395325719694 ], [ 12.711046612990174, 45.820434161681732 ], [ 12.711186466407012, 45.820479388952513 ], [ 12.71137684834482, 45.820525582988076 ], [ 12.711615357676067, 45.820629527859687 ], [ 12.711794173822945, 45.820710841195762 ], [ 12.711942268387077, 45.820798644182112 ], [ 12.712019905823322, 45.820878117736981 ], [ 12.712107843996497, 45.820957616197227 ], [ 12.712246066219961, 45.821038269113231 ], [ 12.712335264807889, 45.821082532531406 ], [ 12.712435244684823, 45.8211127636336 ], [ 12.712655112922725, 45.821178338493382 ], [ 12.712794061941272, 45.821244745537186 ], [ 12.712931629350807, 45.821346481238272 ], [ 12.713069555229106, 45.82143425357755 ], [ 12.7131262989944, 45.821534388412481 ], [ 12.713241989283102, 45.821671039344309 ], [ 12.713408350015319, 45.821808831595654 ], [ 12.713545188694034, 45.821924721818291 ], [ 12.713672405038311, 45.82203336419186 ], [ 12.713830269413856, 45.822128587625699 ], [ 12.714017293839975, 45.822259585813505 ], [ 12.714214556775037, 45.822383859746992 ], [ 12.714381214383147, 45.822514440121658 ], [ 12.714497822659805, 45.822629997581835 ], [ 12.714624914028724, 45.822738642957212 ], [ 12.714762366018862, 45.822840470209542 ], [ 12.714850188761734, 45.822920060315077 ], [ 12.714997217584676, 45.823036157119155 ], [ 12.715150939581836, 45.823237275173824 ], [ 12.715256886692002, 45.823366680423604 ], [ 12.715371515938456, 45.823531716834694 ], [ 12.71544337804445, 45.823752421544228 ], [ 12.715450977641748, 45.823816261132535 ], [ 12.715457366344065, 45.823904442809159 ], [ 12.715464065523985, 45.823989554040409 ], [ 12.715480206574664, 45.824088849437459 ], [ 12.715485681240748, 45.824142047034194 ], [ 12.715487502144036, 45.824159719689519 ], [ 12.71551611458788, 45.824202712893623 ], [ 12.715605022691591, 45.8242540939858 ], [ 12.715884931621154, 45.824337509814974 ], [ 12.7160946649223, 45.824405298268267 ], [ 12.716274885371645, 45.824451364979851 ], [ 12.716394518067801, 45.824496254262584 ], [ 12.716491793991343, 45.824590116828581 ], [ 12.716577213964575, 45.824726310043125 ], [ 12.716654378132704, 45.8248197473687 ], [ 12.716750883578898, 45.824934877132897 ], [ 12.716915877577703, 45.825107902614313 ], [ 12.71711134551834, 45.82527453462 ], [ 12.717287303770043, 45.825426590157463 ], [ 12.717492059126704, 45.82561470135299 ], [ 12.717619163293801, 45.825723342957644 ], [ 12.717794989920801, 45.825875311986543 ], [ 12.71795342704856, 45.825963400257862 ], [ 12.718022092828839, 45.826014268847793 ], [ 12.718081613695942, 45.826043832993058 ], [ 12.718168844747467, 45.826137571354892 ], [ 12.718236728046456, 45.826209527615994 ], [ 12.718304623499293, 45.826281663460094 ], [ 12.718351815987827, 45.826363834886145 ], [ 12.718470379836337, 45.826437019909442 ], [ 12.718698432719281, 45.826547681372027 ], [ 12.718806806387251, 45.826620568048725 ], [ 12.718874393396225, 45.826699644362265 ], [ 12.719020670127357, 45.826837002791329 ], [ 12.719214171327057, 45.827053110681433 ], [ 12.719339303105249, 45.82721123005085 ], [ 12.719476173628285, 45.827327202096996 ], [ 12.719604184495617, 45.82741456960327 ], [ 12.719722617767264, 45.827487667567546 ], [ 12.719879428143111, 45.827611090042303 ], [ 12.72004628998674, 45.827734634678841 ], [ 12.720270826793563, 45.827937217652305 ], [ 12.720475123112969, 45.828139379968441 ], [ 12.720719169949174, 45.828356447618425 ], [ 12.720894850499482, 45.828515617398004 ], [ 12.720939407762845, 45.828662410722636 ], [ 12.720876703097948, 45.828710630374367 ], [ 12.720834544140631, 45.828752239425029 ], [ 12.720812195566323, 45.828801303408135 ], [ 12.720850095715214, 45.828865684797229 ], [ 12.720948425783121, 45.828938446866729 ], [ 12.721143919501579, 45.829105071087376 ], [ 12.721230553867995, 45.829212868082728 ], [ 12.721365753516759, 45.829371196956842 ], [ 12.721428372666443, 45.829570596874895 ], [ 12.721441004059932, 45.829761815873361 ], [ 12.721484279323652, 45.82993952414936 ], [ 12.721589053059004, 45.830097224817614 ], [ 12.721824863872863, 45.830271714000133 ], [ 12.721990496612197, 45.830430669723334 ], [ 12.722214794768872, 45.83063325662274 ], [ 12.722458084425867, 45.830871497527312 ], [ 12.7226556941774, 45.830988634721479 ], [ 12.72285088607744, 45.831165977012439 ], [ 12.722949385605251, 45.831231531034298 ], [ 12.723057302217375, 45.831318560108556 ], [ 12.723184302072847, 45.831427198881741 ], [ 12.72333137114081, 45.831543283578007 ], [ 12.723509645023368, 45.831638817755156 ], [ 12.723648813615622, 45.83169827362596 ], [ 12.723797084655038, 45.831786055416309 ], [ 12.723912660711104, 45.831929899958062 ], [ 12.724057326323226, 45.83210249830217 ], [ 12.724181889703154, 45.832274852412034 ], [ 12.724287701232733, 45.832411274395795 ], [ 12.724384236176434, 45.832526396688579 ], [ 12.724531788162421, 45.832628422538747 ], [ 12.724716473807096, 45.832816005610233 ], [ 12.724871633435692, 45.83298177967874 ], [ 12.724987680223727, 45.833111386205779 ], [ 12.725144652899088, 45.833234886117609 ], [ 12.725272086645854, 45.833336397616641 ], [ 12.725417494495634, 45.833494928461413 ], [ 12.725601457926388, 45.833696665208123 ], [ 12.725940671577897, 45.834061561017947 ], [ 12.726155198097059, 45.834263919123821 ], [ 12.726349224804007, 45.834465866119771 ], [ 12.726494033335124, 45.834638456681169 ], [ 12.726609925270509, 45.834775267386298 ], [ 12.726736160517859, 45.834904989447345 ], [ 12.726843967810609, 45.834992108502426 ], [ 12.72701280001033, 45.83507327394711 ], [ 12.727251388412737, 45.83517700346043 ], [ 12.727510653476457, 45.835274116432537 ], [ 12.727689893754308, 45.835341439427133 ], [ 12.72781914033437, 45.835400584247175 ], [ 12.727906873528811, 45.835480167171227 ], [ 12.727994264896564, 45.835573892732484 ], [ 12.728147040117149, 45.835796176358116 ], [ 12.728261258107826, 45.835975254658486 ], [ 12.728366796514155, 45.83611888253656 ], [ 12.728502201870727, 45.836270085395697 ], [ 12.728587597190138, 45.836410950835599 ], [ 12.7287218061542, 45.836590455596003 ], [ 12.728877715894377, 45.836742068134043 ], [ 12.729052545732362, 45.836922405375169 ], [ 12.729160824866296, 45.836995285266532 ], [ 12.729278692482955, 45.837082523297106 ], [ 12.729396991312324, 45.837162726349675 ], [ 12.729516056978857, 45.837221661908131 ], [ 12.729616080744774, 45.837251966512461 ], [ 12.729706387774556, 45.837267917015467 ], [ 12.729837912786405, 45.837270548940076 ], [ 12.729939603969861, 45.837258404151662 ], [ 12.72998026258734, 45.837252124639839 ], [ 12.73016490460774, 45.837192173358268 ], [ 12.730414208389222, 45.83703433757659 ], [ 12.731176554945591, 45.836455313505553 ], [ 12.731333025401639, 45.836338135105223 ], [ 12.731445505456414, 45.836312134718511 ], [ 12.731621538182559, 45.836464165623632 ], [ 12.731984262953219, 45.836754286534578 ], [ 12.732121781533269, 45.836856090619449 ], [ 12.732270252961863, 45.836936834056559 ], [ 12.732349870305052, 45.836995076648876 ], [ 12.732387499813132, 45.837014728160796 ], [ 12.732420160045821, 45.837019780587902 ], [ 12.732446196397385, 45.837012448288384 ], [ 12.732532472687966, 45.836954720354299 ], [ 12.732564671365799, 45.836904791850948 ], [ 12.732472173413045, 45.836806106262962 ], [ 12.732362655360705, 45.836685924881351 ], [ 12.732348216696792, 45.836597197419351 ], [ 12.732358564516456, 45.83649208756416 ], [ 12.73319683784316, 45.835737747658129 ], [ 12.734158346851226, 45.834918432237693 ], [ 12.734333511069121, 45.834757523248648 ], [ 12.734404639627327, 45.834640973101948 ], [ 12.734427988605667, 45.834510864879952 ], [ 12.734422402816922, 45.834350560159116 ], [ 12.734336097530489, 45.834252033443647 ], [ 12.734168927053965, 45.834161193413628 ], [ 12.734324850960768, 45.834018735971199 ], [ 12.734416656643049, 45.83402059215787 ], [ 12.734510851964126, 45.83396584389358 ], [ 12.734840487863275, 45.833696637435374 ], [ 12.735233402520496, 45.833337959193784 ], [ 12.735672035480491, 45.832916036172442 ], [ 12.735913941578048, 45.832679041698391 ], [ 12.736876215939954, 45.831776418710575 ], [ 12.73755023605357, 45.831147588004626 ], [ 12.737575350065017, 45.831057385644307 ], [ 12.738049222048156, 45.830568141839187 ], [ 12.73899745950391, 45.829574330339589 ], [ 12.739449916199975, 45.829077141320354 ], [ 12.739973125637434, 45.828702025274737 ], [ 12.740831976233176, 45.828046504655674 ], [ 12.741478422646681, 45.827560679843721 ], [ 12.741747085440284, 45.827331706437064 ], [ 12.742334330909197, 45.826973111694066 ], [ 12.742868070062803, 45.826605827761597 ], [ 12.74379968590987, 45.827085173167916 ], [ 12.745004442871387, 45.827762659959767 ], [ 12.745988662755202, 45.828280855522841 ], [ 12.746952687433302, 45.82876073141486 ], [ 12.747883318218161, 45.829270319093098 ], [ 12.748347045703479, 45.829566521794426 ], [ 12.748661534885066, 45.829806958621113 ], [ 12.748922665225546, 45.830031235620709 ], [ 12.749017014348022, 45.830095913384035 ], [ 12.749269267522006, 45.830268545519168 ], [ 12.749706998075329, 45.830670008324503 ], [ 12.750394656727043, 45.831310782818512 ], [ 12.751019186590991, 45.83190484293165 ], [ 12.751381193229394, 45.832254062389048 ], [ 12.751824853028049, 45.832823550594739 ], [ 12.752258508251051, 45.833280583637062 ], [ 12.753046262522512, 45.833999509587713 ], [ 12.753692420191435, 45.834613635938965 ], [ 12.754183918485781, 45.835082080326778 ], [ 12.754336700320755, 45.835268504847178 ], [ 12.754504663903568, 45.835445158635558 ], [ 12.75477169215209, 45.835695060961193 ], [ 12.754869594276091, 45.835798861262539 ], [ 12.755054235832345, 45.835924829944332 ], [ 12.755625142769487, 45.836231697546019 ], [ 12.756180321452124, 45.836568783265932 ], [ 12.756823624266607, 45.836887303348576 ], [ 12.757307599283694, 45.837182262859749 ], [ 12.757649137522158, 45.837392891014517 ], [ 12.757702172760737, 45.837526339401137 ], [ 12.75767978634908, 45.837719607689209 ], [ 12.757555879563121, 45.837900737248049 ], [ 12.75748044500167, 45.837960377446329 ], [ 12.757505633530167, 45.838062789348925 ], [ 12.757729660057867, 45.838291418193286 ], [ 12.758082301126901, 45.838594029538449 ], [ 12.758222986206871, 45.838719100439853 ], [ 12.75876410964279, 45.839045745254836 ], [ 12.759406762629098, 45.839384524359652 ], [ 12.760204824580843, 45.83984878322709 ], [ 12.761274177929829, 45.840460981893159 ], [ 12.76278550569404, 45.841326466800155 ], [ 12.763740091212087, 45.841865018192991 ], [ 12.764538224205685, 45.842329244345983 ], [ 12.764822683286569, 45.84250807031006 ], [ 12.76513804374382, 45.842646721689988 ], [ 12.765281452235106, 45.842710667329378 ], [ 12.765513326766524, 45.842745860756956 ], [ 12.765820969428768, 45.842711135928823 ], [ 12.766066722536458, 45.842766842514116 ], [ 12.766109622545818, 45.842788019136137 ], [ 12.765191316695141, 45.843504017856091 ], [ 12.765247507859105, 45.843556079675501 ], [ 12.765434039321677, 45.843631113592629 ], [ 12.765762827461812, 45.843800643580394 ], [ 12.766219733437374, 45.844044072752403 ], [ 12.766722111981533, 45.844247564897103 ], [ 12.767251207069316, 45.844512819664779 ], [ 12.767579058631048, 45.844702627542738 ], [ 12.767808627646575, 45.844798829082535 ], [ 12.768253075969193, 45.84499108579633 ], [ 12.76882786021929, 45.84520612914519 ], [ 12.768284437892163, 45.845664493807192 ], [ 12.76774019418964, 45.846143225175496 ], [ 12.76687920874862, 45.84688074715141 ], [ 12.766410708213593, 45.847289464374427 ], [ 12.766227184794685, 45.847489762787383 ], [ 12.766311843264912, 45.84756275689918 ], [ 12.766437186834677, 45.847707946097842 ], [ 12.766635994200474, 45.847844319584794 ], [ 12.766834466454648, 45.847990964903872 ], [ 12.76716255755551, 45.848170684947625 ], [ 12.767376409377874, 45.848297109452837 ], [ 12.767633515288368, 45.848434616813286 ], [ 12.767847252806506, 45.848561224227808 ], [ 12.768018886134378, 45.848646106844619 ], [ 12.768147138008279, 45.84871991036313 ], [ 12.768275188991472, 45.848804071498044 ], [ 12.76838690459368, 45.848928556271836 ], [ 12.768541745972302, 45.849064128085026 ], [ 12.768604409913882, 45.84914891805807 ], [ 12.768754790359029, 45.849393728777265 ], [ 12.768813190618996, 45.84968019137807 ], [ 12.768805014727151, 45.849907826139422 ], [ 12.768873006732688, 45.850023763396528 ], [ 12.769129774871027, 45.850247507909152 ], [ 12.769452446706328, 45.850487706905717 ], [ 12.769686871280584, 45.850659082452303 ], [ 12.769891603696365, 45.850743768915549 ], [ 12.77017761420346, 45.850877975359978 ], [ 12.771317853719108, 45.851316538931094 ], [ 12.771659352589953, 45.851518755394743 ], [ 12.772043880373918, 45.851740070731616 ], [ 12.772242695611274, 45.851784804201124 ], [ 12.772409105089343, 45.851832228796454 ], [ 12.77316881020311, 45.852075700604601 ], [ 12.773704254688306, 45.852322803469576 ], [ 12.774150612621717, 45.852755030100148 ], [ 12.774450977258212, 45.853022865641812 ], [ 12.774705338205155, 45.853280880913971 ], [ 12.775046589074538, 45.853397316103596 ], [ 12.775283523810041, 45.853453204549837 ], [ 12.775440373554439, 45.853441174497782 ], [ 12.776053500558943, 45.853342128809928 ], [ 12.776311161795455, 45.853454845513909 ], [ 12.77693837073179, 45.853776394810943 ], [ 12.777323774482731, 45.853958779107614 ], [ 12.777987894473807, 45.854096920999588 ], [ 12.778375999540334, 45.854032225458468 ], [ 12.77866740092645, 45.854038328190171 ], [ 12.77900291217621, 45.854113627098862 ], [ 12.77925057322223, 45.854139538855655 ], [ 12.779572561421929, 45.854269919892324 ], [ 12.779881351934074, 45.85439371642039 ], [ 12.780382186440095, 45.854627352744785 ], [ 12.780620247978979, 45.854735758477212 ], [ 12.780730032060777, 45.854588195546938 ], [ 12.781045061266513, 45.854483067352447 ], [ 12.781594570788231, 45.854310221481583 ], [ 12.781860738300715, 45.854210220635288 ], [ 12.78217924852072, 45.853955287630505 ], [ 12.782563404862092, 45.853633280645241 ], [ 12.782855254052443, 45.853361407533228 ], [ 12.7832344872385, 45.853042891815321 ], [ 12.783702562607159, 45.852737180744398 ], [ 12.784604852820999, 45.851944155848997 ], [ 12.784958020154621, 45.851627128866639 ], [ 12.785437005806134, 45.851226358349791 ], [ 12.785789268420825, 45.850949233116189 ], [ 12.786007889880779, 45.850769701020056 ], [ 12.786583919432836, 45.850462826440889 ], [ 12.787227394618963, 45.850183773779094 ], [ 12.787903731865839, 45.849831168677447 ], [ 12.788471708364559, 45.849392867373382 ], [ 12.788946391319358, 45.849149201956138 ], [ 12.78899258242571, 45.849103023318847 ], [ 12.789234759866677, 45.848957626614073 ], [ 12.789618437688871, 45.848766035690637 ], [ 12.789995911340281, 45.848593101549689 ], [ 12.790557447912619, 45.848386238981846 ], [ 12.790680496979519, 45.848343357173498 ], [ 12.790691946951217, 45.848339376416462 ], [ 12.790861389273422, 45.848279831581287 ], [ 12.79114702096677, 45.848165570750375 ], [ 12.791427393362794, 45.848008099182742 ], [ 12.791396628140692, 45.847921271741704 ], [ 12.791249657013738, 45.847822643509232 ], [ 12.791036278908718, 45.847669875132077 ], [ 12.790897788858691, 45.847533070521415 ], [ 12.790906710888738, 45.847480568387503 ], [ 12.791246567136783, 45.847209238806393 ], [ 12.791858963592414, 45.846792307051153 ], [ 12.792529924942329, 45.84629736716775 ], [ 12.792906596869996, 45.845959731804548 ], [ 12.793359540479377, 45.845772036474635 ], [ 12.7944810014531, 45.845163727256868 ], [ 12.794927226561095, 45.844975889018748 ], [ 12.795226911971806, 45.845024878516966 ], [ 12.795517864200615, 45.84512150292754 ], [ 12.795829450967489, 45.845218520312123 ], [ 12.79604401982863, 45.845337666433068 ], [ 12.796236890444133, 45.845489937587345 ], [ 12.796584568975689, 45.845712126109426 ], [ 12.796959602938147, 45.845935023507245 ], [ 12.797768304204769, 45.845617559311108 ], [ 12.798423615304936, 45.845328598014483 ], [ 12.798666248182613, 45.845256614040757 ], [ 12.79927789277262, 45.845033818575317 ], [ 12.799715375213955, 45.844884236802592 ], [ 12.800168169372382, 45.844696699283091 ], [ 12.80040672970801, 45.844780384381963 ], [ 12.800412825738082, 45.844809344572418 ], [ 12.800466756560484, 45.844999629589317 ], [ 12.800525320128292, 45.845193630706341 ], [ 12.800551576961791, 45.845304818556841 ], [ 12.80052661128517, 45.845422212929698 ], [ 12.800490601656438, 45.845560857426953 ], [ 12.800426361355896, 45.845759578664655 ], [ 12.800399103561993, 45.845934025625937 ], [ 12.800395815734868, 45.84601613416887 ], [ 12.800434534742028, 45.846073981149729 ], [ 12.800484175422589, 45.846110672071397 ], [ 12.800573409073035, 45.846180248047439 ], [ 12.800647296005828, 45.846249525020035 ], [ 12.800718297858653, 45.846265162115692 ], [ 12.800719864389215, 45.846265469977787 ], [ 12.801538005643938, 45.846092310495827 ], [ 12.802189338361012, 45.845903821110696 ], [ 12.803208657943888, 45.845593071562575 ], [ 12.804109750616115, 45.845327838906123 ], [ 12.804802770606209, 45.845125793407661 ], [ 12.805076362090265, 45.845009378671485 ], [ 12.804993602543735, 45.844966773335081 ], [ 12.80486727234871, 45.844899067843052 ], [ 12.80470451251384, 45.844852379072996 ], [ 12.804508397251182, 45.844749105805057 ], [ 12.80438399526339, 45.84462849964801 ], [ 12.804132117910674, 45.844359216269694 ], [ 12.804011226673554, 45.844263605439508 ], [ 12.803916935679009, 45.84417466857591 ], [ 12.803831864881612, 45.844073632973434 ], [ 12.803819983613133, 45.843924072454271 ], [ 12.803798637846892, 45.843786798754465 ], [ 12.803822576161842, 45.843631813715156 ], [ 12.803822496289822, 45.843407961612151 ], [ 12.803736627364303, 45.84332540458086 ], [ 12.80367819439499, 45.843231581795841 ], [ 12.803619376750577, 45.843143442430296 ], [ 12.803625167606754, 45.842994282915349 ], [ 12.803790679288317, 45.842860591537473 ], [ 12.804012474721549, 45.84265337567458 ], [ 12.804158964793682, 45.842550471210657 ], [ 12.804365376022258, 45.842504705353385 ], [ 12.804441246846734, 45.842387953147913 ], [ 12.804467067690384, 45.842183219677949 ], [ 12.804455624499511, 45.842021223212576 ], [ 12.804470663935222, 45.8418660846501 ], [ 12.804510154249705, 45.841767287197712 ], [ 12.804470008247524, 45.841654583068554 ], [ 12.804392952903681, 45.841578483416946 ], [ 12.804261280036153, 45.841532377746134 ], [ 12.804075215248627, 45.841510137667292 ], [ 12.803934207080138, 45.841476314159941 ], [ 12.803952000156208, 45.841476621104924 ], [ 12.803900848080454, 45.841419639812052 ], [ 12.803868062956338, 45.841350614956809 ], [ 12.803853033545522, 45.84127568760919 ], [ 12.803793901054181, 45.841199890183006 ], [ 12.803643649233848, 45.841172135091441 ], [ 12.803518292602945, 45.841188374953312 ], [ 12.803374832093199, 45.841216739380947 ], [ 12.803296552066609, 45.841171733249993 ], [ 12.803236498333399, 45.841114508295931 ], [ 12.803088047850089, 45.841043307623572 ], [ 12.802938804029866, 45.840990675253053 ], [ 12.802878976690504, 45.840927321886745 ], [ 12.802802577534711, 45.840832477214462 ], [ 12.802681611422006, 45.840743168151441 ], [ 12.802541136700002, 45.840690693077548 ], [ 12.802364100154243, 45.840668599398015 ], [ 12.802239312226975, 45.840672397525424 ], [ 12.802115098470507, 45.84066384501746 ], [ 12.802030372666005, 45.840556405846066 ], [ 12.801903491948405, 45.840386014016943 ], [ 12.801709375187233, 45.840121011407049 ], [ 12.801687688328206, 45.839989959325536 ], [ 12.80168595060414, 45.839809637213627 ], [ 12.801807758722445, 45.839656432383542 ], [ 12.801961950551988, 45.839579647032686 ], [ 12.802097867454087, 45.839520032233594 ], [ 12.802206179073611, 45.839478619030224 ], [ 12.802245103987296, 45.839392262563599 ], [ 12.802248132935329, 45.83931772337295 ], [ 12.802160166365127, 45.83929113123606 ], [ 12.802063871775195, 45.839251945091135 ], [ 12.801942336151013, 45.839174985581899 ], [ 12.80185683128536, 45.839086294306064 ], [ 12.801860514112249, 45.838993011260172 ], [ 12.801883003098323, 45.838875248978205 ], [ 12.801984646696427, 45.83877762188137 ], [ 12.802050180760205, 45.838698119737145 ], [ 12.802071746762632, 45.838598930226254 ], [ 12.802048527367496, 45.838511494095911 ], [ 12.801891183272371, 45.838440048132412 ], [ 12.801743175298352, 45.838356319570345 ], [ 12.801604063796072, 45.838272744472874 ], [ 12.801535564889862, 45.838203018552036 ], [ 12.801478326450988, 45.838077471291712 ], [ 12.801474787674007, 45.837940593965733 ], [ 12.80149626923952, 45.837847708070996 ], [ 12.801537216300742, 45.837711688953718 ], [ 12.801469506311424, 45.837623304637177 ], [ 12.801340527057336, 45.837508878271578 ], [ 12.801174284700311, 45.837437187689098 ], [ 12.801006692294614, 45.837396685296284 ], [ 12.800866704564742, 45.837337981244822 ], [ 12.800763406506231, 45.837248891708882 ], [ 12.800615977956333, 45.837152811009652 ], [ 12.800519999641075, 45.837101191644209 ], [ 12.800406486788361, 45.837049256093096 ], [ 12.800375151192203, 45.836942827785641 ], [ 12.800370478420685, 45.836830830944983 ], [ 12.80028518176087, 45.836743211665073 ], [ 12.800236146591931, 45.836630261996774 ], [ 12.800211916404651, 45.836567611897415 ], [ 12.800193395244888, 45.836362015786989 ], [ 12.800171842444845, 45.836230958913006 ], [ 12.8002308032237, 45.836089029739284 ], [ 12.800397538506404, 45.835924338986835 ], [ 12.800573033850037, 45.835759716255687 ], [ 12.800630196406077, 45.835661321597335 ], [ 12.800687841814492, 45.835556790144828 ], [ 12.800649059433121, 45.835412895735793 ], [ 12.800518858804949, 45.835329562564958 ], [ 12.800310248798477, 45.835201045342039 ], [ 12.800232426037088, 45.835143690495414 ], [ 12.800183301042038, 45.835036954472478 ], [ 12.800213110949899, 45.834956662865658 ], [ 12.800254628013526, 45.834808203806574 ], [ 12.800321694255993, 45.834685086742454 ], [ 12.800310046021966, 45.834529307287369 ], [ 12.800244016861615, 45.834397481412275 ], [ 12.800178330413308, 45.834259343382215 ], [ 12.800173347026128, 45.834159778233683 ], [ 12.80011840845633, 45.833971506678012 ], [ 12.800025022130596, 45.833857693647523 ], [ 12.799903822233327, 45.833662627604475 ], [ 12.799777530449115, 45.833593114967364 ], [ 12.799701593587026, 45.833485921404751 ], [ 12.799633103258742, 45.833416194035848 ], [ 12.799521041883622, 45.833326855101674 ], [ 12.799417319635182, 45.833250289846241 ], [ 12.799314025689535, 45.83316110883051 ], [ 12.799165473264797, 45.833089906428981 ], [ 12.799061085357684, 45.833031905079125 ], [ 12.798984710346842, 45.832937147008884 ], [ 12.798996724611898, 45.832856458063979 ], [ 12.799035565033805, 45.832776406155311 ], [ 12.799143768532556, 45.832741120101218 ], [ 12.799240710091398, 45.832761655098004 ], [ 12.799408953695718, 45.832783596330458 ], [ 12.799568736336992, 45.832792857603295 ], [ 12.799720198615546, 45.832789614290093 ], [ 12.799882218833428, 45.832742904377106 ], [ 12.800010547080262, 45.832645830504525 ], [ 12.800131783095646, 45.83250515778753 ], [ 12.80021677194555, 45.832382433982964 ], [ 12.800285852817581, 45.832209564264062 ], [ 12.80038313238409, 45.831775986330634 ], [ 12.800482246222472, 45.831516696676267 ], [ 12.800490063235953, 45.831317784129311 ], [ 12.800514221550053, 45.831156491571534 ], [ 12.800494693879727, 45.830975771701354 ], [ 12.800510965728703, 45.830789448980667 ], [ 12.800573263757245, 45.830560548678051 ], [ 12.800596981655106, 45.830411692147401 ], [ 12.800568701914719, 45.830280139249588 ], [ 12.800229025241482, 45.830083439103333 ], [ 12.799974132125106, 45.829895165787029 ], [ 12.800114868156509, 45.829653392413668 ], [ 12.800349799867808, 45.829664020289314 ], [ 12.800507622084172, 45.829671095270072 ], [ 12.800826899638714, 45.829519415015312 ], [ 12.801600086680033, 45.829126686960869 ], [ 12.80145950429392, 45.828996625448376 ], [ 12.801098113767138, 45.828740074489851 ], [ 12.800732760161139, 45.828580235205116 ], [ 12.800745594824257, 45.828437951811821 ], [ 12.800803969666504, 45.828232764641037 ], [ 12.800882386020231, 45.828229072508847 ], [ 12.800966410777127, 45.828199990679636 ], [ 12.801052183046078, 45.828126655624011 ], [ 12.801108201664201, 45.828066373007644 ], [ 12.801126054266057, 45.827988279617912 ], [ 12.801163420312456, 45.827903685531972 ], [ 12.801214514432305, 45.827846717260883 ], [ 12.801242062378689, 45.827765420548488 ], [ 12.801247450967397, 45.827751919544745 ], [ 12.801230980115362, 45.827676499722443 ], [ 12.801203487465667, 45.827628270070889 ], [ 12.801152058182906, 45.827572646880135 ], [ 12.801028183066869, 45.827498734623788 ], [ 12.80091017350605, 45.827397533812722 ], [ 12.80079088718899, 45.827330489231628 ], [ 12.800715894759426, 45.827254048285873 ], [ 12.800660703226017, 45.827167766735307 ], [ 12.800633951033474, 45.827105830747762 ], [ 12.800628105806281, 45.827006834315007 ], [ 12.800660529705592, 45.826929065744615 ], [ 12.800722419039895, 45.826841584738936 ], [ 12.800758501712608, 45.826791057340102 ], [ 12.800825418962109, 45.826703678832779 ], [ 12.800919577043093, 45.82666462841329 ], [ 12.801034122227067, 45.826605456615724 ], [ 12.801139326019173, 45.826535794672601 ], [ 12.801176031471147, 45.826471744877423 ], [ 12.801149309539092, 45.826406477624516 ], [ 12.801072753566231, 45.82636753319602 ], [ 12.800996344365439, 45.82632507343294 ], [ 12.800895858643203, 45.826278825096225 ], [ 12.800802984497953, 45.826283808913509 ], [ 12.800689240313124, 45.826322611518378 ], [ 12.800580542381338, 45.826358005568579 ], [ 12.800490520185138, 45.826414289906708 ], [ 12.800406674979598, 45.826436524646631 ], [ 12.800329630475906, 45.826411187514957 ], [ 12.800233757423561, 45.826368385373193 ], [ 12.800196570975308, 45.826323358642277 ], [ 12.800160662182343, 45.826244175520792 ], [ 12.800160542886593, 45.826121495726738 ], [ 12.800248361063517, 45.825996967383801 ], [ 12.800380789329655, 45.825856371579377 ], [ 12.800492970392666, 45.825732291762151 ], [ 12.800559770807507, 45.825648877736391 ], [ 12.800593477594592, 45.825537042623424 ], [ 12.80056311020854, 45.82544093317243 ], [ 12.80052720767098, 45.825361839961587 ], [ 12.800505563918092, 45.825289832676553 ], [ 12.800483889741509, 45.825221156774361 ], [ 12.800516337329945, 45.825139967056579 ], [ 12.80063531499713, 45.825091089187673 ], [ 12.800764067316901, 45.825045846055737 ], [ 12.800887962379928, 45.82499356376394 ], [ 12.800990945274936, 45.824982032443167 ], [ 12.801183806744437, 45.824914040964124 ], [ 12.801287601905738, 45.824878539624898 ], [ 12.801388037232156, 45.824808856267339 ], [ 12.801483291514524, 45.82474249578231 ], [ 12.801607502942232, 45.824683541414331 ], [ 12.801715525154432, 45.824668511169683 ], [ 12.801717699828297, 45.824611642330254 ], [ 12.801693489199586, 45.824484994631952 ], [ 12.801712647237478, 45.824369413415013 ], [ 12.801726417024971, 45.824267333214323 ], [ 12.801802823526184, 45.824187018773927 ], [ 12.801842005337104, 45.824146108848971 ], [ 12.801863761433729, 45.824123421497163 ], [ 12.801847779761827, 45.82403439390994 ], [ 12.801779614304856, 45.82390696047058 ], [ 12.801700672867982, 45.823806529013062 ], [ 12.801602439272076, 45.823698819355393 ], [ 12.801557226292376, 45.823605905055004 ], [ 12.801575871433968, 45.823507352852964 ], [ 12.801638708987234, 45.823397967256867 ], [ 12.801837239633246, 45.823313133895013 ], [ 12.801969517138129, 45.823172361187275 ], [ 12.80207187252865, 45.823051577485082 ], [ 12.802337196133857, 45.822887108931624 ], [ 12.802826270732307, 45.822741555959652 ], [ 12.803406480012502, 45.822522215217461 ], [ 12.80418850925016, 45.822204152805199 ], [ 12.804680123747184, 45.822003510953316 ], [ 12.805157207366459, 45.821797500878489 ], [ 12.805549204941991, 45.821518087936461 ], [ 12.805678122161648, 45.821420717822448 ], [ 12.805937702449524, 45.821159131378217 ], [ 12.806389159095259, 45.820675839454992 ], [ 12.806793529053891, 45.820268555037948 ], [ 12.807023381269108, 45.820016688842152 ], [ 12.807679407755737, 45.820295793213319 ], [ 12.808361376242468, 45.820662507974049 ], [ 12.808671089340407, 45.820801677502004 ], [ 12.808733474734517, 45.820331452218483 ], [ 12.808764335557175, 45.820106566788319 ], [ 12.809292576068405, 45.820280654868078 ], [ 12.809666914135111, 45.820451868095475 ], [ 12.810442235233054, 45.820681068370945 ], [ 12.811336204402606, 45.821062107967926 ], [ 12.812301953455677, 45.821485477429263 ], [ 12.813240205350628, 45.821862322262419 ], [ 12.813874367459764, 45.822140951507407 ], [ 12.814559514022768, 45.822430834272822 ], [ 12.815690295294459, 45.822945508761876 ], [ 12.816628260331797, 45.823332506433204 ], [ 12.817241952704158, 45.823574897438164 ], [ 12.818106654755409, 45.823944531603701 ], [ 12.818654577972518, 45.824126828668931 ], [ 12.818773639931486, 45.824145256583449 ], [ 12.818788659154068, 45.825554853247972 ], [ 12.818822836938919, 45.827887222626373 ], [ 12.818844483958651, 45.829886073283632 ], [ 12.818833654144177, 45.831019573138143 ], [ 12.818768293396781, 45.833554644911992 ], [ 12.818794382543841, 45.8337625951999 ], [ 12.819211268083265, 45.833788066900979 ], [ 12.819867155365266, 45.833905807618841 ], [ 12.820415439389249, 45.833992223396578 ], [ 12.820889168316645, 45.834065471318389 ], [ 12.821196897290877, 45.834106472193206 ], [ 12.821377232294243, 45.834197553845421 ], [ 12.821464788149999, 45.834310194545651 ], [ 12.821425576743975, 45.834671818153048 ], [ 12.821533547761545, 45.835117982548233 ], [ 12.821724347432777, 45.835583335151952 ], [ 12.821882870348608, 45.836030506351293 ], [ 12.822048397884389, 45.836284911133987 ], [ 12.822356994660396, 45.836518681408748 ], [ 12.822618475546548, 45.836675630490078 ], [ 12.822822507927718, 45.836802280041063 ], [ 12.822922940491488, 45.836798375203564 ], [ 12.823264424781458, 45.836617804904783 ], [ 12.82374446517832, 45.836311436997313 ], [ 12.824164152020918, 45.836056415292191 ], [ 12.824642981785091, 45.83578509805691 ], [ 12.82494960463179, 45.835638994890509 ], [ 12.825315875500605, 45.835680992567035 ], [ 12.825691003195114, 45.835705680208903 ], [ 12.825808190592067, 45.835702021158973 ], [ 12.826015017610789, 45.835758633458781 ], [ 12.826388065395189, 45.835625420822531 ], [ 12.826649763355215, 45.835560298473055 ], [ 12.826852079387201, 45.835517419352193 ], [ 12.82707441657093, 45.835387278647971 ], [ 12.827609001255194, 45.835403191306717 ], [ 12.828161673336183, 45.835378710167433 ], [ 12.828464168905596, 45.83533768775434 ], [ 12.828622952809342, 45.835337850733367 ], [ 12.82869763497418, 45.835350916612981 ], [ 12.828665480270383, 45.835531475684682 ], [ 12.828706809827247, 45.835760154742445 ], [ 12.828868876316333, 45.836108096286189 ], [ 12.828925268105822, 45.836377944507539 ], [ 12.828914869220494, 45.836646523546626 ], [ 12.829092114062528, 45.837029779442375 ], [ 12.829406129649954, 45.83755003094705 ], [ 12.829673101067623, 45.837777167473526 ], [ 12.830105856576926, 45.838042483623639 ], [ 12.830584750385558, 45.838197697081583 ], [ 12.830893826951652, 45.838203522594988 ], [ 12.831442912929493, 45.838278247081888 ], [ 12.831951292264209, 45.838317161795118 ], [ 12.832209369542957, 45.838345398734646 ], [ 12.832354463887851, 45.838376709725303 ], [ 12.832768404716383, 45.838407451303731 ], [ 12.832935042846229, 45.838362519432273 ], [ 12.833405771540241, 45.838265877027965 ], [ 12.833891530802163, 45.838140644499695 ], [ 12.833972689777736, 45.838171041273391 ], [ 12.834079827348763, 45.838240259531297 ], [ 12.834320345186947, 45.838417598366945 ], [ 12.834493868299203, 45.838545792301559 ], [ 12.834569102587574, 45.838729674945178 ], [ 12.834638569592123, 45.838711768697046 ], [ 12.834765402616846, 45.838983027154846 ], [ 12.834849488782373, 45.839291816160028 ], [ 12.834898501168224, 45.839446426459617 ], [ 12.83499321509778, 45.839486628094697 ], [ 12.8351731561325, 45.839451597011156 ], [ 12.835337453894699, 45.83946434674916 ], [ 12.835636860600529, 45.839537271906508 ], [ 12.835525274875193, 45.839583147523953 ], [ 12.835413059093591, 45.839638585279161 ], [ 12.835202448778489, 45.839759437078918 ], [ 12.835102183147729, 45.839863168324719 ], [ 12.835133321977407, 45.840122970970945 ], [ 12.835179371038251, 45.84035427932109 ], [ 12.835212613588842, 45.840556674803835 ], [ 12.835121326494198, 45.840785308299104 ], [ 12.835116148465476, 45.840919687363836 ], [ 12.835207032021048, 45.841055788284415 ], [ 12.835438083932058, 45.841117779948604 ], [ 12.836134218920179, 45.841236594459858 ], [ 12.836911894499222, 45.841376245495148 ], [ 12.837607155608723, 45.841514072515615 ], [ 12.83761787540181, 45.841591210665406 ], [ 12.83738554867517, 45.842623788825428 ], [ 12.837246341446111, 45.843379694335411 ], [ 12.837122278740013, 45.844097466131444 ], [ 12.837009439783685, 45.844527458219339 ], [ 12.836891053192161, 45.845101382765989 ], [ 12.836533191689574, 45.845824314898081 ], [ 12.8361940633785, 45.846422852237886 ], [ 12.835972070253366, 45.846831490051606 ], [ 12.835851090223876, 45.847117198427796 ], [ 12.835847759792433, 45.847203539991362 ], [ 12.836390409790285, 45.847372337535056 ], [ 12.837271021489222, 45.847696286230068 ], [ 12.837447659124859, 45.847747592322598 ], [ 12.838218277610929, 45.847714202552382 ], [ 12.838934822603932, 45.847660574343912 ], [ 12.839540005497819, 45.847643182514652 ], [ 12.840652815072053, 45.847644976571061 ], [ 12.841615478109684, 45.847624811842593 ], [ 12.842259593440371, 45.847665861460236 ], [ 12.842876599162837, 45.847696659195492 ], [ 12.843533778061508, 45.847757153863313 ], [ 12.844107928993134, 45.847835113543162 ], [ 12.844625304288979, 45.847960078354639 ], [ 12.844979213789879, 45.848043653964837 ], [ 12.845487081581348, 45.848053182310203 ], [ 12.84617357277012, 45.848066138680558 ], [ 12.846875334291978, 45.848040951892166 ], [ 12.847382230304268, 45.848079307757899 ], [ 12.847749701019207, 45.848172678648623 ], [ 12.848115944753067, 45.848294892951166 ], [ 12.848508177415717, 45.848455833955839 ], [ 12.848808383151381, 45.848509525422877 ], [ 12.84934262562073, 45.848548390314022 ], [ 12.849871849090697, 45.848721537025348 ], [ 12.850020002367064, 45.848772344512362 ], [ 12.85027820111549, 45.848844371348036 ], [ 12.850550570048833, 45.848907098430907 ], [ 12.850848213216834, 45.849028018501279 ], [ 12.850960735078074, 45.849148434903867 ], [ 12.850966983102957, 45.849154974791603 ], [ 12.850990054516274, 45.849270759168739 ], [ 12.851024946050556, 45.849434570023504 ], [ 12.851187437221705, 45.849495243246324 ], [ 12.851541493656978, 45.849578793509494 ], [ 12.851978561496939, 45.849644598715578 ], [ 12.852485602721803, 45.849682926970537 ], [ 12.853197618254393, 45.849744304737079 ], [ 12.853812947927507, 45.849823075172274 ], [ 12.853975208084238, 45.849893383298266 ], [ 12.854263455929228, 45.849898768831501 ], [ 12.855266548096001, 45.849898365403803 ], [ 12.856172696232978, 45.849915360985293 ], [ 12.856915379545647, 45.849900520663184 ], [ 12.857763659053452, 45.849993267871682 ], [ 12.858716937098464, 45.850212792613625 ], [ 12.859806973403074, 45.850454056288569 ], [ 12.860896159308568, 45.850714510453329 ], [ 12.861958982444596, 45.850945693102879 ], [ 12.862116716207026, 45.850775815925573 ], [ 12.862526553214852, 45.850179038005507 ], [ 12.862833763058143, 45.849761162577089 ], [ 12.862906623535402, 45.849660224920406 ], [ 12.863015052440446, 45.84949453591701 ], [ 12.863071704133992, 45.849364173540451 ], [ 12.863096868565917, 45.849231096746045 ], [ 12.863108441583135, 45.849154646397849 ], [ 12.863104382900939, 45.849148123061696 ], [ 12.863070592887908, 45.849091750601012 ], [ 12.863057406135448, 45.849055742958257 ], [ 12.863046855172039, 45.849013165350712 ], [ 12.863053944611281, 45.848953788699006 ], [ 12.86305075326389, 45.848909611775397 ], [ 12.863086170934615, 45.848877989270157 ], [ 12.863149849631947, 45.84886386200921 ], [ 12.863242511842287, 45.848857214362752 ], [ 12.863342084597674, 45.848857353450512 ], [ 12.863442083673524, 45.848850637248667 ], [ 12.863573885494244, 45.848834473176808 ], [ 12.8639425116827, 45.848795437845119 ], [ 12.864357489693592, 45.848750601051208 ], [ 12.864503861132881, 45.848734662550122 ], [ 12.864651158305758, 45.848694929838302 ], [ 12.864758544408275, 45.848623875085913 ], [ 12.864864907868789, 45.848512080290654 ], [ 12.865060609550657, 45.848288166996561 ], [ 12.865263503918049, 45.848067700119955 ], [ 12.865306152302662, 45.848030791409855 ], [ 12.865606554431178, 45.847931144700105 ], [ 12.866228069708159, 45.8476981134163 ], [ 12.866751110212716, 45.847493798749525 ], [ 12.866943970213203, 45.847409134124206 ], [ 12.867193472776464, 45.847240550225138 ], [ 12.867362559376119, 45.847141838941425 ], [ 12.867481767618189, 45.847076051538004 ], [ 12.867576916109504, 45.847049603863013 ], [ 12.867599669750879, 45.846984025322122 ], [ 12.867551990490218, 45.846644052982768 ], [ 12.867509382594717, 45.846351164041451 ], [ 12.86752115681988, 45.846225740875873 ], [ 12.867577622856176, 45.846196823904634 ], [ 12.867635811472502, 45.846170458810619 ], [ 12.867751417965655, 45.846132606331288 ], [ 12.867921618211078, 45.846075981193408 ], [ 12.868109135273137, 45.846029479964777 ], [ 12.868224710931097, 45.845996758626107 ], [ 12.868350402653919, 45.845931650601813 ], [ 12.868486522281097, 45.845829374747261 ], [ 12.868862543474416, 45.845553976086499 ], [ 12.868969211273637, 45.845470880310863 ], [ 12.869059393916391, 45.845406345452666 ], [ 12.869170481369224, 45.845310858241454 ], [ 12.869266368623236, 45.845233888395846 ], [ 12.869356461895585, 45.845171786603885 ], [ 12.869425650172944, 45.845140637078558 ], [ 12.869463089761179, 45.84512523583529 ], [ 12.869477944169207, 45.845142554100107 ], [ 12.86951617082469, 45.845220106635189 ], [ 12.869553792055084, 45.845316761840785 ], [ 12.869591291170888, 45.84541351118478 ], [ 12.869656130202069, 45.845510773481166 ], [ 12.869732713177779, 45.845665874017371 ], [ 12.869714388912735, 45.845771087265419 ], [ 12.869723686256121, 45.845886434991151 ], [ 12.86997656826277, 45.846102433690398 ], [ 12.870663834140128, 45.846451313854359 ], [ 12.871511681493335, 45.846918325373906 ], [ 12.872204873484197, 45.847468977924464 ], [ 12.872320908283911, 45.847672693487524 ], [ 12.872422289744071, 45.847895358314553 ], [ 12.872611778356461, 45.847966155986754 ], [ 12.872781179331515, 45.848209374485116 ], [ 12.872977556628063, 45.848462658314077 ], [ 12.873145501534895, 45.848744179994249 ], [ 12.873244715266402, 45.849024524141974 ], [ 12.873271763988347, 45.849146829832762 ], [ 12.873291523121132, 45.849236529268651 ], [ 12.87332503312944, 45.849438814636208 ], [ 12.873399446766822, 45.849651412777348 ], [ 12.873527586857659, 45.849893870555618 ], [ 12.873535080514175, 45.850057254567943 ], [ 12.873510006539538, 45.850354329079323 ], [ 12.873427817871079, 45.850708068600234 ], [ 12.874022855813665, 45.850838994427171 ], [ 12.874667730019693, 45.850980826251181 ], [ 12.874834338719202, 45.850568682784541 ], [ 12.874935424699872, 45.850305300709898 ], [ 12.875052994104946, 45.850010395259368 ], [ 12.875265571411994, 45.849611091579611 ], [ 12.875475331358526, 45.849286141534691 ], [ 12.875515376249437, 45.849147065901761 ], [ 12.875545257649151, 45.849043349404063 ], [ 12.875545128230593, 45.848650729570082 ], [ 12.875618719426384, 45.848312492154378 ], [ 12.875657211488592, 45.848101101042403 ], [ 12.875786610929719, 45.847891212561024 ], [ 12.875848781612902, 45.84745732206148 ], [ 12.875875584657411, 45.847150107053622 ], [ 12.875828662614614, 45.846788419918084 ], [ 12.875821492114024, 45.846576059489266 ], [ 12.875881132416136, 45.846205802041581 ], [ 12.875983051964749, 45.845921238196311 ], [ 12.876082272766396, 45.845710844296114 ], [ 12.876058493996403, 45.845137477185105 ], [ 12.875938142165845, 45.844710686778079 ], [ 12.875800477259205, 45.844336780233867 ], [ 12.875757935799545, 45.844251005404161 ], [ 12.875976400333618, 45.844095967805103 ], [ 12.876675736750569, 45.84367391453123 ], [ 12.877499227960415, 45.843179860179184 ], [ 12.877426222791366, 45.843104212229569 ], [ 12.877190605041333, 45.842908885764082 ], [ 12.876791073658087, 45.842636228770218 ], [ 12.876331354047869, 45.842351753570021 ], [ 12.875945776975936, 45.842111113225734 ], [ 12.875557253859371, 45.841944740044909 ], [ 12.875621659557822, 45.841850472000225 ], [ 12.875936794747517, 45.841548584555227 ], [ 12.876326908651299, 45.841269351882076 ], [ 12.875692922266305, 45.840376834610886 ], [ 12.875239173769332, 45.839933374143179 ], [ 12.87468002085563, 45.83946666820902 ], [ 12.874177647444647, 45.839107124044766 ], [ 12.874022919860915, 45.83898204273072 ], [ 12.873559568311624, 45.838607579399181 ], [ 12.873045962442806, 45.838141749445739 ], [ 12.872871110601544, 45.837947501723171 ], [ 12.87266608519646, 45.837752657658172 ], [ 12.872493349233361, 45.83750541152488 ], [ 12.872363295831095, 45.837333135261829 ], [ 12.87213981299076, 45.837222896194255 ], [ 12.871872377507609, 45.837069413084386 ], [ 12.871345699105953, 45.83655028293073 ], [ 12.87102331821152, 45.836247084822595 ], [ 12.870612751881309, 45.83586811835422 ], [ 12.870262490743816, 45.835500786450595 ], [ 12.870059342442165, 45.835252947986426 ], [ 12.869871755123423, 45.834602235605793 ], [ 12.869576473976604, 45.833728169363461 ], [ 12.870017984879413, 45.833575659637489 ], [ 12.870415770460067, 45.833498169782565 ], [ 12.870706345609406, 45.83343997732181 ], [ 12.870893209613827, 45.833316084690956 ], [ 12.871099382157826, 45.833086404686966 ], [ 12.871421522477425, 45.832996986038538 ], [ 12.871959677301964, 45.832815986719524 ], [ 12.872343378292616, 45.832706384338721 ], [ 12.872273646636792, 45.832545922287757 ], [ 12.872335812412027, 45.832504748074442 ], [ 12.873442525073299, 45.832143236252229 ], [ 12.873551592457684, 45.832071035802684 ], [ 12.873478905809616, 45.831984843262845 ], [ 12.873450163476486, 45.831941803975667 ], [ 12.873897407324812, 45.831759111074412 ], [ 12.874022827903651, 45.831698056285944 ], [ 12.874191218491294, 45.83161610013277 ], [ 12.874797530666253, 45.831637996524499 ], [ 12.875002841472115, 45.83142958105757 ], [ 12.87511346194743, 45.831314931507684 ], [ 12.875102754734435, 45.83119792173116 ], [ 12.875015698587916, 45.831090255672045 ], [ 12.874870154805194, 45.830928409390559 ], [ 12.874680655353865, 45.830723230475002 ], [ 12.874584586574617, 45.830456191877516 ], [ 12.874516280365521, 45.830253287905073 ], [ 12.874991823709211, 45.830124175906683 ], [ 12.874999876425028, 45.829912108189575 ], [ 12.875305769725774, 45.82985419378047 ], [ 12.8761771156544, 45.829690030580814 ], [ 12.876214871136868, 45.829892351267155 ], [ 12.876256001500755, 45.830009857588941 ], [ 12.877288655153208, 45.829997183725276 ], [ 12.877516548106083, 45.829974857683105 ], [ 12.877550929722506, 45.829869367322061 ], [ 12.877659555566108, 45.829807619100322 ], [ 12.87779878327588, 45.829736009732812 ], [ 12.877996879191164, 45.829718475836486 ], [ 12.878090296830225, 45.829656524009941 ], [ 12.878047608603753, 45.829581466147054 ], [ 12.877916429502671, 45.829441098016481 ], [ 12.877756378555821, 45.829257695921626 ], [ 12.877567591134845, 45.829031345149559 ], [ 12.877528702284929, 45.828860927055679 ], [ 12.877533075770119, 45.82874421506606 ], [ 12.877476020432727, 45.82864768271363 ], [ 12.877335566833072, 45.828347950774855 ], [ 12.877268355534028, 45.828123858766283 ], [ 12.877372092860485, 45.827786305262961 ], [ 12.877432258584744, 45.827405407203223 ], [ 12.877525282971378, 45.826950844112964 ], [ 12.877505847953937, 45.826663921562727 ], [ 12.877426967229351, 45.826344185150603 ], [ 12.877316520288499, 45.8260555848141 ], [ 12.877222138284292, 45.825746186134637 ], [ 12.877229040972864, 45.825565840873978 ], [ 12.877160732399645, 45.825362938467826 ], [ 12.876755182305164, 45.824453572415266 ], [ 12.876924099935113, 45.824403637888267 ], [ 12.877472942512641, 45.824312979427496 ], [ 12.877657787466189, 45.82424216020263 ], [ 12.877826284363501, 45.824202859853081 ], [ 12.878054528129223, 45.824185921372901 ], [ 12.87835785330423, 45.824191543248645 ], [ 12.878539447535967, 45.824205442822901 ], [ 12.879812063801484, 45.824664163815768 ], [ 12.879946482449245, 45.824719809911571 ], [ 12.880020012436695, 45.82478481726654 ], [ 12.880184843721411, 45.824840869039463 ], [ 12.880796582678897, 45.825117548136213 ], [ 12.882850192603778, 45.825792246866669 ], [ 12.883079829944684, 45.825743477233686 ], [ 12.883443338456267, 45.825760898951685 ], [ 12.883746382191411, 45.825777137277854 ], [ 12.884048867088783, 45.825803835022811 ], [ 12.884365648803064, 45.826098636173271 ], [ 12.884590035598469, 45.825941219710508 ], [ 12.884876719227526, 45.825585819149644 ], [ 12.885034906053464, 45.82541886441912 ], [ 12.885157351639075, 45.825389402193679 ], [ 12.885508704428796, 45.82533216256985 ], [ 12.885710180441153, 45.825219269116523 ], [ 12.885837103663178, 45.825073000220421 ], [ 12.885859197068267, 45.824893037124838 ], [ 12.885969653980499, 45.824778382447889 ], [ 12.886890801440353, 45.824524950640502 ], [ 12.887136219733458, 45.824455202841058 ], [ 12.887688063438965, 45.824306246108627 ], [ 12.888207227106951, 45.824220417516941 ], [ 12.888569972519509, 45.824145768211316 ], [ 12.888727094840981, 45.824113320102796 ], [ 12.889124949864245, 45.824025230988575 ], [ 12.889507585244244, 45.823936759201523 ], [ 12.889783421391783, 45.823867588939422 ], [ 12.890164803959159, 45.823811021328602 ], [ 12.89058984742562, 45.823808230053821 ], [ 12.891076199317673, 45.823785524348693 ], [ 12.891381353835676, 45.823738032980735 ], [ 12.891518286672644, 45.823729942320533 ], [ 12.891555867755917, 45.823539728697668 ], [ 12.891489734527434, 45.823283834444361 ], [ 12.891379235292177, 45.82299542935209 ], [ 12.891241537473981, 45.822621631755453 ], [ 12.890975155635175, 45.822043758326224 ], [ 12.890936815192049, 45.821852173481673 ], [ 12.890870693558778, 45.821596368451907 ], [ 12.89067158133288, 45.821242666505356 ], [ 12.890398634543324, 45.820834415161748 ], [ 12.890047354158412, 45.820499042025759 ], [ 12.890139486087348, 45.820468897710199 ], [ 12.890352504449782, 45.820451733534668 ], [ 12.890536344627003, 45.820401990000434 ], [ 12.89097967497506, 45.820314773950372 ], [ 12.891347622232074, 45.820215455469494 ], [ 12.891745022257693, 45.820137903835651 ], [ 12.891975626646911, 45.820057309487623 ], [ 12.892251728499113, 45.819977502875865 ], [ 12.892494743277899, 45.819971462807608 ], [ 12.892765656545858, 45.820029457923148 ], [ 12.893111529481411, 45.820110097644353 ], [ 12.893578828256473, 45.820192983452777 ], [ 12.893909076057959, 45.820283965098383 ], [ 12.894164909503903, 45.820341661434554 ], [ 12.894642111500481, 45.820562640942356 ], [ 12.894922520629159, 45.820769454095064 ], [ 12.895576422501785, 45.821131474628764 ], [ 12.89578550863037, 45.821220196807111 ], [ 12.895906391507793, 45.821233081235555 ], [ 12.896045695764228, 45.82116135676462 ], [ 12.896097083175945, 45.821003163889664 ], [ 12.896265977606182, 45.820953291373009 ], [ 12.896609898440158, 45.8210869132742 ], [ 12.897133330398264, 45.821287581332584 ], [ 12.899125572522587, 45.821971283507402 ], [ 12.900288593646151, 45.822512460131563 ], [ 12.900271143057129, 45.822575883951025 ], [ 12.900198836396061, 45.822882140889824 ], [ 12.90007473034813, 45.823357137756346 ], [ 12.900092735094955, 45.823686410559041 ], [ 12.900129857367581, 45.823909807670674 ], [ 12.900108775028405, 45.824068586633786 ], [ 12.900301161730958, 45.824146530033047 ], [ 12.900437640392701, 45.824201901514506 ], [ 12.90058561070253, 45.824300084979654 ], [ 12.900746835402812, 45.824451551338917 ], [ 12.900862144359657, 45.82461286824973 ], [ 12.901034953362142, 45.824859979269043 ], [ 12.901237230692669, 45.82512894508649 ], [ 12.901174953025471, 45.825146016213196 ], [ 12.901116560003322, 45.825216780718691 ], [ 12.901077893887846, 45.825308203185955 ], [ 12.901046721373007, 45.825436813764306 ], [ 12.901005698291517, 45.82559393438703 ], [ 12.901010871422576, 45.825883231023958 ], [ 12.901026580640266, 45.82621087189932 ], [ 12.901080786530803, 45.826264284962711 ], [ 12.901197785914404, 45.826390799698018 ], [ 12.901358764310466, 45.826590159136444 ], [ 12.901525772856242, 45.826881212776321 ], [ 12.901639090296177, 45.827105964304415 ], [ 12.901772283197733, 45.827298262365886 ], [ 12.901887413805799, 45.827477136339667 ], [ 12.902005794679312, 45.82756444846715 ], [ 12.902403582003977, 45.82769612067613 ], [ 12.903879304985068, 45.828050594665278 ], [ 12.903875117020478, 45.828161810801312 ], [ 12.905160440516672, 45.828349062525064 ], [ 12.90779841938158, 45.828679001474505 ], [ 12.908180492602948, 45.827730076556534 ], [ 12.909633499540226, 45.827939977231324 ], [ 12.909852097300751, 45.827603588448206 ], [ 12.910091690331273, 45.827208603013077 ], [ 12.910187033024799, 45.826915772001854 ], [ 12.910457086241921, 45.826455834445191 ], [ 12.91070663823163, 45.826041424112518 ], [ 12.910821410838508, 45.825977993263457 ], [ 12.914122490823701, 45.826601351502497 ], [ 12.914302495861744, 45.82620534091717 ], [ 12.915161125635052, 45.824400874171076 ], [ 12.915233268703751, 45.824274994217824 ], [ 12.915297007394578, 45.824353996434752 ], [ 12.915403632136691, 45.824484543080423 ], [ 12.915569990606727, 45.824659035034387 ], [ 12.915682301824154, 45.824802707817376 ], [ 12.915817289402323, 45.824950282772576 ], [ 12.916165527425042, 45.825393693531147 ], [ 12.91661175613633, 45.8259142088503 ], [ 12.917078994391346, 45.826453263362239 ], [ 12.917501498673452, 45.826923553733174 ], [ 12.9179478821217, 45.827433077195778 ], [ 12.918422420953625, 45.827952883261645 ], [ 12.918956170667105, 45.82850530760939 ], [ 12.919249930870411, 45.828821415059181 ], [ 12.919447045641363, 45.829052091469251 ], [ 12.919904749048207, 45.829603073211103 ], [ 12.920330281563432, 45.830126715194737 ], [ 12.920610776244249, 45.830427883130263 ], [ 12.921233000517827, 45.831049444897843 ], [ 12.921287636084887, 45.831123265957231 ], [ 12.921297329917817, 45.831164067566213 ], [ 12.921738853114675, 45.830501447157154 ], [ 12.921957021215137, 45.830147047745797 ], [ 12.92213149794439, 45.829803060866908 ], [ 12.92233381171668, 45.829448485619686 ], [ 12.922666968455488, 45.828893008797657 ], [ 12.92269388286967, 45.828805223367297 ], [ 12.923081245899763, 45.828249861846039 ], [ 12.923293672742687, 45.827947683222696 ], [ 12.923836932112277, 45.827141499711303 ], [ 12.923920519250608, 45.826693613223171 ], [ 12.924008234250381, 45.826245854716554 ], [ 12.924145390457593, 45.825622495396239 ], [ 12.924304629466357, 45.824947070345978 ], [ 12.924354719577575, 45.824703849307966 ], [ 12.924372011989574, 45.824620264841933 ], [ 12.924428136061948, 45.824384127071433 ], [ 12.92461174336113, 45.824148374751708 ], [ 12.924705533184703, 45.824002931945529 ], [ 12.925274364324672, 45.823361480867945 ], [ 12.925722165366196, 45.822888280486289 ], [ 12.925871801489333, 45.822720572760765 ], [ 12.926604544969337, 45.821917126435189 ], [ 12.927052974867079, 45.821423916723411 ], [ 12.927207140142013, 45.821135977250911 ], [ 12.927889544997836, 45.820135601847497 ], [ 12.928871283438056, 45.818799706744038 ], [ 12.929350157254342, 45.818165472948309 ], [ 12.929908149469089, 45.817426529913227 ], [ 12.930319956101558, 45.817596506285923 ], [ 12.931848934732251, 45.817951753329098 ], [ 12.933087422603881, 45.818247235974297 ], [ 12.934547958497095, 45.818608046539424 ], [ 12.936231469335793, 45.819007051316596 ], [ 12.937662944376772, 45.819360453551212 ], [ 12.938388194447734, 45.819544155420068 ], [ 12.938442213150044, 45.819558042582123 ], [ 12.940137567016826, 45.8199926750491 ], [ 12.941589268445663, 45.820332817952348 ], [ 12.942751816788491, 45.820590584242453 ], [ 12.943700409480394, 45.820800917958628 ], [ 12.945412084612387, 45.821241298503807 ], [ 12.94610911964736, 45.821403964315941 ], [ 12.947105739314832, 45.821113769792724 ], [ 12.947613273847118, 45.820961734290059 ], [ 12.947707823697218, 45.820933439858948 ], [ 12.948111763336753, 45.820838362857401 ], [ 12.948394410525344, 45.820850274176394 ], [ 12.948587285276393, 45.820648816219126 ], [ 12.948717583383011, 45.820821807615928 ], [ 12.948799772477658, 45.820973511249584 ], [ 12.948745288847508, 45.821129495113617 ], [ 12.948755441804476, 45.821136524587914 ], [ 12.948907068923795, 45.821241629645087 ], [ 12.949157626682972, 45.821334849184979 ], [ 12.949491434824393, 45.821545620546509 ], [ 12.949805918339649, 45.821756159832553 ], [ 12.950189896271905, 45.821933598561792 ], [ 12.950651548434823, 45.822126168508483 ], [ 12.950882106871378, 45.82222592745682 ], [ 12.952032443772652, 45.82227384709779 ], [ 12.953026552287982, 45.82231897720969 ], [ 12.953982497130726, 45.822339678211442 ], [ 12.955084107917736, 45.822386645337552 ], [ 12.956166738275501, 45.822412837423563 ], [ 12.956956598892988, 45.822440622499919 ], [ 12.957249053113287, 45.822452711764946 ], [ 12.957354305905847, 45.822455541802277 ], [ 12.957354344132806, 45.822456080540114 ], [ 12.957761373820055, 45.822460863896325 ], [ 12.958365629636297, 45.822496427711712 ], [ 12.958040046479097, 45.822795757255328 ], [ 12.957614469053951, 45.823142839728014 ], [ 12.957378286735329, 45.823361387005185 ], [ 12.957354550756767, 45.823378862272492 ], [ 12.957204747891302, 45.823499361800621 ], [ 12.957047563002362, 45.82363739919829 ], [ 12.956880990718849, 45.823784672996204 ], [ 12.956630904125666, 45.824008741512714 ], [ 12.956466733621971, 45.824151790914236 ], [ 12.955827815310785, 45.824716799434242 ], [ 12.955393978542203, 45.825116636028511 ], [ 12.954885983533741, 45.825576468341751 ], [ 12.953826121763774, 45.826496926334961 ], [ 12.953083247020876, 45.827156342396336 ], [ 12.95197749960702, 45.828127788544919 ], [ 12.951341816706755, 45.828694279596377 ], [ 12.950962140860469, 45.829030746057072 ], [ 12.950989403350382, 45.82937733270392 ], [ 12.950964010530146, 45.829960220230753 ], [ 12.950956059225804, 45.830175080711314 ], [ 12.950936871543872, 45.831134447396892 ], [ 12.950932370924059, 45.831910404007367 ], [ 12.950899519825576, 45.833022181433705 ], [ 12.950891421506245, 45.833460273014971 ], [ 12.950889789205219, 45.833608036791247 ], [ 12.951032683892519, 45.833632971961663 ], [ 12.950909653095106, 45.834155422930095 ], [ 12.950671503192408, 45.834988615760693 ], [ 12.95059108746074, 45.835113094445916 ], [ 12.9507199499712, 45.835190721977504 ], [ 12.950803495572735, 45.835306642875281 ], [ 12.95090746423061, 45.83541456564096 ], [ 12.950964522547082, 45.836032492057754 ], [ 12.951033035194579, 45.836993681790929 ], [ 12.951041011936741, 45.837102588276579 ], [ 12.95117638630202, 45.837328327059716 ], [ 12.951382740483027, 45.837803276782395 ], [ 12.951427545719591, 45.837993897419963 ], [ 12.951425587710158, 45.838591184735549 ], [ 12.951824541974, 45.838603920132329 ], [ 12.952178851351356, 45.838635392622727 ], [ 12.952286458753694, 45.838640126073997 ], [ 12.952299154616748, 45.839053464428019 ], [ 12.952298790239272, 45.839173641029532 ], [ 12.951844606645837, 45.839252020637737 ], [ 12.951534993193814, 45.839307929454158 ], [ 12.951590827600766, 45.840073694923291 ], [ 12.951661262526887, 45.840549480998924 ], [ 12.951474582209014, 45.841609248834679 ], [ 12.951468973024827, 45.841762640880468 ], [ 12.951049759232562, 45.841755106297953 ], [ 12.951131789015003, 45.841918514901828 ], [ 12.951370852666486, 45.842260556448451 ], [ 12.951464594174793, 45.842423829233745 ], [ 12.951235948824982, 45.842450379888973 ], [ 12.951316351366845, 45.842870554474722 ], [ 12.95139012732724, 45.843148201936572 ], [ 12.951536299407593, 45.84318994495942 ], [ 12.951598451203695, 45.843456203502797 ], [ 12.951876458914105, 45.843715255687627 ], [ 12.952411154232195, 45.843945343117028 ], [ 12.952879794361142, 45.84413199127809 ], [ 12.953445124245535, 45.844396206576441 ], [ 12.953912180670834, 45.844731062535537 ], [ 12.954148512083268, 45.844930706390635 ], [ 12.954311722357716, 45.845056375157021 ], [ 12.954589442738426, 45.845214889024746 ], [ 12.954870612569097, 45.845387504294379 ], [ 12.955157744233258, 45.845618689008312 ], [ 12.955396204311398, 45.845977034869811 ], [ 12.955521786031944, 45.846258374262433 ], [ 12.955615143753427, 45.846327055957055 ], [ 12.955717111710484, 45.846161411954824 ], [ 12.956261074133225, 45.846467038805372 ], [ 12.956578195458665, 45.846761267451789 ], [ 12.957090713253786, 45.847146289837603 ], [ 12.957257009202108, 45.847402272457337 ], [ 12.957353643186053, 45.847515214228437 ], [ 12.958563358484323, 45.847339943624178 ], [ 12.959423457453937, 45.84721468780274 ], [ 12.960385054557781, 45.847066010057816 ], [ 12.961294043515792, 45.846981797973044 ], [ 12.961642562889679, 45.846887517501607 ], [ 12.962202037157587, 45.846334777890782 ], [ 12.962592181580595, 45.845889538384043 ], [ 12.962971583663059, 45.845539631664408 ], [ 12.963434014393846, 45.845080537058585 ], [ 12.96376369520298, 45.844710752363106 ], [ 12.964033240727803, 45.844419024859903 ], [ 12.964298317598448, 45.844051843177937 ], [ 12.96472037579292, 45.843521597566586 ], [ 12.96500035879497, 45.843139584548581 ], [ 12.965264982886669, 45.842782497454301 ], [ 12.965618905732828, 45.842346517112155 ], [ 12.966699408131127, 45.84092225448574 ], [ 12.966752886263709, 45.840837675532619 ], [ 12.96662209509722, 45.840478310294401 ], [ 12.966367162332311, 45.839769699382465 ], [ 12.966289109561805, 45.839546936476921 ], [ 12.966156167537816, 45.839066761320538 ], [ 12.966142739446962, 45.838840041566982 ], [ 12.966123277082536, 45.838588238616218 ], [ 12.966131676045814, 45.838356979649703 ], [ 12.966348958152192, 45.837923136356423 ], [ 12.966588219392026, 45.837479707458513 ], [ 12.967015895770341, 45.836803170435722 ], [ 12.96717597372167, 45.83655907645074 ], [ 12.967354704576914, 45.836396153196695 ], [ 12.967578211286524, 45.836183876979021 ], [ 12.967785537689249, 45.83602652938891 ], [ 12.96810699739998, 45.835891495017812 ], [ 12.968633760121349, 45.835659398021967 ], [ 12.969084783240131, 45.835526514787162 ], [ 12.969553528300386, 45.835499675678797 ], [ 12.970029931566154, 45.835462847016679 ], [ 12.970693164335117, 45.835429415523699 ], [ 12.971018133600305, 45.835399833145331 ], [ 12.971404934698732, 45.835450097184072 ], [ 12.97194137667201, 45.835540245769081 ], [ 12.972684727424705, 45.835684214597144 ], [ 12.973435793838922, 45.835808107536934 ], [ 12.973743886818671, 45.835848863307397 ], [ 12.973894111452028, 45.835871624262211 ], [ 12.974392048536522, 45.835835197426874 ], [ 12.974701991694403, 45.835820619661376 ], [ 12.975033429743327, 45.835811322863478 ], [ 12.97559989031484, 45.835670431315009 ], [ 12.976069548760361, 45.835618510579046 ], [ 12.976402495958293, 45.835569012476299 ], [ 12.976644450417805, 45.835442575560798 ], [ 12.976997237013949, 45.835041252921201 ], [ 12.97704906547121, 45.83480568877701 ], [ 12.977065399861539, 45.834554529903848 ], [ 12.977091393783153, 45.834233006061204 ], [ 12.976981165912537, 45.833899038671355 ], [ 12.97676064965286, 45.833432369357524 ], [ 12.976610961553128, 45.83319320801467 ], [ 12.976229490543263, 45.832796865195938 ], [ 12.976028778354753, 45.832577033397129 ], [ 12.975898807586551, 45.832388580020947 ], [ 12.975735128187964, 45.832139103817788 ], [ 12.975598676458587, 45.831935574134256 ], [ 12.975254083892121, 45.831713103606134 ], [ 12.975114760179579, 45.831584832265747 ], [ 12.974808654165962, 45.83149396511709 ], [ 12.974151414492285, 45.831361502437545 ], [ 12.973479902859962, 45.831223862350441 ], [ 12.972815741063281, 45.831086322414365 ], [ 12.972257335014639, 45.830804770074707 ], [ 12.971988579739664, 45.830674160389961 ], [ 12.971176551758738, 45.830248324064428 ], [ 12.970561107016099, 45.829955697204745 ], [ 12.96992291117242, 45.829697882679618 ], [ 12.969356211682667, 45.829451348790343 ], [ 12.969059355241845, 45.829300197325161 ], [ 12.968975981091086, 45.829223258343966 ], [ 12.96889168641953, 45.828965159968497 ], [ 12.968825937905487, 45.8285967834478 ], [ 12.968839872573515, 45.828410876846696 ], [ 12.96907957989626, 45.82815356863761 ], [ 12.96941177490212, 45.8277268825493 ], [ 12.969758007181847, 45.827305737754173 ], [ 12.969787007714928, 45.827264583946985 ], [ 12.969787232620305, 45.827264126068293 ], [ 12.97001780111157, 45.826981660812727 ], [ 12.970174722538435, 45.826767915713617 ], [ 12.97034548821912, 45.826390589343916 ], [ 12.970345597471491, 45.826390315510061 ], [ 12.970439820371201, 45.826165790380522 ], [ 12.970622866841044, 45.825686144138743 ], [ 12.970775870035554, 45.825437340374542 ], [ 12.971101442014794, 45.824990357263978 ], [ 12.971296212922798, 45.824780333737742 ], [ 12.971632270104134, 45.824439106655383 ], [ 12.971879803493563, 45.824152896565536 ], [ 12.97201978141481, 45.823992484943254 ], [ 12.972409328881636, 45.823793230301526 ], [ 12.97281501411277, 45.82360187337563 ], [ 12.973163220840126, 45.823482004920464 ], [ 12.973913222089564, 45.823434281262436 ], [ 12.974548489618332, 45.823384428961582 ], [ 12.975183884198911, 45.823334568682981 ], [ 12.97557701707075, 45.823333921800376 ], [ 12.976228143619894, 45.82345236752127 ], [ 12.976558184948109, 45.823534655659756 ], [ 12.977012566534635, 45.823806131539875 ], [ 12.9772634630301, 45.824119893617933 ], [ 12.977272664474839, 45.824153236840708 ], [ 12.977414533590048, 45.824555679384318 ], [ 12.977420808646363, 45.824946917033813 ], [ 12.977422573471271, 45.825686473159791 ], [ 12.977451002411213, 45.82591356908307 ], [ 12.97766480937838, 45.826497755133424 ], [ 12.977664957022759, 45.82649802001788 ], [ 12.977940248712532, 45.827010933711968 ], [ 12.978881754789743, 45.826730573343248 ], [ 12.979806679404374, 45.826912538272069 ], [ 12.980489575116081, 45.827004558451932 ], [ 12.98125387049893, 45.827109575936014 ], [ 12.982130958898223, 45.8272507062212 ], [ 12.982595679226094, 45.827053203423596 ], [ 12.983184509360807, 45.826797989438163 ], [ 12.983773088421607, 45.826562763524684 ], [ 12.984533249070081, 45.826330633331246 ], [ 12.984094754930666, 45.825803002303573 ], [ 12.98356097696133, 45.825199397144424 ], [ 12.983469637141992, 45.825009333394064 ], [ 12.983654008326173, 45.824886872080441 ], [ 12.983178065872451, 45.824941384055279 ], [ 12.982833644940103, 45.824975280825569 ], [ 12.982201485573405, 45.824832628043204 ], [ 12.98187684107865, 45.824761239217111 ], [ 12.981211950847698, 45.824618103095808 ], [ 12.980790479402382, 45.824524886965428 ], [ 12.980466275309837, 45.824450598409655 ], [ 12.980543111901859, 45.824589144397827 ], [ 12.980158877080708, 45.824593728512184 ], [ 12.979864842763222, 45.824588594060259 ], [ 12.979718937622502, 45.824557409368303 ], [ 12.979525206318623, 45.824491078340245 ], [ 12.979227261119794, 45.824371585069947 ], [ 12.978889432340997, 45.824153210072495 ], [ 12.978888918642371, 45.824153227987793 ], [ 12.978559793169707, 45.823898004146052 ], [ 12.978297977491842, 45.823640612305887 ], [ 12.97800587894789, 45.823471226070779 ], [ 12.977561855107462, 45.823254749611358 ], [ 12.977190936899442, 45.823014480445067 ], [ 12.976897934422464, 45.822870235860513 ], [ 12.976406299299681, 45.822722562474503 ], [ 12.975913239207097, 45.822612651102069 ], [ 12.975139179470887, 45.822523149844898 ], [ 12.974832127516843, 45.822517645869191 ], [ 12.974668487129794, 45.82254638963294 ], [ 12.974411639647144, 45.822649218546395 ], [ 12.974163947554191, 45.822752268026157 ], [ 12.973971295726725, 45.82283098716136 ], [ 12.973788570435085, 45.822884607289147 ], [ 12.973577773662436, 45.822470159178145 ], [ 12.973308794347494, 45.821909399350695 ], [ 12.973168699915147, 45.821540373832327 ], [ 12.973195715656923, 45.821294333911929 ], [ 12.973254397654504, 45.820675987098049 ], [ 12.973406773766577, 45.820210905767254 ], [ 12.973604262219681, 45.81999961336254 ], [ 12.974026988238709, 45.8198111688897 ], [ 12.97451247656848, 45.81963637830065 ], [ 12.97481513276996, 45.819515391191601 ], [ 12.975118297914811, 45.819381694030604 ], [ 12.97545413308219, 45.819343349153371 ], [ 12.976065556292875, 45.81918360594225 ], [ 12.976376257402137, 45.819094288096871 ], [ 12.976602658158187, 45.819079286234157 ], [ 12.976947652352884, 45.819041247774891 ], [ 12.977256480166217, 45.818996098071139 ], [ 12.977574785434387, 45.81894485642232 ], [ 12.97798454425299, 45.818863691990558 ], [ 12.978477625271401, 45.818727054260869 ], [ 12.978807462529376, 45.818619150310838 ], [ 12.979017740702957, 45.818553219765825 ], [ 12.979459656259282, 45.818580021493069 ], [ 12.979891067648344, 45.818650843137142 ], [ 12.980468457601823, 45.818680115818374 ], [ 12.981270697725074, 45.818744834525155 ], [ 12.981855112557716, 45.81883101184399 ], [ 12.982575189826173, 45.818913260673575 ], [ 12.983151223974199, 45.818986582320761 ], [ 12.983803423675949, 45.818947518398652 ], [ 12.984639738511389, 45.818816960348151 ], [ 12.985485524688761, 45.818705507594636 ], [ 12.986150133626905, 45.818571755451629 ], [ 12.987006297004363, 45.818144531113191 ], [ 12.987808168831551, 45.817716137628878 ], [ 12.988361565657666, 45.817409928654939 ], [ 12.988932997505762, 45.817103986505451 ], [ 12.989504551406476, 45.816798037195646 ], [ 12.99007532240036, 45.816504623871985 ], [ 12.99059202266867, 45.816216609401017 ], [ 12.991429618518687, 45.815795311627291 ], [ 12.991880720223545, 45.81556935341699 ], [ 12.992303725275072, 45.815368139457142 ], [ 12.992486406595306, 45.815314490998318 ], [ 12.992676127941408, 45.815317842735439 ], [ 12.99300943746525, 45.815349022656207 ], [ 12.993143537438005, 45.815136404179867 ], [ 12.993251793094387, 45.814891836195763 ], [ 12.993345005493303, 45.814564804692147 ], [ 12.993329571148957, 45.814235905376847 ], [ 12.993261727453934, 45.81386176483425 ], [ 12.993157670063958, 45.813487001534469 ], [ 12.99292014737023, 45.813053091680509 ], [ 12.992725171370971, 45.812695641682488 ], [ 12.992564315978186, 45.812187219260743 ], [ 12.992341130730708, 45.811608159015762 ], [ 12.992135669041671, 45.811035678994791 ], [ 12.99202753592753, 45.810774650880589 ], [ 12.991840517043736, 45.810449054758195 ], [ 12.991657396907426, 45.810262478667582 ], [ 12.991484772118156, 45.810031879831094 ], [ 12.990998586321455, 45.809732590610416 ], [ 12.990689252302603, 45.809562849619255 ], [ 12.989951759529065, 45.809208528544893 ], [ 12.989540375946861, 45.809087538805159 ], [ 12.989246206017167, 45.80897496056317 ], [ 12.988850559033406, 45.808917415778865 ], [ 12.988565410539564, 45.808804970413277 ], [ 12.988344624357083, 45.80866201091596 ], [ 12.987981986682012, 45.808693500001262 ], [ 12.9876982345292, 45.808789648773704 ], [ 12.987159262649785, 45.808950793397777 ], [ 12.986656178244505, 45.809118872398606 ], [ 12.986111876493968, 45.809425295740056 ], [ 12.985581317910608, 45.809852120878226 ], [ 12.985141981530347, 45.810255144619425 ], [ 12.984652020911215, 45.810809082677217 ], [ 12.98448659195317, 45.811134848798979 ], [ 12.984384348469552, 45.811712778526619 ], [ 12.984336736672144, 45.812280699241178 ], [ 12.984384477162367, 45.812711263803855 ], [ 12.984429014303576, 45.813230330800678 ], [ 12.983846871789893, 45.81383311998416 ], [ 12.98338783692931, 45.814279939729431 ], [ 12.983041588988396, 45.814608236316161 ], [ 12.982748712957839, 45.814710541843489 ], [ 12.982125324754785, 45.814952378577566 ], [ 12.981725265234385, 45.81502106806434 ], [ 12.981407689056745, 45.815053303685417 ], [ 12.981008730026035, 45.81509053848719 ], [ 12.980757465495389, 45.815041878991543 ], [ 12.980424677778837, 45.814998043466616 ], [ 12.980065597717317, 45.814928481016217 ], [ 12.979440240372615, 45.814727878804185 ], [ 12.978796196258209, 45.814539536242968 ], [ 12.978503235931838, 45.814395294292943 ], [ 12.978137070978827, 45.814275026736659 ], [ 12.977880200626087, 45.814131414987735 ], [ 12.977670252737333, 45.813938190992076 ], [ 12.97752538316745, 45.813695442117677 ], [ 12.977379224176149, 45.813237792300207 ], [ 12.977171046409261, 45.812502370802569 ], [ 12.977070522179995, 45.812032958474774 ], [ 12.976933711555956, 45.811316291170002 ], [ 12.976793045547312, 45.810460601372412 ], [ 12.976644142197681, 45.809832385704084 ], [ 12.976388297298111, 45.808911761645291 ], [ 12.976319929700461, 45.808803071162565 ], [ 12.976122243485261, 45.808774316692201 ], [ 12.975896144000718, 45.808776705684231 ], [ 12.975689303991539, 45.808747729400707 ], [ 12.975566615506729, 45.808644351814408 ], [ 12.974780656922622, 45.808137522905668 ], [ 12.974296061565635, 45.807794001734564 ], [ 12.974041311174799, 45.807347061063602 ], [ 12.973954219300953, 45.807004273198082 ], [ 12.973846326804619, 45.80649046914931 ], [ 12.973853876186897, 45.80628201118634 ], [ 12.974018262232878, 45.805987890604747 ], [ 12.974176947218881, 45.805597476769748 ], [ 12.974338497591123, 45.805379243590288 ], [ 12.974562983329921, 45.805168268799278 ], [ 12.975027813756576, 45.804810033042536 ], [ 12.97551937142793, 45.804458514942709 ], [ 12.97598379523231, 45.804112800907376 ], [ 12.976510322381031, 45.80379345379675 ], [ 12.977029702874216, 45.803429887999002 ], [ 12.977511823146589, 45.803090751631586 ], [ 12.978057019305595, 45.802759135019627 ], [ 12.97854741671072, 45.802438787907235 ], [ 12.979057102416039, 45.802087612295992 ], [ 12.979677262341381, 45.801681364585306 ], [ 12.980140934353765, 45.801354651909001 ], [ 12.980445982800028, 45.801164077539539 ], [ 12.980705230047167, 45.800991752459971 ], [ 12.980856880309906, 45.800792217506583 ], [ 12.981072034876535, 45.800340956199719 ], [ 12.981266514714338, 45.799958914232903 ], [ 12.981322548720781, 45.799656592466739 ], [ 12.981350212503413, 45.799149585830413 ], [ 12.981349564264795, 45.799149518441581 ], [ 12.981310907363852, 45.798730246554328 ], [ 12.981190174104345, 45.798277024374144 ], [ 12.981149151830522, 45.79785342441059 ], [ 12.981102635408559, 45.79735638721592 ], [ 12.981178412913993, 45.796596571098483 ], [ 12.98118627798808, 45.79637667000145 ], [ 12.981279467264509, 45.796254333551516 ], [ 12.981498031422248, 45.796004486679621 ], [ 12.981585588692935, 45.795938513339387 ], [ 12.981746658615881, 45.795817137854314 ], [ 12.981986810895116, 45.795640885594047 ], [ 12.982257268825558, 45.795496248947799 ], [ 12.982503635671675, 45.79537648554588 ], [ 12.982806066923597, 45.795263405424663 ], [ 12.983138324844321, 45.795218501550771 ], [ 12.983855929716896, 45.795219908342723 ], [ 12.984168273112468, 45.795281819761804 ], [ 12.984513066347571, 45.795338636515119 ], [ 12.985078693051921, 45.795529145764895 ], [ 12.985387945113468, 45.795675682089545 ], [ 12.985915655535232, 45.796023500669925 ], [ 12.986168003437236, 45.796185794650988 ], [ 12.986556391348669, 45.796598875464362 ], [ 12.986807098088123, 45.797026397575891 ], [ 12.986911988514807, 45.797248209425611 ], [ 12.986927648240592, 45.797485471037184 ], [ 12.986972675170318, 45.798002360400893 ], [ 12.987035013597756, 45.79851117382173 ], [ 12.987089594360368, 45.7990086468958 ], [ 12.987107359471427, 45.799149253158831 ], [ 12.987108129666945, 45.799149226241752 ], [ 12.987308061451593, 45.799516054097296 ], [ 12.987508986933451, 45.799976008152001 ], [ 12.987614752018263, 45.800220741520313 ], [ 12.987782349839501, 45.800559985198447 ], [ 12.988039161941384, 45.800847414144215 ], [ 12.988304359887021, 45.801113486798393 ], [ 12.988623585632176, 45.801359397735133 ], [ 12.988893681937773, 45.801486860996278 ], [ 12.989227497186052, 45.801540716938021 ], [ 12.989510356390298, 45.801524435104092 ], [ 12.989812888099985, 45.801390900461698 ], [ 12.990298055307147, 45.801057903844821 ], [ 12.990628019528552, 45.800791541544811 ], [ 12.990943166664223, 45.800514175210445 ], [ 12.991157908605405, 45.80027245449859 ], [ 12.991306069550792, 45.799976085831773 ], [ 12.991419002846852, 45.799593818876581 ], [ 12.991610190870963, 45.799148776560209 ], [ 12.991653087274793, 45.799043223063151 ], [ 12.99175028718235, 45.798707321786218 ], [ 12.991779495977047, 45.798496754341095 ], [ 12.991839400136566, 45.798209773705068 ], [ 12.991832025678198, 45.797822354632331 ], [ 12.9917130648367, 45.797576826658414 ], [ 12.991556990686746, 45.797375532285137 ], [ 12.991344060362497, 45.797178117091882 ], [ 12.991088451811803, 45.796984894866604 ], [ 12.990817166330853, 45.796826154589191 ], [ 12.990296279843466, 45.796504133190723 ], [ 12.989453888184405, 45.796042494262998 ], [ 12.988942879144131, 45.795809862179397 ], [ 12.988351024894701, 45.795486622770689 ], [ 12.987701557148313, 45.795187176755249 ], [ 12.986974274139399, 45.794886305994943 ], [ 12.986384684196356, 45.794697183557645 ], [ 12.985683446185238, 45.794456331894303 ], [ 12.98485531844827, 45.794193534873017 ], [ 12.984084033764653, 45.793926586511375 ], [ 12.982806424658474, 45.793491887659748 ], [ 12.982153380136552, 45.793296677538727 ], [ 12.981477370769657, 45.793145650401968 ], [ 12.980785937433327, 45.79302909156663 ], [ 12.980194262598202, 45.79301409099191 ], [ 12.980147465650074, 45.793012843273601 ], [ 12.979459326391051, 45.793005614760403 ], [ 12.978727807461475, 45.793012586494825 ], [ 12.978005077176595, 45.792974961696856 ], [ 12.977425286817127, 45.792910026310238 ], [ 12.976738441257501, 45.79286313142341 ], [ 12.976201007788717, 45.792803914215412 ], [ 12.975573371645268, 45.792688610619741 ], [ 12.974939260296001, 45.792558227312675 ], [ 12.974285307343278, 45.792387666713289 ], [ 12.97404240280194, 45.792234378598593 ], [ 12.973640657626834, 45.791959077037191 ], [ 12.973104335245544, 45.791477745262412 ], [ 12.972740549006268, 45.791133610376654 ], [ 12.972569419488224, 45.790961797776411 ], [ 12.972482504256972, 45.790796323730717 ], [ 12.972387396433101, 45.790486757333674 ], [ 12.972328401415954, 45.79015307067592 ], [ 12.972362736350412, 45.789791111317079 ], [ 12.972466443887708, 45.789480112896989 ], [ 12.972692956937705, 45.789106691036324 ], [ 12.972921838989508, 45.788862441936942 ], [ 12.973251311334874, 45.788585345594136 ], [ 12.973583140998905, 45.788437241893696 ], [ 12.973969262012927, 45.788359614902987 ], [ 12.974425112234483, 45.788318082140286 ], [ 12.974767335004344, 45.788274475677404 ], [ 12.97544405360996, 45.788207061292624 ], [ 12.976135222788928, 45.788134818716699 ], [ 12.977140600858272, 45.78800868346643 ], [ 12.977841361282156, 45.787867057730544 ], [ 12.977997760114823, 45.787824789931896 ], [ 12.978529537469015, 45.787680681011075 ], [ 12.979154744430154, 45.787468322988509 ], [ 12.979814560918731, 45.787281307420685 ], [ 12.980144819419358, 45.787192736581609 ], [ 12.980789693345326, 45.787025408988846 ], [ 12.981421800266256, 45.78681801833509 ], [ 12.981925156439445, 45.786638250872777 ], [ 12.982378584879742, 45.786467424903471 ], [ 12.982668966536004, 45.786288877525038 ], [ 12.982985320986074, 45.785976656388733 ], [ 12.983307306256147, 45.785709153248888 ], [ 12.983580505459274, 45.785416079362328 ], [ 12.984040617105293, 45.784882899027799 ], [ 12.98437436788365, 45.784486536212739 ], [ 12.984632271300638, 45.784024323158967 ], [ 12.984724930125566, 45.783817391852203 ], [ 12.984768961008433, 45.783579845008781 ], [ 12.984864332771979, 45.782906111593462 ], [ 12.984802847397138, 45.782244517795647 ], [ 12.984672911469543, 45.781894682732009 ], [ 12.984575987300151, 45.781614443207729 ], [ 12.984422210269075, 45.781170208840791 ], [ 12.984031064904185, 45.780209859459987 ], [ 12.983603304024799, 45.779116490722465 ], [ 12.983431025559536, 45.778587570485271 ], [ 12.983036423498639, 45.777141638442416 ], [ 12.98339876584239, 45.77692484213911 ], [ 12.984338420277313, 45.776430361882674 ], [ 12.984914683098495, 45.776376030318239 ], [ 12.985500944371184, 45.776342859186698 ], [ 12.986082304760314, 45.776226596004683 ], [ 12.988695988585267, 45.77621553326167 ], [ 12.990463579323126, 45.776259301968352 ], [ 12.992353226767396, 45.776196609238482 ], [ 12.993094078886299, 45.776031793294443 ], [ 12.993939308755609, 45.775741893361598 ], [ 12.994692633566803, 45.775228197229907 ], [ 12.99512384608061, 45.774842071198648 ], [ 12.99551712279688, 45.774245745965949 ], [ 12.995560567033026, 45.774144582064778 ], [ 12.996051849199162, 45.772998004629407 ], [ 12.99633169579514, 45.772157668863926 ], [ 12.996449007318617, 45.771674069853518 ], [ 12.996712648476608, 45.771022694111402 ], [ 12.996969712795652, 45.77055634108261 ], [ 12.997135821593098, 45.770283908038031 ], [ 12.997624142259307, 45.769508453167674 ], [ 12.998123470429617, 45.768906782008912 ], [ 12.998552849460536, 45.768420524409656 ], [ 12.999027518593918, 45.768013687631203 ], [ 12.999027499316098, 45.768013418273391 ], [ 12.999146978716325, 45.767912737927375 ], [ 12.999409096845515, 45.767691752600605 ], [ 12.999879811061563, 45.767393334352306 ], [ 13.000347786178125, 45.767171699742285 ], [ 13.001015960038712, 45.766861401850953 ], [ 13.001702699284033, 45.76664343037077 ], [ 13.003003543300585, 45.766405618049006 ], [ 13.003972244938589, 45.766269280016687 ], [ 13.005425723231527, 45.766049305596582 ], [ 13.00648560977152, 45.765807311728693 ], [ 13.007281322853403, 45.765606541888026 ], [ 13.008034269511603, 45.765374414906709 ], [ 13.009187155676955, 45.764980609765601 ], [ 13.010321701752023, 45.764494545990004 ], [ 13.011107884336896, 45.763941060112074 ], [ 13.01162761387914, 45.763490100638506 ], [ 13.012220198762508, 45.762841341938696 ], [ 13.012345453741487, 45.762398851643169 ], [ 13.012255570621843, 45.761845473133057 ], [ 13.011877378306922, 45.761394315595169 ], [ 13.011320783962789, 45.761032150417257 ], [ 13.010823938959543, 45.760839443377563 ], [ 13.010175473250026, 45.760598237387207 ], [ 13.00954170991211, 45.760556516060795 ], [ 13.008139932022221, 45.760562750440251 ], [ 13.006930114891802, 45.760710203803846 ], [ 13.006138800409371, 45.760788401592478 ], [ 13.00547894138596, 45.760868819224513 ], [ 13.004733698445667, 45.760886522206633 ], [ 13.00400873832379, 45.760950404285666 ], [ 13.003393106936503, 45.761016385862817 ], [ 13.002451872937192, 45.760999906490383 ], [ 13.001731255312427, 45.760941296371591 ], [ 13.001056016249208, 45.760837524706787 ], [ 13.000278425418857, 45.760532652487527 ], [ 12.999660708422397, 45.760046557875128 ], [ 12.999365979537389, 45.759850854951019 ], [ 12.999267097014755, 45.759779072071417 ], [ 12.999235585988421, 45.759721489392334 ], [ 12.999168560964382, 45.759543186410504 ], [ 12.999112302709394, 45.75929069670898 ], [ 12.999096157937498, 45.759056063205811 ], [ 12.999131730539313, 45.758748057757039 ], [ 12.999171241303305, 45.758554408581936 ], [ 12.999334200691132, 45.758367953113115 ], [ 12.999653484731034, 45.758200679829983 ], [ 13.000215937313158, 45.757812452516767 ], [ 13.001042314848533, 45.75742873793218 ], [ 13.001974079179723, 45.756933036721321 ], [ 13.003008473421762, 45.756410863734956 ], [ 13.00405857981251, 45.756016755970116 ], [ 13.004889894245984, 45.75549089212727 ], [ 13.00535279516774, 45.755043936219572 ], [ 13.005589171186259, 45.754678381734763 ], [ 13.005791150070657, 45.754141482847352 ], [ 13.005890632952692, 45.753631315700083 ], [ 13.005683937800518, 45.753158453160303 ], [ 13.005296787764252, 45.752625497779199 ], [ 13.004825264032366, 45.752176423319384 ], [ 13.003967527624315, 45.751734872238231 ], [ 13.003429085393099, 45.751455291780282 ], [ 13.002310481256114, 45.750923780222159 ], [ 13.001675605940333, 45.750500226088207 ], [ 13.001341781727529, 45.750181593905417 ], [ 13.001071217940694, 45.749792873462546 ], [ 13.000978860717183, 45.749535349762255 ], [ 13.001028618575926, 45.749280222653454 ], [ 13.001078174167233, 45.749140857224127 ], [ 13.001095180202022, 45.748958077768073 ], [ 13.001176373847201, 45.748723630771117 ], [ 13.001426456237253, 45.748351933278201 ], [ 13.001822313165206, 45.747976381748629 ], [ 13.002897618709611, 45.747185620095529 ], [ 13.004546289672849, 45.746143483096311 ], [ 13.006323523206296, 45.745071693837197 ], [ 13.007626847123667, 45.74426576803998 ], [ 13.00798683106672, 45.744118913897097 ], [ 13.008668725517829, 45.743894948769757 ], [ 13.009643081929877, 45.743644048171362 ], [ 13.010954789583982, 45.743386319024083 ], [ 13.011899098575816, 45.74321143504821 ], [ 13.012685383360568, 45.743129412991422 ], [ 13.013261431285356, 45.743066483402053 ], [ 13.013811999212317, 45.742954851106212 ], [ 13.014237377571487, 45.742777322563583 ], [ 13.014811561185008, 45.74251300507219 ], [ 13.015264521804532, 45.742067977994012 ], [ 13.015565998362559, 45.741531069151897 ], [ 13.015677949763019, 45.741201376812896 ], [ 13.015685654995199, 45.740984627985327 ], [ 13.015632804784277, 45.740160813130743 ], [ 13.015524552883781, 45.738844605284612 ], [ 13.015540129254822, 45.738404440864237 ], [ 13.015601895101561, 45.737690905795596 ], [ 13.015736759218454, 45.737227459723137 ], [ 13.015847319893117, 45.736935800884936 ], [ 13.015927873730281, 45.736720357907267 ], [ 13.015981007029749, 45.73650435000404 ], [ 13.016016986974741, 45.73626248257051 ], [ 13.016007593802268, 45.736013481365958 ], [ 13.015875865315136, 45.735360314613445 ], [ 13.015702698916623, 45.735102136762642 ], [ 13.015475637408436, 45.734823712943026 ], [ 13.014812747285461, 45.734504641060646 ], [ 13.013777034359919, 45.734161239018341 ], [ 13.011987684356525, 45.733747302728474 ], [ 13.010272988570618, 45.7332770670399 ], [ 13.009374201968974, 45.732929891423794 ], [ 13.008857391273944, 45.732601960106535 ], [ 13.008437358711046, 45.732115986058304 ], [ 13.00831444360437, 45.731986277874739 ], [ 13.008010949522664, 45.731553454659483 ], [ 13.007869024448111, 45.731187053499966 ], [ 13.00778181406865, 45.730821880297157 ], [ 13.007693413736389, 45.73048852289439 ], [ 13.007621730275082, 45.730200123968082 ], [ 13.007546621123716, 45.730007437590487 ], [ 13.007494640434359, 45.729674690804089 ], [ 13.007481795563033, 45.729010856860263 ], [ 13.007430413501226, 45.727893278271821 ], [ 13.007416628510011, 45.727510583339971 ], [ 13.007439673974138, 45.727121733928485 ], [ 13.007466208825246, 45.726630868824969 ], [ 13.007527228679642, 45.726198019830875 ], [ 13.007663011444814, 45.725709077378767 ], [ 13.007946510404558, 45.725165258533764 ], [ 13.008313872245237, 45.724827049074293 ], [ 13.008741994447783, 45.724572844311759 ], [ 13.01050221002424, 45.724003759002478 ], [ 13.011266693420074, 45.723768322727295 ], [ 13.012065645223228, 45.723590716637069 ], [ 13.01255866822696, 45.723560954041282 ], [ 13.013285593201873, 45.723611982038015 ], [ 13.013683591679037, 45.723688980951763 ], [ 13.014348566427115, 45.723949478580728 ], [ 13.015233456183648, 45.72443059131227 ], [ 13.016094513844566, 45.725326139509995 ], [ 13.016492985573366, 45.725907266910127 ], [ 13.016622338114887, 45.726114059628571 ], [ 13.01667833577196, 45.726331986228772 ], [ 13.016712219962317, 45.726664376086212 ], [ 13.016655923765953, 45.726963306574049 ], [ 13.016464048539369, 45.727751183040695 ], [ 13.016271600697962, 45.72829658809335 ], [ 13.016217110762762, 45.728550898989852 ], [ 13.016187847149499, 45.72886300926595 ], [ 13.016129069766489, 45.729238446601414 ], [ 13.016103074285537, 45.729716063056991 ], [ 13.016111534582629, 45.730245753285303 ], [ 13.016304955821827, 45.730702143021929 ], [ 13.016524225121353, 45.730942044645566 ], [ 13.016886067511324, 45.731273687964546 ], [ 13.017368735461506, 45.731537346902513 ], [ 13.018351853784718, 45.732077623986861 ], [ 13.019504118782288, 45.73273029788789 ], [ 13.020493875585313, 45.733340891611839 ], [ 13.02197580597227, 45.734208750248492 ], [ 13.023207289157519, 45.734944734647172 ], [ 13.02414208171553, 45.73556740641925 ], [ 13.024811986089627, 45.735949094589593 ], [ 13.025356891039561, 45.736258409907187 ], [ 13.025823894353239, 45.736451476629121 ], [ 13.026362392957065, 45.736684143366837 ], [ 13.026822122381271, 45.736826066143998 ], [ 13.027311358250314, 45.736904657380585 ], [ 13.027946913539203, 45.736973039447172 ], [ 13.028368061323292, 45.736916492663426 ], [ 13.02885582507327, 45.736778291434618 ], [ 13.029238076248507, 45.736529770356405 ], [ 13.02948352187976, 45.736291481190612 ], [ 13.029647042411121, 45.736045464142009 ], [ 13.029756853911218, 45.735772990537249 ], [ 13.029808888797744, 45.735588878948711 ], [ 13.029824314947094, 45.735410471160122 ], [ 13.029813870488843, 45.735186981375264 ], [ 13.029792371894404, 45.735020589369917 ], [ 13.029726193334072, 45.734828142162087 ], [ 13.02961809869336, 45.734539152996213 ], [ 13.02948856865024, 45.734332651400422 ], [ 13.029348314484974, 45.734177114956886 ], [ 13.029084745913108, 45.733897757391652 ], [ 13.028846764676988, 45.733670242306168 ], [ 13.028681137433944, 45.733456823601145 ], [ 13.028587176133327, 45.733276518332588 ], [ 13.028441674915383, 45.733012342075419 ], [ 13.028272227631952, 45.73264585796823 ], [ 13.028137772446549, 45.73232440392772 ], [ 13.028056664407913, 45.732042291298463 ], [ 13.027968330346646, 45.731702646321963 ], [ 13.027886901061304, 45.731426755701818 ], [ 13.027778391554387, 45.731144260211636 ], [ 13.027665125334002, 45.730740326903138 ], [ 13.027621174343704, 45.73043331896271 ], [ 13.027501487718238, 45.729952652242375 ], [ 13.02739674031552, 45.729561649569362 ], [ 13.027363228431362, 45.72922285889647 ], [ 13.027318228958038, 45.728947661915356 ], [ 13.027293730799686, 45.728609093048178 ], [ 13.027241743868551, 45.728276085223506 ], [ 13.027237430549647, 45.727880456449881 ], [ 13.02727459265623, 45.727600378509763 ], [ 13.027311195073832, 45.727339312760506 ], [ 13.027422237934967, 45.727028632789391 ], [ 13.027612535502382, 45.726540621922851 ], [ 13.027910534628557, 45.726099124330069 ], [ 13.028242181942456, 45.725735917993802 ], [ 13.028586400217607, 45.72553131727652 ], [ 13.028910064200051, 45.725396480387694 ], [ 13.029755760647472, 45.725181364369753 ], [ 13.030565346892189, 45.724959236872635 ], [ 13.031025406379168, 45.724826865498919 ], [ 13.031496939936815, 45.724630808557905 ], [ 13.033372736404447, 45.723878340738153 ], [ 13.034408139530141, 45.723450175458787 ], [ 13.035656701909971, 45.722916527022271 ], [ 13.037322053130829, 45.722185930585205 ], [ 13.038239458241575, 45.7217421939039 ], [ 13.03878071062789, 45.721375046569186 ], [ 13.039388302002351, 45.720933628169327 ], [ 13.039736323390388, 45.72062066473957 ], [ 13.039974962800308, 45.720305633405978 ], [ 13.040224348975663, 45.719952596028811 ], [ 13.040335126662129, 45.719648303310834 ], [ 13.040329854322268, 45.719539665889052 ], [ 13.040271802520198, 45.719372770039989 ], [ 13.040221973796617, 45.71923789711817 ], [ 13.040126971126952, 45.719089592178335 ], [ 13.039761524219944, 45.718598379200522 ], [ 13.039525142838135, 45.718325013569981 ], [ 13.039281444390411, 45.718001860025097 ], [ 13.039021857808869, 45.71760806924398 ], [ 13.038955297853036, 45.717428242236409 ], [ 13.03885214928586, 45.71725421125344 ], [ 13.038819302114485, 45.717151590725024 ], [ 13.038704999230591, 45.716773087832379 ], [ 13.038647958230069, 45.716319107912213 ], [ 13.038593930676385, 45.715782210456055 ], [ 13.038566118996929, 45.715533862577232 ], [ 13.038483592122422, 45.715034698814023 ], [ 13.038460077749413, 45.714664232834558 ], [ 13.038479054422718, 45.714122230320953 ], [ 13.038498386499793, 45.713567343513397 ], [ 13.038591038900565, 45.713001129701468 ], [ 13.038728977526356, 45.712186410123323 ], [ 13.03901974716897, 45.710902448250238 ], [ 13.039179628511537, 45.710235290426439 ], [ 13.039625696530223, 45.708678672557724 ], [ 13.039866778076451, 45.708038431900661 ], [ 13.040077438581159, 45.707480548796816 ], [ 13.040258664791379, 45.706986626070396 ], [ 13.040615244422781, 45.706424923647518 ], [ 13.041051538560009, 45.705928265029229 ], [ 13.041449716761273, 45.705482101604979 ], [ 13.041898918064176, 45.705132421757611 ], [ 13.042458620393122, 45.70475281074269 ], [ 13.042941885048512, 45.704474739149077 ], [ 13.043377289624322, 45.704265150769771 ], [ 13.043969511651262, 45.703994554039269 ], [ 13.044543723620883, 45.703723692672881 ], [ 13.04506160485222, 45.703496501470447 ], [ 13.045581989296, 45.703199099877644 ], [ 13.046064497731168, 45.702939404162755 ], [ 13.046549688028636, 45.70260310115944 ], [ 13.046980830481468, 45.702253141559844 ], [ 13.047033342855896, 45.702218964225438 ], [ 13.047155895421479, 45.702057185353993 ], [ 13.047303619750558, 45.701873990513775 ], [ 13.047310513237937, 45.701676079839167 ], [ 13.047209345677432, 45.701538260699543 ], [ 13.046954135631145, 45.701261527679769 ], [ 13.046517401790783, 45.70111797041654 ], [ 13.046500168950802, 45.701105259982349 ], [ 13.045938271331492, 45.701009076192612 ], [ 13.045129422149863, 45.700908595631589 ], [ 13.043893649984849, 45.700887423598417 ], [ 13.043114308157365, 45.700948264049146 ], [ 13.041429810837185, 45.701129833833917 ], [ 13.040691845870867, 45.701331590458466 ], [ 13.040409719594857, 45.701347254670353 ], [ 13.039841411482422, 45.701379354706653 ], [ 13.039146746145949, 45.701335545640916 ], [ 13.038358815384937, 45.701280992366776 ], [ 13.037685020256484, 45.701204121254584 ], [ 13.037408557340951, 45.701132626102527 ], [ 13.036790948194431, 45.700853214604528 ], [ 13.036615854446525, 45.700662464903637 ], [ 13.036486454416167, 45.700084397194473 ], [ 13.036573045141363, 45.699847482222474 ], [ 13.036832937010146, 45.699639268894323 ], [ 13.03707852188454, 45.699476747269067 ], [ 13.037353116599396, 45.699272963035078 ], [ 13.037477003381538, 45.699143641654615 ], [ 13.03786673424124, 45.698913727957382 ], [ 13.038444543472853, 45.698595063600315 ], [ 13.039822198612567, 45.69756893234171 ], [ 13.04045432661359, 45.697182715267985 ], [ 13.040692003687353, 45.697044409033552 ], [ 13.040819963447889, 45.696969936954083 ], [ 13.041251705480311, 45.696726281708585 ], [ 13.041933646557595, 45.696409400949896 ], [ 13.042369250323755, 45.696222942180448 ], [ 13.042741420565516, 45.696010106137365 ], [ 13.043060292133756, 45.695833002489024 ], [ 13.043367395083846, 45.695619230192719 ], [ 13.043569340573395, 45.695430967688182 ], [ 13.043729992321349, 45.695305916872485 ], [ 13.043798238413757, 45.695215735897136 ], [ 13.043800985747437, 45.695138138238342 ], [ 13.043779587126414, 45.695005409154135 ], [ 13.04374446909978, 45.694890808758856 ], [ 13.043753406120329, 45.694822442924796 ], [ 13.043717183951577, 45.694559091950062 ], [ 13.043754239227715, 45.694431851648389 ], [ 13.043850064141882, 45.694305588298285 ], [ 13.043970572542957, 45.694211664183747 ], [ 13.04418821251868, 45.694137699360986 ], [ 13.044689014793432, 45.693986455018205 ], [ 13.04503147102646, 45.693887179927842 ], [ 13.045637406568392, 45.693710240237664 ], [ 13.045972458683542, 45.693638318499666 ], [ 13.046084162555303, 45.693612843464628 ], [ 13.04620860947634, 45.693596637588527 ], [ 13.046351450675768, 45.69361281345487 ], [ 13.046506436433219, 45.693656642044466 ], [ 13.046679675924981, 45.693732677210882 ], [ 13.046833627237023, 45.693808406279963 ], [ 13.047005469375575, 45.693925535969605 ], [ 13.04709385069927, 45.69400926177682 ], [ 13.047186842592639, 45.694147911235973 ], [ 13.047303990444407, 45.694341780965566 ], [ 13.04741542578043, 45.694508129591171 ], [ 13.047480258015506, 45.694710336275477 ], [ 13.047573783011183, 45.695018098919611 ], [ 13.047597751036765, 45.695077826467298 ], [ 13.047718455643604, 45.695509291058322 ], [ 13.047792564539774, 45.695624756915151 ], [ 13.047858850740722, 45.69578127572597 ], [ 13.047970970210974, 45.695933917703485 ], [ 13.048096558915383, 45.6960685292416 ], [ 13.048274131328995, 45.696213267332773 ], [ 13.048470880844544, 45.69636740585365 ], [ 13.048796091647423, 45.696578552573435 ], [ 13.049026537305753, 45.696701250088672 ], [ 13.049238283659861, 45.696796257180928 ], [ 13.049508010982786, 45.696915038939167 ], [ 13.049740225062697, 45.696987535587766 ], [ 13.050004984474116, 45.69706067647499 ], [ 13.050382835735299, 45.697067062759508 ], [ 13.050789114800475, 45.697010059994703 ], [ 13.051065165265985, 45.696946249352678 ], [ 13.051396095510649, 45.69680118834966 ], [ 13.051562985784587, 45.696689766717249 ], [ 13.051992505083538, 45.696336154958551 ], [ 13.052377039526087, 45.695968027568377 ], [ 13.052649614101005, 45.695701809680081 ], [ 13.052713843281495, 45.695593583634654 ], [ 13.053033879263388, 45.694824131965795 ], [ 13.053115199917787, 45.694430230536142 ], [ 13.05314821675959, 45.69413030767786 ], [ 13.053185049281113, 45.693719804545005 ], [ 13.053174107893058, 45.693387509125238 ], [ 13.053053542709511, 45.692958475549482 ], [ 13.052786754884343, 45.692194842022211 ], [ 13.052381809908386, 45.691508035703514 ], [ 13.051853687161243, 45.690471136300239 ], [ 13.051234916941649, 45.689448525360568 ], [ 13.050765410364198, 45.688649780943777 ], [ 13.050202089625666, 45.687976151913766 ], [ 13.04982981979855, 45.687653444836293 ], [ 13.049548762409195, 45.687300854836515 ], [ 13.049040046447159, 45.687007472406187 ], [ 13.048526463003167, 45.686856389409932 ], [ 13.048007873531246, 45.686847520685518 ], [ 13.047621796594445, 45.686920088993269 ], [ 13.046957501902664, 45.687209014675084 ], [ 13.046430073065642, 45.687453026003872 ], [ 13.045837774542909, 45.687616884770129 ], [ 13.04522745497769, 45.68765392256455 ], [ 13.044734123939508, 45.687566282773403 ], [ 13.044019628077518, 45.687348583644514 ], [ 13.0438222642734, 45.687187078168229 ], [ 13.043562153552234, 45.686882157285027 ], [ 13.043482455855793, 45.68658038189151 ], [ 13.043486508975715, 45.68582143712824 ], [ 13.043529891380198, 45.685221319507619 ], [ 13.043660894889431, 45.684701806876568 ], [ 13.044224549109789, 45.684063081460792 ], [ 13.04484645809441, 45.683694303785636 ], [ 13.045905612723361, 45.683079853822427 ], [ 13.047053299566841, 45.682514459825995 ], [ 13.047855561467186, 45.682148717811977 ], [ 13.048595582310494, 45.681623697668272 ], [ 13.049450083956065, 45.681037540903496 ], [ 13.050956099398276, 45.679893029822331 ], [ 13.052628505526771, 45.678498564262817 ], [ 13.053348822686432, 45.67789410214732 ], [ 13.053809038765687, 45.677633184443167 ], [ 13.054674992876382, 45.677379085663091 ], [ 13.055401355397324, 45.67724911932639 ], [ 13.055962222935863, 45.677337731775701 ], [ 13.056337730383584, 45.677565521138199 ], [ 13.056906923788677, 45.678065368146591 ], [ 13.057410730192828, 45.678500839244307 ], [ 13.058074406017704, 45.678875893214226 ], [ 13.058628735643687, 45.679154110565833 ], [ 13.059252275989802, 45.679386116346222 ], [ 13.059813163447993, 45.679474619106401 ], [ 13.060665499865459, 45.67961566244756 ], [ 13.061117436343594, 45.679591651707618 ], [ 13.06193839250931, 45.679336849419727 ], [ 13.062579745667614, 45.67904730262768 ], [ 13.063434562046277, 45.678460939080409 ], [ 13.064137753638144, 45.677698057090673 ], [ 13.064876888703431, 45.676540446764463 ], [ 13.065691332953252, 45.675162857864208 ], [ 13.066207580293051, 45.674144330621651 ], [ 13.066223749162912, 45.674112339983083 ], [ 13.066545594972409, 45.673279775267915 ], [ 13.066775092576036, 45.672508830033323 ], [ 13.06696237246665, 45.671495816630561 ], [ 13.066979829673931, 45.671334702482838 ], [ 13.066965340822211, 45.671152674399522 ], [ 13.066942995976188, 45.67089774651906 ], [ 13.066919193438046, 45.670686436497277 ], [ 13.066845046070563, 45.670430655227804 ], [ 13.066702040002392, 45.670064543685484 ], [ 13.066538581491159, 45.669690789986539 ], [ 13.066351504509001, 45.669396728721281 ], [ 13.066152205560796, 45.669160710637158 ], [ 13.065590695522605, 45.668598437255994 ], [ 13.065158427763455, 45.668198347624099 ], [ 13.064615931275959, 45.6676873288148 ], [ 13.064173755348646, 45.667272556468639 ], [ 13.063792464583669, 45.666902419567975 ], [ 13.063395362889835, 45.66638666481969 ], [ 13.063000447476956, 45.665805301910552 ], [ 13.062663950658285, 45.665335542313173 ], [ 13.062555299701543, 45.665173699680849 ], [ 13.062310813914333, 45.664747648227454 ], [ 13.06207551420721, 45.664350883118026 ], [ 13.061853069830837, 45.663881649953382 ], [ 13.061740977745632, 45.663523342382646 ], [ 13.061649090606906, 45.663179887334195 ], [ 13.061540657497371, 45.662712534462493 ], [ 13.061507234209518, 45.662479692798996 ], [ 13.061463573002001, 45.661940634005539 ], [ 13.061415780024355, 45.661525309091061 ], [ 13.061361107724762, 45.661007885174307 ], [ 13.061391163416062, 45.660433797062495 ], [ 13.06143350668459, 45.659896446447824 ], [ 13.060700331277847, 45.660048192676975 ], [ 13.059193359798332, 45.659986013833773 ], [ 13.05853635683677, 45.659958899069508 ], [ 13.058052764064591, 45.660093707734021 ], [ 13.057762057821416, 45.65989787424887 ], [ 13.051141983404555, 45.659375904991023 ], [ 13.045965522666314, 45.658969120098057 ], [ 13.042183334502568, 45.658680486004009 ], [ 13.039878704086265, 45.658370251638139 ], [ 13.038287906495146, 45.657974083718301 ], [ 13.035578923293107, 45.657141145555769 ], [ 13.033664518471557, 45.656494388666523 ], [ 13.032433630484674, 45.655906792946531 ], [ 13.030777496013494, 45.655072238841832 ], [ 13.029202557496919, 45.653949003752786 ], [ 13.027236438836667, 45.652998044136581 ], [ 13.026867238796038, 45.652876408967096 ], [ 13.027266436489615, 45.652232571592471 ], [ 13.027708480932247, 45.651822630787642 ], [ 13.028904003698598, 45.649791795769282 ], [ 13.028949447635219, 45.649242428604893 ], [ 13.028792647645385, 45.64878172702484 ], [ 13.027969271358469, 45.648360139785567 ], [ 13.026204284605859, 45.647782277094869 ], [ 13.024721856560891, 45.646976319819977 ], [ 13.019493343252345, 45.647336820108976 ], [ 13.009891400098125, 45.647998229732849 ], [ 13.000242726422238, 45.648695691216737 ], [ 12.990790537028172, 45.649334219285166 ], [ 12.983012494550707, 45.64988789636115 ], [ 12.983971142069082, 45.656621359878287 ], [ 12.983178287076059, 45.656685856354564 ], [ 12.982385429889886, 45.656750347375514 ], [ 12.981790409537695, 45.656988889525699 ], [ 12.98187444710838, 45.659202090605717 ], [ 12.98196920745783, 45.661430583071095 ], [ 12.9824320650667, 45.66579650937517 ], [ 12.982762413030143, 45.668773842378215 ], [ 12.983246983830302, 45.671769604145162 ], [ 12.984003263899774, 45.675958564357387 ], [ 12.985209536127986, 45.680555206425083 ], [ 12.986510886099749, 45.684944717335604 ], [ 12.987277296500896, 45.687359033173564 ], [ 12.988308231358923, 45.689430676458841 ], [ 12.989852794792466, 45.691555793313022 ], [ 12.990478699250495, 45.694618022460475 ], [ 12.990736254542535, 45.695371112131205 ], [ 12.991179450307323, 45.695867642224322 ], [ 12.990749661798326, 45.696000679258027 ], [ 12.990441155904438, 45.696082918474119 ], [ 12.989258381282969, 45.696535106692316 ], [ 12.988908832343316, 45.696719900499872 ], [ 12.988384524534482, 45.69691098927764 ], [ 12.987913708985861, 45.696981034664717 ], [ 12.98784174511901, 45.697284016858482 ], [ 12.984855623629043, 45.698220220324757 ], [ 12.982442238777748, 45.693196051588693 ], [ 12.981729256268322, 45.693309375585613 ], [ 12.981016270586045, 45.693422695216668 ], [ 12.97997972521909, 45.693661297122993 ], [ 12.978766882383271, 45.693929854343054 ], [ 12.977746845228246, 45.694161906162904 ], [ 12.97703405358199, 45.69429392904776 ], [ 12.976155128198515, 45.694479369510134 ], [ 12.975561574223754, 45.693059212509226 ], [ 12.974501908452524, 45.690696714799458 ], [ 12.97309357265463, 45.687488988982238 ], [ 12.971971080389769, 45.68495599174247 ], [ 12.970830708450606, 45.682277122744324 ], [ 12.97017333451967, 45.680803207784045 ], [ 12.969574569958931, 45.679424876960191 ], [ 12.969174310086993, 45.678450455806221 ], [ 12.968789686520713, 45.677576705629519 ], [ 12.968180841206818, 45.676174902257557 ], [ 12.967820406760278, 45.67528244548825 ], [ 12.967332613518932, 45.674150306635326 ], [ 12.966802548757224, 45.672900557340149 ], [ 12.966320682109799, 45.671851562643496 ], [ 12.966111332191458, 45.671293219891048 ], [ 12.966352810741418, 45.671225284736465 ], [ 12.966900095366627, 45.67046971562695 ], [ 12.966793880930016, 45.670257321680644 ], [ 12.966532659834328, 45.670077626579072 ], [ 12.965703428103209, 45.669880208858025 ], [ 12.964876088255677, 45.669962688775627 ], [ 12.964193668777297, 45.67014702595317 ], [ 12.962752794575028, 45.670292857802281 ], [ 12.962361877441687, 45.669931717525543 ], [ 12.962032597843418, 45.669543411789434 ], [ 12.961844188315839, 45.669171815517842 ], [ 12.961774049460219, 45.668873251640143 ], [ 12.961826323551119, 45.668548293372261 ], [ 12.962042644483718, 45.668155709229197 ], [ 12.962193668807538, 45.667889249081703 ], [ 12.962547717798357, 45.667598094106395 ], [ 12.962919249596636, 45.667378160177599 ], [ 12.963390314455546, 45.667202383164039 ], [ 12.963796646308316, 45.667138848132041 ], [ 12.964426594985973, 45.667036846325658 ], [ 12.964904030132562, 45.66696034982921 ], [ 12.965381463847711, 45.666883851375239 ], [ 12.966296507835091, 45.666716030963073 ], [ 12.966813060293587, 45.666399499653778 ], [ 12.96723059680982, 45.666024481398075 ], [ 12.967412177382595, 45.665475394130013 ], [ 12.967431934735313, 45.665206651365395 ], [ 12.967451691985193, 45.664937908593977 ], [ 12.96720370308001, 45.663977509638784 ], [ 12.966680608240793, 45.662247353099723 ], [ 12.966646337781185, 45.662076801939627 ], [ 12.966755067739431, 45.661866263475687 ], [ 12.968124085877045, 45.661397482676414 ], [ 12.969568459270802, 45.661156757676714 ], [ 12.969742468094516, 45.661127755315022 ], [ 12.97128514793595, 45.660989267570301 ], [ 12.971332479849261, 45.660983790178378 ], [ 12.972900509722301, 45.660802321396453 ], [ 12.973349359168324, 45.660778889455727 ], [ 12.973501332016237, 45.660770955392422 ], [ 12.974796670520128, 45.660703321224922 ], [ 12.976173281664614, 45.660578384695377 ], [ 12.977595944176622, 45.660487470467778 ], [ 12.978617313224211, 45.660372820633121 ], [ 12.979555366098912, 45.659941525571 ], [ 12.979827100029304, 45.659622898984033 ], [ 12.980098830948563, 45.659304271838494 ], [ 12.98014589285879, 45.658981601820635 ], [ 12.980192954351487, 45.658658931787485 ], [ 12.980070779036556, 45.658109350597151 ], [ 12.97982516120639, 45.657706835251275 ], [ 12.978729066919144, 45.656940994223341 ], [ 12.977541392251492, 45.656090574240238 ], [ 12.976832424013315, 45.655414459302328 ], [ 12.976516729645507, 45.654330648158549 ], [ 12.976739806490917, 45.653389086155464 ], [ 12.977578780847864, 45.652425239041428 ], [ 12.978524376613242, 45.651454966550041 ], [ 12.978830860348658, 45.651153537505429 ], [ 12.97923175765658, 45.650530261264784 ], [ 12.979275001902735, 45.64998363936752 ], [ 12.979080809690865, 45.649465912937082 ], [ 12.977572285012453, 45.648004880954701 ], [ 12.975466598152083, 45.64628155416132 ], [ 12.974792363807246, 45.645336249470944 ], [ 12.974697177609952, 45.645003370882677 ], [ 12.97469093160726, 45.644581791613042 ], [ 12.974762845463935, 45.644372302854563 ], [ 12.97483475883311, 45.644162814062724 ], [ 12.975234403269523, 45.643793609467778 ], [ 12.975721529365282, 45.643330625626469 ], [ 12.97645139252236, 45.642776450012278 ], [ 12.975195596404657, 45.642530921387447 ], [ 12.973526787509471, 45.642507420831244 ], [ 12.972309979990316, 45.642536182789357 ], [ 12.970740349299774, 45.642185965030293 ], [ 12.969949595819543, 45.641890898506958 ], [ 12.969140228071698, 45.641884418001013 ], [ 12.968109602191536, 45.642194155475359 ], [ 12.967855312157022, 45.642523435631119 ], [ 12.966862734624826, 45.642891377539598 ], [ 12.96589058319325, 45.643068074908356 ], [ 12.964808574696718, 45.642891346722813 ], [ 12.963456452838985, 45.642735901718353 ], [ 12.961044983669987, 45.642724401629621 ], [ 12.957627644992689, 45.64265249015569 ], [ 12.957024869413567, 45.642530507313907 ], [ 12.956304576795544, 45.642186347957484 ], [ 12.954754876303555, 45.641394627881041 ], [ 12.954015166619831, 45.641015403643657 ], [ 12.953064723374196, 45.640536306956413 ], [ 12.951519401978816, 45.640619881199896 ], [ 12.950262620817188, 45.640407209487272 ], [ 12.949066602872659, 45.639500678389375 ], [ 12.946971049476044, 45.638266581949942 ], [ 12.945585048539387, 45.637450692133882 ], [ 12.944757582997362, 45.637311066033391 ], [ 12.943871540647841, 45.637746570268177 ], [ 12.943377468629308, 45.638204241656091 ], [ 12.943283695044139, 45.638551645684174 ], [ 12.943271173921151, 45.640187945619047 ], [ 12.943262943031048, 45.641110552520196 ], [ 12.942686622854048, 45.64174535493877 ], [ 12.941825976876942, 45.642492460003623 ], [ 12.941533405625789, 45.643527371941794 ], [ 12.941573615259873, 45.645140046100387 ], [ 12.940763157991768, 45.646602770013033 ], [ 12.938879741590496, 45.647871961210065 ], [ 12.93763603988034, 45.648888460382459 ], [ 12.937042864699668, 45.649805635760956 ], [ 12.935533393504034, 45.650443595919789 ], [ 12.934463533734714, 45.650682934196617 ], [ 12.933440864563609, 45.651111160569357 ], [ 12.932705059888344, 45.650980066038308 ], [ 12.931155685549548, 45.64999915045513 ], [ 12.93016915589204, 45.649197200665306 ], [ 12.929101824869434, 45.649522150458253 ], [ 12.928179840460402, 45.650006547571905 ], [ 12.926960952820913, 45.650332488246221 ], [ 12.925570773801528, 45.650303475931047 ], [ 12.923964422341866, 45.649795102205253 ], [ 12.923262878088842, 45.649424550229178 ], [ 12.921449184849102, 45.650393994589685 ], [ 12.918972302893406, 45.651495891903856 ], [ 12.916034830333601, 45.653204584757489 ], [ 12.915020668789335, 45.654489918194514 ], [ 12.914713182903492, 45.656167834873997 ], [ 12.915773521060569, 45.656971647873128 ], [ 12.917859435794284, 45.657662128459599 ], [ 12.919869644778922, 45.659212535476016 ], [ 12.921925476573982, 45.660928047905699 ], [ 12.924320269455313, 45.662631863024657 ], [ 12.926037520848977, 45.664358947945189 ], [ 12.926450924415702, 45.665845019902413 ], [ 12.925574052316353, 45.66607640356964 ], [ 12.925174910106366, 45.666197308435649 ], [ 12.924970631284076, 45.666279991298744 ], [ 12.924778856543192, 45.666209188636699 ], [ 12.92382516971754, 45.666414659413668 ], [ 12.92230529580247, 45.666538374418181 ], [ 12.919998386886377, 45.667308322846111 ], [ 12.918205869276157, 45.667905756139596 ], [ 12.917825472164207, 45.667930728810411 ], [ 12.915853269630539, 45.667414961568724 ], [ 12.914978141772078, 45.667165164545402 ], [ 12.914796505651399, 45.667117812750362 ], [ 12.914623520473079, 45.66695108568733 ], [ 12.914488098267903, 45.66659254442586 ], [ 12.914777260699676, 45.666112263047779 ], [ 12.914897226408034, 45.665762819557031 ], [ 12.914977321784885, 45.665450467670588 ], [ 12.914728278475526, 45.665167272800012 ], [ 12.914400743443418, 45.664976079347596 ], [ 12.914044533918334, 45.664982347720688 ], [ 12.91390798305188, 45.665094203088287 ], [ 12.913983087976368, 45.665561984895483 ], [ 12.91377642226872, 45.665828152066879 ], [ 12.913399462420486, 45.666113651859106 ], [ 12.913131590897311, 45.665682251756508 ], [ 12.912463360423484, 45.665598001413173 ], [ 12.912061244856073, 45.665433174695998 ], [ 12.911786475033402, 45.665633122052043 ], [ 12.911785275937783, 45.665859411600586 ], [ 12.911073049421157, 45.666769157122125 ], [ 12.910636249979531, 45.667161034525982 ], [ 12.909863975124736, 45.667453624693387 ], [ 12.909562331204874, 45.66807902175259 ], [ 12.909455838077978, 45.668987664750851 ], [ 12.910148928592928, 45.671540143685533 ], [ 12.910808776596884, 45.673287640607917 ], [ 12.912020089679453, 45.675068002034052 ], [ 12.912635209853661, 45.675606573127766 ], [ 12.913396834860114, 45.676029931672694 ], [ 12.913734510793969, 45.676217629175518 ], [ 12.914160449041193, 45.676042470491602 ], [ 12.914372199002848, 45.67634136772439 ], [ 12.915062024844103, 45.676547383879864 ], [ 12.915023193335706, 45.677260259929064 ], [ 12.915576045879339, 45.677588083213955 ], [ 12.916875841655811, 45.678358792696031 ], [ 12.917471265014118, 45.679100446475701 ], [ 12.917629402828904, 45.679904746202858 ], [ 12.917757270086678, 45.681734155763849 ], [ 12.917477416020438, 45.68307743942681 ], [ 12.917704643083191, 45.685355932558565 ], [ 12.917618879145722, 45.686073345341796 ], [ 12.91657330986585, 45.687157132236216 ], [ 12.916471208194565, 45.688613387802178 ], [ 12.916716410261527, 45.690176797425742 ], [ 12.916314243268701, 45.690500206822172 ], [ 12.915689879128855, 45.690715881300164 ], [ 12.914289634342856, 45.690691475511322 ], [ 12.910608297455953, 45.690625554493984 ], [ 12.909035478023837, 45.690605379444094 ], [ 12.905492538508859, 45.690544001712816 ], [ 12.904936466461324, 45.690534986653091 ], [ 12.90489499751142, 45.690724942819152 ], [ 12.903715692767886, 45.694854435601776 ], [ 12.902887778824139, 45.698009743370633 ], [ 12.89953345274869, 45.697959673915918 ], [ 12.899032031321818, 45.698278527508208 ], [ 12.896983174033886, 45.698872475520261 ], [ 12.893367895513361, 45.699912811735224 ], [ 12.890114737987002, 45.700785884412063 ], [ 12.886866777855447, 45.701980196316335 ], [ 12.883656702942686, 45.703232664218213 ], [ 12.881420638104752, 45.704020847157274 ], [ 12.882009652885584, 45.704479497078388 ], [ 12.883202199026, 45.706072081104331 ], [ 12.88391983979877, 45.70710744215063 ], [ 12.884863831018464, 45.707730227368096 ], [ 12.884976295963225, 45.708046100148493 ], [ 12.884708045490681, 45.709079301568885 ], [ 12.885083089591255, 45.709340408634645 ], [ 12.885925616928095, 45.708990204420623 ], [ 12.886733018408714, 45.708858649113729 ], [ 12.887190754293776, 45.708851842511386 ], [ 12.888411523634565, 45.709298458756621 ], [ 12.888870174628821, 45.709294733095945 ], [ 12.890449677620804, 45.708788385833273 ], [ 12.890845451059295, 45.708858242943556 ], [ 12.891376496153436, 45.708673421793428 ], [ 12.892310415440429, 45.70792709678279 ], [ 12.893038525904672, 45.707622102677561 ], [ 12.893955537668921, 45.707352062252731 ], [ 12.89414426285488, 45.707278111887817 ], [ 12.894642073528853, 45.707148424189107 ], [ 12.895629805590167, 45.706856997537379 ], [ 12.896666711935515, 45.706567123091787 ], [ 12.897629632368382, 45.706296058972043 ], [ 12.898194857191662, 45.706129218048872 ], [ 12.898373725204276, 45.706068829137926 ], [ 12.898892218027818, 45.705858215861177 ], [ 12.899575349282136, 45.705652323986612 ], [ 12.900092428598843, 45.705543286436395 ], [ 12.900377719658531, 45.705494738053211 ], [ 12.900663010178695, 45.705446188971777 ], [ 12.901044147385907, 45.705364567963713 ], [ 12.901089270363444, 45.705429218297866 ], [ 12.901257617999002, 45.705670418262123 ], [ 12.901845279112978, 45.70605518462861 ], [ 12.902454991147115, 45.706178534906869 ], [ 12.903360525170385, 45.706336767674458 ], [ 12.904848607414969, 45.706382417085209 ], [ 12.905539530162224, 45.70663133243491 ], [ 12.906408396782469, 45.706661122867054 ], [ 12.907374485090003, 45.70707350156048 ], [ 12.907999014281936, 45.707498650595333 ], [ 12.908241475381923, 45.707763493930067 ], [ 12.908935564658741, 45.708984804179522 ], [ 12.90931456075773, 45.709500983766574 ], [ 12.909570358205457, 45.709921626637616 ], [ 12.910039723918533, 45.710393029647065 ], [ 12.910699001725391, 45.7105847715018 ], [ 12.911086894520759, 45.710604280588456 ], [ 12.912111692850536, 45.710432203562647 ], [ 12.912415247662937, 45.710397978131134 ], [ 12.914101293789331, 45.709896518849071 ], [ 12.914364260586151, 45.709830994607358 ], [ 12.914932291680046, 45.709811503002676 ], [ 12.915433490583025, 45.709794381537812 ], [ 12.915383845490247, 45.710330625286517 ], [ 12.915687730075964, 45.710776642294853 ], [ 12.915891775025369, 45.71130329829537 ], [ 12.916104227068471, 45.712321538525025 ], [ 12.91664335487676, 45.712745440526739 ], [ 12.917318279657978, 45.713120273739804 ], [ 12.918068888642274, 45.714130472269353 ], [ 12.918352552541075, 45.714764694011571 ], [ 12.918340471759754, 45.715614327870462 ], [ 12.918118596711338, 45.716239475568237 ], [ 12.917750350798487, 45.717657237560495 ], [ 12.91706377382258, 45.720235026792587 ], [ 12.916819295892509, 45.721294219673588 ], [ 12.916510581426349, 45.722290244961762 ], [ 12.916429770670565, 45.722471635444869 ], [ 12.916212439863468, 45.723253099844172 ], [ 12.915995103680197, 45.724034563944834 ], [ 12.915689296648255, 45.72500958813567 ], [ 12.915478597017572, 45.725886085279015 ], [ 12.915223656791763, 45.726859362201438 ], [ 12.914931952434978, 45.728036331701112 ], [ 12.914552593026034, 45.729418739640131 ], [ 12.914363151769674, 45.730234966153631 ], [ 12.914263186725638, 45.730750428864759 ], [ 12.914257858600395, 45.730917320035672 ], [ 12.915189446248153, 45.73183797247659 ], [ 12.915772993340013, 45.732401423839512 ], [ 12.916194322037146, 45.73283350181373 ], [ 12.916707126328896, 45.733357699657788 ], [ 12.917190336655324, 45.733823372629544 ], [ 12.917603205664125, 45.734255735835148 ], [ 12.91800036547353, 45.734706498642858 ], [ 12.917959457736334, 45.734850796373252 ], [ 12.917784919913538, 45.735029452504243 ], [ 12.917087482575003, 45.734297259800741 ], [ 12.916437877310839, 45.733640821068981 ], [ 12.915788287568947, 45.732984378080445 ], [ 12.914746165512543, 45.731942492312172 ], [ 12.914087719221898, 45.731280389613069 ], [ 12.913250282990434, 45.730368406407912 ], [ 12.912624792775128, 45.729812334428523 ], [ 12.911974463334854, 45.729143987204807 ], [ 12.911712797124885, 45.729170821090364 ], [ 12.909698766489344, 45.728817135254538 ], [ 12.907183738803869, 45.728349587920043 ], [ 12.904405012668951, 45.727879102308648 ], [ 12.901754370362255, 45.727416076169199 ], [ 12.899309791127779, 45.726981668713229 ], [ 12.89641928286073, 45.726490993226641 ], [ 12.896119147187608, 45.726453612549896 ], [ 12.895699436632009, 45.726896623801771 ], [ 12.895338692828126, 45.726843449034561 ], [ 12.894714003553648, 45.726906453757813 ], [ 12.893732567630112, 45.726989004951655 ], [ 12.893428205559241, 45.727014603900862 ], [ 12.889230581500437, 45.727586435887012 ], [ 12.883146588436375, 45.729777158510032 ], [ 12.881014138376472, 45.730049975186645 ], [ 12.878929013103653, 45.73041650245441 ], [ 12.87591823595084, 45.731377064116593 ], [ 12.872085032313118, 45.731110868894397 ], [ 12.871179622513349, 45.730558115811533 ], [ 12.868596454575215, 45.728609516048081 ], [ 12.866825342937158, 45.72688902583846 ], [ 12.866520802404271, 45.72642254918064 ], [ 12.866004845291769, 45.726049059628174 ], [ 12.863482716240442, 45.725409763509681 ], [ 12.859557539594832, 45.724611552259567 ], [ 12.859448565230137, 45.724363844740822 ], [ 12.859551455815408, 45.723466571451638 ], [ 12.859627529881809, 45.722812964488185 ], [ 12.860291520623999, 45.721188457618503 ], [ 12.862151807014705, 45.716777096377619 ], [ 12.863750475611639, 45.712918113304845 ], [ 12.866099140138473, 45.707307680779628 ], [ 12.867028547733803, 45.705342814309894 ], [ 12.867436685644291, 45.704601808004469 ], [ 12.857431139353274, 45.701839179383931 ], [ 12.855681674346991, 45.701112406263022 ], [ 12.846599950017723, 45.69631054495219 ], [ 12.845817942276325, 45.695562904679186 ], [ 12.845196516886752, 45.694678861517339 ], [ 12.844919872956499, 45.693866550010803 ], [ 12.844800367067815, 45.692620262928351 ], [ 12.844702166499152, 45.689825111393098 ], [ 12.847576944693595, 45.689752148026628 ], [ 12.84781677013836, 45.689755891444499 ], [ 12.850930718957054, 45.689804450945978 ], [ 12.854183949271132, 45.689920840125225 ], [ 12.855681173620701, 45.689703540365421 ], [ 12.856717871980559, 45.689954285271483 ], [ 12.85749049450019, 45.690071056883951 ], [ 12.858151596121768, 45.690048701547909 ], [ 12.858904357890202, 45.689630285718579 ], [ 12.860335384675359, 45.689438979282386 ], [ 12.860468065796535, 45.688898640061161 ], [ 12.860975060084087, 45.688119385748017 ], [ 12.862755614440097, 45.686344393347468 ], [ 12.863241758435644, 45.685756358981145 ], [ 12.864209960625375, 45.685057982789914 ], [ 12.865801072647008, 45.684480136024682 ], [ 12.867027463384964, 45.684033708011775 ], [ 12.867941922354435, 45.683252517500279 ], [ 12.868454223864415, 45.683044622581988 ], [ 12.869066302248555, 45.682559462615799 ], [ 12.869972774371696, 45.681171229667207 ], [ 12.872153866896104, 45.68003742823808 ], [ 12.872634401625797, 45.679616252473181 ], [ 12.872945983778077, 45.678962654806284 ], [ 12.873597858657522, 45.678071254396443 ], [ 12.875378375453774, 45.677534472646883 ], [ 12.876644179288999, 45.677169955911815 ], [ 12.877222843746065, 45.677186014084732 ], [ 12.877995832983011, 45.677064478114566 ], [ 12.878769326349337, 45.67670476397636 ], [ 12.878610503018857, 45.674900179844776 ], [ 12.879244159208339, 45.673747394492992 ], [ 12.880496054208203, 45.672692655527612 ], [ 12.882616061335042, 45.672156119258212 ], [ 12.884749873559244, 45.672309725443313 ], [ 12.885730925242925, 45.672740717841798 ], [ 12.886728588791053, 45.672921072116175 ], [ 12.888815719625047, 45.6731357314791 ], [ 12.891083494490079, 45.673260836667986 ], [ 12.893472059490847, 45.67267921416915 ], [ 12.895009628319988, 45.671828905041224 ], [ 12.896178101848296, 45.670800656542383 ], [ 12.896806829055569, 45.669338337702726 ], [ 12.897072629136691, 45.668519527348664 ], [ 12.896662321547263, 45.667747628091782 ], [ 12.896879722238918, 45.667454414691427 ], [ 12.89750046495219, 45.667099790204738 ], [ 12.896428500368565, 45.6668268058027 ], [ 12.895687167361869, 45.666624626123543 ], [ 12.894667637959138, 45.666660687026862 ], [ 12.892969984696496, 45.666671001072515 ], [ 12.891500610351514, 45.666772850352899 ], [ 12.889827898730973, 45.667159231373425 ], [ 12.889083662910652, 45.66695835723111 ], [ 12.888193175155941, 45.666607661595883 ], [ 12.887440367408344, 45.666037926964329 ], [ 12.886819004916644, 45.665404169920947 ], [ 12.885806660592046, 45.665009976111001 ], [ 12.885147182274652, 45.664806189180304 ], [ 12.884643974033178, 45.664406552365669 ], [ 12.884469032603754, 45.663590526483006 ], [ 12.883405967755268, 45.662960226559775 ], [ 12.882919731387387, 45.662560004348805 ], [ 12.881483939994936, 45.660953680020278 ], [ 12.879767815349943, 45.658975821834858 ], [ 12.879393657597495, 45.658476510250892 ], [ 12.881854437041145, 45.65796412123435 ], [ 12.883528811935793, 45.657621346415631 ], [ 12.884837686309123, 45.656659880116905 ], [ 12.880384551400187, 45.654144089400994 ], [ 12.887433576522072, 45.649522021867206 ], [ 12.885798091894733, 45.649196692141153 ], [ 12.887365124335094, 45.646082993298251 ], [ 12.886950397057937, 45.645978046718625 ], [ 12.88760374668133, 45.643645664812652 ], [ 12.889894311592853, 45.641912393945837 ], [ 12.895711810124642, 45.643547681481508 ], [ 12.897302630018308, 45.643231371638592 ], [ 12.898597271656602, 45.643007267146686 ], [ 12.902372380770066, 45.642653189586866 ], [ 12.904633110632814, 45.64123024532006 ], [ 12.907659474421624, 45.639102284541806 ], [ 12.90477139320461, 45.637117307361216 ], [ 12.903785475916129, 45.635388690142044 ], [ 12.904233613422528, 45.633002442723686 ], [ 12.90398192269989, 45.632646120636245 ], [ 12.903420657605826, 45.632141382166104 ], [ 12.902878395131676, 45.631909871264874 ], [ 12.901454804173133, 45.631696595490858 ], [ 12.899820172511328, 45.631621503146135 ], [ 12.898259048570248, 45.631627230300417 ], [ 12.896315506092343, 45.631503104260155 ], [ 12.895372658064842, 45.631368594070075 ], [ 12.894100306145072, 45.630888089177873 ], [ 12.891850871009124, 45.630013330360292 ], [ 12.891257110674678, 45.629782417019563 ], [ 12.890821567248144, 45.629130433706578 ], [ 12.890325241256843, 45.628825849144128 ], [ 12.890233505324462, 45.62870297716627 ], [ 12.890869480082118, 45.628229757069178 ], [ 12.892112672681812, 45.627556231724114 ], [ 12.892947369352983, 45.627110975112906 ], [ 12.893273284261261, 45.626671169840627 ], [ 12.893478433430269, 45.626080683448009 ], [ 12.893740001268263, 45.625202482473277 ], [ 12.893988291955708, 45.624622430350669 ], [ 12.894997860956966, 45.623885400526497 ], [ 12.896024109314853, 45.623266870542857 ], [ 12.896614270147767, 45.622722767441218 ], [ 12.897779217180023, 45.622147115092289 ], [ 12.898139310827458, 45.621956192714237 ], [ 12.898821676074752, 45.621885241493715 ], [ 12.900377203590184, 45.621314074298176 ], [ 12.901412619880272, 45.620951200883866 ], [ 12.902263247637604, 45.620493422643726 ], [ 12.903184264798174, 45.619949874527933 ], [ 12.904278890912622, 45.61934083778047 ], [ 12.905644972489764, 45.618609371948068 ], [ 12.906682773498883, 45.618037981065505 ], [ 12.907494900103499, 45.617607470301344 ], [ 12.90593568849383, 45.616269494817274 ], [ 12.904780312059927, 45.615277997422112 ], [ 12.902671016075537, 45.613492552979835 ], [ 12.900785013317495, 45.611876810355369 ], [ 12.900154293954897, 45.612142203326435 ], [ 12.897614684380502, 45.610557474492687 ], [ 12.896954882603156, 45.610142382992628 ], [ 12.895973793595324, 45.609648990624727 ], [ 12.894522894944878, 45.608543470874693 ], [ 12.894103399360841, 45.608855488668006 ], [ 12.89377851030437, 45.608818947406725 ], [ 12.891754786156971, 45.607280444631115 ], [ 12.89010880641451, 45.60605053720225 ], [ 12.88890014556814, 45.604519909063988 ], [ 12.888416871121921, 45.604155331484677 ], [ 12.885968538006335, 45.603095605486402 ], [ 12.883952178962698, 45.602271185247382 ], [ 12.883124725500805, 45.60183494805657 ], [ 12.881588297444493, 45.602923223466703 ], [ 12.879663426588595, 45.604630712372661 ], [ 12.879391327067943, 45.604778078458047 ], [ 12.87912427911928, 45.604828944112874 ], [ 12.879143895863262, 45.604375777956605 ], [ 12.879637638385576, 45.603418265114023 ], [ 12.87999328358924, 45.602917946370212 ], [ 12.879241746402187, 45.602598177553858 ], [ 12.878482019963224, 45.602159603474654 ], [ 12.877912404172648, 45.601818736360109 ], [ 12.876518476768677, 45.601237992846166 ], [ 12.875086465570948, 45.600643621856676 ], [ 12.873580239082584, 45.599956489976293 ], [ 12.872228816839915, 45.59929980709267 ], [ 12.871037100032506, 45.598744859650033 ], [ 12.869985700594087, 45.598256586786718 ], [ 12.86875552108194, 45.597881538415116 ], [ 12.867020928706111, 45.59757120845741 ], [ 12.866827998203687, 45.597232420068238 ], [ 12.866893924577779, 45.596218015875081 ], [ 12.866800085264549, 45.595840144742361 ], [ 12.865990361574131, 45.595165024409177 ], [ 12.865334005374001, 45.594746674966714 ], [ 12.864005887522902, 45.594672590709251 ], [ 12.863306351929275, 45.594612928484935 ], [ 12.863053928102078, 45.59439522722851 ], [ 12.862825337876817, 45.593783758388163 ], [ 12.862573518855887, 45.593327878009994 ], [ 12.862029950794156, 45.592822335275187 ], [ 12.861353043316367, 45.591856896156699 ], [ 12.860821736820199, 45.591529550765891 ], [ 12.859400930105817, 45.592327824986668 ], [ 12.858192312889107, 45.59349995704072 ], [ 12.857329627753776, 45.595017615528029 ], [ 12.856398063872666, 45.59503720359907 ], [ 12.854065801697077, 45.594913589480825 ], [ 12.852557061690508, 45.594678763513755 ], [ 12.85076520057639, 45.594024791514762 ], [ 12.84957216959717, 45.593445847943251 ], [ 12.848146164340172, 45.592684225059791 ], [ 12.846386489228733, 45.591755217238372 ], [ 12.845242017440336, 45.59138893269359 ], [ 12.843659350522106, 45.591311283054701 ], [ 12.8425706677832, 45.591264604519978 ], [ 12.841913837292099, 45.591084293545592 ], [ 12.841095667093285, 45.590528359398149 ], [ 12.840822366522842, 45.590251772427131 ], [ 12.839431662805991, 45.590501021163476 ], [ 12.837196683573119, 45.591302601279651 ], [ 12.836103908413831, 45.592330571348889 ], [ 12.834731487335171, 45.592957335197347 ], [ 12.832733090338193, 45.59325074366874 ], [ 12.830582365235003, 45.593549232071041 ], [ 12.829277691019076, 45.593569218108414 ], [ 12.828582171345424, 45.593318681677921 ], [ 12.827907499267656, 45.592626850313515 ], [ 12.827253060574758, 45.592232032839853 ], [ 12.826573736396865, 45.592219098161834 ], [ 12.824560815205533, 45.592548573837753 ], [ 12.823767876100113, 45.592610878575506 ], [ 12.821276205780688, 45.592634829748313 ], [ 12.817841695114211, 45.592761731184929 ], [ 12.817549650842498, 45.592749578622296 ], [ 12.817257606648612, 45.592737425307376 ], [ 12.81676107799966, 45.593060890468188 ], [ 12.816471231605288, 45.593303269096793 ], [ 12.816016682257677, 45.593731032730311 ], [ 12.815947592486811, 45.593796050470594 ], [ 12.815548551397585, 45.594182768293784 ], [ 12.815082207945064, 45.594473352139659 ], [ 12.814597248432358, 45.594693716953003 ], [ 12.814000952766959, 45.59487189581391 ], [ 12.813621396620366, 45.594976571825661 ], [ 12.812714390523, 45.595226704190168 ], [ 12.811265204079556, 45.595558397312914 ], [ 12.810219800046298, 45.595727976396105 ], [ 12.809409466431093, 45.595902118201749 ], [ 12.808712526224186, 45.596088400644511 ], [ 12.80793991469854, 45.596388009674129 ], [ 12.807493123371762, 45.59672390583075 ], [ 12.807190810233811, 45.597002681586062 ], [ 12.806933329160371, 45.597402016933586 ], [ 12.806777141569984, 45.597763496982367 ], [ 12.806738327820357, 45.598027267572398 ], [ 12.806743453489675, 45.598262028223047 ], [ 12.806785532674493, 45.598457390613852 ], [ 12.806821310518046, 45.598565961149454 ], [ 12.806906412280931, 45.598824206885332 ], [ 12.807028396423116, 45.598976307218656 ], [ 12.807237340064168, 45.599138197040986 ], [ 12.807434960374541, 45.599291913242816 ], [ 12.807499201123369, 45.599335199389266 ], [ 12.80765006734719, 45.599436854347367 ], [ 12.807815482482894, 45.599567521539399 ], [ 12.80803811065646, 45.59969852901979 ], [ 12.808160766707365, 45.599755461314238 ], [ 12.808776126736682, 45.600041084312309 ], [ 12.809155620994696, 45.600217225635923 ], [ 12.809555868793318, 45.600367412652737 ], [ 12.809744957681056, 45.600441735810215 ], [ 12.810110354273851, 45.600585356883784 ], [ 12.81054799036775, 45.600723310213198 ], [ 12.811013360940903, 45.600861775547614 ], [ 12.811624138814256, 45.601054968782215 ], [ 12.812658906289112, 45.601502315571814 ], [ 12.813055175006868, 45.601756137209058 ], [ 12.81327690992058, 45.601987077749449 ], [ 12.813371282819869, 45.602170338277602 ], [ 12.813399930396796, 45.6023846896585 ], [ 12.813404210813662, 45.602511103613608 ], [ 12.813408491268277, 45.602637517565796 ], [ 12.813352592842294, 45.602889079700766 ], [ 12.813102644415354, 45.60328763694023 ], [ 12.812386806607572, 45.604015095982348 ], [ 12.811578752676757, 45.604585680045631 ], [ 12.81072239130717, 45.6051381593252 ], [ 12.809214990655384, 45.606005541816053 ], [ 12.80803218485392, 45.606741273469552 ], [ 12.807513076826899, 45.607455203493558 ], [ 12.806962263948009, 45.608358224270603 ], [ 12.806689297816629, 45.609059795665367 ], [ 12.806542986722068, 45.609660287382873 ], [ 12.806495667961144, 45.610245414281756 ], [ 12.806545078325183, 45.610866918913167 ], [ 12.806669456366775, 45.611455317907669 ], [ 12.807024533240549, 45.612427480574254 ], [ 12.807403867161737, 45.613100622711222 ], [ 12.807711506093026, 45.613476506570272 ], [ 12.808002011968362, 45.613872044029719 ], [ 12.808272559027676, 45.614181205397216 ], [ 12.808748267497164, 45.614540584366928 ], [ 12.809227827705323, 45.614678583237605 ], [ 12.809657156256307, 45.614734006307295 ], [ 12.809805785307582, 45.614744975000889 ], [ 12.810128133989624, 45.614718907538155 ], [ 12.81055592045308, 45.614630539538602 ], [ 12.810893895494912, 45.614500164108811 ], [ 12.81173276579878, 45.614169968252106 ], [ 12.812746504521282, 45.613770733554659 ], [ 12.813691387740308, 45.613370101126556 ], [ 12.815014594773416, 45.612976702477759 ], [ 12.817109939812019, 45.612493456956344 ], [ 12.818997593941649, 45.612038368517219 ], [ 12.820705656525785, 45.611483229388796 ], [ 12.821354574470959, 45.611318465246896 ], [ 12.821746048360076, 45.611277627638479 ], [ 12.822073909796794, 45.611404632133528 ], [ 12.822369427665427, 45.611772601524542 ], [ 12.822555306237842, 45.612025788077538 ], [ 12.822624901893114, 45.61223813482237 ], [ 12.822668539378791, 45.612551534757557 ], [ 12.82263325678572, 45.612886931758261 ], [ 12.822534731931441, 45.613416353512108 ], [ 12.822394560524412, 45.613874710882101 ], [ 12.822008073859781, 45.61492621872442 ], [ 12.821934756563097, 45.615092856964736 ], [ 12.821772351669095, 45.615546917671168 ], [ 12.821663301886222, 45.615919890170005 ], [ 12.821569212096691, 45.616480756553166 ], [ 12.82148901404693, 45.617108216425223 ], [ 12.82144867959027, 45.617865398342126 ], [ 12.82136402651496, 45.61861785390537 ], [ 12.821304778074849, 45.61914037787669 ], [ 12.821197076624427, 45.619763357911445 ], [ 12.821125517188843, 45.620297275549319 ], [ 12.821041060374617, 45.620752864620783 ], [ 12.820996288257492, 45.621045102882654 ], [ 12.820986243699508, 45.621306654049057 ], [ 12.821009699844772, 45.621560962335778 ], [ 12.821052250883483, 45.621684878798881 ], [ 12.821094802126845, 45.621808795237975 ], [ 12.821216014360303, 45.622010412574021 ], [ 12.821343898067493, 45.62215734906917 ], [ 12.821537251390813, 45.622340797458541 ], [ 12.821769891041141, 45.622517168652415 ], [ 12.821977196690888, 45.622626609111293 ], [ 12.822214554455844, 45.622727121269406 ], [ 12.822344259827407, 45.622782003379989 ], [ 12.822717459354022, 45.622921978821402 ], [ 12.823783259334343, 45.623290143925466 ], [ 12.825172906019599, 45.623781468650961 ], [ 12.826227818487848, 45.624138094347622 ], [ 12.826899725540555, 45.624365340100965 ], [ 12.827316059122785, 45.624541208467782 ], [ 12.828211114973447, 45.624870864421716 ], [ 12.828954668208221, 45.62522486094965 ], [ 12.82979587222405, 45.625635522400252 ], [ 12.829893536038302, 45.625703803202441 ], [ 12.83039550936795, 45.626111806400246 ], [ 12.830918893354214, 45.626547712193428 ], [ 12.831171738484134, 45.626923662215226 ], [ 12.8313548129961, 45.627239666636342 ], [ 12.831417870451101, 45.62733467174958 ], [ 12.83149653329172, 45.627605756134983 ], [ 12.831535185178783, 45.627903387620258 ], [ 12.831494800859209, 45.628082427524362 ], [ 12.831450936109455, 45.628210457524062 ], [ 12.831316363661855, 45.628379788952429 ], [ 12.831092042030885, 45.62856311568018 ], [ 12.830786629163846, 45.628682376139921 ], [ 12.830336082082706, 45.628810559360808 ], [ 12.829931801608158, 45.628898572426344 ], [ 12.829527519780893, 45.628986584097667 ], [ 12.828808330366956, 45.629148802142197 ], [ 12.828223832356205, 45.629290113712621 ], [ 12.827491135681363, 45.629502733285257 ], [ 12.826504561930653, 45.629956724705224 ], [ 12.825696628487664, 45.630398506199747 ], [ 12.824732264085629, 45.631020779713516 ], [ 12.824104146391051, 45.631567595802096 ], [ 12.823637727824369, 45.632105748470664 ], [ 12.823273423851626, 45.632591060514734 ], [ 12.823145515399039, 45.632873843814423 ], [ 12.822939069501398, 45.633459808432249 ], [ 12.822677006841531, 45.634314431408953 ], [ 12.822540825021415, 45.634952587959873 ], [ 12.822466590868142, 45.635869325629834 ], [ 12.822556098308896, 45.636867348226048 ], [ 12.822503909658677, 45.637495399226822 ], [ 12.822398215010157, 45.637778607375544 ], [ 12.822303131391305, 45.637933103035692 ], [ 12.8222109463671, 45.638013331755758 ], [ 12.822102178121623, 45.638089345359532 ], [ 12.821877341783711, 45.638139813431856 ], [ 12.821643266070124, 45.638143154336866 ], [ 12.821387569555611, 45.638130476785548 ], [ 12.821138731253829, 45.638082824385137 ], [ 12.820720518676628, 45.637969194618059 ], [ 12.819903528899891, 45.637637136033085 ], [ 12.818582509447644, 45.637233011856551 ], [ 12.817942714609536, 45.637072241286603 ], [ 12.817610562395124, 45.636995595178135 ], [ 12.816576977412726, 45.636936655442312 ], [ 12.815224311056578, 45.636895128497834 ], [ 12.814719555379398, 45.636842608506903 ], [ 12.814175492258206, 45.636796981189505 ], [ 12.813805792431594, 45.636703936992646 ], [ 12.813282697920588, 45.63655328073137 ], [ 12.812868615720697, 45.636314907704481 ], [ 12.812550191601312, 45.636054793986489 ], [ 12.812097534898991, 45.635221738983319 ], [ 12.811818727384191, 45.634513120642787 ], [ 12.811620572359832, 45.634024766261604 ], [ 12.811371770623021, 45.633691843784526 ], [ 12.811242299147599, 45.633583924412896 ], [ 12.810929963363201, 45.633452859728237 ], [ 12.810594189971491, 45.633352641001046 ], [ 12.81021347266168, 45.633259413071677 ], [ 12.80986852504963, 45.6332527508727 ], [ 12.809572087438749, 45.633282182712442 ], [ 12.8094462903092, 45.633357897766153 ], [ 12.809320492837751, 45.633433612691093 ], [ 12.809207224055058, 45.633626869656169 ], [ 12.809044787065291, 45.634076951686772 ], [ 12.808758548381563, 45.634845037949525 ], [ 12.808647630693102, 45.635120306609267 ], [ 12.808392087305883, 45.63552957014641 ], [ 12.808109773063586, 45.635918753946683 ], [ 12.807900460475713, 45.636141408874636 ], [ 12.807108790263348, 45.636735624960508 ], [ 12.806202497634265, 45.637265160714975 ], [ 12.805528025795899, 45.637622054962641 ], [ 12.805525678563084, 45.637623393424612 ], [ 12.804855644115261, 45.637794081282621 ], [ 12.804168691594301, 45.637984051772762 ], [ 12.803540049627776, 45.638104835267384 ], [ 12.80295794544633, 45.63817959815961 ], [ 12.802310614238774, 45.638210175964069 ], [ 12.801643152026157, 45.638201185646778 ], [ 12.799648600951233, 45.638104171109561 ], [ 12.798659214165832, 45.638049897342299 ], [ 12.797322777162425, 45.638043621823137 ], [ 12.796977117807634, 45.638079969806121 ], [ 12.796674269204063, 45.63813271436468 ], [ 12.795903526580059, 45.638328843775383 ], [ 12.795151579012034, 45.638615164580933 ], [ 12.79390392699208, 45.639157667357196 ], [ 12.792820857940381, 45.639648508863658 ], [ 12.792565529531309, 45.639764741108962 ], [ 12.792272618588388, 45.639848917704562 ], [ 12.791952195252422, 45.639924736787009 ], [ 12.791682003830289, 45.639993844845307 ], [ 12.791279418924823, 45.640177436356858 ], [ 12.791085251312248, 45.640298743693855 ], [ 12.791015739735402, 45.640367707232627 ], [ 12.790946227990368, 45.640436670733791 ], [ 12.790828823430916, 45.640590711452056 ], [ 12.790794019429139, 45.640738497009366 ], [ 12.790797968225062, 45.641207416892442 ], [ 12.790791116502676, 45.641668414549756 ], [ 12.790787809949522, 45.642035592194802 ], [ 12.790747408293788, 45.642355126033408 ], [ 12.790726905251605, 45.642593078154469 ], [ 12.790695917686014, 45.642772690998157 ], [ 12.790695807843168, 45.642772964682983 ], [ 12.79069582603851, 45.642773234113541 ], [ 12.790654825082001, 45.643009797015274 ], [ 12.790594939412134, 45.643285962422155 ], [ 12.790489942456473, 45.643830961353139 ], [ 12.790306217928432, 45.64467912479067 ], [ 12.790236916565641, 45.645002138817951 ], [ 12.790162358584148, 45.645477267146155 ], [ 12.790145172893475, 45.64577388650163 ], [ 12.790165320962926, 45.645969622630311 ], [ 12.790209520109268, 45.646225047570994 ], [ 12.790682019678785, 45.64620380930765 ], [ 12.791387856628361, 45.646097000172688 ], [ 12.792277534084313, 45.646198416190664 ], [ 12.792800970672266, 45.646407263871374 ], [ 12.793311486685687, 45.646676077722958 ], [ 12.793747750266057, 45.647102159775777 ], [ 12.794455718719865, 45.64803123885472 ], [ 12.795176634085621, 45.648900343824323 ], [ 12.795860476983325, 45.649723046487644 ], [ 12.796652414864441, 45.650637410125775 ], [ 12.79733630167444, 45.651460102379112 ], [ 12.79831780678664, 45.6526658392443 ], [ 12.798847711546109, 45.653219769634873 ], [ 12.79915095135309, 45.653685983531908 ], [ 12.799381555981336, 45.654333232390009 ], [ 12.79959200615095, 45.654933520832401 ], [ 12.799938421907623, 45.655410202404482 ], [ 12.800369089660185, 45.65585819296497 ], [ 12.79965222384825, 45.656249453833794 ], [ 12.798791804024884, 45.656966748676822 ], [ 12.79815478959039, 45.65759850641944 ], [ 12.79804942127168, 45.657703007267543 ], [ 12.797269877178579, 45.658250843401227 ], [ 12.796639884200509, 45.65839503613396 ], [ 12.79543659295252, 45.658371795177857 ], [ 12.792421092134148, 45.657938305566191 ], [ 12.791664773124875, 45.65789242492761 ], [ 12.79076362270907, 45.658125166826302 ], [ 12.790695409245824, 45.658179460001499 ], [ 12.790533525266612, 45.658308334531519 ], [ 12.790160916426988, 45.658707673447061 ], [ 12.789560781547213, 45.65922771340054 ], [ 12.788589103608292, 45.660115814420067 ], [ 12.78758544897066, 45.66069046828742 ], [ 12.785062658331618, 45.661329654775273 ], [ 12.782721902031472, 45.661878409032099 ], [ 12.781994006570658, 45.662239543827333 ], [ 12.781754991244195, 45.662641447186807 ], [ 12.781778669290334, 45.663173530433617 ], [ 12.782021289465732, 45.663803669453408 ], [ 12.782350666567936, 45.664498080319063 ], [ 12.782755596129521, 45.665537879591511 ], [ 12.782952667296749, 45.666198510421708 ], [ 12.783109794396225, 45.666733189167694 ], [ 12.782877180565128, 45.666978892540257 ], [ 12.78238073994561, 45.667125598581158 ], [ 12.781666314448433, 45.667142980685071 ], [ 12.780516314153173, 45.666901697699302 ], [ 12.778917923047061, 45.666714230677805 ], [ 12.77745582819267, 45.666466871549623 ], [ 12.775809282199692, 45.666372316880505 ], [ 12.773669853117463, 45.666330586789769 ], [ 12.771623480718773, 45.666196898920539 ], [ 12.769546122982179, 45.665718554047601 ], [ 12.768100311476571, 45.665064765135192 ], [ 12.767454175791711, 45.664489237430764 ], [ 12.767259907444259, 45.663766199448418 ], [ 12.767022331249377, 45.662157347946994 ], [ 12.766934575466253, 45.661852226145164 ], [ 12.766675892349708, 45.66162826716478 ], [ 12.766321806478514, 45.661558766342132 ], [ 12.765098594378044, 45.662035155675895 ], [ 12.763777725097535, 45.662728530715995 ], [ 12.762230206433587, 45.663511274888918 ], [ 12.760151383133669, 45.664189904080104 ], [ 12.759416612113451, 45.664345714564341 ], [ 12.759071818566943, 45.664418823153603 ], [ 12.758493714679737, 45.664376211155734 ], [ 12.757878473684777, 45.664145255345076 ], [ 12.756130825767171, 45.663235271993365 ], [ 12.754993330817259, 45.662681249829468 ], [ 12.75397333976384, 45.662536142585573 ], [ 12.75302621409447, 45.662798901468094 ], [ 12.751916580071034, 45.663777816899653 ], [ 12.750983952667916, 45.664791497229956 ], [ 12.750786807532684, 45.665256676704871 ], [ 12.750857164904472, 45.665727103589376 ], [ 12.751071329375474, 45.665950221754173 ], [ 12.751421555306381, 45.66611350880202 ], [ 12.751859877650226, 45.666309812354768 ], [ 12.753672106274662, 45.666720693415414 ], [ 12.754196908790433, 45.666981291216231 ], [ 12.754405979842035, 45.667329416512295 ], [ 12.754351400109764, 45.667578473851236 ], [ 12.754065188222221, 45.668041909133052 ], [ 12.753368042920153, 45.668747492057676 ], [ 12.751947544327926, 45.669689017288718 ], [ 12.750440271845736, 45.670566228595973 ], [ 12.749022149250802, 45.671283510620718 ], [ 12.748295725447317, 45.671579482404866 ], [ 12.747790726748551, 45.671821010321665 ], [ 12.747424317491586, 45.672017298936474 ], [ 12.747038740981328, 45.672261111759518 ], [ 12.746802436899168, 45.672615685850253 ], [ 12.746767658239211, 45.673057883484887 ], [ 12.746857532262952, 45.673371051813973 ], [ 12.747118615327613, 45.673675446858333 ], [ 12.747598095728518, 45.674068079869279 ], [ 12.747686047342482, 45.674135309730971 ], [ 12.748128258781318, 45.674473537692755 ], [ 12.74870876950982, 45.674904072165944 ], [ 12.749021812189921, 45.675132676289635 ], [ 12.749789824788929, 45.675730585732154 ], [ 12.751038649399797, 45.676745817792614 ], [ 12.751191576342107, 45.676897409597089 ], [ 12.751274370619148, 45.67703519508229 ], [ 12.7512501818375, 45.677195670431679 ], [ 12.751192715056501, 45.677305933458655 ], [ 12.751074124806157, 45.677402724095678 ], [ 12.750912573707382, 45.677467712817261 ], [ 12.750699179301934, 45.677500561363509 ], [ 12.750486608935651, 45.677515020116637 ], [ 12.750302140682006, 45.677492730252432 ], [ 12.749968320377834, 45.677449065711897 ], [ 12.749705770888355, 45.677388206024489 ], [ 12.749365030619982, 45.677294810871437 ], [ 12.749021654906716, 45.677196550675994 ], [ 12.748553074627202, 45.67708467088891 ], [ 12.747846625406385, 45.676948739139455 ], [ 12.747263664443544, 45.676892907822022 ], [ 12.746728430389339, 45.676826865140754 ], [ 12.746193746529004, 45.676749820499985 ], [ 12.745450980022001, 45.676735141395881 ], [ 12.744655266776602, 45.676852441543488 ], [ 12.744173515070251, 45.677031532461442 ], [ 12.743860335755951, 45.677346857728992 ], [ 12.743588807369553, 45.677807173839504 ], [ 12.743433101256837, 45.678136773310314 ], [ 12.743330412840013, 45.678733496765183 ], [ 12.743368896818156, 45.678956002144474 ], [ 12.743491107708692, 45.6794574056591 ], [ 12.743602333437355, 45.679836574126611 ], [ 12.743835546564959, 45.6803291143857 ], [ 12.744248884754294, 45.68106903476987 ], [ 12.74447770025701, 45.681672431815819 ], [ 12.744570503729195, 45.682117822063034 ], [ 12.744240526669875, 45.682455032135962 ], [ 12.743643588835061, 45.682742583694562 ], [ 12.742717515634274, 45.682957128935385 ], [ 12.741762012346255, 45.683115654685636 ], [ 12.740664573048836, 45.683260283620037 ], [ 12.739821855344946, 45.683365589098081 ], [ 12.738995365413048, 45.683460095253331 ], [ 12.738259246811557, 45.683473234712515 ], [ 12.737523127563035, 45.683486369429559 ], [ 12.735867728327426, 45.683342560092669 ], [ 12.734540473664628, 45.683305181023918 ], [ 12.733388737743189, 45.68322684898618 ], [ 12.731924960721464, 45.683042597725631 ], [ 12.730713701194423, 45.682874374121198 ], [ 12.72950315650087, 45.682683971509327 ], [ 12.728482960537816, 45.682486255751606 ], [ 12.727854725484338, 45.682373927234394 ], [ 12.727412681172316, 45.682354074989547 ], [ 12.72705985982166, 45.68246902363768 ], [ 12.726621894414704, 45.682715288181754 ], [ 12.726210499679738, 45.683106321372755 ], [ 12.725860683544752, 45.683542868100488 ], [ 12.72542178662321, 45.684221662091858 ], [ 12.725125230222632, 45.684903278088164 ], [ 12.724801044476623, 45.685872660803064 ], [ 12.724699573901571, 45.686425131411433 ], [ 12.724594912555011, 45.686861006603941 ], [ 12.724490249787932, 45.687296881724663 ], [ 12.724372958179382, 45.687849058300351 ], [ 12.724293009872476, 45.688257798198428 ], [ 12.723913612371296, 45.688638327167034 ], [ 12.723113219954262, 45.688866252570072 ], [ 12.721793867586872, 45.689017400116661 ], [ 12.720210319412207, 45.68905239149224 ], [ 12.719121199606613, 45.688986275048343 ], [ 12.718601398278873, 45.68893147842104 ], [ 12.718239945546518, 45.688868818900588 ], [ 12.717780998401924, 45.688482594707615 ], [ 12.717532156223829, 45.687989700880074 ], [ 12.717504927407987, 45.687490126213468 ], [ 12.717953794210175, 45.686179610198728 ], [ 12.718387298256282, 45.68524565944864 ], [ 12.718712505250958, 45.684642337192351 ], [ 12.718873260591005, 45.684190912366581 ], [ 12.718740508029304, 45.683955269468555 ], [ 12.718369554986721, 45.683737290724352 ], [ 12.717925550610728, 45.68376157095652 ], [ 12.717431454398733, 45.683851569464998 ], [ 12.716724740842386, 45.684114652630349 ], [ 12.715543691158249, 45.684756373935976 ], [ 12.713981895339941, 45.685811746784303 ], [ 12.713563127483949, 45.686380025832392 ], [ 12.713327315930316, 45.687118230834891 ], [ 12.713331821663102, 45.687395588463069 ], [ 12.713410547177443, 45.688184493998712 ], [ 12.713598477474452, 45.689008819946167 ], [ 12.713724371635506, 45.68941049237872 ], [ 12.713895288769049, 45.689912051660208 ], [ 12.713956699222667, 45.69004218901685 ], [ 12.714040750878372, 45.690442252685727 ], [ 12.71422029241452, 45.690961442905788 ], [ 12.714284575219546, 45.691431368411742 ], [ 12.714120515025526, 45.691767859756155 ], [ 12.71380077236862, 45.692230123123792 ], [ 12.713358269112844, 45.692830497380406 ], [ 12.712784166834707, 45.693381415585684 ], [ 12.712376420865617, 45.693537350476092 ], [ 12.711806935958178, 45.693561008737575 ], [ 12.71144228696542, 45.693483399750406 ], [ 12.711037154584627, 45.693170737287666 ], [ 12.710371380310514, 45.692688687621839 ], [ 12.709573262276233, 45.692168811705251 ], [ 12.708679433935359, 45.691541597626845 ], [ 12.707764071012528, 45.691031190585157 ], [ 12.706498257161206, 45.690501827368045 ], [ 12.705460676085099, 45.690117877050795 ], [ 12.704489468942043, 45.690156884589911 ], [ 12.703975407084226, 45.690462869187371 ], [ 12.7037576905477, 45.690880387093415 ], [ 12.703610925612937, 45.691603889378932 ], [ 12.703681502586877, 45.692331678067774 ], [ 12.703766505573283, 45.692708315372606 ], [ 12.704224453830449, 45.693772051312081 ], [ 12.704785047899144, 45.695189346184684 ], [ 12.705046971680888, 45.695733598951577 ], [ 12.70565826505149, 45.696730151735409 ], [ 12.706483504156507, 45.697812912814975 ], [ 12.706770718019092, 45.698146794370707 ], [ 12.708025323069657, 45.699138725138667 ], [ 12.708095668743207, 45.699250572954085 ], [ 12.708492850214599, 45.699603739073723 ], [ 12.709426026875665, 45.700384764004404 ], [ 12.710079612519959, 45.701069379943334 ], [ 12.710180480518231, 45.701246302045568 ], [ 12.710252005495038, 45.701474764393446 ], [ 12.710224966440625, 45.701644504225513 ], [ 12.710065985854017, 45.701901344423469 ], [ 12.709741733664663, 45.702069856581851 ], [ 12.709268217154557, 45.702263742831214 ], [ 12.708589427549434, 45.702523796514171 ], [ 12.707850030071844, 45.702778524799562 ], [ 12.707362397542713, 45.703015526995841 ], [ 12.70719586929863, 45.703096456925046 ], [ 12.706727005314249, 45.703337617157885 ], [ 12.705521562576816, 45.703932859066178 ], [ 12.705095173873412, 45.704126907542417 ], [ 12.704171245688254, 45.704604800167004 ], [ 12.703234755300807, 45.705054199450757 ], [ 12.70234118638542, 45.705447651659966 ], [ 12.701752668927737, 45.705643977811647 ], [ 12.701089823632161, 45.705843161954334 ], [ 12.699942268495031, 45.706174805008935 ], [ 12.699383843810573, 45.706295974066514 ], [ 12.697914772442893, 45.706729831456535 ], [ 12.697066850382281, 45.706996377527297 ], [ 12.69640321204912, 45.707215182358134 ], [ 12.695889686193288, 45.70739401684029 ], [ 12.694078640371558, 45.708099842525861 ], [ 12.69354968204226, 45.70832543162274 ], [ 12.692562882830455, 45.708764219714176 ], [ 12.691539248373797, 45.709281780294063 ], [ 12.690829564878433, 45.709629227506383 ], [ 12.689652375862456, 45.710267851868238 ], [ 12.688790402102333, 45.710796451899697 ], [ 12.687736131532773, 45.711444944098247 ], [ 12.687337187898587, 45.711712207599021 ], [ 12.686869982898195, 45.71202191018854 ], [ 12.686662206223312, 45.71213483639167 ], [ 12.686599134287771, 45.712170178225634 ], [ 12.686273147391722, 45.71231428623765 ], [ 12.685809758947451, 45.712609909462081 ], [ 12.685364256379527, 45.712958109675455 ], [ 12.685216326293784, 45.713213734800291 ], [ 12.685146350744519, 45.713445158779123 ], [ 12.685076417170841, 45.713713156904198 ], [ 12.685026926770185, 45.71405520454951 ], [ 12.68504219580257, 45.714429863980264 ], [ 12.684927990042693, 45.715134928767228 ], [ 12.684903789841933, 45.71531473879574 ], [ 12.684744254740092, 45.715714951041114 ], [ 12.684520783996705, 45.716212546060525 ], [ 12.684238353257879, 45.71663587199459 ], [ 12.68378075159883, 45.717087854150826 ], [ 12.682895488897163, 45.717667432503134 ], [ 12.682487648422601, 45.717836313323609 ], [ 12.682013631929056, 45.718017523054314 ], [ 12.681651752047586, 45.718126809648687 ], [ 12.68095566986594, 45.718203169413009 ], [ 12.68034215513903, 45.718234937773175 ], [ 12.679693333264245, 45.718249873991482 ], [ 12.679067750385723, 45.718228122338473 ], [ 12.678757479681508, 45.718133459942457 ], [ 12.678471250815946, 45.717950604750769 ], [ 12.678389111475708, 45.717812940968301 ], [ 12.678190399761494, 45.717479901143406 ], [ 12.678097766216521, 45.717252140333109 ], [ 12.677895397228129, 45.716754562500931 ], [ 12.677813093350849, 45.716329750913296 ], [ 12.677714796481785, 45.715822381523409 ], [ 12.67765956368304, 45.715657391351513 ], [ 12.67744811888427, 45.715025758053223 ], [ 12.677364556245671, 45.714776133165209 ], [ 12.677283220220572, 45.714607734944238 ], [ 12.677121214214949, 45.714272314059627 ], [ 12.676905919972921, 45.713894765977948 ], [ 12.676629917990862, 45.713718507395647 ], [ 12.676282844785245, 45.713628067985944 ], [ 12.675921218690805, 45.713705426380628 ], [ 12.675662094592576, 45.713813244632426 ], [ 12.675423180967469, 45.713912652689572 ], [ 12.674930493390866, 45.714203414512546 ], [ 12.67445756347349, 45.714496973783532 ], [ 12.674250348639077, 45.714625595595457 ], [ 12.674081762232587, 45.714740898976217 ], [ 12.673654548060536, 45.71503308567587 ], [ 12.673094383164512, 45.715429614306558 ], [ 12.672911960279212, 45.715577441342845 ], [ 12.67239190989709, 45.715998860309455 ], [ 12.672190060249706, 45.716162425392483 ], [ 12.671776005761769, 45.716485246925593 ], [ 12.671625293366837, 45.716602750021693 ], [ 12.671347141218876, 45.716750316488202 ], [ 12.671198191592298, 45.716870508000476 ], [ 12.67091760177148, 45.717155036022241 ], [ 12.670823447623642, 45.717283837113136 ], [ 12.67082706255915, 45.717469384334294 ], [ 12.670932025565625, 45.717689882555597 ], [ 12.671092860409065, 45.717810723160888 ], [ 12.671320237827413, 45.717986129313744 ], [ 12.671662950223553, 45.718221079196454 ], [ 12.671982885200777, 45.718483266741522 ], [ 12.672124015109512, 45.718584039338126 ], [ 12.672589009332388, 45.718953599767588 ], [ 12.672884244270325, 45.719268895770497 ], [ 12.673024280944054, 45.719418446291591 ], [ 12.673356696384101, 45.719823594909123 ], [ 12.673409284260053, 45.719979222447797 ], [ 12.673468323548791, 45.72015394100697 ], [ 12.673474137916291, 45.720414703064307 ], [ 12.673413940747931, 45.720558939744507 ], [ 12.673282696167446, 45.720752187331037 ], [ 12.672929516543078, 45.720990383325216 ], [ 12.672496610083206, 45.721284649275461 ], [ 12.672089194254795, 45.721591229299705 ], [ 12.671708547736305, 45.721914913892789 ], [ 12.671505502200292, 45.722182858107374 ], [ 12.671323274181683, 45.722421849070116 ], [ 12.671150246756181, 45.722789325026639 ], [ 12.671122455890306, 45.722926069232969 ], [ 12.671095972449763, 45.723395974552126 ], [ 12.67114541876904, 45.723687720850293 ], [ 12.671213712165867, 45.723906049753758 ], [ 12.671334857008446, 45.724136629791758 ], [ 12.67146289796314, 45.72445861866408 ], [ 12.671632995066902, 45.72495936546413 ], [ 12.671708729909879, 45.725277366429786 ], [ 12.671740848816214, 45.725466702051492 ], [ 12.67177141659079, 45.725871713585029 ], [ 12.671839462303787, 45.726431776743986 ], [ 12.671906633572792, 45.726759744314933 ], [ 12.672171426215849, 45.727667561429051 ], [ 12.67228873304621, 45.727980803508743 ], [ 12.672403294557991, 45.728246334980689 ], [ 12.67253685843021, 45.72855590666444 ], [ 12.672679509540441, 45.728918108618039 ], [ 12.672806242658991, 45.729176770465507 ], [ 12.672938014208658, 45.729371182423925 ], [ 12.673096686167233, 45.729558337548717 ], [ 12.673255505249143, 45.729765987437723 ], [ 12.673527172234122, 45.730121177364687 ], [ 12.673830801966409, 45.730566405592576 ], [ 12.67393190246835, 45.730731694714848 ], [ 12.674033003592802, 45.730896983725366 ], [ 12.674138344922724, 45.731069203795208 ], [ 12.674336226434693, 45.731434485787844 ], [ 12.67453663490741, 45.731838210589792 ], [ 12.674627248854689, 45.732104424237519 ], [ 12.674679425422008, 45.732307999580804 ], [ 12.674738016050382, 45.732536598400088 ], [ 12.674777782067414, 45.733003192820433 ], [ 12.674776079298283, 45.733394163652427 ], [ 12.674714395079143, 45.733670322410376 ], [ 12.674659196047363, 45.733832142021932 ], [ 12.67460132901741, 45.734001782105452 ], [ 12.674499897941999, 45.73429317233623 ], [ 12.674351758732728, 45.734630801780611 ], [ 12.674180611298169, 45.734999775467308 ], [ 12.674054843709563, 45.735178985620074 ], [ 12.67395932708855, 45.735313593387808 ], [ 12.673427423535337, 45.736119730325285 ], [ 12.673019221777009, 45.73654612102478 ], [ 12.672752087989316, 45.736776317498837 ], [ 12.672514199553007, 45.736857412478066 ], [ 12.672046291447858, 45.736968782320282 ], [ 12.671368519730867, 45.737122006838938 ], [ 12.670246692490524, 45.737368270373253 ], [ 12.669557033524018, 45.737530507442429 ], [ 12.668781042689059, 45.737713158156765 ], [ 12.668398159741974, 45.737845829671834 ], [ 12.66777830164907, 45.738060610675625 ], [ 12.667266389008816, 45.738267178949151 ], [ 12.66704732265565, 45.738355576006953 ], [ 12.666688568164769, 45.738520445816029 ], [ 12.666063875737478, 45.738807525590886 ], [ 12.665897362671862, 45.738881168069234 ], [ 12.665585659241396, 45.739019021643792 ], [ 12.66554242200429, 45.739035982399031 ], [ 12.665184838211953, 45.739211107762756 ], [ 12.664822346912468, 45.739403581617665 ], [ 12.664650493368143, 45.739503881986096 ], [ 12.664467049438985, 45.739707886364137 ], [ 12.664382675099542, 45.739826889495177 ], [ 12.664329986021075, 45.740056758115969 ], [ 12.664333310941673, 45.740209579179933 ], [ 12.663951038610184, 45.740802938978653 ], [ 12.663134415678233, 45.741317370437805 ], [ 12.66217112101593, 45.741669796414676 ], [ 12.661325693719276, 45.741744556721926 ], [ 12.66044491520354, 45.741764916430284 ], [ 12.660147028113089, 45.741655052503639 ], [ 12.66001828239679, 45.741607569332345 ], [ 12.659584976813886, 45.741447758645691 ], [ 12.659210149719469, 45.741349820041378 ], [ 12.658890629250147, 45.741266331247147 ], [ 12.658139443598873, 45.741157289973415 ], [ 12.657432872213356, 45.741132863782852 ], [ 12.656745642921551, 45.741239138643351 ], [ 12.656149353538726, 45.741360047637208 ], [ 12.655449760585908, 45.741613607874918 ], [ 12.655256175312884, 45.741699764684348 ], [ 12.654558204457302, 45.742010397847608 ], [ 12.654385629581682, 45.742109895651815 ], [ 12.654085896563851, 45.742321297723606 ], [ 12.653777169510876, 45.74256233039214 ], [ 12.652892855537464, 45.743208730191178 ], [ 12.652031404389094, 45.743838397735956 ], [ 12.650693526485911, 45.744883431357579 ], [ 12.650083782360417, 45.745359692674079 ], [ 12.649223569249491, 45.74597038279812 ], [ 12.64883616996158, 45.74626128230576 ], [ 12.648381585417065, 45.746602626075394 ], [ 12.647289306609514, 45.747338004418651 ], [ 12.646727303586259, 45.747719878165093 ], [ 12.646324074146111, 45.747976297477479 ], [ 12.645334416718391, 45.748710466621333 ], [ 12.644747449540139, 45.749360319985961 ], [ 12.644882589834149, 45.74986803114691 ], [ 12.645448979966867, 45.750207166975294 ], [ 12.646389573970206, 45.750546250633498 ], [ 12.647313205211521, 45.750885868703776 ], [ 12.648143538615443, 45.751361721213961 ], [ 12.648354356017206, 45.751983809624015 ], [ 12.648173226634244, 45.752596889058772 ], [ 12.647438909935625, 45.753334820058946 ], [ 12.646588850137293, 45.754124075480597 ], [ 12.64575116257839, 45.755103450988031 ], [ 12.644975925822537, 45.755997472100141 ], [ 12.644331393362055, 45.75691294189874 ], [ 12.644142180479369, 45.757560182463621 ], [ 12.64417864431906, 45.758380643050302 ], [ 12.644296183004567, 45.759400943709039 ], [ 12.644490220210777, 45.760811751990495 ], [ 12.644630106406462, 45.761652724258269 ], [ 12.644669705997062, 45.762459747607551 ], [ 12.644582603820814, 45.763011708308227 ], [ 12.643891234234083, 45.763367200355205 ], [ 12.642927436577622, 45.763719477857173 ], [ 12.641870220922067, 45.763943744984608 ], [ 12.640921006465684, 45.763997850002127 ], [ 12.63988225742748, 45.763983357425559 ], [ 12.639161447780966, 45.763887270879557 ], [ 12.638182878203434, 45.763751767610316 ], [ 12.637290748614545, 45.76363731594796 ], [ 12.636455711654293, 45.763354331541336 ], [ 12.635513406873507, 45.762991405281262 ], [ 12.634768664491002, 45.76252691779478 ], [ 12.633985344858417, 45.761992208340452 ], [ 12.633226727639645, 45.761313815783552 ], [ 12.632532185845312, 45.760835807713718 ], [ 12.631717273173788, 45.760337811120571 ], [ 12.630956392442561, 45.759885719881332 ], [ 12.630380723432326, 45.759665883476565 ], [ 12.629725570919073, 45.759793892868345 ], [ 12.628958503002535, 45.760556560452571 ], [ 12.628480370528871, 45.761139150315316 ], [ 12.627656607383082, 45.761729176842529 ], [ 12.626684999647463, 45.762224456186537 ], [ 12.62569947942575, 45.762767799604468 ], [ 12.624632874989979, 45.763635215024387 ], [ 12.62397448950075, 45.764501564710386 ], [ 12.623530644343738, 45.765265837555226 ], [ 12.622988765398791, 45.766092759022094 ], [ 12.622724340138703, 45.766629863228189 ], [ 12.622344996064657, 45.766922912151323 ], [ 12.621811712057456, 45.766832670566707 ], [ 12.620991367459668, 45.766513383761144 ], [ 12.620030582619645, 45.766127100717462 ], [ 12.619308284162019, 45.76574515351659 ], [ 12.618467913399265, 45.765378853325359 ], [ 12.617419903802041, 45.765221558254403 ], [ 12.61653854662195, 45.765273308756569 ], [ 12.615745788138259, 45.765905717118827 ], [ 12.615308037283318, 45.766503058241284 ], [ 12.615136496213006, 45.767270578346853 ], [ 12.615053692138472, 45.768094825009975 ], [ 12.615117556509963, 45.768819164591136 ], [ 12.615294902999521, 45.769456555836427 ], [ 12.615672874535475, 45.770301926821794 ], [ 12.61612493159703, 45.771240209553298 ], [ 12.6166842731404, 45.772258443380103 ], [ 12.61698436380313, 45.772951479522504 ], [ 12.617316117339048, 45.773607788434099 ], [ 12.617799173666947, 45.77423548457994 ], [ 12.618609457291571, 45.775186215019957 ], [ 12.61932485292601, 45.77598515064107 ], [ 12.620217790512301, 45.776897525325374 ], [ 12.62092784135112, 45.77761326732417 ], [ 12.621679578612358, 45.778446757647679 ], [ 12.6224490921384, 45.779291586268016 ], [ 12.622877455845201, 45.779861458907249 ], [ 12.623141390567161, 45.780519903577591 ], [ 12.62310200017127, 45.780699767796655 ], [ 12.623062609556289, 45.780879632005188 ], [ 12.622675813087669, 45.781213416111143 ], [ 12.621756357337512, 45.781468844684333 ], [ 12.620627697683911, 45.781647550478048 ], [ 12.61883820365002, 45.781871018223924 ], [ 12.617280255850092, 45.782253824487405 ], [ 12.616154578757381, 45.782741988096952 ], [ 12.61492082439611, 45.783138303602399 ], [ 12.614441283160041, 45.783617888181524 ], [ 12.614517609594833, 45.784008420368146 ], [ 12.615000029694967, 45.784362273942584 ], [ 12.615808241658339, 45.784753433530305 ], [ 12.61660794305873, 45.785275840317077 ], [ 12.617025468976637, 45.785941338583349 ], [ 12.617375833912705, 45.786620871778567 ], [ 12.617770184477081, 45.787453807756577 ], [ 12.618062684096087, 45.788028005130272 ], [ 12.618426982553705, 45.788659462980434 ], [ 12.618892435734313, 45.789275804321974 ], [ 12.619597332962936, 45.789384431752033 ], [ 12.620352460396225, 45.789217587381785 ], [ 12.621516854596729, 45.7885376330673 ], [ 12.622217216906229, 45.787789043606125 ], [ 12.622608002635978, 45.786728773259547 ], [ 12.623073650846173, 45.785773292771438 ], [ 12.623580190732886, 45.784923679937485 ], [ 12.623900634401608, 45.784353848661119 ], [ 12.624485880548765, 45.783668438185579 ], [ 12.625280318486086, 45.78305973218206 ], [ 12.626192840028803, 45.782697327395347 ], [ 12.626898447379912, 45.782555827980374 ], [ 12.627583972742647, 45.782629298868592 ], [ 12.628158330401622, 45.782825375815698 ], [ 12.628726700305704, 45.783335119456552 ], [ 12.62873213705924, 45.783573293038167 ], [ 12.62876607539814, 45.783786797665059 ], [ 12.628627463932705, 45.784120641808556 ], [ 12.628073507014598, 45.785000280502686 ], [ 12.627545514689416, 45.785661896978077 ], [ 12.626745510417297, 45.786453939523753 ], [ 12.626773592267481, 45.787350086265214 ], [ 12.627000810668989, 45.788225952375377 ], [ 12.626936908952802, 45.78878532490095 ], [ 12.626906855448718, 45.789711402164663 ], [ 12.626999541614236, 45.790058865002635 ], [ 12.627250400611802, 45.790373307222225 ], [ 12.627688564155156, 45.790639670161184 ], [ 12.629252047571345, 45.791112015332267 ], [ 12.631106305087505, 45.791585708434923 ], [ 12.632031957950067, 45.791647341321188 ], [ 12.633169050225639, 45.791569110562754 ], [ 12.633863959539022, 45.791624123001945 ], [ 12.634359726513216, 45.791699425126026 ], [ 12.634795074477781, 45.791923815777906 ], [ 12.634945176009422, 45.79222740874313 ], [ 12.634947911982968, 45.79257782024505 ], [ 12.634709117042497, 45.792912162290676 ], [ 12.634296515100662, 45.793345829518742 ], [ 12.633485278717652, 45.793967347669771 ], [ 12.6330831313497, 45.794407698320391 ], [ 12.632993235467051, 45.794718934155227 ], [ 12.632919438739867, 45.795277634651349 ], [ 12.632806768345151, 45.795701657638688 ], [ 12.632721393354547, 45.796699524691277 ], [ 12.632505693231755, 45.79763853313279 ], [ 12.632313683429564, 45.798383985891967 ], [ 12.631999239202749, 45.798786437019388 ], [ 12.63168047493226, 45.798968230563801 ], [ 12.63150555399735, 45.799021052257899 ], [ 12.630124211446059, 45.799103525584606 ], [ 12.629253125711124, 45.799103238563283 ], [ 12.62804555741897, 45.799085559718876 ], [ 12.626448749947837, 45.799062415970177 ], [ 12.625053539323861, 45.799010703734425 ], [ 12.624019203476008, 45.798995310066772 ], [ 12.62400864390284, 45.79899519535239 ], [ 12.622739691339628, 45.798921893267554 ], [ 12.621713849146607, 45.798662462405652 ], [ 12.621440807483488, 45.798565635882881 ], [ 12.621233040957739, 45.798401840323123 ], [ 12.621058900045515, 45.798220775660191 ], [ 12.620996264807935, 45.797971275620647 ], [ 12.620994697884905, 45.797768533181909 ], [ 12.621111071513925, 45.7972374729463 ], [ 12.621156415083947, 45.796327474760524 ], [ 12.621143290769009, 45.796125099019982 ], [ 12.620920832742112, 45.795734584175158 ], [ 12.620481040878717, 45.795391648583539 ], [ 12.620182276995271, 45.795255040642921 ], [ 12.619747205241172, 45.795163440020175 ], [ 12.61851051718452, 45.795048473064966 ], [ 12.617517677417879, 45.795299033917907 ], [ 12.616910650532152, 45.795594064924636 ], [ 12.616714297004403, 45.795786878422433 ], [ 12.616604865275052, 45.796066136680146 ], [ 12.616843047481824, 45.796521058634667 ], [ 12.616970513212539, 45.796963197469644 ], [ 12.617253569880504, 45.797842532733497 ], [ 12.617040877735739, 45.798498335076005 ], [ 12.61696794965048, 45.798804789691367 ], [ 12.616997745537043, 45.798994576114644 ], [ 12.61702782472109, 45.799141058828411 ], [ 12.617026155246846, 45.799141111742522 ], [ 12.61704336007093, 45.799245787902088 ], [ 12.616895726220427, 45.799374410599597 ], [ 12.616425767217562, 45.79966446444346 ], [ 12.615578122427447, 45.800147492619239 ], [ 12.615081933227657, 45.800366544081655 ], [ 12.614265093601993, 45.800779099000351 ], [ 12.613375862886503, 45.801278279318637 ], [ 12.612740124694145, 45.801628112679751 ], [ 12.612516208348939, 45.802002080884741 ], [ 12.612347819919298, 45.802468531196581 ], [ 12.612278420300921, 45.802929417696831 ], [ 12.612248613109513, 45.803674021807723 ], [ 12.612211127345702, 45.804299966020444 ], [ 12.612197581836369, 45.804637571281454 ], [ 12.612083618993386, 45.804849370964398 ], [ 12.611706434061704, 45.805044748635517 ], [ 12.611371976333359, 45.805134721689768 ], [ 12.61091108346255, 45.805134364174428 ], [ 12.610104663836882, 45.805050875550329 ], [ 12.608668988388798, 45.804781428663937 ], [ 12.607986331383451, 45.804639375516004 ], [ 12.607619165781216, 45.804551882310335 ], [ 12.606988869366146, 45.804343720970628 ], [ 12.606617575987766, 45.804082726225879 ], [ 12.606650210943755, 45.803818956424806 ], [ 12.606911403500099, 45.80336191290094 ], [ 12.607109000063934, 45.803127672802482 ], [ 12.60748736109983, 45.802619849313146 ], [ 12.607755353954017, 45.802051156728183 ], [ 12.607945450365586, 45.801581506681437 ], [ 12.608302242958754, 45.800742226206104 ], [ 12.608574877608302, 45.800024598618087 ], [ 12.608702731955496, 45.799480136961499 ], [ 12.608706749598152, 45.799142113178128 ], [ 12.608708804354601, 45.799142048202668 ], [ 12.608695593511417, 45.799094940786794 ], [ 12.608649935044115, 45.798926086062721 ], [ 12.608198253480039, 45.798125599360866 ], [ 12.607661965289209, 45.797449388750593 ], [ 12.607412201547509, 45.797351882740557 ], [ 12.606948720895941, 45.797354291387421 ], [ 12.606354263617368, 45.797482530507331 ], [ 12.605833169509383, 45.797758494827185 ], [ 12.605450205456272, 45.798111101642348 ], [ 12.604948425485993, 45.798686364272527 ], [ 12.604625658623913, 45.799142378115477 ], [ 12.604631577673876, 45.799142371175179 ], [ 12.604474480372465, 45.799437794708886 ], [ 12.60426860369024, 45.799870673371892 ], [ 12.603968050052833, 45.800375939128834 ], [ 12.603637673237079, 45.800748211277224 ], [ 12.603425475664153, 45.8008640035452 ], [ 12.603198384061365, 45.800970364599124 ], [ 12.602986859869276, 45.800986944034001 ], [ 12.60275373571317, 45.800890162621286 ], [ 12.602571823262286, 45.800707514961054 ], [ 12.602368766228174, 45.800416532648924 ], [ 12.602032049488487, 45.800030488020617 ], [ 12.601740278856649, 45.79968280818067 ], [ 12.601278702985404, 45.799142464717939 ], [ 12.601281790939225, 45.799142457282059 ], [ 12.601032160169694, 45.79880154668534 ], [ 12.600348468889919, 45.798155065675111 ], [ 12.599827508813989, 45.797729101977367 ], [ 12.599282534297767, 45.797341697395971 ], [ 12.598684745095991, 45.797123013823345 ], [ 12.59783547285598, 45.79678975246582 ], [ 12.597295154514692, 45.796572130044126 ], [ 12.597080060330875, 45.796537055444325 ], [ 12.596811032941837, 45.796489728776507 ], [ 12.596508173101871, 45.796536447805643 ], [ 12.596233092825155, 45.79660092265317 ], [ 12.59607983598706, 45.796698822156699 ], [ 12.596086020867514, 45.796692956648272 ], [ 12.596015468386362, 45.796732353853642 ], [ 12.595733355489825, 45.797411005740273 ], [ 12.595329808197258, 45.798270261824406 ], [ 12.594891559946531, 45.799106396860147 ], [ 12.594867237541095, 45.799142356839269 ], [ 12.594865824874519, 45.799142401338749 ], [ 12.594834339160098, 45.799209010252142 ], [ 12.594762500065373, 45.799440347972237 ], [ 12.594566896769852, 45.799844082233086 ], [ 12.594172975489677, 45.800159731973906 ], [ 12.593787495499361, 45.800306706297533 ], [ 12.593417246564806, 45.800392443152241 ], [ 12.593118299544301, 45.800388354416164 ], [ 12.592520973206879, 45.800386997457174 ], [ 12.592028341432728, 45.800368750642399 ], [ 12.591650319006968, 45.800481729335097 ], [ 12.59101008784852, 45.800713669799912 ], [ 12.590445295522041, 45.800920100761239 ], [ 12.590083384904476, 45.801133648241894 ], [ 12.58982302872913, 45.801431579566184 ], [ 12.58963528845435, 45.801808144950364 ], [ 12.589502741147463, 45.802142469660438 ], [ 12.589491141893905, 45.802412413556141 ], [ 12.589618580461732, 45.802597065494325 ], [ 12.589757504442483, 45.80266011294416 ], [ 12.590017340399237, 45.802654189661752 ], [ 12.590497326711821, 45.802625587965494 ], [ 12.591291818134192, 45.80254667321492 ], [ 12.592260862604398, 45.802482510766851 ], [ 12.59296934762169, 45.802413042247302 ], [ 12.594909942967758, 45.802475692195209 ], [ 12.595221998552352, 45.802533279102335 ], [ 12.595294057953321, 45.802605086963915 ], [ 12.595296446484806, 45.802941918080812 ], [ 12.595097272134739, 45.803440185774626 ], [ 12.59497371983035, 45.803915728739639 ], [ 12.595027525773373, 45.804601347851971 ], [ 12.595026582496395, 45.804884458060059 ], [ 12.595226541851808, 45.805147647876026 ], [ 12.595531577845261, 45.805245869436646 ], [ 12.596153959303686, 45.805185844641379 ], [ 12.597186845968869, 45.804917466780665 ], [ 12.597725046295174, 45.804745504435282 ], [ 12.598475179222069, 45.804425361841069 ], [ 12.599162769823975, 45.80418126474386 ], [ 12.599517666421068, 45.804156570030464 ], [ 12.600117493119219, 45.804196065593651 ], [ 12.600627806581782, 45.804489869390601 ], [ 12.600775420970523, 45.804687373760963 ], [ 12.600957143982889, 45.804964720420422 ], [ 12.600964425686133, 45.805227228996735 ], [ 12.600709014305407, 45.80559919712821 ], [ 12.600401658313293, 45.805912136927851 ], [ 12.600297037482431, 45.8060839356922 ], [ 12.600301715129566, 45.806306112073429 ], [ 12.600388627818489, 45.806458366825943 ], [ 12.601311292636183, 45.806422503557378 ], [ 12.601896579679085, 45.80638387013596 ], [ 12.602696298925112, 45.806383379357904 ], [ 12.603158263159719, 45.806523791425789 ], [ 12.603862194355715, 45.806831719650262 ], [ 12.604281208385107, 45.807054312197799 ], [ 12.604507519451504, 45.807276329129884 ], [ 12.604569578111388, 45.807489942229004 ], [ 12.60449647180719, 45.80770116379388 ], [ 12.604264716412441, 45.807843317995271 ], [ 12.603867834219677, 45.807963593485404 ], [ 12.603265921655272, 45.808191512256329 ], [ 12.602743852044449, 45.808464072349722 ], [ 12.60225870110677, 45.808860038094167 ], [ 12.60193779655612, 45.809112743056104 ], [ 12.601490831345517, 45.809504259903179 ], [ 12.601080784056274, 45.809867607145137 ], [ 12.600485647139157, 45.810203038870597 ], [ 12.600195672504217, 45.810488516655468 ], [ 12.600007107397442, 45.810851623424639 ], [ 12.599978678346494, 45.811007516836689 ], [ 12.600014164209332, 45.811258334440879 ], [ 12.600318013877802, 45.811936062697384 ], [ 12.60063862602674, 45.812424601042515 ], [ 12.601027423871681, 45.812924488402665 ], [ 12.601411522141767, 45.813501030912334 ], [ 12.601533428502016, 45.8137465104762 ], [ 12.601736324916107, 45.81435334278261 ], [ 12.601825126336349, 45.815280429525906 ], [ 12.601902339167966, 45.815581234975838 ], [ 12.601864441584619, 45.815739947896063 ], [ 12.601653129527159, 45.816049859342804 ], [ 12.601269082021592, 45.816371972075522 ], [ 12.600826174094854, 45.816675688519624 ], [ 12.600576095499585, 45.816831824556296 ], [ 12.599815653266377, 45.817293800564677 ], [ 12.59944782011801, 45.817568230599477 ], [ 12.598944951893316, 45.817988412975197 ], [ 12.598447347004857, 45.818492316060961 ], [ 12.598318055129171, 45.818802965308656 ], [ 12.598294263701648, 45.819032879812198 ], [ 12.59834315600067, 45.819341871242706 ], [ 12.598552749433217, 45.819827164790908 ], [ 12.598805495072947, 45.820312807352913 ], [ 12.598887319964746, 45.82046171312259 ], [ 12.598995137993983, 45.820714210201174 ], [ 12.599013763897991, 45.820929105684613 ], [ 12.598935856675862, 45.821140294690046 ], [ 12.598809813441179, 45.821349671225228 ] ], [ [ 12.756670522946214, 45.720972881078069 ], [ 12.756109981023247, 45.721450042026476 ], [ 12.755726565502632, 45.722069955792691 ], [ 12.755441620834263, 45.72276402717182 ], [ 12.75475330545923, 45.723780972595918 ], [ 12.754201702342595, 45.724555261742374 ], [ 12.753295997410749, 45.725626981435148 ], [ 12.752690277338326, 45.726355412472508 ], [ 12.752031139736879, 45.72717490444186 ], [ 12.7514027274454, 45.727945751559211 ], [ 12.75081376837611, 45.728417606084399 ], [ 12.750341932101293, 45.72848074663775 ], [ 12.749894869495183, 45.728406132687667 ], [ 12.749215198138817, 45.728285575987314 ], [ 12.74851087778282, 45.728177732710122 ], [ 12.748036780705112, 45.72808018426003 ], [ 12.747732334782487, 45.727977061568168 ], [ 12.747453864018873, 45.727754008113202 ], [ 12.74706724256886, 45.727439244267778 ], [ 12.746738280630616, 45.727223801037582 ], [ 12.746384935798641, 45.7271520496584 ], [ 12.74538627056479, 45.726964543684467 ], [ 12.744324461398758, 45.726729687724358 ], [ 12.74339307019549, 45.726523877704011 ], [ 12.742304835171815, 45.726267837187315 ], [ 12.741294538175204, 45.726033046102607 ], [ 12.739741136166034, 45.725685063661281 ], [ 12.738721186497175, 45.725432704599058 ], [ 12.737678179364146, 45.72521681476718 ], [ 12.736735775520939, 45.724979759182546 ], [ 12.73580265436517, 45.724754299554085 ], [ 12.735164670534308, 45.724620386398762 ], [ 12.734506950800101, 45.724445438739295 ], [ 12.733919865534736, 45.724309852686233 ], [ 12.733605000817089, 45.724177263976969 ], [ 12.733107421929224, 45.723854175779351 ], [ 12.732397170787527, 45.723401104085852 ], [ 12.732151125957005, 45.723153137138645 ], [ 12.731772079119626, 45.722695181402308 ], [ 12.731489110239062, 45.722275759232005 ], [ 12.731091757456159, 45.721925569036493 ], [ 12.730655168698053, 45.721624291065304 ], [ 12.730144229178247, 45.72135521131456 ], [ 12.729584383846998, 45.721117497071958 ], [ 12.728990221080037, 45.720874947790868 ], [ 12.728378704557453, 45.720627008624994 ], [ 12.728475907402661, 45.720427355547088 ], [ 12.727165004866771, 45.720398738475154 ], [ 12.726626670848461, 45.720100768584039 ], [ 12.727100447631209, 45.720067432079055 ], [ 12.726333868154947, 45.71953280867826 ], [ 12.725710516574063, 45.719106626406877 ], [ 12.724852826512279, 45.718479706518458 ], [ 12.724173473285164, 45.717977944036839 ], [ 12.723261770528326, 45.717305144322005 ], [ 12.722452465495103, 45.716765935087146 ], [ 12.721799387369373, 45.716275208888163 ], [ 12.720748099220671, 45.715547403564287 ], [ 12.720026414574654, 45.715046996684421 ], [ 12.719170823646092, 45.714449734694497 ], [ 12.71847539822739, 45.713960369718158 ], [ 12.717770321065903, 45.713453453437531 ], [ 12.717320045669457, 45.713147475532601 ], [ 12.717492436904019, 45.712980246025431 ], [ 12.717555943542298, 45.712656669255196 ], [ 12.718181915740271, 45.71210042633794 ], [ 12.7186315668605, 45.711704726533533 ], [ 12.718837058082862, 45.711215767637825 ], [ 12.719034065813222, 45.710727084856266 ], [ 12.718869184720699, 45.710035858843355 ], [ 12.718928540768015, 45.70977790879445 ], [ 12.719439688890159, 45.709028924212063 ], [ 12.719798195774482, 45.708540929140938 ], [ 12.719849461182939, 45.708289196176402 ], [ 12.719859503365337, 45.707800653191775 ], [ 12.719772517676418, 45.707130704113894 ], [ 12.719687701243839, 45.70636542261429 ], [ 12.719653022892402, 45.706012966860911 ], [ 12.719918971255805, 45.705218430934544 ], [ 12.720036636313134, 45.704866893147184 ], [ 12.720194234072947, 45.704396045407215 ], [ 12.72036104629302, 45.70409291383654 ], [ 12.720686399602787, 45.703873919985696 ], [ 12.720977248071263, 45.703775127495675 ], [ 12.721483814545612, 45.703597852331441 ], [ 12.721940687864166, 45.703440057474417 ], [ 12.722597895695786, 45.70322809401074 ], [ 12.722868620533097, 45.703082322404242 ], [ 12.72312986712403, 45.702793966974852 ], [ 12.723199256172386, 45.7025595024895 ], [ 12.723242001819212, 45.702052030150298 ], [ 12.723353135056701, 45.701121573517661 ], [ 12.723485612963509, 45.700859263624402 ], [ 12.723820784277461, 45.700532770918876 ], [ 12.72473696259741, 45.699615741716713 ], [ 12.725439605335895, 45.698937877746836 ], [ 12.726339170695256, 45.698027331698704 ], [ 12.726991696801814, 45.697363002439282 ], [ 12.727789695695947, 45.696586747163714 ], [ 12.728309134398479, 45.696093466348913 ], [ 12.728547084931925, 45.695966613563797 ], [ 12.728759030497869, 45.695959687285573 ], [ 12.729277363622407, 45.695960608319481 ], [ 12.729975312613284, 45.695979470717631 ], [ 12.730919118196727, 45.69599028972948 ], [ 12.732000546951197, 45.696026368778206 ], [ 12.733008216800783, 45.69597554292988 ], [ 12.734254053529005, 45.69592882121578 ], [ 12.734979972509004, 45.695857429610086 ], [ 12.736055456772556, 45.695804356829029 ], [ 12.736877399490934, 45.695771485824366 ], [ 12.737157657173768, 45.695625867279929 ], [ 12.736060767406043, 45.695119489145583 ], [ 12.736131766797559, 45.692616543069995 ], [ 12.736184702452809, 45.690352342308664 ], [ 12.736312475960565, 45.687195214646721 ], [ 12.736302007306854, 45.683829019781946 ], [ 12.737685799956852, 45.68394445051532 ], [ 12.738813492451714, 45.683913456384502 ], [ 12.742256621375152, 45.683628500840769 ], [ 12.742958881635387, 45.683533431177999 ], [ 12.743243012817663, 45.68340935984353 ], [ 12.744119934535734, 45.683313041343503 ], [ 12.744762155323343, 45.683073422260804 ], [ 12.745284479152303, 45.682594910632773 ], [ 12.745346979204351, 45.682147680309114 ], [ 12.744820644525177, 45.680837514963947 ], [ 12.744598353398494, 45.679922195045975 ], [ 12.744988451205806, 45.679328892760566 ], [ 12.745225828650341, 45.679124441730231 ], [ 12.746870569588189, 45.678681920308584 ], [ 12.747652420337364, 45.678631959007454 ], [ 12.749297307741632, 45.678537446576172 ], [ 12.750336949460456, 45.678543748415784 ], [ 12.750787911038245, 45.678553206598586 ], [ 12.751132823671, 45.678185724060647 ], [ 12.7514165370699, 45.678111642569348 ], [ 12.754363845540087, 45.679706376343233 ], [ 12.755109996029203, 45.679123323845346 ], [ 12.760841608948466, 45.682285520401066 ], [ 12.765791480774745, 45.684947734797639 ], [ 12.766303406445319, 45.685206290207411 ], [ 12.768575996898614, 45.685905250585904 ], [ 12.771232778165585, 45.686758175535921 ], [ 12.775638042620637, 45.688131236584226 ], [ 12.7780619193221, 45.685885088905877 ], [ 12.780760187631856, 45.683376131199509 ], [ 12.783434384157044, 45.680926444871872 ], [ 12.786709493814135, 45.68181293816663 ], [ 12.790482629866537, 45.682858406563575 ], [ 12.792281523820154, 45.683345513396183 ], [ 12.792746382753769, 45.683365971596949 ], [ 12.794359097872643, 45.683783237158586 ], [ 12.794762375175713, 45.683875388369067 ], [ 12.794782722673546, 45.683826915560473 ], [ 12.795016218789289, 45.683271609881565 ], [ 12.795346249735402, 45.682859990920512 ], [ 12.795937547840419, 45.682407724510256 ], [ 12.801037739735214, 45.678430797356611 ], [ 12.802267953842639, 45.677632898353018 ], [ 12.803088630783822, 45.677245408767796 ], [ 12.804026426885008, 45.676801531550005 ], [ 12.805023664897641, 45.676446665665942 ], [ 12.806257439238655, 45.675927729976969 ], [ 12.806872086972316, 45.675700645928217 ], [ 12.806936722538598, 45.675676796404161 ], [ 12.807802216176505, 45.675466089875272 ], [ 12.808108509671818, 45.675391328406256 ], [ 12.80852755111594, 45.675377250582478 ], [ 12.808933757335081, 45.675421837147255 ], [ 12.80970287710535, 45.67554656593817 ], [ 12.810552157999254, 45.675768164847533 ], [ 12.811057185058912, 45.675961202490519 ], [ 12.811528403377856, 45.676212164636738 ], [ 12.811808944367765, 45.67653295382047 ], [ 12.812256725059381, 45.67712079880436 ], [ 12.812919067490794, 45.678108683168027 ], [ 12.813399438089039, 45.678682562777531 ], [ 12.814158525460147, 45.67960644836856 ], [ 12.814867603100076, 45.680470613285621 ], [ 12.815481766721851, 45.68135496018072 ], [ 12.815840316875068, 45.682109775837901 ], [ 12.81597917330356, 45.682838454522482 ], [ 12.81598726798069, 45.683168615671754 ], [ 12.81587674178167, 45.683591765630872 ], [ 12.815772056025555, 45.683861160668854 ], [ 12.815364943156487, 45.684373979375039 ], [ 12.815126758101217, 45.684582039888156 ], [ 12.814267523358863, 45.685401519581589 ], [ 12.813882568369234, 45.685885508518979 ], [ 12.81374878876969, 45.686095566564447 ], [ 12.813738219084529, 45.68636676412509 ], [ 12.813812142068155, 45.686888789302749 ], [ 12.814069986315271, 45.687788384401834 ], [ 12.814459182244484, 45.68827979634063 ], [ 12.814944841870984, 45.688707133711162 ], [ 12.815736189351414, 45.689074289292236 ], [ 12.816665097081996, 45.689399932934307 ], [ 12.817648939904798, 45.689660812829196 ], [ 12.818427457440775, 45.689822253009048 ], [ 12.819125111876698, 45.689908985021098 ], [ 12.819971674032441, 45.689932399690228 ], [ 12.820604041594589, 45.689790519448074 ], [ 12.821271250370497, 45.689583290613832 ], [ 12.823392680283421, 45.689110405011398 ], [ 12.825333521951181, 45.688707443059229 ], [ 12.826629657929704, 45.688446149084982 ], [ 12.827125335624004, 45.688345541808111 ], [ 12.827549463843011, 45.688199626775415 ], [ 12.827934853165855, 45.68802998678273 ], [ 12.829354139286121, 45.68749546720759 ], [ 12.830205754335184, 45.68752641830109 ], [ 12.832580097909286, 45.688162686198261 ], [ 12.834914124184337, 45.688729295155987 ], [ 12.838632694713565, 45.689933700679994 ], [ 12.839934572128017, 45.689947856872315 ], [ 12.84170877087185, 45.69002296413133 ], [ 12.84238266373589, 45.689992978803453 ], [ 12.842793934819465, 45.690002709632346 ], [ 12.84382987239691, 45.690047471379863 ], [ 12.842398790107382, 45.691778301895816 ], [ 12.841766522370591, 45.692469406067808 ], [ 12.841477835329442, 45.692657743322385 ], [ 12.841738499831273, 45.693175884314734 ], [ 12.842133317548456, 45.693915754231867 ], [ 12.842375522357445, 45.694907848665345 ], [ 12.842549850473421, 45.695467595634305 ], [ 12.842799533855105, 45.696134950867787 ], [ 12.842805100938403, 45.697268976840206 ], [ 12.842741882881358, 45.697833747486868 ], [ 12.842319479321919, 45.698860133127667 ], [ 12.841876971144488, 45.699474534655323 ], [ 12.841473592775275, 45.700216332394383 ], [ 12.841071147269501, 45.700604976580678 ], [ 12.840501537006775, 45.701282055645805 ], [ 12.840131507752602, 45.701895852403922 ], [ 12.839574647181248, 45.702325411838586 ], [ 12.838669925227325, 45.703010782121119 ], [ 12.838068042289398, 45.703465664418339 ], [ 12.837279056028079, 45.704008055569709 ], [ 12.836889104679722, 45.7044281691986 ], [ 12.836306793129859, 45.704921084022146 ], [ 12.835572067159701, 45.705422096905217 ], [ 12.835237370369951, 45.705808442451726 ], [ 12.83467367674883, 45.70644956967481 ], [ 12.833870773952267, 45.707134455927388 ], [ 12.833178420111883, 45.707696544891135 ], [ 12.832528243986591, 45.708688868176061 ], [ 12.832034325936904, 45.709294891829025 ], [ 12.831372444735432, 45.709930369427958 ], [ 12.829946385120591, 45.711445878558614 ], [ 12.82946508271643, 45.711926436131563 ], [ 12.828806315592425, 45.712421878184017 ], [ 12.828031243919163, 45.712897554130734 ], [ 12.826754863825464, 45.713431415815172 ], [ 12.825859888524375, 45.714077655883798 ], [ 12.824764995204363, 45.714488199864185 ], [ 12.824438702815021, 45.714610544147313 ], [ 12.823562897913474, 45.714729206542494 ], [ 12.821922878542741, 45.714796064840428 ], [ 12.82027705667047, 45.715089340536871 ], [ 12.819184839263301, 45.715399785130344 ], [ 12.818696869628926, 45.715535195973033 ], [ 12.818511555432531, 45.715684291044276 ], [ 12.818001423168109, 45.716055618159537 ], [ 12.817390536161716, 45.716445198805324 ], [ 12.816893907291917, 45.716765461279337 ], [ 12.816436636381281, 45.71703975107696 ], [ 12.816030253597301, 45.71737485250911 ], [ 12.815513080829167, 45.718079819963492 ], [ 12.815303672237127, 45.717937976407939 ], [ 12.814445859778379, 45.717386157594127 ], [ 12.813182189555285, 45.716553181524937 ], [ 12.811536931642166, 45.715482877819163 ], [ 12.809846305771689, 45.714369411323332 ], [ 12.808062064464611, 45.713190574935574 ], [ 12.806682695616029, 45.712278034203734 ], [ 12.805081900379113, 45.711232945977294 ], [ 12.803627729925646, 45.710281185832336 ], [ 12.80199999793463, 45.709213136790964 ], [ 12.800017045853503, 45.707918741630266 ], [ 12.797690431858021, 45.706379735452551 ], [ 12.796375272060418, 45.705461956934919 ], [ 12.795836291067786, 45.705105380518049 ], [ 12.790578976364278, 45.701626888211948 ], [ 12.789969289099394, 45.701218464394202 ], [ 12.789110172891895, 45.700639705372659 ], [ 12.78807932878645, 45.699971379818109 ], [ 12.787180093193253, 45.699364168913796 ], [ 12.785654698468978, 45.698355004440529 ], [ 12.784111801743238, 45.697337469192327 ], [ 12.783185936287646, 45.696703000688011 ], [ 12.782520769787448, 45.697122634398191 ], [ 12.781831734446019, 45.69761506432355 ], [ 12.781460388237456, 45.698011000408989 ], [ 12.781363869136655, 45.698203402884793 ], [ 12.781267349409596, 45.698395805294687 ], [ 12.781180255814622, 45.698745954864464 ], [ 12.781149915794931, 45.698987290220792 ], [ 12.781149659001221, 45.699147158587586 ], [ 12.780944032717617, 45.699920328189933 ], [ 12.78079809828674, 45.700692959492457 ], [ 12.780465245944566, 45.702291605768742 ], [ 12.780109596645252, 45.703701172603417 ], [ 12.780044913873221, 45.704168493169099 ], [ 12.780054178346047, 45.704324805595554 ], [ 12.780070481391107, 45.704492136213695 ], [ 12.780117612384906, 45.704638462980093 ], [ 12.780495657850741, 45.705378340083122 ], [ 12.781397140858974, 45.707049225982857 ], [ 12.781633643348096, 45.707484692087547 ], [ 12.78195797056102, 45.708029670400101 ], [ 12.782064494449909, 45.708252517247573 ], [ 12.782357503391816, 45.708813024333381 ], [ 12.782464446985676, 45.709218939445087 ], [ 12.782467022797951, 45.709348380013374 ], [ 12.782432684239485, 45.709439169451969 ], [ 12.78231854921709, 45.709603983020351 ], [ 12.782118875205562, 45.709793954790086 ], [ 12.781926212743297, 45.71000025582893 ], [ 12.781763736092707, 45.710217887520301 ], [ 12.78166175248252, 45.71046375766818 ], [ 12.781530414260253, 45.710870460318013 ], [ 12.781429712644755, 45.711083973772702 ], [ 12.781346036363587, 45.711254707683629 ], [ 12.78122402369673, 45.711424731804073 ], [ 12.781079681392407, 45.711578033645942 ], [ 12.780880517650029, 45.711735762314511 ], [ 12.779802313958564, 45.712560433783352 ], [ 12.77936547595251, 45.712912806275824 ], [ 12.77913858141158, 45.713209977435284 ], [ 12.778953037792656, 45.713621082696648 ], [ 12.778837461313644, 45.713850478333164 ], [ 12.778786313771413, 45.714006904172557 ], [ 12.778609962594215, 45.714546237281475 ], [ 12.778489780478068, 45.714861655592678 ], [ 12.778404216587663, 45.715080785686666 ], [ 12.77823384666141, 45.715303714192807 ], [ 12.777945308104831, 45.715599683786884 ], [ 12.777666058930372, 45.715858170515382 ], [ 12.777299997720331, 45.716168856660737 ], [ 12.77696926552267, 45.716367118487383 ], [ 12.776727814039541, 45.716443159466671 ], [ 12.776611948073594, 45.716457030968037 ], [ 12.776496082042852, 45.716470902353457 ], [ 12.77620485773453, 45.716449127493505 ], [ 12.775822112992975, 45.716404007430206 ], [ 12.775562771877389, 45.716355792691616 ], [ 12.77524995737663, 45.716295845075877 ], [ 12.774882952768285, 45.716240209815133 ], [ 12.774501199127556, 45.716173539888949 ], [ 12.774089370181201, 45.716118737707752 ], [ 12.774027172862446, 45.716110460955143 ], [ 12.773625486245836, 45.716079100822228 ], [ 12.773567185629842, 45.7160745491054 ], [ 12.773283124995336, 45.716063691206294 ], [ 12.773145867005079, 45.716061389571919 ], [ 12.773056069834887, 45.716079465461497 ], [ 12.772755275722702, 45.716140013782294 ], [ 12.772400404632178, 45.716207194368607 ], [ 12.772105790979138, 45.716312436596972 ], [ 12.771834135638262, 45.716390365850678 ], [ 12.771465852217876, 45.716571310752734 ], [ 12.771012746342572, 45.716784491567047 ], [ 12.770617451284133, 45.716980368185567 ], [ 12.770199891766648, 45.717150965956364 ], [ 12.769603786933564, 45.717477149520306 ], [ 12.769194400640192, 45.717649003733968 ], [ 12.768961111042556, 45.717728178981005 ], [ 12.768686564681936, 45.717728966768071 ], [ 12.768376620503373, 45.717738393928613 ], [ 12.767303849327801, 45.717689570084509 ], [ 12.76631644051413, 45.717704346456259 ], [ 12.766025578583207, 45.717785416118112 ], [ 12.765908213855321, 45.717842036383928 ], [ 12.76572246997217, 45.717949969358571 ], [ 12.765418456435905, 45.718139304666373 ], [ 12.764667636863621, 45.718660941242497 ], [ 12.763200850863619, 45.71959629685761 ], [ 12.76312081987261, 45.719633478148509 ], [ 12.762880726249191, 45.719745021703034 ], [ 12.762297564660825, 45.719947424929273 ], [ 12.760844595728503, 45.720474685983532 ], [ 12.759971684868891, 45.720791439054835 ], [ 12.759546190944926, 45.720919413827701 ], [ 12.759318008407989, 45.720983189104658 ], [ 12.759028930291144, 45.721014676025433 ], [ 12.758681919159425, 45.721063732594828 ], [ 12.75830114653729, 45.72106547431396 ], [ 12.757889047895274, 45.721079137828866 ], [ 12.757536785452359, 45.721105501084693 ], [ 12.757406210853837, 45.721076587141702 ], [ 12.756858169646659, 45.720985180339021 ], [ 12.756670522946214, 45.720972881078069 ] ] ] ] } }
]
}
